customerID,churn_probability,churn_prediction,model_version,scored_at
C-150d6f0c,0.12005871645790371,0,20260726T102553,2026-07-26T10:26:41.694234+00:00
C-089d004f,0.05725309289579045,0,20260726T102553,2026-07-26T10:26:41.694234+00:00
C-9c7b5d36,0.11066141899917259,0,20260726T102553,2026-07-26T10:26:41.694234+00:00
C-84a664ca,0.15788016762817442,0,20260726T102553,2026-07-26T10:26:41.694234+00:00
C-42659085,0.5222948543390596,1,20260726T102553,2026-07-26T10:26:41.694234+00:00
C-ecdf6269,0.45282887820878626,0,20260726T102553,2026-07-26T10:26:41.694234+00:00
C-9b7042f9,0.7620566276441024,1,20260726T102553,2026-07-26T10:26:41.694234+00:00
C-1998430c,0.6853893560872434,1,20260726T102553,2026-07-26T10:26:41.694234+00:00
C-b1c66e6a,0.6520159654654846,1,20260726T102553,2026-07-26T10:26:41.694234+00:00
C-5355028a,0.38927356856994866,0,20260726T102553,2026-07-26T10:26:41.694234+00:00
C-00870900,0.11500032005885386,0,20260726T102553,2026-07-26T10:26:41.694234+00:00
C-bd9779d9,0.7540793961411637,1,20260726T102553,2026-07-26T10:26:41.694234+00:00
C-45c3f7c3,0.4880106270243691,0,20260726T102553,2026-07-26T10:26:41.694234+00:00
C-ba554856,0.7371819323820467,1,20260726T102553,2026-07-26T10:26:41.694234+00:00
C-e4599f0b,0.13027402262541957,0,20260726T102553,2026-07-26T10:26:41.694234+00:00
C-ed5d5ef7,0.08175270208272778,0,20260726T102553,2026-07-26T10:26:41.694234+00:00
C-d862c9b9,0.8701574438473184,1,20260726T102553,2026-07-26T10:26:41.694234+00:00
C-c9da00de,0.6407625835804034,1,20260726T102553,2026-07-26T10:26:41.694234+00:00
C-90436357,0.2578749705459477,0,20260726T102553,2026-07-26T10:26:41.694234+00:00
C-c1c5d90e,0.6895456912088931,1,20260726T102553,2026-07-26T10:26:41.694234+00:00
C-14096f47,0.858114586930044,1,20260726T102553,2026-07-26T10:26:41.694234+00:00
C-ef48d261,0.19116729493438273,0,20260726T102553,2026-07-26T10:26:41.694234+00:00
C-18528f0f,0.7065213686781519,1,20260726T102553,2026-07-26T10:26:41.694234+00:00
C-2f9fc45d,0.15936112478465597,0,20260726T102553,2026-07-26T10:26:41.694234+00:00
C-d2cf9f62,0.8910743501997189,1,20260726T102553,2026-07-26T10:26:41.694234+00:00
C-23bcfb4c,0.910359269244697,1,20260726T102553,2026-07-26T10:26:41.694234+00:00
C-c9d0d3d0,0.18886340671070392,0,20260726T102553,2026-07-26T10:26:41.694234+00:00
C-2ed1c9a9,0.4392365494749291,0,20260726T102553,2026-07-26T10:26:41.694234+00:00
C-6b409616,0.659122997442036,1,20260726T102553,2026-07-26T10:26:41.694234+00:00
C-7cba6c9e,0.32158995356386866,0,20260726T102553,2026-07-26T10:26:41.694234+00:00
C-3911ff9a,0.6836149653664689,1,20260726T102553,2026-07-26T10:26:41.694234+00:00
C-ecd92c9a,0.15373911357473022,0,20260726T102553,2026-07-26T10:26:41.694234+00:00
C-5229fb7f,0.833281219488639,1,20260726T102553,2026-07-26T10:26:41.694234+00:00
C-5c901004,0.4584315557761656,0,20260726T102553,2026-07-26T10:26:41.694234+00:00
C-f98092e6,0.6967964778505701,1,20260726T102553,2026-07-26T10:26:41.694234+00:00
C-68fbea90,0.2408482580282999,0,20260726T102553,2026-07-26T10:26:41.694234+00:00
C-ce21cb25,0.5452351237300095,1,20260726T102553,2026-07-26T10:26:41.694234+00:00
C-0a7f9861,0.6515232158161122,1,20260726T102553,2026-07-26T10:26:41.694234+00:00
C-477d7752,0.06463497880304452,0,20260726T102553,2026-07-26T10:26:41.694234+00:00
C-5db763d9,0.6290892015896903,1,20260726T102553,2026-07-26T10:26:41.694234+00:00
C-37647ccb,0.6669747258671691,1,20260726T102553,2026-07-26T10:26:41.694234+00:00
C-8636a677,0.5761124880484069,1,20260726T102553,2026-07-26T10:26:41.694234+00:00
C-1e752b31,0.7984402431250021,1,20260726T102553,2026-07-26T10:26:41.694234+00:00
C-8d6560fc,0.12257516202900255,0,20260726T102553,2026-07-26T10:26:41.694234+00:00
C-40a8db29,0.8704007639384648,1,20260726T102553,2026-07-26T10:26:41.694234+00:00
C-0a53ef8f,0.1485608464674096,0,20260726T102553,2026-07-26T10:26:41.694234+00:00
C-1a6d65fe,0.2576690108543611,0,20260726T102553,2026-07-26T10:26:41.694234+00:00
C-81c2c06c,0.7683441752015739,1,20260726T102553,2026-07-26T10:26:41.694234+00:00
C-e2c53876,0.35397811276603114,0,20260726T102553,2026-07-26T10:26:41.694234+00:00
C-6d835a39,0.09833121423372318,0,20260726T102553,2026-07-26T10:26:41.694234+00:00
C-d5ce01d6,0.9311972286470894,1,20260726T102553,2026-07-26T10:26:41.694234+00:00
C-00dc5e88,0.7500414799830168,1,20260726T102553,2026-07-26T10:26:41.694234+00:00
C-8816d556,0.650451068985015,1,20260726T102553,2026-07-26T10:26:41.694234+00:00
C-3415b107,0.25109112365937314,0,20260726T102553,2026-07-26T10:26:41.694234+00:00
C-850ac4f3,0.4239753144730597,0,20260726T102553,2026-07-26T10:26:41.694234+00:00
C-db13cb20,0.6091624898737867,1,20260726T102553,2026-07-26T10:26:41.694234+00:00
C-bc7422bc,0.7095531058380217,1,20260726T102553,2026-07-26T10:26:41.694234+00:00
C-009a7138,0.6308391533619309,1,20260726T102553,2026-07-26T10:26:41.694234+00:00
C-9e039a91,0.5688994240094193,1,20260726T102553,2026-07-26T10:26:41.694234+00:00
C-26a11dd6,0.6665854667101567,1,20260726T102553,2026-07-26T10:26:41.694234+00:00
C-c7ef92bb,0.8078307321367648,1,20260726T102553,2026-07-26T10:26:41.694234+00:00
C-2d96bd91,0.08166546110238732,0,20260726T102553,2026-07-26T10:26:41.694234+00:00
C-d7b274e6,0.09474176481371445,0,20260726T102553,2026-07-26T10:26:41.694234+00:00
C-76ed1db2,0.28715674879158215,0,20260726T102553,2026-07-26T10:26:41.694234+00:00
C-164b9fa9,0.5099894243902965,1,20260726T102553,2026-07-26T10:26:41.694234+00:00
C-5ef053ee,0.6567783844027121,1,20260726T102553,2026-07-26T10:26:41.694234+00:00
C-6f6e824f,0.11747031026112324,0,20260726T102553,2026-07-26T10:26:41.694234+00:00
C-3069c91c,0.10591904058345471,0,20260726T102553,2026-07-26T10:26:41.694234+00:00
C-5be09e27,0.86028439942793,1,20260726T102553,2026-07-26T10:26:41.694234+00:00
C-2c6eb29f,0.7540815232004492,1,20260726T102553,2026-07-26T10:26:41.694234+00:00
C-c0efe4b1,0.24297726244125817,0,20260726T102553,2026-07-26T10:26:41.694234+00:00
C-6195b95a,0.7124299035900673,1,20260726T102553,2026-07-26T10:26:41.694234+00:00
C-1c5127b6,0.08218155144581776,0,20260726T102553,2026-07-26T10:26:41.694234+00:00
C-6e2037a1,0.7856024149077476,1,20260726T102553,2026-07-26T10:26:41.694234+00:00
C-8396f9ed,0.20064607083708427,0,20260726T102553,2026-07-26T10:26:41.694234+00:00
C-d311a2aa,0.0503051695741313,0,20260726T102553,2026-07-26T10:26:41.694234+00:00
C-7deb262e,0.02672226126505878,0,20260726T102553,2026-07-26T10:26:41.694234+00:00
C-b37ebd92,0.7901127050932077,1,20260726T102553,2026-07-26T10:26:41.694234+00:00
C-13189f19,0.07705817940341361,0,20260726T102553,2026-07-26T10:26:41.694234+00:00
C-b2ce6f65,0.10270517687898488,0,20260726T102553,2026-07-26T10:26:41.694234+00:00
C-7dfe2d2b,0.050917283338344124,0,20260726T102553,2026-07-26T10:26:41.694234+00:00
C-a6783cb0,0.28858890578041096,0,20260726T102553,2026-07-26T10:26:41.694234+00:00
C-5a996eed,0.6449086428329234,1,20260726T102553,2026-07-26T10:26:41.694234+00:00
C-20a58c04,0.19975048279367055,0,20260726T102553,2026-07-26T10:26:41.694234+00:00
C-7279dd87,0.7256335832340692,1,20260726T102553,2026-07-26T10:26:41.694234+00:00
C-82d3760d,0.278496200499906,0,20260726T102553,2026-07-26T10:26:41.694234+00:00
C-cd91405e,0.8482087839683702,1,20260726T102553,2026-07-26T10:26:41.694234+00:00
C-a82e40e1,0.3322370277945326,0,20260726T102553,2026-07-26T10:26:41.694234+00:00
C-675118fa,0.18506350423138557,0,20260726T102553,2026-07-26T10:26:41.694234+00:00
C-5c452b58,0.4915492612904073,0,20260726T102553,2026-07-26T10:26:41.694234+00:00
C-9632caf9,0.2555586562842965,0,20260726T102553,2026-07-26T10:26:41.694234+00:00
C-f58f9e4d,0.5349502973836872,1,20260726T102553,2026-07-26T10:26:41.694234+00:00
C-dfd1da9c,0.40628892541456396,0,20260726T102553,2026-07-26T10:26:41.694234+00:00
C-57def737,0.7952347754264087,1,20260726T102553,2026-07-26T10:26:41.694234+00:00
C-ab07c7c2,0.9140031653094394,1,20260726T102553,2026-07-26T10:26:41.694234+00:00
C-a24952a2,0.753804587785632,1,20260726T102553,2026-07-26T10:26:41.694234+00:00
C-c279a699,0.10533516438086611,0,20260726T102553,2026-07-26T10:26:41.694234+00:00
C-eec2e6d4,0.09415672879811196,0,20260726T102553,2026-07-26T10:26:41.694234+00:00
C-5cf16194,0.666020536142886,1,20260726T102553,2026-07-26T10:26:41.694234+00:00
C-6cafa54d,0.019728560882623015,0,20260726T102553,2026-07-26T10:26:41.694234+00:00
C-e4e53023,0.6533732345470956,1,20260726T102553,2026-07-26T10:26:41.694234+00:00
C-adcfb2c1,0.4464943377435321,0,20260726T102553,2026-07-26T10:26:41.694234+00:00
C-d9454d72,0.6393574152767181,1,20260726T102553,2026-07-26T10:26:41.694234+00:00
C-01ba16f5,0.7400760910559119,1,20260726T102553,2026-07-26T10:26:41.694234+00:00
C-daf4bb6f,0.2543375134615682,0,20260726T102553,2026-07-26T10:26:41.694234+00:00
C-470b1389,0.03871657315378757,0,20260726T102553,2026-07-26T10:26:41.694234+00:00
C-5e743d11,0.13741952213587375,0,20260726T102553,2026-07-26T10:26:41.694234+00:00
C-648143be,0.09586095224948865,0,20260726T102553,2026-07-26T10:26:41.694234+00:00
C-30479171,0.1613943521506052,0,20260726T102553,2026-07-26T10:26:41.694234+00:00
C-1374b01b,0.3828072409742526,0,20260726T102553,2026-07-26T10:26:41.694234+00:00
C-e3da7133,0.12743497582571464,0,20260726T102553,2026-07-26T10:26:41.694234+00:00
C-a82c3c7d,0.07907170207724294,0,20260726T102553,2026-07-26T10:26:41.694234+00:00
C-cd5de4f5,0.510851463751578,1,20260726T102553,2026-07-26T10:26:41.694234+00:00
C-dffefc21,0.4585984539760006,0,20260726T102553,2026-07-26T10:26:41.694234+00:00
C-becb9b67,0.024219688880476792,0,20260726T102553,2026-07-26T10:26:41.694234+00:00
C-8bb9dc93,0.16419213832706384,0,20260726T102553,2026-07-26T10:26:41.694234+00:00
C-d076c39e,0.047420240562545686,0,20260726T102553,2026-07-26T10:26:41.694234+00:00
C-394490db,0.15920538645842305,0,20260726T102553,2026-07-26T10:26:41.694234+00:00
C-66d1c522,0.626164931398163,1,20260726T102553,2026-07-26T10:26:41.694234+00:00
C-2b2a8957,0.6893727584160866,1,20260726T102553,2026-07-26T10:26:41.694234+00:00
C-498fdb05,0.34739382176875716,0,20260726T102553,2026-07-26T10:26:41.694234+00:00
C-d1f1c718,0.06650900435877084,0,20260726T102553,2026-07-26T10:26:41.694234+00:00
C-78583b03,0.5996147665387175,1,20260726T102553,2026-07-26T10:26:41.694234+00:00
C-b91fa7af,0.2502224880076792,0,20260726T102553,2026-07-26T10:26:41.694234+00:00
C-ab47fd53,0.29288812264166775,0,20260726T102553,2026-07-26T10:26:41.694234+00:00
C-010e190f,0.07825222875868426,0,20260726T102553,2026-07-26T10:26:41.694234+00:00
C-29019d7b,0.8116082065587956,1,20260726T102553,2026-07-26T10:26:41.694234+00:00
C-671ee8fd,0.8388517338692939,1,20260726T102553,2026-07-26T10:26:41.694234+00:00
C-5be35d4c,0.41627885190489233,0,20260726T102553,2026-07-26T10:26:41.694234+00:00
C-5a784ae8,0.6365027512229792,1,20260726T102553,2026-07-26T10:26:41.694234+00:00
C-ef234fe8,0.8152810986079745,1,20260726T102553,2026-07-26T10:26:41.694234+00:00
C-49d59e7e,0.289830096400031,0,20260726T102553,2026-07-26T10:26:41.694234+00:00
C-6bc4eb07,0.6595499480787672,1,20260726T102553,2026-07-26T10:26:41.694234+00:00
C-4b3ac3fa,0.6388477482506919,1,20260726T102553,2026-07-26T10:26:41.694234+00:00
C-963bad11,0.2509362913128247,0,20260726T102553,2026-07-26T10:26:41.694234+00:00
C-5c03e167,0.5555251191993628,1,20260726T102553,2026-07-26T10:26:41.694234+00:00
C-228ce44b,0.7722970251533438,1,20260726T102553,2026-07-26T10:26:41.694234+00:00
C-9057eb3e,0.6000914747968931,1,20260726T102553,2026-07-26T10:26:41.694234+00:00
C-b58b00e5,0.5178959196426796,1,20260726T102553,2026-07-26T10:26:41.694234+00:00
C-4c60e1ce,0.8781347374511469,1,20260726T102553,2026-07-26T10:26:41.694234+00:00
C-62d9d58e,0.7676631442506074,1,20260726T102553,2026-07-26T10:26:41.694234+00:00
C-cc19ce1e,0.13057421427766747,0,20260726T102553,2026-07-26T10:26:41.694234+00:00
C-a1efb113,0.46324014462918833,0,20260726T102553,2026-07-26T10:26:41.694234+00:00
C-e5c88cfc,0.4689556396986819,0,20260726T102553,2026-07-26T10:26:41.694234+00:00
C-192fb2ca,0.36661321524512386,0,20260726T102553,2026-07-26T10:26:41.694234+00:00
C-ba682271,0.029655262945042424,0,20260726T102553,2026-07-26T10:26:41.694234+00:00
C-9822018b,0.34855206523361215,0,20260726T102553,2026-07-26T10:26:41.694234+00:00
C-521f08b4,0.0869977836601073,0,20260726T102553,2026-07-26T10:26:41.694234+00:00
C-e0f5746d,0.3721733738506963,0,20260726T102553,2026-07-26T10:26:41.694234+00:00
C-b90ff23b,0.6537949143594516,1,20260726T102553,2026-07-26T10:26:41.694234+00:00
C-4163327b,0.6232996051779123,1,20260726T102553,2026-07-26T10:26:41.694234+00:00
C-04e6bb02,0.3603082772873951,0,20260726T102553,2026-07-26T10:26:41.694234+00:00
C-20bf00f0,0.7672593692795646,1,20260726T102553,2026-07-26T10:26:41.694234+00:00
C-c3657074,0.355109943022899,0,20260726T102553,2026-07-26T10:26:41.694234+00:00
C-aeb8c906,0.9012564631771652,1,20260726T102553,2026-07-26T10:26:41.694234+00:00
C-282ca66b,0.866593053889166,1,20260726T102553,2026-07-26T10:26:41.694234+00:00
C-7d2d5074,0.336849261522033,0,20260726T102553,2026-07-26T10:26:41.694234+00:00
C-29bbd4b5,0.8853508985703558,1,20260726T102553,2026-07-26T10:26:41.694234+00:00
C-d84b578a,0.9735221969511794,1,20260726T102553,2026-07-26T10:26:41.694234+00:00
C-6867de75,0.10320910224400354,0,20260726T102553,2026-07-26T10:26:41.694234+00:00
C-bbdbfdf1,0.45579622023079425,0,20260726T102553,2026-07-26T10:26:41.694234+00:00
C-0ebd91e2,0.2043966252097355,0,20260726T102553,2026-07-26T10:26:41.694234+00:00
C-4e56fa51,0.0808386998804329,0,20260726T102553,2026-07-26T10:26:41.694234+00:00
C-d0a4a4c9,0.5022523281801512,1,20260726T102553,2026-07-26T10:26:41.694234+00:00
C-62a75c37,0.8833979291631687,1,20260726T102553,2026-07-26T10:26:41.694234+00:00
C-ffd87fea,0.11425969485350587,0,20260726T102553,2026-07-26T10:26:41.694234+00:00
C-88d94061,0.1098717334490155,0,20260726T102553,2026-07-26T10:26:41.694234+00:00
C-d8d64d73,0.40534566581723813,0,20260726T102553,2026-07-26T10:26:41.694234+00:00
C-4c308230,0.10193785824802826,0,20260726T102553,2026-07-26T10:26:41.694234+00:00
C-26bff6ba,0.5416365019373268,1,20260726T102553,2026-07-26T10:26:41.694234+00:00
C-5dab9e43,0.03716396816088236,0,20260726T102553,2026-07-26T10:26:41.694234+00:00
C-160653c0,0.09489266445094383,0,20260726T102553,2026-07-26T10:26:41.694234+00:00
C-49bf3d78,0.5911182954360538,1,20260726T102553,2026-07-26T10:26:41.694234+00:00
C-cf7fbeb7,0.9121161800973462,1,20260726T102553,2026-07-26T10:26:41.694234+00:00
C-c6b96d2a,0.027917352228876285,0,20260726T102553,2026-07-26T10:26:41.694234+00:00
C-ee40e999,0.27428994352777214,0,20260726T102553,2026-07-26T10:26:41.694234+00:00
C-52e2771c,0.7720890298964641,1,20260726T102553,2026-07-26T10:26:41.694234+00:00
C-ec17c962,0.9140133972474357,1,20260726T102553,2026-07-26T10:26:41.694234+00:00
C-db4d6ec0,0.8018966947449659,1,20260726T102553,2026-07-26T10:26:41.694234+00:00
C-af492da1,0.15977207855898842,0,20260726T102553,2026-07-26T10:26:41.694234+00:00
C-c5bd5ee9,0.31063274092243076,0,20260726T102553,2026-07-26T10:26:41.694234+00:00
C-aaf293cf,0.2946962537627452,0,20260726T102553,2026-07-26T10:26:41.694234+00:00
C-6a8c6256,0.04348551903420224,0,20260726T102553,2026-07-26T10:26:41.694234+00:00
C-f54790be,0.18797934260329544,0,20260726T102553,2026-07-26T10:26:41.694234+00:00
C-c355ae6f,0.0970237601496762,0,20260726T102553,2026-07-26T10:26:41.694234+00:00
C-7c80dd55,0.7975653957284309,1,20260726T102553,2026-07-26T10:26:41.694234+00:00
C-ec161109,0.2079166395046853,0,20260726T102553,2026-07-26T10:26:41.694234+00:00
C-9a3ffd45,0.125945155233511,0,20260726T102553,2026-07-26T10:26:41.694234+00:00
C-f4118bdb,0.06446417621207562,0,20260726T102553,2026-07-26T10:26:41.694234+00:00
C-934aa7e3,0.7550402752647387,1,20260726T102553,2026-07-26T10:26:41.694234+00:00
C-3407d3c5,0.03466550960125328,0,20260726T102553,2026-07-26T10:26:41.694234+00:00
C-fc59b7e6,0.678857682500124,1,20260726T102553,2026-07-26T10:26:41.694234+00:00
C-734b4a67,0.49859591845742895,0,20260726T102553,2026-07-26T10:26:41.694234+00:00
C-fdd9cfd7,0.3261305469445003,0,20260726T102553,2026-07-26T10:26:41.694234+00:00
C-74353643,0.34890685417322076,0,20260726T102553,2026-07-26T10:26:41.694234+00:00
C-beb97869,0.5260991651625236,1,20260726T102553,2026-07-26T10:26:41.694234+00:00
C-d6a7a988,0.15612631324189935,0,20260726T102553,2026-07-26T10:26:41.694234+00:00
C-f0c7f4e4,0.7695392560060954,1,20260726T102553,2026-07-26T10:26:41.694234+00:00
C-754704bb,0.7820471149545126,1,20260726T102553,2026-07-26T10:26:41.694234+00:00
C-c4369bc3,0.09937017965953934,0,20260726T102553,2026-07-26T10:26:41.694234+00:00
C-7b5ea589,0.2965233904356663,0,20260726T102553,2026-07-26T10:26:41.694234+00:00
C-617bb21e,0.8479302582622541,1,20260726T102553,2026-07-26T10:26:41.694234+00:00
C-30d30430,0.1346733646081992,0,20260726T102553,2026-07-26T10:26:41.694234+00:00
C-40602c26,0.7466209407736761,1,20260726T102553,2026-07-26T10:26:41.694234+00:00
C-20fbf914,0.2448963048461987,0,20260726T102553,2026-07-26T10:26:41.694234+00:00
C-f916928b,0.868940767843696,1,20260726T102553,2026-07-26T10:26:41.694234+00:00
C-f891b81f,0.10739550516274422,0,20260726T102553,2026-07-26T10:26:41.694234+00:00
C-0e40e2ee,0.8581407494622528,1,20260726T102553,2026-07-26T10:26:41.694234+00:00
C-3be04568,0.2538223205371707,0,20260726T102553,2026-07-26T10:26:41.694234+00:00
C-f6ff4374,0.6676801659217846,1,20260726T102553,2026-07-26T10:26:41.694234+00:00
C-e2ac05be,0.8139110843048909,1,20260726T102553,2026-07-26T10:26:41.694234+00:00
C-c3dbb10c,0.42794977600358075,0,20260726T102553,2026-07-26T10:26:41.694234+00:00
C-2dbf8c25,0.09399512940856473,0,20260726T102553,2026-07-26T10:26:41.694234+00:00
C-b48a470a,0.14946845036901418,0,20260726T102553,2026-07-26T10:26:41.694234+00:00
C-71c8dea3,0.8607959755295328,1,20260726T102553,2026-07-26T10:26:41.694234+00:00
C-adb7fb55,0.6952659184347523,1,20260726T102553,2026-07-26T10:26:41.694234+00:00
C-7359c043,0.41294980244314317,0,20260726T102553,2026-07-26T10:26:41.694234+00:00
C-ca1c3c14,0.18053629411142516,0,20260726T102553,2026-07-26T10:26:41.694234+00:00
C-a18103dd,0.6278751180031034,1,20260726T102553,2026-07-26T10:26:41.694234+00:00
C-58a053b7,0.9166760368214276,1,20260726T102553,2026-07-26T10:26:41.694234+00:00
C-28ccff1c,0.7983354289505464,1,20260726T102553,2026-07-26T10:26:41.694234+00:00
C-1ffc6c32,0.5153564652245716,1,20260726T102553,2026-07-26T10:26:41.694234+00:00
C-522b4fa2,0.33974958767938324,0,20260726T102553,2026-07-26T10:26:41.694234+00:00
C-7105366f,0.503402237565732,1,20260726T102553,2026-07-26T10:26:41.694234+00:00
C-3cacc3eb,0.7669435399269289,1,20260726T102553,2026-07-26T10:26:41.694234+00:00
C-4c03a1a4,0.31967739325576877,0,20260726T102553,2026-07-26T10:26:41.694234+00:00
C-e25cc5a9,0.8365895517043533,1,20260726T102553,2026-07-26T10:26:41.694234+00:00
C-63923a41,0.10724857520195248,0,20260726T102553,2026-07-26T10:26:41.694234+00:00
C-b4938d28,0.5038539791664801,1,20260726T102553,2026-07-26T10:26:41.694234+00:00
C-6c4221ff,0.7651539185486542,1,20260726T102553,2026-07-26T10:26:41.694234+00:00
C-c6266fe0,0.37883884130602796,0,20260726T102553,2026-07-26T10:26:41.694234+00:00
C-fb4e4d7b,0.021530413083239535,0,20260726T102553,2026-07-26T10:26:41.694234+00:00
C-6be098e8,0.128339370526705,0,20260726T102553,2026-07-26T10:26:41.694234+00:00
C-361b47d0,0.05153634592871479,0,20260726T102553,2026-07-26T10:26:41.694234+00:00
C-917e5f97,0.09165623326650742,0,20260726T102553,2026-07-26T10:26:41.694234+00:00
C-6c503a52,0.9857819644310938,1,20260726T102553,2026-07-26T10:26:41.694234+00:00
C-d4d579d8,0.7264647808448879,1,20260726T102553,2026-07-26T10:26:41.694234+00:00
C-c652bf7b,0.5958216981312273,1,20260726T102553,2026-07-26T10:26:41.694234+00:00
C-e339eb45,0.7162337372110643,1,20260726T102553,2026-07-26T10:26:41.694234+00:00
C-3b4d8405,0.04253145508264623,0,20260726T102553,2026-07-26T10:26:41.694234+00:00
C-caee9b4e,0.7506804001277545,1,20260726T102553,2026-07-26T10:26:41.694234+00:00
C-1147a550,0.8359895458568337,1,20260726T102553,2026-07-26T10:26:41.694234+00:00
C-36fd7987,0.2386505972780746,0,20260726T102553,2026-07-26T10:26:41.694234+00:00
C-789be32d,0.6433616378497697,1,20260726T102553,2026-07-26T10:26:41.694234+00:00
C-a25abe84,0.2018333477915255,0,20260726T102553,2026-07-26T10:26:41.694234+00:00
C-3363b1db,0.4888216703592735,0,20260726T102553,2026-07-26T10:26:41.694234+00:00
C-3a9146d2,0.8482023080627388,1,20260726T102553,2026-07-26T10:26:41.694234+00:00
C-f121276f,0.6228518179118685,1,20260726T102553,2026-07-26T10:26:41.694234+00:00
C-881b9d1d,0.846020385008895,1,20260726T102553,2026-07-26T10:26:41.694234+00:00
C-2e3c2d2d,0.4593841485822274,0,20260726T102553,2026-07-26T10:26:41.694234+00:00
C-5646fb1f,0.3317479158578812,0,20260726T102553,2026-07-26T10:26:41.694234+00:00
C-7cb81b9d,0.5872144593106438,1,20260726T102553,2026-07-26T10:26:41.694234+00:00
C-be55fbd6,0.03736798951762004,0,20260726T102553,2026-07-26T10:26:41.694234+00:00
C-67048138,0.6152080507939601,1,20260726T102553,2026-07-26T10:26:41.694234+00:00
C-af72e579,0.7266239917108626,1,20260726T102553,2026-07-26T10:26:41.694234+00:00
C-c6f354e9,0.03705008132977929,0,20260726T102553,2026-07-26T10:26:41.694234+00:00
C-ce52383b,0.7112246877002586,1,20260726T102553,2026-07-26T10:26:41.694234+00:00
C-28566452,0.3983372601359683,0,20260726T102553,2026-07-26T10:26:41.694234+00:00
C-f9cee994,0.15695488679149508,0,20260726T102553,2026-07-26T10:26:41.694234+00:00
C-c5c4def4,0.8841473180213789,1,20260726T102553,2026-07-26T10:26:41.694234+00:00
C-3e6670a5,0.8674605476273224,1,20260726T102553,2026-07-26T10:26:41.694234+00:00
C-a935bb1e,0.8210308887345106,1,20260726T102553,2026-07-26T10:26:41.694234+00:00
C-df6fdac3,0.28168043268584336,0,20260726T102553,2026-07-26T10:26:41.694234+00:00
C-b735544c,0.8265207546457924,1,20260726T102553,2026-07-26T10:26:41.694234+00:00
C-4b174209,0.105716165984808,0,20260726T102553,2026-07-26T10:26:41.694234+00:00
C-58d6d820,0.1102226623529578,0,20260726T102553,2026-07-26T10:26:41.694234+00:00
C-c5498496,0.45697438772291027,0,20260726T102553,2026-07-26T10:26:41.694234+00:00
C-12923db9,0.7783430507230099,1,20260726T102553,2026-07-26T10:26:41.694234+00:00
C-a26860af,0.11648849547197532,0,20260726T102553,2026-07-26T10:26:41.694234+00:00
C-1f01c03d,0.36976255268384617,0,20260726T102553,2026-07-26T10:26:41.694234+00:00
C-0b219ae1,0.8591469639352635,1,20260726T102553,2026-07-26T10:26:41.694234+00:00
C-a2a8a194,0.15179568162022886,0,20260726T102553,2026-07-26T10:26:41.694234+00:00
C-95e66345,0.8539462392725204,1,20260726T102553,2026-07-26T10:26:41.694234+00:00
C-2b48abe7,0.46630008099661685,0,20260726T102553,2026-07-26T10:26:41.694234+00:00
C-19918241,0.6932869078684873,1,20260726T102553,2026-07-26T10:26:41.694234+00:00
C-cccff814,0.7215204144783419,1,20260726T102553,2026-07-26T10:26:41.694234+00:00
C-9e2b5350,0.915518538332633,1,20260726T102553,2026-07-26T10:26:41.694234+00:00
C-5afe6dd8,0.7193821527964707,1,20260726T102553,2026-07-26T10:26:41.694234+00:00
C-89550b7e,0.9171489342260986,1,20260726T102553,2026-07-26T10:26:41.694234+00:00
C-e3559cc5,0.6181202422340251,1,20260726T102553,2026-07-26T10:26:41.694234+00:00
C-9d06d507,0.4945810913295085,0,20260726T102553,2026-07-26T10:26:41.694234+00:00
C-109d2275,0.8191771839390507,1,20260726T102553,2026-07-26T10:26:41.694234+00:00
C-35301be7,0.11536675230637493,0,20260726T102553,2026-07-26T10:26:41.694234+00:00
C-c37a57bb,0.8901012097241762,1,20260726T102553,2026-07-26T10:26:41.694234+00:00
C-8ed0822f,0.4634173109515776,0,20260726T102553,2026-07-26T10:26:41.694234+00:00
C-e88dd759,0.7932235236889529,1,20260726T102553,2026-07-26T10:26:41.694234+00:00
C-5a49a771,0.8369190330253865,1,20260726T102553,2026-07-26T10:26:41.694234+00:00
C-86d50143,0.08027876096875444,0,20260726T102553,2026-07-26T10:26:41.694234+00:00
C-89d6baf3,0.5352445609783093,1,20260726T102553,2026-07-26T10:26:41.694234+00:00
C-caecf9b7,0.3026646199706148,0,20260726T102553,2026-07-26T10:26:41.694234+00:00
C-0806d9e6,0.3328935223597064,0,20260726T102553,2026-07-26T10:26:41.694234+00:00
C-16997801,0.12979263846240494,0,20260726T102553,2026-07-26T10:26:41.694234+00:00
C-db4e7566,0.29568468597359643,0,20260726T102553,2026-07-26T10:26:41.694234+00:00
C-77b5c428,0.7967033173228226,1,20260726T102553,2026-07-26T10:26:41.694234+00:00
C-a7f5a51d,0.03622663329353314,0,20260726T102553,2026-07-26T10:26:41.694234+00:00
C-36044dc2,0.6749568500848601,1,20260726T102553,2026-07-26T10:26:41.694234+00:00
C-509e6a16,0.6564893530549776,1,20260726T102553,2026-07-26T10:26:41.694234+00:00
C-29decbf8,0.07872257982503852,0,20260726T102553,2026-07-26T10:26:41.694234+00:00
C-fddff5b4,0.15642525236769775,0,20260726T102553,2026-07-26T10:26:41.694234+00:00
C-16ce4858,0.517752366754291,1,20260726T102553,2026-07-26T10:26:41.694234+00:00
C-0f40a574,0.09590087897838821,0,20260726T102553,2026-07-26T10:26:41.694234+00:00
C-9728d3a0,0.2937911327852941,0,20260726T102553,2026-07-26T10:26:41.694234+00:00
C-015881b1,0.4947740305152037,0,20260726T102553,2026-07-26T10:26:41.694234+00:00
C-332032c8,0.5214657047407479,1,20260726T102553,2026-07-26T10:26:41.694234+00:00
C-0f525bcd,0.75889514595718,1,20260726T102553,2026-07-26T10:26:41.694234+00:00
C-44a989ad,0.09566458371948117,0,20260726T102553,2026-07-26T10:26:41.694234+00:00
C-f73f8384,0.3386953773610936,0,20260726T102553,2026-07-26T10:26:41.694234+00:00
C-a704421d,0.8399235928805991,1,20260726T102553,2026-07-26T10:26:41.694234+00:00
C-f60c1729,0.10402123546906698,0,20260726T102553,2026-07-26T10:26:41.694234+00:00
C-35431956,0.9201114272523798,1,20260726T102553,2026-07-26T10:26:41.694234+00:00
C-005aa66f,0.40521503141545406,0,20260726T102553,2026-07-26T10:26:41.694234+00:00
C-6e1d6b74,0.37184855401580147,0,20260726T102553,2026-07-26T10:26:41.694234+00:00
C-92e6b2af,0.02716008832103023,0,20260726T102553,2026-07-26T10:26:41.694234+00:00
C-b77edea7,0.1960338315573932,0,20260726T102553,2026-07-26T10:26:41.694234+00:00
C-8e422c8f,0.803738819820658,1,20260726T102553,2026-07-26T10:26:41.694234+00:00
C-92ca306c,0.6829399737728284,1,20260726T102553,2026-07-26T10:26:41.694234+00:00
C-a9eb6ebe,0.46127346625358295,0,20260726T102553,2026-07-26T10:26:41.694234+00:00
C-a65b6da0,0.23820377389544242,0,20260726T102553,2026-07-26T10:26:41.694234+00:00
C-8f84c4da,0.025457214098396432,0,20260726T102553,2026-07-26T10:26:41.694234+00:00
C-7e9e1830,0.1343626363777747,0,20260726T102553,2026-07-26T10:26:41.694234+00:00
C-8ce43c1d,0.20197281319784557,0,20260726T102553,2026-07-26T10:26:41.694234+00:00
C-3ffe0080,0.4418683060464905,0,20260726T102553,2026-07-26T10:26:41.694234+00:00
C-f797bc7b,0.7123633024137247,1,20260726T102553,2026-07-26T10:26:41.694234+00:00
C-9f37cfb2,0.5674604311020506,1,20260726T102553,2026-07-26T10:26:41.694234+00:00
C-1ffce0d1,0.23107703446932046,0,20260726T102553,2026-07-26T10:26:41.694234+00:00
C-036c3581,0.7038041317818442,1,20260726T102553,2026-07-26T10:26:41.694234+00:00
C-f3b52dc8,0.4647953489262163,0,20260726T102553,2026-07-26T10:26:41.694234+00:00
C-b3da91ba,0.10067758274012308,0,20260726T102553,2026-07-26T10:26:41.694234+00:00
C-0f5d5ba5,0.42618352635988327,0,20260726T102553,2026-07-26T10:26:41.694234+00:00
C-4d0e9149,0.46309196697175103,0,20260726T102553,2026-07-26T10:26:41.694234+00:00
C-f2d865d7,0.5949492239836638,1,20260726T102553,2026-07-26T10:26:41.694234+00:00
C-3a537b1e,0.3931409455702321,0,20260726T102553,2026-07-26T10:26:41.694234+00:00
C-877fe275,0.86759634340827,1,20260726T102553,2026-07-26T10:26:41.694234+00:00
C-cea454b3,0.25988497975452984,0,20260726T102553,2026-07-26T10:26:41.694234+00:00
C-c366de55,0.038125622678997134,0,20260726T102553,2026-07-26T10:26:41.694234+00:00
C-ee0eed85,0.729690842927953,1,20260726T102553,2026-07-26T10:26:41.694234+00:00
C-44787161,0.5287466262979519,1,20260726T102553,2026-07-26T10:26:41.694234+00:00
C-1d3799b1,0.12212462043965078,0,20260726T102553,2026-07-26T10:26:41.694234+00:00
C-aa9b52fa,0.2778197765911804,0,20260726T102553,2026-07-26T10:26:41.694234+00:00
C-a6425a77,0.7403032131177562,1,20260726T102553,2026-07-26T10:26:41.694234+00:00
C-4f199a0a,0.7417935501610294,1,20260726T102553,2026-07-26T10:26:41.694234+00:00
C-6ad7de8c,0.954025236136631,1,20260726T102553,2026-07-26T10:26:41.694234+00:00
C-f24df003,0.12235246486149162,0,20260726T102553,2026-07-26T10:26:41.694234+00:00
C-abcef607,0.5151842761202877,1,20260726T102553,2026-07-26T10:26:41.694234+00:00
C-1237c8a3,0.6695059922501607,1,20260726T102553,2026-07-26T10:26:41.694234+00:00
C-3dab40dd,0.03002878933241007,0,20260726T102553,2026-07-26T10:26:41.694234+00:00
C-3addcb50,0.18988298370548806,0,20260726T102553,2026-07-26T10:26:41.694234+00:00
C-66f1803c,0.6992946422701473,1,20260726T102553,2026-07-26T10:26:41.694234+00:00
C-4d34fda1,0.45517092096215456,0,20260726T102553,2026-07-26T10:26:41.694234+00:00
C-603866a3,0.5359112737730605,1,20260726T102553,2026-07-26T10:26:41.694234+00:00
C-e8cc9d23,0.6557470607901674,1,20260726T102553,2026-07-26T10:26:41.694234+00:00
C-defce64b,0.6032623219533051,1,20260726T102553,2026-07-26T10:26:41.694234+00:00
C-91266054,0.24170039693565276,0,20260726T102553,2026-07-26T10:26:41.694234+00:00
C-bdb02844,0.7478026141989673,1,20260726T102553,2026-07-26T10:26:41.694234+00:00
C-8d239495,0.3933066959279722,0,20260726T102553,2026-07-26T10:26:41.694234+00:00
C-09014bc0,0.2848276505270948,0,20260726T102553,2026-07-26T10:26:41.694234+00:00
C-187510a1,0.05081612562572368,0,20260726T102553,2026-07-26T10:26:41.694234+00:00
C-6f344cea,0.022365831152924245,0,20260726T102553,2026-07-26T10:26:41.694234+00:00
C-177f2d0a,0.563304873287152,1,20260726T102553,2026-07-26T10:26:41.694234+00:00
C-2fd53195,0.33422498883032253,0,20260726T102553,2026-07-26T10:26:41.694234+00:00
C-c730ec08,0.04117755741720396,0,20260726T102553,2026-07-26T10:26:41.694234+00:00
C-b00a3296,0.5023475440585623,1,20260726T102553,2026-07-26T10:26:41.694234+00:00
C-3ecf0271,0.3375696429656637,0,20260726T102553,2026-07-26T10:26:41.694234+00:00
C-da9a3375,0.7955316775182704,1,20260726T102553,2026-07-26T10:26:41.694234+00:00
C-98929a32,0.908297866790463,1,20260726T102553,2026-07-26T10:26:41.694234+00:00
C-0236a1f6,0.31034091366681166,0,20260726T102553,2026-07-26T10:26:41.694234+00:00
C-b4411c04,0.15931059042954138,0,20260726T102553,2026-07-26T10:26:41.694234+00:00
C-ec1d31f6,0.6465876824861487,1,20260726T102553,2026-07-26T10:26:41.694234+00:00
C-fb032767,0.6885834677283411,1,20260726T102553,2026-07-26T10:26:41.694234+00:00
C-de1b5f25,0.029738315412919464,0,20260726T102553,2026-07-26T10:26:41.694234+00:00
C-af0e7d3f,0.4612473088210537,0,20260726T102553,2026-07-26T10:26:41.694234+00:00
C-2b9f77e4,0.6882335402732236,1,20260726T102553,2026-07-26T10:26:41.694234+00:00
C-dd765c35,0.027106187939337795,0,20260726T102553,2026-07-26T10:26:41.694234+00:00
C-0abf3c58,0.6765868102054506,1,20260726T102553,2026-07-26T10:26:41.694234+00:00
C-99bb6616,0.19572393416141065,0,20260726T102553,2026-07-26T10:26:41.694234+00:00
C-84cb8213,0.4743216341097003,0,20260726T102553,2026-07-26T10:26:41.694234+00:00
C-7fd83a21,0.8385453101293269,1,20260726T102553,2026-07-26T10:26:41.694234+00:00
C-4e2d2fa2,0.15828822821270494,0,20260726T102553,2026-07-26T10:26:41.694234+00:00
C-2de1f2d3,0.819934534280917,1,20260726T102553,2026-07-26T10:26:41.694234+00:00
C-b3572516,0.5261821568836944,1,20260726T102553,2026-07-26T10:26:41.694234+00:00
C-617f48f7,0.2749991382617398,0,20260726T102553,2026-07-26T10:26:41.694234+00:00
C-9b5dc54e,0.7555155579076724,1,20260726T102553,2026-07-26T10:26:41.694234+00:00
C-e9ba1d7f,0.10592072375037027,0,20260726T102553,2026-07-26T10:26:41.694234+00:00
C-f11ac6bf,0.47032047284247064,0,20260726T102553,2026-07-26T10:26:41.694234+00:00
C-f1891250,0.31664014710826643,0,20260726T102553,2026-07-26T10:26:41.694234+00:00
C-7f3d7d9a,0.3264929435925048,0,20260726T102553,2026-07-26T10:26:41.694234+00:00
C-75f93523,0.6513292367038239,1,20260726T102553,2026-07-26T10:26:41.694234+00:00
C-c04e6a4e,0.07901355792866227,0,20260726T102553,2026-07-26T10:26:41.694234+00:00
C-07490c03,0.1137899289332631,0,20260726T102553,2026-07-26T10:26:41.694234+00:00
C-9a567231,0.36360746185719145,0,20260726T102553,2026-07-26T10:26:41.694234+00:00
C-1c44f173,0.6329942133103104,1,20260726T102553,2026-07-26T10:26:41.694234+00:00
C-3c9592a6,0.7546298152543583,1,20260726T102553,2026-07-26T10:26:41.694234+00:00
C-b54be9b7,0.3074100327932683,0,20260726T102553,2026-07-26T10:26:41.694234+00:00
C-447fce0a,0.7699055732227503,1,20260726T102553,2026-07-26T10:26:41.694234+00:00
C-d6cd20d5,0.5361986768501474,1,20260726T102553,2026-07-26T10:26:41.694234+00:00
C-6b764562,0.9057373127786102,1,20260726T102553,2026-07-26T10:26:41.694234+00:00
C-94b65d3a,0.3990902350935959,0,20260726T102553,2026-07-26T10:26:41.694234+00:00
C-b065b55a,0.03798827104439855,0,20260726T102553,2026-07-26T10:26:41.694234+00:00
C-80c3afa8,0.3864851846625223,0,20260726T102553,2026-07-26T10:26:41.694234+00:00
C-7472bed2,0.41661712640725895,0,20260726T102553,2026-07-26T10:26:41.694234+00:00
C-d748b10d,0.5293128804853813,1,20260726T102553,2026-07-26T10:26:41.694234+00:00
C-ac81a680,0.42404825724509804,0,20260726T102553,2026-07-26T10:26:41.694234+00:00
C-7ad20090,0.5775827872185019,1,20260726T102553,2026-07-26T10:26:41.694234+00:00
C-af386adc,0.4065204820718099,0,20260726T102553,2026-07-26T10:26:41.694234+00:00
C-abb3d3ce,0.06441907003057626,0,20260726T102553,2026-07-26T10:26:41.694234+00:00
C-5bafef76,0.21307735247257112,0,20260726T102553,2026-07-26T10:26:41.694234+00:00
C-5cda2623,0.12536694626627912,0,20260726T102553,2026-07-26T10:26:41.694234+00:00
C-7c9e46ee,0.019395402915642516,0,20260726T102553,2026-07-26T10:26:41.694234+00:00
C-061275e3,0.09903489652187722,0,20260726T102553,2026-07-26T10:26:41.694234+00:00
C-13f1d220,0.6529005339680563,1,20260726T102553,2026-07-26T10:26:41.694234+00:00
C-6815f80b,0.37647623118441537,0,20260726T102553,2026-07-26T10:26:41.694234+00:00
C-37c08009,0.23860771075197276,0,20260726T102553,2026-07-26T10:26:41.694234+00:00
C-79c88369,0.36128413514253976,0,20260726T102553,2026-07-26T10:26:41.694234+00:00
C-bca1b7f2,0.7206202319232704,1,20260726T102553,2026-07-26T10:26:41.694234+00:00
C-a7c3ea53,0.512601071145817,1,20260726T102553,2026-07-26T10:26:41.694234+00:00
C-39413111,0.2103835134645305,0,20260726T102553,2026-07-26T10:26:41.694234+00:00
C-8528338b,0.14505377451209842,0,20260726T102553,2026-07-26T10:26:41.694234+00:00
C-10a030f1,0.5447638604580504,1,20260726T102553,2026-07-26T10:26:41.694234+00:00
C-06b16dea,0.5689970999795332,1,20260726T102553,2026-07-26T10:26:41.694234+00:00
C-0eb3a2f8,0.8700825518632135,1,20260726T102553,2026-07-26T10:26:41.694234+00:00
C-6e7972ac,0.5106701714256482,1,20260726T102553,2026-07-26T10:26:41.694234+00:00
C-c703f828,0.03892576357913549,0,20260726T102553,2026-07-26T10:26:41.694234+00:00
C-c6ae2eca,0.35249486695280147,0,20260726T102553,2026-07-26T10:26:41.694234+00:00
C-ed5f386f,0.07976913215223888,0,20260726T102553,2026-07-26T10:26:41.694234+00:00
C-16115823,0.34034703615071177,0,20260726T102553,2026-07-26T10:26:41.694234+00:00
C-e7e876c2,0.21385325750457457,0,20260726T102553,2026-07-26T10:26:41.694234+00:00
C-97a23945,0.6886823197932163,1,20260726T102553,2026-07-26T10:26:41.694234+00:00
C-36a531fa,0.2973674497152468,0,20260726T102553,2026-07-26T10:26:41.694234+00:00
C-1e8e04bf,0.3760249820963734,0,20260726T102553,2026-07-26T10:26:41.694234+00:00
C-874b1b9e,0.08753101986013778,0,20260726T102553,2026-07-26T10:26:41.694234+00:00
C-489929ae,0.030027690601736837,0,20260726T102553,2026-07-26T10:26:41.694234+00:00
C-26956e54,0.039273690335813405,0,20260726T102553,2026-07-26T10:26:41.694234+00:00
C-1214d519,0.38709614838398004,0,20260726T102553,2026-07-26T10:26:41.694234+00:00
C-b50b3335,0.759861662386088,1,20260726T102553,2026-07-26T10:26:41.694234+00:00
C-3fdcdce5,0.43318892600809383,0,20260726T102553,2026-07-26T10:26:41.694234+00:00
C-d1711e3f,0.377993091968307,0,20260726T102553,2026-07-26T10:26:41.694234+00:00
C-82e09426,0.3016444133344119,0,20260726T102553,2026-07-26T10:26:41.694234+00:00
C-eba9d979,0.8400352989573094,1,20260726T102553,2026-07-26T10:26:41.694234+00:00
C-461e3ae6,0.3634635266732662,0,20260726T102553,2026-07-26T10:26:41.694234+00:00
C-8b0995f6,0.2512602241040307,0,20260726T102553,2026-07-26T10:26:41.694234+00:00
C-c3eb6528,0.16308365517670637,0,20260726T102553,2026-07-26T10:26:41.694234+00:00
C-ad6d818f,0.19135319679085858,0,20260726T102553,2026-07-26T10:26:41.694234+00:00
C-5c86bf56,0.3812256949842766,0,20260726T102553,2026-07-26T10:26:41.694234+00:00
C-3fc50958,0.8005722841978913,1,20260726T102553,2026-07-26T10:26:41.694234+00:00
C-7b34cc1d,0.7540938485283384,1,20260726T102553,2026-07-26T10:26:41.694234+00:00
C-dbd0a420,0.744633696576749,1,20260726T102553,2026-07-26T10:26:41.694234+00:00
C-ef54347f,0.12050620063187502,0,20260726T102553,2026-07-26T10:26:41.694234+00:00
C-3a032690,0.9372769806118894,1,20260726T102553,2026-07-26T10:26:41.694234+00:00
C-40b647a4,0.9448765787017777,1,20260726T102553,2026-07-26T10:26:41.694234+00:00
C-223b1184,0.446683119508405,0,20260726T102553,2026-07-26T10:26:41.694234+00:00
C-2fc3cd5c,0.5218452831514894,1,20260726T102553,2026-07-26T10:26:41.694234+00:00
C-d9e3ed31,0.05414159538685805,0,20260726T102553,2026-07-26T10:26:41.694234+00:00
C-54f9dc4a,0.32735167948254235,0,20260726T102553,2026-07-26T10:26:41.694234+00:00
C-c25c81d3,0.6882861567896263,1,20260726T102553,2026-07-26T10:26:41.694234+00:00
C-a3acceb3,0.6079770922672971,1,20260726T102553,2026-07-26T10:26:41.694234+00:00
C-684cbb19,0.38002843868154235,0,20260726T102553,2026-07-26T10:26:41.694234+00:00
C-61618f9a,0.12441434194822182,0,20260726T102553,2026-07-26T10:26:41.694234+00:00
C-094cf42a,0.6952408366829949,1,20260726T102553,2026-07-26T10:26:41.694234+00:00
C-82151d2c,0.41572980242852753,0,20260726T102553,2026-07-26T10:26:41.694234+00:00
C-c68bb7cf,0.5391428822901454,1,20260726T102553,2026-07-26T10:26:41.694234+00:00
C-dd30648a,0.11681403918728323,0,20260726T102553,2026-07-26T10:26:41.694234+00:00
C-92211273,0.5078590100438164,1,20260726T102553,2026-07-26T10:26:41.694234+00:00
C-4de51b71,0.8022542830633622,1,20260726T102553,2026-07-26T10:26:41.694234+00:00
C-b53a7fd2,0.8919537114818156,1,20260726T102553,2026-07-26T10:26:41.694234+00:00
C-fb081744,0.20246685871290312,0,20260726T102553,2026-07-26T10:26:41.694234+00:00
C-77c72414,0.03713743497737755,0,20260726T102553,2026-07-26T10:26:41.694234+00:00
C-f7919870,0.03725569880481221,0,20260726T102553,2026-07-26T10:26:41.694234+00:00
C-043ec9f3,0.5115807610023857,1,20260726T102553,2026-07-26T10:26:41.694234+00:00
C-b343e229,0.3820097748235555,0,20260726T102553,2026-07-26T10:26:41.694234+00:00
C-3e20ade7,0.5236621780800147,1,20260726T102553,2026-07-26T10:26:41.694234+00:00
C-cb62187e,0.8567298907864423,1,20260726T102553,2026-07-26T10:26:41.694234+00:00
C-fdc86827,0.09748946812215135,0,20260726T102553,2026-07-26T10:26:41.694234+00:00
C-5a5bfb0a,0.1395971510554952,0,20260726T102553,2026-07-26T10:26:41.694234+00:00
C-5d5baad5,0.403548513310191,0,20260726T102553,2026-07-26T10:26:41.694234+00:00
C-886bf974,0.7998952296602462,1,20260726T102553,2026-07-26T10:26:41.694234+00:00
C-93922213,0.45429333000866506,0,20260726T102553,2026-07-26T10:26:41.694234+00:00
C-b6d68264,0.4056349581221271,0,20260726T102553,2026-07-26T10:26:41.694234+00:00
C-1ae72476,0.9199680044155484,1,20260726T102553,2026-07-26T10:26:41.694234+00:00
C-ebbb41a3,0.29012127479164146,0,20260726T102553,2026-07-26T10:26:41.694234+00:00
C-9cc2762c,0.40855140551845304,0,20260726T102553,2026-07-26T10:26:41.694234+00:00
C-7bc0d13e,0.662585665623002,1,20260726T102553,2026-07-26T10:26:41.694234+00:00
C-1dc3eda1,0.7822514645986861,1,20260726T102553,2026-07-26T10:26:41.694234+00:00
C-b4a33231,0.5905918532396236,1,20260726T102553,2026-07-26T10:26:41.694234+00:00
C-f3440856,0.04908034955627283,0,20260726T102553,2026-07-26T10:26:41.694234+00:00
C-aedecdc2,0.749101541332285,1,20260726T102553,2026-07-26T10:26:41.694234+00:00
C-d03bb667,0.5306757170955376,1,20260726T102553,2026-07-26T10:26:41.694234+00:00
C-0f507c50,0.12615406758965955,0,20260726T102553,2026-07-26T10:26:41.694234+00:00
C-3e0464d1,0.34876793106525994,0,20260726T102553,2026-07-26T10:26:41.694234+00:00
C-28c8b7eb,0.2800128172223208,0,20260726T102553,2026-07-26T10:26:41.694234+00:00
C-058d28d7,0.37712764173557045,0,20260726T102553,2026-07-26T10:26:41.694234+00:00
C-18832481,0.3306881890137782,0,20260726T102553,2026-07-26T10:26:41.694234+00:00
C-27a8d6ea,0.5045849538316144,1,20260726T102553,2026-07-26T10:26:41.694234+00:00
C-930601ca,0.8529292184962197,1,20260726T102553,2026-07-26T10:26:41.694234+00:00
C-3db9bc0a,0.3958216894501481,0,20260726T102553,2026-07-26T10:26:41.694234+00:00
C-704e3cd8,0.9399545136714049,1,20260726T102553,2026-07-26T10:26:41.694234+00:00
C-4ee346bd,0.31257817032668733,0,20260726T102553,2026-07-26T10:26:41.694234+00:00
C-dd064221,0.1678957594727697,0,20260726T102553,2026-07-26T10:26:41.694234+00:00
C-d9c64094,0.10725280607554412,0,20260726T102553,2026-07-26T10:26:41.694234+00:00
C-a9f6a10f,0.7863776066522251,1,20260726T102553,2026-07-26T10:26:41.694234+00:00
C-2a3b1b13,0.5943169245267549,1,20260726T102553,2026-07-26T10:26:41.694234+00:00
C-8b08a8f2,0.1539763465268802,0,20260726T102553,2026-07-26T10:26:41.694234+00:00
C-2b723ea8,0.088516263048467,0,20260726T102553,2026-07-26T10:26:41.694234+00:00
C-00e728be,0.766528230139452,1,20260726T102553,2026-07-26T10:26:41.694234+00:00
C-b1dda0e6,0.2202590799961851,0,20260726T102553,2026-07-26T10:26:41.694234+00:00
C-03323a77,0.7431709982267414,1,20260726T102553,2026-07-26T10:26:41.694234+00:00
C-a99b49e8,0.5855208710824935,1,20260726T102553,2026-07-26T10:26:41.694234+00:00
C-17b91084,0.7385942007108636,1,20260726T102553,2026-07-26T10:26:41.694234+00:00
C-1cd56b71,0.8211540757231008,1,20260726T102553,2026-07-26T10:26:41.694234+00:00
C-24a00c6a,0.4286779507678615,0,20260726T102553,2026-07-26T10:26:41.694234+00:00
C-9924bd63,0.643158554223085,1,20260726T102553,2026-07-26T10:26:41.694234+00:00
C-2fe67e3e,0.5092117472328752,1,20260726T102553,2026-07-26T10:26:41.694234+00:00
C-f6b18e17,0.29721308744870595,0,20260726T102553,2026-07-26T10:26:41.694234+00:00
C-2001c586,0.09120038234481662,0,20260726T102553,2026-07-26T10:26:41.694234+00:00
C-beb2597f,0.7828305508900568,1,20260726T102553,2026-07-26T10:26:41.694234+00:00
C-63fa4c4d,0.19720494489960488,0,20260726T102553,2026-07-26T10:26:41.694234+00:00
C-2413d1c3,0.19561791462847405,0,20260726T102553,2026-07-26T10:26:41.694234+00:00
C-a48c4aae,0.6880380525188834,1,20260726T102553,2026-07-26T10:26:41.694234+00:00
C-3a615448,0.07628173072104921,0,20260726T102553,2026-07-26T10:26:41.694234+00:00
C-a0e5278c,0.7207948959386056,1,20260726T102553,2026-07-26T10:26:41.694234+00:00
C-c6e052b5,0.8581339385627711,1,20260726T102553,2026-07-26T10:26:41.694234+00:00
C-963a2a1a,0.679886474996703,1,20260726T102553,2026-07-26T10:26:41.694234+00:00
C-c9e9ce7b,0.09655474731562623,0,20260726T102553,2026-07-26T10:26:41.694234+00:00
C-cf62d787,0.02873606365353744,0,20260726T102553,2026-07-26T10:26:41.694234+00:00
C-b354c6a0,0.8294587181948153,1,20260726T102553,2026-07-26T10:26:41.694234+00:00
C-a543ed7b,0.15072426170058334,0,20260726T102553,2026-07-26T10:26:41.694234+00:00
C-f6dde2c9,0.8638217909871949,1,20260726T102553,2026-07-26T10:26:41.694234+00:00
C-38242ba3,0.6940467371611104,1,20260726T102553,2026-07-26T10:26:41.694234+00:00
C-911b6db4,0.09123104734348811,0,20260726T102553,2026-07-26T10:26:41.694234+00:00
C-1fd18950,0.053278010319189904,0,20260726T102553,2026-07-26T10:26:41.694234+00:00
C-4f65c05e,0.25610286798298243,0,20260726T102553,2026-07-26T10:26:41.694234+00:00
C-0a1d43b9,0.31179767731233937,0,20260726T102553,2026-07-26T10:26:41.694234+00:00
C-8ea53c23,0.6137333956166993,1,20260726T102553,2026-07-26T10:26:41.694234+00:00
C-4a5eb4dd,0.8992317351081881,1,20260726T102553,2026-07-26T10:26:41.694234+00:00
C-49713104,0.6760186057053765,1,20260726T102553,2026-07-26T10:26:41.694234+00:00
C-9673ecf7,0.7544722557430645,1,20260726T102553,2026-07-26T10:26:41.694234+00:00
C-32232d1f,0.531621421610796,1,20260726T102553,2026-07-26T10:26:41.694234+00:00
C-77f37fb7,0.8273302891532623,1,20260726T102553,2026-07-26T10:26:41.694234+00:00
C-b623c15a,0.07081556088322878,0,20260726T102553,2026-07-26T10:26:41.694234+00:00
C-71ba1154,0.7440063979481129,1,20260726T102553,2026-07-26T10:26:41.694234+00:00
C-17554b98,0.3862035965334579,0,20260726T102553,2026-07-26T10:26:41.694234+00:00
C-d74bb430,0.7731772590282429,1,20260726T102553,2026-07-26T10:26:41.694234+00:00
C-180473ad,0.4022517288050069,0,20260726T102553,2026-07-26T10:26:41.694234+00:00
C-63f223c5,0.2824521117239758,0,20260726T102553,2026-07-26T10:26:41.694234+00:00
C-48b51998,0.039743726841272885,0,20260726T102553,2026-07-26T10:26:41.694234+00:00
C-4bbd1a96,0.3618161260504903,0,20260726T102553,2026-07-26T10:26:41.694234+00:00
C-9a59457f,0.061239775837865225,0,20260726T102553,2026-07-26T10:26:41.694234+00:00
C-70586f1b,0.18586132195416413,0,20260726T102553,2026-07-26T10:26:41.694234+00:00
C-2e05d687,0.7667803920820067,1,20260726T102553,2026-07-26T10:26:41.694234+00:00
C-a185a144,0.2418195553407093,0,20260726T102553,2026-07-26T10:26:41.694234+00:00
C-57cdee25,0.3596480909050266,0,20260726T102553,2026-07-26T10:26:41.694234+00:00
C-41028b9b,0.35922722507314214,0,20260726T102553,2026-07-26T10:26:41.694234+00:00
C-deaa92ea,0.32693482628257686,0,20260726T102553,2026-07-26T10:26:41.694234+00:00
C-167f278c,0.11635926724346232,0,20260726T102553,2026-07-26T10:26:41.694234+00:00
C-1fbfbe5b,0.8323813061274373,1,20260726T102553,2026-07-26T10:26:41.694234+00:00
C-58af58e6,0.5278682767608003,1,20260726T102553,2026-07-26T10:26:41.694234+00:00
C-381b344e,0.9009494078040202,1,20260726T102553,2026-07-26T10:26:41.694234+00:00
C-e5bf5029,0.8441841651450525,1,20260726T102553,2026-07-26T10:26:41.694234+00:00
C-b308c5b7,0.5150577331428615,1,20260726T102553,2026-07-26T10:26:41.694234+00:00
C-1f28df36,0.7871540046881894,1,20260726T102553,2026-07-26T10:26:41.694234+00:00
C-548aabcb,0.3013978910408761,0,20260726T102553,2026-07-26T10:26:41.694234+00:00
C-b4ab1786,0.6094405583337512,1,20260726T102553,2026-07-26T10:26:41.694234+00:00
C-09b5bbe0,0.9096927368024064,1,20260726T102553,2026-07-26T10:26:41.694234+00:00
C-6cf2c86a,0.038820143906672926,0,20260726T102553,2026-07-26T10:26:41.694234+00:00
C-f0fd6b7d,0.4706654812922967,0,20260726T102553,2026-07-26T10:26:41.694234+00:00
C-9f46f2c1,0.36421377826151846,0,20260726T102553,2026-07-26T10:26:41.694234+00:00
C-ddcc3ed7,0.7481830513414041,1,20260726T102553,2026-07-26T10:26:41.694234+00:00
C-6495776d,0.5930132039540843,1,20260726T102553,2026-07-26T10:26:41.694234+00:00
C-4339c215,0.7480087722069475,1,20260726T102553,2026-07-26T10:26:41.694234+00:00
C-2f3dd320,0.06402487403801146,0,20260726T102553,2026-07-26T10:26:41.694234+00:00
C-f7560b0c,0.0506989843880096,0,20260726T102553,2026-07-26T10:26:41.694234+00:00
C-90b3c236,0.664439701343746,1,20260726T102553,2026-07-26T10:26:41.694234+00:00
C-7bf63d8e,0.7839694918513586,1,20260726T102553,2026-07-26T10:26:41.694234+00:00
C-4bff2228,0.38227478807503257,0,20260726T102553,2026-07-26T10:26:41.694234+00:00
C-e54b8df6,0.10273283626538614,0,20260726T102553,2026-07-26T10:26:41.694234+00:00
C-0ae4dfc3,0.5151061834375011,1,20260726T102553,2026-07-26T10:26:41.694234+00:00
C-265509c4,0.9154478813633797,1,20260726T102553,2026-07-26T10:26:41.694234+00:00
C-7881a071,0.7507547997573143,1,20260726T102553,2026-07-26T10:26:41.694234+00:00
C-c5a8ede7,0.810250903420839,1,20260726T102553,2026-07-26T10:26:41.694234+00:00
C-08380063,0.7093987637789224,1,20260726T102553,2026-07-26T10:26:41.694234+00:00
C-0fbbbb7f,0.027825241892722372,0,20260726T102553,2026-07-26T10:26:41.694234+00:00
C-461fa91d,0.6912786779913029,1,20260726T102553,2026-07-26T10:26:41.694234+00:00
C-37a0f5e3,0.22274147855142962,0,20260726T102553,2026-07-26T10:26:41.694234+00:00
C-5689fea7,0.7976812012261276,1,20260726T102553,2026-07-26T10:26:41.694234+00:00
C-be4bd664,0.663593006947832,1,20260726T102553,2026-07-26T10:26:41.694234+00:00
C-811eb50b,0.863000902170953,1,20260726T102553,2026-07-26T10:26:41.694234+00:00
C-7aa5f923,0.09760550191407141,0,20260726T102553,2026-07-26T10:26:41.694234+00:00
C-07b12c23,0.4223143805616,0,20260726T102553,2026-07-26T10:26:41.694234+00:00
C-f43808cc,0.7584095173422879,1,20260726T102553,2026-07-26T10:26:41.694234+00:00
C-df6478c9,0.8297617579077108,1,20260726T102553,2026-07-26T10:26:41.694234+00:00
C-e33c852a,0.07668934439630275,0,20260726T102553,2026-07-26T10:26:41.694234+00:00
C-33ef3567,0.02094814809450631,0,20260726T102553,2026-07-26T10:26:41.694234+00:00
C-b2658ecc,0.4701010973630697,0,20260726T102553,2026-07-26T10:26:41.694234+00:00
C-2226cc43,0.7648651723646627,1,20260726T102553,2026-07-26T10:26:41.694234+00:00
C-f8acc70e,0.4522204210315167,0,20260726T102553,2026-07-26T10:26:41.694234+00:00
C-da6d3b96,0.5872294341950591,1,20260726T102553,2026-07-26T10:26:41.694234+00:00
C-10a69192,0.29179468048939916,0,20260726T102553,2026-07-26T10:26:41.694234+00:00
C-a9306d01,0.0195588782680954,0,20260726T102553,2026-07-26T10:26:41.694234+00:00
C-f2204b2e,0.9147314097491809,1,20260726T102553,2026-07-26T10:26:41.694234+00:00
C-47293914,0.5305498380688992,1,20260726T102553,2026-07-26T10:26:41.694234+00:00
C-1a1fa371,0.06261385380934581,0,20260726T102553,2026-07-26T10:26:41.694234+00:00
C-d75f18e5,0.05323721879885366,0,20260726T102553,2026-07-26T10:26:41.694234+00:00
C-a84fedc9,0.6859078586471611,1,20260726T102553,2026-07-26T10:26:41.694234+00:00
C-f7af5ba1,0.7633170640263492,1,20260726T102553,2026-07-26T10:26:41.694234+00:00
C-d5043a65,0.68777885921318,1,20260726T102553,2026-07-26T10:26:41.694234+00:00
C-d3732d89,0.735413205265684,1,20260726T102553,2026-07-26T10:26:41.694234+00:00
C-b934c647,0.32385527526713,0,20260726T102553,2026-07-26T10:26:41.694234+00:00
C-8e906b59,0.8782152865319071,1,20260726T102553,2026-07-26T10:26:41.694234+00:00
C-b87e28e8,0.7906856883393489,1,20260726T102553,2026-07-26T10:26:41.694234+00:00
C-453b5296,0.17937400794069946,0,20260726T102553,2026-07-26T10:26:41.694234+00:00
C-afb86341,0.11960610664295013,0,20260726T102553,2026-07-26T10:26:41.694234+00:00
C-1e1f59dc,0.39565357881782487,0,20260726T102553,2026-07-26T10:26:41.694234+00:00
C-e284fe50,0.7614878710042312,1,20260726T102553,2026-07-26T10:26:41.694234+00:00
C-b7f42424,0.7660553318379174,1,20260726T102553,2026-07-26T10:26:41.694234+00:00
C-5c4df6fb,0.702501915876098,1,20260726T102553,2026-07-26T10:26:41.694234+00:00
C-34457a82,0.3829714783592313,0,20260726T102553,2026-07-26T10:26:41.694234+00:00
C-650d04ca,0.33906682183294967,0,20260726T102553,2026-07-26T10:26:41.694234+00:00
C-6422d1f7,0.7161874832411339,1,20260726T102553,2026-07-26T10:26:41.694234+00:00
C-bc519ead,0.7533693820956908,1,20260726T102553,2026-07-26T10:26:41.694234+00:00
C-7893c911,0.7623424450111095,1,20260726T102553,2026-07-26T10:26:41.694234+00:00
C-40ba2776,0.38963328190848623,0,20260726T102553,2026-07-26T10:26:41.694234+00:00
C-ad0a6625,0.6894896372130079,1,20260726T102553,2026-07-26T10:26:41.694234+00:00
C-8ccce485,0.5441035029542236,1,20260726T102553,2026-07-26T10:26:41.694234+00:00
C-bd1f2003,0.38063534826374207,0,20260726T102553,2026-07-26T10:26:41.694234+00:00
C-184d60aa,0.7231282355021044,1,20260726T102553,2026-07-26T10:26:41.694234+00:00
C-5175d923,0.5961399021099602,1,20260726T102553,2026-07-26T10:26:41.694234+00:00
C-8f969ba0,0.19617202133323766,0,20260726T102553,2026-07-26T10:26:41.694234+00:00
C-98a37e09,0.3181030870107542,0,20260726T102553,2026-07-26T10:26:41.694234+00:00
C-4555adc4,0.07614601612937236,0,20260726T102553,2026-07-26T10:26:41.694234+00:00
C-4152cdf0,0.9275090672852648,1,20260726T102553,2026-07-26T10:26:41.694234+00:00
C-61685b0f,0.5733741559687298,1,20260726T102553,2026-07-26T10:26:41.694234+00:00
C-aa9785f1,0.3446963535003298,0,20260726T102553,2026-07-26T10:26:41.694234+00:00
C-aa087f9c,0.6467226166722031,1,20260726T102553,2026-07-26T10:26:41.694234+00:00
C-9e30eb4a,0.3817979074875318,0,20260726T102553,2026-07-26T10:26:41.694234+00:00
C-50cf6cc9,0.07280634187369876,0,20260726T102553,2026-07-26T10:26:41.694234+00:00
C-a191b265,0.06225826034530308,0,20260726T102553,2026-07-26T10:26:41.694234+00:00
C-aaa0a398,0.9751747101869325,1,20260726T102553,2026-07-26T10:26:41.694234+00:00
C-a5d66d2e,0.11106124907066726,0,20260726T102553,2026-07-26T10:26:41.694234+00:00
C-e2c0c2bc,0.07787075849731953,0,20260726T102553,2026-07-26T10:26:41.694234+00:00
C-807d4f85,0.6463285743488081,1,20260726T102553,2026-07-26T10:26:41.694234+00:00
C-074f60fa,0.26679789849877933,0,20260726T102553,2026-07-26T10:26:41.694234+00:00
C-ffec08c8,0.5572833053352905,1,20260726T102553,2026-07-26T10:26:41.694234+00:00
C-e6bc630a,0.4213234539504657,0,20260726T102553,2026-07-26T10:26:41.694234+00:00
C-24d701ee,0.10249603957352965,0,20260726T102553,2026-07-26T10:26:41.694234+00:00
C-dce19189,0.7266233219393115,1,20260726T102553,2026-07-26T10:26:41.694234+00:00
C-c4c5a2f0,0.5269466526796049,1,20260726T102553,2026-07-26T10:26:41.694234+00:00
C-36d5266e,0.4710442194101751,0,20260726T102553,2026-07-26T10:26:41.694234+00:00
C-9303f143,0.2381529081042855,0,20260726T102553,2026-07-26T10:26:41.694234+00:00
C-3c664f19,0.4287051618733355,0,20260726T102553,2026-07-26T10:26:41.694234+00:00
C-e2ce3dc7,0.03891261165681402,0,20260726T102553,2026-07-26T10:26:41.694234+00:00
C-30fc2bbb,0.11350285084910125,0,20260726T102553,2026-07-26T10:26:41.694234+00:00
C-70072b5e,0.34478937825896466,0,20260726T102553,2026-07-26T10:26:41.694234+00:00
C-ef3d1700,0.5588209017125486,1,20260726T102553,2026-07-26T10:26:41.694234+00:00
C-6df4ea9a,0.46988653497499255,0,20260726T102553,2026-07-26T10:26:41.694234+00:00
C-e5e8638c,0.15841970232302025,0,20260726T102553,2026-07-26T10:26:41.694234+00:00
C-302c4d31,0.7403227276984522,1,20260726T102553,2026-07-26T10:26:41.694234+00:00
C-1e688a95,0.7861379798986919,1,20260726T102553,2026-07-26T10:26:41.694234+00:00
C-f8967449,0.1551351346402239,0,20260726T102553,2026-07-26T10:26:41.694234+00:00
C-40bbe5fd,0.37360646692410815,0,20260726T102553,2026-07-26T10:26:41.694234+00:00
C-a83d1d38,0.31694022713414377,0,20260726T102553,2026-07-26T10:26:41.694234+00:00
C-57fd7e48,0.05046074210350024,0,20260726T102553,2026-07-26T10:26:41.694234+00:00
C-7ff0103b,0.9406695886925224,1,20260726T102553,2026-07-26T10:26:41.694234+00:00
C-d7e4a132,0.06176340822710139,0,20260726T102553,2026-07-26T10:26:41.694234+00:00
C-6737eade,0.16436359308948034,0,20260726T102553,2026-07-26T10:26:41.694234+00:00
C-7f1f0ae5,0.5052477734348603,1,20260726T102553,2026-07-26T10:26:41.694234+00:00
C-d1327ce8,0.6362697411256425,1,20260726T102553,2026-07-26T10:26:41.694234+00:00
C-973c02aa,0.552179289799477,1,20260726T102553,2026-07-26T10:26:41.694234+00:00
C-63ea06df,0.7327467579894604,1,20260726T102553,2026-07-26T10:26:41.694234+00:00
C-464923e2,0.4545162638111873,0,20260726T102553,2026-07-26T10:26:41.694234+00:00
C-8a1cedba,0.7034480052424539,1,20260726T102553,2026-07-26T10:26:41.694234+00:00
C-aad0d847,0.8869211275246243,1,20260726T102553,2026-07-26T10:26:41.694234+00:00
C-69e61c8f,0.1993531478661377,0,20260726T102553,2026-07-26T10:26:41.694234+00:00
C-1ba3e608,0.11383528042118334,0,20260726T102553,2026-07-26T10:26:41.694234+00:00
C-df011ebb,0.6148698444454223,1,20260726T102553,2026-07-26T10:26:41.694234+00:00
C-e30296e8,0.531854969085606,1,20260726T102553,2026-07-26T10:26:41.694234+00:00
C-d6c3f0bd,0.45656497071793556,0,20260726T102553,2026-07-26T10:26:41.694234+00:00
C-0867736b,0.40167367615001537,0,20260726T102553,2026-07-26T10:26:41.694234+00:00
C-ca89d71c,0.4780811310824791,0,20260726T102553,2026-07-26T10:26:41.694234+00:00
C-5e6b93bf,0.36858312203640803,0,20260726T102553,2026-07-26T10:26:41.694234+00:00
C-ea9aee29,0.3849352736870843,0,20260726T102553,2026-07-26T10:26:41.694234+00:00
C-93298216,0.8366730687260804,1,20260726T102553,2026-07-26T10:26:41.694234+00:00
C-9639c62e,0.7695857207863185,1,20260726T102553,2026-07-26T10:26:41.694234+00:00
C-dfb9e3c3,0.8899112677221582,1,20260726T102553,2026-07-26T10:26:41.694234+00:00
C-69f602a5,0.5827899733769458,1,20260726T102553,2026-07-26T10:26:41.694234+00:00
C-e5febc74,0.1436889762338877,0,20260726T102553,2026-07-26T10:26:41.694234+00:00
C-e49f9bbf,0.7015988462932456,1,20260726T102553,2026-07-26T10:26:41.694234+00:00
C-70b958dc,0.13328198604343777,0,20260726T102553,2026-07-26T10:26:41.694234+00:00
C-928f6df7,0.5943792867890029,1,20260726T102553,2026-07-26T10:26:41.694234+00:00
C-d973f9b6,0.3625404426350306,0,20260726T102553,2026-07-26T10:26:41.694234+00:00
C-9d461209,0.3838438488138163,0,20260726T102553,2026-07-26T10:26:41.694234+00:00
C-2c71e24b,0.2895324478736938,0,20260726T102553,2026-07-26T10:26:41.694234+00:00
C-1efbf6f5,0.0736074481168173,0,20260726T102553,2026-07-26T10:26:41.694234+00:00
C-e54358b1,0.03924076738714709,0,20260726T102553,2026-07-26T10:26:41.694234+00:00
C-0677fa45,0.8720729906902733,1,20260726T102553,2026-07-26T10:26:41.694234+00:00
C-d59dc4b8,0.1913043649353026,0,20260726T102553,2026-07-26T10:26:41.694234+00:00
C-f6a209c4,0.753306489405543,1,20260726T102553,2026-07-26T10:26:41.694234+00:00
C-2e424bcb,0.7968279093531051,1,20260726T102553,2026-07-26T10:26:41.694234+00:00
C-95589271,0.7663297119168957,1,20260726T102553,2026-07-26T10:26:41.694234+00:00
C-6ffe888e,0.4724701519226518,0,20260726T102553,2026-07-26T10:26:41.694234+00:00
C-fb9964b8,0.32914808566809917,0,20260726T102553,2026-07-26T10:26:41.694234+00:00
C-1e5e00c4,0.9131553106381989,1,20260726T102553,2026-07-26T10:26:41.694234+00:00
C-c6276a00,0.08417902082725516,0,20260726T102553,2026-07-26T10:26:41.694234+00:00
C-ce7b3f80,0.12256139192933226,0,20260726T102553,2026-07-26T10:26:41.694234+00:00
C-94a91aca,0.38214703566831715,0,20260726T102553,2026-07-26T10:26:41.694234+00:00
C-47eeb1ce,0.39405418939221515,0,20260726T102553,2026-07-26T10:26:41.694234+00:00
C-6500047d,0.4582355453470907,0,20260726T102553,2026-07-26T10:26:41.694234+00:00
C-ace2fa15,0.6491484412030901,1,20260726T102553,2026-07-26T10:26:41.694234+00:00
C-ce13e82d,0.7330829814035078,1,20260726T102553,2026-07-26T10:26:41.694234+00:00
C-ce6417e6,0.5212567115246041,1,20260726T102553,2026-07-26T10:26:41.694234+00:00
C-d6329ce7,0.6476990390316403,1,20260726T102553,2026-07-26T10:26:41.694234+00:00
C-40f13fda,0.16026397175518178,0,20260726T102553,2026-07-26T10:26:41.694234+00:00
C-f3aaca76,0.45956211638995587,0,20260726T102553,2026-07-26T10:26:41.694234+00:00
C-ce97f73e,0.4466329645935096,0,20260726T102553,2026-07-26T10:26:41.694234+00:00
C-7b56bfaa,0.31327618411934055,0,20260726T102553,2026-07-26T10:26:41.694234+00:00
C-ff12cb36,0.45016132073383247,0,20260726T102553,2026-07-26T10:26:41.694234+00:00
C-376c90ff,0.37417924751110426,0,20260726T102553,2026-07-26T10:26:41.694234+00:00
C-2f7e5639,0.44511465452852417,0,20260726T102553,2026-07-26T10:26:41.694234+00:00
C-71197659,0.470714436656179,0,20260726T102553,2026-07-26T10:26:41.694234+00:00
C-22d3bb53,0.42861877765362955,0,20260726T102553,2026-07-26T10:26:41.694234+00:00
C-0e97de76,0.14983001925484876,0,20260726T102553,2026-07-26T10:26:41.694234+00:00
C-a98dacff,0.7759359077479905,1,20260726T102553,2026-07-26T10:26:41.694234+00:00
C-13eefb3c,0.12694726700536957,0,20260726T102553,2026-07-26T10:26:41.694234+00:00
C-c01f7d30,0.07157755791236534,0,20260726T102553,2026-07-26T10:26:41.694234+00:00
C-0b679a2f,0.3844353149934686,0,20260726T102553,2026-07-26T10:26:41.694234+00:00
C-f1a38221,0.46577325556438703,0,20260726T102553,2026-07-26T10:26:41.694234+00:00
C-57b82af5,0.4655647935855677,0,20260726T102553,2026-07-26T10:26:41.694234+00:00
C-bf3bec1b,0.23182803459811085,0,20260726T102553,2026-07-26T10:26:41.694234+00:00
C-c443a281,0.19019752757395228,0,20260726T102553,2026-07-26T10:26:41.694234+00:00
C-af4579bd,0.7184365919074092,1,20260726T102553,2026-07-26T10:26:41.694234+00:00
C-7fd1c417,0.6406708938864331,1,20260726T102553,2026-07-26T10:26:41.694234+00:00
C-c419d0d2,0.0805792125811584,0,20260726T102553,2026-07-26T10:26:41.694234+00:00
C-27546206,0.17936361233018705,0,20260726T102553,2026-07-26T10:26:41.694234+00:00
C-f160a829,0.2482578793484608,0,20260726T102553,2026-07-26T10:26:41.694234+00:00
C-c25e735a,0.1007920398320126,0,20260726T102553,2026-07-26T10:26:41.694234+00:00
C-3c71f3f0,0.3411055642095526,0,20260726T102553,2026-07-26T10:26:41.694234+00:00
C-cf54d2e7,0.11090071906995082,0,20260726T102553,2026-07-26T10:26:41.694234+00:00
C-6c2ad99b,0.3780580233629149,0,20260726T102553,2026-07-26T10:26:41.694234+00:00
C-214f3c5a,0.36313392842892744,0,20260726T102553,2026-07-26T10:26:41.694234+00:00
C-4d9d03ea,0.665646859366288,1,20260726T102553,2026-07-26T10:26:41.694234+00:00
C-add2c67b,0.6478497936498862,1,20260726T102553,2026-07-26T10:26:41.694234+00:00
C-461a9997,0.3018512122504899,0,20260726T102553,2026-07-26T10:26:41.694234+00:00
C-7b72a638,0.6354118340232146,1,20260726T102553,2026-07-26T10:26:41.694234+00:00
C-ae9a65f6,0.8018532306858789,1,20260726T102553,2026-07-26T10:26:41.694234+00:00
C-7f5c3ed6,0.7808666577061022,1,20260726T102553,2026-07-26T10:26:41.694234+00:00
C-49b73db3,0.45726982865463667,0,20260726T102553,2026-07-26T10:26:41.694234+00:00
C-25efbb59,0.7131918179128643,1,20260726T102553,2026-07-26T10:26:41.694234+00:00
C-929bc880,0.10289410326912443,0,20260726T102553,2026-07-26T10:26:41.694234+00:00
C-94c15835,0.5326350077614154,1,20260726T102553,2026-07-26T10:26:41.694234+00:00
C-9a7102d2,0.12270060180418182,0,20260726T102553,2026-07-26T10:26:41.694234+00:00
C-3575a8a9,0.3577185917957114,0,20260726T102553,2026-07-26T10:26:41.694234+00:00
C-d41d8d50,0.5315373693022512,1,20260726T102553,2026-07-26T10:26:41.694234+00:00
C-e747b813,0.1978945921479582,0,20260726T102553,2026-07-26T10:26:41.694234+00:00
C-2ddf661d,0.7630145687051018,1,20260726T102553,2026-07-26T10:26:41.694234+00:00
C-9383db19,0.10665500119835922,0,20260726T102553,2026-07-26T10:26:41.694234+00:00
C-510f0f51,0.3804839632513949,0,20260726T102553,2026-07-26T10:26:41.694234+00:00
C-f192911e,0.22705544033370753,0,20260726T102553,2026-07-26T10:26:41.694234+00:00
C-936089f4,0.08419262671785967,0,20260726T102553,2026-07-26T10:26:41.694234+00:00
C-1cc2446e,0.3266189425384442,0,20260726T102553,2026-07-26T10:26:41.694234+00:00
C-342a2619,0.9214833726815702,1,20260726T102553,2026-07-26T10:26:41.694234+00:00
C-9c923ba3,0.7519177584828542,1,20260726T102553,2026-07-26T10:26:41.694234+00:00
C-c574a076,0.4399328111540888,0,20260726T102553,2026-07-26T10:26:41.694234+00:00
C-79dd6539,0.024022149381749954,0,20260726T102553,2026-07-26T10:26:41.694234+00:00
C-8828d778,0.4322769297579351,0,20260726T102553,2026-07-26T10:26:41.694234+00:00
C-6a649710,0.8793814014911723,1,20260726T102553,2026-07-26T10:26:41.694234+00:00
C-201cbad3,0.0521310704351364,0,20260726T102553,2026-07-26T10:26:41.694234+00:00
C-330398c0,0.10317553562294854,0,20260726T102553,2026-07-26T10:26:41.694234+00:00
C-5534460b,0.1636064014966126,0,20260726T102553,2026-07-26T10:26:41.694234+00:00
C-dd2319b4,0.5254922802838522,1,20260726T102553,2026-07-26T10:26:41.694234+00:00
C-efa3d6b4,0.34996302193740036,0,20260726T102553,2026-07-26T10:26:41.694234+00:00
C-b5be02b1,0.40708032262947996,0,20260726T102553,2026-07-26T10:26:41.694234+00:00
C-c57e564f,0.0756070399922844,0,20260726T102553,2026-07-26T10:26:41.694234+00:00
C-a32b95cc,0.2868016170366401,0,20260726T102553,2026-07-26T10:26:41.694234+00:00
C-94441d99,0.3120508882577957,0,20260726T102553,2026-07-26T10:26:41.694234+00:00
C-15089a0e,0.07742646616294224,0,20260726T102553,2026-07-26T10:26:41.694234+00:00
C-29e5ba3c,0.16973813931903167,0,20260726T102553,2026-07-26T10:26:41.694234+00:00
C-7681dfda,0.7078415565133888,1,20260726T102553,2026-07-26T10:26:41.694234+00:00
C-39113d72,0.42507013648496705,0,20260726T102553,2026-07-26T10:26:41.694234+00:00
C-3c1451af,0.8620163416382983,1,20260726T102553,2026-07-26T10:26:41.694234+00:00
C-b5933e9c,0.6935112079859959,1,20260726T102553,2026-07-26T10:26:41.694234+00:00
C-89fa4ee6,0.44625792530161335,0,20260726T102553,2026-07-26T10:26:41.694234+00:00
C-0aa0c88a,0.17451674588663213,0,20260726T102553,2026-07-26T10:26:41.694234+00:00
C-119bf508,0.5093752601007768,1,20260726T102553,2026-07-26T10:26:41.694234+00:00
C-831186da,0.78039494636971,1,20260726T102553,2026-07-26T10:26:41.694234+00:00
C-3758300b,0.3126895013009238,0,20260726T102553,2026-07-26T10:26:41.694234+00:00
C-680f58fb,0.6725481853957914,1,20260726T102553,2026-07-26T10:26:41.694234+00:00
C-2b22ded0,0.054325367043724204,0,20260726T102553,2026-07-26T10:26:41.694234+00:00
C-66a19558,0.027395315754803456,0,20260726T102553,2026-07-26T10:26:41.694234+00:00
C-b3235e1a,0.6599615216377273,1,20260726T102553,2026-07-26T10:26:41.694234+00:00
C-f74ad06e,0.08973434477929407,0,20260726T102553,2026-07-26T10:26:41.694234+00:00
C-48cd5bd1,0.4698071232384783,0,20260726T102553,2026-07-26T10:26:41.694234+00:00
C-0e44a3fd,0.12238736946885416,0,20260726T102553,2026-07-26T10:26:41.694234+00:00
C-f175d8cb,0.04183328498474156,0,20260726T102553,2026-07-26T10:26:41.694234+00:00
C-d8ecfb6b,0.7393023869870748,1,20260726T102553,2026-07-26T10:26:41.694234+00:00
C-265c178e,0.13574802404684472,0,20260726T102553,2026-07-26T10:26:41.694234+00:00
C-9b16ad55,0.17132961915872985,0,20260726T102553,2026-07-26T10:26:41.694234+00:00
C-decbf926,0.44528707416024493,0,20260726T102553,2026-07-26T10:26:41.694234+00:00
C-ad8cc193,0.33841454448375147,0,20260726T102553,2026-07-26T10:26:41.694234+00:00
C-d7e95bbe,0.09681703947986368,0,20260726T102553,2026-07-26T10:26:41.694234+00:00
C-ebcfe23e,0.5981360628496275,1,20260726T102553,2026-07-26T10:26:41.694234+00:00
C-e8a95768,0.5916354379153207,1,20260726T102553,2026-07-26T10:26:41.694234+00:00
C-d4acc34f,0.9074288676972685,1,20260726T102553,2026-07-26T10:26:41.694234+00:00
C-61013eda,0.8702253917701992,1,20260726T102553,2026-07-26T10:26:41.694234+00:00
C-e8376520,0.5047616465240296,1,20260726T102553,2026-07-26T10:26:41.694234+00:00
C-865417b6,0.6882010707419253,1,20260726T102553,2026-07-26T10:26:41.694234+00:00
C-120d61c9,0.7297555379407393,1,20260726T102553,2026-07-26T10:26:41.694234+00:00
C-749b4f1f,0.08479400755043319,0,20260726T102553,2026-07-26T10:26:41.694234+00:00
C-686aa492,0.5936420811146257,1,20260726T102553,2026-07-26T10:26:41.694234+00:00
C-ef331cb2,0.3566202004787111,0,20260726T102553,2026-07-26T10:26:41.694234+00:00
C-695b9793,0.7465874091866971,1,20260726T102553,2026-07-26T10:26:41.694234+00:00
C-2ec7fbda,0.024862443350963506,0,20260726T102553,2026-07-26T10:26:41.694234+00:00
C-ad1ace4b,0.2010127338362892,0,20260726T102553,2026-07-26T10:26:41.694234+00:00
C-a23a5deb,0.9166471311894686,1,20260726T102553,2026-07-26T10:26:41.694234+00:00
C-19d49969,0.1061556286118984,0,20260726T102553,2026-07-26T10:26:41.694234+00:00
C-b94e857e,0.7401021705061032,1,20260726T102553,2026-07-26T10:26:41.694234+00:00
C-1e10651c,0.24685997610559787,0,20260726T102553,2026-07-26T10:26:41.694234+00:00
C-4d324ca4,0.31372376769060173,0,20260726T102553,2026-07-26T10:26:41.694234+00:00
C-2de2ff84,0.7994207783838078,1,20260726T102553,2026-07-26T10:26:41.694234+00:00
C-e072c403,0.9113000532805146,1,20260726T102553,2026-07-26T10:26:41.694234+00:00
C-c157caab,0.029398461986379305,0,20260726T102553,2026-07-26T10:26:41.694234+00:00
C-ab1bfe29,0.29749836893189535,0,20260726T102553,2026-07-26T10:26:41.694234+00:00
C-2a26a478,0.8327255108857313,1,20260726T102553,2026-07-26T10:26:41.694234+00:00
C-8196fb8d,0.041450250362740394,0,20260726T102553,2026-07-26T10:26:41.694234+00:00
C-9be62f06,0.6205929767307627,1,20260726T102553,2026-07-26T10:26:41.694234+00:00
C-2beda2d5,0.29535558907066667,0,20260726T102553,2026-07-26T10:26:41.694234+00:00
C-5ae066ee,0.7190686830717723,1,20260726T102553,2026-07-26T10:26:41.694234+00:00
C-729dfedf,0.5271445234244518,1,20260726T102553,2026-07-26T10:26:41.694234+00:00
C-616aff3c,0.7630614989842927,1,20260726T102553,2026-07-26T10:26:41.694234+00:00
C-4c7fc29c,0.8892510292054668,1,20260726T102553,2026-07-26T10:26:41.694234+00:00
C-3f001292,0.9183406546063076,1,20260726T102553,2026-07-26T10:26:41.694234+00:00
C-d4cdcaee,0.1582011443187056,0,20260726T102553,2026-07-26T10:26:41.694234+00:00
C-53fbe05e,0.2810154865327531,0,20260726T102553,2026-07-26T10:26:41.694234+00:00
C-6ea16bb5,0.6602987945240238,1,20260726T102553,2026-07-26T10:26:41.694234+00:00
C-c613e139,0.6984121210133921,1,20260726T102553,2026-07-26T10:26:41.694234+00:00
C-e70b1b29,0.07166364706995773,0,20260726T102553,2026-07-26T10:26:41.694234+00:00
C-922e7ee3,0.37065416119989036,0,20260726T102553,2026-07-26T10:26:41.694234+00:00
C-31649105,0.6562499723761728,1,20260726T102553,2026-07-26T10:26:41.694234+00:00
C-32c35e52,0.22939490118616712,0,20260726T102553,2026-07-26T10:26:41.694234+00:00
C-c08095f1,0.36456169958542134,0,20260726T102553,2026-07-26T10:26:41.694234+00:00
C-cf4a822c,0.836040613964367,1,20260726T102553,2026-07-26T10:26:41.694234+00:00
C-f7db39a5,0.7351371609289991,1,20260726T102553,2026-07-26T10:26:41.694234+00:00
C-8057e224,0.9106556193793397,1,20260726T102553,2026-07-26T10:26:41.694234+00:00
C-c5361926,0.093520803105412,0,20260726T102553,2026-07-26T10:26:41.694234+00:00
C-a4cedbee,0.8266782515745087,1,20260726T102553,2026-07-26T10:26:41.694234+00:00
C-69a55601,0.18527080106705773,0,20260726T102553,2026-07-26T10:26:41.694234+00:00
C-6fc88f48,0.07627885955932782,0,20260726T102553,2026-07-26T10:26:41.694234+00:00
C-fee811da,0.7071320794958138,1,20260726T102553,2026-07-26T10:26:41.694234+00:00
C-dfaed762,0.8011165503709587,1,20260726T102553,2026-07-26T10:26:41.694234+00:00
C-3620a10f,0.7117000681033853,1,20260726T102553,2026-07-26T10:26:41.694234+00:00
C-9096d610,0.7477743376421162,1,20260726T102553,2026-07-26T10:26:41.694234+00:00
C-bf60add4,0.07807274926891317,0,20260726T102553,2026-07-26T10:26:41.694234+00:00
C-1182b52e,0.33263843959458694,0,20260726T102553,2026-07-26T10:26:41.694234+00:00
C-89649b8c,0.9432838895240702,1,20260726T102553,2026-07-26T10:26:41.694234+00:00
C-df2cd183,0.30497012426177017,0,20260726T102553,2026-07-26T10:26:41.694234+00:00
C-8b9cddc1,0.45776375088077775,0,20260726T102553,2026-07-26T10:26:41.694234+00:00
C-006993d1,0.5225226206554349,1,20260726T102553,2026-07-26T10:26:41.694234+00:00
C-303cda9c,0.649852507775749,1,20260726T102553,2026-07-26T10:26:41.694234+00:00
C-f12e961d,0.8325087753404569,1,20260726T102553,2026-07-26T10:26:41.694234+00:00
C-0feb0455,0.1375714127897983,0,20260726T102553,2026-07-26T10:26:41.694234+00:00
C-1d5ed978,0.8051184303479144,1,20260726T102553,2026-07-26T10:26:41.694234+00:00
C-e7c67f51,0.7605433849595996,1,20260726T102553,2026-07-26T10:26:41.694234+00:00
C-295300b3,0.7736374103429866,1,20260726T102553,2026-07-26T10:26:41.694234+00:00
C-d05d5ddf,0.7453286168450305,1,20260726T102553,2026-07-26T10:26:41.694234+00:00
C-e15a140c,0.3084016748826812,0,20260726T102553,2026-07-26T10:26:41.694234+00:00
C-101d7846,0.8195759748113544,1,20260726T102553,2026-07-26T10:26:41.694234+00:00
C-e86a1bad,0.7630291231553146,1,20260726T102553,2026-07-26T10:26:41.694234+00:00
C-15ba882b,0.31525432814263116,0,20260726T102553,2026-07-26T10:26:41.694234+00:00
C-241552e0,0.5277593964477041,1,20260726T102553,2026-07-26T10:26:41.694234+00:00
C-35fa7006,0.08602064168120988,0,20260726T102553,2026-07-26T10:26:41.694234+00:00
C-b6209ae3,0.6741501823015494,1,20260726T102553,2026-07-26T10:26:41.694234+00:00
C-69dd3a0d,0.029931866066269124,0,20260726T102553,2026-07-26T10:26:41.694234+00:00
C-2e1a19ea,0.08896631637385424,0,20260726T102553,2026-07-26T10:26:41.694234+00:00
C-50a0fed3,0.06137022069696083,0,20260726T102553,2026-07-26T10:26:41.694234+00:00
C-3803c07b,0.22415986483261166,0,20260726T102553,2026-07-26T10:26:41.694234+00:00
C-e858d546,0.5939745887583179,1,20260726T102553,2026-07-26T10:26:41.694234+00:00
C-578e9d11,0.6752525838750769,1,20260726T102553,2026-07-26T10:26:41.694234+00:00
C-b1ef2370,0.023237416219507964,0,20260726T102553,2026-07-26T10:26:41.694234+00:00
C-43767094,0.12319439511418034,0,20260726T102553,2026-07-26T10:26:41.694234+00:00
C-918fa3b3,0.30100503275646745,0,20260726T102553,2026-07-26T10:26:41.694234+00:00
C-08e7e841,0.7561865346732093,1,20260726T102553,2026-07-26T10:26:41.694234+00:00
C-19f3df90,0.44818160305753485,0,20260726T102553,2026-07-26T10:26:41.694234+00:00
C-5baa49c8,0.8072808126846838,1,20260726T102553,2026-07-26T10:26:41.694234+00:00
C-3d29122d,0.9503647199699035,1,20260726T102553,2026-07-26T10:26:41.694234+00:00
C-d839c7bf,0.08196988007490384,0,20260726T102553,2026-07-26T10:26:41.694234+00:00
C-9782a2c1,0.3363744587882161,0,20260726T102553,2026-07-26T10:26:41.694234+00:00
C-3f314fe9,0.7526926151515244,1,20260726T102553,2026-07-26T10:26:41.694234+00:00
C-7668ccef,0.11049053509924395,0,20260726T102553,2026-07-26T10:26:41.694234+00:00
C-020e4d64,0.5003004105825523,1,20260726T102553,2026-07-26T10:26:41.694234+00:00
C-a286cbb8,0.43188182132900343,0,20260726T102553,2026-07-26T10:26:41.694234+00:00
C-9e0519bf,0.05233799653938057,0,20260726T102553,2026-07-26T10:26:41.694234+00:00
C-e0319c21,0.057817827947442446,0,20260726T102553,2026-07-26T10:26:41.694234+00:00
C-a7b2cf93,0.913540849211213,1,20260726T102553,2026-07-26T10:26:41.694234+00:00
C-79b6260c,0.40603384199795006,0,20260726T102553,2026-07-26T10:26:41.694234+00:00
C-aac6bece,0.19629377241665202,0,20260726T102553,2026-07-26T10:26:41.694234+00:00
C-fe5ce4e6,0.7978854169124514,1,20260726T102553,2026-07-26T10:26:41.694234+00:00
C-52b26073,0.8264008931792599,1,20260726T102553,2026-07-26T10:26:41.694234+00:00
C-4fe07914,0.6458021555016772,1,20260726T102553,2026-07-26T10:26:41.694234+00:00
C-63f6be75,0.35104530938660483,0,20260726T102553,2026-07-26T10:26:41.694234+00:00
C-b6111fc2,0.16029427586459813,0,20260726T102553,2026-07-26T10:26:41.694234+00:00
C-37930937,0.7138090316924839,1,20260726T102553,2026-07-26T10:26:41.694234+00:00
C-1fa0643f,0.33626277676120697,0,20260726T102553,2026-07-26T10:26:41.694234+00:00
C-8f5ee2eb,0.029709923968707967,0,20260726T102553,2026-07-26T10:26:41.694234+00:00
C-77508854,0.3052987833480465,0,20260726T102553,2026-07-26T10:26:41.694234+00:00
C-fef58006,0.15532533751972788,0,20260726T102553,2026-07-26T10:26:41.694234+00:00
C-070a3501,0.47326633363749154,0,20260726T102553,2026-07-26T10:26:41.694234+00:00
C-7dfc294e,0.2560934474285875,0,20260726T102553,2026-07-26T10:26:41.694234+00:00
C-22a81819,0.1437508502591886,0,20260726T102553,2026-07-26T10:26:41.694234+00:00
C-e5f9505b,0.32410655205097366,0,20260726T102553,2026-07-26T10:26:41.694234+00:00
C-04ca4943,0.801406671993539,1,20260726T102553,2026-07-26T10:26:41.694234+00:00
C-e8332a14,0.1593924716491932,0,20260726T102553,2026-07-26T10:26:41.694234+00:00
C-3a93d26b,0.4347647363460013,0,20260726T102553,2026-07-26T10:26:41.694234+00:00
C-55a48aaf,0.7495211758987398,1,20260726T102553,2026-07-26T10:26:41.694234+00:00
C-67ab02d5,0.2558591726231155,0,20260726T102553,2026-07-26T10:26:41.694234+00:00
C-b5f533a5,0.49743497425669747,0,20260726T102553,2026-07-26T10:26:41.694234+00:00
C-e2ba3103,0.7881820596363077,1,20260726T102553,2026-07-26T10:26:41.694234+00:00
C-b8a84595,0.15639380661065166,0,20260726T102553,2026-07-26T10:26:41.694234+00:00
C-415f3d2a,0.532783488070542,1,20260726T102553,2026-07-26T10:26:41.694234+00:00
C-cb498e82,0.10802730918989252,0,20260726T102553,2026-07-26T10:26:41.694234+00:00
C-6452a03c,0.6273509130418966,1,20260726T102553,2026-07-26T10:26:41.694234+00:00
C-55ba1f2b,0.17390102136225782,0,20260726T102553,2026-07-26T10:26:41.694234+00:00
C-73a481d3,0.048436975983939756,0,20260726T102553,2026-07-26T10:26:41.694234+00:00
C-1d85a7a7,0.4514119906231108,0,20260726T102553,2026-07-26T10:26:41.694234+00:00
C-d7c4a5ce,0.4593222138972694,0,20260726T102553,2026-07-26T10:26:41.694234+00:00
C-7d332dd3,0.5328854971381094,1,20260726T102553,2026-07-26T10:26:41.694234+00:00
C-a9941f66,0.6359065294807015,1,20260726T102553,2026-07-26T10:26:41.694234+00:00
C-ab35deb2,0.6251270592602142,1,20260726T102553,2026-07-26T10:26:41.694234+00:00
C-48df1524,0.04269391642065475,0,20260726T102553,2026-07-26T10:26:41.694234+00:00
C-5ac0273d,0.47421766234989765,0,20260726T102553,2026-07-26T10:26:41.694234+00:00
C-9620665b,0.04948939776614645,0,20260726T102553,2026-07-26T10:26:41.694234+00:00
C-3a02789b,0.4335558211109831,0,20260726T102553,2026-07-26T10:26:41.694234+00:00
C-652b09a6,0.8706773416102369,1,20260726T102553,2026-07-26T10:26:41.694234+00:00
C-0d510218,0.10639363135654856,0,20260726T102553,2026-07-26T10:26:41.694234+00:00
C-d6a87a67,0.8379786868529219,1,20260726T102553,2026-07-26T10:26:41.694234+00:00
C-5e332277,0.15474543099583726,0,20260726T102553,2026-07-26T10:26:41.694234+00:00
C-67c35499,0.6915159377036376,1,20260726T102553,2026-07-26T10:26:41.694234+00:00
C-4dba4c91,0.944160201076003,1,20260726T102553,2026-07-26T10:26:41.694234+00:00
C-5565dc89,0.520499925454012,1,20260726T102553,2026-07-26T10:26:41.694234+00:00
C-815685a8,0.780476866339986,1,20260726T102553,2026-07-26T10:26:41.694234+00:00
C-d4567b16,0.7656523148106543,1,20260726T102553,2026-07-26T10:26:41.694234+00:00
C-13006088,0.4447156820914806,0,20260726T102553,2026-07-26T10:26:41.694234+00:00
C-aaac1418,0.15483160081510938,0,20260726T102553,2026-07-26T10:26:41.694234+00:00
C-90f23e1f,0.6121721978724602,1,20260726T102553,2026-07-26T10:26:41.694234+00:00
C-36d8ff56,0.4096063816922879,0,20260726T102553,2026-07-26T10:26:41.694234+00:00
C-f325a7bf,0.5250061577349124,1,20260726T102553,2026-07-26T10:26:41.694234+00:00
C-3c42e1b7,0.7608250378512145,1,20260726T102553,2026-07-26T10:26:41.694234+00:00
C-aeb6d2da,0.09509962046014452,0,20260726T102553,2026-07-26T10:26:41.694234+00:00
C-32712748,0.3769599145786712,0,20260726T102553,2026-07-26T10:26:41.694234+00:00
C-1ccac7cf,0.07361132918763777,0,20260726T102553,2026-07-26T10:26:41.694234+00:00
C-1c85778b,0.37501812365661114,0,20260726T102553,2026-07-26T10:26:41.694234+00:00
C-7d2c1a65,0.7447957220909317,1,20260726T102553,2026-07-26T10:26:41.694234+00:00
C-5dd1cb5b,0.402356492823818,0,20260726T102553,2026-07-26T10:26:41.694234+00:00
C-9c9fe73c,0.2325280002944211,0,20260726T102553,2026-07-26T10:26:41.694234+00:00
C-b081f03c,0.8081111606859834,1,20260726T102553,2026-07-26T10:26:41.694234+00:00
C-cba5973c,0.6959016818645603,1,20260726T102553,2026-07-26T10:26:41.694234+00:00
C-0f59951b,0.2895885416652194,0,20260726T102553,2026-07-26T10:26:41.694234+00:00
C-536addf9,0.15019235899385916,0,20260726T102553,2026-07-26T10:26:41.694234+00:00
C-b313a8cf,0.36067622408805244,0,20260726T102553,2026-07-26T10:26:41.694234+00:00
C-cd2500d9,0.6693335713844336,1,20260726T102553,2026-07-26T10:26:41.694234+00:00
C-a08091bf,0.03941807441116233,0,20260726T102553,2026-07-26T10:26:41.694234+00:00
C-ca6d6f58,0.3922299077132382,0,20260726T102553,2026-07-26T10:26:41.694234+00:00
C-154ceda0,0.05063018719245584,0,20260726T102553,2026-07-26T10:26:41.694234+00:00
C-8f8a5141,0.3809966977190785,0,20260726T102553,2026-07-26T10:26:41.694234+00:00
C-9e3117f9,0.1311526587944707,0,20260726T102553,2026-07-26T10:26:41.694234+00:00
C-0389191d,0.6946216670152346,1,20260726T102553,2026-07-26T10:26:41.694234+00:00
C-8693941c,0.9111659007028349,1,20260726T102553,2026-07-26T10:26:41.694234+00:00
C-e6b32f24,0.2148362891618806,0,20260726T102553,2026-07-26T10:26:41.694234+00:00
C-24c2fa65,0.7495830316878692,1,20260726T102553,2026-07-26T10:26:41.694234+00:00
C-ba634ca3,0.44230208840996604,0,20260726T102553,2026-07-26T10:26:41.694234+00:00
C-23ce1bf5,0.3740778229489436,0,20260726T102553,2026-07-26T10:26:41.694234+00:00
C-20e8670f,0.15817642035901677,0,20260726T102553,2026-07-26T10:26:41.694234+00:00
C-305650e9,0.3043482987697162,0,20260726T102553,2026-07-26T10:26:41.694234+00:00
C-6f00ea50,0.381179551142851,0,20260726T102553,2026-07-26T10:26:41.694234+00:00
C-fa7673a6,0.6354100804930284,1,20260726T102553,2026-07-26T10:26:41.694234+00:00
C-b81a5cd2,0.46488476532980555,0,20260726T102553,2026-07-26T10:26:41.694234+00:00
C-6902d0b6,0.6549182514895311,1,20260726T102553,2026-07-26T10:26:41.694234+00:00
C-aabdf839,0.08894477911472817,0,20260726T102553,2026-07-26T10:26:41.694234+00:00
C-6a20330d,0.5958741808699618,1,20260726T102553,2026-07-26T10:26:41.694234+00:00
C-baecd92b,0.4489237834477893,0,20260726T102553,2026-07-26T10:26:41.694234+00:00
C-5344835e,0.6557528486106285,1,20260726T102553,2026-07-26T10:26:41.694234+00:00
C-0af2c0c9,0.02588329136810151,0,20260726T102553,2026-07-26T10:26:41.694234+00:00
C-5b38f91e,0.8437078922408155,1,20260726T102553,2026-07-26T10:26:41.694234+00:00
C-fa6a480f,0.9014349021007749,1,20260726T102553,2026-07-26T10:26:41.694234+00:00
C-b4082b2e,0.7770541109298154,1,20260726T102553,2026-07-26T10:26:41.694234+00:00
C-9d10a347,0.5848585750652922,1,20260726T102553,2026-07-26T10:26:41.694234+00:00
C-5c35e0d2,0.865194791410835,1,20260726T102553,2026-07-26T10:26:41.694234+00:00
C-f482569d,0.4622923077296599,0,20260726T102553,2026-07-26T10:26:41.694234+00:00
C-4ec1dc55,0.5124057001060118,1,20260726T102553,2026-07-26T10:26:41.694234+00:00
C-29a7ebf8,0.44780542886844393,0,20260726T102553,2026-07-26T10:26:41.694234+00:00
C-94388908,0.18545159682468237,0,20260726T102553,2026-07-26T10:26:41.694234+00:00
C-7fd9bad0,0.17743970947416368,0,20260726T102553,2026-07-26T10:26:41.694234+00:00
C-84a52986,0.034996897324116163,0,20260726T102553,2026-07-26T10:26:41.694234+00:00
C-66201f53,0.7524998115827393,1,20260726T102553,2026-07-26T10:26:41.694234+00:00
C-7d0f3be3,0.22075449412506573,0,20260726T102553,2026-07-26T10:26:41.694234+00:00
C-c26063ec,0.9225628637323173,1,20260726T102553,2026-07-26T10:26:41.694234+00:00
C-750159d7,0.36260916422817807,0,20260726T102553,2026-07-26T10:26:41.694234+00:00
C-70e26673,0.29278635003031267,0,20260726T102553,2026-07-26T10:26:41.694234+00:00
C-c8551720,0.7938922187669178,1,20260726T102553,2026-07-26T10:26:41.694234+00:00
C-38f074ca,0.037825720864603105,0,20260726T102553,2026-07-26T10:26:41.694234+00:00
C-fc0e95e5,0.051988358104080756,0,20260726T102553,2026-07-26T10:26:41.694234+00:00
C-e4cb74fe,0.5415996374050094,1,20260726T102553,2026-07-26T10:26:41.694234+00:00
C-3091d206,0.46899592587768413,0,20260726T102553,2026-07-26T10:26:41.694234+00:00
C-cf2ad3cb,0.12466497589716374,0,20260726T102553,2026-07-26T10:26:41.694234+00:00
C-31f0027b,0.9165060320577767,1,20260726T102553,2026-07-26T10:26:41.694234+00:00
C-8e71e380,0.7956200775746716,1,20260726T102553,2026-07-26T10:26:41.694234+00:00
C-b1e6b50f,0.04028430234215809,0,20260726T102553,2026-07-26T10:26:41.694234+00:00
C-e3fbe6c4,0.7552406932243574,1,20260726T102553,2026-07-26T10:26:41.694234+00:00
C-9141be5b,0.8926377492126396,1,20260726T102553,2026-07-26T10:26:41.694234+00:00
C-403c6184,0.16654141135274553,0,20260726T102553,2026-07-26T10:26:41.694234+00:00
C-27adcdf4,0.06475638612500584,0,20260726T102553,2026-07-26T10:26:41.694234+00:00
C-276e63f1,0.7326482969859277,1,20260726T102553,2026-07-26T10:26:41.694234+00:00
C-73a5cb9d,0.6536708541807039,1,20260726T102553,2026-07-26T10:26:41.694234+00:00
C-6d2fe708,0.026385910623137006,0,20260726T102553,2026-07-26T10:26:41.694234+00:00
C-16a47b6d,0.4835295838369937,0,20260726T102553,2026-07-26T10:26:41.694234+00:00
C-6f138564,0.7138847358645731,1,20260726T102553,2026-07-26T10:26:41.694234+00:00
C-cc3a39e6,0.638046950403679,1,20260726T102553,2026-07-26T10:26:41.694234+00:00
C-3ce1264f,0.7924188003057314,1,20260726T102553,2026-07-26T10:26:41.694234+00:00
C-bd9111ae,0.41170185647742835,0,20260726T102553,2026-07-26T10:26:41.694234+00:00
C-640cb8ee,0.8665702886932336,1,20260726T102553,2026-07-26T10:26:41.694234+00:00
C-96b2d9d6,0.19977119587777,0,20260726T102553,2026-07-26T10:26:41.694234+00:00
C-2de42515,0.9099589478236041,1,20260726T102553,2026-07-26T10:26:41.694234+00:00
C-b22299a2,0.375819807764474,0,20260726T102553,2026-07-26T10:26:41.694234+00:00
C-bd013fd4,0.9075517608547612,1,20260726T102553,2026-07-26T10:26:41.694234+00:00
C-5630bf22,0.49730285321468115,0,20260726T102553,2026-07-26T10:26:41.694234+00:00
C-7c4e5f88,0.6618736058142084,1,20260726T102553,2026-07-26T10:26:41.694234+00:00
C-2ff862c1,0.8396217511950574,1,20260726T102553,2026-07-26T10:26:41.694234+00:00
C-72b0014a,0.04052567950966779,0,20260726T102553,2026-07-26T10:26:41.694234+00:00
C-b111592f,0.35205368651207003,0,20260726T102553,2026-07-26T10:26:41.694234+00:00
C-59f26270,0.18627448915424355,0,20260726T102553,2026-07-26T10:26:41.694234+00:00
C-0b8d7d1c,0.7388369969767006,1,20260726T102553,2026-07-26T10:26:41.694234+00:00
C-63db8e00,0.5015501588015937,1,20260726T102553,2026-07-26T10:26:41.694234+00:00
C-6ff26176,0.12217366921957565,0,20260726T102553,2026-07-26T10:26:41.694234+00:00
C-a6e91500,0.8654289056345494,1,20260726T102553,2026-07-26T10:26:41.694234+00:00
C-85201b57,0.08458596794904015,0,20260726T102553,2026-07-26T10:26:41.694234+00:00
C-4f00f4ab,0.8502993810264997,1,20260726T102553,2026-07-26T10:26:41.694234+00:00
C-b1d7c4ca,0.4564039733291875,0,20260726T102553,2026-07-26T10:26:41.694234+00:00
C-e4b852ae,0.03972314257071284,0,20260726T102553,2026-07-26T10:26:41.694234+00:00
C-8c583808,0.3255673767502453,0,20260726T102553,2026-07-26T10:26:41.694234+00:00
C-033d24c0,0.3404790920607572,0,20260726T102553,2026-07-26T10:26:41.694234+00:00
C-137b4a02,0.36987548226561373,0,20260726T102553,2026-07-26T10:26:41.694234+00:00
C-fa474dc3,0.5100729131235746,1,20260726T102553,2026-07-26T10:26:41.694234+00:00
C-e4df80bd,0.6097675036793103,1,20260726T102553,2026-07-26T10:26:41.694234+00:00
C-54f55841,0.8966953740601152,1,20260726T102553,2026-07-26T10:26:41.694234+00:00
C-41490fa9,0.510148144786078,1,20260726T102553,2026-07-26T10:26:41.694234+00:00
C-568f360e,0.5031280788158824,1,20260726T102553,2026-07-26T10:26:41.694234+00:00
C-b51d81eb,0.3729971226284408,0,20260726T102553,2026-07-26T10:26:41.694234+00:00
C-02274162,0.5483190836188677,1,20260726T102553,2026-07-26T10:26:41.694234+00:00
C-9fc87230,0.10373904666774353,0,20260726T102553,2026-07-26T10:26:41.694234+00:00
C-082f0f76,0.4370672014418194,0,20260726T102553,2026-07-26T10:26:41.694234+00:00
C-7bb4c0fa,0.3592929412439939,0,20260726T102553,2026-07-26T10:26:41.694234+00:00
C-2cad0cbf,0.03672288303953205,0,20260726T102553,2026-07-26T10:26:41.694234+00:00
C-bab6b08b,0.5103235810559448,1,20260726T102553,2026-07-26T10:26:41.694234+00:00
C-f105fa6e,0.3602816618629245,0,20260726T102553,2026-07-26T10:26:41.694234+00:00
C-a48c764b,0.18759537094440015,0,20260726T102553,2026-07-26T10:26:41.694234+00:00
C-a57773b5,0.19952164141342268,0,20260726T102553,2026-07-26T10:26:41.694234+00:00
C-939f70f9,0.7993213394150991,1,20260726T102553,2026-07-26T10:26:41.694234+00:00
C-8a33807b,0.026729012220118448,0,20260726T102553,2026-07-26T10:26:41.694234+00:00
C-5ce0a51e,0.44564650233203335,0,20260726T102553,2026-07-26T10:26:41.694234+00:00
C-321b7b9c,0.1876954782929126,0,20260726T102553,2026-07-26T10:26:41.694234+00:00
C-86f180be,0.5962445667146864,1,20260726T102553,2026-07-26T10:26:41.694234+00:00
C-468b005f,0.8730011213317089,1,20260726T102553,2026-07-26T10:26:41.694234+00:00
C-5492633a,0.14505286689693847,0,20260726T102553,2026-07-26T10:26:41.694234+00:00
C-4b6437fd,0.44729523539803223,0,20260726T102553,2026-07-26T10:26:41.694234+00:00
C-64ac10e3,0.7657768744061223,1,20260726T102553,2026-07-26T10:26:41.694234+00:00
C-e7204109,0.7081006893063316,1,20260726T102553,2026-07-26T10:26:41.694234+00:00
C-76f15472,0.5175505010339887,1,20260726T102553,2026-07-26T10:26:41.694234+00:00
C-8cb6c616,0.38068882136213045,0,20260726T102553,2026-07-26T10:26:41.694234+00:00
C-0810cf8d,0.4051673355309358,0,20260726T102553,2026-07-26T10:26:41.694234+00:00
C-c10d1973,0.11501035612323918,0,20260726T102553,2026-07-26T10:26:41.694234+00:00
C-8ae0b24b,0.339068998048738,0,20260726T102553,2026-07-26T10:26:41.694234+00:00
C-c7a54801,0.553814499533954,1,20260726T102553,2026-07-26T10:26:41.694234+00:00
C-99408243,0.04536734408102503,0,20260726T102553,2026-07-26T10:26:41.694234+00:00
C-ac41a2e4,0.3245066652053532,0,20260726T102553,2026-07-26T10:26:41.694234+00:00
C-c20ae15a,0.38582348504966985,0,20260726T102553,2026-07-26T10:26:41.694234+00:00
C-131e675b,0.38886123454159105,0,20260726T102553,2026-07-26T10:26:41.694234+00:00
C-93d6e086,0.09930031374263804,0,20260726T102553,2026-07-26T10:26:41.694234+00:00
C-164e0690,0.8196273262478893,1,20260726T102553,2026-07-26T10:26:41.694234+00:00
C-21c89b7b,0.7833416957153384,1,20260726T102553,2026-07-26T10:26:41.694234+00:00
C-3896aa81,0.37061899653842423,0,20260726T102553,2026-07-26T10:26:41.694234+00:00
C-dd18bb0e,0.707204311613667,1,20260726T102553,2026-07-26T10:26:41.694234+00:00
C-7e3474fc,0.4271837101373425,0,20260726T102553,2026-07-26T10:26:41.694234+00:00
C-50191d0f,0.15985264115655828,0,20260726T102553,2026-07-26T10:26:41.694234+00:00
C-7f6c64f3,0.39328359879353175,0,20260726T102553,2026-07-26T10:26:41.694234+00:00
C-e865a2e4,0.9314031878244994,1,20260726T102553,2026-07-26T10:26:41.694234+00:00
C-4c7f10a9,0.5326018170763153,1,20260726T102553,2026-07-26T10:26:41.694234+00:00
C-9893598b,0.4288329292313062,0,20260726T102553,2026-07-26T10:26:41.694234+00:00
C-0dfe1cc4,0.2878115398259903,0,20260726T102553,2026-07-26T10:26:41.694234+00:00
C-6567cae3,0.756227434822584,1,20260726T102553,2026-07-26T10:26:41.694234+00:00
C-25bb9cdf,0.09806314235012985,0,20260726T102553,2026-07-26T10:26:41.694234+00:00
C-ac65037c,0.12648033934513006,0,20260726T102553,2026-07-26T10:26:41.694234+00:00
C-c995ca35,0.39237995431399403,0,20260726T102553,2026-07-26T10:26:41.694234+00:00
C-a1877241,0.6945065934948451,1,20260726T102553,2026-07-26T10:26:41.694234+00:00
C-fb7e69ea,0.7489021489220646,1,20260726T102553,2026-07-26T10:26:41.694234+00:00
C-55653ea6,0.08439384138167572,0,20260726T102553,2026-07-26T10:26:41.694234+00:00
C-94e9950f,0.031236844339084757,0,20260726T102553,2026-07-26T10:26:41.694234+00:00
C-ac85a5fa,0.5021573405747839,1,20260726T102553,2026-07-26T10:26:41.694234+00:00
C-937ae15e,0.40863243944113176,0,20260726T102553,2026-07-26T10:26:41.694234+00:00
C-3a3f1efd,0.47333867575389177,0,20260726T102553,2026-07-26T10:26:41.694234+00:00
C-6b0ae46d,0.598004524926634,1,20260726T102553,2026-07-26T10:26:41.694234+00:00
C-dbad2751,0.8654356788075123,1,20260726T102553,2026-07-26T10:26:41.694234+00:00
C-78ccd9ff,0.5310803410147658,1,20260726T102553,2026-07-26T10:26:41.694234+00:00
C-4ae5840c,0.7546417583134913,1,20260726T102553,2026-07-26T10:26:41.694234+00:00
C-0b71320a,0.44089846628145124,0,20260726T102553,2026-07-26T10:26:41.694234+00:00
C-e4c578d0,0.6476750614723861,1,20260726T102553,2026-07-26T10:26:41.694234+00:00
C-f7700cbe,0.19862026926621432,0,20260726T102553,2026-07-26T10:26:41.694234+00:00
C-c2b18149,0.12090439845501749,0,20260726T102553,2026-07-26T10:26:41.694234+00:00
C-da563645,0.40275556088682174,0,20260726T102553,2026-07-26T10:26:41.694234+00:00
C-ac1e51b0,0.0819958371345047,0,20260726T102553,2026-07-26T10:26:41.694234+00:00
C-99343818,0.694865882041808,1,20260726T102553,2026-07-26T10:26:41.694234+00:00
C-1ea7093c,0.3256222598314494,0,20260726T102553,2026-07-26T10:26:41.694234+00:00
C-cfaf2a94,0.6651934891657271,1,20260726T102553,2026-07-26T10:26:41.694234+00:00
C-0397bfd2,0.09728912687043763,0,20260726T102553,2026-07-26T10:26:41.694234+00:00
C-fb6c35ac,0.510205336217603,1,20260726T102553,2026-07-26T10:26:41.694234+00:00
C-1519f329,0.7367473981755289,1,20260726T102553,2026-07-26T10:26:41.694234+00:00
C-d2bed508,0.3520950243635434,0,20260726T102553,2026-07-26T10:26:41.694234+00:00
C-c0b52511,0.6897188869731466,1,20260726T102553,2026-07-26T10:26:41.694234+00:00
C-cfbbba99,0.3003275933836611,0,20260726T102553,2026-07-26T10:26:41.694234+00:00
C-fd6caa7e,0.7420349852271177,1,20260726T102553,2026-07-26T10:26:41.694234+00:00
C-aeed47ee,0.08426827630640588,0,20260726T102553,2026-07-26T10:26:41.694234+00:00
C-b95810fc,0.43809597377386494,0,20260726T102553,2026-07-26T10:26:41.694234+00:00
C-d386c4b1,0.15612274757852246,0,20260726T102553,2026-07-26T10:26:41.694234+00:00
C-bc956aa4,0.8405783069750584,1,20260726T102553,2026-07-26T10:26:41.694234+00:00
C-f1a85bbb,0.731645903973038,1,20260726T102553,2026-07-26T10:26:41.694234+00:00
C-60edcf72,0.9029590208564047,1,20260726T102553,2026-07-26T10:26:41.694234+00:00
C-93d6719d,0.8141417131766225,1,20260726T102553,2026-07-26T10:26:41.694234+00:00
C-f7a195c5,0.326758039421873,0,20260726T102553,2026-07-26T10:26:41.694234+00:00
C-eba7fc4a,0.750998749982215,1,20260726T102553,2026-07-26T10:26:41.694234+00:00
C-7153cad6,0.4598417562758334,0,20260726T102553,2026-07-26T10:26:41.694234+00:00
C-f0d098b1,0.19044863540973644,0,20260726T102553,2026-07-26T10:26:41.694234+00:00
C-36aac7c3,0.08137572358254147,0,20260726T102553,2026-07-26T10:26:41.694234+00:00
C-e9054f1e,0.13294748750281998,0,20260726T102553,2026-07-26T10:26:41.694234+00:00
C-f10a947b,0.6645933630811061,1,20260726T102553,2026-07-26T10:26:41.694234+00:00
C-f819f34c,0.7124247068641381,1,20260726T102553,2026-07-26T10:26:41.694234+00:00
C-1b091da2,0.11063558244291265,0,20260726T102553,2026-07-26T10:26:41.694234+00:00
C-2baff258,0.48553063617888015,0,20260726T102553,2026-07-26T10:26:41.694234+00:00
C-b215c03a,0.1567607912021397,0,20260726T102553,2026-07-26T10:26:41.694234+00:00
C-d1ae9c18,0.024461227087671327,0,20260726T102553,2026-07-26T10:26:41.694234+00:00
C-02d86eb9,0.07985753330416007,0,20260726T102553,2026-07-26T10:26:41.694234+00:00
C-50908f5c,0.7427229238042035,1,20260726T102553,2026-07-26T10:26:41.694234+00:00
C-0966a62f,0.6153232382624926,1,20260726T102553,2026-07-26T10:26:41.694234+00:00
C-b86516a4,0.8739765555902805,1,20260726T102553,2026-07-26T10:26:41.694234+00:00
C-daa6777f,0.4842262889567886,0,20260726T102553,2026-07-26T10:26:41.694234+00:00
C-b876ca20,0.044934055464303034,0,20260726T102553,2026-07-26T10:26:41.694234+00:00
C-277ac2f2,0.6380870208485355,1,20260726T102553,2026-07-26T10:26:41.694234+00:00
C-486aace3,0.3199691907486796,0,20260726T102553,2026-07-26T10:26:41.694234+00:00
C-04a9cb12,0.6837420818520081,1,20260726T102553,2026-07-26T10:26:41.694234+00:00
C-ef6516ce,0.16158523202511751,0,20260726T102553,2026-07-26T10:26:41.694234+00:00
C-b59425e9,0.35266380861695046,0,20260726T102553,2026-07-26T10:26:41.694234+00:00
C-d2070486,0.23666533492626707,0,20260726T102553,2026-07-26T10:26:41.694234+00:00
C-48884b5d,0.17000035790648887,0,20260726T102553,2026-07-26T10:26:41.694234+00:00
C-cabed326,0.3163281089566922,0,20260726T102553,2026-07-26T10:26:41.694234+00:00
C-396a899d,0.12685844708629215,0,20260726T102553,2026-07-26T10:26:41.694234+00:00
C-6e576b2c,0.13901722657988902,0,20260726T102553,2026-07-26T10:26:41.694234+00:00
C-e8b92d28,0.7149741856153186,1,20260726T102553,2026-07-26T10:26:41.694234+00:00
C-d4f994d5,0.29124981033169045,0,20260726T102553,2026-07-26T10:26:41.694234+00:00
C-c09ce306,0.382979621481444,0,20260726T102553,2026-07-26T10:26:41.694234+00:00
C-03b638ef,0.2870537442639199,0,20260726T102553,2026-07-26T10:26:41.694234+00:00
C-b112b425,0.569219870128095,1,20260726T102553,2026-07-26T10:26:41.694234+00:00
C-f56add25,0.7295493330989816,1,20260726T102553,2026-07-26T10:26:41.694234+00:00
C-dae882bf,0.18866949687343826,0,20260726T102553,2026-07-26T10:26:41.694234+00:00
C-a0717a78,0.46840752308344674,0,20260726T102553,2026-07-26T10:26:41.694234+00:00
C-79e8009b,0.7388514972931609,1,20260726T102553,2026-07-26T10:26:41.694234+00:00
C-41332610,0.3930028420573401,0,20260726T102553,2026-07-26T10:26:41.694234+00:00
C-d3187d99,0.02237748930847569,0,20260726T102553,2026-07-26T10:26:41.694234+00:00
C-e203f471,0.2671817696291239,0,20260726T102553,2026-07-26T10:26:41.694234+00:00
C-d7ec9e4a,0.712601156729655,1,20260726T102553,2026-07-26T10:26:41.694234+00:00
C-40e77f39,0.14615309859542447,0,20260726T102553,2026-07-26T10:26:41.694234+00:00
C-96aa71cb,0.3906656403074435,0,20260726T102553,2026-07-26T10:26:41.694234+00:00
C-6246d3ae,0.7937815158298168,1,20260726T102553,2026-07-26T10:26:41.694234+00:00
C-d0165f92,0.03021449463566712,0,20260726T102553,2026-07-26T10:26:41.694234+00:00
C-7250ed43,0.1251491223947968,0,20260726T102553,2026-07-26T10:26:41.694234+00:00
C-263731c0,0.12999546739312387,0,20260726T102553,2026-07-26T10:26:41.694234+00:00
C-c7fedde3,0.3305061251520647,0,20260726T102553,2026-07-26T10:26:41.694234+00:00
C-1c9005fc,0.5698362135326395,1,20260726T102553,2026-07-26T10:26:41.694234+00:00
C-63ea7aef,0.6837523374244887,1,20260726T102553,2026-07-26T10:26:41.694234+00:00
C-05e05cae,0.022092705483719274,0,20260726T102553,2026-07-26T10:26:41.694234+00:00
C-6607de03,0.716525560196735,1,20260726T102553,2026-07-26T10:26:41.694234+00:00
C-f36d187b,0.6684824250262406,1,20260726T102553,2026-07-26T10:26:41.694234+00:00
C-33d970dc,0.7978782887599882,1,20260726T102553,2026-07-26T10:26:41.694234+00:00
C-5231bb17,0.9379787276763142,1,20260726T102553,2026-07-26T10:26:41.694234+00:00
C-8bd38b95,0.8763611871790316,1,20260726T102553,2026-07-26T10:26:41.694234+00:00
C-10bdcbc6,0.5394297145616885,1,20260726T102553,2026-07-26T10:26:41.694234+00:00
C-e44cc604,0.3169367421213888,0,20260726T102553,2026-07-26T10:26:41.694234+00:00
C-31ff7a7b,0.9750776290850974,1,20260726T102553,2026-07-26T10:26:41.694234+00:00
C-85af3419,0.23867625496492667,0,20260726T102553,2026-07-26T10:26:41.694234+00:00
C-0b34e923,0.3314000906716666,0,20260726T102553,2026-07-26T10:26:41.694234+00:00
C-9b42223b,0.8578424858825797,1,20260726T102553,2026-07-26T10:26:41.694234+00:00
C-c753c2e2,0.4115971806922844,0,20260726T102553,2026-07-26T10:26:41.694234+00:00
C-ba9ad09c,0.6202976100171049,1,20260726T102553,2026-07-26T10:26:41.694234+00:00
C-15e9af35,0.4514094630395046,0,20260726T102553,2026-07-26T10:26:41.694234+00:00
C-6d7e0d4d,0.24204152543433868,0,20260726T102553,2026-07-26T10:26:41.694234+00:00
C-d5161668,0.028597776466450384,0,20260726T102553,2026-07-26T10:26:41.694234+00:00
C-70bebb9d,0.8522879025199582,1,20260726T102553,2026-07-26T10:26:41.694234+00:00
C-bad83e08,0.5490904194522489,1,20260726T102553,2026-07-26T10:26:41.694234+00:00
C-7bec777e,0.8307194880540004,1,20260726T102553,2026-07-26T10:26:41.694234+00:00
C-ee49ecad,0.04786641548260745,0,20260726T102553,2026-07-26T10:26:41.694234+00:00
C-06be8ed9,0.27989496723786833,0,20260726T102553,2026-07-26T10:26:41.694234+00:00
C-a5a45964,0.12473690957570502,0,20260726T102553,2026-07-26T10:26:41.694234+00:00
C-39d756e3,0.5839321355336033,1,20260726T102553,2026-07-26T10:26:41.694234+00:00
C-7f80ad22,0.5943226479776939,1,20260726T102553,2026-07-26T10:26:41.694234+00:00
C-0f8dfdab,0.8127490024032442,1,20260726T102553,2026-07-26T10:26:41.694234+00:00
C-578ff492,0.28954805341942275,0,20260726T102553,2026-07-26T10:26:41.694234+00:00
C-137b6a3d,0.6884326182341973,1,20260726T102553,2026-07-26T10:26:41.694234+00:00
C-7fe7b0d1,0.79363116538013,1,20260726T102553,2026-07-26T10:26:41.694234+00:00
C-de55a10a,0.8417085762638231,1,20260726T102553,2026-07-26T10:26:41.694234+00:00
C-3d3568cb,0.6174945186627586,1,20260726T102553,2026-07-26T10:26:41.694234+00:00
C-5ce1aeff,0.7038160991708818,1,20260726T102553,2026-07-26T10:26:41.694234+00:00
C-86b32390,0.7164139274366431,1,20260726T102553,2026-07-26T10:26:41.694234+00:00
C-600401f6,0.6685480847521674,1,20260726T102553,2026-07-26T10:26:41.694234+00:00
C-01855960,0.5931678707791245,1,20260726T102553,2026-07-26T10:26:41.694234+00:00
C-866988bc,0.7480414473253337,1,20260726T102553,2026-07-26T10:26:41.694234+00:00
C-43027969,0.9529782992937569,1,20260726T102553,2026-07-26T10:26:41.694234+00:00
C-a23f0478,0.5167838668490785,1,20260726T102553,2026-07-26T10:26:41.694234+00:00
C-cf6b8fff,0.22749091737405752,0,20260726T102553,2026-07-26T10:26:41.694234+00:00
C-c0c54c48,0.8676237613480535,1,20260726T102553,2026-07-26T10:26:41.694234+00:00
C-e84d13b6,0.7918338609076337,1,20260726T102553,2026-07-26T10:26:41.694234+00:00
C-83dc2eb0,0.3424989969304923,0,20260726T102553,2026-07-26T10:26:41.694234+00:00
C-03e143c5,0.12221796430856788,0,20260726T102553,2026-07-26T10:26:41.694234+00:00
C-399f6469,0.07707370660631647,0,20260726T102553,2026-07-26T10:26:41.694234+00:00
C-6afaa516,0.4933021313374448,0,20260726T102553,2026-07-26T10:26:41.694234+00:00
C-d1f65267,0.07994940099937267,0,20260726T102553,2026-07-26T10:26:41.694234+00:00
C-634b1199,0.5322734463378826,1,20260726T102553,2026-07-26T10:26:41.694234+00:00
C-44074016,0.267762110306862,0,20260726T102553,2026-07-26T10:26:41.694234+00:00
C-af95a6f5,0.8563551977242254,1,20260726T102553,2026-07-26T10:26:41.694234+00:00
C-940dc970,0.8334712941972664,1,20260726T102553,2026-07-26T10:26:41.694234+00:00
C-6c2a82fe,0.05686954635911745,0,20260726T102553,2026-07-26T10:26:41.694234+00:00
C-4781d13f,0.15429159609064969,0,20260726T102553,2026-07-26T10:26:41.694234+00:00
C-6065ec2c,0.6468649464194273,1,20260726T102553,2026-07-26T10:26:41.694234+00:00
C-618f0c4f,0.3320389906259677,0,20260726T102553,2026-07-26T10:26:41.694234+00:00
C-0889207f,0.11316953913657869,0,20260726T102553,2026-07-26T10:26:41.694234+00:00
C-3665b76f,0.0568132584303757,0,20260726T102553,2026-07-26T10:26:41.694234+00:00
C-27607e0c,0.19405834242363873,0,20260726T102553,2026-07-26T10:26:41.694234+00:00
C-0004ff5d,0.816215948775605,1,20260726T102553,2026-07-26T10:26:41.694234+00:00
C-90ae0f00,0.2362379010703942,0,20260726T102553,2026-07-26T10:26:41.694234+00:00
C-0c47e1f7,0.7586550653901672,1,20260726T102553,2026-07-26T10:26:41.694234+00:00
C-35be70b7,0.12280172950548145,0,20260726T102553,2026-07-26T10:26:41.694234+00:00
C-c99749b8,0.32370298838876854,0,20260726T102553,2026-07-26T10:26:41.694234+00:00
C-22f59a08,0.01955936394796893,0,20260726T102553,2026-07-26T10:26:41.694234+00:00
C-97381889,0.037395275089256726,0,20260726T102553,2026-07-26T10:26:41.694234+00:00
C-f7ef8ddf,0.509036916720864,1,20260726T102553,2026-07-26T10:26:41.694234+00:00
C-312030ca,0.7384619354901988,1,20260726T102553,2026-07-26T10:26:41.694234+00:00
C-7ff6cc66,0.3142485180700665,0,20260726T102553,2026-07-26T10:26:41.694234+00:00
C-bbf8d748,0.3164063064276484,0,20260726T102553,2026-07-26T10:26:41.694234+00:00
C-ee9d9a16,0.4533213773574765,0,20260726T102553,2026-07-26T10:26:41.694234+00:00
C-e488874e,0.07695289949770688,0,20260726T102553,2026-07-26T10:26:41.694234+00:00
C-505f4ddb,0.026093516861773604,0,20260726T102553,2026-07-26T10:26:41.694234+00:00
C-bc4155f3,0.6669759512672818,1,20260726T102553,2026-07-26T10:26:41.694234+00:00
C-3aea613c,0.1855017692601518,0,20260726T102553,2026-07-26T10:26:41.694234+00:00
C-7b93a86b,0.48131302059892483,0,20260726T102553,2026-07-26T10:26:41.694234+00:00
C-c6e9ab71,0.6886830907810882,1,20260726T102553,2026-07-26T10:26:41.694234+00:00
C-44ce09d5,0.28253356271196556,0,20260726T102553,2026-07-26T10:26:41.694234+00:00
C-24061383,0.5833189806597164,1,20260726T102553,2026-07-26T10:26:41.694234+00:00
C-7a715799,0.6841162319819248,1,20260726T102553,2026-07-26T10:26:41.694234+00:00
C-1a7eab8f,0.2968066435094024,0,20260726T102553,2026-07-26T10:26:41.694234+00:00
C-693763c5,0.6110933654114675,1,20260726T102553,2026-07-26T10:26:41.694234+00:00
C-4161f5c4,0.896822757593654,1,20260726T102553,2026-07-26T10:26:41.694234+00:00
C-35a23d8b,0.6762708390246309,1,20260726T102553,2026-07-26T10:26:41.694234+00:00
C-9ed3dd19,0.5208393161921088,1,20260726T102553,2026-07-26T10:26:41.694234+00:00
C-a82a2048,0.5260629995226543,1,20260726T102553,2026-07-26T10:26:41.694234+00:00
C-643831e5,0.8531543294459182,1,20260726T102553,2026-07-26T10:26:41.694234+00:00
C-e860e8e4,0.09263933652567255,0,20260726T102553,2026-07-26T10:26:41.694234+00:00
C-944a10fb,0.3897118962281278,0,20260726T102553,2026-07-26T10:26:41.694234+00:00
C-a063cce7,0.09754067461982414,0,20260726T102553,2026-07-26T10:26:41.694234+00:00
C-c5ecc231,0.531421030538913,1,20260726T102553,2026-07-26T10:26:41.694234+00:00
C-04fb4ff2,0.7648584474847487,1,20260726T102553,2026-07-26T10:26:41.694234+00:00
C-ffcc82ca,0.36567534191090395,0,20260726T102553,2026-07-26T10:26:41.694234+00:00
C-b0e1b203,0.5619194089114594,1,20260726T102553,2026-07-26T10:26:41.694234+00:00
C-a1a5d2d2,0.48577752696380794,0,20260726T102553,2026-07-26T10:26:41.694234+00:00
C-b4349db4,0.46379649912574555,0,20260726T102553,2026-07-26T10:26:41.694234+00:00
C-a6891148,0.8141035815077382,1,20260726T102553,2026-07-26T10:26:41.694234+00:00
C-9966b2c3,0.63368536742146,1,20260726T102553,2026-07-26T10:26:41.694234+00:00
C-9b03512d,0.3864583095606543,0,20260726T102553,2026-07-26T10:26:41.694234+00:00
C-2e75964f,0.09352220004248984,0,20260726T102553,2026-07-26T10:26:41.694234+00:00
C-7d5eea7a,0.39924072365481267,0,20260726T102553,2026-07-26T10:26:41.694234+00:00
C-c989e3f6,0.4035364303256077,0,20260726T102553,2026-07-26T10:26:41.694234+00:00
C-95c6d980,0.7580239842442807,1,20260726T102553,2026-07-26T10:26:41.694234+00:00
C-5c86ef33,0.3330385787865182,0,20260726T102553,2026-07-26T10:26:41.694234+00:00
C-9d51f409,0.20514061788121962,0,20260726T102553,2026-07-26T10:26:41.694234+00:00
C-20641386,0.7442296207301707,1,20260726T102553,2026-07-26T10:26:41.694234+00:00
C-d4e8917f,0.7964756406454797,1,20260726T102553,2026-07-26T10:26:41.694234+00:00
C-5585f166,0.5063122449188823,1,20260726T102553,2026-07-26T10:26:41.694234+00:00
C-bf63e95c,0.5885799713350032,1,20260726T102553,2026-07-26T10:26:41.694234+00:00
C-e5548986,0.0848783195946822,0,20260726T102553,2026-07-26T10:26:41.694234+00:00
C-b90649dd,0.36786503907495094,0,20260726T102553,2026-07-26T10:26:41.694234+00:00
C-9c8ad498,0.104850985180962,0,20260726T102553,2026-07-26T10:26:41.694234+00:00
C-1a29128c,0.3490338264522537,0,20260726T102553,2026-07-26T10:26:41.694234+00:00
C-39bce1f1,0.6454198686074647,1,20260726T102553,2026-07-26T10:26:41.694234+00:00
C-670fd899,0.878939290428127,1,20260726T102553,2026-07-26T10:26:41.694234+00:00
C-1ed438ae,0.19267118721722026,0,20260726T102553,2026-07-26T10:26:41.694234+00:00
C-5b61300f,0.10725009435287776,0,20260726T102553,2026-07-26T10:26:41.694234+00:00
C-9fb62438,0.46672567331869896,0,20260726T102553,2026-07-26T10:26:41.694234+00:00
C-4349d0df,0.6764966677104085,1,20260726T102553,2026-07-26T10:26:41.694234+00:00
C-377447f2,0.08492618985712841,0,20260726T102553,2026-07-26T10:26:41.694234+00:00
C-b28d9ff0,0.40474216681244113,0,20260726T102553,2026-07-26T10:26:41.694234+00:00
C-bfb75cce,0.20584611221889612,0,20260726T102553,2026-07-26T10:26:41.694234+00:00
C-3dece0df,0.8995169575712477,1,20260726T102553,2026-07-26T10:26:41.694234+00:00
C-e7eb3814,0.3991504665629689,0,20260726T102553,2026-07-26T10:26:41.694234+00:00
C-f15ded79,0.6462193061886248,1,20260726T102553,2026-07-26T10:26:41.694234+00:00
C-0a31c52a,0.4977158490853548,0,20260726T102553,2026-07-26T10:26:41.694234+00:00
C-35d9ab75,0.8103511069411344,1,20260726T102553,2026-07-26T10:26:41.694234+00:00
C-5f6ea195,0.7672527768226621,1,20260726T102553,2026-07-26T10:26:41.694234+00:00
C-ea328c12,0.04635101288029081,0,20260726T102553,2026-07-26T10:26:41.694234+00:00
C-a822e60a,0.41202722169889094,0,20260726T102553,2026-07-26T10:26:41.694234+00:00
C-299ed4b0,0.9115390066690179,1,20260726T102553,2026-07-26T10:26:41.694234+00:00
C-1b769b16,0.38320228819170893,0,20260726T102553,2026-07-26T10:26:41.694234+00:00
C-1d472db5,0.09816111571304185,0,20260726T102553,2026-07-26T10:26:41.694234+00:00
C-68c546d4,0.6437211447077952,1,20260726T102553,2026-07-26T10:26:41.694234+00:00
C-8b293005,0.46828502719567955,0,20260726T102553,2026-07-26T10:26:41.694234+00:00
C-6715a3d5,0.6996761723917833,1,20260726T102553,2026-07-26T10:26:41.694234+00:00
C-1a354566,0.15836362462207026,0,20260726T102553,2026-07-26T10:26:41.694234+00:00
C-f6a07807,0.28613070575568766,0,20260726T102553,2026-07-26T10:26:41.694234+00:00
C-dd5c6a82,0.38079267052622146,0,20260726T102553,2026-07-26T10:26:41.694234+00:00
C-330a6fcf,0.44312428675662763,0,20260726T102553,2026-07-26T10:26:41.694234+00:00
C-663aa0e9,0.6211515831060304,1,20260726T102553,2026-07-26T10:26:41.694234+00:00
C-aecee3da,0.839552941555689,1,20260726T102553,2026-07-26T10:26:41.694234+00:00
C-eb6e322f,0.5300449115997143,1,20260726T102553,2026-07-26T10:26:41.694234+00:00
C-7c596632,0.6329081209195172,1,20260726T102553,2026-07-26T10:26:41.694234+00:00
C-9621de28,0.5785575419943294,1,20260726T102553,2026-07-26T10:26:41.694234+00:00
C-8ca8bb2b,0.8421511876516324,1,20260726T102553,2026-07-26T10:26:41.694234+00:00
C-2a85dd60,0.7210533207332632,1,20260726T102553,2026-07-26T10:26:41.694234+00:00
C-ad8a4a58,0.8983431685663993,1,20260726T102553,2026-07-26T10:26:41.694234+00:00
C-0c014add,0.6294913953112373,1,20260726T102553,2026-07-26T10:26:41.694234+00:00
C-34470f24,0.16321110549012402,0,20260726T102553,2026-07-26T10:26:41.694234+00:00
C-b3242ed3,0.49432545611914797,0,20260726T102553,2026-07-26T10:26:41.694234+00:00
C-ed4beca8,0.021868640744959738,0,20260726T102553,2026-07-26T10:26:41.694234+00:00
C-2f0ef0f7,0.38172705273611063,0,20260726T102553,2026-07-26T10:26:41.694234+00:00
C-e7e96f06,0.1046896880001974,0,20260726T102553,2026-07-26T10:26:41.694234+00:00
C-0d27a387,0.43108362987556004,0,20260726T102553,2026-07-26T10:26:41.694234+00:00
C-29d05f5a,0.14924796749835226,0,20260726T102553,2026-07-26T10:26:41.694234+00:00
C-0ac4cdbb,0.030763343538071367,0,20260726T102553,2026-07-26T10:26:41.694234+00:00
C-ba391204,0.5912206586835536,1,20260726T102553,2026-07-26T10:26:41.694234+00:00
C-ec4974fc,0.7546737969513991,1,20260726T102553,2026-07-26T10:26:41.694234+00:00
C-27684e72,0.042599770017119995,0,20260726T102553,2026-07-26T10:26:41.694234+00:00
C-e4329cc2,0.02911057109039866,0,20260726T102553,2026-07-26T10:26:41.694234+00:00
C-90c08ffe,0.3542244160116984,0,20260726T102553,2026-07-26T10:26:41.694234+00:00
C-e7fb81d3,0.2601548691532351,0,20260726T102553,2026-07-26T10:26:41.694234+00:00
C-1547e497,0.4738972641990747,0,20260726T102553,2026-07-26T10:26:41.694234+00:00
C-a099edc9,0.4556386766987044,0,20260726T102553,2026-07-26T10:26:41.694234+00:00
C-b91cf7ef,0.8452147317438863,1,20260726T102553,2026-07-26T10:26:41.694234+00:00
C-3380a461,0.16758037368816425,0,20260726T102553,2026-07-26T10:26:41.694234+00:00
C-3d6e92ab,0.8450900664567683,1,20260726T102553,2026-07-26T10:26:41.694234+00:00
C-c69cd40a,0.2355875981333663,0,20260726T102553,2026-07-26T10:26:41.694234+00:00
C-92857706,0.2931466244952015,0,20260726T102553,2026-07-26T10:26:41.694234+00:00
C-a3c90e9f,0.02674685475158731,0,20260726T102553,2026-07-26T10:26:41.694234+00:00
C-1d01ef43,0.053920726275631485,0,20260726T102553,2026-07-26T10:26:41.694234+00:00
C-c81e86b0,0.3425414818192332,0,20260726T102553,2026-07-26T10:26:41.694234+00:00
C-7cd54a6a,0.48684081991977435,0,20260726T102553,2026-07-26T10:26:41.694234+00:00
C-1f37a15d,0.7559373488123549,1,20260726T102553,2026-07-26T10:26:41.694234+00:00
C-db05494d,0.10002617356320835,0,20260726T102553,2026-07-26T10:26:41.694234+00:00
C-0cb8eeb9,0.26189766471269443,0,20260726T102553,2026-07-26T10:26:41.694234+00:00
C-515a6016,0.47967191738319437,0,20260726T102553,2026-07-26T10:26:41.694234+00:00
C-90940d98,0.4026150016895063,0,20260726T102553,2026-07-26T10:26:41.694234+00:00
C-b4ce80ce,0.9212102233534213,1,20260726T102553,2026-07-26T10:26:41.694234+00:00
C-eb719313,0.14990728291812128,0,20260726T102553,2026-07-26T10:26:41.694234+00:00
C-9bcab5cc,0.7904711751864779,1,20260726T102553,2026-07-26T10:26:41.694234+00:00
C-cf1f526f,0.37199033723776564,0,20260726T102553,2026-07-26T10:26:41.694234+00:00
C-f3400db8,0.4053138860546335,0,20260726T102553,2026-07-26T10:26:41.694234+00:00
C-bfd1ce69,0.44112148653189864,0,20260726T102553,2026-07-26T10:26:41.694234+00:00
C-122a645e,0.6730402471563139,1,20260726T102553,2026-07-26T10:26:41.694234+00:00
C-16d3005a,0.6820540212216891,1,20260726T102553,2026-07-26T10:26:41.694234+00:00
C-90fc0f4f,0.5413206580602024,1,20260726T102553,2026-07-26T10:26:41.694234+00:00
C-7f906a00,0.5938701254536939,1,20260726T102553,2026-07-26T10:26:41.694234+00:00
C-c3771ed4,0.842553432247439,1,20260726T102553,2026-07-26T10:26:41.694234+00:00
C-7e2188db,0.8548876371954167,1,20260726T102553,2026-07-26T10:26:41.694234+00:00
C-d0358f18,0.752309242333296,1,20260726T102553,2026-07-26T10:26:41.694234+00:00
C-4fbc6e8d,0.9229824815852223,1,20260726T102553,2026-07-26T10:26:41.694234+00:00
C-f2f49c08,0.6816299200985374,1,20260726T102553,2026-07-26T10:26:41.694234+00:00
C-67b4e6df,0.36525500676569195,0,20260726T102553,2026-07-26T10:26:41.694234+00:00
C-e727ea82,0.10278398497303497,0,20260726T102553,2026-07-26T10:26:41.694234+00:00
C-f18312bd,0.701234682059119,1,20260726T102553,2026-07-26T10:26:41.694234+00:00
C-f962b95f,0.14398471893443004,0,20260726T102553,2026-07-26T10:26:41.694234+00:00
C-546330b4,0.7981460620362908,1,20260726T102553,2026-07-26T10:26:41.694234+00:00
C-fd6f4ef8,0.6774621478546308,1,20260726T102553,2026-07-26T10:26:41.694234+00:00
C-12d1fd79,0.7685712767966235,1,20260726T102553,2026-07-26T10:26:41.694234+00:00
C-54c63879,0.7653692873834318,1,20260726T102553,2026-07-26T10:26:41.694234+00:00
C-6c752abe,0.9352133974563284,1,20260726T102553,2026-07-26T10:26:41.694234+00:00
C-73708121,0.1749554582708945,0,20260726T102553,2026-07-26T10:26:41.694234+00:00
C-c38a173b,0.02684243885327155,0,20260726T102553,2026-07-26T10:26:41.694234+00:00
C-9a429709,0.3182461031554905,0,20260726T102553,2026-07-26T10:26:41.694234+00:00
C-1d0de08e,0.7406740610609466,1,20260726T102553,2026-07-26T10:26:41.694234+00:00
C-83e8c9ab,0.32087924019635866,0,20260726T102553,2026-07-26T10:26:41.694234+00:00
C-b11c7eb3,0.08769255863575359,0,20260726T102553,2026-07-26T10:26:41.694234+00:00
C-03a78cb8,0.29167046455106643,0,20260726T102553,2026-07-26T10:26:41.694234+00:00
C-624d1795,0.15520273086015013,0,20260726T102553,2026-07-26T10:26:41.694234+00:00
C-569623ed,0.028078181018020756,0,20260726T102553,2026-07-26T10:26:41.694234+00:00
C-5ea549d7,0.9245247266450165,1,20260726T102553,2026-07-26T10:26:41.694234+00:00
C-4fba5718,0.4649787377677275,0,20260726T102553,2026-07-26T10:26:41.694234+00:00
C-0331fbe7,0.29906306185244347,0,20260726T102553,2026-07-26T10:26:41.694234+00:00
C-175ec61d,0.030861219179614097,0,20260726T102553,2026-07-26T10:26:41.694234+00:00
C-df67723f,0.513948858791886,1,20260726T102553,2026-07-26T10:26:41.694234+00:00
C-614f6cd0,0.4495764333620746,0,20260726T102553,2026-07-26T10:26:41.694234+00:00
C-a004d9a6,0.6066928073626163,1,20260726T102553,2026-07-26T10:26:41.694234+00:00
C-d9fe37c1,0.3262415257935914,0,20260726T102553,2026-07-26T10:26:41.694234+00:00
C-fcad1e6b,0.1893277819145506,0,20260726T102553,2026-07-26T10:26:41.694234+00:00
C-c64486bd,0.5054193121329152,1,20260726T102553,2026-07-26T10:26:41.694234+00:00
C-cc93ece7,0.09709620675462025,0,20260726T102553,2026-07-26T10:26:41.694234+00:00
C-fa02d2cd,0.7917854055046927,1,20260726T102553,2026-07-26T10:26:41.694234+00:00
C-f49f7b3f,0.541741478906317,1,20260726T102553,2026-07-26T10:26:41.694234+00:00
C-4dfefc19,0.7195521019439678,1,20260726T102553,2026-07-26T10:26:41.694234+00:00
C-2085e028,0.055743622680318475,0,20260726T102553,2026-07-26T10:26:41.694234+00:00
C-66db2501,0.706747637749066,1,20260726T102553,2026-07-26T10:26:41.694234+00:00
C-e49c1391,0.8857400861032737,1,20260726T102553,2026-07-26T10:26:41.694234+00:00
C-8bd963c9,0.7756504651030879,1,20260726T102553,2026-07-26T10:26:41.694234+00:00
C-79da5c35,0.7957496021373912,1,20260726T102553,2026-07-26T10:26:41.694234+00:00
C-1d960af8,0.13624549536419,0,20260726T102553,2026-07-26T10:26:41.694234+00:00
C-ca97d4ce,0.09400266943683912,0,20260726T102553,2026-07-26T10:26:41.694234+00:00
C-c2e72733,0.5265766836669665,1,20260726T102553,2026-07-26T10:26:41.694234+00:00
C-eada86ed,0.09329610829634657,0,20260726T102553,2026-07-26T10:26:41.694234+00:00
C-ad0e00f6,0.7384465829499259,1,20260726T102553,2026-07-26T10:26:41.694234+00:00
C-62dcf900,0.2941963655842789,0,20260726T102553,2026-07-26T10:26:41.694234+00:00
C-6d0c1ab0,0.6480281266071813,1,20260726T102553,2026-07-26T10:26:41.694234+00:00
C-bbfb9c4b,0.6696545042316463,1,20260726T102553,2026-07-26T10:26:41.694234+00:00
C-f647d990,0.38087353976207344,0,20260726T102553,2026-07-26T10:26:41.694234+00:00
C-fab6ced9,0.5106630563496072,1,20260726T102553,2026-07-26T10:26:41.694234+00:00
C-c48358f0,0.6675279518737162,1,20260726T102553,2026-07-26T10:26:41.694234+00:00
C-8615e4d1,0.06692115924631867,0,20260726T102553,2026-07-26T10:26:41.694234+00:00
C-55a5837e,0.021456412870313402,0,20260726T102553,2026-07-26T10:26:41.694234+00:00
C-63461e42,0.5900075278558835,1,20260726T102553,2026-07-26T10:26:41.694234+00:00
C-048858f7,0.40697794346646526,0,20260726T102553,2026-07-26T10:26:41.694234+00:00
C-44980c97,0.6543999555510934,1,20260726T102553,2026-07-26T10:26:41.694234+00:00
C-4e5fed39,0.046162992920573964,0,20260726T102553,2026-07-26T10:26:41.694234+00:00
C-bf28c4a6,0.11355363584975244,0,20260726T102553,2026-07-26T10:26:41.694234+00:00
C-8202d70e,0.7597490628321603,1,20260726T102553,2026-07-26T10:26:41.694234+00:00
C-75eb683a,0.4659569523109505,0,20260726T102553,2026-07-26T10:26:41.694234+00:00
C-18ef2a9c,0.7440425660530282,1,20260726T102553,2026-07-26T10:26:41.694234+00:00
C-547c334e,0.4745331229479421,0,20260726T102553,2026-07-26T10:26:41.694234+00:00
C-b425724b,0.10385405090577883,0,20260726T102553,2026-07-26T10:26:41.694234+00:00
C-11525c74,0.2628176004201957,0,20260726T102553,2026-07-26T10:26:41.694234+00:00
C-31c7ae54,0.2569701864462546,0,20260726T102553,2026-07-26T10:26:41.694234+00:00
C-0dc6339e,0.5301293500629095,1,20260726T102553,2026-07-26T10:26:41.694234+00:00
C-5e3eeaed,0.021890755302139873,0,20260726T102553,2026-07-26T10:26:41.694234+00:00
C-ed7faf43,0.16727931288586884,0,20260726T102553,2026-07-26T10:26:41.694234+00:00
C-f5b0af7f,0.7791459961159771,1,20260726T102553,2026-07-26T10:26:41.694234+00:00
C-fdf9eee7,0.14976768191685463,0,20260726T102553,2026-07-26T10:26:41.694234+00:00
C-f5a3b531,0.201654623669296,0,20260726T102553,2026-07-26T10:26:41.694234+00:00
C-af944d1a,0.1917385939703942,0,20260726T102553,2026-07-26T10:26:41.694234+00:00
C-30965c0e,0.8362034211237495,1,20260726T102553,2026-07-26T10:26:41.694234+00:00
C-060cbfcb,0.3719251547085331,0,20260726T102553,2026-07-26T10:26:41.694234+00:00
C-8c1f23a6,0.11854853212043943,0,20260726T102553,2026-07-26T10:26:41.694234+00:00
C-4181ec4a,0.40529400270535043,0,20260726T102553,2026-07-26T10:26:41.694234+00:00
C-a7c95569,0.8846311945765426,1,20260726T102553,2026-07-26T10:26:41.694234+00:00
C-2efebde3,0.8776807821377289,1,20260726T102553,2026-07-26T10:26:41.694234+00:00
C-82a30416,0.027159789507671464,0,20260726T102553,2026-07-26T10:26:41.694234+00:00
C-d5bf00c1,0.30375017859124626,0,20260726T102553,2026-07-26T10:26:41.694234+00:00
C-30fa2395,0.7513977015589213,1,20260726T102553,2026-07-26T10:26:41.694234+00:00
C-a94ce9ed,0.7667264087779389,1,20260726T102553,2026-07-26T10:26:41.694234+00:00
C-c1a2ee78,0.45851275087390797,0,20260726T102553,2026-07-26T10:26:41.694234+00:00
C-86e4576d,0.7169831267933463,1,20260726T102553,2026-07-26T10:26:41.694234+00:00
C-a9d1fdf9,0.17734501227703037,0,20260726T102553,2026-07-26T10:26:41.694234+00:00
C-993de28a,0.1498327610619694,0,20260726T102553,2026-07-26T10:26:41.694234+00:00
C-460cb387,0.46731209085382786,0,20260726T102553,2026-07-26T10:26:41.694234+00:00
C-b0c8ba0c,0.3831336369691313,0,20260726T102553,2026-07-26T10:26:41.694234+00:00
C-f320df01,0.2945097280576941,0,20260726T102553,2026-07-26T10:26:41.694234+00:00
C-31e3609d,0.1255554773725154,0,20260726T102553,2026-07-26T10:26:41.694234+00:00
C-34aa3080,0.3708796448219242,0,20260726T102553,2026-07-26T10:26:41.694234+00:00
C-c74464a6,0.16558719837508004,0,20260726T102553,2026-07-26T10:26:41.694234+00:00
C-cdd98ddd,0.0340225142051523,0,20260726T102553,2026-07-26T10:26:41.694234+00:00
C-c01d0648,0.4163056197167516,0,20260726T102553,2026-07-26T10:26:41.694234+00:00
C-8150d689,0.4664001371188612,0,20260726T102553,2026-07-26T10:26:41.694234+00:00
C-b8d8f1d0,0.8365156419502355,1,20260726T102553,2026-07-26T10:26:41.694234+00:00
C-27b05ae9,0.11866980855328334,0,20260726T102553,2026-07-26T10:26:41.694234+00:00
C-f16c645c,0.1965750333196575,0,20260726T102553,2026-07-26T10:26:41.694234+00:00
C-8b5d2450,0.04016262992358163,0,20260726T102553,2026-07-26T10:26:41.694234+00:00
C-760c35d0,0.32315278988894686,0,20260726T102553,2026-07-26T10:26:41.694234+00:00
C-50f139d0,0.3209894019323153,0,20260726T102553,2026-07-26T10:26:41.694234+00:00
C-55fee674,0.19826876413290143,0,20260726T102553,2026-07-26T10:26:41.694234+00:00
C-003704be,0.8833478094017474,1,20260726T102553,2026-07-26T10:26:41.694234+00:00
C-5e1bf81e,0.6693553369291723,1,20260726T102553,2026-07-26T10:26:41.694234+00:00
C-9702af1a,0.5032150888991423,1,20260726T102553,2026-07-26T10:26:41.694234+00:00
C-ab5ba9db,0.6325958427421312,1,20260726T102553,2026-07-26T10:26:41.694234+00:00
C-9dc6e54d,0.04991556903403599,0,20260726T102553,2026-07-26T10:26:41.694234+00:00
C-f9d0184d,0.48506586044537264,0,20260726T102553,2026-07-26T10:26:41.694234+00:00
C-eb87b216,0.6585140292477724,1,20260726T102553,2026-07-26T10:26:41.694234+00:00
C-3058d8bd,0.527671349207943,1,20260726T102553,2026-07-26T10:26:41.694234+00:00
C-3bd18c03,0.28793871033238555,0,20260726T102553,2026-07-26T10:26:41.694234+00:00
C-ac05e877,0.6923533851683736,1,20260726T102553,2026-07-26T10:26:41.694234+00:00
C-700f4a81,0.5143827851195939,1,20260726T102553,2026-07-26T10:26:41.694234+00:00
C-26ec1c8f,0.7049297604364081,1,20260726T102553,2026-07-26T10:26:41.694234+00:00
C-c5371046,0.8001618740574717,1,20260726T102553,2026-07-26T10:26:41.694234+00:00
C-e149fd03,0.4695614933558624,0,20260726T102553,2026-07-26T10:26:41.694234+00:00
C-43b323f5,0.19040797738796103,0,20260726T102553,2026-07-26T10:26:41.694234+00:00
C-63175f9e,0.4679055926842728,0,20260726T102553,2026-07-26T10:26:41.694234+00:00
C-9c3f817d,0.6834005101703962,1,20260726T102553,2026-07-26T10:26:41.694234+00:00
C-862b0944,0.32253464767167106,0,20260726T102553,2026-07-26T10:26:41.694234+00:00
C-dbab46d8,0.40509200185977,0,20260726T102553,2026-07-26T10:26:41.694234+00:00
C-b2005b26,0.9018775971213661,1,20260726T102553,2026-07-26T10:26:41.694234+00:00
C-f39e5a60,0.9029086319430745,1,20260726T102553,2026-07-26T10:26:41.694234+00:00
C-d5db7502,0.09803664751160175,0,20260726T102553,2026-07-26T10:26:41.694234+00:00
C-5f56e967,0.11786538228188018,0,20260726T102553,2026-07-26T10:26:41.694234+00:00
C-b87167c5,0.7400213988960266,1,20260726T102553,2026-07-26T10:26:41.694234+00:00
C-a80f2129,0.5130252188307138,1,20260726T102553,2026-07-26T10:26:41.694234+00:00
C-21872ab4,0.4204560155382742,0,20260726T102553,2026-07-26T10:26:41.694234+00:00
C-18ec8ca7,0.11826879192514318,0,20260726T102553,2026-07-26T10:26:41.694234+00:00
C-35ae7397,0.5747817849934651,1,20260726T102553,2026-07-26T10:26:41.694234+00:00
C-24a50519,0.829798251771573,1,20260726T102553,2026-07-26T10:26:41.694234+00:00
C-a74f24a9,0.9146079351621378,1,20260726T102553,2026-07-26T10:26:41.694234+00:00
C-1e6e5dc5,0.10833522596241371,0,20260726T102553,2026-07-26T10:26:41.694234+00:00
C-5d5c0982,0.17059320931505434,0,20260726T102553,2026-07-26T10:26:41.694234+00:00
C-9913c62d,0.7946571430531996,1,20260726T102553,2026-07-26T10:26:41.694234+00:00
C-21c9aade,0.3711005087714578,0,20260726T102553,2026-07-26T10:26:41.694234+00:00
C-cb7a6495,0.31752966801159005,0,20260726T102553,2026-07-26T10:26:41.694234+00:00
C-f7247861,0.11415804828637761,0,20260726T102553,2026-07-26T10:26:41.694234+00:00
C-9c5c95af,0.49573708522521737,0,20260726T102553,2026-07-26T10:26:41.694234+00:00
C-8d340d74,0.087313192979125,0,20260726T102553,2026-07-26T10:26:41.694234+00:00
C-e4101c0a,0.2645370677835136,0,20260726T102553,2026-07-26T10:26:41.694234+00:00
C-e6227d78,0.3446921392094721,0,20260726T102553,2026-07-26T10:26:41.694234+00:00
C-e4adb64f,0.39087585859157903,0,20260726T102553,2026-07-26T10:26:41.694234+00:00
C-81b4cab6,0.560709147597892,1,20260726T102553,2026-07-26T10:26:41.694234+00:00
C-a1ff8423,0.1604258918052481,0,20260726T102553,2026-07-26T10:26:41.694234+00:00
C-af1def87,0.0842593275171742,0,20260726T102553,2026-07-26T10:26:41.694234+00:00
C-ce154e4f,0.6648416169215272,1,20260726T102553,2026-07-26T10:26:41.694234+00:00
C-9a247097,0.7904732363099658,1,20260726T102553,2026-07-26T10:26:41.694234+00:00
C-c33d8ce5,0.11770643583966645,0,20260726T102553,2026-07-26T10:26:41.694234+00:00
C-5761c465,0.5856183057416829,1,20260726T102553,2026-07-26T10:26:41.694234+00:00
C-9ef1c476,0.7852232395795339,1,20260726T102553,2026-07-26T10:26:41.694234+00:00
C-5535d3d1,0.7505100113768383,1,20260726T102553,2026-07-26T10:26:41.694234+00:00
C-a8cf5c18,0.375574207818623,0,20260726T102553,2026-07-26T10:26:41.694234+00:00
C-ba39b9c1,0.8944963882745581,1,20260726T102553,2026-07-26T10:26:41.694234+00:00
C-d035a132,0.10154179013757947,0,20260726T102553,2026-07-26T10:26:41.694234+00:00
C-e0c678f2,0.885208181781288,1,20260726T102553,2026-07-26T10:26:41.694234+00:00
C-35fb703b,0.09664452695260393,0,20260726T102553,2026-07-26T10:26:41.694234+00:00
C-40ec90a4,0.258914951696131,0,20260726T102553,2026-07-26T10:26:41.694234+00:00
C-de6ae7f2,0.06487971751601207,0,20260726T102553,2026-07-26T10:26:41.694234+00:00
C-c69d6b96,0.581481285065571,1,20260726T102553,2026-07-26T10:26:41.694234+00:00
C-de00ff42,0.6611916919094813,1,20260726T102553,2026-07-26T10:26:41.694234+00:00
C-c439309e,0.43374866257547523,0,20260726T102553,2026-07-26T10:26:41.694234+00:00
C-8c1553ef,0.1152363555349199,0,20260726T102553,2026-07-26T10:26:41.694234+00:00
C-73de0f43,0.57932846108506,1,20260726T102553,2026-07-26T10:26:41.694234+00:00
C-d75a2e02,0.40211682770919155,0,20260726T102553,2026-07-26T10:26:41.694234+00:00
C-951e7090,0.13403204586157993,0,20260726T102553,2026-07-26T10:26:41.694234+00:00
C-15335cc5,0.8104690079304807,1,20260726T102553,2026-07-26T10:26:41.694234+00:00
C-e1cdac2e,0.4516925691570561,0,20260726T102553,2026-07-26T10:26:41.694234+00:00
C-622f2f07,0.7819601705460459,1,20260726T102553,2026-07-26T10:26:41.694234+00:00
C-13362fef,0.8212795763404233,1,20260726T102553,2026-07-26T10:26:41.694234+00:00
C-3930a5d5,0.7023465582636428,1,20260726T102553,2026-07-26T10:26:41.694234+00:00
C-1104217d,0.8355684492634889,1,20260726T102553,2026-07-26T10:26:41.694234+00:00
C-352a8591,0.3310667309420566,0,20260726T102553,2026-07-26T10:26:41.694234+00:00
C-2ba11c22,0.639785498357184,1,20260726T102553,2026-07-26T10:26:41.694234+00:00
C-fa7ecf51,0.7548577717286493,1,20260726T102553,2026-07-26T10:26:41.694234+00:00
C-83da2635,0.6791588924564184,1,20260726T102553,2026-07-26T10:26:41.694234+00:00
C-d843a7b7,0.027835421190473417,0,20260726T102553,2026-07-26T10:26:41.694234+00:00
C-89c570f8,0.19692628340538645,0,20260726T102553,2026-07-26T10:26:41.694234+00:00
C-5da8b205,0.380324648592505,0,20260726T102553,2026-07-26T10:26:41.694234+00:00
C-5984ece4,0.8816865194013432,1,20260726T102553,2026-07-26T10:26:41.694234+00:00
C-63c7e8bd,0.7521874243988607,1,20260726T102553,2026-07-26T10:26:41.694234+00:00
C-448b50b3,0.7127192153344434,1,20260726T102553,2026-07-26T10:26:41.694234+00:00
C-2f5f4527,0.4905109806180854,0,20260726T102553,2026-07-26T10:26:41.694234+00:00
C-46089804,0.7068131768368358,1,20260726T102553,2026-07-26T10:26:41.694234+00:00
C-ab26cc68,0.1739479765596614,0,20260726T102553,2026-07-26T10:26:41.694234+00:00
C-c235fe7c,0.09568388318672626,0,20260726T102553,2026-07-26T10:26:41.694234+00:00
C-f09b8638,0.6411998065021488,1,20260726T102553,2026-07-26T10:26:41.694234+00:00
C-1e99b6dc,0.45170770916607605,0,20260726T102553,2026-07-26T10:26:41.694234+00:00
C-5d32bb48,0.6645805923012844,1,20260726T102553,2026-07-26T10:26:41.694234+00:00
C-9b5f4379,0.4447860756835499,0,20260726T102553,2026-07-26T10:26:41.694234+00:00
C-ad1458b4,0.5355312198623352,1,20260726T102553,2026-07-26T10:26:41.694234+00:00
C-1b557401,0.8268821595289721,1,20260726T102553,2026-07-26T10:26:41.694234+00:00
C-1eda6fb9,0.0537765940910178,0,20260726T102553,2026-07-26T10:26:41.694234+00:00
C-29254855,0.608458577673672,1,20260726T102553,2026-07-26T10:26:41.694234+00:00
C-f663b9b0,0.6011751573358202,1,20260726T102553,2026-07-26T10:26:41.694234+00:00
C-7e345829,0.20297835894184013,0,20260726T102553,2026-07-26T10:26:41.694234+00:00
C-f7bf49ef,0.1730996188028909,0,20260726T102553,2026-07-26T10:26:41.694234+00:00
C-31860410,0.4080098534452986,0,20260726T102553,2026-07-26T10:26:41.694234+00:00
C-f1b9121f,0.09148493394798425,0,20260726T102553,2026-07-26T10:26:41.694234+00:00
C-bf3af790,0.15247939058887391,0,20260726T102553,2026-07-26T10:26:41.694234+00:00
C-ab4ffd45,0.10827185905556007,0,20260726T102553,2026-07-26T10:26:41.694234+00:00
C-c55d37b6,0.27025057157737203,0,20260726T102553,2026-07-26T10:26:41.694234+00:00
C-c6ccd64b,0.5540616639828743,1,20260726T102553,2026-07-26T10:26:41.694234+00:00
C-c8abe91a,0.8170529182442202,1,20260726T102553,2026-07-26T10:26:41.694234+00:00
C-51f3c502,0.9116153207511866,1,20260726T102553,2026-07-26T10:26:41.694234+00:00
C-83eb16b4,0.438164787267209,0,20260726T102553,2026-07-26T10:26:41.694234+00:00
C-75447469,0.9047479920992527,1,20260726T102553,2026-07-26T10:26:41.694234+00:00
C-a353334d,0.1450348567254945,0,20260726T102553,2026-07-26T10:26:41.694234+00:00
C-af9b07ec,0.6865336673661371,1,20260726T102553,2026-07-26T10:26:41.694234+00:00
C-bf067a70,0.5094345449782379,1,20260726T102553,2026-07-26T10:26:41.694234+00:00
C-3992653d,0.1471706509692754,0,20260726T102553,2026-07-26T10:26:41.694234+00:00
C-aecc165d,0.5290159143783525,1,20260726T102553,2026-07-26T10:26:41.694234+00:00
C-565878f9,0.35806602195561366,0,20260726T102553,2026-07-26T10:26:41.694234+00:00
C-f4c58bd9,0.7901187277989319,1,20260726T102553,2026-07-26T10:26:41.694234+00:00
C-411c1925,0.44985450343228595,0,20260726T102553,2026-07-26T10:26:41.694234+00:00
C-553ceecf,0.07413627340532547,0,20260726T102553,2026-07-26T10:26:41.694234+00:00
C-eb8eb85d,0.6326288797986808,1,20260726T102553,2026-07-26T10:26:41.694234+00:00
C-f15552b1,0.44939347998317525,0,20260726T102553,2026-07-26T10:26:41.694234+00:00
C-13605c6b,0.7565451572161589,1,20260726T102553,2026-07-26T10:26:41.694234+00:00
C-e384c561,0.6410417142406162,1,20260726T102553,2026-07-26T10:26:41.694234+00:00
C-f8126c31,0.28840358855777504,0,20260726T102553,2026-07-26T10:26:41.694234+00:00
C-25525001,0.020122785224903898,0,20260726T102553,2026-07-26T10:26:41.694234+00:00
C-ad5fdf57,0.5101109783195283,1,20260726T102553,2026-07-26T10:26:41.694234+00:00
C-97644806,0.15796333402082527,0,20260726T102553,2026-07-26T10:26:41.694234+00:00
C-f42ba5e0,0.7570546365201895,1,20260726T102553,2026-07-26T10:26:41.694234+00:00
C-8c13201e,0.5913993822631616,1,20260726T102553,2026-07-26T10:26:41.694234+00:00
C-64816a65,0.6900231020751818,1,20260726T102553,2026-07-26T10:26:41.694234+00:00
C-8be6a924,0.19394901063974862,0,20260726T102553,2026-07-26T10:26:41.694234+00:00
C-127c4347,0.7680449303095698,1,20260726T102553,2026-07-26T10:26:41.694234+00:00
C-5a0276dc,0.8660661937004457,1,20260726T102553,2026-07-26T10:26:41.694234+00:00
C-da671f20,0.362647447158799,0,20260726T102553,2026-07-26T10:26:41.694234+00:00
C-97e9759d,0.5901125855881804,1,20260726T102553,2026-07-26T10:26:41.694234+00:00
C-3ba5e338,0.34849813057016094,0,20260726T102553,2026-07-26T10:26:41.694234+00:00
C-757d5bfa,0.8076941065377392,1,20260726T102553,2026-07-26T10:26:41.694234+00:00
C-ef8c4f65,0.7803655183783487,1,20260726T102553,2026-07-26T10:26:41.694234+00:00
C-5382dc81,0.5850031893390082,1,20260726T102553,2026-07-26T10:26:41.694234+00:00
C-1cd400b8,0.3207997591307207,0,20260726T102553,2026-07-26T10:26:41.694234+00:00
C-6f5af1bf,0.27450453393932756,0,20260726T102553,2026-07-26T10:26:41.694234+00:00
C-df68bd37,0.3798073857616265,0,20260726T102553,2026-07-26T10:26:41.694234+00:00
C-f5ea9757,0.04895241923013786,0,20260726T102553,2026-07-26T10:26:41.694234+00:00
C-b049cf8d,0.8256422626623295,1,20260726T102553,2026-07-26T10:26:41.694234+00:00
C-315a935f,0.8018072973517362,1,20260726T102553,2026-07-26T10:26:41.694234+00:00
C-37c821bb,0.24649015456676432,0,20260726T102553,2026-07-26T10:26:41.694234+00:00
C-d32f9e3f,0.16145603578294612,0,20260726T102553,2026-07-26T10:26:41.694234+00:00
C-0158c78f,0.5492243348115128,1,20260726T102553,2026-07-26T10:26:41.694234+00:00
C-f7a51161,0.6456022552857323,1,20260726T102553,2026-07-26T10:26:41.694234+00:00
C-8d487605,0.1244381458185217,0,20260726T102553,2026-07-26T10:26:41.694234+00:00
C-f48d1a58,0.6382020795897814,1,20260726T102553,2026-07-26T10:26:41.694234+00:00
C-c342403f,0.8115836556241507,1,20260726T102553,2026-07-26T10:26:41.694234+00:00
C-83a0ebef,0.9226867252857455,1,20260726T102553,2026-07-26T10:26:41.694234+00:00
C-cad80ad2,0.9221093648980547,1,20260726T102553,2026-07-26T10:26:41.694234+00:00
C-b68c5308,0.14384438833195398,0,20260726T102553,2026-07-26T10:26:41.694234+00:00
C-d4d1665f,0.7518605196709826,1,20260726T102553,2026-07-26T10:26:41.694234+00:00
C-4f99b7af,0.508273374707549,1,20260726T102553,2026-07-26T10:26:41.694234+00:00
C-fb8f45d2,0.4758130027405022,0,20260726T102553,2026-07-26T10:26:41.694234+00:00
C-2fdce03c,0.8621527511621794,1,20260726T102553,2026-07-26T10:26:41.694234+00:00
C-2a70965f,0.5083549297672035,1,20260726T102553,2026-07-26T10:26:41.694234+00:00
C-5d1a8e92,0.5361778980173952,1,20260726T102553,2026-07-26T10:26:41.694234+00:00
C-f967f7b5,0.33069131486093845,0,20260726T102553,2026-07-26T10:26:41.694234+00:00
C-a53586a7,0.08081018669808065,0,20260726T102553,2026-07-26T10:26:41.694234+00:00
C-6919b933,0.43485079591026493,0,20260726T102553,2026-07-26T10:26:41.694234+00:00
C-031390e9,0.36946074524614236,0,20260726T102553,2026-07-26T10:26:41.694234+00:00
C-8b1a9246,0.05513010987612372,0,20260726T102553,2026-07-26T10:26:41.694234+00:00
C-758dda05,0.762125493073806,1,20260726T102553,2026-07-26T10:26:41.694234+00:00
C-55748ba6,0.5325668104530175,1,20260726T102553,2026-07-26T10:26:41.694234+00:00
C-ee0a01f7,0.643278264002269,1,20260726T102553,2026-07-26T10:26:41.694234+00:00
C-3198b9f5,0.3879442048269755,0,20260726T102553,2026-07-26T10:26:41.694234+00:00
C-f055855b,0.11979325596600761,0,20260726T102553,2026-07-26T10:26:41.694234+00:00
C-2652e3cf,0.13730645255744894,0,20260726T102553,2026-07-26T10:26:41.694234+00:00
C-68ec1c53,0.4598563455664651,0,20260726T102553,2026-07-26T10:26:41.694234+00:00
C-d0dede3f,0.1544665339053442,0,20260726T102553,2026-07-26T10:26:41.694234+00:00
C-645cd820,0.5417687694873711,1,20260726T102553,2026-07-26T10:26:41.694234+00:00
C-69b0cbac,0.8663240552853608,1,20260726T102553,2026-07-26T10:26:41.694234+00:00
C-d05a0f25,0.13979148449109566,0,20260726T102553,2026-07-26T10:26:41.694234+00:00
C-d55f65b3,0.08299557277010247,0,20260726T102553,2026-07-26T10:26:41.694234+00:00
C-605271a7,0.24712666359290117,0,20260726T102553,2026-07-26T10:26:41.694234+00:00
C-6591ee9a,0.5850812397865494,1,20260726T102553,2026-07-26T10:26:41.694234+00:00
C-fd581b28,0.7841433293726019,1,20260726T102553,2026-07-26T10:26:41.694234+00:00
C-9fa6a1b9,0.4574916014319983,0,20260726T102553,2026-07-26T10:26:41.694234+00:00
C-c7ab8f29,0.4712161974465565,0,20260726T102553,2026-07-26T10:26:41.694234+00:00
C-fc76eaed,0.10721661988907645,0,20260726T102553,2026-07-26T10:26:41.694234+00:00
C-9cb0e49c,0.8350368215436021,1,20260726T102553,2026-07-26T10:26:41.694234+00:00
C-f674efb9,0.02903949534477138,0,20260726T102553,2026-07-26T10:26:41.694234+00:00
C-fe1a2d3d,0.8425899751797831,1,20260726T102553,2026-07-26T10:26:41.694234+00:00
C-7df5ec38,0.3586742075927212,0,20260726T102553,2026-07-26T10:26:41.694234+00:00
C-8851fb0d,0.32915258047781065,0,20260726T102553,2026-07-26T10:26:41.694234+00:00
C-94c1608e,0.2548770944179144,0,20260726T102553,2026-07-26T10:26:41.694234+00:00
C-0959572c,0.3834259224786151,0,20260726T102553,2026-07-26T10:26:41.694234+00:00
C-aa382f29,0.352312260756416,0,20260726T102553,2026-07-26T10:26:41.694234+00:00
C-b98e75fb,0.14566703650056897,0,20260726T102553,2026-07-26T10:26:41.694234+00:00
C-5f921d37,0.1296993961987237,0,20260726T102553,2026-07-26T10:26:41.694234+00:00
C-c1769a06,0.5861605552766949,1,20260726T102553,2026-07-26T10:26:41.694234+00:00
C-705fc649,0.8637813210059975,1,20260726T102553,2026-07-26T10:26:41.694234+00:00
C-27800d87,0.20575892606008003,0,20260726T102553,2026-07-26T10:26:41.694234+00:00
C-c78e8cd3,0.29272784206542224,0,20260726T102553,2026-07-26T10:26:41.694234+00:00
C-f4669631,0.04917473044544991,0,20260726T102553,2026-07-26T10:26:41.694234+00:00
C-c59c6411,0.1264031408924017,0,20260726T102553,2026-07-26T10:26:41.694234+00:00
C-39cc8bad,0.201472914875775,0,20260726T102553,2026-07-26T10:26:41.694234+00:00
C-47c12996,0.7567307621959483,1,20260726T102553,2026-07-26T10:26:41.694234+00:00
C-8c9a2fbf,0.7103928283095482,1,20260726T102553,2026-07-26T10:26:41.694234+00:00
C-e934083c,0.3446204954645475,0,20260726T102553,2026-07-26T10:26:41.694234+00:00
C-36de8558,0.7655328880053937,1,20260726T102553,2026-07-26T10:26:41.694234+00:00
C-25618afc,0.5386064790330659,1,20260726T102553,2026-07-26T10:26:41.694234+00:00
C-2687c22c,0.19996271926940504,0,20260726T102553,2026-07-26T10:26:41.694234+00:00
C-c40b9760,0.5040427967786129,1,20260726T102553,2026-07-26T10:26:41.694234+00:00
C-a13f299f,0.08797126688693754,0,20260726T102553,2026-07-26T10:26:41.694234+00:00
C-4dfe27cf,0.8786083659604905,1,20260726T102553,2026-07-26T10:26:41.694234+00:00
C-3433a3c8,0.8285537491047168,1,20260726T102553,2026-07-26T10:26:41.694234+00:00
C-bd782c7f,0.40933744584831305,0,20260726T102553,2026-07-26T10:26:41.694234+00:00
C-fe9763cf,0.6929888958269524,1,20260726T102553,2026-07-26T10:26:41.694234+00:00
C-3dd3e09b,0.3434307931495217,0,20260726T102553,2026-07-26T10:26:41.694234+00:00
C-9c9dd45d,0.024076363216826862,0,20260726T102553,2026-07-26T10:26:41.694234+00:00
C-5fafb86b,0.3775119685543056,0,20260726T102553,2026-07-26T10:26:41.694234+00:00
C-6e6eac38,0.5320860283643182,1,20260726T102553,2026-07-26T10:26:41.694234+00:00
C-2c66265c,0.15574658386485982,0,20260726T102553,2026-07-26T10:26:41.694234+00:00
C-8f41d7e2,0.3930780166588673,0,20260726T102553,2026-07-26T10:26:41.694234+00:00
C-c90e8c5c,0.3734360987755536,0,20260726T102553,2026-07-26T10:26:41.694234+00:00
C-3962b532,0.09629962601229458,0,20260726T102553,2026-07-26T10:26:41.694234+00:00
C-2ff5f2ad,0.3595859338925633,0,20260726T102553,2026-07-26T10:26:41.694234+00:00
C-172dd01d,0.7847257023863616,1,20260726T102553,2026-07-26T10:26:41.694234+00:00
C-b708d42e,0.10674375934333347,0,20260726T102553,2026-07-26T10:26:41.694234+00:00
C-c5965f6a,0.7461129114717188,1,20260726T102553,2026-07-26T10:26:41.694234+00:00
C-f552fc38,0.19663084860801475,0,20260726T102553,2026-07-26T10:26:41.694234+00:00
C-a01a0104,0.39029954349939344,0,20260726T102553,2026-07-26T10:26:41.694234+00:00
C-471b4c32,0.10409787112716315,0,20260726T102553,2026-07-26T10:26:41.694234+00:00
C-71697616,0.842211033970767,1,20260726T102553,2026-07-26T10:26:41.694234+00:00
C-67a7d0f3,0.5471381111202551,1,20260726T102553,2026-07-26T10:26:41.694234+00:00
C-cb4d920f,0.7665768891409583,1,20260726T102553,2026-07-26T10:26:41.694234+00:00
C-ce1f7616,0.7522663355125329,1,20260726T102553,2026-07-26T10:26:41.694234+00:00
C-894b090b,0.29674533848541756,0,20260726T102553,2026-07-26T10:26:41.694234+00:00
C-71be7fd1,0.4864424090884532,0,20260726T102553,2026-07-26T10:26:41.694234+00:00
C-7b7d6454,0.7066617189064133,1,20260726T102553,2026-07-26T10:26:41.694234+00:00
C-fc7dfda1,0.6011541734694859,1,20260726T102553,2026-07-26T10:26:41.694234+00:00
C-e33f2f08,0.6922533403718614,1,20260726T102553,2026-07-26T10:26:41.694234+00:00
C-f0fdfdf2,0.17799661428614474,0,20260726T102553,2026-07-26T10:26:41.694234+00:00
C-db2aae10,0.36084800099629155,0,20260726T102553,2026-07-26T10:26:41.694234+00:00
C-9bf1b26e,0.4306685613153328,0,20260726T102553,2026-07-26T10:26:41.694234+00:00
C-8950b1a8,0.10099959876470994,0,20260726T102553,2026-07-26T10:26:41.694234+00:00
C-7c750cc7,0.6464329637945951,1,20260726T102553,2026-07-26T10:26:41.694234+00:00
C-7f69d5c3,0.07018529641381002,0,20260726T102553,2026-07-26T10:26:41.694234+00:00
C-030f7d53,0.470508124967027,0,20260726T102553,2026-07-26T10:26:41.694234+00:00
C-c7d77b03,0.5860455725697672,1,20260726T102553,2026-07-26T10:26:41.694234+00:00
C-a503a2b5,0.5446945473138607,1,20260726T102553,2026-07-26T10:26:41.694234+00:00
C-d9ecb037,0.1366097241896465,0,20260726T102553,2026-07-26T10:26:41.694234+00:00
C-bbaab3d2,0.07994655557997712,0,20260726T102553,2026-07-26T10:26:41.694234+00:00
C-d4481d97,0.8052032755076581,1,20260726T102553,2026-07-26T10:26:41.694234+00:00
C-0201e607,0.10059037878448931,0,20260726T102553,2026-07-26T10:26:41.694234+00:00
C-7e192883,0.6807172485624093,1,20260726T102553,2026-07-26T10:26:41.694234+00:00
C-67e30879,0.627084295653965,1,20260726T102553,2026-07-26T10:26:41.694234+00:00
C-628e6a07,0.033982906176199035,0,20260726T102553,2026-07-26T10:26:41.694234+00:00
C-694eb647,0.3929812320934807,0,20260726T102553,2026-07-26T10:26:41.694234+00:00
C-31b9c4a5,0.3471221510354407,0,20260726T102553,2026-07-26T10:26:41.694234+00:00
C-862dea71,0.751571946898443,1,20260726T102553,2026-07-26T10:26:41.694234+00:00
C-62a8994d,0.5276070239945343,1,20260726T102553,2026-07-26T10:26:41.694234+00:00
C-180fccfb,0.5023520634377348,1,20260726T102553,2026-07-26T10:26:41.694234+00:00
C-e9adc00c,0.32376803994080056,0,20260726T102553,2026-07-26T10:26:41.694234+00:00
C-1e03ce54,0.7880090794815567,1,20260726T102553,2026-07-26T10:26:41.694234+00:00
C-633ee135,0.05237101333476556,0,20260726T102553,2026-07-26T10:26:41.694234+00:00
C-7b0c6b65,0.7381939218474599,1,20260726T102553,2026-07-26T10:26:41.694234+00:00
C-ac5529a8,0.40967802850206264,0,20260726T102553,2026-07-26T10:26:41.694234+00:00
C-4924387d,0.11967218632969265,0,20260726T102553,2026-07-26T10:26:41.694234+00:00
C-5b72b568,0.034705315798329084,0,20260726T102553,2026-07-26T10:26:41.694234+00:00
C-06650185,0.8655289125965169,1,20260726T102553,2026-07-26T10:26:41.694234+00:00
C-c545d5f8,0.11149360858434952,0,20260726T102553,2026-07-26T10:26:41.694234+00:00
C-9c3cd70c,0.6721587045592223,1,20260726T102553,2026-07-26T10:26:41.694234+00:00
C-be9bef0e,0.46447471188644945,0,20260726T102553,2026-07-26T10:26:41.694234+00:00
C-3869f637,0.870381907827329,1,20260726T102553,2026-07-26T10:26:41.694234+00:00
C-51799fba,0.6736677848512491,1,20260726T102553,2026-07-26T10:26:41.694234+00:00
C-20a251c8,0.9107920501229064,1,20260726T102553,2026-07-26T10:26:41.694234+00:00
C-d3c18367,0.18510080558157643,0,20260726T102553,2026-07-26T10:26:41.694234+00:00
C-f6219d29,0.1507084257027513,0,20260726T102553,2026-07-26T10:26:41.694234+00:00
C-c3f032ac,0.08080702043675118,0,20260726T102553,2026-07-26T10:26:41.694234+00:00
C-efe76d81,0.08080641112318643,0,20260726T102553,2026-07-26T10:26:41.694234+00:00
C-301430e2,0.5129482582678406,1,20260726T102553,2026-07-26T10:26:41.694234+00:00
C-2331d090,0.028473881377768878,0,20260726T102553,2026-07-26T10:26:41.694234+00:00
C-49f0d3f2,0.5499991388693631,1,20260726T102553,2026-07-26T10:26:41.694234+00:00
C-c860abae,0.5111913508430371,1,20260726T102553,2026-07-26T10:26:41.694234+00:00
C-137efdfa,0.4630077401998241,0,20260726T102553,2026-07-26T10:26:41.694234+00:00
C-2e4e2b1a,0.7525820225916406,1,20260726T102553,2026-07-26T10:26:41.694234+00:00
C-9b11a684,0.8021130813956355,1,20260726T102553,2026-07-26T10:26:41.694234+00:00
C-15a1f3a0,0.12805730163217083,0,20260726T102553,2026-07-26T10:26:41.694234+00:00
C-441c763b,0.6201684087384504,1,20260726T102553,2026-07-26T10:26:41.694234+00:00
C-828bf539,0.04093128154338989,0,20260726T102553,2026-07-26T10:26:41.694234+00:00
C-3855ec2a,0.11445436036259243,0,20260726T102553,2026-07-26T10:26:41.694234+00:00
C-382e8738,0.10105781783376948,0,20260726T102553,2026-07-26T10:26:41.694234+00:00
C-c2f8d209,0.38174960775335076,0,20260726T102553,2026-07-26T10:26:41.694234+00:00
C-04fc278a,0.2277448822574203,0,20260726T102553,2026-07-26T10:26:41.694234+00:00
C-5119192c,0.9120789658630862,1,20260726T102553,2026-07-26T10:26:41.694234+00:00
C-e7940f8a,0.8767978339198153,1,20260726T102553,2026-07-26T10:26:41.694234+00:00
C-3f9cd5ec,0.8650093007558282,1,20260726T102553,2026-07-26T10:26:41.694234+00:00
C-5a967866,0.3528789960272343,0,20260726T102553,2026-07-26T10:26:41.694234+00:00
C-b01f7653,0.8041962865779287,1,20260726T102553,2026-07-26T10:26:41.694234+00:00
C-4c6380ea,0.11387695575398013,0,20260726T102553,2026-07-26T10:26:41.694234+00:00
C-c92ff224,0.7228190041467512,1,20260726T102553,2026-07-26T10:26:41.694234+00:00
C-a34a00d3,0.3007768762327865,0,20260726T102553,2026-07-26T10:26:41.694234+00:00
C-d26ce383,0.41689110680282965,0,20260726T102553,2026-07-26T10:26:41.694234+00:00
C-993c966a,0.3823036906734495,0,20260726T102553,2026-07-26T10:26:41.694234+00:00
C-4e9ac938,0.9150904983134508,1,20260726T102553,2026-07-26T10:26:41.694234+00:00
C-d21a3212,0.02979619377768557,0,20260726T102553,2026-07-26T10:26:41.694234+00:00
C-0c5807f5,0.8025326036897439,1,20260726T102553,2026-07-26T10:26:41.694234+00:00
C-6330afdb,0.6811661948271116,1,20260726T102553,2026-07-26T10:26:41.694234+00:00
C-8478cd3c,0.07144816305962616,0,20260726T102553,2026-07-26T10:26:41.694234+00:00
C-285eb741,0.2739104414391415,0,20260726T102553,2026-07-26T10:26:41.694234+00:00
C-89e4279c,0.32945774531418887,0,20260726T102553,2026-07-26T10:26:41.694234+00:00
C-5c5ee70e,0.6596272528451487,1,20260726T102553,2026-07-26T10:26:41.694234+00:00
C-06d3c062,0.8525349514690905,1,20260726T102553,2026-07-26T10:26:41.694234+00:00
C-05082557,0.06584894651788564,0,20260726T102553,2026-07-26T10:26:41.694234+00:00
C-6e5e6aeb,0.09389096772507337,0,20260726T102553,2026-07-26T10:26:41.694234+00:00
C-4e056d7d,0.7715752888085261,1,20260726T102553,2026-07-26T10:26:41.694234+00:00
C-0e573a9e,0.4075422846093613,0,20260726T102553,2026-07-26T10:26:41.694234+00:00
C-a8004a3c,0.4689060026523896,0,20260726T102553,2026-07-26T10:26:41.694234+00:00
C-8cf949eb,0.37394539396903326,0,20260726T102553,2026-07-26T10:26:41.694234+00:00
C-8cc832f4,0.49475583231830217,0,20260726T102553,2026-07-26T10:26:41.694234+00:00
C-c71b5db7,0.6551873652895188,1,20260726T102553,2026-07-26T10:26:41.694234+00:00
C-7ee31bd3,0.24012833149335053,0,20260726T102553,2026-07-26T10:26:41.694234+00:00
C-dd906a09,0.08929564147967813,0,20260726T102553,2026-07-26T10:26:41.694234+00:00
C-614570bb,0.132454869273586,0,20260726T102553,2026-07-26T10:26:41.694234+00:00
C-e1109eae,0.9017988350474891,1,20260726T102553,2026-07-26T10:26:41.694234+00:00
C-ab30d139,0.5133963735726258,1,20260726T102553,2026-07-26T10:26:41.694234+00:00
C-860fcb98,0.0968308270649841,0,20260726T102553,2026-07-26T10:26:41.694234+00:00
C-5dc00aaa,0.5285770179359106,1,20260726T102553,2026-07-26T10:26:41.694234+00:00
C-0f71eb01,0.47941359894538726,0,20260726T102553,2026-07-26T10:26:41.694234+00:00
C-cf6cd83c,0.740156757504816,1,20260726T102553,2026-07-26T10:26:41.694234+00:00
C-9e49aca4,0.12428665277592629,0,20260726T102553,2026-07-26T10:26:41.694234+00:00
C-5ac1d93a,0.23648445722337266,0,20260726T102553,2026-07-26T10:26:41.694234+00:00
C-dcf949b5,0.7924609020396032,1,20260726T102553,2026-07-26T10:26:41.694234+00:00
C-919c6e14,0.1939418593043532,0,20260726T102553,2026-07-26T10:26:41.694234+00:00
C-b61f6e30,0.3249664583490548,0,20260726T102553,2026-07-26T10:26:41.694234+00:00
C-419378df,0.7775482346906767,1,20260726T102553,2026-07-26T10:26:41.694234+00:00
C-1492d948,0.10322954506207263,0,20260726T102553,2026-07-26T10:26:41.694234+00:00
C-cce8d42a,0.5287107380037753,1,20260726T102553,2026-07-26T10:26:41.694234+00:00
C-6f85b60c,0.593150354062438,1,20260726T102553,2026-07-26T10:26:41.694234+00:00
C-2fb1314b,0.7858452605131567,1,20260726T102553,2026-07-26T10:26:41.694234+00:00
C-42efe895,0.03931850923876504,0,20260726T102553,2026-07-26T10:26:41.694234+00:00
C-fa812b61,0.05133617484200448,0,20260726T102553,2026-07-26T10:26:41.694234+00:00
C-21ab883d,0.9003841827306688,1,20260726T102553,2026-07-26T10:26:41.694234+00:00
C-e6755984,0.890971454194953,1,20260726T102553,2026-07-26T10:26:41.694234+00:00
C-32e38f11,0.5086971734564517,1,20260726T102553,2026-07-26T10:26:41.694234+00:00
C-f8e26497,0.45107495491925614,0,20260726T102553,2026-07-26T10:26:41.694234+00:00
C-afb7d330,0.42011165230707515,0,20260726T102553,2026-07-26T10:26:41.694234+00:00
C-fe4c9ec2,0.7820008812434739,1,20260726T102553,2026-07-26T10:26:41.694234+00:00
C-384fcc4a,0.8291246647253125,1,20260726T102553,2026-07-26T10:26:41.694234+00:00
C-6b6369cb,0.659330449908576,1,20260726T102553,2026-07-26T10:26:41.694234+00:00
C-b632d145,0.345147385894913,0,20260726T102553,2026-07-26T10:26:41.694234+00:00
C-beabcf52,0.03994524369600348,0,20260726T102553,2026-07-26T10:26:41.694234+00:00
C-2a77ca11,0.8039105897845905,1,20260726T102553,2026-07-26T10:26:41.694234+00:00
C-4de8e5cd,0.7642148153918378,1,20260726T102553,2026-07-26T10:26:41.694234+00:00
C-d29c6637,0.06309985194448306,0,20260726T102553,2026-07-26T10:26:41.694234+00:00
C-ca4691e2,0.6427274694560771,1,20260726T102553,2026-07-26T10:26:41.694234+00:00
C-60afebcb,0.9176989184986288,1,20260726T102553,2026-07-26T10:26:41.694234+00:00
C-8c9db7b7,0.880140512024226,1,20260726T102553,2026-07-26T10:26:41.694234+00:00
C-dffe8c2a,0.170604421721947,0,20260726T102553,2026-07-26T10:26:41.694234+00:00
C-e2366e45,0.09966655764070372,0,20260726T102553,2026-07-26T10:26:41.694234+00:00
C-2875bfbc,0.7584269191280396,1,20260726T102553,2026-07-26T10:26:41.694234+00:00
C-30f59804,0.7525326485500008,1,20260726T102553,2026-07-26T10:26:41.694234+00:00
C-29eab657,0.3578440450442911,0,20260726T102553,2026-07-26T10:26:41.694234+00:00
C-21fdcf73,0.6544281849413353,1,20260726T102553,2026-07-26T10:26:41.694234+00:00
C-ca6fb7a6,0.9369413680978337,1,20260726T102553,2026-07-26T10:26:41.694234+00:00
C-ed9a0aa5,0.7627126137968043,1,20260726T102553,2026-07-26T10:26:41.694234+00:00
C-ad1e35ac,0.1439669266604211,0,20260726T102553,2026-07-26T10:26:41.694234+00:00
C-8cf944e1,0.05307816527552239,0,20260726T102553,2026-07-26T10:26:41.694234+00:00
C-7104e72b,0.2780709387607355,0,20260726T102553,2026-07-26T10:26:41.694234+00:00
C-68558b09,0.37619842498554235,0,20260726T102553,2026-07-26T10:26:41.694234+00:00
C-36553bdf,0.1405423956937867,0,20260726T102553,2026-07-26T10:26:41.694234+00:00
C-0b5d2820,0.6110677375715521,1,20260726T102553,2026-07-26T10:26:41.694234+00:00
C-8a111fec,0.2405754520483778,0,20260726T102553,2026-07-26T10:26:41.694234+00:00
C-8ad626ea,0.19572065878381903,0,20260726T102553,2026-07-26T10:26:41.694234+00:00
C-4dc35dff,0.7605908299761532,1,20260726T102553,2026-07-26T10:26:41.694234+00:00
C-0210d7ff,0.48440589080732926,0,20260726T102553,2026-07-26T10:26:41.694234+00:00
C-0634dc6a,0.788064402168745,1,20260726T102553,2026-07-26T10:26:41.694234+00:00
C-05c1e8b7,0.3552831494085802,0,20260726T102553,2026-07-26T10:26:41.694234+00:00
C-ae107c41,0.1508631555113189,0,20260726T102553,2026-07-26T10:26:41.694234+00:00
C-5b2da14e,0.3660424183156968,0,20260726T102553,2026-07-26T10:26:41.694234+00:00
C-09a35798,0.2223839360172687,0,20260726T102553,2026-07-26T10:26:41.694234+00:00
C-af8bb7c3,0.1642837245956509,0,20260726T102553,2026-07-26T10:26:41.694234+00:00
C-9a6ff8bc,0.3705136669173689,0,20260726T102553,2026-07-26T10:26:41.694234+00:00
C-cd384c04,0.4579440656399825,0,20260726T102553,2026-07-26T10:26:41.694234+00:00
C-dfd7d17c,0.843309006793147,1,20260726T102553,2026-07-26T10:26:41.694234+00:00
C-35a68303,0.3935642241123341,0,20260726T102553,2026-07-26T10:26:41.694234+00:00
C-5c4c4d20,0.5095242089757032,1,20260726T102553,2026-07-26T10:26:41.694234+00:00
C-0c14ca0b,0.5187611204234335,1,20260726T102553,2026-07-26T10:26:41.694234+00:00
C-fb4fe26b,0.7700279453993024,1,20260726T102553,2026-07-26T10:26:41.694234+00:00
C-c8f76099,0.04888993939314359,0,20260726T102553,2026-07-26T10:26:41.694234+00:00
C-d149101d,0.07079849451127558,0,20260726T102553,2026-07-26T10:26:41.694234+00:00
C-9978827d,0.5195050662552454,1,20260726T102553,2026-07-26T10:26:41.694234+00:00
C-3fcfee5f,0.2977173490140399,0,20260726T102553,2026-07-26T10:26:41.694234+00:00
C-4b4ee515,0.985773029642117,1,20260726T102553,2026-07-26T10:26:41.694234+00:00
C-2458ea37,0.1260034399029686,0,20260726T102553,2026-07-26T10:26:41.694234+00:00
C-cbd85288,0.7866430299975152,1,20260726T102553,2026-07-26T10:26:41.694234+00:00
C-aad14817,0.11615252453226892,0,20260726T102553,2026-07-26T10:26:41.694234+00:00
C-ec955dd3,0.3935998522709128,0,20260726T102553,2026-07-26T10:26:41.694234+00:00
C-e51bb967,0.11016166721998406,0,20260726T102553,2026-07-26T10:26:41.694234+00:00
C-ce49ef2d,0.574286993892181,1,20260726T102553,2026-07-26T10:26:41.694234+00:00
C-e24cee20,0.20028611027626936,0,20260726T102553,2026-07-26T10:26:41.694234+00:00
C-da6c9d6d,0.20122012939082948,0,20260726T102553,2026-07-26T10:26:41.694234+00:00
C-c95ef506,0.04930772986592915,0,20260726T102553,2026-07-26T10:26:41.694234+00:00
C-6461ffc9,0.113669819960353,0,20260726T102553,2026-07-26T10:26:41.694234+00:00
C-8251e8f5,0.7887944016113221,1,20260726T102553,2026-07-26T10:26:41.694234+00:00
C-96d73372,0.1312278907888778,0,20260726T102553,2026-07-26T10:26:41.694234+00:00
C-f1ef5f8c,0.2084659383324941,0,20260726T102553,2026-07-26T10:26:41.694234+00:00
C-09ccb578,0.1509000832607239,0,20260726T102553,2026-07-26T10:26:41.694234+00:00
C-e50a795f,0.6854113404480409,1,20260726T102553,2026-07-26T10:26:41.694234+00:00
C-aa69554e,0.3935677520658319,0,20260726T102553,2026-07-26T10:26:41.694234+00:00
C-1796f817,0.6924449352582792,1,20260726T102553,2026-07-26T10:26:41.694234+00:00
C-41af2d2a,0.3620047763696877,0,20260726T102553,2026-07-26T10:26:41.694234+00:00
C-6d36137a,0.6555615148643039,1,20260726T102553,2026-07-26T10:26:41.694234+00:00
C-309be8d7,0.19221978900132228,0,20260726T102553,2026-07-26T10:26:41.694234+00:00
C-df3c2f5b,0.5244397530391768,1,20260726T102553,2026-07-26T10:26:41.694234+00:00
C-c4199e06,0.0898034898824494,0,20260726T102553,2026-07-26T10:26:41.694234+00:00
C-02b57e90,0.019138636620203965,0,20260726T102553,2026-07-26T10:26:41.694234+00:00
C-9f623448,0.2684670788021546,0,20260726T102553,2026-07-26T10:26:41.694234+00:00
C-65c313eb,0.517993770963438,1,20260726T102553,2026-07-26T10:26:41.694234+00:00
C-c1c5109c,0.4015021811481609,0,20260726T102553,2026-07-26T10:26:41.694234+00:00
C-d57fcdf5,0.7161565446326055,1,20260726T102553,2026-07-26T10:26:41.694234+00:00
C-c3c24b34,0.6216157954555029,1,20260726T102553,2026-07-26T10:26:41.694234+00:00
C-f6e6151d,0.45507217702485564,0,20260726T102553,2026-07-26T10:26:41.694234+00:00
C-7692e342,0.4282870870840532,0,20260726T102553,2026-07-26T10:26:41.694234+00:00
C-3288579b,0.30102888035308745,0,20260726T102553,2026-07-26T10:26:41.694234+00:00
C-2549ccd5,0.7585331813039452,1,20260726T102553,2026-07-26T10:26:41.694234+00:00
C-d5f53ace,0.021540594404262804,0,20260726T102553,2026-07-26T10:26:41.694234+00:00
C-047ed8bf,0.5234963725058797,1,20260726T102553,2026-07-26T10:26:41.694234+00:00
C-51927986,0.7916628448052193,1,20260726T102553,2026-07-26T10:26:41.694234+00:00
C-31de3739,0.731409654911432,1,20260726T102553,2026-07-26T10:26:41.694234+00:00
C-d69322de,0.7130703413517476,1,20260726T102553,2026-07-26T10:26:41.694234+00:00
C-ae202402,0.5240822311326743,1,20260726T102553,2026-07-26T10:26:41.694234+00:00
C-ea70d3fb,0.04091271464703615,0,20260726T102553,2026-07-26T10:26:41.694234+00:00
C-3cd28f30,0.40422629172029845,0,20260726T102553,2026-07-26T10:26:41.694234+00:00
C-a7185679,0.6452181104335728,1,20260726T102553,2026-07-26T10:26:41.694234+00:00
C-8d9f6bf8,0.12213700388714224,0,20260726T102553,2026-07-26T10:26:41.694234+00:00
C-5f8816f1,0.6033785904240718,1,20260726T102553,2026-07-26T10:26:41.694234+00:00
C-4b8e2985,0.1551474203956291,0,20260726T102553,2026-07-26T10:26:41.694234+00:00
C-5361af2f,0.4518828629173501,0,20260726T102553,2026-07-26T10:26:41.694234+00:00
C-77fa4702,0.8765370602698245,1,20260726T102553,2026-07-26T10:26:41.694234+00:00
C-e26e5810,0.8975685849916119,1,20260726T102553,2026-07-26T10:26:41.694234+00:00
C-f42f974a,0.7532608083687266,1,20260726T102553,2026-07-26T10:26:41.694234+00:00
C-e1b32ef5,0.8758572702643398,1,20260726T102553,2026-07-26T10:26:41.694234+00:00
C-6e2fe51e,0.6796971265601917,1,20260726T102553,2026-07-26T10:26:41.694234+00:00
C-c3ccb239,0.1519110614373648,0,20260726T102553,2026-07-26T10:26:41.694234+00:00
C-70dfee2c,0.10637284022239903,0,20260726T102553,2026-07-26T10:26:41.694234+00:00
C-88759f68,0.07525080992263629,0,20260726T102553,2026-07-26T10:26:41.694234+00:00
C-6db0ced7,0.7135743774342643,1,20260726T102553,2026-07-26T10:26:41.694234+00:00
C-0b621242,0.58990349542262,1,20260726T102553,2026-07-26T10:26:41.694234+00:00
C-93617ec4,0.3357479125638891,0,20260726T102553,2026-07-26T10:26:41.694234+00:00
C-3170ef75,0.18327014900540223,0,20260726T102553,2026-07-26T10:26:41.694234+00:00
C-7935e596,0.10424475488954926,0,20260726T102553,2026-07-26T10:26:41.694234+00:00
C-e9a10f6b,0.14024668293336495,0,20260726T102553,2026-07-26T10:26:41.694234+00:00
C-728144d9,0.4364430785420002,0,20260726T102553,2026-07-26T10:26:41.694234+00:00
C-6a2bb306,0.11655732086213848,0,20260726T102553,2026-07-26T10:26:41.694234+00:00
C-1f4095d6,0.3078159953805775,0,20260726T102553,2026-07-26T10:26:41.694234+00:00
C-4d6174b2,0.19435965429005564,0,20260726T102553,2026-07-26T10:26:41.694234+00:00
C-db662e55,0.11443976548660083,0,20260726T102553,2026-07-26T10:26:41.694234+00:00
C-be91878d,0.07623953999232992,0,20260726T102553,2026-07-26T10:26:41.694234+00:00
C-c11ed72d,0.15788657252763988,0,20260726T102553,2026-07-26T10:26:41.694234+00:00
C-63da64c4,0.8492946269392961,1,20260726T102553,2026-07-26T10:26:41.694234+00:00
C-e52db1ae,0.032884802773049206,0,20260726T102553,2026-07-26T10:26:41.694234+00:00
C-c6093aa1,0.8696423503274324,1,20260726T102553,2026-07-26T10:26:41.694234+00:00
C-06cb6844,0.25106632711644483,0,20260726T102553,2026-07-26T10:26:41.694234+00:00
C-087face6,0.7008802895942697,1,20260726T102553,2026-07-26T10:26:41.694234+00:00
C-5430bc4d,0.6361465000869339,1,20260726T102553,2026-07-26T10:26:41.694234+00:00
C-53634b09,0.46786242266659306,0,20260726T102553,2026-07-26T10:26:41.694234+00:00
C-be3ffecd,0.3255836912526395,0,20260726T102553,2026-07-26T10:26:41.694234+00:00
C-6e8a2a44,0.9168036655199696,1,20260726T102553,2026-07-26T10:26:41.694234+00:00
C-1fb37932,0.7453151456494247,1,20260726T102553,2026-07-26T10:26:41.694234+00:00
C-7f40d5a3,0.09500732958263212,0,20260726T102553,2026-07-26T10:26:41.694234+00:00
C-30f689e0,0.1294204223401819,0,20260726T102553,2026-07-26T10:26:41.694234+00:00
C-2955a007,0.41533634031538147,0,20260726T102553,2026-07-26T10:26:41.694234+00:00
C-1091ef56,0.9166338179779071,1,20260726T102553,2026-07-26T10:26:41.694234+00:00
C-dcc30997,0.6690422328569879,1,20260726T102553,2026-07-26T10:26:41.694234+00:00
C-b6d62c67,0.5288991266734803,1,20260726T102553,2026-07-26T10:26:41.694234+00:00
C-6c8f6dac,0.6901350380094534,1,20260726T102553,2026-07-26T10:26:41.694234+00:00
C-4001b786,0.7559620136487013,1,20260726T102553,2026-07-26T10:26:41.694234+00:00
C-01cc7a65,0.4493059072150229,0,20260726T102553,2026-07-26T10:26:41.694234+00:00
C-110557c5,0.03083449783875905,0,20260726T102553,2026-07-26T10:26:41.694234+00:00
C-ab776d19,0.2806613615238469,0,20260726T102553,2026-07-26T10:26:41.694234+00:00
C-9923e4ca,0.9175296327217324,1,20260726T102553,2026-07-26T10:26:41.694234+00:00
C-a3af1c37,0.06506223514882215,0,20260726T102553,2026-07-26T10:26:41.694234+00:00
C-783f9a55,0.8982083607257554,1,20260726T102553,2026-07-26T10:26:41.694234+00:00
C-bf231703,0.7457927434817346,1,20260726T102553,2026-07-26T10:26:41.694234+00:00
C-921643b0,0.25217162073159305,0,20260726T102553,2026-07-26T10:26:41.694234+00:00
C-34cf3bff,0.47150501652223165,0,20260726T102553,2026-07-26T10:26:41.694234+00:00
C-fbfb3f16,0.643840000387027,1,20260726T102553,2026-07-26T10:26:41.694234+00:00
C-3682eef2,0.4839488561094294,0,20260726T102553,2026-07-26T10:26:41.694234+00:00
C-bb869f44,0.649220143378491,1,20260726T102553,2026-07-26T10:26:41.694234+00:00
C-02e5e08b,0.8112767411406392,1,20260726T102553,2026-07-26T10:26:41.694234+00:00
C-3ead121b,0.4224840851976333,0,20260726T102553,2026-07-26T10:26:41.694234+00:00
C-c4a9870b,0.5043027185352438,1,20260726T102553,2026-07-26T10:26:41.694234+00:00
C-9abeada0,0.029315943752039515,0,20260726T102553,2026-07-26T10:26:41.694234+00:00
C-69988a2d,0.4632131067383171,0,20260726T102553,2026-07-26T10:26:41.694234+00:00
C-c6c73c45,0.7095201559242607,1,20260726T102553,2026-07-26T10:26:41.694234+00:00
C-7f2820b6,0.5424802822461008,1,20260726T102553,2026-07-26T10:26:41.694234+00:00
C-2a3ad193,0.5919555820114345,1,20260726T102553,2026-07-26T10:26:41.694234+00:00
C-69564d72,0.16428881044592725,0,20260726T102553,2026-07-26T10:26:41.694234+00:00
C-05f3a914,0.019790807334884825,0,20260726T102553,2026-07-26T10:26:41.694234+00:00
C-61a7d07e,0.8562880804602954,1,20260726T102553,2026-07-26T10:26:41.694234+00:00
C-5098a697,0.022108387089512516,0,20260726T102553,2026-07-26T10:26:41.694234+00:00
C-b5bde57b,0.3781956731206428,0,20260726T102553,2026-07-26T10:26:41.694234+00:00
C-fcb935a4,0.6705136500028607,1,20260726T102553,2026-07-26T10:26:41.694234+00:00
C-d06a0236,0.7578557077314387,1,20260726T102553,2026-07-26T10:26:41.694234+00:00
C-85a29af8,0.6570074748728233,1,20260726T102553,2026-07-26T10:26:41.694234+00:00
C-1757090f,0.3843660351493947,0,20260726T102553,2026-07-26T10:26:41.694234+00:00
C-3b466121,0.6528872382657558,1,20260726T102553,2026-07-26T10:26:41.694234+00:00
C-3d129d34,0.37200707237982167,0,20260726T102553,2026-07-26T10:26:41.694234+00:00
C-4e252a86,0.6953028298132617,1,20260726T102553,2026-07-26T10:26:41.694234+00:00
C-c334104f,0.28410801670446795,0,20260726T102553,2026-07-26T10:26:41.694234+00:00
C-546e6bf6,0.8582576348423167,1,20260726T102553,2026-07-26T10:26:41.694234+00:00
C-71df04ba,0.06195547930803072,0,20260726T102553,2026-07-26T10:26:41.694234+00:00
C-746a1908,0.8670316207160449,1,20260726T102553,2026-07-26T10:26:41.694234+00:00
C-6c8235bf,0.6386101385279178,1,20260726T102553,2026-07-26T10:26:41.694234+00:00
C-9aae3096,0.2891434402927459,0,20260726T102553,2026-07-26T10:26:41.694234+00:00
C-16496429,0.7832618793793806,1,20260726T102553,2026-07-26T10:26:41.694234+00:00
C-7ec7955b,0.7155633245489368,1,20260726T102553,2026-07-26T10:26:41.694234+00:00
C-3608f6c2,0.3404029601908267,0,20260726T102553,2026-07-26T10:26:41.694234+00:00
C-6c3ca13d,0.19663289422784555,0,20260726T102553,2026-07-26T10:26:41.694234+00:00
C-10af1826,0.7599511076884964,1,20260726T102553,2026-07-26T10:26:41.694234+00:00
C-d8e7acc7,0.3599242751568126,0,20260726T102553,2026-07-26T10:26:41.694234+00:00
C-e9fe17b7,0.473508853252257,0,20260726T102553,2026-07-26T10:26:41.694234+00:00
C-2f1059f7,0.24858374490914562,0,20260726T102553,2026-07-26T10:26:41.694234+00:00
C-096d4c70,0.17973862272590968,0,20260726T102553,2026-07-26T10:26:41.694234+00:00
C-5b681c73,0.7284235790370773,1,20260726T102553,2026-07-26T10:26:41.694234+00:00
C-468f030f,0.18624446336351705,0,20260726T102553,2026-07-26T10:26:41.694234+00:00
C-4a9ddaa4,0.6917124229417216,1,20260726T102553,2026-07-26T10:26:41.694234+00:00
C-520a0cb8,0.02742101392200139,0,20260726T102553,2026-07-26T10:26:41.694234+00:00
C-0d61827a,0.4659080410595636,0,20260726T102553,2026-07-26T10:26:41.694234+00:00
C-9843efc9,0.8039201647969364,1,20260726T102553,2026-07-26T10:26:41.694234+00:00
C-e784dddd,0.09173899074096514,0,20260726T102553,2026-07-26T10:26:41.694234+00:00
C-8f4c658f,0.9116439572667723,1,20260726T102553,2026-07-26T10:26:41.694234+00:00
C-4cc1f2fb,0.5477499228501079,1,20260726T102553,2026-07-26T10:26:41.694234+00:00
C-b71f7103,0.077866311177662,0,20260726T102553,2026-07-26T10:26:41.694234+00:00
C-5ee15868,0.7942480542809773,1,20260726T102553,2026-07-26T10:26:41.694234+00:00
C-93538db1,0.32305853516335103,0,20260726T102553,2026-07-26T10:26:41.694234+00:00
C-e2fa863a,0.528730357396323,1,20260726T102553,2026-07-26T10:26:41.694234+00:00
C-6afc7ccd,0.02483340422210076,0,20260726T102553,2026-07-26T10:26:41.694234+00:00
C-972b1cb5,0.02106797381625873,0,20260726T102553,2026-07-26T10:26:41.694234+00:00
C-4b484787,0.0226344699387797,0,20260726T102553,2026-07-26T10:26:41.694234+00:00
C-d917ef4c,0.2894455345660439,0,20260726T102553,2026-07-26T10:26:41.694234+00:00
C-347c3eec,0.7735225182511327,1,20260726T102553,2026-07-26T10:26:41.694234+00:00
C-9c0bf6f2,0.2918524706635384,0,20260726T102553,2026-07-26T10:26:41.694234+00:00
C-06f7ea72,0.7665534336988449,1,20260726T102553,2026-07-26T10:26:41.694234+00:00
C-7ad17561,0.803114520104189,1,20260726T102553,2026-07-26T10:26:41.694234+00:00
C-6cd69077,0.5341635147682582,1,20260726T102553,2026-07-26T10:26:41.694234+00:00
C-be36bb97,0.3037135104533209,0,20260726T102553,2026-07-26T10:26:41.694234+00:00
C-d3bd6983,0.4466405660343142,0,20260726T102553,2026-07-26T10:26:41.694234+00:00
C-96efc31f,0.17772550335805257,0,20260726T102553,2026-07-26T10:26:41.694234+00:00
C-1f2ff317,0.21859715039275227,0,20260726T102553,2026-07-26T10:26:41.694234+00:00
C-be21cf6c,0.35687764758020557,0,20260726T102553,2026-07-26T10:26:41.694234+00:00
C-c6b03f29,0.3769257216546238,0,20260726T102553,2026-07-26T10:26:41.694234+00:00
C-abce8f87,0.8067982504192276,1,20260726T102553,2026-07-26T10:26:41.694234+00:00
C-5a096b10,0.5238916474749148,1,20260726T102553,2026-07-26T10:26:41.694234+00:00
C-a4599057,0.9332841278177184,1,20260726T102553,2026-07-26T10:26:41.694234+00:00
C-3125fd27,0.5070244055720796,1,20260726T102553,2026-07-26T10:26:41.694234+00:00
C-855b0810,0.09561731824986397,0,20260726T102553,2026-07-26T10:26:41.694234+00:00
C-6ef25090,0.022317292431322463,0,20260726T102553,2026-07-26T10:26:41.694234+00:00
C-501716b0,0.03341573409694664,0,20260726T102553,2026-07-26T10:26:41.694234+00:00
C-15b5eee0,0.039480094165611185,0,20260726T102553,2026-07-26T10:26:41.694234+00:00
C-874a4cb9,0.6321155123180494,1,20260726T102553,2026-07-26T10:26:41.694234+00:00
C-7c5b9f10,0.5555399408328028,1,20260726T102553,2026-07-26T10:26:41.694234+00:00
C-7c78e5f1,0.032717940717489985,0,20260726T102553,2026-07-26T10:26:41.694234+00:00
C-77ab23bf,0.15259984976167176,0,20260726T102553,2026-07-26T10:26:41.694234+00:00
C-0ed41b31,0.8033590597686597,1,20260726T102553,2026-07-26T10:26:41.694234+00:00
C-4f38070f,0.01967411995266841,0,20260726T102553,2026-07-26T10:26:41.694234+00:00
C-bc085dda,0.921331249091701,1,20260726T102553,2026-07-26T10:26:41.694234+00:00
C-01c55e7d,0.3286435512770542,0,20260726T102553,2026-07-26T10:26:41.694234+00:00
C-0f2aa2ba,0.7258743697219885,1,20260726T102553,2026-07-26T10:26:41.694234+00:00
C-3ebd9c9b,0.8276209475457044,1,20260726T102553,2026-07-26T10:26:41.694234+00:00
C-7d6c6ba2,0.08724877485500261,0,20260726T102553,2026-07-26T10:26:41.694234+00:00
C-8160ceb0,0.03763076485991648,0,20260726T102553,2026-07-26T10:26:41.694234+00:00
C-84514a9d,0.05236711843080019,0,20260726T102553,2026-07-26T10:26:41.694234+00:00
C-dfe273e8,0.32299333101922656,0,20260726T102553,2026-07-26T10:26:41.694234+00:00
C-5043faf6,0.18496374800315,0,20260726T102553,2026-07-26T10:26:41.694234+00:00
C-6b3b927a,0.6630729884160542,1,20260726T102553,2026-07-26T10:26:41.694234+00:00
C-15c28dc6,0.1452648439038367,0,20260726T102553,2026-07-26T10:26:41.694234+00:00
C-66a0d1ae,0.6361374400057753,1,20260726T102553,2026-07-26T10:26:41.694234+00:00
C-69772924,0.2959138567414965,0,20260726T102553,2026-07-26T10:26:41.694234+00:00
C-3343ddaa,0.749164872957275,1,20260726T102553,2026-07-26T10:26:41.694234+00:00
C-f70d0fd7,0.04839074826399818,0,20260726T102553,2026-07-26T10:26:41.694234+00:00
C-c12f1dea,0.6427610565288118,1,20260726T102553,2026-07-26T10:26:41.694234+00:00
C-d1167b31,0.4837969772895868,0,20260726T102553,2026-07-26T10:26:41.694234+00:00
C-149a0fc3,0.8180604201747695,1,20260726T102553,2026-07-26T10:26:41.694234+00:00
C-ead4e69a,0.35843866620417036,0,20260726T102553,2026-07-26T10:26:41.694234+00:00
C-b002f4f9,0.47713946647301764,0,20260726T102553,2026-07-26T10:26:41.694234+00:00
C-faf89bc3,0.5147302891201232,1,20260726T102553,2026-07-26T10:26:41.694234+00:00
C-9256fd6b,0.08184528299928522,0,20260726T102553,2026-07-26T10:26:41.694234+00:00
C-25ea94eb,0.6140770314374234,1,20260726T102553,2026-07-26T10:26:41.694234+00:00
C-d6d0a13e,0.7778778317473753,1,20260726T102553,2026-07-26T10:26:41.694234+00:00
C-db799e5b,0.7427697211864359,1,20260726T102553,2026-07-26T10:26:41.694234+00:00
C-0ebf5d91,0.4232216575367831,0,20260726T102553,2026-07-26T10:26:41.694234+00:00
C-7670209b,0.6398471450185085,1,20260726T102553,2026-07-26T10:26:41.694234+00:00
C-76d895d5,0.9082715782220371,1,20260726T102553,2026-07-26T10:26:41.694234+00:00
C-7954eb4f,0.24429845909886969,0,20260726T102553,2026-07-26T10:26:41.694234+00:00
C-d3eb6e29,0.330190383207106,0,20260726T102553,2026-07-26T10:26:41.694234+00:00
C-80d12b1b,0.06661780188233872,0,20260726T102553,2026-07-26T10:26:41.694234+00:00
C-9b93b84e,0.022526015405887004,0,20260726T102553,2026-07-26T10:26:41.694234+00:00
C-4cf701a4,0.4799091655421204,0,20260726T102553,2026-07-26T10:26:41.694234+00:00
C-026f307d,0.6698233074466842,1,20260726T102553,2026-07-26T10:26:41.694234+00:00
C-679cdfa0,0.8085751915763133,1,20260726T102553,2026-07-26T10:26:41.694234+00:00
C-d1fa53e4,0.7289377633551811,1,20260726T102553,2026-07-26T10:26:41.694234+00:00
C-d0eb8ae8,0.6740845914298207,1,20260726T102553,2026-07-26T10:26:41.694234+00:00
C-9d80afd7,0.30296676861595956,0,20260726T102553,2026-07-26T10:26:41.694234+00:00
C-707d1bef,0.2953904293787494,0,20260726T102553,2026-07-26T10:26:41.694234+00:00
C-834e4629,0.25866569688250257,0,20260726T102553,2026-07-26T10:26:41.694234+00:00
C-4c480ae1,0.1000230576211989,0,20260726T102553,2026-07-26T10:26:41.694234+00:00
C-199b5f98,0.04557969969073141,0,20260726T102553,2026-07-26T10:26:41.694234+00:00
C-415a5b13,0.6969288999721933,1,20260726T102553,2026-07-26T10:26:41.694234+00:00
C-4276913e,0.2795429305618876,0,20260726T102553,2026-07-26T10:26:41.694234+00:00
C-2c7e8e56,0.6289517181354849,1,20260726T102553,2026-07-26T10:26:41.694234+00:00
C-b5e7ab81,0.8207451416999046,1,20260726T102553,2026-07-26T10:26:41.694234+00:00
C-c7062488,0.3504598309235512,0,20260726T102553,2026-07-26T10:26:41.694234+00:00
C-a0a16395,0.7950203758420565,1,20260726T102553,2026-07-26T10:26:41.694234+00:00
C-a78f752e,0.26314100550094355,0,20260726T102553,2026-07-26T10:26:41.694234+00:00
C-46e0257b,0.3742236238061098,0,20260726T102553,2026-07-26T10:26:41.694234+00:00
C-90ac54ba,0.747457169356049,1,20260726T102553,2026-07-26T10:26:41.694234+00:00
C-94be0e80,0.2638478281855327,0,20260726T102553,2026-07-26T10:26:41.694234+00:00
C-dfebd873,0.7762950890157033,1,20260726T102553,2026-07-26T10:26:41.694234+00:00
C-e081fc9f,0.7862194445259303,1,20260726T102553,2026-07-26T10:26:41.694234+00:00
C-751f8a4d,0.3994596526177797,0,20260726T102553,2026-07-26T10:26:41.694234+00:00
C-68827cbc,0.050645789312779146,0,20260726T102553,2026-07-26T10:26:41.694234+00:00
C-4696b1fb,0.32958770942070814,0,20260726T102553,2026-07-26T10:26:41.694234+00:00
C-be7d8a73,0.5842428687132738,1,20260726T102553,2026-07-26T10:26:41.694234+00:00
C-34c72221,0.3107619818302796,0,20260726T102553,2026-07-26T10:26:41.694234+00:00
C-d0bde554,0.7927178434483074,1,20260726T102553,2026-07-26T10:26:41.694234+00:00
C-225f97eb,0.34012485923482255,0,20260726T102553,2026-07-26T10:26:41.694234+00:00
C-6bc247f1,0.6285000141023115,1,20260726T102553,2026-07-26T10:26:41.694234+00:00
C-98c2e2e1,0.5903774576306207,1,20260726T102553,2026-07-26T10:26:41.694234+00:00
C-67e0ddcc,0.41652016383044954,0,20260726T102553,2026-07-26T10:26:41.694234+00:00
C-108e31ad,0.49421756680152956,0,20260726T102553,2026-07-26T10:26:41.694234+00:00
C-212033c3,0.7293205122690917,1,20260726T102553,2026-07-26T10:26:41.694234+00:00
C-4311d3ce,0.4776625376437114,0,20260726T102553,2026-07-26T10:26:41.694234+00:00
C-75dc0f4d,0.17524164143663884,0,20260726T102553,2026-07-26T10:26:41.694234+00:00
C-502ce927,0.7491426160671073,1,20260726T102553,2026-07-26T10:26:41.694234+00:00
C-d5806308,0.9158181321243587,1,20260726T102553,2026-07-26T10:26:41.694234+00:00
C-10a68b1f,0.8041524739162558,1,20260726T102553,2026-07-26T10:26:41.694234+00:00
C-69e9adce,0.8145775254498491,1,20260726T102553,2026-07-26T10:26:41.694234+00:00
C-6f744f10,0.8492363564283444,1,20260726T102553,2026-07-26T10:26:41.694234+00:00
C-1182e771,0.9149040946484426,1,20260726T102553,2026-07-26T10:26:41.694234+00:00
C-22b82c7f,0.7785610059571649,1,20260726T102553,2026-07-26T10:26:41.694234+00:00
C-f4078a65,0.9165494282672573,1,20260726T102553,2026-07-26T10:26:41.694234+00:00
C-235c05e9,0.5966750381834423,1,20260726T102553,2026-07-26T10:26:41.694234+00:00
C-ebda1acf,0.38495790241015393,0,20260726T102553,2026-07-26T10:26:41.694234+00:00
C-dd1576ec,0.6909481784815618,1,20260726T102553,2026-07-26T10:26:41.694234+00:00
C-afd880b6,0.3478380701273661,0,20260726T102553,2026-07-26T10:26:41.694234+00:00
C-28869f41,0.7642195105448172,1,20260726T102553,2026-07-26T10:26:41.694234+00:00
C-e34f2051,0.6346507302006839,1,20260726T102553,2026-07-26T10:26:41.694234+00:00
C-d9a17779,0.36989174201901637,0,20260726T102553,2026-07-26T10:26:41.694234+00:00
C-65f196bb,0.16230748993441063,0,20260726T102553,2026-07-26T10:26:41.694234+00:00
C-cfa9aea0,0.3739685382819529,0,20260726T102553,2026-07-26T10:26:41.694234+00:00
C-3d1a2c4a,0.21336933371390512,0,20260726T102553,2026-07-26T10:26:41.694234+00:00
C-0142f29a,0.7130628101815033,1,20260726T102553,2026-07-26T10:26:41.694234+00:00
C-bc1f48d3,0.09576939513410944,0,20260726T102553,2026-07-26T10:26:41.694234+00:00
C-8626f855,0.3117002890859578,0,20260726T102553,2026-07-26T10:26:41.694234+00:00
C-e5e8a1fd,0.1411724149151796,0,20260726T102553,2026-07-26T10:26:41.694234+00:00
C-e5618c63,0.7028416964670948,1,20260726T102553,2026-07-26T10:26:41.694234+00:00
C-cfcaf6b8,0.6450376869370862,1,20260726T102553,2026-07-26T10:26:41.694234+00:00
C-7f3509b6,0.664784532685922,1,20260726T102553,2026-07-26T10:26:41.694234+00:00
C-333e7f09,0.028879329994331734,0,20260726T102553,2026-07-26T10:26:41.694234+00:00
C-4222be18,0.7888132262445696,1,20260726T102553,2026-07-26T10:26:41.694234+00:00
C-3a225e71,0.9142012425375998,1,20260726T102553,2026-07-26T10:26:41.694234+00:00
C-0740e395,0.0683938394342112,0,20260726T102553,2026-07-26T10:26:41.694234+00:00
C-be1b6f9b,0.7106624060925313,1,20260726T102553,2026-07-26T10:26:41.694234+00:00
C-fde84704,0.05032356376509121,0,20260726T102553,2026-07-26T10:26:41.694234+00:00
C-f6a1fb68,0.42990291678324954,0,20260726T102553,2026-07-26T10:26:41.694234+00:00
C-379432e3,0.486896757537924,0,20260726T102553,2026-07-26T10:26:41.694234+00:00
C-8f473bbd,0.6738792508708361,1,20260726T102553,2026-07-26T10:26:41.694234+00:00
C-0188bd8e,0.425149329013481,0,20260726T102553,2026-07-26T10:26:41.694234+00:00
C-4c4eae46,0.8130239485628294,1,20260726T102553,2026-07-26T10:26:41.694234+00:00
C-a4c86474,0.13608838049143696,0,20260726T102553,2026-07-26T10:26:41.694234+00:00
C-ccbccb52,0.9111634643622685,1,20260726T102553,2026-07-26T10:26:41.694234+00:00
C-f163de13,0.4091467119831397,0,20260726T102553,2026-07-26T10:26:41.694234+00:00
C-6521f315,0.6289217690621405,1,20260726T102553,2026-07-26T10:26:41.694234+00:00
C-c7b95ea0,0.025914941715809294,0,20260726T102553,2026-07-26T10:26:41.694234+00:00
C-7d1b494c,0.12424837326760636,0,20260726T102553,2026-07-26T10:26:41.694234+00:00
C-7200a95e,0.6439767046824679,1,20260726T102553,2026-07-26T10:26:41.694234+00:00
C-509605a7,0.8913887287456329,1,20260726T102553,2026-07-26T10:26:41.694234+00:00
C-4b11decc,0.09946823687417904,0,20260726T102553,2026-07-26T10:26:41.694234+00:00
C-ef65dda9,0.07497706673806923,0,20260726T102553,2026-07-26T10:26:41.694234+00:00
C-97256918,0.1755254697748323,0,20260726T102553,2026-07-26T10:26:41.694234+00:00
C-5e9fd08f,0.7229608777357819,1,20260726T102553,2026-07-26T10:26:41.694234+00:00
C-1cf40467,0.07716500411716812,0,20260726T102553,2026-07-26T10:26:41.694234+00:00
C-8bb1baec,0.15694633416367268,0,20260726T102553,2026-07-26T10:26:41.694234+00:00
C-f40b1a75,0.6687846147402283,1,20260726T102553,2026-07-26T10:26:41.694234+00:00
C-9802de60,0.04085164032667166,0,20260726T102553,2026-07-26T10:26:41.694234+00:00
C-f4b5db56,0.5370238261342001,1,20260726T102553,2026-07-26T10:26:41.694234+00:00
C-3106d089,0.5041105118534621,1,20260726T102553,2026-07-26T10:26:41.694234+00:00
C-1a7fc057,0.11020491771194031,0,20260726T102553,2026-07-26T10:26:41.694234+00:00
C-83440ee8,0.43770713119681925,0,20260726T102553,2026-07-26T10:26:41.694234+00:00
C-705d248c,0.8377146712037106,1,20260726T102553,2026-07-26T10:26:41.694234+00:00
C-2c21af5b,0.8614096626705782,1,20260726T102553,2026-07-26T10:26:41.694234+00:00
C-6eb8f99d,0.6322970046496338,1,20260726T102553,2026-07-26T10:26:41.694234+00:00
C-de0acb02,0.6508308977293015,1,20260726T102553,2026-07-26T10:26:41.694234+00:00
C-d9ba2d39,0.7251310364594619,1,20260726T102553,2026-07-26T10:26:41.694234+00:00
C-3abf426c,0.6980984868466696,1,20260726T102553,2026-07-26T10:26:41.694234+00:00
C-6f2c1176,0.8937605027786591,1,20260726T102553,2026-07-26T10:26:41.694234+00:00
C-625ca024,0.4023081766450228,0,20260726T102553,2026-07-26T10:26:41.694234+00:00
C-6ebea6f0,0.8041314705261853,1,20260726T102553,2026-07-26T10:26:41.694234+00:00
C-ede2d07f,0.43244771898074763,0,20260726T102553,2026-07-26T10:26:41.694234+00:00
C-29f4b666,0.6491801946275755,1,20260726T102553,2026-07-26T10:26:41.694234+00:00
C-252b3559,0.1585431949254652,0,20260726T102553,2026-07-26T10:26:41.694234+00:00
C-85701e03,0.0471910121517391,0,20260726T102553,2026-07-26T10:26:41.694234+00:00
C-4ba4c853,0.7706688120237357,1,20260726T102553,2026-07-26T10:26:41.694234+00:00
C-7e05e3c8,0.7532114767905121,1,20260726T102553,2026-07-26T10:26:41.694234+00:00
C-44040e88,0.4396338889872956,0,20260726T102553,2026-07-26T10:26:41.694234+00:00
C-f6bb405b,0.8693556536369864,1,20260726T102553,2026-07-26T10:26:41.694234+00:00
C-c9c4279c,0.3613233662700101,0,20260726T102553,2026-07-26T10:26:41.694234+00:00
C-8ef54dda,0.721902522324882,1,20260726T102553,2026-07-26T10:26:41.694234+00:00
C-6583ee69,0.029752268677461887,0,20260726T102553,2026-07-26T10:26:41.694234+00:00
C-a38b8a94,0.7436074413998152,1,20260726T102553,2026-07-26T10:26:41.694234+00:00
C-8898e255,0.2570364656379672,0,20260726T102553,2026-07-26T10:26:41.694234+00:00
C-c25fc959,0.30800588275979407,0,20260726T102553,2026-07-26T10:26:41.694234+00:00
C-0dd71cd1,0.796580841558989,1,20260726T102553,2026-07-26T10:26:41.694234+00:00
C-79074ccb,0.5185010141601155,1,20260726T102553,2026-07-26T10:26:41.694234+00:00
C-990ea113,0.03161242097132302,0,20260726T102553,2026-07-26T10:26:41.694234+00:00
C-1f5e2eb9,0.45660979817636604,0,20260726T102553,2026-07-26T10:26:41.694234+00:00
C-ec374efe,0.39362739877188235,0,20260726T102553,2026-07-26T10:26:41.694234+00:00
C-b3750a9e,0.04031332949243709,0,20260726T102553,2026-07-26T10:26:41.694234+00:00
C-729caab6,0.7585852680011614,1,20260726T102553,2026-07-26T10:26:41.694234+00:00
C-4c91a8d2,0.6675859296431153,1,20260726T102553,2026-07-26T10:26:41.694234+00:00
C-ba276744,0.2653517456486812,0,20260726T102553,2026-07-26T10:26:41.694234+00:00
C-22859a63,0.6500816080714974,1,20260726T102553,2026-07-26T10:26:41.694234+00:00
C-c6c92403,0.6554904258198355,1,20260726T102553,2026-07-26T10:26:41.694234+00:00
C-aed02ac4,0.7093457067621306,1,20260726T102553,2026-07-26T10:26:41.694234+00:00
C-566e0b6d,0.7548583314926687,1,20260726T102553,2026-07-26T10:26:41.694234+00:00
C-30a06437,0.02253031780871332,0,20260726T102553,2026-07-26T10:26:41.694234+00:00
C-7e5c39e9,0.7990490898168445,1,20260726T102553,2026-07-26T10:26:41.694234+00:00
C-c768367e,0.18955314068895304,0,20260726T102553,2026-07-26T10:26:41.694234+00:00
C-0013a823,0.8749414318092793,1,20260726T102553,2026-07-26T10:26:41.694234+00:00
C-172707f9,0.024572393366609636,0,20260726T102553,2026-07-26T10:26:41.694234+00:00
C-ccb70fb2,0.7595954035191811,1,20260726T102553,2026-07-26T10:26:41.694234+00:00
C-846546d9,0.9102769125371044,1,20260726T102553,2026-07-26T10:26:41.694234+00:00
C-1cd54ac8,0.8471372943418959,1,20260726T102553,2026-07-26T10:26:41.694234+00:00
C-36ce097a,0.5810085104917995,1,20260726T102553,2026-07-26T10:26:41.694234+00:00
C-8f514efb,0.34493454314475946,0,20260726T102553,2026-07-26T10:26:41.694234+00:00
C-b6881e38,0.5115931591034727,1,20260726T102553,2026-07-26T10:26:41.694234+00:00
C-27eb04cd,0.45579342317142346,0,20260726T102553,2026-07-26T10:26:41.694234+00:00
C-268d1625,0.07738575409074493,0,20260726T102553,2026-07-26T10:26:41.694234+00:00
C-1547959f,0.0840836759098857,0,20260726T102553,2026-07-26T10:26:41.694234+00:00
C-d78b9778,0.5880629031666745,1,20260726T102553,2026-07-26T10:26:41.694234+00:00
C-7cc67232,0.19072045649923416,0,20260726T102553,2026-07-26T10:26:41.694234+00:00
C-1c1ab126,0.5861511041861519,1,20260726T102553,2026-07-26T10:26:41.694234+00:00
C-1f7a1d5e,0.6035747582517049,1,20260726T102553,2026-07-26T10:26:41.694234+00:00
C-ae7a8410,0.21110605355628664,0,20260726T102553,2026-07-26T10:26:41.694234+00:00
C-af87257e,0.7889904418617255,1,20260726T102553,2026-07-26T10:26:41.694234+00:00
C-afcbcd5e,0.029418816672141572,0,20260726T102553,2026-07-26T10:26:41.694234+00:00
C-9262ccf1,0.5325289393079663,1,20260726T102553,2026-07-26T10:26:41.694234+00:00
C-4afa7881,0.7834426536122455,1,20260726T102553,2026-07-26T10:26:41.694234+00:00
C-5bb73d5a,0.8183324356141302,1,20260726T102553,2026-07-26T10:26:41.694234+00:00
C-f8b1f6b1,0.36460401602675535,0,20260726T102553,2026-07-26T10:26:41.694234+00:00
C-da62b924,0.032387610650475816,0,20260726T102553,2026-07-26T10:26:41.694234+00:00
C-b59fddb0,0.5923661032021936,1,20260726T102553,2026-07-26T10:26:41.694234+00:00
C-ca754a50,0.5180846966569389,1,20260726T102553,2026-07-26T10:26:41.694234+00:00
C-9b79971f,0.024347525073783294,0,20260726T102553,2026-07-26T10:26:41.694234+00:00
C-ffb85c63,0.2546436203415993,0,20260726T102553,2026-07-26T10:26:41.694234+00:00
C-8bbb001b,0.4157763018598233,0,20260726T102553,2026-07-26T10:26:41.694234+00:00
C-19a50241,0.5503779075789712,1,20260726T102553,2026-07-26T10:26:41.694234+00:00
C-154a5455,0.06465344233781972,0,20260726T102553,2026-07-26T10:26:41.694234+00:00
C-f60141f0,0.6889687288985035,1,20260726T102553,2026-07-26T10:26:41.694234+00:00
C-ce981984,0.663165868517756,1,20260726T102553,2026-07-26T10:26:41.694234+00:00
C-85b2d965,0.023106535828062182,0,20260726T102553,2026-07-26T10:26:41.694234+00:00
C-24583c3b,0.11684383276854775,0,20260726T102553,2026-07-26T10:26:41.694234+00:00
C-6d760da4,0.7622692192420346,1,20260726T102553,2026-07-26T10:26:41.694234+00:00
C-5b51b2cc,0.21281821034584414,0,20260726T102553,2026-07-26T10:26:41.694234+00:00
C-dd4ca32a,0.4381416177591434,0,20260726T102553,2026-07-26T10:26:41.694234+00:00
C-14b12277,0.08341848281089723,0,20260726T102553,2026-07-26T10:26:41.694234+00:00
C-4a90bac4,0.4434923758834436,0,20260726T102553,2026-07-26T10:26:41.694234+00:00
C-b17cbd1a,0.47477535030339163,0,20260726T102553,2026-07-26T10:26:41.694234+00:00
C-5017f261,0.15023052592402839,0,20260726T102553,2026-07-26T10:26:41.694234+00:00
C-3cfa9882,0.46691238630811976,0,20260726T102553,2026-07-26T10:26:41.694234+00:00
C-9bae6e32,0.7821713401625326,1,20260726T102553,2026-07-26T10:26:41.694234+00:00
C-5e6458c3,0.7410518094624662,1,20260726T102553,2026-07-26T10:26:41.694234+00:00
C-62677d9b,0.6104890671589462,1,20260726T102553,2026-07-26T10:26:41.694234+00:00
C-aec59063,0.08200188429234938,0,20260726T102553,2026-07-26T10:26:41.694234+00:00
C-cf4bd659,0.8760690785850292,1,20260726T102553,2026-07-26T10:26:41.694234+00:00
C-ef313fd6,0.8391754008014134,1,20260726T102553,2026-07-26T10:26:41.694234+00:00
C-9b674fe3,0.13665437160789187,0,20260726T102553,2026-07-26T10:26:41.694234+00:00
C-665567f3,0.3943609857906247,0,20260726T102553,2026-07-26T10:26:41.694234+00:00
C-7c5f1de5,0.21920812713031484,0,20260726T102553,2026-07-26T10:26:41.694234+00:00
C-6e4021af,0.657597355626265,1,20260726T102553,2026-07-26T10:26:41.694234+00:00
C-5e621edf,0.4671804131183801,0,20260726T102553,2026-07-26T10:26:41.694234+00:00
C-6d4a5bf1,0.7890469612589687,1,20260726T102553,2026-07-26T10:26:41.694234+00:00
C-3677ac94,0.15316256385851584,0,20260726T102553,2026-07-26T10:26:41.694234+00:00
C-217c9942,0.7911929513447419,1,20260726T102553,2026-07-26T10:26:41.694234+00:00
C-f1af691d,0.022430139121057846,0,20260726T102553,2026-07-26T10:26:41.694234+00:00
C-54b1e131,0.7904008638057338,1,20260726T102553,2026-07-26T10:26:41.694234+00:00
C-98b6f1a6,0.3331796100068118,0,20260726T102553,2026-07-26T10:26:41.694234+00:00
C-6c6a1653,0.3504784885573508,0,20260726T102553,2026-07-26T10:26:41.694234+00:00
C-e7a75eb9,0.6970778270951478,1,20260726T102553,2026-07-26T10:26:41.694234+00:00
C-e498c958,0.6520727424059555,1,20260726T102553,2026-07-26T10:26:41.694234+00:00
C-3929f3b0,0.7814105129448786,1,20260726T102553,2026-07-26T10:26:41.694234+00:00
C-f3883144,0.05971462741645274,0,20260726T102553,2026-07-26T10:26:41.694234+00:00
C-e67576f5,0.5900447073773539,1,20260726T102553,2026-07-26T10:26:41.694234+00:00
C-673fb50d,0.3278082334451388,0,20260726T102553,2026-07-26T10:26:41.694234+00:00
C-d4fd3bf0,0.9223421597833829,1,20260726T102553,2026-07-26T10:26:41.694234+00:00
C-32298bbf,0.6325228042279724,1,20260726T102553,2026-07-26T10:26:41.694234+00:00
C-081f4156,0.025836631030890376,0,20260726T102553,2026-07-26T10:26:41.694234+00:00
C-efae765b,0.750292543899282,1,20260726T102553,2026-07-26T10:26:41.694234+00:00
C-bade6a22,0.886645320161529,1,20260726T102553,2026-07-26T10:26:41.694234+00:00
C-447a77b1,0.3060973087735789,0,20260726T102553,2026-07-26T10:26:41.694234+00:00
C-0ce61036,0.3025100045461836,0,20260726T102553,2026-07-26T10:26:41.694234+00:00
C-d3096ec1,0.7390798524977347,1,20260726T102553,2026-07-26T10:26:41.694234+00:00
C-9f95d4cb,0.9799369368099725,1,20260726T102553,2026-07-26T10:26:41.694234+00:00
C-d3c352c9,0.5045217586326091,1,20260726T102553,2026-07-26T10:26:41.694234+00:00
C-7c409dde,0.32145230958834975,0,20260726T102553,2026-07-26T10:26:41.694234+00:00
C-4e55e441,0.07944329986799162,0,20260726T102553,2026-07-26T10:26:41.694234+00:00
C-537bddda,0.7990949609137239,1,20260726T102553,2026-07-26T10:26:41.694234+00:00
C-774679d2,0.24703075596182134,0,20260726T102553,2026-07-26T10:26:41.694234+00:00
C-b74463b1,0.3616617209557728,0,20260726T102553,2026-07-26T10:26:41.694234+00:00
C-e1467543,0.7777453550228052,1,20260726T102553,2026-07-26T10:26:41.694234+00:00
C-46374298,0.7474462306070925,1,20260726T102553,2026-07-26T10:26:41.694234+00:00
C-c11bbcd8,0.2939848025568371,0,20260726T102553,2026-07-26T10:26:41.694234+00:00
C-6bf37f8b,0.2905821459519793,0,20260726T102553,2026-07-26T10:26:41.694234+00:00
C-8b9f8c63,0.9192326403314752,1,20260726T102553,2026-07-26T10:26:41.694234+00:00
C-8128854e,0.1182103987741918,0,20260726T102553,2026-07-26T10:26:41.694234+00:00
C-393629c5,0.7491525854682473,1,20260726T102553,2026-07-26T10:26:41.694234+00:00
C-a9574b1f,0.6614311923484608,1,20260726T102553,2026-07-26T10:26:41.694234+00:00
C-a22402f7,0.8065075562097729,1,20260726T102553,2026-07-26T10:26:41.694234+00:00
C-0be31c53,0.036536828763883616,0,20260726T102553,2026-07-26T10:26:41.694234+00:00
C-24978d83,0.6519864386317885,1,20260726T102553,2026-07-26T10:26:41.694234+00:00
C-6ffccf4a,0.05094328976096065,0,20260726T102553,2026-07-26T10:26:41.694234+00:00
C-9d0dbc46,0.030634925240183408,0,20260726T102553,2026-07-26T10:26:41.694234+00:00
C-cff9547a,0.431193854706248,0,20260726T102553,2026-07-26T10:26:41.694234+00:00
C-098f0954,0.6625190585545242,1,20260726T102553,2026-07-26T10:26:41.694234+00:00
C-c78f0102,0.744445470692693,1,20260726T102553,2026-07-26T10:26:41.694234+00:00
C-402c0b56,0.09405268550746239,0,20260726T102553,2026-07-26T10:26:41.694234+00:00
C-4388cc63,0.8541228513647695,1,20260726T102553,2026-07-26T10:26:41.694234+00:00
C-12bc5750,0.10435515180743192,0,20260726T102553,2026-07-26T10:26:41.694234+00:00
C-1cca689e,0.6616521032021462,1,20260726T102553,2026-07-26T10:26:41.694234+00:00
C-43635ffd,0.8670818757626074,1,20260726T102553,2026-07-26T10:26:41.694234+00:00
C-d793ed91,0.43242451492591993,0,20260726T102553,2026-07-26T10:26:41.694234+00:00
C-2d20f3c3,0.06811359452271512,0,20260726T102553,2026-07-26T10:26:41.694234+00:00
C-fdcc1c15,0.05177498077854507,0,20260726T102553,2026-07-26T10:26:41.694234+00:00
C-0250bc12,0.3590685878674218,0,20260726T102553,2026-07-26T10:26:41.694234+00:00
C-265a416d,0.6665168128100244,1,20260726T102553,2026-07-26T10:26:41.694234+00:00
C-1373a8ed,0.47092386382405416,0,20260726T102553,2026-07-26T10:26:41.694234+00:00
C-b4859ac2,0.8304959418371107,1,20260726T102553,2026-07-26T10:26:41.694234+00:00
C-d26f53b4,0.802796054974063,1,20260726T102553,2026-07-26T10:26:41.694234+00:00
C-307fdfe6,0.12750454900403407,0,20260726T102553,2026-07-26T10:26:41.694234+00:00
C-719b45e2,0.4390152350925747,0,20260726T102553,2026-07-26T10:26:41.694234+00:00
C-805fe918,0.3444951816011599,0,20260726T102553,2026-07-26T10:26:41.694234+00:00
C-0edde983,0.07623678936459054,0,20260726T102553,2026-07-26T10:26:41.694234+00:00
C-3db5da62,0.02350561422597292,0,20260726T102553,2026-07-26T10:26:41.694234+00:00
C-07e0182e,0.05187912300195445,0,20260726T102553,2026-07-26T10:26:41.694234+00:00
C-5283072f,0.15136780174169231,0,20260726T102553,2026-07-26T10:26:41.694234+00:00
C-c40b0fbf,0.13327128249867615,0,20260726T102553,2026-07-26T10:26:41.694234+00:00
C-35788a5a,0.4653825067559546,0,20260726T102553,2026-07-26T10:26:41.694234+00:00
C-92fbab27,0.4493108127283756,0,20260726T102553,2026-07-26T10:26:41.694234+00:00
C-2829072b,0.8010490908354176,1,20260726T102553,2026-07-26T10:26:41.694234+00:00
C-8fd092c6,0.6848802600517249,1,20260726T102553,2026-07-26T10:26:41.694234+00:00
C-787e937d,0.3101560761623713,0,20260726T102553,2026-07-26T10:26:41.694234+00:00
C-63bd728c,0.03827073781211409,0,20260726T102553,2026-07-26T10:26:41.694234+00:00
C-28dc9c4f,0.11720570442645073,0,20260726T102553,2026-07-26T10:26:41.694234+00:00
C-1b7f949e,0.13592898380079108,0,20260726T102553,2026-07-26T10:26:41.694234+00:00
C-ec0ae84d,0.5080457623843353,1,20260726T102553,2026-07-26T10:26:41.694234+00:00
C-663f688e,0.2956893025333492,0,20260726T102553,2026-07-26T10:26:41.694234+00:00
C-3a3e1d30,0.02841481499163412,0,20260726T102553,2026-07-26T10:26:41.694234+00:00
C-9773f153,0.7926300082983997,1,20260726T102553,2026-07-26T10:26:41.694234+00:00
C-05bdd719,0.9099713817521836,1,20260726T102553,2026-07-26T10:26:41.694234+00:00
C-187b36ed,0.4788201420814702,0,20260726T102553,2026-07-26T10:26:41.694234+00:00
C-df2bbc4b,0.03941802359572948,0,20260726T102553,2026-07-26T10:26:41.694234+00:00
C-839e9633,0.15669977552209877,0,20260726T102553,2026-07-26T10:26:41.694234+00:00
C-f52013fd,0.3711467963011286,0,20260726T102553,2026-07-26T10:26:41.694234+00:00
C-7473f5de,0.5853367778657418,1,20260726T102553,2026-07-26T10:26:41.694234+00:00
C-78dcaee8,0.34853068327163755,0,20260726T102553,2026-07-26T10:26:41.694234+00:00
C-7af36c70,0.022110076533885678,0,20260726T102553,2026-07-26T10:26:41.694234+00:00
C-22dbe95b,0.7104723196793303,1,20260726T102553,2026-07-26T10:26:41.694234+00:00
C-23914d7c,0.1478075802028234,0,20260726T102553,2026-07-26T10:26:41.694234+00:00
C-631f0a61,0.33959805410661975,0,20260726T102553,2026-07-26T10:26:41.694234+00:00
C-861d27c0,0.9008022468777107,1,20260726T102553,2026-07-26T10:26:41.694234+00:00
C-03147b18,0.12612021665458117,0,20260726T102553,2026-07-26T10:26:41.694234+00:00
C-d6c6af8b,0.7977378286288436,1,20260726T102553,2026-07-26T10:26:41.694234+00:00
C-bacdf41c,0.7533717349533869,1,20260726T102553,2026-07-26T10:26:41.694234+00:00
C-8cc51911,0.6735655336133325,1,20260726T102553,2026-07-26T10:26:41.694234+00:00
C-258d84ad,0.6992201773125709,1,20260726T102553,2026-07-26T10:26:41.694234+00:00
C-dd96ebbe,0.9760992185031989,1,20260726T102553,2026-07-26T10:26:41.694234+00:00
C-27a66846,0.35871247943980383,0,20260726T102553,2026-07-26T10:26:41.694234+00:00
C-e461e5cc,0.1478799841638856,0,20260726T102553,2026-07-26T10:26:41.694234+00:00
C-c7cff082,0.3271563299220471,0,20260726T102553,2026-07-26T10:26:41.694234+00:00
C-64606564,0.9705485986660514,1,20260726T102553,2026-07-26T10:26:41.694234+00:00
C-ff9d07fb,0.7489418202382457,1,20260726T102553,2026-07-26T10:26:41.694234+00:00
C-86de7e8d,0.1337276533043934,0,20260726T102553,2026-07-26T10:26:41.694234+00:00
C-605bd5e2,0.7669718134801949,1,20260726T102553,2026-07-26T10:26:41.694234+00:00
C-1562f7e3,0.6731760900033483,1,20260726T102553,2026-07-26T10:26:41.694234+00:00
C-970607d2,0.31889941214041206,0,20260726T102553,2026-07-26T10:26:41.694234+00:00
C-802800aa,0.8532511777465457,1,20260726T102553,2026-07-26T10:26:41.694234+00:00
C-61b65a89,0.03867921636332631,0,20260726T102553,2026-07-26T10:26:41.694234+00:00
C-401dfae3,0.7307953736704791,1,20260726T102553,2026-07-26T10:26:41.694234+00:00
C-eba00247,0.16160201334280516,0,20260726T102553,2026-07-26T10:26:41.694234+00:00
C-a860d907,0.07174982497688678,0,20260726T102553,2026-07-26T10:26:41.694234+00:00
C-e7955316,0.6716015208095905,1,20260726T102553,2026-07-26T10:26:41.694234+00:00
C-cbe5e9b9,0.5991562896920497,1,20260726T102553,2026-07-26T10:26:41.694234+00:00
C-908c2fa5,0.18711118869797216,0,20260726T102553,2026-07-26T10:26:41.694234+00:00
C-ee0ee40f,0.3528499861969652,0,20260726T102553,2026-07-26T10:26:41.694234+00:00
C-fbe91e73,0.5261448189814065,1,20260726T102553,2026-07-26T10:26:41.694234+00:00
C-34e54296,0.4544898009131808,0,20260726T102553,2026-07-26T10:26:41.694234+00:00
C-69a49922,0.10437826211590673,0,20260726T102553,2026-07-26T10:26:41.694234+00:00
C-baff1c2c,0.8916961593819789,1,20260726T102553,2026-07-26T10:26:41.694234+00:00
C-1230195f,0.7608648885341136,1,20260726T102553,2026-07-26T10:26:41.694234+00:00
C-7b859142,0.39037992491449736,0,20260726T102553,2026-07-26T10:26:41.694234+00:00
C-6a3b9697,0.8131115413278757,1,20260726T102553,2026-07-26T10:26:41.694234+00:00
C-91d3e479,0.3662311753583379,0,20260726T102553,2026-07-26T10:26:41.694234+00:00
C-1486b5b1,0.02999214377074735,0,20260726T102553,2026-07-26T10:26:41.694234+00:00
C-4d72b5e9,0.3471363959954725,0,20260726T102553,2026-07-26T10:26:41.694234+00:00
C-1dcf48b6,0.7693482150191012,1,20260726T102553,2026-07-26T10:26:41.694234+00:00
C-e7997a49,0.33313193480452297,0,20260726T102553,2026-07-26T10:26:41.694234+00:00
C-bad2b2bb,0.4814278644680625,0,20260726T102553,2026-07-26T10:26:41.694234+00:00
C-b964d03e,0.8684964936565353,1,20260726T102553,2026-07-26T10:26:41.694234+00:00
C-9921f5dc,0.6356690774973074,1,20260726T102553,2026-07-26T10:26:41.694234+00:00
C-8ba1680a,0.8705589143825047,1,20260726T102553,2026-07-26T10:26:41.694234+00:00
C-1145352d,0.5491567294581163,1,20260726T102553,2026-07-26T10:26:41.694234+00:00
C-0a43d388,0.14623250824614764,0,20260726T102553,2026-07-26T10:26:41.694234+00:00
C-a8351112,0.541236599489584,1,20260726T102553,2026-07-26T10:26:41.694234+00:00
C-28898e3b,0.7961934442078721,1,20260726T102553,2026-07-26T10:26:41.694234+00:00
C-5e20554e,0.5359998192453557,1,20260726T102553,2026-07-26T10:26:41.694234+00:00
C-2bd752d3,0.13424005201533085,0,20260726T102553,2026-07-26T10:26:41.694234+00:00
C-f1a32a13,0.34311330752238395,0,20260726T102553,2026-07-26T10:26:41.694234+00:00
C-032a0f3c,0.5914939234506622,1,20260726T102553,2026-07-26T10:26:41.694234+00:00
C-09eebd00,0.8894528601324507,1,20260726T102553,2026-07-26T10:26:41.694234+00:00
C-14a62744,0.6884699909733278,1,20260726T102553,2026-07-26T10:26:41.694234+00:00
C-b8965597,0.16998796909982924,0,20260726T102553,2026-07-26T10:26:41.694234+00:00
C-7084ebc6,0.8238184106446821,1,20260726T102553,2026-07-26T10:26:41.694234+00:00
C-c78106c1,0.28847247020745326,0,20260726T102553,2026-07-26T10:26:41.694234+00:00
C-9445af6b,0.07968323658658934,0,20260726T102553,2026-07-26T10:26:41.694234+00:00
C-4c97a16e,0.1206677120487649,0,20260726T102553,2026-07-26T10:26:41.694234+00:00
C-785e14c2,0.4319758534440299,0,20260726T102553,2026-07-26T10:26:41.694234+00:00
C-54211f86,0.31138964270624636,0,20260726T102553,2026-07-26T10:26:41.694234+00:00
C-6f595b25,0.830274208701747,1,20260726T102553,2026-07-26T10:26:41.694234+00:00
C-49ad8823,0.7497408822473327,1,20260726T102553,2026-07-26T10:26:41.694234+00:00
C-263fc7f5,0.06512891094642824,0,20260726T102553,2026-07-26T10:26:41.694234+00:00
C-a7ed08ba,0.1831377559190018,0,20260726T102553,2026-07-26T10:26:41.694234+00:00
C-ecc1a609,0.6876381339521921,1,20260726T102553,2026-07-26T10:26:41.694234+00:00
C-1a95c8af,0.15963791049932974,0,20260726T102553,2026-07-26T10:26:41.694234+00:00
C-dcc97555,0.39840562605873203,0,20260726T102553,2026-07-26T10:26:41.694234+00:00
C-72194394,0.7529214770483597,1,20260726T102553,2026-07-26T10:26:41.694234+00:00
C-76e3632d,0.6506440360121194,1,20260726T102553,2026-07-26T10:26:41.694234+00:00
C-4318db93,0.8672891835486425,1,20260726T102553,2026-07-26T10:26:41.694234+00:00
C-e785e69c,0.8635756456651787,1,20260726T102553,2026-07-26T10:26:41.694234+00:00
C-95fdd383,0.6870145311580983,1,20260726T102553,2026-07-26T10:26:41.694234+00:00
C-4cb398d3,0.4692868439548093,0,20260726T102553,2026-07-26T10:26:41.694234+00:00
C-8e75b820,0.7932076586195578,1,20260726T102553,2026-07-26T10:26:41.694234+00:00
C-a71e7f6f,0.46870319698680973,0,20260726T102553,2026-07-26T10:26:41.694234+00:00
C-b91685fe,0.32566823895107716,0,20260726T102553,2026-07-26T10:26:41.694234+00:00
C-edaff4d1,0.04337943148958816,0,20260726T102553,2026-07-26T10:26:41.694234+00:00
C-1e406cf9,0.04771828524253268,0,20260726T102553,2026-07-26T10:26:41.694234+00:00
C-557423eb,0.7780242100358656,1,20260726T102553,2026-07-26T10:26:41.694234+00:00
C-73a187e1,0.13673195384423578,0,20260726T102553,2026-07-26T10:26:41.694234+00:00
C-5234b928,0.05102347090993656,0,20260726T102553,2026-07-26T10:26:41.694234+00:00
C-728d4440,0.13056526645205146,0,20260726T102553,2026-07-26T10:26:41.694234+00:00
C-081f187d,0.30443165660607696,0,20260726T102553,2026-07-26T10:26:41.694234+00:00
C-96b8859f,0.5049683241152151,1,20260726T102553,2026-07-26T10:26:41.694234+00:00
C-d8bda331,0.8914806702437288,1,20260726T102553,2026-07-26T10:26:41.694234+00:00
C-16d6dfe6,0.6366911027941444,1,20260726T102553,2026-07-26T10:26:41.694234+00:00
C-4dc459ba,0.08932645245283914,0,20260726T102553,2026-07-26T10:26:41.694234+00:00
C-ae31b499,0.1569900331083142,0,20260726T102553,2026-07-26T10:26:41.694234+00:00
C-08968fc6,0.7140058827750568,1,20260726T102553,2026-07-26T10:26:41.694234+00:00
C-e984096c,0.15043652074746977,0,20260726T102553,2026-07-26T10:26:41.694234+00:00
C-e70f9050,0.6562387859447384,1,20260726T102553,2026-07-26T10:26:41.694234+00:00
C-c20e372d,0.8622995592265348,1,20260726T102553,2026-07-26T10:26:41.694234+00:00
C-0d6b1e49,0.8699154279474072,1,20260726T102553,2026-07-26T10:26:41.694234+00:00
C-d094a553,0.8000470002590959,1,20260726T102553,2026-07-26T10:26:41.694234+00:00
C-5ed52e08,0.16799107318736808,0,20260726T102553,2026-07-26T10:26:41.694234+00:00
C-f93888a9,0.19253839965972816,0,20260726T102553,2026-07-26T10:26:41.694234+00:00
C-f5df9656,0.09826770468095598,0,20260726T102553,2026-07-26T10:26:41.694234+00:00
C-9ea68a8e,0.6880029839344318,1,20260726T102553,2026-07-26T10:26:41.694234+00:00
C-8ec35a55,0.5184211488345839,1,20260726T102553,2026-07-26T10:26:41.694234+00:00
C-c16b6541,0.8529029067257331,1,20260726T102553,2026-07-26T10:26:41.694234+00:00
C-78e8b211,0.24211970750231887,0,20260726T102553,2026-07-26T10:26:41.694234+00:00
C-55b78b77,0.7349605609542988,1,20260726T102553,2026-07-26T10:26:41.694234+00:00
C-52f33465,0.44955625667586335,0,20260726T102553,2026-07-26T10:26:41.694234+00:00
C-75393314,0.7567464426458023,1,20260726T102553,2026-07-26T10:26:41.694234+00:00
C-59f3d9b0,0.23318347986643648,0,20260726T102553,2026-07-26T10:26:41.694234+00:00
C-b56427bc,0.9193277388887838,1,20260726T102553,2026-07-26T10:26:41.694234+00:00
C-b80a8ec4,0.8155092929201726,1,20260726T102553,2026-07-26T10:26:41.694234+00:00
C-1377a56c,0.3213608552748863,0,20260726T102553,2026-07-26T10:26:41.694234+00:00
C-64976088,0.7831854350597943,1,20260726T102553,2026-07-26T10:26:41.694234+00:00
C-371a38c5,0.3520782957815807,0,20260726T102553,2026-07-26T10:26:41.694234+00:00
C-ced5eaa0,0.8057940149013489,1,20260726T102553,2026-07-26T10:26:41.694234+00:00
C-132aa91c,0.7825721567615724,1,20260726T102553,2026-07-26T10:26:41.694234+00:00
C-8b5f1c13,0.3041931857600701,0,20260726T102553,2026-07-26T10:26:41.694234+00:00
C-c2f1343c,0.754781951833285,1,20260726T102553,2026-07-26T10:26:41.694234+00:00
C-0cef9156,0.6930776995851993,1,20260726T102553,2026-07-26T10:26:41.694234+00:00
C-2c7bc704,0.3255653237791442,0,20260726T102553,2026-07-26T10:26:41.694234+00:00
C-8c1c7816,0.19046703787523497,0,20260726T102553,2026-07-26T10:26:41.694234+00:00
C-9f2af99f,0.46011094179724776,0,20260726T102553,2026-07-26T10:26:41.694234+00:00
C-15009bc9,0.08046759001717244,0,20260726T102553,2026-07-26T10:26:41.694234+00:00
C-36cad209,0.7139934440532413,1,20260726T102553,2026-07-26T10:26:41.694234+00:00
C-7a902b7f,0.7373318699107199,1,20260726T102553,2026-07-26T10:26:41.694234+00:00
C-6a81d502,0.09626295908764572,0,20260726T102553,2026-07-26T10:26:41.694234+00:00
C-319f8bf2,0.9406042613478033,1,20260726T102553,2026-07-26T10:26:41.694234+00:00
C-a13eec68,0.15250567504444446,0,20260726T102553,2026-07-26T10:26:41.694234+00:00
C-414d5ee8,0.2915068426446551,0,20260726T102553,2026-07-26T10:26:41.694234+00:00
C-2c107311,0.5202387623706841,1,20260726T102553,2026-07-26T10:26:41.694234+00:00
C-324d7b78,0.4419386526686881,0,20260726T102553,2026-07-26T10:26:41.694234+00:00
C-c59532da,0.17070598527575712,0,20260726T102553,2026-07-26T10:26:41.694234+00:00
C-ba2ada9b,0.8587276686691135,1,20260726T102553,2026-07-26T10:26:41.694234+00:00
C-8f4857e5,0.8657922199803286,1,20260726T102553,2026-07-26T10:26:41.694234+00:00
C-479d95d9,0.9027731989056101,1,20260726T102553,2026-07-26T10:26:41.694234+00:00
C-0cbbafb1,0.10852405493782567,0,20260726T102553,2026-07-26T10:26:41.694234+00:00
C-88d5ff41,0.34122309452047783,0,20260726T102553,2026-07-26T10:26:41.694234+00:00
C-3e60dc90,0.12161096535900626,0,20260726T102553,2026-07-26T10:26:41.694234+00:00
C-813a6efe,0.6789083211007615,1,20260726T102553,2026-07-26T10:26:41.694234+00:00
C-cd304eb1,0.7136978896455322,1,20260726T102553,2026-07-26T10:26:41.694234+00:00
C-535f106c,0.4596422394530502,0,20260726T102553,2026-07-26T10:26:41.694234+00:00
C-8fa5e307,0.16498065639271642,0,20260726T102553,2026-07-26T10:26:41.694234+00:00
C-242d6bf1,0.5301569107750613,1,20260726T102553,2026-07-26T10:26:41.694234+00:00
C-211e57c5,0.7390205098765265,1,20260726T102553,2026-07-26T10:26:41.694234+00:00
C-aac17df8,0.2221117858010483,0,20260726T102553,2026-07-26T10:26:41.694234+00:00
C-50592adf,0.7091676247671069,1,20260726T102553,2026-07-26T10:26:41.694234+00:00
C-d15de1e9,0.5227768721625662,1,20260726T102553,2026-07-26T10:26:41.694234+00:00
C-1d62b745,0.4450827399726711,0,20260726T102553,2026-07-26T10:26:41.694234+00:00
C-c7f31cd1,0.7489784937209384,1,20260726T102553,2026-07-26T10:26:41.694234+00:00
C-0ab6de1a,0.34881005958111805,0,20260726T102553,2026-07-26T10:26:41.694234+00:00
C-68d34c91,0.4398092788931689,0,20260726T102553,2026-07-26T10:26:41.694234+00:00
C-ccba8361,0.46344587270374904,0,20260726T102553,2026-07-26T10:26:41.694234+00:00
C-26f6359a,0.02889815552152186,0,20260726T102553,2026-07-26T10:26:41.694234+00:00
C-5b1753da,0.520316207509504,1,20260726T102553,2026-07-26T10:26:41.694234+00:00
C-62193037,0.8577103761629954,1,20260726T102553,2026-07-26T10:26:41.694234+00:00
C-105d7af8,0.9519124971831069,1,20260726T102553,2026-07-26T10:26:41.694234+00:00
C-fc801f14,0.044794134666354665,0,20260726T102553,2026-07-26T10:26:41.694234+00:00
C-cd9beaf3,0.4653038832515683,0,20260726T102553,2026-07-26T10:26:41.694234+00:00
C-500b5a85,0.050642377422485854,0,20260726T102553,2026-07-26T10:26:41.694234+00:00
C-e46ae4de,0.7491407967320926,1,20260726T102553,2026-07-26T10:26:41.694234+00:00
C-192bb352,0.3434880185740252,0,20260726T102553,2026-07-26T10:26:41.694234+00:00
C-4565bf3e,0.09793244563209523,0,20260726T102553,2026-07-26T10:26:41.694234+00:00
C-d2b4bad4,0.7875953397746438,1,20260726T102553,2026-07-26T10:26:41.694234+00:00
C-c3d273aa,0.6723304515969778,1,20260726T102553,2026-07-26T10:26:41.694234+00:00
C-f8606cc5,0.6134453491850359,1,20260726T102553,2026-07-26T10:26:41.694234+00:00
C-d4fbc029,0.7594672553094917,1,20260726T102553,2026-07-26T10:26:41.694234+00:00
C-f2a57272,0.8902870653951764,1,20260726T102553,2026-07-26T10:26:41.694234+00:00
C-100138c9,0.5931887028188264,1,20260726T102553,2026-07-26T10:26:41.694234+00:00
C-d78b8d0c,0.6180560076298499,1,20260726T102553,2026-07-26T10:26:41.694234+00:00
C-8610cb84,0.8443042209099262,1,20260726T102553,2026-07-26T10:26:41.694234+00:00
C-5abac31c,0.6205652794471598,1,20260726T102553,2026-07-26T10:26:41.694234+00:00
C-c0dfc642,0.4095517592970756,0,20260726T102553,2026-07-26T10:26:41.694234+00:00
C-9fca8779,0.10648496385042774,0,20260726T102553,2026-07-26T10:26:41.694234+00:00
C-aafc6bb6,0.25844874311625815,0,20260726T102553,2026-07-26T10:26:41.694234+00:00
C-555bf900,0.021083152878318155,0,20260726T102553,2026-07-26T10:26:41.694234+00:00
C-22c9ffc6,0.6322226023724454,1,20260726T102553,2026-07-26T10:26:41.694234+00:00
C-ea04a4ee,0.8938274655763193,1,20260726T102553,2026-07-26T10:26:41.694234+00:00
C-22692bf1,0.6968446822487808,1,20260726T102553,2026-07-26T10:26:41.694234+00:00
C-94e550c9,0.6913042658882237,1,20260726T102553,2026-07-26T10:26:41.694234+00:00
C-2493cda9,0.7433214763234673,1,20260726T102553,2026-07-26T10:26:41.694234+00:00
C-d1f87a8b,0.39351038805331295,0,20260726T102553,2026-07-26T10:26:41.694234+00:00
C-f1dfdabe,0.3178535652874276,0,20260726T102553,2026-07-26T10:26:41.694234+00:00
C-e1e7b5b8,0.6771084019390514,1,20260726T102553,2026-07-26T10:26:41.694234+00:00
C-2ef8e650,0.5342929163482636,1,20260726T102553,2026-07-26T10:26:41.694234+00:00
C-d07ca9cd,0.7918814294286168,1,20260726T102553,2026-07-26T10:26:41.694234+00:00
C-d308c947,0.44668165282823463,0,20260726T102553,2026-07-26T10:26:41.694234+00:00
C-b5732fc9,0.21031722819946927,0,20260726T102553,2026-07-26T10:26:41.694234+00:00
C-04a2cf68,0.48080322814677723,0,20260726T102553,2026-07-26T10:26:41.694234+00:00
C-618b4897,0.3447243463723752,0,20260726T102553,2026-07-26T10:26:41.694234+00:00
C-f57ceec5,0.38676140316159513,0,20260726T102553,2026-07-26T10:26:41.694234+00:00
C-6aac9a35,0.4771122384808638,0,20260726T102553,2026-07-26T10:26:41.694234+00:00
C-54a63f6a,0.18849907033432212,0,20260726T102553,2026-07-26T10:26:41.694234+00:00
C-4cea569d,0.8237185860205166,1,20260726T102553,2026-07-26T10:26:41.694234+00:00
C-647fb3a4,0.9035992782403778,1,20260726T102553,2026-07-26T10:26:41.694234+00:00
C-54c50224,0.11429479850981496,0,20260726T102553,2026-07-26T10:26:41.694234+00:00
C-3de40215,0.09198532776063255,0,20260726T102553,2026-07-26T10:26:41.694234+00:00
C-cca59f07,0.5223316069908149,1,20260726T102553,2026-07-26T10:26:41.694234+00:00
C-bedce24a,0.6608204724449863,1,20260726T102553,2026-07-26T10:26:41.694234+00:00
C-df58f93b,0.6142406079536676,1,20260726T102553,2026-07-26T10:26:41.694234+00:00
C-0a81c7fd,0.16381032600772188,0,20260726T102553,2026-07-26T10:26:41.694234+00:00
C-644329fe,0.6914737684846124,1,20260726T102553,2026-07-26T10:26:41.694234+00:00
C-434f913a,0.09579892142300167,0,20260726T102553,2026-07-26T10:26:41.694234+00:00
C-acc36d16,0.7855425172345702,1,20260726T102553,2026-07-26T10:26:41.694234+00:00
C-a18e62ff,0.9367470922598319,1,20260726T102553,2026-07-26T10:26:41.694234+00:00
C-1e610e52,0.11491358296087999,0,20260726T102553,2026-07-26T10:26:41.694234+00:00
C-2d4bea22,0.6497249948457432,1,20260726T102553,2026-07-26T10:26:41.694234+00:00
C-d947693b,0.7616096580046506,1,20260726T102553,2026-07-26T10:26:41.694234+00:00
C-6c857698,0.3519943479768536,0,20260726T102553,2026-07-26T10:26:41.694234+00:00
C-8031efa2,0.7319452442317812,1,20260726T102553,2026-07-26T10:26:41.694234+00:00
C-cec60d1d,0.7895418057503553,1,20260726T102553,2026-07-26T10:26:41.694234+00:00
C-60bbadd1,0.5341388299366875,1,20260726T102553,2026-07-26T10:26:41.694234+00:00
C-70eb5ba8,0.1309135902227828,0,20260726T102553,2026-07-26T10:26:41.694234+00:00
C-faf4dd9a,0.4820159876241908,0,20260726T102553,2026-07-26T10:26:41.694234+00:00
C-95811229,0.7392742476092684,1,20260726T102553,2026-07-26T10:26:41.694234+00:00
C-7824fa90,0.11849309581087601,0,20260726T102553,2026-07-26T10:26:41.694234+00:00
C-f37a0d33,0.7075874001697178,1,20260726T102553,2026-07-26T10:26:41.694234+00:00
C-36ca30e3,0.6477350456739862,1,20260726T102553,2026-07-26T10:26:41.694234+00:00
C-79369bb6,0.7026935174632816,1,20260726T102553,2026-07-26T10:26:41.694234+00:00
C-cc53fdd5,0.1612562540499542,0,20260726T102553,2026-07-26T10:26:41.694234+00:00
C-72bd67bb,0.4678590787329842,0,20260726T102553,2026-07-26T10:26:41.694234+00:00
C-39be516b,0.37267385686881305,0,20260726T102553,2026-07-26T10:26:41.694234+00:00
C-690b66f2,0.5320064093919832,1,20260726T102553,2026-07-26T10:26:41.694234+00:00
C-25976a04,0.10982818715505263,0,20260726T102553,2026-07-26T10:26:41.694234+00:00
C-df1e8425,0.5678436712726775,1,20260726T102553,2026-07-26T10:26:41.694234+00:00
C-905f8238,0.8808007910871862,1,20260726T102553,2026-07-26T10:26:41.694234+00:00
C-32e56a29,0.9099621396088007,1,20260726T102553,2026-07-26T10:26:41.694234+00:00
C-4f5a3faa,0.18012972563687812,0,20260726T102553,2026-07-26T10:26:41.694234+00:00
C-356c946b,0.1591487031052538,0,20260726T102553,2026-07-26T10:26:41.694234+00:00
C-fe6a1da5,0.7498951770078314,1,20260726T102553,2026-07-26T10:26:41.694234+00:00
C-c4580714,0.6977449720798033,1,20260726T102553,2026-07-26T10:26:41.694234+00:00
C-80a017dc,0.6726436247187574,1,20260726T102553,2026-07-26T10:26:41.694234+00:00
C-2e59f46d,0.02668431767094319,0,20260726T102553,2026-07-26T10:26:41.694234+00:00
C-acd7efeb,0.49040271299889376,0,20260726T102553,2026-07-26T10:26:41.694234+00:00
C-8a0292a7,0.2440099603394779,0,20260726T102553,2026-07-26T10:26:41.694234+00:00
C-0dd72549,0.4616569878429068,0,20260726T102553,2026-07-26T10:26:41.694234+00:00
C-fc393c19,0.9236597659219496,1,20260726T102553,2026-07-26T10:26:41.694234+00:00
C-01200bec,0.19825296722416327,0,20260726T102553,2026-07-26T10:26:41.694234+00:00
C-836d8894,0.3804900247317495,0,20260726T102553,2026-07-26T10:26:41.694234+00:00
C-4aba6eeb,0.09211755833480624,0,20260726T102553,2026-07-26T10:26:41.694234+00:00
C-ef5a855d,0.2590160501857237,0,20260726T102553,2026-07-26T10:26:41.694234+00:00
C-78b50d63,0.3838385798163946,0,20260726T102553,2026-07-26T10:26:41.694234+00:00
C-7fda739b,0.8577338449842533,1,20260726T102553,2026-07-26T10:26:41.694234+00:00
C-442de026,0.7618207805282278,1,20260726T102553,2026-07-26T10:26:41.694234+00:00
C-d56a1f77,0.28865238704585944,0,20260726T102553,2026-07-26T10:26:41.694234+00:00
C-bca2ff43,0.0825417671673806,0,20260726T102553,2026-07-26T10:26:41.694234+00:00
C-25e0c3d1,0.6490174613411098,1,20260726T102553,2026-07-26T10:26:41.694234+00:00
C-8420344b,0.891849213952412,1,20260726T102553,2026-07-26T10:26:41.694234+00:00
C-527ccb93,0.8995848734765005,1,20260726T102553,2026-07-26T10:26:41.694234+00:00
C-4090c146,0.1334418933556911,0,20260726T102553,2026-07-26T10:26:41.694234+00:00
C-7b7d15ed,0.08374317907128564,0,20260726T102553,2026-07-26T10:26:41.694234+00:00
C-f99fb4c8,0.5049216567986502,1,20260726T102553,2026-07-26T10:26:41.694234+00:00
C-57e2e8b3,0.6869617894386554,1,20260726T102553,2026-07-26T10:26:41.694234+00:00
C-b39bf151,0.3330418715361598,0,20260726T102553,2026-07-26T10:26:41.694234+00:00
C-6e749ca1,0.8611300992859285,1,20260726T102553,2026-07-26T10:26:41.694234+00:00
C-7cbdef62,0.8906637182568579,1,20260726T102553,2026-07-26T10:26:41.694234+00:00
C-4e28e5b5,0.7584949509299531,1,20260726T102553,2026-07-26T10:26:41.694234+00:00
C-de020f16,0.528354521130955,1,20260726T102553,2026-07-26T10:26:41.694234+00:00
C-3e85b504,0.7564825917838878,1,20260726T102553,2026-07-26T10:26:41.694234+00:00
C-73aba50d,0.1309302543439115,0,20260726T102553,2026-07-26T10:26:41.694234+00:00
C-0b095600,0.8373593002822559,1,20260726T102553,2026-07-26T10:26:41.694234+00:00
C-54d1bd96,0.6140012081600701,1,20260726T102553,2026-07-26T10:26:41.694234+00:00
C-2e5525a8,0.04951029972031407,0,20260726T102553,2026-07-26T10:26:41.694234+00:00
C-87ec144b,0.14738628423260103,0,20260726T102553,2026-07-26T10:26:41.694234+00:00
C-1c08222b,0.07654828664995454,0,20260726T102553,2026-07-26T10:26:41.694234+00:00
C-7907d119,0.7239555357397819,1,20260726T102553,2026-07-26T10:26:41.694234+00:00
C-706308c2,0.33488185868967146,0,20260726T102553,2026-07-26T10:26:41.694234+00:00
C-6e2d6757,0.030100642781525588,0,20260726T102553,2026-07-26T10:26:41.694234+00:00
C-fc7eff30,0.9012086188406366,1,20260726T102553,2026-07-26T10:26:41.694234+00:00
C-ec1fe39f,0.21635609145312307,0,20260726T102553,2026-07-26T10:26:41.694234+00:00
C-05d92046,0.323753106007621,0,20260726T102553,2026-07-26T10:26:41.694234+00:00
C-5146c5e1,0.4024293057575399,0,20260726T102553,2026-07-26T10:26:41.694234+00:00
C-771a7af3,0.18915564218181813,0,20260726T102553,2026-07-26T10:26:41.694234+00:00
C-e093f641,0.798056674800217,1,20260726T102553,2026-07-26T10:26:41.694234+00:00
C-006fc78b,0.8042037940703998,1,20260726T102553,2026-07-26T10:26:41.694234+00:00
C-495564e4,0.683086526064786,1,20260726T102553,2026-07-26T10:26:41.694234+00:00
C-56d0aeae,0.7917373193648588,1,20260726T102553,2026-07-26T10:26:41.694234+00:00
C-534a2421,0.17874738551808816,0,20260726T102553,2026-07-26T10:26:41.694234+00:00
C-58fa6da6,0.10156876509040713,0,20260726T102553,2026-07-26T10:26:41.694234+00:00
C-f6273285,0.6730420278401188,1,20260726T102553,2026-07-26T10:26:41.694234+00:00
C-0e0a95a6,0.6303627170928225,1,20260726T102553,2026-07-26T10:26:41.694234+00:00
C-6f996b3c,0.5157234570466416,1,20260726T102553,2026-07-26T10:26:41.694234+00:00
C-d86c50a6,0.5757094117083705,1,20260726T102553,2026-07-26T10:26:41.694234+00:00
C-ed8cccc0,0.3863357183804012,0,20260726T102553,2026-07-26T10:26:41.694234+00:00
C-5462ed7e,0.12659971515245858,0,20260726T102553,2026-07-26T10:26:41.694234+00:00
C-22dfd987,0.28060689349814183,0,20260726T102553,2026-07-26T10:26:41.694234+00:00
C-8e975578,0.8920322080963528,1,20260726T102553,2026-07-26T10:26:41.694234+00:00
C-412a704d,0.9867629416636308,1,20260726T102553,2026-07-26T10:26:41.694234+00:00
C-50472422,0.7923275173447417,1,20260726T102553,2026-07-26T10:26:41.694234+00:00
C-2cf82bb5,0.3635446611691673,0,20260726T102553,2026-07-26T10:26:41.694234+00:00
C-9075c2ef,0.04282635565492464,0,20260726T102553,2026-07-26T10:26:41.694234+00:00
C-8bf9b949,0.5416723036950033,1,20260726T102553,2026-07-26T10:26:41.694234+00:00
C-4fe400b2,0.15569423151593556,0,20260726T102553,2026-07-26T10:26:41.694234+00:00
C-980e5f80,0.13585929626497348,0,20260726T102553,2026-07-26T10:26:41.694234+00:00
C-fa6d1341,0.0642668137823899,0,20260726T102553,2026-07-26T10:26:41.694234+00:00
C-5f020d3e,0.7021604836602463,1,20260726T102553,2026-07-26T10:26:41.694234+00:00
C-3793bc7d,0.23599858227360704,0,20260726T102553,2026-07-26T10:26:41.694234+00:00
C-410d4c9d,0.7857490614388655,1,20260726T102553,2026-07-26T10:26:41.694234+00:00
C-9851e041,0.4270227026110173,0,20260726T102553,2026-07-26T10:26:41.694234+00:00
C-f592ee87,0.028400560165485006,0,20260726T102553,2026-07-26T10:26:41.694234+00:00
C-d50f3978,0.7802752975658847,1,20260726T102553,2026-07-26T10:26:41.694234+00:00
C-62356aa0,0.6949731686900497,1,20260726T102553,2026-07-26T10:26:41.694234+00:00
C-94a0fff1,0.1651696523677052,0,20260726T102553,2026-07-26T10:26:41.694234+00:00
C-00dc6a20,0.1009946229750114,0,20260726T102553,2026-07-26T10:26:41.694234+00:00
C-7578b636,0.7084291607130685,1,20260726T102553,2026-07-26T10:26:41.694234+00:00
C-e804da66,0.37857951265198314,0,20260726T102553,2026-07-26T10:26:41.694234+00:00
C-a470c96f,0.36283383360658295,0,20260726T102553,2026-07-26T10:26:41.694234+00:00
C-532e3680,0.23925460815716798,0,20260726T102553,2026-07-26T10:26:41.694234+00:00
C-c6843bd4,0.20565346930415748,0,20260726T102553,2026-07-26T10:26:41.694234+00:00
C-dd7bd633,0.507485995365073,1,20260726T102553,2026-07-26T10:26:41.694234+00:00
C-a475f48d,0.33487762786635666,0,20260726T102553,2026-07-26T10:26:41.694234+00:00
C-cbe36b69,0.04054078319327366,0,20260726T102553,2026-07-26T10:26:41.694234+00:00
C-3dc7d0b8,0.7590036733317543,1,20260726T102553,2026-07-26T10:26:41.694234+00:00
C-f57f4fb7,0.7501145809756984,1,20260726T102553,2026-07-26T10:26:41.694234+00:00
C-16d3dd78,0.7581836137832645,1,20260726T102553,2026-07-26T10:26:41.694234+00:00
C-d449550a,0.4834430058547771,0,20260726T102553,2026-07-26T10:26:41.694234+00:00
C-a5cbf5ab,0.7295729179465557,1,20260726T102553,2026-07-26T10:26:41.694234+00:00
C-d3f70e79,0.915903011971252,1,20260726T102553,2026-07-26T10:26:41.694234+00:00
C-84386324,0.5209582511022377,1,20260726T102553,2026-07-26T10:26:41.694234+00:00
C-d8a2c3f3,0.5267695640876355,1,20260726T102553,2026-07-26T10:26:41.694234+00:00
C-0b1f787a,0.5901798417610541,1,20260726T102553,2026-07-26T10:26:41.694234+00:00
C-3051f2fa,0.9156884910365949,1,20260726T102553,2026-07-26T10:26:41.694234+00:00
C-6d0970bc,0.754139514865203,1,20260726T102553,2026-07-26T10:26:41.694234+00:00
C-9442fe2b,0.6919536443717547,1,20260726T102553,2026-07-26T10:26:41.694234+00:00
C-bf53c8e1,0.44525661166438296,0,20260726T102553,2026-07-26T10:26:41.694234+00:00
C-08ca4274,0.3909115289128114,0,20260726T102553,2026-07-26T10:26:41.694234+00:00
C-b6ee83ec,0.7892373552334839,1,20260726T102553,2026-07-26T10:26:41.694234+00:00
C-97b21bf8,0.9213345936417412,1,20260726T102553,2026-07-26T10:26:41.694234+00:00
C-65b61234,0.09739780216288405,0,20260726T102553,2026-07-26T10:26:41.694234+00:00
C-a5c45a2c,0.3194770627986682,0,20260726T102553,2026-07-26T10:26:41.694234+00:00
C-473bf5e0,0.05252210157888994,0,20260726T102553,2026-07-26T10:26:41.694234+00:00
C-0c576a15,0.5809207821849186,1,20260726T102553,2026-07-26T10:26:41.694234+00:00
C-d6baadbf,0.4195364191575483,0,20260726T102553,2026-07-26T10:26:41.694234+00:00
C-b17edbbd,0.5349819964909771,1,20260726T102553,2026-07-26T10:26:41.694234+00:00
C-e3385d2c,0.4517094728706023,0,20260726T102553,2026-07-26T10:26:41.694234+00:00
C-98000639,0.1145126894060137,0,20260726T102553,2026-07-26T10:26:41.694234+00:00
C-cc4665a5,0.18990579733896343,0,20260726T102553,2026-07-26T10:26:41.694234+00:00
C-13ae43c1,0.6482427845531521,1,20260726T102553,2026-07-26T10:26:41.694234+00:00
C-848baa6f,0.465368293670339,0,20260726T102553,2026-07-26T10:26:41.694234+00:00
C-4bae117f,0.4113909799745527,0,20260726T102553,2026-07-26T10:26:41.694234+00:00
C-768904af,0.33264496600615356,0,20260726T102553,2026-07-26T10:26:41.694234+00:00
C-ee9801c4,0.3171881545982712,0,20260726T102553,2026-07-26T10:26:41.694234+00:00
C-337579c7,0.773574738065381,1,20260726T102553,2026-07-26T10:26:41.694234+00:00
C-5aadb647,0.8201208658195812,1,20260726T102553,2026-07-26T10:26:41.694234+00:00
C-82a7a1ce,0.6944855042259279,1,20260726T102553,2026-07-26T10:26:41.694234+00:00
C-883cfdab,0.05115178797756267,0,20260726T102553,2026-07-26T10:26:41.694234+00:00
C-682339be,0.19752166689944978,0,20260726T102553,2026-07-26T10:26:41.694234+00:00
C-831324dd,0.7482442210749038,1,20260726T102553,2026-07-26T10:26:41.694234+00:00
C-e29726cb,0.5165764447925097,1,20260726T102553,2026-07-26T10:26:41.694234+00:00
C-c4d5bd67,0.38464411130317794,0,20260726T102553,2026-07-26T10:26:41.694234+00:00
C-c5bb6ee9,0.12731195478722593,0,20260726T102553,2026-07-26T10:26:41.694234+00:00
C-e50a9da9,0.5383048192783322,1,20260726T102553,2026-07-26T10:26:41.694234+00:00
C-dedbc91a,0.8760161398350466,1,20260726T102553,2026-07-26T10:26:41.694234+00:00
C-a034fdf2,0.7142846085190167,1,20260726T102553,2026-07-26T10:26:41.694234+00:00
C-2e03f5a4,0.7408525698981565,1,20260726T102553,2026-07-26T10:26:41.694234+00:00
C-7302c625,0.12565292415003185,0,20260726T102553,2026-07-26T10:26:41.694234+00:00
C-08cd2e0b,0.12964438645126533,0,20260726T102553,2026-07-26T10:26:41.694234+00:00
C-38140a44,0.2371616080196945,0,20260726T102553,2026-07-26T10:26:41.694234+00:00
C-1c857672,0.7783524469844513,1,20260726T102553,2026-07-26T10:26:41.694234+00:00
C-cc52504e,0.7018269119046112,1,20260726T102553,2026-07-26T10:26:41.694234+00:00
C-32d90e4f,0.5163712816850298,1,20260726T102553,2026-07-26T10:26:41.694234+00:00
C-0f87ac90,0.5345188616370492,1,20260726T102553,2026-07-26T10:26:41.694234+00:00
C-9c73adae,0.21604053739849696,0,20260726T102553,2026-07-26T10:26:41.694234+00:00
C-0c4d9494,0.2453291457422392,0,20260726T102553,2026-07-26T10:26:41.694234+00:00
C-d3570ff9,0.910999944400032,1,20260726T102553,2026-07-26T10:26:41.694234+00:00
C-21d21677,0.5409768008688033,1,20260726T102553,2026-07-26T10:26:41.694234+00:00
C-fefabbdb,0.6828360139242935,1,20260726T102553,2026-07-26T10:26:41.694234+00:00
C-265bea16,0.8228153425910133,1,20260726T102553,2026-07-26T10:26:41.694234+00:00
C-372563cf,0.31944876152118484,0,20260726T102553,2026-07-26T10:26:41.694234+00:00
C-f09c7018,0.65984187139259,1,20260726T102553,2026-07-26T10:26:41.694234+00:00
C-de3c5f70,0.3840418120483811,0,20260726T102553,2026-07-26T10:26:41.694234+00:00
C-bfad7c3a,0.08552367354891449,0,20260726T102553,2026-07-26T10:26:41.694234+00:00
C-3f8f70b6,0.04267901180787888,0,20260726T102553,2026-07-26T10:26:41.694234+00:00
C-906c9322,0.12440509283088384,0,20260726T102553,2026-07-26T10:26:41.694234+00:00
C-1df5dc7d,0.13106494125672252,0,20260726T102553,2026-07-26T10:26:41.694234+00:00
C-774858b1,0.7021387825018603,1,20260726T102553,2026-07-26T10:26:41.694234+00:00
C-0e2098f3,0.43980053070884384,0,20260726T102553,2026-07-26T10:26:41.694234+00:00
C-b5a1098d,0.4294627176626767,0,20260726T102553,2026-07-26T10:26:41.694234+00:00
C-b0995e35,0.02899747758413623,0,20260726T102553,2026-07-26T10:26:41.694234+00:00
C-5a6241f9,0.6662094967014002,1,20260726T102553,2026-07-26T10:26:41.694234+00:00
C-70556e56,0.404273978333645,0,20260726T102553,2026-07-26T10:26:41.694234+00:00
C-8a122ca4,0.30216046005414177,0,20260726T102553,2026-07-26T10:26:41.694234+00:00
C-5662160d,0.6086567306336499,1,20260726T102553,2026-07-26T10:26:41.694234+00:00
C-364d5c92,0.12201647008668523,0,20260726T102553,2026-07-26T10:26:41.694234+00:00
C-946684d2,0.7033703503576298,1,20260726T102553,2026-07-26T10:26:41.694234+00:00
C-d03ada29,0.537002981262027,1,20260726T102553,2026-07-26T10:26:41.694234+00:00
C-71dd6705,0.038759809299924876,0,20260726T102553,2026-07-26T10:26:41.694234+00:00
C-7c101afa,0.703514376599844,1,20260726T102553,2026-07-26T10:26:41.694234+00:00
C-b25d86c3,0.36954662366466284,0,20260726T102553,2026-07-26T10:26:41.694234+00:00
C-a431c752,0.026402939343540568,0,20260726T102553,2026-07-26T10:26:41.694234+00:00
C-03c2b118,0.12057695982632376,0,20260726T102553,2026-07-26T10:26:41.694234+00:00
C-02ec7b42,0.2951981716006728,0,20260726T102553,2026-07-26T10:26:41.694234+00:00
C-deb6c0b0,0.024673166608140545,0,20260726T102553,2026-07-26T10:26:41.694234+00:00
C-49c21ef1,0.4018016956065825,0,20260726T102553,2026-07-26T10:26:41.694234+00:00
C-a4815444,0.8826425864823072,1,20260726T102553,2026-07-26T10:26:41.694234+00:00
C-98460f1e,0.1331001126053708,0,20260726T102553,2026-07-26T10:26:41.694234+00:00
C-2872fa1e,0.5968784869505124,1,20260726T102553,2026-07-26T10:26:41.694234+00:00
C-c10e421c,0.19339884527722767,0,20260726T102553,2026-07-26T10:26:41.694234+00:00
C-f891f565,0.1563158774041703,0,20260726T102553,2026-07-26T10:26:41.694234+00:00
C-3a0544eb,0.74957561473006,1,20260726T102553,2026-07-26T10:26:41.694234+00:00
C-145afa7a,0.9089905710087264,1,20260726T102553,2026-07-26T10:26:41.694234+00:00
C-82c1233e,0.7611955169246414,1,20260726T102553,2026-07-26T10:26:41.694234+00:00
C-d16cd92b,0.7403001078861734,1,20260726T102553,2026-07-26T10:26:41.694234+00:00
C-cafd4626,0.04126356002348738,0,20260726T102553,2026-07-26T10:26:41.694234+00:00
C-4e646191,0.6240412054831351,1,20260726T102553,2026-07-26T10:26:41.694234+00:00
C-4529aac5,0.057868547019121766,0,20260726T102553,2026-07-26T10:26:41.694234+00:00
C-2fa32872,0.3635513219596607,0,20260726T102553,2026-07-26T10:26:41.694234+00:00
C-6f012f0e,0.700371795063102,1,20260726T102553,2026-07-26T10:26:41.694234+00:00
C-4e58f63f,0.07727016356066581,0,20260726T102553,2026-07-26T10:26:41.694234+00:00
C-8b96e36b,0.7088423543693778,1,20260726T102553,2026-07-26T10:26:41.694234+00:00
C-f5d91ef0,0.7047105361211115,1,20260726T102553,2026-07-26T10:26:41.694234+00:00
C-98ce7d2b,0.21799584098903457,0,20260726T102553,2026-07-26T10:26:41.694234+00:00
C-bf2802e4,0.18085647413472197,0,20260726T102553,2026-07-26T10:26:41.694234+00:00
C-630bf130,0.7504049463733785,1,20260726T102553,2026-07-26T10:26:41.694234+00:00
C-b4b5bb62,0.08074718061934284,0,20260726T102553,2026-07-26T10:26:41.694234+00:00
C-689add9c,0.6303333373616302,1,20260726T102553,2026-07-26T10:26:41.694234+00:00
C-604d2533,0.09931667724144164,0,20260726T102553,2026-07-26T10:26:41.694234+00:00
C-7ef54702,0.7085913914849765,1,20260726T102553,2026-07-26T10:26:41.694234+00:00
C-2dd0df0b,0.07710665598649877,0,20260726T102553,2026-07-26T10:26:41.694234+00:00
C-04a15d02,0.4020460156767739,0,20260726T102553,2026-07-26T10:26:41.694234+00:00
C-4bd7760c,0.4724637560752867,0,20260726T102553,2026-07-26T10:26:41.694234+00:00
C-16361775,0.04852902087403986,0,20260726T102553,2026-07-26T10:26:41.694234+00:00
C-26b7f73c,0.1175928006701871,0,20260726T102553,2026-07-26T10:26:41.694234+00:00
C-8eebb722,0.08796306580587768,0,20260726T102553,2026-07-26T10:26:41.694234+00:00
C-a14f36e9,0.6360782255547344,1,20260726T102553,2026-07-26T10:26:41.694234+00:00
C-0be9df3f,0.6204928191756018,1,20260726T102553,2026-07-26T10:26:41.694234+00:00
C-6a81b989,0.30776655784126905,0,20260726T102553,2026-07-26T10:26:41.694234+00:00
C-9d365694,0.34696310934598645,0,20260726T102553,2026-07-26T10:26:41.694234+00:00
C-8b67a6a8,0.4441217074713185,0,20260726T102553,2026-07-26T10:26:41.694234+00:00
C-0b399948,0.4686017892645561,0,20260726T102553,2026-07-26T10:26:41.694234+00:00
C-5a8df97f,0.9180038814445398,1,20260726T102553,2026-07-26T10:26:41.694234+00:00
C-19e31b55,0.038646667147178765,0,20260726T102553,2026-07-26T10:26:41.694234+00:00
C-a2915350,0.7543293439116084,1,20260726T102553,2026-07-26T10:26:41.694234+00:00
C-1ff1a1d9,0.7861889353656596,1,20260726T102553,2026-07-26T10:26:41.694234+00:00
C-aceefe5c,0.38127911954207144,0,20260726T102553,2026-07-26T10:26:41.694234+00:00
C-96aad4e4,0.5178836613850721,1,20260726T102553,2026-07-26T10:26:41.694234+00:00
C-05f25467,0.45247319514933043,0,20260726T102553,2026-07-26T10:26:41.694234+00:00
C-63d704f2,0.4472196300162113,0,20260726T102553,2026-07-26T10:26:41.694234+00:00
C-390688d0,0.5480885112726321,1,20260726T102553,2026-07-26T10:26:41.694234+00:00
C-b0a10919,0.9131218265283348,1,20260726T102553,2026-07-26T10:26:41.694234+00:00
C-41ca00f3,0.6772838776192984,1,20260726T102553,2026-07-26T10:26:41.694234+00:00
C-d1c55252,0.377423575188394,0,20260726T102553,2026-07-26T10:26:41.694234+00:00
C-bea44b7b,0.05310982183761255,0,20260726T102553,2026-07-26T10:26:41.694234+00:00
C-d0c7e232,0.358172144904934,0,20260726T102553,2026-07-26T10:26:41.694234+00:00
C-a60deaec,0.023557609769841725,0,20260726T102553,2026-07-26T10:26:41.694234+00:00
C-57ce1355,0.029679579262132206,0,20260726T102553,2026-07-26T10:26:41.694234+00:00
C-f43fafb1,0.7912538899221434,1,20260726T102553,2026-07-26T10:26:41.694234+00:00
C-18b397a4,0.7490538314667744,1,20260726T102553,2026-07-26T10:26:41.694234+00:00
C-a99e01fe,0.7602186318887726,1,20260726T102553,2026-07-26T10:26:41.694234+00:00
C-9779c2c3,0.8006738998870352,1,20260726T102553,2026-07-26T10:26:41.694234+00:00
C-9b2bf90e,0.4553262637471137,0,20260726T102553,2026-07-26T10:26:41.694234+00:00
C-b83a67cd,0.10688589931855819,0,20260726T102553,2026-07-26T10:26:41.694234+00:00
C-0ea7ba93,0.31846810622966704,0,20260726T102553,2026-07-26T10:26:41.694234+00:00
C-861f52e8,0.15200412604186736,0,20260726T102553,2026-07-26T10:26:41.694234+00:00
C-302dcb07,0.35080671026091603,0,20260726T102553,2026-07-26T10:26:41.694234+00:00
C-5ea64f72,0.267801108314409,0,20260726T102553,2026-07-26T10:26:41.694234+00:00
C-ba7c9a9c,0.9121266048161963,1,20260726T102553,2026-07-26T10:26:41.694234+00:00
C-92a0be5d,0.25312293651967493,0,20260726T102553,2026-07-26T10:26:41.694234+00:00
C-f314c8bf,0.5919228489736845,1,20260726T102553,2026-07-26T10:26:41.694234+00:00
C-d709d607,0.846533344105916,1,20260726T102553,2026-07-26T10:26:41.694234+00:00
C-947354d3,0.514253739633972,1,20260726T102553,2026-07-26T10:26:41.694234+00:00
C-e5753894,0.9133141150679015,1,20260726T102553,2026-07-26T10:26:41.694234+00:00
C-84f1b5b8,0.2968957729373378,0,20260726T102553,2026-07-26T10:26:41.694234+00:00
C-da307248,0.6033087293374069,1,20260726T102553,2026-07-26T10:26:41.694234+00:00
C-2f330ccc,0.9321420740307862,1,20260726T102553,2026-07-26T10:26:41.694234+00:00
C-53a886ba,0.04978383073193076,0,20260726T102553,2026-07-26T10:26:41.694234+00:00
C-92f97bd4,0.6926516669125826,1,20260726T102553,2026-07-26T10:26:41.694234+00:00
C-845e2399,0.03548022138070683,0,20260726T102553,2026-07-26T10:26:41.694234+00:00
C-1d7264e1,0.640027575883297,1,20260726T102553,2026-07-26T10:26:41.694234+00:00
C-dc704adf,0.7982629369608886,1,20260726T102553,2026-07-26T10:26:41.694234+00:00
C-1d403436,0.6537571407871883,1,20260726T102553,2026-07-26T10:26:41.694234+00:00
C-68bc3daa,0.039990879270456144,0,20260726T102553,2026-07-26T10:26:41.694234+00:00
C-faa90cfa,0.4638140973901325,0,20260726T102553,2026-07-26T10:26:41.694234+00:00
C-4b2773ed,0.03765317277782412,0,20260726T102553,2026-07-26T10:26:41.694234+00:00
C-3fd662a0,0.029580286130095654,0,20260726T102553,2026-07-26T10:26:41.694234+00:00
C-b0f3822b,0.7702715423994532,1,20260726T102553,2026-07-26T10:26:41.694234+00:00
C-9462d30b,0.13386194103914567,0,20260726T102553,2026-07-26T10:26:41.694234+00:00
C-0e6b2ce9,0.08683677285630079,0,20260726T102553,2026-07-26T10:26:41.694234+00:00
C-7413e94f,0.6870307068626138,1,20260726T102553,2026-07-26T10:26:41.694234+00:00
C-0fbba797,0.40606035196872775,0,20260726T102553,2026-07-26T10:26:41.694234+00:00
C-af9d1a12,0.31392818271335265,0,20260726T102553,2026-07-26T10:26:41.694234+00:00
C-fe1995c0,0.41360993843987615,0,20260726T102553,2026-07-26T10:26:41.694234+00:00
C-434cdedc,0.38702830300527175,0,20260726T102553,2026-07-26T10:26:41.694234+00:00
C-3b3ad629,0.047978896109279134,0,20260726T102553,2026-07-26T10:26:41.694234+00:00
C-07a8d34c,0.18754470735277218,0,20260726T102553,2026-07-26T10:26:41.694234+00:00
C-8fa920d1,0.5278991010450017,1,20260726T102553,2026-07-26T10:26:41.694234+00:00
C-d3f903d4,0.07729890770149185,0,20260726T102553,2026-07-26T10:26:41.694234+00:00
C-b0871256,0.7577883567101793,1,20260726T102553,2026-07-26T10:26:41.694234+00:00
C-70a91129,0.8053045776943953,1,20260726T102553,2026-07-26T10:26:41.694234+00:00
C-d34d206f,0.5592379598489988,1,20260726T102553,2026-07-26T10:26:41.694234+00:00
C-8330f79e,0.14133572354862745,0,20260726T102553,2026-07-26T10:26:41.694234+00:00
C-1f871cbd,0.6560735059579597,1,20260726T102553,2026-07-26T10:26:41.694234+00:00
C-e1d9994e,0.27058858978635597,0,20260726T102553,2026-07-26T10:26:41.694234+00:00
C-fa8f8f8b,0.6348867444756621,1,20260726T102553,2026-07-26T10:26:41.694234+00:00
C-09140463,0.4366936984946487,0,20260726T102553,2026-07-26T10:26:41.694234+00:00
C-4cf19ebe,0.9404634295731847,1,20260726T102553,2026-07-26T10:26:41.694234+00:00
C-6b5d4a82,0.3881549322467529,0,20260726T102553,2026-07-26T10:26:41.694234+00:00
C-292f9d99,0.15969958602488213,0,20260726T102553,2026-07-26T10:26:41.694234+00:00
C-c740af72,0.7042261347643032,1,20260726T102553,2026-07-26T10:26:41.694234+00:00
C-b3940872,0.43932436993588914,0,20260726T102553,2026-07-26T10:26:41.694234+00:00
C-42393fa7,0.8016766623030264,1,20260726T102553,2026-07-26T10:26:41.694234+00:00
C-7a3609e5,0.2891354104856806,0,20260726T102553,2026-07-26T10:26:41.694234+00:00
C-dd2c0af9,0.4693331500097383,0,20260726T102553,2026-07-26T10:26:41.694234+00:00
C-db06d439,0.0788890321062655,0,20260726T102553,2026-07-26T10:26:41.694234+00:00
C-708bb822,0.658482888941903,1,20260726T102553,2026-07-26T10:26:41.694234+00:00
C-60fc583e,0.6561335031289119,1,20260726T102553,2026-07-26T10:26:41.694234+00:00
C-df56d5e3,0.45461636167610053,0,20260726T102553,2026-07-26T10:26:41.694234+00:00
C-dbce8f9e,0.07571312724828722,0,20260726T102553,2026-07-26T10:26:41.694234+00:00
C-54850bdf,0.6737077157847603,1,20260726T102553,2026-07-26T10:26:41.694234+00:00
C-76ed3d17,0.04102201747719379,0,20260726T102553,2026-07-26T10:26:41.694234+00:00
C-dcdef19a,0.47779322613978037,0,20260726T102553,2026-07-26T10:26:41.694234+00:00
C-5067a867,0.3742532255036245,0,20260726T102553,2026-07-26T10:26:41.694234+00:00
C-30ac6c2c,0.03198474117364249,0,20260726T102553,2026-07-26T10:26:41.694234+00:00
C-09ae7a2e,0.1094400947030236,0,20260726T102553,2026-07-26T10:26:41.694234+00:00
C-9a010885,0.16213877098483392,0,20260726T102553,2026-07-26T10:26:41.694234+00:00
C-160f28f6,0.04699945899058455,0,20260726T102553,2026-07-26T10:26:41.694234+00:00
C-c84a8c90,0.7433619145334439,1,20260726T102553,2026-07-26T10:26:41.694234+00:00
C-04fe2baf,0.021812530448853378,0,20260726T102553,2026-07-26T10:26:41.694234+00:00
C-5fa88c73,0.46916722226021956,0,20260726T102553,2026-07-26T10:26:41.694234+00:00
C-48e89fdf,0.7404196210151821,1,20260726T102553,2026-07-26T10:26:41.694234+00:00
C-761bff63,0.5230231119866833,1,20260726T102553,2026-07-26T10:26:41.694234+00:00
C-1de6851d,0.8194696792772482,1,20260726T102553,2026-07-26T10:26:41.694234+00:00
C-c67a6116,0.751839491110737,1,20260726T102553,2026-07-26T10:26:41.694234+00:00
C-99cbdec2,0.7955382810980884,1,20260726T102553,2026-07-26T10:26:41.694234+00:00
C-8d048c40,0.6084093215746018,1,20260726T102553,2026-07-26T10:26:41.694234+00:00
C-cb72703e,0.06711661026841331,0,20260726T102553,2026-07-26T10:26:41.694234+00:00
C-eaa9fd22,0.24840629933148478,0,20260726T102553,2026-07-26T10:26:41.694234+00:00
C-da85f06e,0.6657110647310981,1,20260726T102553,2026-07-26T10:26:41.694234+00:00
C-d528e089,0.12397106596498321,0,20260726T102553,2026-07-26T10:26:41.694234+00:00
C-a06296cf,0.4504980108353938,0,20260726T102553,2026-07-26T10:26:41.694234+00:00
C-91eb263d,0.280448938007809,0,20260726T102553,2026-07-26T10:26:41.694234+00:00
C-ff75f3f5,0.7720788017870572,1,20260726T102553,2026-07-26T10:26:41.694234+00:00
C-07aefe3f,0.2829125633687998,0,20260726T102553,2026-07-26T10:26:41.694234+00:00
C-34fd33b3,0.1069013146322306,0,20260726T102553,2026-07-26T10:26:41.694234+00:00
C-bd36a9e9,0.4931105862928857,0,20260726T102553,2026-07-26T10:26:41.694234+00:00
C-9fe40f0d,0.39181003536792064,0,20260726T102553,2026-07-26T10:26:41.694234+00:00
C-1391fc5e,0.9223181553615577,1,20260726T102553,2026-07-26T10:26:41.694234+00:00
C-88c00cde,0.7999562276832197,1,20260726T102553,2026-07-26T10:26:41.694234+00:00
C-cfb02a7e,0.2966279053122352,0,20260726T102553,2026-07-26T10:26:41.694234+00:00
C-0eefc71c,0.7753444085596327,1,20260726T102553,2026-07-26T10:26:41.694234+00:00
C-5d8ff6d2,0.3977994960527573,0,20260726T102553,2026-07-26T10:26:41.694234+00:00
C-4fdad802,0.39283960804742324,0,20260726T102553,2026-07-26T10:26:41.694234+00:00
C-5dceb15f,0.766383999051243,1,20260726T102553,2026-07-26T10:26:41.694234+00:00
C-848a3b3f,0.2844582622842635,0,20260726T102553,2026-07-26T10:26:41.694234+00:00
C-316911bc,0.49738438156958203,0,20260726T102553,2026-07-26T10:26:41.694234+00:00
C-f4044b1f,0.08380682746330519,0,20260726T102553,2026-07-26T10:26:41.694234+00:00
C-a65e14a2,0.2745109150817468,0,20260726T102553,2026-07-26T10:26:41.694234+00:00
C-775362a4,0.19683434297992872,0,20260726T102553,2026-07-26T10:26:41.694234+00:00
C-02c04a5e,0.052838115129671244,0,20260726T102553,2026-07-26T10:26:41.694234+00:00
C-2e0028cc,0.028266709498282694,0,20260726T102553,2026-07-26T10:26:41.694234+00:00
C-6dc593bc,0.917963460440876,1,20260726T102553,2026-07-26T10:26:41.694234+00:00
C-3e908deb,0.07659746547179436,0,20260726T102553,2026-07-26T10:26:41.694234+00:00
C-559f2d04,0.3775896013334268,0,20260726T102553,2026-07-26T10:26:41.694234+00:00
C-ecf06faa,0.8297853749975124,1,20260726T102553,2026-07-26T10:26:41.694234+00:00
C-41509864,0.8968604743409061,1,20260726T102553,2026-07-26T10:26:41.694234+00:00
C-71ba5efb,0.07545069822448353,0,20260726T102553,2026-07-26T10:26:41.694234+00:00
C-4c622c32,0.5416751318521217,1,20260726T102553,2026-07-26T10:26:41.694234+00:00
C-3cfdf285,0.5163148061129638,1,20260726T102553,2026-07-26T10:26:41.694234+00:00
C-33272263,0.7404991993792943,1,20260726T102553,2026-07-26T10:26:41.694234+00:00
C-cb1c91c2,0.34762512035134313,0,20260726T102553,2026-07-26T10:26:41.694234+00:00
C-dd744ce5,0.11499400607540948,0,20260726T102553,2026-07-26T10:26:41.694234+00:00
C-4a8e0b83,0.3751828968574071,0,20260726T102553,2026-07-26T10:26:41.694234+00:00
C-4ac21a78,0.7210732670792013,1,20260726T102553,2026-07-26T10:26:41.694234+00:00
C-bdcfdbe4,0.45938113296616784,0,20260726T102553,2026-07-26T10:26:41.694234+00:00
C-0dfbe53a,0.751170399249524,1,20260726T102553,2026-07-26T10:26:41.694234+00:00
C-51bb1e96,0.8304425650110677,1,20260726T102553,2026-07-26T10:26:41.694234+00:00
C-d533252b,0.5872022715589981,1,20260726T102553,2026-07-26T10:26:41.694234+00:00
C-7ea5aae9,0.3751431397569154,0,20260726T102553,2026-07-26T10:26:41.694234+00:00
C-ae23bb92,0.6442176346795137,1,20260726T102553,2026-07-26T10:26:41.694234+00:00
C-0ce27b23,0.44311008306139754,0,20260726T102553,2026-07-26T10:26:41.694234+00:00
C-6a67de42,0.7913465079822807,1,20260726T102553,2026-07-26T10:26:41.694234+00:00
C-cd61e2b6,0.6806378845447514,1,20260726T102553,2026-07-26T10:26:41.694234+00:00
C-d8380e85,0.7053434749781198,1,20260726T102553,2026-07-26T10:26:41.694234+00:00
C-396af760,0.5106409579143136,1,20260726T102553,2026-07-26T10:26:41.694234+00:00
C-5ef67414,0.7546011557011985,1,20260726T102553,2026-07-26T10:26:41.694234+00:00
C-cadd1aaf,0.6477940613201658,1,20260726T102553,2026-07-26T10:26:41.694234+00:00
C-5a78ffc6,0.42965966447304205,0,20260726T102553,2026-07-26T10:26:41.694234+00:00
C-f75b8367,0.7595157410056648,1,20260726T102553,2026-07-26T10:26:41.694234+00:00
C-f9b65c13,0.1755047601396536,0,20260726T102553,2026-07-26T10:26:41.694234+00:00
C-825837bb,0.04016704305071159,0,20260726T102553,2026-07-26T10:26:41.694234+00:00
C-adee896a,0.6886033460925197,1,20260726T102553,2026-07-26T10:26:41.694234+00:00
C-3e34fe21,0.592869878357062,1,20260726T102553,2026-07-26T10:26:41.694234+00:00
C-6e4ad0a5,0.4585165634052569,0,20260726T102553,2026-07-26T10:26:41.694234+00:00
C-1bb58a7f,0.2639174646020605,0,20260726T102553,2026-07-26T10:26:41.694234+00:00
C-6a5aea0a,0.9163361264237785,1,20260726T102553,2026-07-26T10:26:41.694234+00:00
C-dd02752a,0.6684808219887384,1,20260726T102553,2026-07-26T10:26:41.694234+00:00
C-feb0be80,0.8837140500265809,1,20260726T102553,2026-07-26T10:26:41.694234+00:00
C-15a365ab,0.0938678474047578,0,20260726T102553,2026-07-26T10:26:41.694234+00:00
C-1e3ebe55,0.1251423293698463,0,20260726T102553,2026-07-26T10:26:41.694234+00:00
C-c906ece5,0.3327482811680077,0,20260726T102553,2026-07-26T10:26:41.694234+00:00
C-75af745f,0.327398368635328,0,20260726T102553,2026-07-26T10:26:41.694234+00:00
C-3bec4563,0.5074425625411233,1,20260726T102553,2026-07-26T10:26:41.694234+00:00
C-0707f037,0.582521407223841,1,20260726T102553,2026-07-26T10:26:41.694234+00:00
C-dcb96f5b,0.3698731409662022,0,20260726T102553,2026-07-26T10:26:41.694234+00:00
C-b51d3fe4,0.49810616862998514,0,20260726T102553,2026-07-26T10:26:41.694234+00:00
C-b9e0d44a,0.7534347585004679,1,20260726T102553,2026-07-26T10:26:41.694234+00:00
C-c486344f,0.8570835971849421,1,20260726T102553,2026-07-26T10:26:41.694234+00:00
C-ee9f4c19,0.7968839409529254,1,20260726T102553,2026-07-26T10:26:41.694234+00:00
C-8be41129,0.8268514817477889,1,20260726T102553,2026-07-26T10:26:41.694234+00:00
C-91afefc9,0.8775802465738988,1,20260726T102553,2026-07-26T10:26:41.694234+00:00
C-cf8de784,0.9048082587219591,1,20260726T102553,2026-07-26T10:26:41.694234+00:00
C-5b137509,0.4810157923602336,0,20260726T102553,2026-07-26T10:26:41.694234+00:00
C-4c1ee43e,0.6337616916455702,1,20260726T102553,2026-07-26T10:26:41.694234+00:00
C-e3cea1c7,0.12078449584809096,0,20260726T102553,2026-07-26T10:26:41.694234+00:00
C-49d9429a,0.3152296902079913,0,20260726T102553,2026-07-26T10:26:41.694234+00:00
C-0b8853ed,0.08760951852543152,0,20260726T102553,2026-07-26T10:26:41.694234+00:00
C-68dfc041,0.3444675077693021,0,20260726T102553,2026-07-26T10:26:41.694234+00:00
C-d9a4bd84,0.3599063639039891,0,20260726T102553,2026-07-26T10:26:41.694234+00:00
C-4eca6fa2,0.7836644039821223,1,20260726T102553,2026-07-26T10:26:41.694234+00:00
C-fb248fe4,0.3474650291331422,0,20260726T102553,2026-07-26T10:26:41.694234+00:00
C-5892e93e,0.20763364456273706,0,20260726T102553,2026-07-26T10:26:41.694234+00:00
C-c713ded2,0.49181217037228436,0,20260726T102553,2026-07-26T10:26:41.694234+00:00
C-f835b77c,0.6898344295283826,1,20260726T102553,2026-07-26T10:26:41.694234+00:00
C-5a0e10d7,0.32723810235005735,0,20260726T102553,2026-07-26T10:26:41.694234+00:00
C-06852f22,0.11148738146378658,0,20260726T102553,2026-07-26T10:26:41.694234+00:00
C-bcbabe43,0.6876238895860095,1,20260726T102553,2026-07-26T10:26:41.694234+00:00
C-022c91a4,0.6646076819985749,1,20260726T102553,2026-07-26T10:26:41.694234+00:00
C-76f560b9,0.5151867808872946,1,20260726T102553,2026-07-26T10:26:41.694234+00:00
C-4c1d4936,0.6722388623118531,1,20260726T102553,2026-07-26T10:26:41.694234+00:00
C-8417dc71,0.8907830192039372,1,20260726T102553,2026-07-26T10:26:41.694234+00:00
C-3df9c314,0.703644317552352,1,20260726T102553,2026-07-26T10:26:41.694234+00:00
C-33c8b3e3,0.7692727654749046,1,20260726T102553,2026-07-26T10:26:41.694234+00:00
C-18df8635,0.7917546538748597,1,20260726T102553,2026-07-26T10:26:41.694234+00:00
C-3d54c5f9,0.09489020757639932,0,20260726T102553,2026-07-26T10:26:41.694234+00:00
C-48793f9f,0.3980786199195289,0,20260726T102553,2026-07-26T10:26:41.694234+00:00
C-251f3b1f,0.697444061873255,1,20260726T102553,2026-07-26T10:26:41.694234+00:00
C-8a844d83,0.03996135128435978,0,20260726T102553,2026-07-26T10:26:41.694234+00:00
C-f9529151,0.738681120656724,1,20260726T102553,2026-07-26T10:26:41.694234+00:00
C-a0eed10f,0.4456892482086686,0,20260726T102553,2026-07-26T10:26:41.694234+00:00
C-64413f5d,0.7405706803524996,1,20260726T102553,2026-07-26T10:26:41.694234+00:00
C-977de34f,0.909416621646507,1,20260726T102553,2026-07-26T10:26:41.694234+00:00
C-89270a72,0.6504929123299256,1,20260726T102553,2026-07-26T10:26:41.694234+00:00
C-eecc70c9,0.11477267918066733,0,20260726T102553,2026-07-26T10:26:41.694234+00:00
C-c6f67539,0.666074499420469,1,20260726T102553,2026-07-26T10:26:41.694234+00:00
C-9ae525b4,0.03729629702772927,0,20260726T102553,2026-07-26T10:26:41.694234+00:00
C-045477a5,0.3340877436611936,0,20260726T102553,2026-07-26T10:26:41.694234+00:00
C-5a02ae39,0.366073929605353,0,20260726T102553,2026-07-26T10:26:41.694234+00:00
C-4efd10b9,0.03185550695505001,0,20260726T102553,2026-07-26T10:26:41.694234+00:00
C-3bfad118,0.37982773551991317,0,20260726T102553,2026-07-26T10:26:41.694234+00:00
C-5cc69ba5,0.5450478049056007,1,20260726T102553,2026-07-26T10:26:41.694234+00:00
C-65b9b48a,0.1482816835250464,0,20260726T102553,2026-07-26T10:26:41.694234+00:00
C-9f1919db,0.8405291994216387,1,20260726T102553,2026-07-26T10:26:41.694234+00:00
C-a111a577,0.5270260731132506,1,20260726T102553,2026-07-26T10:26:41.694234+00:00
C-8dc2dd8a,0.7437331989790741,1,20260726T102553,2026-07-26T10:26:41.694234+00:00
C-06486e16,0.8615761633794272,1,20260726T102553,2026-07-26T10:26:41.694234+00:00
C-e41423d0,0.6976416683158001,1,20260726T102553,2026-07-26T10:26:41.694234+00:00
C-d1e82221,0.8219653846949264,1,20260726T102553,2026-07-26T10:26:41.694234+00:00
C-59734556,0.321626978474623,0,20260726T102553,2026-07-26T10:26:41.694234+00:00
C-9a2ab4e4,0.6364461190381608,1,20260726T102553,2026-07-26T10:26:41.694234+00:00
C-d17ab831,0.15334273963580744,0,20260726T102553,2026-07-26T10:26:41.694234+00:00
C-0e268b87,0.02559761789521944,0,20260726T102553,2026-07-26T10:26:41.694234+00:00
C-535cda02,0.406282435314559,0,20260726T102553,2026-07-26T10:26:41.694234+00:00
C-d64f7fe1,0.15279993536215142,0,20260726T102553,2026-07-26T10:26:41.694234+00:00
C-e59c0663,0.5249865397761492,1,20260726T102553,2026-07-26T10:26:41.694234+00:00
C-11ba5aff,0.5696958545996553,1,20260726T102553,2026-07-26T10:26:41.694234+00:00
C-4ff5b1b3,0.1850392522678473,0,20260726T102553,2026-07-26T10:26:41.694234+00:00
C-8dda0525,0.1138095172570322,0,20260726T102553,2026-07-26T10:26:41.694234+00:00
C-a671d1b2,0.09939535528648155,0,20260726T102553,2026-07-26T10:26:41.694234+00:00
C-fc6ddd24,0.6575198736222649,1,20260726T102553,2026-07-26T10:26:41.694234+00:00
C-ded34e20,0.471377609634232,0,20260726T102553,2026-07-26T10:26:41.694234+00:00
C-3948a7be,0.39348887459075543,0,20260726T102553,2026-07-26T10:26:41.694234+00:00
C-5b1ae2bf,0.8016886931982551,1,20260726T102553,2026-07-26T10:26:41.694234+00:00
C-b9fc8b42,0.08107696890598368,0,20260726T102553,2026-07-26T10:26:41.694234+00:00
C-183c43ad,0.14932021874180407,0,20260726T102553,2026-07-26T10:26:41.694234+00:00
C-2a8a48a3,0.749460897529884,1,20260726T102553,2026-07-26T10:26:41.694234+00:00
C-9da35802,0.4069447901247349,0,20260726T102553,2026-07-26T10:26:41.694234+00:00
C-61b489f7,0.1212409237549677,0,20260726T102553,2026-07-26T10:26:41.694234+00:00
C-a805b934,0.3867700846524752,0,20260726T102553,2026-07-26T10:26:41.694234+00:00
C-73f70d69,0.43042407323623033,0,20260726T102553,2026-07-26T10:26:41.694234+00:00
C-52bf7f3a,0.4832768771546508,0,20260726T102553,2026-07-26T10:26:41.694234+00:00
C-5c3ad776,0.6980689073227592,1,20260726T102553,2026-07-26T10:26:41.694234+00:00
C-b73800cb,0.5036496637138829,1,20260726T102553,2026-07-26T10:26:41.694234+00:00
C-b17db32d,0.1895811300495644,0,20260726T102553,2026-07-26T10:26:41.694234+00:00
C-0d8f67c7,0.3826037275791173,0,20260726T102553,2026-07-26T10:26:41.694234+00:00
C-51784c89,0.4136593642538496,0,20260726T102553,2026-07-26T10:26:41.694234+00:00
C-36edb8cc,0.4355119999942568,0,20260726T102553,2026-07-26T10:26:41.694234+00:00
C-527eb421,0.12128353174841665,0,20260726T102553,2026-07-26T10:26:41.694234+00:00
C-78a6cff9,0.2823608114814919,0,20260726T102553,2026-07-26T10:26:41.694234+00:00
C-5216f814,0.16092652643518496,0,20260726T102553,2026-07-26T10:26:41.694234+00:00
C-7bed51fa,0.75908004048215,1,20260726T102553,2026-07-26T10:26:41.694234+00:00
C-b10410b2,0.37081455115949635,0,20260726T102553,2026-07-26T10:26:41.694234+00:00
C-28f2108d,0.7191158869522953,1,20260726T102553,2026-07-26T10:26:41.694234+00:00
C-08bbd677,0.5989011711788773,1,20260726T102553,2026-07-26T10:26:41.694234+00:00
C-7e2fe712,0.05152957945195821,0,20260726T102553,2026-07-26T10:26:41.694234+00:00
C-4921621d,0.15714471042774794,0,20260726T102553,2026-07-26T10:26:41.694234+00:00
C-b178aefb,0.8034641444172099,1,20260726T102553,2026-07-26T10:26:41.694234+00:00
C-60a67a27,0.28694930227720117,0,20260726T102553,2026-07-26T10:26:41.694234+00:00
C-9e611bf9,0.9028414233102121,1,20260726T102553,2026-07-26T10:26:41.694234+00:00
C-e3d5f7fc,0.7998594171794627,1,20260726T102553,2026-07-26T10:26:41.694234+00:00
C-aff3cfd4,0.18908753037782583,0,20260726T102553,2026-07-26T10:26:41.694234+00:00
C-a56a2e9a,0.7071186350641617,1,20260726T102553,2026-07-26T10:26:41.694234+00:00
C-3b7df49a,0.6432996371946691,1,20260726T102553,2026-07-26T10:26:41.694234+00:00
C-5a9c6333,0.9123489269369549,1,20260726T102553,2026-07-26T10:26:41.694234+00:00
C-021df0ca,0.12173666463365192,0,20260726T102553,2026-07-26T10:26:41.694234+00:00
C-5452b96c,0.02300884675309659,0,20260726T102553,2026-07-26T10:26:41.694234+00:00
C-22d53c2f,0.1510870878794813,0,20260726T102553,2026-07-26T10:26:41.694234+00:00
C-96f13da5,0.3560780243757378,0,20260726T102553,2026-07-26T10:26:41.694234+00:00
C-d6d223db,0.7415504517954348,1,20260726T102553,2026-07-26T10:26:41.694234+00:00
C-771b47dd,0.5089985506760428,1,20260726T102553,2026-07-26T10:26:41.694234+00:00
C-6f8cd3d4,0.10112014446925226,0,20260726T102553,2026-07-26T10:26:41.694234+00:00
C-386ec62f,0.3092180021195184,0,20260726T102553,2026-07-26T10:26:41.694234+00:00
C-9e2ffaeb,0.11773749994708875,0,20260726T102553,2026-07-26T10:26:41.694234+00:00
C-514e101e,0.08105724867574626,0,20260726T102553,2026-07-26T10:26:41.694234+00:00
C-b433eb42,0.5911483824010126,1,20260726T102553,2026-07-26T10:26:41.694234+00:00
C-58a62c1e,0.49026649936137806,0,20260726T102553,2026-07-26T10:26:41.694234+00:00
C-d8229385,0.1928240809041349,0,20260726T102553,2026-07-26T10:26:41.694234+00:00
C-fb696cb6,0.7370218006358265,1,20260726T102553,2026-07-26T10:26:41.694234+00:00
C-c82058a3,0.14165790391718325,0,20260726T102553,2026-07-26T10:26:41.694234+00:00
C-7d67ac02,0.4605638469720761,0,20260726T102553,2026-07-26T10:26:41.694234+00:00
C-b6fbec47,0.02118042521095583,0,20260726T102553,2026-07-26T10:26:41.694234+00:00
C-f2ce4078,0.519307000559649,1,20260726T102553,2026-07-26T10:26:41.694234+00:00
C-5fd32a1f,0.19345856848279597,0,20260726T102553,2026-07-26T10:26:41.694234+00:00
C-05d7de4f,0.367851794480487,0,20260726T102553,2026-07-26T10:26:41.694234+00:00
C-494a38d4,0.6935956074531722,1,20260726T102553,2026-07-26T10:26:41.694234+00:00
C-dc324390,0.19387845605693027,0,20260726T102553,2026-07-26T10:26:41.694234+00:00
C-a2cecff6,0.8948646554679983,1,20260726T102553,2026-07-26T10:26:41.694234+00:00
C-829c2b99,0.8092770769410265,1,20260726T102553,2026-07-26T10:26:41.694234+00:00
C-0cb1f261,0.07694482565871086,0,20260726T102553,2026-07-26T10:26:41.694234+00:00
C-8db8b079,0.04690328308853598,0,20260726T102553,2026-07-26T10:26:41.694234+00:00
C-c4f2afed,0.39174310507185306,0,20260726T102553,2026-07-26T10:26:41.694234+00:00
C-b8405d82,0.16927254207470627,0,20260726T102553,2026-07-26T10:26:41.694234+00:00
C-43392813,0.6949861216800644,1,20260726T102553,2026-07-26T10:26:41.694234+00:00
C-584e5fd1,0.8908983775782792,1,20260726T102553,2026-07-26T10:26:41.694234+00:00
C-30b67c14,0.2677260181962173,0,20260726T102553,2026-07-26T10:26:41.694234+00:00
C-556e0fc5,0.8011427802941115,1,20260726T102553,2026-07-26T10:26:41.694234+00:00
C-2f223de0,0.5770217028385946,1,20260726T102553,2026-07-26T10:26:41.694234+00:00
C-0cdf89f6,0.37754463158664314,0,20260726T102553,2026-07-26T10:26:41.694234+00:00
C-c630d6be,0.021831609066881162,0,20260726T102553,2026-07-26T10:26:41.694234+00:00
C-7488fa6a,0.5102350110938251,1,20260726T102553,2026-07-26T10:26:41.694234+00:00
C-68e1bd80,0.617118143116438,1,20260726T102553,2026-07-26T10:26:41.694234+00:00
C-1ede29dd,0.12402606475251914,0,20260726T102553,2026-07-26T10:26:41.694234+00:00
C-b28d2f6f,0.1062645622210701,0,20260726T102553,2026-07-26T10:26:41.694234+00:00
C-352ea5e9,0.4575834084421487,0,20260726T102553,2026-07-26T10:26:41.694234+00:00
C-e58af075,0.826086196352575,1,20260726T102553,2026-07-26T10:26:41.694234+00:00
C-1efd8511,0.24701215205556443,0,20260726T102553,2026-07-26T10:26:41.694234+00:00
C-a935a9e9,0.48197984739521443,0,20260726T102553,2026-07-26T10:26:41.694234+00:00
C-ab6da145,0.039021759838979674,0,20260726T102553,2026-07-26T10:26:41.694234+00:00
C-f7c08f37,0.09919135714292651,0,20260726T102553,2026-07-26T10:26:41.694234+00:00
C-b241c06d,0.34140100435667,0,20260726T102553,2026-07-26T10:26:41.694234+00:00
C-b0ce6ac7,0.4791608254682307,0,20260726T102553,2026-07-26T10:26:41.694234+00:00
C-3342f4b5,0.6164333696480909,1,20260726T102553,2026-07-26T10:26:41.694234+00:00
C-e35785c7,0.35778688874289594,0,20260726T102553,2026-07-26T10:26:41.694234+00:00
C-fa3cfec1,0.03149791362800109,0,20260726T102553,2026-07-26T10:26:41.694234+00:00
C-fa54dfcf,0.7074597896070426,1,20260726T102553,2026-07-26T10:26:41.694234+00:00
C-ccca9f38,0.3508312094491117,0,20260726T102553,2026-07-26T10:26:41.694234+00:00
C-76eb13ce,0.08283839827620991,0,20260726T102553,2026-07-26T10:26:41.694234+00:00
C-064ac807,0.11724213683835205,0,20260726T102553,2026-07-26T10:26:41.694234+00:00
C-1d551c51,0.4608024543406663,0,20260726T102553,2026-07-26T10:26:41.694234+00:00
C-30ecd8ab,0.39083991884496894,0,20260726T102553,2026-07-26T10:26:41.694234+00:00
C-6773367e,0.5193586980666256,1,20260726T102553,2026-07-26T10:26:41.694234+00:00
C-d90595d1,0.6682874732185142,1,20260726T102553,2026-07-26T10:26:41.694234+00:00
C-257ccc93,0.3039243814352073,0,20260726T102553,2026-07-26T10:26:41.694234+00:00
C-74af0c93,0.12182691337964564,0,20260726T102553,2026-07-26T10:26:41.694234+00:00
C-7dec46c3,0.15072549531937143,0,20260726T102553,2026-07-26T10:26:41.694234+00:00
C-a5a9e8e8,0.1582234126562404,0,20260726T102553,2026-07-26T10:26:41.694234+00:00
C-0266e930,0.8592522990307678,1,20260726T102553,2026-07-26T10:26:41.694234+00:00
C-b33d8685,0.9445381093992136,1,20260726T102553,2026-07-26T10:26:41.694234+00:00
C-21b757bf,0.3394824515611273,0,20260726T102553,2026-07-26T10:26:41.694234+00:00
C-e516a9be,0.039305249824165424,0,20260726T102553,2026-07-26T10:26:41.694234+00:00
C-5cf3bd84,0.8932790537868951,1,20260726T102553,2026-07-26T10:26:41.694234+00:00
C-45870566,0.17866303715201104,0,20260726T102553,2026-07-26T10:26:41.694234+00:00
C-7998da7d,0.6722779342971104,1,20260726T102553,2026-07-26T10:26:41.694234+00:00
C-3e6b5a53,0.08758001673003588,0,20260726T102553,2026-07-26T10:26:41.694234+00:00
C-d9e66477,0.47322358122100505,0,20260726T102553,2026-07-26T10:26:41.694234+00:00
C-eee1458e,0.37184178289173153,0,20260726T102553,2026-07-26T10:26:41.694234+00:00
C-a9636307,0.16086588540766877,0,20260726T102553,2026-07-26T10:26:41.694234+00:00
C-99cf31a5,0.1128914404627505,0,20260726T102553,2026-07-26T10:26:41.694234+00:00
C-db6f03b8,0.33195242153353854,0,20260726T102553,2026-07-26T10:26:41.694234+00:00
C-fb2e4ad3,0.438558706953534,0,20260726T102553,2026-07-26T10:26:41.694234+00:00
C-2ff5960f,0.5381798676324161,1,20260726T102553,2026-07-26T10:26:41.694234+00:00
C-73a36ec9,0.7680805665196355,1,20260726T102553,2026-07-26T10:26:41.694234+00:00
C-ac2a90d2,0.43877790294864194,0,20260726T102553,2026-07-26T10:26:41.694234+00:00
C-d5976ba3,0.7447249598476892,1,20260726T102553,2026-07-26T10:26:41.694234+00:00
C-b5f2656a,0.1369838255412262,0,20260726T102553,2026-07-26T10:26:41.694234+00:00
C-7b3c7f9b,0.785716222578157,1,20260726T102553,2026-07-26T10:26:41.694234+00:00
C-39193894,0.07706232038503229,0,20260726T102553,2026-07-26T10:26:41.694234+00:00
C-92564c5c,0.45251311937485944,0,20260726T102553,2026-07-26T10:26:41.694234+00:00
C-e00c5997,0.34582527982612465,0,20260726T102553,2026-07-26T10:26:41.694234+00:00
C-f335b693,0.5354242211095813,1,20260726T102553,2026-07-26T10:26:41.694234+00:00
C-0186a50b,0.5750998991528906,1,20260726T102553,2026-07-26T10:26:41.694234+00:00
C-ca3a6453,0.1344572575267097,0,20260726T102553,2026-07-26T10:26:41.694234+00:00
C-6f52e31c,0.5481458193245713,1,20260726T102553,2026-07-26T10:26:41.694234+00:00
C-8c271bbb,0.19498639845777646,0,20260726T102553,2026-07-26T10:26:41.694234+00:00
C-055bd5d9,0.6882683768632574,1,20260726T102553,2026-07-26T10:26:41.694234+00:00
C-f421f413,0.7734085306249501,1,20260726T102553,2026-07-26T10:26:41.694234+00:00
C-28f6fc10,0.7000894180255767,1,20260726T102553,2026-07-26T10:26:41.694234+00:00
C-b247392b,0.1498485263992737,0,20260726T102553,2026-07-26T10:26:41.694234+00:00
C-e72d6091,0.5616044868317078,1,20260726T102553,2026-07-26T10:26:41.694234+00:00
C-02066e04,0.7049051527912455,1,20260726T102553,2026-07-26T10:26:41.694234+00:00
C-50d717eb,0.6648589748858047,1,20260726T102553,2026-07-26T10:26:41.694234+00:00
C-cc6473e8,0.23917199887003107,0,20260726T102553,2026-07-26T10:26:41.694234+00:00
C-b39a3e03,0.34988990798487407,0,20260726T102553,2026-07-26T10:26:41.694234+00:00
C-844f40d1,0.6961500868185079,1,20260726T102553,2026-07-26T10:26:41.694234+00:00
C-b21b6e2d,0.3592768347407673,0,20260726T102553,2026-07-26T10:26:41.694234+00:00
C-ec4e6b65,0.060413685298500906,0,20260726T102553,2026-07-26T10:26:41.694234+00:00
C-707bb5de,0.08221086872586084,0,20260726T102553,2026-07-26T10:26:41.694234+00:00
C-1eccfc00,0.5130787609467362,1,20260726T102553,2026-07-26T10:26:41.694234+00:00
C-83c9b84e,0.16089326108293434,0,20260726T102553,2026-07-26T10:26:41.694234+00:00
C-80b70eae,0.06876238077872482,0,20260726T102553,2026-07-26T10:26:41.694234+00:00
C-ecc5d1fe,0.6321968074703188,1,20260726T102553,2026-07-26T10:26:41.694234+00:00
C-9249b9ba,0.3254667436464647,0,20260726T102553,2026-07-26T10:26:41.694234+00:00
C-16f1e88a,0.1571379118285988,0,20260726T102553,2026-07-26T10:26:41.694234+00:00
C-7f440fec,0.05311358494752874,0,20260726T102553,2026-07-26T10:26:41.694234+00:00
C-16b57bf7,0.6966267402424726,1,20260726T102553,2026-07-26T10:26:41.694234+00:00
C-73b3f4d3,0.0833020899514494,0,20260726T102553,2026-07-26T10:26:41.694234+00:00
C-bfac282e,0.6633306768426463,1,20260726T102553,2026-07-26T10:26:41.694234+00:00
C-a1124a48,0.8262204705729901,1,20260726T102553,2026-07-26T10:26:41.694234+00:00
C-406081e3,0.6473430714259987,1,20260726T102553,2026-07-26T10:26:41.694234+00:00
C-cfb201fb,0.4125698519125903,0,20260726T102553,2026-07-26T10:26:41.694234+00:00
C-f0a55fea,0.7793911794318581,1,20260726T102553,2026-07-26T10:26:41.694234+00:00
C-499f284e,0.9168062567286928,1,20260726T102553,2026-07-26T10:26:41.694234+00:00
C-614e6985,0.5248929947980149,1,20260726T102553,2026-07-26T10:26:41.694234+00:00
C-7e89d367,0.8015201771436099,1,20260726T102553,2026-07-26T10:26:41.694234+00:00
C-5265b028,0.02400973029622464,0,20260726T102553,2026-07-26T10:26:41.694234+00:00
C-a283d059,0.6585052502273722,1,20260726T102553,2026-07-26T10:26:41.694234+00:00
C-394bbd11,0.7679791771783239,1,20260726T102553,2026-07-26T10:26:41.694234+00:00
C-63616e64,0.3579272566383137,0,20260726T102553,2026-07-26T10:26:41.694234+00:00
C-0e066e65,0.49090966785452245,0,20260726T102553,2026-07-26T10:26:41.694234+00:00
C-b053c659,0.4224908819451913,0,20260726T102553,2026-07-26T10:26:41.694234+00:00
C-19630a95,0.8250309987357302,1,20260726T102553,2026-07-26T10:26:41.694234+00:00
C-d2855a4f,0.4910718763636355,0,20260726T102553,2026-07-26T10:26:41.694234+00:00
C-ee5031ff,0.7097665908553629,1,20260726T102553,2026-07-26T10:26:41.694234+00:00
C-abaa9ef2,0.14202563128194068,0,20260726T102553,2026-07-26T10:26:41.694234+00:00
C-83225b87,0.020858549654857513,0,20260726T102553,2026-07-26T10:26:41.694234+00:00
C-d954afe7,0.653701296680784,1,20260726T102553,2026-07-26T10:26:41.694234+00:00
C-1632863a,0.9324113189331643,1,20260726T102553,2026-07-26T10:26:41.694234+00:00
C-81344589,0.27544932621494,0,20260726T102553,2026-07-26T10:26:41.694234+00:00
C-80205e9d,0.7273582640409212,1,20260726T102553,2026-07-26T10:26:41.694234+00:00
C-ef647910,0.40456189258462616,0,20260726T102553,2026-07-26T10:26:41.694234+00:00
C-36d4139c,0.6803672368673256,1,20260726T102553,2026-07-26T10:26:41.694234+00:00
C-6e5a95df,0.028026564990651988,0,20260726T102553,2026-07-26T10:26:41.694234+00:00
C-dd0dff40,0.8350003536789475,1,20260726T102553,2026-07-26T10:26:41.694234+00:00
C-96f91889,0.11487302905512033,0,20260726T102553,2026-07-26T10:26:41.694234+00:00
C-507cd474,0.7142472953220027,1,20260726T102553,2026-07-26T10:26:41.694234+00:00
C-cbce9708,0.34057454733808845,0,20260726T102553,2026-07-26T10:26:41.694234+00:00
C-a77d8a98,0.7834830891746246,1,20260726T102553,2026-07-26T10:26:41.694234+00:00
C-a255c46b,0.9153885258424788,1,20260726T102553,2026-07-26T10:26:41.694234+00:00
C-2326107d,0.7680176424935742,1,20260726T102553,2026-07-26T10:26:41.694234+00:00
C-2825c0e0,0.7937931421265335,1,20260726T102553,2026-07-26T10:26:41.694234+00:00
C-b091d90c,0.7150244603882292,1,20260726T102553,2026-07-26T10:26:41.694234+00:00
C-54dbab84,0.33023569955382276,0,20260726T102553,2026-07-26T10:26:41.694234+00:00
C-bcf559ef,0.6786306436980973,1,20260726T102553,2026-07-26T10:26:41.694234+00:00
C-138fb2bd,0.2020371652005221,0,20260726T102553,2026-07-26T10:26:41.694234+00:00
C-ffe8d4f8,0.6357754328938116,1,20260726T102553,2026-07-26T10:26:41.694234+00:00
C-c78bc71d,0.4976226175027048,0,20260726T102553,2026-07-26T10:26:41.694234+00:00
C-52c6fdb3,0.2800468798596496,0,20260726T102553,2026-07-26T10:26:41.694234+00:00
C-412a66fa,0.12729352638317684,0,20260726T102553,2026-07-26T10:26:41.694234+00:00
C-dd2cd843,0.19189596119081964,0,20260726T102553,2026-07-26T10:26:41.694234+00:00
C-70409163,0.8063789082095623,1,20260726T102553,2026-07-26T10:26:41.694234+00:00
C-07a2e8c7,0.06819675250195342,0,20260726T102553,2026-07-26T10:26:41.694234+00:00
C-911ab79b,0.7101966301344631,1,20260726T102553,2026-07-26T10:26:41.694234+00:00
C-8a646495,0.35914042360989884,0,20260726T102553,2026-07-26T10:26:41.694234+00:00
C-b0f4544e,0.5265487023244595,1,20260726T102553,2026-07-26T10:26:41.694234+00:00
C-b48d2216,0.3723696981708898,0,20260726T102553,2026-07-26T10:26:41.694234+00:00
C-6cf520cd,0.20983368355593252,0,20260726T102553,2026-07-26T10:26:41.694234+00:00
C-f7a6184e,0.9104761984813856,1,20260726T102553,2026-07-26T10:26:41.694234+00:00
C-47e17b06,0.218023310479,0,20260726T102553,2026-07-26T10:26:41.694234+00:00
C-d690ab31,0.7632369755380005,1,20260726T102553,2026-07-26T10:26:41.694234+00:00
C-c190236d,0.43187836327615,0,20260726T102553,2026-07-26T10:26:41.694234+00:00
C-2efc1aa8,0.7411946884904081,1,20260726T102553,2026-07-26T10:26:41.694234+00:00
C-1929997f,0.15672059330506688,0,20260726T102553,2026-07-26T10:26:41.694234+00:00
C-60b714e8,0.08633540270230251,0,20260726T102553,2026-07-26T10:26:41.694234+00:00
C-e73bc8f8,0.4890931817339919,0,20260726T102553,2026-07-26T10:26:41.694234+00:00
C-b76bd3c8,0.5259247432056333,1,20260726T102553,2026-07-26T10:26:41.694234+00:00
C-5d3552e5,0.6199490454933324,1,20260726T102553,2026-07-26T10:26:41.694234+00:00
C-8ca9a8f9,0.8660614563623834,1,20260726T102553,2026-07-26T10:26:41.694234+00:00
C-e3271748,0.363102995911871,0,20260726T102553,2026-07-26T10:26:41.694234+00:00
C-7f0f4ca2,0.9144242753770073,1,20260726T102553,2026-07-26T10:26:41.694234+00:00
C-94238edc,0.09302694342055388,0,20260726T102553,2026-07-26T10:26:41.694234+00:00
C-88a28162,0.5734939773127014,1,20260726T102553,2026-07-26T10:26:41.694234+00:00
C-3fed2333,0.37154590380781266,0,20260726T102553,2026-07-26T10:26:41.694234+00:00
C-3116be1a,0.11353289858827255,0,20260726T102553,2026-07-26T10:26:41.694234+00:00
C-ab0edb95,0.6233665534824666,1,20260726T102553,2026-07-26T10:26:41.694234+00:00
C-f0836992,0.26858841944724443,0,20260726T102553,2026-07-26T10:26:41.694234+00:00
C-43c7f5d5,0.3067102152036765,0,20260726T102553,2026-07-26T10:26:41.694234+00:00
C-c8298276,0.35856260271197854,0,20260726T102553,2026-07-26T10:26:41.694234+00:00
C-49feba1a,0.5501676492877253,1,20260726T102553,2026-07-26T10:26:41.694234+00:00
C-c0949c36,0.7473132612861018,1,20260726T102553,2026-07-26T10:26:41.694234+00:00
C-1adb9f8c,0.7053526902824777,1,20260726T102553,2026-07-26T10:26:41.694234+00:00
C-a1a007b4,0.704441369040753,1,20260726T102553,2026-07-26T10:26:41.694234+00:00
C-c957bc8a,0.24620924428005883,0,20260726T102553,2026-07-26T10:26:41.694234+00:00
C-b1c0e088,0.1401036203383143,0,20260726T102553,2026-07-26T10:26:41.694234+00:00
C-a288d6cd,0.9370533898821978,1,20260726T102553,2026-07-26T10:26:41.694234+00:00
C-64cb6252,0.026457122770612986,0,20260726T102553,2026-07-26T10:26:41.694234+00:00
C-83d7f644,0.8846881951114591,1,20260726T102553,2026-07-26T10:26:41.694234+00:00
C-984fc7bc,0.09748324821270123,0,20260726T102553,2026-07-26T10:26:41.694234+00:00
C-4b92bf29,0.7150463111228802,1,20260726T102553,2026-07-26T10:26:41.694234+00:00
C-abf34c54,0.4521565856601631,0,20260726T102553,2026-07-26T10:26:41.694234+00:00
C-96d389e9,0.6699072571534795,1,20260726T102553,2026-07-26T10:26:41.694234+00:00
C-9f81abc0,0.6089212571713565,1,20260726T102553,2026-07-26T10:26:41.694234+00:00
C-8321ed78,0.3792150780110133,0,20260726T102553,2026-07-26T10:26:41.694234+00:00
C-cab8fdb0,0.6403047269232051,1,20260726T102553,2026-07-26T10:26:41.694234+00:00
C-e959f99b,0.3811121197810481,0,20260726T102553,2026-07-26T10:26:41.694234+00:00
C-57570fa2,0.8701504829091253,1,20260726T102553,2026-07-26T10:26:41.694234+00:00
C-9b62b4bb,0.09709512192662632,0,20260726T102553,2026-07-26T10:26:41.694234+00:00
C-e3fa3173,0.31883028894261417,0,20260726T102553,2026-07-26T10:26:41.694234+00:00
C-58601878,0.7098061418784678,1,20260726T102553,2026-07-26T10:26:41.694234+00:00
C-9d203b7e,0.757133612264285,1,20260726T102553,2026-07-26T10:26:41.694234+00:00
C-b858acc3,0.8257206896626741,1,20260726T102553,2026-07-26T10:26:41.694234+00:00
C-0978059a,0.4589194522364058,0,20260726T102553,2026-07-26T10:26:41.694234+00:00
C-8de90daf,0.02185252895146827,0,20260726T102553,2026-07-26T10:26:41.694234+00:00
C-40808826,0.05604706190017377,0,20260726T102553,2026-07-26T10:26:41.694234+00:00
C-5d52d8c9,0.7940810797482867,1,20260726T102553,2026-07-26T10:26:41.694234+00:00
C-77d7a223,0.04588899545827668,0,20260726T102553,2026-07-26T10:26:41.694234+00:00
C-a713da92,0.5381222765530469,1,20260726T102553,2026-07-26T10:26:41.694234+00:00
C-fd0c7e12,0.6292048258304743,1,20260726T102553,2026-07-26T10:26:41.694234+00:00
C-cdcb8944,0.15378331667024095,0,20260726T102553,2026-07-26T10:26:41.694234+00:00
C-358c46c2,0.40861464414347076,0,20260726T102553,2026-07-26T10:26:41.694234+00:00
C-5c545639,0.023984333637829376,0,20260726T102553,2026-07-26T10:26:41.694234+00:00
C-d9f31e9c,0.024330417172456376,0,20260726T102553,2026-07-26T10:26:41.694234+00:00
C-965df307,0.6503561199309533,1,20260726T102553,2026-07-26T10:26:41.694234+00:00
C-8a660a23,0.7714180295773232,1,20260726T102553,2026-07-26T10:26:41.694234+00:00
C-503e9cfd,0.7505762584035139,1,20260726T102553,2026-07-26T10:26:41.694234+00:00
C-17385eb1,0.615258214791692,1,20260726T102553,2026-07-26T10:26:41.694234+00:00
C-de50af6d,0.6137657476308747,1,20260726T102553,2026-07-26T10:26:41.694234+00:00
C-3f8aad42,0.5825270748208475,1,20260726T102553,2026-07-26T10:26:41.694234+00:00
C-c94d0f0f,0.44314242894710976,0,20260726T102553,2026-07-26T10:26:41.694234+00:00
C-29e383fa,0.27314681949095276,0,20260726T102553,2026-07-26T10:26:41.694234+00:00
C-cfb1b25b,0.9159579138020649,1,20260726T102553,2026-07-26T10:26:41.694234+00:00
C-797e646d,0.7180522932845428,1,20260726T102553,2026-07-26T10:26:41.694234+00:00
C-79a58ac4,0.03990595276739506,0,20260726T102553,2026-07-26T10:26:41.694234+00:00
C-18dce1a5,0.7481768257062292,1,20260726T102553,2026-07-26T10:26:41.694234+00:00
C-e38d7e13,0.34340347503946667,0,20260726T102553,2026-07-26T10:26:41.694234+00:00
C-a8457249,0.5093690088736123,1,20260726T102553,2026-07-26T10:26:41.694234+00:00
C-fed5fc64,0.765935452333027,1,20260726T102553,2026-07-26T10:26:41.694234+00:00
C-6d17bcd3,0.6803799620902604,1,20260726T102553,2026-07-26T10:26:41.694234+00:00
C-dbae0532,0.6048338818813337,1,20260726T102553,2026-07-26T10:26:41.694234+00:00
C-a1f7879b,0.07267597857944694,0,20260726T102553,2026-07-26T10:26:41.694234+00:00
C-5516c8a7,0.7616520464280193,1,20260726T102553,2026-07-26T10:26:41.694234+00:00
C-98706579,0.8820527033204664,1,20260726T102553,2026-07-26T10:26:41.694234+00:00
C-d0b3d191,0.2813046637246668,0,20260726T102553,2026-07-26T10:26:41.694234+00:00
C-9e0300bd,0.3997600867979559,0,20260726T102553,2026-07-26T10:26:41.694234+00:00
C-0e2a6906,0.7939486201392446,1,20260726T102553,2026-07-26T10:26:41.694234+00:00
C-f2c6723a,0.11654854097610191,0,20260726T102553,2026-07-26T10:26:41.694234+00:00
C-104c4a9b,0.6674993277652637,1,20260726T102553,2026-07-26T10:26:41.694234+00:00
C-c05f688d,0.10214989533793173,0,20260726T102553,2026-07-26T10:26:41.694234+00:00
C-2908a5cc,0.34429791260608467,0,20260726T102553,2026-07-26T10:26:41.694234+00:00
C-c30d5bc1,0.18895889972847096,0,20260726T102553,2026-07-26T10:26:41.694234+00:00
C-47479c9e,0.33385414077297154,0,20260726T102553,2026-07-26T10:26:41.694234+00:00
C-317586b0,0.49120777039767594,0,20260726T102553,2026-07-26T10:26:41.694234+00:00
C-faebf34d,0.6816737804367071,1,20260726T102553,2026-07-26T10:26:41.694234+00:00
C-4987a036,0.8513733118495435,1,20260726T102553,2026-07-26T10:26:41.694234+00:00
C-1bed31b9,0.342772489312966,0,20260726T102553,2026-07-26T10:26:41.694234+00:00
C-0591b5b7,0.436830917484951,0,20260726T102553,2026-07-26T10:26:41.694234+00:00
C-aed0cdc9,0.31148935329506106,0,20260726T102553,2026-07-26T10:26:41.694234+00:00
C-81430121,0.7718580873884272,1,20260726T102553,2026-07-26T10:26:41.694234+00:00
C-6db9c4ab,0.36765965775655185,0,20260726T102553,2026-07-26T10:26:41.694234+00:00
C-c307d103,0.369512146602843,0,20260726T102553,2026-07-26T10:26:41.694234+00:00
C-d914c8fb,0.039318924230787915,0,20260726T102553,2026-07-26T10:26:41.694234+00:00
C-f9716053,0.049795820222463594,0,20260726T102553,2026-07-26T10:26:41.694234+00:00
C-7bedb53b,0.14629740114857032,0,20260726T102553,2026-07-26T10:26:41.694234+00:00
C-c1be1b8d,0.22516501402508526,0,20260726T102553,2026-07-26T10:26:41.694234+00:00
C-5134c087,0.08209806183846421,0,20260726T102553,2026-07-26T10:26:41.694234+00:00
C-119c596a,0.4397116435788708,0,20260726T102553,2026-07-26T10:26:41.694234+00:00
C-53c73613,0.7401730888934512,1,20260726T102553,2026-07-26T10:26:41.694234+00:00
C-f59917cf,0.4484631448937262,0,20260726T102553,2026-07-26T10:26:41.694234+00:00
C-ffa36a75,0.0406571799069529,0,20260726T102553,2026-07-26T10:26:41.694234+00:00
C-eafe6911,0.692257364148072,1,20260726T102553,2026-07-26T10:26:41.694234+00:00
C-a865f81b,0.8986763824025612,1,20260726T102553,2026-07-26T10:26:41.694234+00:00
C-10cc58b6,0.3980087248992472,0,20260726T102553,2026-07-26T10:26:41.694234+00:00
C-439b4f62,0.44674749630092403,0,20260726T102553,2026-07-26T10:26:41.694234+00:00
C-2a9223e3,0.6884457376529457,1,20260726T102553,2026-07-26T10:26:41.694234+00:00
C-5b9c66bb,0.6393039859595627,1,20260726T102553,2026-07-26T10:26:41.694234+00:00
C-285e4a98,0.5932268420281489,1,20260726T102553,2026-07-26T10:26:41.694234+00:00
C-2ba984a6,0.3665984779904149,0,20260726T102553,2026-07-26T10:26:41.694234+00:00
C-d2169a98,0.4313218998780999,0,20260726T102553,2026-07-26T10:26:41.694234+00:00
C-e2ac0d88,0.0269414841659946,0,20260726T102553,2026-07-26T10:26:41.694234+00:00
C-cb0b9398,0.6532829255221829,1,20260726T102553,2026-07-26T10:26:41.694234+00:00
C-858a01c7,0.7050372621185982,1,20260726T102553,2026-07-26T10:26:41.694234+00:00
C-d65ecb4b,0.8738000364628002,1,20260726T102553,2026-07-26T10:26:41.694234+00:00
C-00efc274,0.1472805257681288,0,20260726T102553,2026-07-26T10:26:41.694234+00:00
C-c0147cf7,0.06001948585893182,0,20260726T102553,2026-07-26T10:26:41.694234+00:00
C-e6ae6e35,0.32634155293720596,0,20260726T102553,2026-07-26T10:26:41.694234+00:00
C-9b33902c,0.08411883914892584,0,20260726T102553,2026-07-26T10:26:41.694234+00:00
C-1e52cf3b,0.5715048922375011,1,20260726T102553,2026-07-26T10:26:41.694234+00:00
C-b636b8c3,0.5384980267891516,1,20260726T102553,2026-07-26T10:26:41.694234+00:00
C-2699c03c,0.5408070884456135,1,20260726T102553,2026-07-26T10:26:41.694234+00:00
C-2de60d38,0.6434253490198004,1,20260726T102553,2026-07-26T10:26:41.694234+00:00
C-68a0877e,0.11465794720951857,0,20260726T102553,2026-07-26T10:26:41.694234+00:00
C-5df90788,0.5947112484661945,1,20260726T102553,2026-07-26T10:26:41.694234+00:00
C-f77fc3ea,0.2021221286613085,0,20260726T102553,2026-07-26T10:26:41.694234+00:00
C-1700661d,0.302748982084843,0,20260726T102553,2026-07-26T10:26:41.694234+00:00
C-ee9a2dea,0.8644873277630403,1,20260726T102553,2026-07-26T10:26:41.694234+00:00
C-53336c4d,0.7767941185512611,1,20260726T102553,2026-07-26T10:26:41.694234+00:00
C-fc8bebe0,0.8837491441170012,1,20260726T102553,2026-07-26T10:26:41.694234+00:00
C-71685426,0.13581394063187388,0,20260726T102553,2026-07-26T10:26:41.694234+00:00
C-08d6b057,0.6961228717572366,1,20260726T102553,2026-07-26T10:26:41.694234+00:00
C-ad937c0f,0.1597011448269299,0,20260726T102553,2026-07-26T10:26:41.694234+00:00
C-7a502c43,0.6699796624185124,1,20260726T102553,2026-07-26T10:26:41.694234+00:00
C-63bdbcc1,0.36329923674178777,0,20260726T102553,2026-07-26T10:26:41.694234+00:00
C-4bbd0ade,0.34713707965796614,0,20260726T102553,2026-07-26T10:26:41.694234+00:00
C-dcd631af,0.6527308836543271,1,20260726T102553,2026-07-26T10:26:41.694234+00:00
C-169d9d93,0.579946184176476,1,20260726T102553,2026-07-26T10:26:41.694234+00:00
C-75ddbed8,0.45857003142825914,0,20260726T102553,2026-07-26T10:26:41.694234+00:00
C-81e329b2,0.7918395619442518,1,20260726T102553,2026-07-26T10:26:41.694234+00:00
C-e7441834,0.9234974147114521,1,20260726T102553,2026-07-26T10:26:41.694234+00:00
C-b1122376,0.7902478715864084,1,20260726T102553,2026-07-26T10:26:41.694234+00:00
C-80a74b15,0.17422742399037008,0,20260726T102553,2026-07-26T10:26:41.694234+00:00
C-fcfeacff,0.9217829932181826,1,20260726T102553,2026-07-26T10:26:41.694234+00:00
C-91a8ca57,0.504702994240199,1,20260726T102553,2026-07-26T10:26:41.694234+00:00
C-861046f2,0.7350213550461443,1,20260726T102553,2026-07-26T10:26:41.694234+00:00
C-d4261482,0.8479539325904386,1,20260726T102553,2026-07-26T10:26:41.694234+00:00
C-2ef2c86d,0.7914312731290688,1,20260726T102553,2026-07-26T10:26:41.694234+00:00
C-ce7a349f,0.7072881272098903,1,20260726T102553,2026-07-26T10:26:41.694234+00:00
C-fd5ef7e0,0.4000280232004777,0,20260726T102553,2026-07-26T10:26:41.694234+00:00
C-0f0e2b69,0.7996606017851191,1,20260726T102553,2026-07-26T10:26:41.694234+00:00
C-a0576ec9,0.15818868023024285,0,20260726T102553,2026-07-26T10:26:41.694234+00:00
C-917cb451,0.76081723011198,1,20260726T102553,2026-07-26T10:26:41.694234+00:00
C-1eb760db,0.669572462631726,1,20260726T102553,2026-07-26T10:26:41.694234+00:00
C-f41cc8b7,0.16619599522077877,0,20260726T102553,2026-07-26T10:26:41.694234+00:00
C-c39a3651,0.4561193821320493,0,20260726T102553,2026-07-26T10:26:41.694234+00:00
C-84596177,0.7526381595120607,1,20260726T102553,2026-07-26T10:26:41.694234+00:00
C-d561a094,0.3596620481220628,0,20260726T102553,2026-07-26T10:26:41.694234+00:00
C-04056fd5,0.783794600248237,1,20260726T102553,2026-07-26T10:26:41.694234+00:00
C-c90c9f47,0.3895900972991489,0,20260726T102553,2026-07-26T10:26:41.694234+00:00
C-f346dd8f,0.6381127077981918,1,20260726T102553,2026-07-26T10:26:41.694234+00:00
C-0ff2bb34,0.3505399144817125,0,20260726T102553,2026-07-26T10:26:41.694234+00:00
C-79ec34da,0.7764323811487631,1,20260726T102553,2026-07-26T10:26:41.694234+00:00
C-176044a3,0.5282933450635148,1,20260726T102553,2026-07-26T10:26:41.694234+00:00
C-bc813a95,0.4992759305751339,0,20260726T102553,2026-07-26T10:26:41.694234+00:00
C-89e87785,0.37586821187017816,0,20260726T102553,2026-07-26T10:26:41.694234+00:00
C-bdabeabc,0.018832147801902805,0,20260726T102553,2026-07-26T10:26:41.694234+00:00
C-5bb7b33e,0.8455566040303673,1,20260726T102553,2026-07-26T10:26:41.694234+00:00
C-99faa1bb,0.5364393178387726,1,20260726T102553,2026-07-26T10:26:41.694234+00:00
C-3c18f082,0.7212805064954311,1,20260726T102553,2026-07-26T10:26:41.694234+00:00
C-c5d3cba5,0.18386514551098337,0,20260726T102553,2026-07-26T10:26:41.694234+00:00
C-9340ec4f,0.5106163572185339,1,20260726T102553,2026-07-26T10:26:41.694234+00:00
C-29978fda,0.36842083952764076,0,20260726T102553,2026-07-26T10:26:41.694234+00:00
C-87a34608,0.15677839583178338,0,20260726T102553,2026-07-26T10:26:41.694234+00:00
C-64f4e99f,0.03257975510040137,0,20260726T102553,2026-07-26T10:26:41.694234+00:00
C-a2f62f39,0.04641007017095248,0,20260726T102553,2026-07-26T10:26:41.694234+00:00
C-47bacf7d,0.032428756757193054,0,20260726T102553,2026-07-26T10:26:41.694234+00:00
C-86b5afca,0.702490971982093,1,20260726T102553,2026-07-26T10:26:41.694234+00:00
C-f4d9c5f2,0.7135294319488055,1,20260726T102553,2026-07-26T10:26:41.694234+00:00
C-53a426a9,0.03914040661896783,0,20260726T102553,2026-07-26T10:26:41.694234+00:00
C-dc3e6312,0.10297986094481476,0,20260726T102553,2026-07-26T10:26:41.694234+00:00
C-1ea1a7c5,0.36184433231963425,0,20260726T102553,2026-07-26T10:26:41.694234+00:00
C-b8b3ccdb,0.3928812508951124,0,20260726T102553,2026-07-26T10:26:41.694234+00:00
C-8952186e,0.6098361117524074,1,20260726T102553,2026-07-26T10:26:41.694234+00:00
C-00231f0f,0.11307588978371493,0,20260726T102553,2026-07-26T10:26:41.694234+00:00
C-cbad7021,0.6774029091165199,1,20260726T102553,2026-07-26T10:26:41.694234+00:00
C-60152c9e,0.7533964526295023,1,20260726T102553,2026-07-26T10:26:41.694234+00:00
C-c7986e3e,0.10580928202545684,0,20260726T102553,2026-07-26T10:26:41.694234+00:00
C-dd83d0d4,0.15247780541497968,0,20260726T102553,2026-07-26T10:26:41.694234+00:00
C-2498437f,0.3457231395957159,0,20260726T102553,2026-07-26T10:26:41.694234+00:00
C-8b562d62,0.47720859129690524,0,20260726T102553,2026-07-26T10:26:41.694234+00:00
C-d2c41726,0.3226147580469091,0,20260726T102553,2026-07-26T10:26:41.694234+00:00
C-aa71c249,0.8274741078835788,1,20260726T102553,2026-07-26T10:26:41.694234+00:00
C-0c0e24ed,0.028031048037811538,0,20260726T102553,2026-07-26T10:26:41.694234+00:00
C-ac63564e,0.3764863786105448,0,20260726T102553,2026-07-26T10:26:41.694234+00:00
C-12c91d1a,0.7843129701056744,1,20260726T102553,2026-07-26T10:26:41.694234+00:00
C-814c743c,0.5513027255541605,1,20260726T102553,2026-07-26T10:26:41.694234+00:00
C-19707bf7,0.6709234019439339,1,20260726T102553,2026-07-26T10:26:41.694234+00:00
C-ebb2c142,0.4172271357131815,0,20260726T102553,2026-07-26T10:26:41.694234+00:00
C-904ad718,0.7486066079733353,1,20260726T102553,2026-07-26T10:26:41.694234+00:00
C-aeaf105a,0.6546183703664686,1,20260726T102553,2026-07-26T10:26:41.694234+00:00
C-8082925f,0.48231194230005886,0,20260726T102553,2026-07-26T10:26:41.694234+00:00
C-d8de9c85,0.15298307119868898,0,20260726T102553,2026-07-26T10:26:41.694234+00:00
C-6d486958,0.34616440459406694,0,20260726T102553,2026-07-26T10:26:41.694234+00:00
C-c7a6e366,0.4343992036989847,0,20260726T102553,2026-07-26T10:26:41.694234+00:00
C-83ec4bc9,0.7680396461306565,1,20260726T102553,2026-07-26T10:26:41.694234+00:00
C-f162cdee,0.5237941244952385,1,20260726T102553,2026-07-26T10:26:41.694234+00:00
C-62c9a090,0.390242598558614,0,20260726T102553,2026-07-26T10:26:41.694234+00:00
C-ecce2699,0.47880628713964196,0,20260726T102553,2026-07-26T10:26:41.694234+00:00
C-7d09f11e,0.5373522327000398,1,20260726T102553,2026-07-26T10:26:41.694234+00:00
C-332f34e6,0.2347695925276752,0,20260726T102553,2026-07-26T10:26:41.694234+00:00
C-f255e1d4,0.4546905512575036,0,20260726T102553,2026-07-26T10:26:41.694234+00:00
C-d2b3e338,0.899778747625335,1,20260726T102553,2026-07-26T10:26:41.694234+00:00
C-b6e37d38,0.9121258895602371,1,20260726T102553,2026-07-26T10:26:41.694234+00:00
C-7f101d76,0.35372712389175875,0,20260726T102553,2026-07-26T10:26:41.694234+00:00
C-e475fccc,0.7043582334966294,1,20260726T102553,2026-07-26T10:26:41.694234+00:00
C-cc4e3761,0.41237587203439835,0,20260726T102553,2026-07-26T10:26:41.694234+00:00
C-9137ad8f,0.5171673273863914,1,20260726T102553,2026-07-26T10:26:41.694234+00:00
C-797fb736,0.7975755149756573,1,20260726T102553,2026-07-26T10:26:41.694234+00:00
C-9534e528,0.8024167010960642,1,20260726T102553,2026-07-26T10:26:41.694234+00:00
C-9177e8b4,0.6927433450078905,1,20260726T102553,2026-07-26T10:26:41.694234+00:00
C-19131fa3,0.647709614801517,1,20260726T102553,2026-07-26T10:26:41.694234+00:00
C-197c1abf,0.02125809996230312,0,20260726T102553,2026-07-26T10:26:41.694234+00:00
C-db198e48,0.6805973494252937,1,20260726T102553,2026-07-26T10:26:41.694234+00:00
C-dbc922fb,0.7894881243825089,1,20260726T102553,2026-07-26T10:26:41.694234+00:00
C-812919ec,0.11259429920231066,0,20260726T102553,2026-07-26T10:26:41.694234+00:00
C-e76d2fb7,0.018587559102842294,0,20260726T102553,2026-07-26T10:26:41.694234+00:00
C-abc2b3cb,0.8976058128615764,1,20260726T102553,2026-07-26T10:26:41.694234+00:00
C-3e7df099,0.1498132647077472,0,20260726T102553,2026-07-26T10:26:41.694234+00:00
C-06a31d1c,0.7979555534096585,1,20260726T102553,2026-07-26T10:26:41.694234+00:00
C-ec84b655,0.5982921209629493,1,20260726T102553,2026-07-26T10:26:41.694234+00:00
C-5c6a0f7f,0.23331868117798882,0,20260726T102553,2026-07-26T10:26:41.694234+00:00
C-4fac911b,0.7548227122024014,1,20260726T102553,2026-07-26T10:26:41.694234+00:00
C-3fad4cb6,0.7970692415556437,1,20260726T102553,2026-07-26T10:26:41.694234+00:00
C-9a8683d6,0.34878273206179955,0,20260726T102553,2026-07-26T10:26:41.694234+00:00
C-0c7d2421,0.7163973132840911,1,20260726T102553,2026-07-26T10:26:41.694234+00:00
C-164827cd,0.1558885023383972,0,20260726T102553,2026-07-26T10:26:41.694234+00:00
C-db18fece,0.7424785079862584,1,20260726T102553,2026-07-26T10:26:41.694234+00:00
C-e9cd054d,0.7919130781886411,1,20260726T102553,2026-07-26T10:26:41.694234+00:00
C-3efee621,0.4226481225217852,0,20260726T102553,2026-07-26T10:26:41.694234+00:00
C-fd67a6a5,0.3469326516973648,0,20260726T102553,2026-07-26T10:26:41.694234+00:00
C-9dce7d96,0.3704939572135967,0,20260726T102553,2026-07-26T10:26:41.694234+00:00
C-eba32aac,0.2964487544696247,0,20260726T102553,2026-07-26T10:26:41.694234+00:00
C-7ca1a99a,0.10676731916186329,0,20260726T102553,2026-07-26T10:26:41.694234+00:00
C-cdc3a944,0.7254596412952723,1,20260726T102553,2026-07-26T10:26:41.694234+00:00
C-4c427f20,0.12001416080242769,0,20260726T102553,2026-07-26T10:26:41.694234+00:00
C-40d3c1ae,0.6713354661805515,1,20260726T102553,2026-07-26T10:26:41.694234+00:00
C-c5f5e3d0,0.37776849994534134,0,20260726T102553,2026-07-26T10:26:41.694234+00:00
C-a2ecf2c9,0.4059621136396158,0,20260726T102553,2026-07-26T10:26:41.694234+00:00
C-237a26df,0.07699305411482188,0,20260726T102553,2026-07-26T10:26:41.694234+00:00
C-607fb8bd,0.8684214280522726,1,20260726T102553,2026-07-26T10:26:41.694234+00:00
C-7b2a1031,0.933727144599361,1,20260726T102553,2026-07-26T10:26:41.694234+00:00
C-9539ee61,0.8097542835816913,1,20260726T102553,2026-07-26T10:26:41.694234+00:00
C-a70d2b90,0.46361167138206794,0,20260726T102553,2026-07-26T10:26:41.694234+00:00
C-c63f8ad5,0.0200592943557484,0,20260726T102553,2026-07-26T10:26:41.694234+00:00
C-a7dcb182,0.7513490185527661,1,20260726T102553,2026-07-26T10:26:41.694234+00:00
C-bcf74134,0.38832358942399087,0,20260726T102553,2026-07-26T10:26:41.694234+00:00
C-038082ec,0.7792136985112639,1,20260726T102553,2026-07-26T10:26:41.694234+00:00
C-fccb7d5a,0.2885236498701082,0,20260726T102553,2026-07-26T10:26:41.694234+00:00
C-0eee3e91,0.5529180915656859,1,20260726T102553,2026-07-26T10:26:41.694234+00:00
C-ba26a9d1,0.6889215044940527,1,20260726T102553,2026-07-26T10:26:41.694234+00:00
C-f4796c3c,0.8067842227944547,1,20260726T102553,2026-07-26T10:26:41.694234+00:00
C-202d07a3,0.3253993976955624,0,20260726T102553,2026-07-26T10:26:41.694234+00:00
C-f84560ee,0.5221370457011775,1,20260726T102553,2026-07-26T10:26:41.694234+00:00
C-43a33b26,0.11752748873702974,0,20260726T102553,2026-07-26T10:26:41.694234+00:00
C-6c635c45,0.1481933834630856,0,20260726T102553,2026-07-26T10:26:41.694234+00:00
C-6780c3b2,0.8653086819930682,1,20260726T102553,2026-07-26T10:26:41.694234+00:00
C-7f62b28b,0.4151615763409529,0,20260726T102553,2026-07-26T10:26:41.694234+00:00
C-109c7599,0.44367991035051035,0,20260726T102553,2026-07-26T10:26:41.694234+00:00
C-67505bdc,0.08053545851089595,0,20260726T102553,2026-07-26T10:26:41.694234+00:00
C-ec34def2,0.33940713666841504,0,20260726T102553,2026-07-26T10:26:41.694234+00:00
C-ca6549f3,0.47445859564786563,0,20260726T102553,2026-07-26T10:26:41.694234+00:00
C-d295f453,0.33568451360736223,0,20260726T102553,2026-07-26T10:26:41.694234+00:00
C-457cc102,0.453917419114898,0,20260726T102553,2026-07-26T10:26:41.694234+00:00
C-72a2efce,0.662048555579905,1,20260726T102553,2026-07-26T10:26:41.694234+00:00
C-9b4df40a,0.40657639863154105,0,20260726T102553,2026-07-26T10:26:41.694234+00:00
C-f3c80d1b,0.7913129279376304,1,20260726T102553,2026-07-26T10:26:41.694234+00:00
C-fd418376,0.11313735772382373,0,20260726T102553,2026-07-26T10:26:41.694234+00:00
C-0bcf041b,0.5896493290378724,1,20260726T102553,2026-07-26T10:26:41.694234+00:00
C-b8d1fcc3,0.03687568261847962,0,20260726T102553,2026-07-26T10:26:41.694234+00:00
C-6ab1256a,0.5966478042234575,1,20260726T102553,2026-07-26T10:26:41.694234+00:00
C-4f42b924,0.12342672864416429,0,20260726T102553,2026-07-26T10:26:41.694234+00:00
C-661e1181,0.8990075536914924,1,20260726T102553,2026-07-26T10:26:41.694234+00:00
C-59d60e61,0.5296913230960555,1,20260726T102553,2026-07-26T10:26:41.694234+00:00
C-a2fe21e7,0.6487413581604423,1,20260726T102553,2026-07-26T10:26:41.694234+00:00
C-a4fd963a,0.5323565465067145,1,20260726T102553,2026-07-26T10:26:41.694234+00:00
C-69e63820,0.10356699545150524,0,20260726T102553,2026-07-26T10:26:41.694234+00:00
C-c8a8f970,0.7080943057307562,1,20260726T102553,2026-07-26T10:26:41.694234+00:00
C-14721632,0.8887313265356738,1,20260726T102553,2026-07-26T10:26:41.694234+00:00
C-585bed89,0.33991847690348465,0,20260726T102553,2026-07-26T10:26:41.694234+00:00
C-96fc1cca,0.11781094992399815,0,20260726T102553,2026-07-26T10:26:41.694234+00:00
C-02f06da1,0.3848825496020651,0,20260726T102553,2026-07-26T10:26:41.694234+00:00
C-90376617,0.3822951164283825,0,20260726T102553,2026-07-26T10:26:41.694234+00:00
C-235006b2,0.12037357203270393,0,20260726T102553,2026-07-26T10:26:41.694234+00:00
C-d1dbb4f0,0.33206607148302086,0,20260726T102553,2026-07-26T10:26:41.694234+00:00
C-0b07081f,0.8728639869708357,1,20260726T102553,2026-07-26T10:26:41.694234+00:00
C-2238e4bf,0.05078564819684607,0,20260726T102553,2026-07-26T10:26:41.694234+00:00
C-fb5122d3,0.697882898417828,1,20260726T102553,2026-07-26T10:26:41.694234+00:00
C-cfafcdf8,0.6442564271423032,1,20260726T102553,2026-07-26T10:26:41.694234+00:00
C-fb1cb527,0.3646237315101597,0,20260726T102553,2026-07-26T10:26:41.694234+00:00
C-b8c420cf,0.07825739126886264,0,20260726T102553,2026-07-26T10:26:41.694234+00:00
C-4c588278,0.1535349019192583,0,20260726T102553,2026-07-26T10:26:41.694234+00:00
C-dc1f181d,0.05214390931653189,0,20260726T102553,2026-07-26T10:26:41.694234+00:00
C-82d75c3b,0.4303027715301136,0,20260726T102553,2026-07-26T10:26:41.694234+00:00
C-c87b2cfe,0.753606096914294,1,20260726T102553,2026-07-26T10:26:41.694234+00:00
C-c37aa6c0,0.6773895331730275,1,20260726T102553,2026-07-26T10:26:41.694234+00:00
C-4cb3dac3,0.8044331785940481,1,20260726T102553,2026-07-26T10:26:41.694234+00:00
C-2c702ac8,0.7030132709812523,1,20260726T102553,2026-07-26T10:26:41.694234+00:00
C-d8e3e5d0,0.7929421140784654,1,20260726T102553,2026-07-26T10:26:41.694234+00:00
C-8eabd13c,0.30359864730941666,0,20260726T102553,2026-07-26T10:26:41.694234+00:00
C-36907f57,0.6533010318379142,1,20260726T102553,2026-07-26T10:26:41.694234+00:00
C-4e3ace2a,0.163624791983868,0,20260726T102553,2026-07-26T10:26:41.694234+00:00
C-fe2e92cd,0.1253887084660173,0,20260726T102553,2026-07-26T10:26:41.694234+00:00
C-9608bee9,0.5605072728924583,1,20260726T102553,2026-07-26T10:26:41.694234+00:00
C-7bef9a25,0.4840299727130079,0,20260726T102553,2026-07-26T10:26:41.694234+00:00
C-4e2bab37,0.15151855105803136,0,20260726T102553,2026-07-26T10:26:41.694234+00:00
C-2bfc690a,0.34418268860243695,0,20260726T102553,2026-07-26T10:26:41.694234+00:00
C-2fc7e592,0.5358933621174853,1,20260726T102553,2026-07-26T10:26:41.694234+00:00
C-b40d145e,0.022070108381318836,0,20260726T102553,2026-07-26T10:26:41.694234+00:00
C-449afc06,0.7569946629088127,1,20260726T102553,2026-07-26T10:26:41.694234+00:00
C-84727156,0.7618643153876242,1,20260726T102553,2026-07-26T10:26:41.694234+00:00
C-04aeb0c0,0.41424190352124224,0,20260726T102553,2026-07-26T10:26:41.694234+00:00
C-6d5db4d5,0.1189060314741297,0,20260726T102553,2026-07-26T10:26:41.694234+00:00
C-b516a638,0.9362364343773724,1,20260726T102553,2026-07-26T10:26:41.694234+00:00
C-da0f71ad,0.205783641785306,0,20260726T102553,2026-07-26T10:26:41.694234+00:00
C-8b099913,0.5500519591351213,1,20260726T102553,2026-07-26T10:26:41.694234+00:00
C-057b1a5c,0.3788009913332991,0,20260726T102553,2026-07-26T10:26:41.694234+00:00
C-881ee254,0.3311588409549447,0,20260726T102553,2026-07-26T10:26:41.694234+00:00
C-585521ac,0.793372247016216,1,20260726T102553,2026-07-26T10:26:41.694234+00:00
C-591b3fd3,0.14321239019506357,0,20260726T102553,2026-07-26T10:26:41.694234+00:00
C-6be7f9b7,0.7146916261784821,1,20260726T102553,2026-07-26T10:26:41.694234+00:00
C-b4c001ce,0.7601583646764629,1,20260726T102553,2026-07-26T10:26:41.694234+00:00
C-59649a76,0.17700017249742958,0,20260726T102553,2026-07-26T10:26:41.694234+00:00
C-4268a2a2,0.4707816158002149,0,20260726T102553,2026-07-26T10:26:41.694234+00:00
C-a990106a,0.40844825313299854,0,20260726T102553,2026-07-26T10:26:41.694234+00:00
C-a2bc6bde,0.2803688157902188,0,20260726T102553,2026-07-26T10:26:41.694234+00:00
C-c8ce7c6a,0.44947151226992416,0,20260726T102553,2026-07-26T10:26:41.694234+00:00
C-aeb1d5a2,0.05195540188649952,0,20260726T102553,2026-07-26T10:26:41.694234+00:00
C-0a57d94e,0.6545487258257755,1,20260726T102553,2026-07-26T10:26:41.694234+00:00
C-42201c4f,0.7300209413344412,1,20260726T102553,2026-07-26T10:26:41.694234+00:00
C-d0d003f2,0.081775396513469,0,20260726T102553,2026-07-26T10:26:41.694234+00:00
C-f890b03c,0.15731408068139052,0,20260726T102553,2026-07-26T10:26:41.694234+00:00
C-6098a9cd,0.598020066668367,1,20260726T102553,2026-07-26T10:26:41.694234+00:00
C-ff9d801d,0.9018487611912873,1,20260726T102553,2026-07-26T10:26:41.694234+00:00
C-722d8d98,0.5843111313307021,1,20260726T102553,2026-07-26T10:26:41.694234+00:00
C-ff10209d,0.5307019551742959,1,20260726T102553,2026-07-26T10:26:41.694234+00:00
C-37f38bb3,0.7039622179198944,1,20260726T102553,2026-07-26T10:26:41.694234+00:00
C-498ae946,0.4801156491534257,0,20260726T102553,2026-07-26T10:26:41.694234+00:00
C-e39faeae,0.12367596651346183,0,20260726T102553,2026-07-26T10:26:41.694234+00:00
C-263070e0,0.7502983742833513,1,20260726T102553,2026-07-26T10:26:41.694234+00:00
C-27af95e3,0.8827039046104169,1,20260726T102553,2026-07-26T10:26:41.694234+00:00
C-0252c4c6,0.1060706743248878,0,20260726T102553,2026-07-26T10:26:41.694234+00:00
C-6c9a28c8,0.5874621794792894,1,20260726T102553,2026-07-26T10:26:41.694234+00:00
C-d1718322,0.780587080607198,1,20260726T102553,2026-07-26T10:26:41.694234+00:00
C-81cf4b7b,0.12784986519395122,0,20260726T102553,2026-07-26T10:26:41.694234+00:00
C-1c9d693c,0.5315935237913334,1,20260726T102553,2026-07-26T10:26:41.694234+00:00
C-8a6da550,0.080548500082616,0,20260726T102553,2026-07-26T10:26:41.694234+00:00
C-c9402b29,0.8087093458836245,1,20260726T102553,2026-07-26T10:26:41.694234+00:00
C-d959b6da,0.7550506251254758,1,20260726T102553,2026-07-26T10:26:41.694234+00:00
C-59645ba1,0.5908702853098862,1,20260726T102553,2026-07-26T10:26:41.694234+00:00
C-f44890b9,0.8019327061428295,1,20260726T102553,2026-07-26T10:26:41.694234+00:00
C-971b5bc7,0.7166650377639915,1,20260726T102553,2026-07-26T10:26:41.694234+00:00
C-d93103c5,0.35127257863214945,0,20260726T102553,2026-07-26T10:26:41.694234+00:00
C-6ca0e0d3,0.386799296265633,0,20260726T102553,2026-07-26T10:26:41.694234+00:00
C-8c2a0629,0.8449436336783114,1,20260726T102553,2026-07-26T10:26:41.694234+00:00
C-0277b59a,0.38614552790377626,0,20260726T102553,2026-07-26T10:26:41.694234+00:00
C-01ac58bb,0.9138743697296718,1,20260726T102553,2026-07-26T10:26:41.694234+00:00
C-98723497,0.4391253742445632,0,20260726T102553,2026-07-26T10:26:41.694234+00:00
C-a100ecbd,0.5340466039354017,1,20260726T102553,2026-07-26T10:26:41.694234+00:00
C-9239676a,0.29386792403184625,0,20260726T102553,2026-07-26T10:26:41.694234+00:00
C-44b61137,0.8934368655091361,1,20260726T102553,2026-07-26T10:26:41.694234+00:00
C-3b3a4f41,0.0813265051684512,0,20260726T102553,2026-07-26T10:26:41.694234+00:00
C-80758b2a,0.1522634153409145,0,20260726T102553,2026-07-26T10:26:41.694234+00:00
C-9f195441,0.5235749552024436,1,20260726T102553,2026-07-26T10:26:41.694234+00:00
C-13f6cdd0,0.061709486710485616,0,20260726T102553,2026-07-26T10:26:41.694234+00:00
C-93758796,0.1918950320824723,0,20260726T102553,2026-07-26T10:26:41.694234+00:00
C-6f80c1e7,0.10690078246858736,0,20260726T102553,2026-07-26T10:26:41.694234+00:00
C-7a54cd60,0.6700799296559714,1,20260726T102553,2026-07-26T10:26:41.694234+00:00
C-e75fb67a,0.914771600608629,1,20260726T102553,2026-07-26T10:26:41.694234+00:00
C-3f6b03e3,0.1501839597333828,0,20260726T102553,2026-07-26T10:26:41.694234+00:00
C-1092a7fa,0.3814809340109157,0,20260726T102553,2026-07-26T10:26:41.694234+00:00
C-457891cc,0.33962255924745083,0,20260726T102553,2026-07-26T10:26:41.694234+00:00
C-ff4d9aa3,0.24362464289214056,0,20260726T102553,2026-07-26T10:26:41.694234+00:00
C-48d90dd0,0.34583063874498965,0,20260726T102553,2026-07-26T10:26:41.694234+00:00
C-5b8ff3bd,0.16977443797275615,0,20260726T102553,2026-07-26T10:26:41.694234+00:00
C-dc1bf208,0.3714012600639333,0,20260726T102553,2026-07-26T10:26:41.694234+00:00
C-7b48cb04,0.10113162345036548,0,20260726T102553,2026-07-26T10:26:41.694234+00:00
C-955d1b23,0.6719093652619306,1,20260726T102553,2026-07-26T10:26:41.694234+00:00
C-cf8ff2a5,0.6965532434260944,1,20260726T102553,2026-07-26T10:26:41.694234+00:00
C-079aa4fc,0.7158950417246936,1,20260726T102553,2026-07-26T10:26:41.694234+00:00
C-1944ec3c,0.7903834875360112,1,20260726T102553,2026-07-26T10:26:41.694234+00:00
C-33416e72,0.8931902754181114,1,20260726T102553,2026-07-26T10:26:41.694234+00:00
C-4f7ef522,0.626326808570674,1,20260726T102553,2026-07-26T10:26:41.694234+00:00
C-106edbf5,0.01943225500055802,0,20260726T102553,2026-07-26T10:26:41.694234+00:00
C-94278075,0.38900007658045316,0,20260726T102553,2026-07-26T10:26:41.694234+00:00
C-c547b6ab,0.6996294404791746,1,20260726T102553,2026-07-26T10:26:41.694234+00:00
C-ae0b3b6c,0.17270478301563758,0,20260726T102553,2026-07-26T10:26:41.694234+00:00
C-bfb9f29a,0.7866999249639559,1,20260726T102553,2026-07-26T10:26:41.694234+00:00
C-0cf5261d,0.14017841708402795,0,20260726T102553,2026-07-26T10:26:41.694234+00:00
C-52f02bd1,0.0751268321574189,0,20260726T102553,2026-07-26T10:26:41.694234+00:00
C-06a5f577,0.12281966183470022,0,20260726T102553,2026-07-26T10:26:41.694234+00:00
C-4259dcb2,0.5565481156581,1,20260726T102553,2026-07-26T10:26:41.694234+00:00
C-6d05ce27,0.521080194459204,1,20260726T102553,2026-07-26T10:26:41.694234+00:00
C-d04ab08a,0.5313776367681989,1,20260726T102553,2026-07-26T10:26:41.694234+00:00
C-b6945148,0.43043020228227497,0,20260726T102553,2026-07-26T10:26:41.694234+00:00
C-29ba40c0,0.26264153409191987,0,20260726T102553,2026-07-26T10:26:41.694234+00:00
C-e9984897,0.11668638000292211,0,20260726T102553,2026-07-26T10:26:41.694234+00:00
C-bdc58f4a,0.08563220735979818,0,20260726T102553,2026-07-26T10:26:41.694234+00:00
C-ae1e6bc9,0.8859848076271102,1,20260726T102553,2026-07-26T10:26:41.694234+00:00
C-e23abe59,0.4269574550400713,0,20260726T102553,2026-07-26T10:26:41.694234+00:00
C-c89cfa40,0.316259480248384,0,20260726T102553,2026-07-26T10:26:41.694234+00:00
C-7ea891d3,0.908579853645749,1,20260726T102553,2026-07-26T10:26:41.694234+00:00
C-043e37e9,0.10810985661728688,0,20260726T102553,2026-07-26T10:26:41.694234+00:00
C-a010a9ff,0.09397101526392797,0,20260726T102553,2026-07-26T10:26:41.694234+00:00
C-cf5847f5,0.6929707147786509,1,20260726T102553,2026-07-26T10:26:41.694234+00:00
C-51eeec53,0.51523426452135,1,20260726T102553,2026-07-26T10:26:41.694234+00:00
C-587f2ddc,0.13873383686781085,0,20260726T102553,2026-07-26T10:26:41.694234+00:00
C-230f9074,0.7859702587369491,1,20260726T102553,2026-07-26T10:26:41.694234+00:00
C-cc1530d6,0.47403104279197783,0,20260726T102553,2026-07-26T10:26:41.694234+00:00
C-7f99f8bb,0.5453490634332724,1,20260726T102553,2026-07-26T10:26:41.694234+00:00
C-e0b871a6,0.6776671068348066,1,20260726T102553,2026-07-26T10:26:41.694234+00:00
C-73ac9942,0.8687559348784877,1,20260726T102553,2026-07-26T10:26:41.694234+00:00
C-296a7748,0.5233377818499246,1,20260726T102553,2026-07-26T10:26:41.694234+00:00
C-289723b9,0.5062124867043948,1,20260726T102553,2026-07-26T10:26:41.694234+00:00
C-9ab17e5c,0.32339278123205367,0,20260726T102553,2026-07-26T10:26:41.694234+00:00
C-0c52a26d,0.6973280519638532,1,20260726T102553,2026-07-26T10:26:41.694234+00:00
C-422e60cc,0.36706137507764186,0,20260726T102553,2026-07-26T10:26:41.694234+00:00
C-299066e4,0.456244087687574,0,20260726T102553,2026-07-26T10:26:41.694234+00:00
C-3ea2ba8b,0.026718228263156837,0,20260726T102553,2026-07-26T10:26:41.694234+00:00
C-7978e23c,0.5144377370145754,1,20260726T102553,2026-07-26T10:26:41.694234+00:00
C-e1f1f69e,0.6825592637135349,1,20260726T102553,2026-07-26T10:26:41.694234+00:00
C-5777d360,0.6459917182582969,1,20260726T102553,2026-07-26T10:26:41.694234+00:00
C-a0020a5d,0.34836877890749735,0,20260726T102553,2026-07-26T10:26:41.694234+00:00
C-b0e0b35b,0.11436332732144064,0,20260726T102553,2026-07-26T10:26:41.694234+00:00
C-d8b2f168,0.5160638903824687,1,20260726T102553,2026-07-26T10:26:41.694234+00:00
C-454fd670,0.5224846796080584,1,20260726T102553,2026-07-26T10:26:41.694234+00:00
C-4f7e5d57,0.5793902509198979,1,20260726T102553,2026-07-26T10:26:41.694234+00:00
C-c850a503,0.4646115250313065,0,20260726T102553,2026-07-26T10:26:41.694234+00:00
C-bda44f13,0.7038305430575119,1,20260726T102553,2026-07-26T10:26:41.694234+00:00
C-693f7c7f,0.5146967745873953,1,20260726T102553,2026-07-26T10:26:41.694234+00:00
C-cd4bc575,0.80776552516318,1,20260726T102553,2026-07-26T10:26:41.694234+00:00
C-532344b1,0.7725855880762407,1,20260726T102553,2026-07-26T10:26:41.694234+00:00
C-42146d16,0.5242062457696828,1,20260726T102553,2026-07-26T10:26:41.694234+00:00
C-774c3822,0.7864144992331357,1,20260726T102553,2026-07-26T10:26:41.694234+00:00
C-3a5e2dc7,0.13268673000462644,0,20260726T102553,2026-07-26T10:26:41.694234+00:00
C-40c8460a,0.36199584625992676,0,20260726T102553,2026-07-26T10:26:41.694234+00:00
C-3e72d36d,0.02395641839646667,0,20260726T102553,2026-07-26T10:26:41.694234+00:00
C-2599cce0,0.2117149054851607,0,20260726T102553,2026-07-26T10:26:41.694234+00:00
C-674f18d0,0.691071871466012,1,20260726T102553,2026-07-26T10:26:41.694234+00:00
C-e3699ede,0.348342687861476,0,20260726T102553,2026-07-26T10:26:41.694234+00:00
C-68c88fc9,0.27873078867017675,0,20260726T102553,2026-07-26T10:26:41.694234+00:00
C-3c22843d,0.36974281829686856,0,20260726T102553,2026-07-26T10:26:41.694234+00:00
C-79caabe6,0.8352874139375963,1,20260726T102553,2026-07-26T10:26:41.694234+00:00
C-b9239f20,0.3283572421745123,0,20260726T102553,2026-07-26T10:26:41.694234+00:00
C-aada9f85,0.023527820930821557,0,20260726T102553,2026-07-26T10:26:41.694234+00:00
C-01eec7e1,0.692139130909076,1,20260726T102553,2026-07-26T10:26:41.694234+00:00
C-75380b19,0.6793306512062085,1,20260726T102553,2026-07-26T10:26:41.694234+00:00
C-78ad6709,0.3365384971264463,0,20260726T102553,2026-07-26T10:26:41.694234+00:00
C-0d5dc2c6,0.8218241384921077,1,20260726T102553,2026-07-26T10:26:41.694234+00:00
C-cd776ddc,0.8050718224539725,1,20260726T102553,2026-07-26T10:26:41.694234+00:00
C-c766e136,0.030044359099745843,0,20260726T102553,2026-07-26T10:26:41.694234+00:00
C-067e762f,0.9022488222241581,1,20260726T102553,2026-07-26T10:26:41.694234+00:00
C-291029f2,0.7236619830358291,1,20260726T102553,2026-07-26T10:26:41.694234+00:00
C-88eaf8b9,0.21395403873717397,0,20260726T102553,2026-07-26T10:26:41.694234+00:00
C-ac842ab3,0.15912898028805728,0,20260726T102553,2026-07-26T10:26:41.694234+00:00
C-1e619265,0.3433349691793,0,20260726T102553,2026-07-26T10:26:41.694234+00:00
C-22ead0d9,0.5670121486797308,1,20260726T102553,2026-07-26T10:26:41.694234+00:00
C-e3056882,0.1468830544667966,0,20260726T102553,2026-07-26T10:26:41.694234+00:00
C-4aa16078,0.021949282235156634,0,20260726T102553,2026-07-26T10:26:41.694234+00:00
C-1f544be4,0.5932852384697027,1,20260726T102553,2026-07-26T10:26:41.694234+00:00
C-11a4c005,0.4462924147764621,0,20260726T102553,2026-07-26T10:26:41.694234+00:00
C-2bbc5746,0.29272614345282366,0,20260726T102553,2026-07-26T10:26:41.694234+00:00
C-0573e1a6,0.041057221970015864,0,20260726T102553,2026-07-26T10:26:41.694234+00:00
C-e910e477,0.9168197979447579,1,20260726T102553,2026-07-26T10:26:41.694234+00:00
C-977e4553,0.9206052298743098,1,20260726T102553,2026-07-26T10:26:41.694234+00:00
C-e0259d32,0.19355477598054008,0,20260726T102553,2026-07-26T10:26:41.694234+00:00
C-976440c4,0.9344247724286668,1,20260726T102553,2026-07-26T10:26:41.694234+00:00
C-f881c41a,0.11352953132575576,0,20260726T102553,2026-07-26T10:26:41.694234+00:00
C-5866dc85,0.08245060706617206,0,20260726T102553,2026-07-26T10:26:41.694234+00:00
C-695637b0,0.8667510477627095,1,20260726T102553,2026-07-26T10:26:41.694234+00:00
C-538ab2c9,0.09596255385117906,0,20260726T102553,2026-07-26T10:26:41.694234+00:00
C-b60a3408,0.7196776959787913,1,20260726T102553,2026-07-26T10:26:41.694234+00:00
C-8548e582,0.13359206511200392,0,20260726T102553,2026-07-26T10:26:41.694234+00:00
C-3c7ea508,0.40954456756165425,0,20260726T102553,2026-07-26T10:26:41.694234+00:00
C-41f79a40,0.18393530282469367,0,20260726T102553,2026-07-26T10:26:41.694234+00:00
C-3d52a098,0.4444225358666451,0,20260726T102553,2026-07-26T10:26:41.694234+00:00
C-bf1400ae,0.3067685866996699,0,20260726T102553,2026-07-26T10:26:41.694234+00:00
C-13dff33d,0.7946556392791256,1,20260726T102553,2026-07-26T10:26:41.694234+00:00
C-84777524,0.8946303085813448,1,20260726T102553,2026-07-26T10:26:41.694234+00:00
C-04e0e4b7,0.7911119002804557,1,20260726T102553,2026-07-26T10:26:41.694234+00:00
C-012b1dec,0.14606257076409718,0,20260726T102553,2026-07-26T10:26:41.694234+00:00
C-d1761462,0.08257124582762033,0,20260726T102553,2026-07-26T10:26:41.694234+00:00
C-9429fd1d,0.8286636994399468,1,20260726T102553,2026-07-26T10:26:41.694234+00:00
C-5ab32995,0.09727317284205257,0,20260726T102553,2026-07-26T10:26:41.694234+00:00
C-ed3288a9,0.335514154913071,0,20260726T102553,2026-07-26T10:26:41.694234+00:00
C-33767904,0.1839104521927248,0,20260726T102553,2026-07-26T10:26:41.694234+00:00
C-ef4d0823,0.4439555892927209,0,20260726T102553,2026-07-26T10:26:41.694234+00:00
C-8a8190b6,0.44322111215337423,0,20260726T102553,2026-07-26T10:26:41.694234+00:00
C-23ab7d0a,0.5577256574464059,1,20260726T102553,2026-07-26T10:26:41.694234+00:00
C-ada6a401,0.6790161745200144,1,20260726T102553,2026-07-26T10:26:41.694234+00:00
C-d41beab6,0.029127769939614793,0,20260726T102553,2026-07-26T10:26:41.694234+00:00
C-55405749,0.9194787360899118,1,20260726T102553,2026-07-26T10:26:41.694234+00:00
C-870ef1af,0.6627078900171095,1,20260726T102553,2026-07-26T10:26:41.694234+00:00
C-dae2e530,0.6661404462109903,1,20260726T102553,2026-07-26T10:26:41.694234+00:00
C-dc26b04f,0.4541285332007922,0,20260726T102553,2026-07-26T10:26:41.694234+00:00
C-21934309,0.8663747294538476,1,20260726T102553,2026-07-26T10:26:41.694234+00:00
C-1f6b17aa,0.8246479606948518,1,20260726T102553,2026-07-26T10:26:41.694234+00:00
C-2112c6e1,0.3518869484584188,0,20260726T102553,2026-07-26T10:26:41.694234+00:00
C-248f32f5,0.8605817081500173,1,20260726T102553,2026-07-26T10:26:41.694234+00:00
C-90b4e63f,0.162194975249498,0,20260726T102553,2026-07-26T10:26:41.694234+00:00
C-c32ab96f,0.6824781110143302,1,20260726T102553,2026-07-26T10:26:41.694234+00:00
C-d99a5b30,0.8837341993127956,1,20260726T102553,2026-07-26T10:26:41.694234+00:00
C-a2f8a3e6,0.3621788194167658,0,20260726T102553,2026-07-26T10:26:41.694234+00:00
C-c9908cee,0.07749605035112249,0,20260726T102553,2026-07-26T10:26:41.694234+00:00
C-4780defa,0.8600778505647783,1,20260726T102553,2026-07-26T10:26:41.694234+00:00
C-d24826f7,0.48358998934470265,0,20260726T102553,2026-07-26T10:26:41.694234+00:00
C-6d062358,0.2427389915154853,0,20260726T102553,2026-07-26T10:26:41.694234+00:00
C-56f7f249,0.1414249457276925,0,20260726T102553,2026-07-26T10:26:41.694234+00:00
C-f78c7a7d,0.8042785312479377,1,20260726T102553,2026-07-26T10:26:41.694234+00:00
C-f8e0b2e5,0.8874562633383233,1,20260726T102553,2026-07-26T10:26:41.694234+00:00
C-dd28e132,0.8528574290240992,1,20260726T102553,2026-07-26T10:26:41.694234+00:00
C-697fed0f,0.6677734044634404,1,20260726T102553,2026-07-26T10:26:41.694234+00:00
C-2b74252c,0.10938154977909818,0,20260726T102553,2026-07-26T10:26:41.694234+00:00
C-6592e403,0.3302870199576029,0,20260726T102553,2026-07-26T10:26:41.694234+00:00
C-c5e7df30,0.05037392426052835,0,20260726T102553,2026-07-26T10:26:41.694234+00:00
C-03049aa1,0.7654747668599671,1,20260726T102553,2026-07-26T10:26:41.694234+00:00
C-e688c9cb,0.8650639108392592,1,20260726T102553,2026-07-26T10:26:41.694234+00:00
C-4ff61e06,0.027821965395563465,0,20260726T102553,2026-07-26T10:26:41.694234+00:00
C-f96fa2cb,0.2545965315237837,0,20260726T102553,2026-07-26T10:26:41.694234+00:00
C-bedf5581,0.6154856715634677,1,20260726T102553,2026-07-26T10:26:41.694234+00:00
C-f6024ac0,0.13337267317150794,0,20260726T102553,2026-07-26T10:26:41.694234+00:00
C-98d75e72,0.6378648885693723,1,20260726T102553,2026-07-26T10:26:41.694234+00:00
C-cf51d171,0.296463725724025,0,20260726T102553,2026-07-26T10:26:41.694234+00:00
C-0d4f222f,0.24086405417536375,0,20260726T102553,2026-07-26T10:26:41.694234+00:00
C-051e1fc0,0.7849988095771483,1,20260726T102553,2026-07-26T10:26:41.694234+00:00
C-957e061c,0.49301477462310433,0,20260726T102553,2026-07-26T10:26:41.694234+00:00
C-52a8df65,0.7888584555766311,1,20260726T102553,2026-07-26T10:26:41.694234+00:00
C-1e4b8474,0.8858652938631021,1,20260726T102553,2026-07-26T10:26:41.694234+00:00
C-ec265eae,0.7038194348111129,1,20260726T102553,2026-07-26T10:26:41.694234+00:00
C-420531b2,0.5872470763168411,1,20260726T102553,2026-07-26T10:26:41.694234+00:00
C-3d5de4f7,0.4695801855026866,0,20260726T102553,2026-07-26T10:26:41.694234+00:00
C-a78dd172,0.8963875754537063,1,20260726T102553,2026-07-26T10:26:41.694234+00:00
C-df036233,0.5705607880809591,1,20260726T102553,2026-07-26T10:26:41.694234+00:00
C-675551ab,0.8049197657245031,1,20260726T102553,2026-07-26T10:26:41.694234+00:00
C-38251657,0.06726297883091524,0,20260726T102553,2026-07-26T10:26:41.694234+00:00
C-cc4af96e,0.335001675089503,0,20260726T102553,2026-07-26T10:26:41.694234+00:00
C-697e9fda,0.31189887500467267,0,20260726T102553,2026-07-26T10:26:41.694234+00:00
C-913b129d,0.3527139640704904,0,20260726T102553,2026-07-26T10:26:41.694234+00:00
C-f7a4eeba,0.5385819706813121,1,20260726T102553,2026-07-26T10:26:41.694234+00:00
C-0fc18f88,0.10044671998471809,0,20260726T102553,2026-07-26T10:26:41.694234+00:00
C-60dcbba2,0.3158993466995284,0,20260726T102553,2026-07-26T10:26:41.694234+00:00
C-17ad6f1e,0.8584468627616266,1,20260726T102553,2026-07-26T10:26:41.694234+00:00
C-e5c9eeaf,0.028272855869342015,0,20260726T102553,2026-07-26T10:26:41.694234+00:00
C-26a8de54,0.7527360634961451,1,20260726T102553,2026-07-26T10:26:41.694234+00:00
C-15220aa4,0.6516170626342748,1,20260726T102553,2026-07-26T10:26:41.694234+00:00
C-fa99c414,0.7905144718696038,1,20260726T102553,2026-07-26T10:26:41.694234+00:00
C-cf7f3853,0.022371262069385937,0,20260726T102553,2026-07-26T10:26:41.694234+00:00
C-81371c29,0.3397169896737158,0,20260726T102553,2026-07-26T10:26:41.694234+00:00
C-5e09bc2a,0.03795811498871028,0,20260726T102553,2026-07-26T10:26:41.694234+00:00
C-d27978e2,0.16744256328956011,0,20260726T102553,2026-07-26T10:26:41.694234+00:00
C-734714a5,0.38699349247736753,0,20260726T102553,2026-07-26T10:26:41.694234+00:00
C-43261ee6,0.38563630319011055,0,20260726T102553,2026-07-26T10:26:41.694234+00:00
C-445b337c,0.5507626838140404,1,20260726T102553,2026-07-26T10:26:41.694234+00:00
C-c29c8064,0.3297026966682637,0,20260726T102553,2026-07-26T10:26:41.694234+00:00
C-56ab2601,0.8357842291465044,1,20260726T102553,2026-07-26T10:26:41.694234+00:00
C-6addb9de,0.7494884802253036,1,20260726T102553,2026-07-26T10:26:41.694234+00:00
C-f309f8bc,0.8067629419968174,1,20260726T102553,2026-07-26T10:26:41.694234+00:00
C-a70dbda3,0.7578483349593051,1,20260726T102553,2026-07-26T10:26:41.694234+00:00
C-311998d2,0.6465730949589508,1,20260726T102553,2026-07-26T10:26:41.694234+00:00
C-bf0c4749,0.23290391198252755,0,20260726T102553,2026-07-26T10:26:41.694234+00:00
C-e00b1944,0.5032509211462397,1,20260726T102553,2026-07-26T10:26:41.694234+00:00
C-f02c902f,0.6636264388955859,1,20260726T102553,2026-07-26T10:26:41.694234+00:00
C-12369783,0.7141774432369773,1,20260726T102553,2026-07-26T10:26:41.694234+00:00
C-eb9fdcd6,0.3552130776247006,0,20260726T102553,2026-07-26T10:26:41.694234+00:00
C-dace5f3b,0.6193322961025383,1,20260726T102553,2026-07-26T10:26:41.694234+00:00
C-fbfe3f99,0.3719869585877765,0,20260726T102553,2026-07-26T10:26:41.694234+00:00
C-4d06f12a,0.696259851881489,1,20260726T102553,2026-07-26T10:26:41.694234+00:00
C-ec95a591,0.33489320908111486,0,20260726T102553,2026-07-26T10:26:41.694234+00:00
C-8b617d1f,0.26495608061788306,0,20260726T102553,2026-07-26T10:26:41.694234+00:00
C-1addaa96,0.5272522010602816,1,20260726T102553,2026-07-26T10:26:41.694234+00:00
C-6e211851,0.058650432368360816,0,20260726T102553,2026-07-26T10:26:41.694234+00:00
C-38e73ed1,0.44728131919856345,0,20260726T102553,2026-07-26T10:26:41.694234+00:00
C-1f1c8404,0.11184070507257693,0,20260726T102553,2026-07-26T10:26:41.694234+00:00
C-9636ff4b,0.6945550877267932,1,20260726T102553,2026-07-26T10:26:41.694234+00:00
C-d1f275c8,0.840220873883983,1,20260726T102553,2026-07-26T10:26:41.694234+00:00
C-ab644c46,0.701132785668702,1,20260726T102553,2026-07-26T10:26:41.694234+00:00
C-91b92579,0.33647601884608425,0,20260726T102553,2026-07-26T10:26:41.694234+00:00
C-fb49c868,0.0870081181994768,0,20260726T102553,2026-07-26T10:26:41.694234+00:00
C-29d20876,0.12789861385758733,0,20260726T102553,2026-07-26T10:26:41.694234+00:00
C-3bca1cde,0.11013746976228375,0,20260726T102553,2026-07-26T10:26:41.694234+00:00
C-d76e85c1,0.7775170621131962,1,20260726T102553,2026-07-26T10:26:41.694234+00:00
C-658b8cef,0.2808597038238837,0,20260726T102553,2026-07-26T10:26:41.694234+00:00
C-c73ad314,0.04983282952305305,0,20260726T102553,2026-07-26T10:26:41.694234+00:00
C-57aa0bdd,0.6469275269399972,1,20260726T102553,2026-07-26T10:26:41.694234+00:00
C-99ab1881,0.7945866217014902,1,20260726T102553,2026-07-26T10:26:41.694234+00:00
C-a3e326ed,0.6294432906370615,1,20260726T102553,2026-07-26T10:26:41.694234+00:00
C-b1445f8f,0.761019113002694,1,20260726T102553,2026-07-26T10:26:41.694234+00:00
C-f3b31d72,0.3680383063179815,0,20260726T102553,2026-07-26T10:26:41.694234+00:00
C-db6a19d8,0.06642973705250162,0,20260726T102553,2026-07-26T10:26:41.694234+00:00
C-bb5e0abd,0.15303899617949246,0,20260726T102553,2026-07-26T10:26:41.694234+00:00
C-64e7113a,0.582684633432984,1,20260726T102553,2026-07-26T10:26:41.694234+00:00
C-7bdfdc07,0.3197365721348423,0,20260726T102553,2026-07-26T10:26:41.694234+00:00
C-fa376d4e,0.5705122072249034,1,20260726T102553,2026-07-26T10:26:41.694234+00:00
C-74811f12,0.8881953953357238,1,20260726T102553,2026-07-26T10:26:41.694234+00:00
C-d469e449,0.3622337514118866,0,20260726T102553,2026-07-26T10:26:41.694234+00:00
C-584d065c,0.14841705123901644,0,20260726T102553,2026-07-26T10:26:41.694234+00:00
C-32da37ab,0.9134883038837127,1,20260726T102553,2026-07-26T10:26:41.694234+00:00
C-123a5620,0.16239979836734647,0,20260726T102553,2026-07-26T10:26:41.694234+00:00
C-c60d8965,0.11620927787565391,0,20260726T102553,2026-07-26T10:26:41.694234+00:00
C-93a93795,0.03070874845526557,0,20260726T102553,2026-07-26T10:26:41.694234+00:00
C-45748d3d,0.08361505778994384,0,20260726T102553,2026-07-26T10:26:41.694234+00:00
C-8f1eb733,0.846596371881088,1,20260726T102553,2026-07-26T10:26:41.694234+00:00
C-5af78ecb,0.5923385574171074,1,20260726T102553,2026-07-26T10:26:41.694234+00:00
C-4383acbd,0.3484236707645982,0,20260726T102553,2026-07-26T10:26:41.694234+00:00
C-a532b7f4,0.5355543781387312,1,20260726T102553,2026-07-26T10:26:41.694234+00:00
C-955b93de,0.798559229664286,1,20260726T102553,2026-07-26T10:26:41.694234+00:00
C-056f6b2a,0.6440922187430456,1,20260726T102553,2026-07-26T10:26:41.694234+00:00
C-c7355b5f,0.15119726224149338,0,20260726T102553,2026-07-26T10:26:41.694234+00:00
C-0859a626,0.9201655442165223,1,20260726T102553,2026-07-26T10:26:41.694234+00:00
C-52a6e2ab,0.4801267594307542,0,20260726T102553,2026-07-26T10:26:41.694234+00:00
C-76422426,0.7445708190123473,1,20260726T102553,2026-07-26T10:26:41.694234+00:00
C-16fb3a75,0.5349087819241067,1,20260726T102553,2026-07-26T10:26:41.694234+00:00
C-704dc376,0.5064419733310462,1,20260726T102553,2026-07-26T10:26:41.694234+00:00
C-a0820a8f,0.8779306058587805,1,20260726T102553,2026-07-26T10:26:41.694234+00:00
C-091e0698,0.1916076627190261,0,20260726T102553,2026-07-26T10:26:41.694234+00:00
C-8700797b,0.8664310416610972,1,20260726T102553,2026-07-26T10:26:41.694234+00:00
C-e52dc702,0.8256173859898764,1,20260726T102553,2026-07-26T10:26:41.694234+00:00
C-0543bc99,0.7540831317753879,1,20260726T102553,2026-07-26T10:26:41.694234+00:00
C-b934e463,0.7291543295669155,1,20260726T102553,2026-07-26T10:26:41.694234+00:00
C-0f45aa50,0.37387858917155,0,20260726T102553,2026-07-26T10:26:41.694234+00:00
C-8f7cc0f8,0.028509272111531717,0,20260726T102553,2026-07-26T10:26:41.694234+00:00
C-3fa60a92,0.17922874019481422,0,20260726T102553,2026-07-26T10:26:41.694234+00:00
C-8d3aa118,0.3488407039633847,0,20260726T102553,2026-07-26T10:26:41.694234+00:00
C-41aa4eaf,0.847765097012106,1,20260726T102553,2026-07-26T10:26:41.694234+00:00
C-51977a22,0.7949647776671235,1,20260726T102553,2026-07-26T10:26:41.694234+00:00
C-adc0d33b,0.1609123554137615,0,20260726T102553,2026-07-26T10:26:41.694234+00:00
C-3f187226,0.623196303119822,1,20260726T102553,2026-07-26T10:26:41.694234+00:00
C-37d3d556,0.10493475701818254,0,20260726T102553,2026-07-26T10:26:41.694234+00:00
C-761351e6,0.34113024532272634,0,20260726T102553,2026-07-26T10:26:41.694234+00:00
C-176c5a5f,0.09313559313321808,0,20260726T102553,2026-07-26T10:26:41.694234+00:00
C-c40c76ae,0.11872235319963644,0,20260726T102553,2026-07-26T10:26:41.694234+00:00
C-77f7d520,0.34485436877286,0,20260726T102553,2026-07-26T10:26:41.694234+00:00
C-87d6120b,0.9001571960330954,1,20260726T102553,2026-07-26T10:26:41.694234+00:00
C-a3183347,0.6134364485050059,1,20260726T102553,2026-07-26T10:26:41.694234+00:00
C-65d1c500,0.5633855215335669,1,20260726T102553,2026-07-26T10:26:41.694234+00:00
C-bdda10a9,0.7398852007071254,1,20260726T102553,2026-07-26T10:26:41.694234+00:00
C-eab483c0,0.030019843993904255,0,20260726T102553,2026-07-26T10:26:41.694234+00:00
C-e40b3789,0.15336612461293117,0,20260726T102553,2026-07-26T10:26:41.694234+00:00
C-7c634106,0.6891259533635301,1,20260726T102553,2026-07-26T10:26:41.694234+00:00
C-433f2ac9,0.5967816291826333,1,20260726T102553,2026-07-26T10:26:41.694234+00:00
C-4ae3a65d,0.7888169049828303,1,20260726T102553,2026-07-26T10:26:41.694234+00:00
C-4ae02dfd,0.6629690137637788,1,20260726T102553,2026-07-26T10:26:41.694234+00:00
C-a95c578e,0.4569138955834142,0,20260726T102553,2026-07-26T10:26:41.694234+00:00
C-76c7b36f,0.26393666192305504,0,20260726T102553,2026-07-26T10:26:41.694234+00:00
C-86e447b0,0.1711822831329371,0,20260726T102553,2026-07-26T10:26:41.694234+00:00
C-5caebb6e,0.9859355862634531,1,20260726T102553,2026-07-26T10:26:41.694234+00:00
C-cc270133,0.4207461357454353,0,20260726T102553,2026-07-26T10:26:41.694234+00:00
C-fd9ba19f,0.6087485276512169,1,20260726T102553,2026-07-26T10:26:41.694234+00:00
C-b4f6c745,0.7495230247522502,1,20260726T102553,2026-07-26T10:26:41.694234+00:00
C-97d5d4ad,0.7244173659589579,1,20260726T102553,2026-07-26T10:26:41.694234+00:00
C-126c3b99,0.5252363499632785,1,20260726T102553,2026-07-26T10:26:41.694234+00:00
C-56ae2411,0.7977371551346462,1,20260726T102553,2026-07-26T10:26:41.694234+00:00
C-f9d48c33,0.39061211794093975,0,20260726T102553,2026-07-26T10:26:41.694234+00:00
C-b836d40a,0.4568630389604979,0,20260726T102553,2026-07-26T10:26:41.694234+00:00
C-0ad24e42,0.24126142745613413,0,20260726T102553,2026-07-26T10:26:41.694234+00:00
C-857b6a8c,0.6649237190877111,1,20260726T102553,2026-07-26T10:26:41.694234+00:00
C-5bc052c2,0.8471460171280457,1,20260726T102553,2026-07-26T10:26:41.694234+00:00
C-f3cb7eb2,0.099789154776346,0,20260726T102553,2026-07-26T10:26:41.694234+00:00
C-781674b6,0.7110337124473983,1,20260726T102553,2026-07-26T10:26:41.694234+00:00
C-938357d0,0.30488140334615793,0,20260726T102553,2026-07-26T10:26:41.694234+00:00
C-d1e2b5c8,0.33441369510500984,0,20260726T102553,2026-07-26T10:26:41.694234+00:00
C-c9e4a698,0.24964015342048412,0,20260726T102553,2026-07-26T10:26:41.694234+00:00
C-56d8ba59,0.6682079393031469,1,20260726T102553,2026-07-26T10:26:41.694234+00:00
C-9b731f2c,0.35479394523516644,0,20260726T102553,2026-07-26T10:26:41.694234+00:00
C-f3999b67,0.6866764833535701,1,20260726T102553,2026-07-26T10:26:41.694234+00:00
C-2e9bc829,0.5984975698929355,1,20260726T102553,2026-07-26T10:26:41.694234+00:00
C-7eca013e,0.5258134718352242,1,20260726T102553,2026-07-26T10:26:41.694234+00:00
C-d33a81ae,0.050362885393918234,0,20260726T102553,2026-07-26T10:26:41.694234+00:00
C-c7d76701,0.3500059513440941,0,20260726T102553,2026-07-26T10:26:41.694234+00:00
C-6b40473b,0.8487730117485426,1,20260726T102553,2026-07-26T10:26:41.694234+00:00
C-b3f6aa77,0.03336519488074282,0,20260726T102553,2026-07-26T10:26:41.694234+00:00
C-e685e755,0.5255230073247688,1,20260726T102553,2026-07-26T10:26:41.694234+00:00
C-130e35a5,0.47856893025130115,0,20260726T102553,2026-07-26T10:26:41.694234+00:00
C-691b997e,0.15069139800893516,0,20260726T102553,2026-07-26T10:26:41.694234+00:00
C-e64c1b5c,0.10961469878377647,0,20260726T102553,2026-07-26T10:26:41.694234+00:00
C-7306cebe,0.5162607252766818,1,20260726T102553,2026-07-26T10:26:41.694234+00:00
C-0398e4b5,0.7613347624455047,1,20260726T102553,2026-07-26T10:26:41.694234+00:00
C-1ed4fa16,0.6816790222208586,1,20260726T102553,2026-07-26T10:26:41.694234+00:00
C-8b91b665,0.14747961563081727,0,20260726T102553,2026-07-26T10:26:41.694234+00:00
C-10984695,0.5468614563822188,1,20260726T102553,2026-07-26T10:26:41.694234+00:00
C-5653283b,0.14903022045392422,0,20260726T102553,2026-07-26T10:26:41.694234+00:00
C-ea63a30a,0.44395786356088524,0,20260726T102553,2026-07-26T10:26:41.694234+00:00
C-0b6e9a3f,0.5130303269148043,1,20260726T102553,2026-07-26T10:26:41.694234+00:00
C-72ab4ca8,0.34674134350987235,0,20260726T102553,2026-07-26T10:26:41.694234+00:00
C-723c09cf,0.042445136082110556,0,20260726T102553,2026-07-26T10:26:41.694234+00:00
C-313c3644,0.08470283215934153,0,20260726T102553,2026-07-26T10:26:41.694234+00:00
C-85853239,0.2293606610704036,0,20260726T102553,2026-07-26T10:26:41.694234+00:00
C-c9c4a240,0.02664765146924263,0,20260726T102553,2026-07-26T10:26:41.694234+00:00
C-95f85aa8,0.5824839188513369,1,20260726T102553,2026-07-26T10:26:41.694234+00:00
C-e9da24ae,0.5514422963825143,1,20260726T102553,2026-07-26T10:26:41.694234+00:00
C-5d9c0db1,0.7033277244554997,1,20260726T102553,2026-07-26T10:26:41.694234+00:00
C-970c08d8,0.4938790089165903,0,20260726T102553,2026-07-26T10:26:41.694234+00:00
C-faee7273,0.3677363566293246,0,20260726T102553,2026-07-26T10:26:41.694234+00:00
C-91b145b5,0.3955645769352702,0,20260726T102553,2026-07-26T10:26:41.694234+00:00
C-b1bfd7e7,0.9428310010447871,1,20260726T102553,2026-07-26T10:26:41.694234+00:00
C-f0a284a7,0.4174014887614294,0,20260726T102553,2026-07-26T10:26:41.694234+00:00
C-fcfafd6e,0.4518724198483026,0,20260726T102553,2026-07-26T10:26:41.694234+00:00
C-925f15ed,0.3156564151910229,0,20260726T102553,2026-07-26T10:26:41.694234+00:00
C-4432e062,0.1614534074987718,0,20260726T102553,2026-07-26T10:26:41.694234+00:00
C-d64c8bed,0.06803348436613157,0,20260726T102553,2026-07-26T10:26:41.694234+00:00
C-a4912f12,0.2926461008859229,0,20260726T102553,2026-07-26T10:26:41.694234+00:00
C-7adf4ccb,0.7020869627192069,1,20260726T102553,2026-07-26T10:26:41.694234+00:00
C-14fd3e31,0.4605382473113107,0,20260726T102553,2026-07-26T10:26:41.694234+00:00
C-a25b18ff,0.8220358823163376,1,20260726T102553,2026-07-26T10:26:41.694234+00:00
C-cf0669fe,0.131071481152712,0,20260726T102553,2026-07-26T10:26:41.694234+00:00
C-65031e0d,0.3147073173715541,0,20260726T102553,2026-07-26T10:26:41.694234+00:00
C-5493c27a,0.7915094186991333,1,20260726T102553,2026-07-26T10:26:41.694234+00:00
C-90edbc32,0.030577271403527537,0,20260726T102553,2026-07-26T10:26:41.694234+00:00
C-4d52eaf4,0.33958966407375185,0,20260726T102553,2026-07-26T10:26:41.694234+00:00
C-9cd78d78,0.15136534973289736,0,20260726T102553,2026-07-26T10:26:41.694234+00:00
C-93f73e0b,0.4560151652903309,0,20260726T102553,2026-07-26T10:26:41.694234+00:00
C-2e5c38cd,0.5065566074337406,1,20260726T102553,2026-07-26T10:26:41.694234+00:00
C-f5d276d7,0.6694559515618079,1,20260726T102553,2026-07-26T10:26:41.694234+00:00
C-4aabf4d8,0.9055164948194858,1,20260726T102553,2026-07-26T10:26:41.694234+00:00
C-751b5495,0.4600998869964728,0,20260726T102553,2026-07-26T10:26:41.694234+00:00
C-ea876ea7,0.12471974778991388,0,20260726T102553,2026-07-26T10:26:41.694234+00:00
C-60953586,0.6767736547584593,1,20260726T102553,2026-07-26T10:26:41.694234+00:00
C-69fe6b9d,0.04117594542502557,0,20260726T102553,2026-07-26T10:26:41.694234+00:00
C-5db0eb02,0.8371378207434468,1,20260726T102553,2026-07-26T10:26:41.694234+00:00
C-0dea0699,0.7041709692518496,1,20260726T102553,2026-07-26T10:26:41.694234+00:00
C-2536cdf9,0.4471527963000231,0,20260726T102553,2026-07-26T10:26:41.694234+00:00
C-0372b238,0.06608055462942515,0,20260726T102553,2026-07-26T10:26:41.694234+00:00
C-0e61bdc9,0.40481594970258733,0,20260726T102553,2026-07-26T10:26:41.694234+00:00
C-4af12d5d,0.7610058020533111,1,20260726T102553,2026-07-26T10:26:41.694234+00:00
C-44ccf940,0.499319460991468,0,20260726T102553,2026-07-26T10:26:41.694234+00:00
C-d4a51a5d,0.8041765745405084,1,20260726T102553,2026-07-26T10:26:41.694234+00:00
C-384b796f,0.6665840296738103,1,20260726T102553,2026-07-26T10:26:41.694234+00:00
C-cb1a48f5,0.3387373773950848,0,20260726T102553,2026-07-26T10:26:41.694234+00:00
C-6fed59c4,0.12902625479857752,0,20260726T102553,2026-07-26T10:26:41.694234+00:00
C-76ccd39a,0.3529537526862756,0,20260726T102553,2026-07-26T10:26:41.694234+00:00
C-1bddd484,0.6514308190956551,1,20260726T102553,2026-07-26T10:26:41.694234+00:00
C-4f385e81,0.08291326826577698,0,20260726T102553,2026-07-26T10:26:41.694234+00:00
C-4acaea07,0.15455307356647655,0,20260726T102553,2026-07-26T10:26:41.694234+00:00
C-f2a43f6e,0.9396128997868837,1,20260726T102553,2026-07-26T10:26:41.694234+00:00
C-b68f3fef,0.7507192837991938,1,20260726T102553,2026-07-26T10:26:41.694234+00:00
C-54e0cde4,0.4210601543582604,0,20260726T102553,2026-07-26T10:26:41.694234+00:00
C-57fa25ea,0.0326595058974824,0,20260726T102553,2026-07-26T10:26:41.694234+00:00
C-cf07879d,0.7737832686461198,1,20260726T102553,2026-07-26T10:26:41.694234+00:00
C-6e24d7af,0.09816381624809174,0,20260726T102553,2026-07-26T10:26:41.694234+00:00
C-d55bda94,0.36955029255689886,0,20260726T102553,2026-07-26T10:26:41.694234+00:00
C-515b2f25,0.6524858332158714,1,20260726T102553,2026-07-26T10:26:41.694234+00:00
C-a1cada68,0.8967709472286162,1,20260726T102553,2026-07-26T10:26:41.694234+00:00
C-3c917637,0.02478975857007326,0,20260726T102553,2026-07-26T10:26:41.694234+00:00
C-1947e619,0.15582132197524537,0,20260726T102553,2026-07-26T10:26:41.694234+00:00
C-e67bca64,0.7588370213713383,1,20260726T102553,2026-07-26T10:26:41.694234+00:00
C-e0439f03,0.023082844707109428,0,20260726T102553,2026-07-26T10:26:41.694234+00:00
C-8addf8f0,0.07386242429412943,0,20260726T102553,2026-07-26T10:26:41.694234+00:00
C-4dfe09e2,0.3466115376809848,0,20260726T102553,2026-07-26T10:26:41.694234+00:00
C-5c30524a,0.12406716675016824,0,20260726T102553,2026-07-26T10:26:41.694234+00:00
C-0e90bfcf,0.023158066154515627,0,20260726T102553,2026-07-26T10:26:41.694234+00:00
C-d6980366,0.1358705825859064,0,20260726T102553,2026-07-26T10:26:41.694234+00:00
C-090908c8,0.047347732639060634,0,20260726T102553,2026-07-26T10:26:41.694234+00:00
C-388fe7c8,0.7601069510881671,1,20260726T102553,2026-07-26T10:26:41.694234+00:00
C-dde0b546,0.3340023395099125,0,20260726T102553,2026-07-26T10:26:41.694234+00:00
C-27a4cbc4,0.3403316026028719,0,20260726T102553,2026-07-26T10:26:41.694234+00:00
C-a21e86c5,0.3603935787805126,0,20260726T102553,2026-07-26T10:26:41.694234+00:00
C-fd7afb67,0.685078174146688,1,20260726T102553,2026-07-26T10:26:41.694234+00:00
C-406641b8,0.20708763670754315,0,20260726T102553,2026-07-26T10:26:41.694234+00:00
C-1a9ef15c,0.05150201476306502,0,20260726T102553,2026-07-26T10:26:41.694234+00:00
C-52e9ed9c,0.16525855742787537,0,20260726T102553,2026-07-26T10:26:41.694234+00:00
C-703177f9,0.5860639789887507,1,20260726T102553,2026-07-26T10:26:41.694234+00:00
C-19445592,0.647669529275853,1,20260726T102553,2026-07-26T10:26:41.694234+00:00
C-ecef6a0e,0.024462652092310525,0,20260726T102553,2026-07-26T10:26:41.694234+00:00
C-378e0f9f,0.15673833010322827,0,20260726T102553,2026-07-26T10:26:41.694234+00:00
C-8192847b,0.40477824226364145,0,20260726T102553,2026-07-26T10:26:41.694234+00:00
C-b316a87e,0.022599367486171824,0,20260726T102553,2026-07-26T10:26:41.694234+00:00
C-f1f61d92,0.5407067121177163,1,20260726T102553,2026-07-26T10:26:41.694234+00:00
C-7fe2c0c2,0.4157060484846472,0,20260726T102553,2026-07-26T10:26:41.694234+00:00
C-58997f10,0.3621773883813251,0,20260726T102553,2026-07-26T10:26:41.694234+00:00
C-8f64c556,0.6607625367853978,1,20260726T102553,2026-07-26T10:26:41.694234+00:00
C-6f293fa0,0.1694339917663863,0,20260726T102553,2026-07-26T10:26:41.694234+00:00
C-63dfeeb5,0.1328989640175451,0,20260726T102553,2026-07-26T10:26:41.694234+00:00
C-dfd01a7c,0.24755749793465295,0,20260726T102553,2026-07-26T10:26:41.694234+00:00
C-ab03233d,0.7637504177637375,1,20260726T102553,2026-07-26T10:26:41.694234+00:00
C-7767e8c1,0.44702224872728114,0,20260726T102553,2026-07-26T10:26:41.694234+00:00
C-cd377341,0.7542974603880808,1,20260726T102553,2026-07-26T10:26:41.694234+00:00
C-a311bc95,0.639402905642479,1,20260726T102553,2026-07-26T10:26:41.694234+00:00
C-fd7ed0ae,0.03979823605715652,0,20260726T102553,2026-07-26T10:26:41.694234+00:00
C-26bcb761,0.5282631655715837,1,20260726T102553,2026-07-26T10:26:41.694234+00:00
C-5d772554,0.9392262168747427,1,20260726T102553,2026-07-26T10:26:41.694234+00:00
C-ef6c8d6e,0.4712518051014828,0,20260726T102553,2026-07-26T10:26:41.694234+00:00
C-da43cc26,0.4637485765885494,0,20260726T102553,2026-07-26T10:26:41.694234+00:00
C-00670a43,0.023441376779688848,0,20260726T102553,2026-07-26T10:26:41.694234+00:00
C-f6d65d52,0.9066158620774265,1,20260726T102553,2026-07-26T10:26:41.694234+00:00
C-4a122f31,0.5302446169835782,1,20260726T102553,2026-07-26T10:26:41.694234+00:00
C-b8a42d30,0.8812735089627488,1,20260726T102553,2026-07-26T10:26:41.694234+00:00
C-61832490,0.04210241220669974,0,20260726T102553,2026-07-26T10:26:41.694234+00:00
C-7e26e428,0.4457487796374472,0,20260726T102553,2026-07-26T10:26:41.694234+00:00
C-76909561,0.235415588834279,0,20260726T102553,2026-07-26T10:26:41.694234+00:00
C-e28d93a6,0.7434428253230011,1,20260726T102553,2026-07-26T10:26:41.694234+00:00
C-2375fef8,0.13884298200987807,0,20260726T102553,2026-07-26T10:26:41.694234+00:00
C-03f2184a,0.7811383776929974,1,20260726T102553,2026-07-26T10:26:41.694234+00:00
C-3785a3fc,0.15662963915258965,0,20260726T102553,2026-07-26T10:26:41.694234+00:00
C-faf3f22a,0.8399551754291709,1,20260726T102553,2026-07-26T10:26:41.694234+00:00
C-85c8aeab,0.9199761900899678,1,20260726T102553,2026-07-26T10:26:41.694234+00:00
C-f7ce513a,0.06607680422678552,0,20260726T102553,2026-07-26T10:26:41.694234+00:00
C-614ad031,0.518974577719251,1,20260726T102553,2026-07-26T10:26:41.694234+00:00
C-511cb790,0.7490086551497612,1,20260726T102553,2026-07-26T10:26:41.694234+00:00
C-1abc4534,0.724294549151128,1,20260726T102553,2026-07-26T10:26:41.694234+00:00
C-007e1a37,0.15312140782739928,0,20260726T102553,2026-07-26T10:26:41.694234+00:00
C-83b095ff,0.38075317284805926,0,20260726T102553,2026-07-26T10:26:41.694234+00:00
C-0c74b9a9,0.2910239499561277,0,20260726T102553,2026-07-26T10:26:41.694234+00:00
C-3e2d057b,0.7029083512590982,1,20260726T102553,2026-07-26T10:26:41.694234+00:00
C-dba124f5,0.8270748863215226,1,20260726T102553,2026-07-26T10:26:41.694234+00:00
C-41deb944,0.7895433907885423,1,20260726T102553,2026-07-26T10:26:41.694234+00:00
C-61d7483a,0.10531231490254132,0,20260726T102553,2026-07-26T10:26:41.694234+00:00
C-21da6e9a,0.8109894855045777,1,20260726T102553,2026-07-26T10:26:41.694234+00:00
C-47c51462,0.1376966609359328,0,20260726T102553,2026-07-26T10:26:41.694234+00:00
C-e89742b2,0.8900701481428912,1,20260726T102553,2026-07-26T10:26:41.694234+00:00
C-ee626ff9,0.6921130047100555,1,20260726T102553,2026-07-26T10:26:41.694234+00:00
C-a05915f9,0.38164410872627136,0,20260726T102553,2026-07-26T10:26:41.694234+00:00
C-29318046,0.3251516601514708,0,20260726T102553,2026-07-26T10:26:41.694234+00:00
C-af4bbffc,0.873372016651809,1,20260726T102553,2026-07-26T10:26:41.694234+00:00
C-33026465,0.6620857773624087,1,20260726T102553,2026-07-26T10:26:41.694234+00:00
C-437bccab,0.48819783781150466,0,20260726T102553,2026-07-26T10:26:41.694234+00:00
C-64e0160f,0.13688176071550553,0,20260726T102553,2026-07-26T10:26:41.694234+00:00
C-a7467803,0.022232626438186322,0,20260726T102553,2026-07-26T10:26:41.694234+00:00
C-1101f66c,0.6099062734968067,1,20260726T102553,2026-07-26T10:26:41.694234+00:00
C-34c914e7,0.9728801149440353,1,20260726T102553,2026-07-26T10:26:41.694234+00:00
C-73efe82b,0.6354619774996659,1,20260726T102553,2026-07-26T10:26:41.694234+00:00
C-9d8d3ed5,0.1620065681588327,0,20260726T102553,2026-07-26T10:26:41.694234+00:00
C-d3f70562,0.6360860737407996,1,20260726T102553,2026-07-26T10:26:41.694234+00:00
C-582b79f7,0.3983988199008552,0,20260726T102553,2026-07-26T10:26:41.694234+00:00
C-90541b7a,0.19233677760604934,0,20260726T102553,2026-07-26T10:26:41.694234+00:00
C-9006c470,0.7892485547263403,1,20260726T102553,2026-07-26T10:26:41.694234+00:00
C-1976eafe,0.6982641957108419,1,20260726T102553,2026-07-26T10:26:41.694234+00:00
C-620b2625,0.1989488702680841,0,20260726T102553,2026-07-26T10:26:41.694234+00:00
C-e587c3c3,0.10174617655390907,0,20260726T102553,2026-07-26T10:26:41.694234+00:00
C-35b1e87e,0.2684116683657392,0,20260726T102553,2026-07-26T10:26:41.694234+00:00
C-a3f5a69a,0.7724303582690271,1,20260726T102553,2026-07-26T10:26:41.694234+00:00
C-96ed7bbe,0.533953056119272,1,20260726T102553,2026-07-26T10:26:41.694234+00:00
C-4ff1baa2,0.3742827167776813,0,20260726T102553,2026-07-26T10:26:41.694234+00:00
C-29c83df6,0.6918719557060474,1,20260726T102553,2026-07-26T10:26:41.694234+00:00
C-1edbcbf3,0.8009494300588561,1,20260726T102553,2026-07-26T10:26:41.694234+00:00
C-3b4cb3a4,0.1540707645874849,0,20260726T102553,2026-07-26T10:26:41.694234+00:00
C-08912777,0.6617261850471076,1,20260726T102553,2026-07-26T10:26:41.694234+00:00
C-f679407f,0.11004868857496009,0,20260726T102553,2026-07-26T10:26:41.694234+00:00
C-00b62820,0.36144805520664997,0,20260726T102553,2026-07-26T10:26:41.694234+00:00
C-8102f5d3,0.8742383895569771,1,20260726T102553,2026-07-26T10:26:41.694234+00:00
C-3ec82cba,0.7471699094132229,1,20260726T102553,2026-07-26T10:26:41.694234+00:00
C-6bd51cf8,0.8625225743703457,1,20260726T102553,2026-07-26T10:26:41.694234+00:00
C-6ac45d3d,0.8822728290111939,1,20260726T102553,2026-07-26T10:26:41.694234+00:00
C-bd516b60,0.3234528434135292,0,20260726T102553,2026-07-26T10:26:41.694234+00:00
C-aca4be11,0.47905210218023087,0,20260726T102553,2026-07-26T10:26:41.694234+00:00
C-d2a55af3,0.0348047046431769,0,20260726T102553,2026-07-26T10:26:41.694234+00:00
C-f7740536,0.41480028887635895,0,20260726T102553,2026-07-26T10:26:41.694234+00:00
C-f3a71440,0.45027877880227923,0,20260726T102553,2026-07-26T10:26:41.694234+00:00
C-f8ed4981,0.018814679766985337,0,20260726T102553,2026-07-26T10:26:41.694234+00:00
C-aa2d7cd8,0.9441007499052742,1,20260726T102553,2026-07-26T10:26:41.694234+00:00
C-d37d22e1,0.7381957137845789,1,20260726T102553,2026-07-26T10:26:41.694234+00:00
C-8cec62c2,0.9113512061131157,1,20260726T102553,2026-07-26T10:26:41.694234+00:00
C-6d129987,0.30106601884744827,0,20260726T102553,2026-07-26T10:26:41.694234+00:00
C-f33c2826,0.37975162914381694,0,20260726T102553,2026-07-26T10:26:41.694234+00:00
C-a4260997,0.7571594053780855,1,20260726T102553,2026-07-26T10:26:41.694234+00:00
C-9dbeff96,0.06442259482643325,0,20260726T102553,2026-07-26T10:26:41.694234+00:00
C-e78db577,0.5217464251678557,1,20260726T102553,2026-07-26T10:26:41.694234+00:00
C-84550fed,0.7729581390326806,1,20260726T102553,2026-07-26T10:26:41.694234+00:00
C-43d6613f,0.5109240516109205,1,20260726T102553,2026-07-26T10:26:41.694234+00:00
C-e936a1cf,0.6591581361150518,1,20260726T102553,2026-07-26T10:26:41.694234+00:00
C-6952691b,0.45929383868339807,0,20260726T102553,2026-07-26T10:26:41.694234+00:00
C-45be571f,0.05118757371546727,0,20260726T102553,2026-07-26T10:26:41.694234+00:00
C-47a718b2,0.5235315376921136,1,20260726T102553,2026-07-26T10:26:41.694234+00:00
C-38c9f69e,0.06966950772423858,0,20260726T102553,2026-07-26T10:26:41.694234+00:00
C-f64037f7,0.6615553656360705,1,20260726T102553,2026-07-26T10:26:41.694234+00:00
C-f8677f05,0.8001438712587937,1,20260726T102553,2026-07-26T10:26:41.694234+00:00
C-2d8d805e,0.03717475411012583,0,20260726T102553,2026-07-26T10:26:41.694234+00:00
C-1f36b142,0.32657668779144877,0,20260726T102553,2026-07-26T10:26:41.694234+00:00
C-58181e49,0.5283306820532381,1,20260726T102553,2026-07-26T10:26:41.694234+00:00
C-86afc668,0.9159441915553068,1,20260726T102553,2026-07-26T10:26:41.694234+00:00
C-5835393f,0.19278027395146122,0,20260726T102553,2026-07-26T10:26:41.694234+00:00
C-624578c7,0.028012753053742484,0,20260726T102553,2026-07-26T10:26:41.694234+00:00
C-35968c78,0.44352364087890417,0,20260726T102553,2026-07-26T10:26:41.694234+00:00
C-283fbb4f,0.380554586789397,0,20260726T102553,2026-07-26T10:26:41.694234+00:00
C-d2ef7006,0.02748561452391064,0,20260726T102553,2026-07-26T10:26:41.694234+00:00
C-0aa6db49,0.12006650194907109,0,20260726T102553,2026-07-26T10:26:41.694234+00:00
C-86cf7118,0.19313554055680612,0,20260726T102553,2026-07-26T10:26:41.694234+00:00
C-dba65c15,0.33124032355973715,0,20260726T102553,2026-07-26T10:26:41.694234+00:00
C-2c5f5d47,0.04005143335368074,0,20260726T102553,2026-07-26T10:26:41.694234+00:00
C-5593fbb5,0.39354191511304487,0,20260726T102553,2026-07-26T10:26:41.694234+00:00
C-9de1af08,0.09366134097882932,0,20260726T102553,2026-07-26T10:26:41.694234+00:00
C-6de2148e,0.3651489244785569,0,20260726T102553,2026-07-26T10:26:41.694234+00:00
C-8ed4a297,0.14652797167673537,0,20260726T102553,2026-07-26T10:26:41.694234+00:00
C-a8792fe9,0.18662434404460518,0,20260726T102553,2026-07-26T10:26:41.694234+00:00
C-e8ca6bea,0.10308584640990884,0,20260726T102553,2026-07-26T10:26:41.694234+00:00
C-7036d49d,0.29912014297398787,0,20260726T102553,2026-07-26T10:26:41.694234+00:00
C-6e9dbf37,0.4176067103093005,0,20260726T102553,2026-07-26T10:26:41.694234+00:00
C-a3ba4343,0.8111344856055405,1,20260726T102553,2026-07-26T10:26:41.694234+00:00
C-58649f6b,0.1598394775092177,0,20260726T102553,2026-07-26T10:26:41.694234+00:00
C-076fc0b2,0.3300841431789532,0,20260726T102553,2026-07-26T10:26:41.694234+00:00
C-79f3614b,0.4538608989057926,0,20260726T102553,2026-07-26T10:26:41.694234+00:00
C-ebba3a0e,0.695991149882901,1,20260726T102553,2026-07-26T10:26:41.694234+00:00
C-4f7c69b7,0.292867894094101,0,20260726T102553,2026-07-26T10:26:41.694234+00:00
C-c5e82acb,0.38999130239130936,0,20260726T102553,2026-07-26T10:26:41.694234+00:00
C-9fdb36e1,0.02790655875358932,0,20260726T102553,2026-07-26T10:26:41.694234+00:00
C-52a4812c,0.7172518870543392,1,20260726T102553,2026-07-26T10:26:41.694234+00:00
C-186f8a48,0.9145413650665568,1,20260726T102553,2026-07-26T10:26:41.694234+00:00
C-e945ad26,0.7455449221372283,1,20260726T102553,2026-07-26T10:26:41.694234+00:00
C-4812552d,0.3775573344762213,0,20260726T102553,2026-07-26T10:26:41.694234+00:00
C-a7936c22,0.32812825414611785,0,20260726T102553,2026-07-26T10:26:41.694234+00:00
C-1dcbd496,0.09619453168527603,0,20260726T102553,2026-07-26T10:26:41.694234+00:00
C-e911a86a,0.7319064281852551,1,20260726T102553,2026-07-26T10:26:41.694234+00:00
C-87a0b804,0.24729282865050717,0,20260726T102553,2026-07-26T10:26:41.694234+00:00
C-cd400da0,0.8621406339559466,1,20260726T102553,2026-07-26T10:26:41.694234+00:00
C-57427b46,0.7549573981930562,1,20260726T102553,2026-07-26T10:26:41.694234+00:00
C-b53570a6,0.20144159710436316,0,20260726T102553,2026-07-26T10:26:41.694234+00:00
C-214ce8f7,0.1576081406591701,0,20260726T102553,2026-07-26T10:26:41.694234+00:00
C-547d9b07,0.02280859661976102,0,20260726T102553,2026-07-26T10:26:41.694234+00:00
C-6a4008c6,0.19072930777560754,0,20260726T102553,2026-07-26T10:26:41.694234+00:00
C-8b5e2c17,0.35556569417556866,0,20260726T102553,2026-07-26T10:26:41.694234+00:00
C-afc5d0e6,0.6215503401859368,1,20260726T102553,2026-07-26T10:26:41.694234+00:00
C-b982ac72,0.4578463519945874,0,20260726T102553,2026-07-26T10:26:41.694234+00:00
C-8b1247b9,0.25353348602021264,0,20260726T102553,2026-07-26T10:26:41.694234+00:00
C-bdfc1ea5,0.09894221999255097,0,20260726T102553,2026-07-26T10:26:41.694234+00:00
C-3313df52,0.33252659130439977,0,20260726T102553,2026-07-26T10:26:41.694234+00:00
C-682d805c,0.3818593463725216,0,20260726T102553,2026-07-26T10:26:41.694234+00:00
C-09efee76,0.7047103870840996,1,20260726T102553,2026-07-26T10:26:41.694234+00:00
C-7addb19c,0.9137076260453075,1,20260726T102553,2026-07-26T10:26:41.694234+00:00
C-f683aacc,0.7948818436838777,1,20260726T102553,2026-07-26T10:26:41.694234+00:00
C-88498142,0.7928045850014922,1,20260726T102553,2026-07-26T10:26:41.694234+00:00
C-a07bced3,0.08394832802079455,0,20260726T102553,2026-07-26T10:26:41.694234+00:00
C-5dea2ea6,0.09158048686120905,0,20260726T102553,2026-07-26T10:26:41.694234+00:00
C-25bae709,0.7440471772158063,1,20260726T102553,2026-07-26T10:26:41.694234+00:00
C-d6a9b4aa,0.4153216685599154,0,20260726T102553,2026-07-26T10:26:41.694234+00:00
C-1c03f52f,0.765347652728171,1,20260726T102553,2026-07-26T10:26:41.694234+00:00
C-c19125d8,0.18042462564936002,0,20260726T102553,2026-07-26T10:26:41.694234+00:00
C-23608c9f,0.6377226178163807,1,20260726T102553,2026-07-26T10:26:41.694234+00:00
C-7bd7f37e,0.029405281397566683,0,20260726T102553,2026-07-26T10:26:41.694234+00:00
C-3b71a5e1,0.9200306556811453,1,20260726T102553,2026-07-26T10:26:41.694234+00:00
C-78a901bb,0.3056038610417768,0,20260726T102553,2026-07-26T10:26:41.694234+00:00
C-72c46a50,0.23516459492985167,0,20260726T102553,2026-07-26T10:26:41.694234+00:00
C-2d8f8ae2,0.8473139790366626,1,20260726T102553,2026-07-26T10:26:41.694234+00:00
C-b0eb86db,0.03750918276634078,0,20260726T102553,2026-07-26T10:26:41.694234+00:00
C-67d8b575,0.7071776649868714,1,20260726T102553,2026-07-26T10:26:41.694234+00:00
C-bdd93045,0.5106469500223122,1,20260726T102553,2026-07-26T10:26:41.694234+00:00
C-a0d6f7c4,0.7957278718106172,1,20260726T102553,2026-07-26T10:26:41.694234+00:00
C-78fdf518,0.34315522710235075,0,20260726T102553,2026-07-26T10:26:41.694234+00:00
C-8afb7a25,0.05101954937897789,0,20260726T102553,2026-07-26T10:26:41.694234+00:00
C-80cdc699,0.885293700267806,1,20260726T102553,2026-07-26T10:26:41.694234+00:00
C-f3e68d6f,0.7017042776516893,1,20260726T102553,2026-07-26T10:26:41.694234+00:00
C-62efb0f1,0.34088068793964676,0,20260726T102553,2026-07-26T10:26:41.694234+00:00
C-af41d735,0.16830408162385257,0,20260726T102553,2026-07-26T10:26:41.694234+00:00
C-126967d2,0.90473404192061,1,20260726T102553,2026-07-26T10:26:41.694234+00:00
C-55602ccc,0.4727721886359678,0,20260726T102553,2026-07-26T10:26:41.694234+00:00
C-d5d4459f,0.5121232296592478,1,20260726T102553,2026-07-26T10:26:41.694234+00:00
C-44b3457f,0.021133036190558674,0,20260726T102553,2026-07-26T10:26:41.694234+00:00
C-95d8a6cf,0.3261202918730415,0,20260726T102553,2026-07-26T10:26:41.694234+00:00
C-22475a7c,0.14918220458905376,0,20260726T102553,2026-07-26T10:26:41.694234+00:00
C-1d60c91a,0.36995827643633433,0,20260726T102553,2026-07-26T10:26:41.694234+00:00
C-ac37d7c6,0.7530782447549925,1,20260726T102553,2026-07-26T10:26:41.694234+00:00
C-2bbcd466,0.047172550837952465,0,20260726T102553,2026-07-26T10:26:41.694234+00:00
C-19ef2e53,0.3916424122337952,0,20260726T102553,2026-07-26T10:26:41.694234+00:00
C-5afe1a6b,0.5044432521485038,1,20260726T102553,2026-07-26T10:26:41.694234+00:00
C-1b092bf4,0.4719834008599556,0,20260726T102553,2026-07-26T10:26:41.694234+00:00
C-b3deb554,0.09702442807284833,0,20260726T102553,2026-07-26T10:26:41.694234+00:00
C-b1e43abb,0.021708080305873973,0,20260726T102553,2026-07-26T10:26:41.694234+00:00
C-43db23ab,0.19245701270479598,0,20260726T102553,2026-07-26T10:26:41.694234+00:00
C-85ea6c43,0.6094053520069002,1,20260726T102553,2026-07-26T10:26:41.694234+00:00
C-342b4b2a,0.8079018582695149,1,20260726T102553,2026-07-26T10:26:41.694234+00:00
C-af68866e,0.09267767247708569,0,20260726T102553,2026-07-26T10:26:41.694234+00:00
C-9c5b6da4,0.3058828075573353,0,20260726T102553,2026-07-26T10:26:41.694234+00:00
C-fd3667ea,0.8866067540549184,1,20260726T102553,2026-07-26T10:26:41.694234+00:00
C-0e8a49d8,0.1600886096802982,0,20260726T102553,2026-07-26T10:26:41.694234+00:00
C-4fe4ee98,0.5304879344951454,1,20260726T102553,2026-07-26T10:26:41.694234+00:00
C-b46d50f6,0.7119524495863627,1,20260726T102553,2026-07-26T10:26:41.694234+00:00
C-32a6dc1b,0.33356826176934956,0,20260726T102553,2026-07-26T10:26:41.694234+00:00
C-eba7be05,0.3309747086900738,0,20260726T102553,2026-07-26T10:26:41.694234+00:00
C-0bdfaedd,0.09967341592300409,0,20260726T102553,2026-07-26T10:26:41.694234+00:00
C-8e6f103c,0.46179633727186997,0,20260726T102553,2026-07-26T10:26:41.694234+00:00
C-f5c179e1,0.1724136579165427,0,20260726T102553,2026-07-26T10:26:41.694234+00:00
C-3ec5b45e,0.6603057859961942,1,20260726T102553,2026-07-26T10:26:41.694234+00:00
C-d4355306,0.7699641095327417,1,20260726T102553,2026-07-26T10:26:41.694234+00:00
C-31a3e88b,0.35340377492488473,0,20260726T102553,2026-07-26T10:26:41.694234+00:00
C-3e0698db,0.836923092650519,1,20260726T102553,2026-07-26T10:26:41.694234+00:00
C-94914a81,0.2144847226612445,0,20260726T102553,2026-07-26T10:26:41.694234+00:00
C-b34d1c11,0.04265334467719467,0,20260726T102553,2026-07-26T10:26:41.694234+00:00
C-4ca7db86,0.7566539401925926,1,20260726T102553,2026-07-26T10:26:41.694234+00:00
C-c372c4b2,0.7344469631829328,1,20260726T102553,2026-07-26T10:26:41.694234+00:00
C-e344e64e,0.712492474000435,1,20260726T102553,2026-07-26T10:26:41.694234+00:00
C-c4d794a5,0.06344367793486644,0,20260726T102553,2026-07-26T10:26:41.694234+00:00
C-9f75da31,0.538710493398891,1,20260726T102553,2026-07-26T10:26:41.694234+00:00
C-7f0afcb1,0.4517513336856156,0,20260726T102553,2026-07-26T10:26:41.694234+00:00
C-e3a8fb10,0.6529912654087576,1,20260726T102553,2026-07-26T10:26:41.694234+00:00
C-234e0940,0.7745865481646046,1,20260726T102553,2026-07-26T10:26:41.694234+00:00
C-ec08be1d,0.6109143585290575,1,20260726T102553,2026-07-26T10:26:41.694234+00:00
C-5b382d6a,0.9248335615822431,1,20260726T102553,2026-07-26T10:26:41.694234+00:00
C-2c17b402,0.91395457334705,1,20260726T102553,2026-07-26T10:26:41.694234+00:00
C-98b769c0,0.44247390121217306,0,20260726T102553,2026-07-26T10:26:41.694234+00:00
C-09f4c697,0.06877298859087652,0,20260726T102553,2026-07-26T10:26:41.694234+00:00
C-9a38f9f2,0.12324082560077047,0,20260726T102553,2026-07-26T10:26:41.694234+00:00
C-dd7f5b89,0.29096351368289164,0,20260726T102553,2026-07-26T10:26:41.694234+00:00
C-3fec5c8a,0.4018388678198,0,20260726T102553,2026-07-26T10:26:41.694234+00:00
C-6fd3861a,0.32203401831200107,0,20260726T102553,2026-07-26T10:26:41.694234+00:00
C-e60752fb,0.2256154725438557,0,20260726T102553,2026-07-26T10:26:41.694234+00:00
C-4c2fad0e,0.6262718227394999,1,20260726T102553,2026-07-26T10:26:41.694234+00:00
C-d1801b48,0.08280937075224405,0,20260726T102553,2026-07-26T10:26:41.694234+00:00
C-158f941e,0.8227893248405956,1,20260726T102553,2026-07-26T10:26:41.694234+00:00
C-f450ab5e,0.6134785726961054,1,20260726T102553,2026-07-26T10:26:41.694234+00:00
C-75a4d1e6,0.10067178269880413,0,20260726T102553,2026-07-26T10:26:41.694234+00:00
C-14e98d80,0.3163438007318649,0,20260726T102553,2026-07-26T10:26:41.694234+00:00
C-801cd0d6,0.20846785556783948,0,20260726T102553,2026-07-26T10:26:41.694234+00:00
C-e57e710f,0.19268846206949727,0,20260726T102553,2026-07-26T10:26:41.694234+00:00
C-b822ade7,0.0777311304093067,0,20260726T102553,2026-07-26T10:26:41.694234+00:00
C-bfe50b48,0.28509890337998595,0,20260726T102553,2026-07-26T10:26:41.694234+00:00
C-1b53c60a,0.7939349378733033,1,20260726T102553,2026-07-26T10:26:41.694234+00:00
C-75729b2a,0.3561170594571314,0,20260726T102553,2026-07-26T10:26:41.694234+00:00
C-21dd1b09,0.2933032963342958,0,20260726T102553,2026-07-26T10:26:41.694234+00:00
C-a2cde29c,0.4942897883321796,0,20260726T102553,2026-07-26T10:26:41.694234+00:00
C-2e587b32,0.4635627729208592,0,20260726T102553,2026-07-26T10:26:41.694234+00:00
C-f63b5651,0.6044046717517264,1,20260726T102553,2026-07-26T10:26:41.694234+00:00
C-11c862ce,0.6881639391606837,1,20260726T102553,2026-07-26T10:26:41.694234+00:00
C-0f5af003,0.731392405348377,1,20260726T102553,2026-07-26T10:26:41.694234+00:00
C-f342b971,0.6973477434393843,1,20260726T102553,2026-07-26T10:26:41.694234+00:00
C-42468e9a,0.7463468927362356,1,20260726T102553,2026-07-26T10:26:41.694234+00:00
C-792eb57d,0.7632661143076575,1,20260726T102553,2026-07-26T10:26:41.694234+00:00
C-ea455ed0,0.738682068774437,1,20260726T102553,2026-07-26T10:26:41.694234+00:00
C-6e91e045,0.7376810956451386,1,20260726T102553,2026-07-26T10:26:41.694234+00:00
C-5c24c260,0.648854482718149,1,20260726T102553,2026-07-26T10:26:41.694234+00:00
C-ef2ed95f,0.31188153348241154,0,20260726T102553,2026-07-26T10:26:41.694234+00:00
C-18be1615,0.022370752069670256,0,20260726T102553,2026-07-26T10:26:41.694234+00:00
C-38babeb5,0.840799326787192,1,20260726T102553,2026-07-26T10:26:41.694234+00:00
C-16c6acd9,0.08388214464967499,0,20260726T102553,2026-07-26T10:26:41.694234+00:00
C-aa50153b,0.4260459527778295,0,20260726T102553,2026-07-26T10:26:41.694234+00:00
C-ec90aeb1,0.8925976642223131,1,20260726T102553,2026-07-26T10:26:41.694234+00:00
C-9a696b6a,0.13115887339573096,0,20260726T102553,2026-07-26T10:26:41.694234+00:00
C-e6c98fdf,0.07148168871955411,0,20260726T102553,2026-07-26T10:26:41.694234+00:00
C-6bf30b40,0.7546515306483911,1,20260726T102553,2026-07-26T10:26:41.694234+00:00
C-0ec7eab5,0.6072868647522955,1,20260726T102553,2026-07-26T10:26:41.694234+00:00
C-70a0f603,0.4681405423058708,0,20260726T102553,2026-07-26T10:26:41.694234+00:00
C-c004d72a,0.606339165378637,1,20260726T102553,2026-07-26T10:26:41.694234+00:00
C-7bcca4ba,0.9033920603435824,1,20260726T102553,2026-07-26T10:26:41.694234+00:00
C-54acd3d1,0.28374322845336114,0,20260726T102553,2026-07-26T10:26:41.694234+00:00
C-402a04d7,0.05583968888802715,0,20260726T102553,2026-07-26T10:26:41.694234+00:00
C-b8c3a5f4,0.30697753741799483,0,20260726T102553,2026-07-26T10:26:41.694234+00:00
C-fb3f6814,0.6989938315807414,1,20260726T102553,2026-07-26T10:26:41.694234+00:00
C-e15e2a6f,0.8067599697672837,1,20260726T102553,2026-07-26T10:26:41.694234+00:00
C-cafef4ab,0.2431269307543548,0,20260726T102553,2026-07-26T10:26:41.694234+00:00
C-cba6138e,0.039706858249294104,0,20260726T102553,2026-07-26T10:26:41.694234+00:00
C-c109145f,0.03721484448966537,0,20260726T102553,2026-07-26T10:26:41.694234+00:00
C-d9308405,0.0280990449826705,0,20260726T102553,2026-07-26T10:26:41.694234+00:00
C-6b3af5eb,0.07361206964392354,0,20260726T102553,2026-07-26T10:26:41.694234+00:00
C-c8b981c5,0.22437451704955783,0,20260726T102553,2026-07-26T10:26:41.694234+00:00
C-363abac4,0.14012122577172564,0,20260726T102553,2026-07-26T10:26:41.694234+00:00
C-5760de57,0.22841209714558217,0,20260726T102553,2026-07-26T10:26:41.694234+00:00
C-d9b49036,0.48098172319680027,0,20260726T102553,2026-07-26T10:26:41.694234+00:00
C-31f95ec6,0.6546977550248692,1,20260726T102553,2026-07-26T10:26:41.694234+00:00
C-4f41a4ea,0.32133087675817,0,20260726T102553,2026-07-26T10:26:41.694234+00:00
C-694a3eb2,0.6448781194803499,1,20260726T102553,2026-07-26T10:26:41.694234+00:00
C-75f99aba,0.3927669328772999,0,20260726T102553,2026-07-26T10:26:41.694234+00:00
C-7fcac377,0.43295711266518105,0,20260726T102553,2026-07-26T10:26:41.694234+00:00
C-4c7cdac9,0.046385977215802364,0,20260726T102553,2026-07-26T10:26:41.694234+00:00
C-4c4691b4,0.6915132235107382,1,20260726T102553,2026-07-26T10:26:41.694234+00:00
C-c096bc87,0.3971303998696775,0,20260726T102553,2026-07-26T10:26:41.694234+00:00
C-9a314b31,0.27265039042372524,0,20260726T102553,2026-07-26T10:26:41.694234+00:00
C-46af1268,0.16262236999231724,0,20260726T102553,2026-07-26T10:26:41.694234+00:00
C-094bc31c,0.3769451085538057,0,20260726T102553,2026-07-26T10:26:41.694234+00:00
C-c6adc90a,0.5198898109054543,1,20260726T102553,2026-07-26T10:26:41.694234+00:00
C-5ddc9eb2,0.870030418263782,1,20260726T102553,2026-07-26T10:26:41.694234+00:00
C-d79c7563,0.237883586901076,0,20260726T102553,2026-07-26T10:26:41.694234+00:00
C-c2d1474a,0.40994882734563204,0,20260726T102553,2026-07-26T10:26:41.694234+00:00
C-90d5ec79,0.8905215259347669,1,20260726T102553,2026-07-26T10:26:41.694234+00:00
C-82aa34eb,0.10416526355644029,0,20260726T102553,2026-07-26T10:26:41.694234+00:00
C-89fd9c07,0.697736572802434,1,20260726T102553,2026-07-26T10:26:41.694234+00:00
C-52a5483e,0.923796210540717,1,20260726T102553,2026-07-26T10:26:41.694234+00:00
C-6feedd0c,0.15025817021547191,0,20260726T102553,2026-07-26T10:26:41.694234+00:00
C-9daadbdb,0.83385570828851,1,20260726T102553,2026-07-26T10:26:41.694234+00:00
C-a5017b05,0.13440658674188327,0,20260726T102553,2026-07-26T10:26:41.694234+00:00
C-853aee40,0.9449481701381744,1,20260726T102553,2026-07-26T10:26:41.694234+00:00
C-92560b5a,0.7871934440972418,1,20260726T102553,2026-07-26T10:26:41.694234+00:00
C-5f1dbd99,0.3908645089298671,0,20260726T102553,2026-07-26T10:26:41.694234+00:00
C-822939f5,0.02314287413166677,0,20260726T102553,2026-07-26T10:26:41.694234+00:00
C-3041deab,0.8284773053220444,1,20260726T102553,2026-07-26T10:26:41.694234+00:00
C-f220f8db,0.5446962110343087,1,20260726T102553,2026-07-26T10:26:41.694234+00:00
C-4207bf5f,0.38769760424748334,0,20260726T102553,2026-07-26T10:26:41.694234+00:00
C-32eb0ffa,0.022943506518803676,0,20260726T102553,2026-07-26T10:26:41.694234+00:00
C-5f4b1f1b,0.48388235034050747,0,20260726T102553,2026-07-26T10:26:41.694234+00:00
C-f0f840c6,0.028180897505939335,0,20260726T102553,2026-07-26T10:26:41.694234+00:00
C-9d6fee9c,0.18885281775156817,0,20260726T102553,2026-07-26T10:26:41.694234+00:00
C-114a59d2,0.35914963473084743,0,20260726T102553,2026-07-26T10:26:41.694234+00:00
C-299bec74,0.021446962941095247,0,20260726T102553,2026-07-26T10:26:41.694234+00:00
C-4ecc8a56,0.3985125797860147,0,20260726T102553,2026-07-26T10:26:41.694234+00:00
C-86df7340,0.6644649027768522,1,20260726T102553,2026-07-26T10:26:41.694234+00:00
C-c0fbdb5d,0.3284434427520111,0,20260726T102553,2026-07-26T10:26:41.694234+00:00
C-a26051d0,0.17658640798708472,0,20260726T102553,2026-07-26T10:26:41.694234+00:00
C-a53a91b2,0.7523362825263301,1,20260726T102553,2026-07-26T10:26:41.694234+00:00
C-ddf39557,0.7095874656839473,1,20260726T102553,2026-07-26T10:26:41.694234+00:00
C-606d4e40,0.30553460724006404,0,20260726T102553,2026-07-26T10:26:41.694234+00:00
C-981092e3,0.613375313511319,1,20260726T102553,2026-07-26T10:26:41.694234+00:00
C-5fa83005,0.6932271397598246,1,20260726T102553,2026-07-26T10:26:41.694234+00:00
C-696dab5c,0.7090313983807618,1,20260726T102553,2026-07-26T10:26:41.694234+00:00
C-6b885bc3,0.5732283484012665,1,20260726T102553,2026-07-26T10:26:41.694234+00:00
C-738f74db,0.7065217889998048,1,20260726T102553,2026-07-26T10:26:41.694234+00:00
C-da8ae8d9,0.6494903341882412,1,20260726T102553,2026-07-26T10:26:41.694234+00:00
C-82a133b0,0.1310616294875657,0,20260726T102553,2026-07-26T10:26:41.694234+00:00
C-eb9b955a,0.5523697357390613,1,20260726T102553,2026-07-26T10:26:41.694234+00:00
C-4f16d836,0.718640653122071,1,20260726T102553,2026-07-26T10:26:41.694234+00:00
C-40ec065a,0.05763425292865189,0,20260726T102553,2026-07-26T10:26:41.694234+00:00
C-8f29607b,0.10659719954340194,0,20260726T102553,2026-07-26T10:26:41.694234+00:00
C-3a7ae5fd,0.23867077108370274,0,20260726T102553,2026-07-26T10:26:41.694234+00:00
C-9e0fe49d,0.5044122607803692,1,20260726T102553,2026-07-26T10:26:41.694234+00:00
C-bbe63d9d,0.36573573688089583,0,20260726T102553,2026-07-26T10:26:41.694234+00:00
C-bfcecc4f,0.028370899789057116,0,20260726T102553,2026-07-26T10:26:41.694234+00:00
C-721fead3,0.6519219200273026,1,20260726T102553,2026-07-26T10:26:41.694234+00:00
C-1d9e977e,0.6170516898392133,1,20260726T102553,2026-07-26T10:26:41.694234+00:00
C-d0ef3628,0.10551859520399184,0,20260726T102553,2026-07-26T10:26:41.694234+00:00
C-f0139e5c,0.7496974470296547,1,20260726T102553,2026-07-26T10:26:41.694234+00:00
C-03ddcd28,0.7676556643820474,1,20260726T102553,2026-07-26T10:26:41.694234+00:00
C-cf732edf,0.864437085516067,1,20260726T102553,2026-07-26T10:26:41.694234+00:00
C-c49eb82e,0.7442042708796432,1,20260726T102553,2026-07-26T10:26:41.694234+00:00
C-20382b30,0.040737147022726794,0,20260726T102553,2026-07-26T10:26:41.694234+00:00
C-e904b0c1,0.4923173417946461,0,20260726T102553,2026-07-26T10:26:41.694234+00:00
C-01f4d70c,0.5484996704596041,1,20260726T102553,2026-07-26T10:26:41.694234+00:00
C-6d8303d4,0.8737260681446245,1,20260726T102553,2026-07-26T10:26:41.694234+00:00
C-185051c5,0.2206793330859994,0,20260726T102553,2026-07-26T10:26:41.694234+00:00
C-b0fff573,0.03745560549404101,0,20260726T102553,2026-07-26T10:26:41.694234+00:00
C-acf847a7,0.34011396433510827,0,20260726T102553,2026-07-26T10:26:41.694234+00:00
C-d3f69bcd,0.23992005361184388,0,20260726T102553,2026-07-26T10:26:41.694234+00:00
C-efe67cc7,0.40571539659984457,0,20260726T102553,2026-07-26T10:26:41.694234+00:00
C-183fab43,0.8349798521286369,1,20260726T102553,2026-07-26T10:26:41.694234+00:00
C-7337b068,0.3752224210242754,0,20260726T102553,2026-07-26T10:26:41.694234+00:00
C-4ae6d03d,0.5221435118848162,1,20260726T102553,2026-07-26T10:26:41.694234+00:00
C-783dd805,0.6947937811752356,1,20260726T102553,2026-07-26T10:26:41.694234+00:00
C-34097dcc,0.045005228918805214,0,20260726T102553,2026-07-26T10:26:41.694234+00:00
C-13fc1dc0,0.4880884496884324,0,20260726T102553,2026-07-26T10:26:41.694234+00:00
C-cb402e65,0.306956520572096,0,20260726T102553,2026-07-26T10:26:41.694234+00:00
C-00752d0d,0.7472244220309566,1,20260726T102553,2026-07-26T10:26:41.694234+00:00
C-bb369075,0.5150746382258848,1,20260726T102553,2026-07-26T10:26:41.694234+00:00
C-362e9fc0,0.10196104527086024,0,20260726T102553,2026-07-26T10:26:41.694234+00:00
C-4094ae66,0.16541543470309292,0,20260726T102553,2026-07-26T10:26:41.694234+00:00
C-cc3d5395,0.06222115241657043,0,20260726T102553,2026-07-26T10:26:41.694234+00:00
C-e4b3ad4f,0.8932977302388222,1,20260726T102553,2026-07-26T10:26:41.694234+00:00
C-f7f2ba34,0.0370097613654063,0,20260726T102553,2026-07-26T10:26:41.694234+00:00
C-3c45b461,0.050419234229260514,0,20260726T102553,2026-07-26T10:26:41.694234+00:00
C-59a31998,0.5990817932581234,1,20260726T102553,2026-07-26T10:26:41.694234+00:00
C-04985e4d,0.6544720904646906,1,20260726T102553,2026-07-26T10:26:41.694234+00:00
C-1dd542a2,0.02940518972182057,0,20260726T102553,2026-07-26T10:26:41.694234+00:00
C-a06ac0c7,0.7709916515444697,1,20260726T102553,2026-07-26T10:26:41.694234+00:00
C-465c5edf,0.40331203113095326,0,20260726T102553,2026-07-26T10:26:41.694234+00:00
C-4b52746e,0.6007939557447733,1,20260726T102553,2026-07-26T10:26:41.694234+00:00
C-eaadb071,0.5251366638178473,1,20260726T102553,2026-07-26T10:26:41.694234+00:00
C-7cefa169,0.8477026022294708,1,20260726T102553,2026-07-26T10:26:41.694234+00:00
C-114be3b5,0.38143435335866965,0,20260726T102553,2026-07-26T10:26:41.694234+00:00
C-744f77c2,0.8327262768553673,1,20260726T102553,2026-07-26T10:26:41.694234+00:00
C-e4ba9335,0.022815015095027927,0,20260726T102553,2026-07-26T10:26:41.694234+00:00
C-2e27cfba,0.0310028516292724,0,20260726T102553,2026-07-26T10:26:41.694234+00:00
C-288d7a42,0.4797561639898792,0,20260726T102553,2026-07-26T10:26:41.694234+00:00
C-c3c63516,0.19123534090174346,0,20260726T102553,2026-07-26T10:26:41.694234+00:00
C-7eabe6a8,0.02813767573697756,0,20260726T102553,2026-07-26T10:26:41.694234+00:00
C-1e263d70,0.5817954227758927,1,20260726T102553,2026-07-26T10:26:41.694234+00:00
C-32a91a87,0.10344519682090345,0,20260726T102553,2026-07-26T10:26:41.694234+00:00
C-e66576aa,0.8282851224201547,1,20260726T102553,2026-07-26T10:26:41.694234+00:00
C-9ebc305f,0.38390247601855665,0,20260726T102553,2026-07-26T10:26:41.694234+00:00
C-5b2e656e,0.7466032036324796,1,20260726T102553,2026-07-26T10:26:41.694234+00:00
C-941f6272,0.7930931789292546,1,20260726T102553,2026-07-26T10:26:41.694234+00:00
C-2c93cb34,0.29888431375364327,0,20260726T102553,2026-07-26T10:26:41.694234+00:00
C-17b7f927,0.12747465059876675,0,20260726T102553,2026-07-26T10:26:41.694234+00:00
C-75c49add,0.42374194059076636,0,20260726T102553,2026-07-26T10:26:41.694234+00:00
C-d9616fbe,0.24686194364438235,0,20260726T102553,2026-07-26T10:26:41.694234+00:00
C-207c46fb,0.7605839625010953,1,20260726T102553,2026-07-26T10:26:41.694234+00:00
C-ba59997a,0.027322696583490583,0,20260726T102553,2026-07-26T10:26:41.694234+00:00
C-bb8e6738,0.7983405668145633,1,20260726T102553,2026-07-26T10:26:41.694234+00:00
C-16fed101,0.04809216423018803,0,20260726T102553,2026-07-26T10:26:41.694234+00:00
C-aa915cba,0.5984595645410415,1,20260726T102553,2026-07-26T10:26:41.694234+00:00
C-50fdf398,0.4316152048042271,0,20260726T102553,2026-07-26T10:26:41.694234+00:00
C-e0daa984,0.6097813158653465,1,20260726T102553,2026-07-26T10:26:41.694234+00:00
C-11ffa440,0.5854888041112074,1,20260726T102553,2026-07-26T10:26:41.694234+00:00
C-38586f32,0.3821575891338087,0,20260726T102553,2026-07-26T10:26:41.694234+00:00
C-faa81a8b,0.020603939663569642,0,20260726T102553,2026-07-26T10:26:41.694234+00:00
C-61cb86ba,0.12746150613389526,0,20260726T102553,2026-07-26T10:26:41.694234+00:00
C-91022560,0.39816069793156356,0,20260726T102553,2026-07-26T10:26:41.694234+00:00
C-46e389bb,0.5266764508485192,1,20260726T102553,2026-07-26T10:26:41.694234+00:00
C-9c067cf2,0.06352656034720591,0,20260726T102553,2026-07-26T10:26:41.694234+00:00
C-1d09188c,0.3770620385961345,0,20260726T102553,2026-07-26T10:26:41.694234+00:00
C-026b730e,0.3006538284319985,0,20260726T102553,2026-07-26T10:26:41.694234+00:00
C-cad02b62,0.5141592268393876,1,20260726T102553,2026-07-26T10:26:41.694234+00:00
C-abe51e7c,0.5971143466839809,1,20260726T102553,2026-07-26T10:26:41.694234+00:00
C-333c2296,0.3349833927311174,0,20260726T102553,2026-07-26T10:26:41.694234+00:00
C-8c4645ff,0.5986591725328232,1,20260726T102553,2026-07-26T10:26:41.694234+00:00
C-40d3817a,0.03848265187162622,0,20260726T102553,2026-07-26T10:26:41.694234+00:00
C-9b720c4f,0.3919991539258944,0,20260726T102553,2026-07-26T10:26:41.694234+00:00
C-80203371,0.6519887103999268,1,20260726T102553,2026-07-26T10:26:41.694234+00:00
C-95b0c956,0.7864771600933449,1,20260726T102553,2026-07-26T10:26:41.694234+00:00
C-40a38dc7,0.01983618715966307,0,20260726T102553,2026-07-26T10:26:41.694234+00:00
C-5d2de549,0.6990299121172627,1,20260726T102553,2026-07-26T10:26:41.694234+00:00
C-173bbf61,0.4136873545674821,0,20260726T102553,2026-07-26T10:26:41.694234+00:00
C-9134c88e,0.773859008562585,1,20260726T102553,2026-07-26T10:26:41.694234+00:00
C-5632bac1,0.7823628107078187,1,20260726T102553,2026-07-26T10:26:41.694234+00:00
C-d2be3802,0.3381544710535107,0,20260726T102553,2026-07-26T10:26:41.694234+00:00
C-f6ccdb97,0.4659415905259978,0,20260726T102553,2026-07-26T10:26:41.694234+00:00
C-09670277,0.1325298389291232,0,20260726T102553,2026-07-26T10:26:41.694234+00:00
C-1db867a1,0.4454269181068833,0,20260726T102553,2026-07-26T10:26:41.694234+00:00
C-1e8dc630,0.458575710337517,0,20260726T102553,2026-07-26T10:26:41.694234+00:00
C-efcef784,0.938254413861236,1,20260726T102553,2026-07-26T10:26:41.694234+00:00
C-2bb65353,0.6260193971092896,1,20260726T102553,2026-07-26T10:26:41.694234+00:00
C-75dcc2a7,0.7261816116145934,1,20260726T102553,2026-07-26T10:26:41.694234+00:00
C-b46c12fe,0.8462456132812065,1,20260726T102553,2026-07-26T10:26:41.694234+00:00
C-0583ceac,0.4515284135030036,0,20260726T102553,2026-07-26T10:26:41.694234+00:00
C-554599e0,0.709233381472682,1,20260726T102553,2026-07-26T10:26:41.694234+00:00
C-13ac5978,0.24550637862576824,0,20260726T102553,2026-07-26T10:26:41.694234+00:00
C-ed0a0012,0.23862290915233073,0,20260726T102553,2026-07-26T10:26:41.694234+00:00
C-3cc29d6d,0.37941140433726817,0,20260726T102553,2026-07-26T10:26:41.694234+00:00
C-4745ae53,0.8403184129686311,1,20260726T102553,2026-07-26T10:26:41.694234+00:00
C-5204e75a,0.34954906656661766,0,20260726T102553,2026-07-26T10:26:41.694234+00:00
C-b5a9a8b7,0.31870446354354115,0,20260726T102553,2026-07-26T10:26:41.694234+00:00
C-b2911b2d,0.04274150858590521,0,20260726T102553,2026-07-26T10:26:41.694234+00:00
C-34170b2d,0.8803212030211192,1,20260726T102553,2026-07-26T10:26:41.694234+00:00
C-08cb15e4,0.05085490746379749,0,20260726T102553,2026-07-26T10:26:41.694234+00:00
C-6aa7e96e,0.6424248657551699,1,20260726T102553,2026-07-26T10:26:41.694234+00:00
C-ce492166,0.09310742861761047,0,20260726T102553,2026-07-26T10:26:41.694234+00:00
C-ed57470a,0.9166421724286532,1,20260726T102553,2026-07-26T10:26:41.694234+00:00
C-b1cd4d76,0.03885912532830771,0,20260726T102553,2026-07-26T10:26:41.694234+00:00
C-2c2d29ca,0.27849999780944307,0,20260726T102553,2026-07-26T10:26:41.694234+00:00
C-06964c93,0.9082838612120496,1,20260726T102553,2026-07-26T10:26:41.694234+00:00
C-ab97b125,0.7539469618665797,1,20260726T102553,2026-07-26T10:26:41.694234+00:00
C-fdfa97f6,0.8888811834297872,1,20260726T102553,2026-07-26T10:26:41.694234+00:00
C-b83ddf05,0.3300692144648408,0,20260726T102553,2026-07-26T10:26:41.694234+00:00
C-5a8cf44b,0.05072204799440156,0,20260726T102553,2026-07-26T10:26:41.694234+00:00
C-b98f2753,0.36567227707072725,0,20260726T102553,2026-07-26T10:26:41.694234+00:00
C-367fa335,0.036669003995243296,0,20260726T102553,2026-07-26T10:26:41.694234+00:00
C-bb3b1d48,0.5083699544025014,1,20260726T102553,2026-07-26T10:26:41.694234+00:00
C-1850f7e4,0.8457596069807096,1,20260726T102553,2026-07-26T10:26:41.694234+00:00
C-554a00b4,0.05294321746803432,0,20260726T102553,2026-07-26T10:26:41.694234+00:00
C-1769ff7b,0.4289049082970294,0,20260726T102553,2026-07-26T10:26:41.694234+00:00
C-8ebd08cd,0.39154599389238903,0,20260726T102553,2026-07-26T10:26:41.694234+00:00
C-e4d5be64,0.4006369887412157,0,20260726T102553,2026-07-26T10:26:41.694234+00:00
C-2e83ca0a,0.027463425716980943,0,20260726T102553,2026-07-26T10:26:41.694234+00:00
C-49e0b5e6,0.3614085435658941,0,20260726T102553,2026-07-26T10:26:41.694234+00:00
C-ffc36a7e,0.7298016887193842,1,20260726T102553,2026-07-26T10:26:41.694234+00:00
C-9b2a8ddd,0.8626245933547312,1,20260726T102553,2026-07-26T10:26:41.694234+00:00
C-a810af06,0.3950074267691413,0,20260726T102553,2026-07-26T10:26:41.694234+00:00
C-1eef5bf6,0.6982954996094957,1,20260726T102553,2026-07-26T10:26:41.694234+00:00
C-b5ca3440,0.5777145359465602,1,20260726T102553,2026-07-26T10:26:41.694234+00:00
C-1b92e4f3,0.7541419995045747,1,20260726T102553,2026-07-26T10:26:41.694234+00:00
C-61dd0a53,0.5164843313595443,1,20260726T102553,2026-07-26T10:26:41.694234+00:00
C-a194be32,0.4380087880510629,0,20260726T102553,2026-07-26T10:26:41.694234+00:00
C-e254b5ca,0.7541228119230656,1,20260726T102553,2026-07-26T10:26:41.694234+00:00
C-eb61d36d,0.5819638485268829,1,20260726T102553,2026-07-26T10:26:41.694234+00:00
C-6002fe4e,0.9401791784907196,1,20260726T102553,2026-07-26T10:26:41.694234+00:00
C-e3a5770a,0.590841846744033,1,20260726T102553,2026-07-26T10:26:41.694234+00:00
C-5d4802e0,0.2422188239444616,0,20260726T102553,2026-07-26T10:26:41.694234+00:00
C-e00cc88e,0.747044784820902,1,20260726T102553,2026-07-26T10:26:41.694234+00:00
C-45e18f50,0.0797457685723685,0,20260726T102553,2026-07-26T10:26:41.694234+00:00
C-8126eec1,0.17604982506879716,0,20260726T102553,2026-07-26T10:26:41.694234+00:00
C-30481545,0.8336702299298567,1,20260726T102553,2026-07-26T10:26:41.694234+00:00
C-43ce0915,0.20553404337291464,0,20260726T102553,2026-07-26T10:26:41.694234+00:00
C-2f79fe02,0.7788529822757706,1,20260726T102553,2026-07-26T10:26:41.694234+00:00
C-98be008c,0.054159924389273056,0,20260726T102553,2026-07-26T10:26:41.694234+00:00
C-45432aa7,0.6129194841223254,1,20260726T102553,2026-07-26T10:26:41.694234+00:00
C-78db725c,0.42341038843316037,0,20260726T102553,2026-07-26T10:26:41.694234+00:00
C-751a2100,0.028373785076370873,0,20260726T102553,2026-07-26T10:26:41.694234+00:00
C-7e12b1ab,0.854274661357521,1,20260726T102553,2026-07-26T10:26:41.694234+00:00
C-2bfc355a,0.7097111497345227,1,20260726T102553,2026-07-26T10:26:41.694234+00:00
C-3e5733f0,0.8488158759056816,1,20260726T102553,2026-07-26T10:26:41.694234+00:00
C-ded8877f,0.7901518596706445,1,20260726T102553,2026-07-26T10:26:41.694234+00:00
C-7610f4d0,0.0733372245715179,0,20260726T102553,2026-07-26T10:26:41.694234+00:00
C-59c80f89,0.8660368163473584,1,20260726T102553,2026-07-26T10:26:41.694234+00:00
C-5d437b33,0.5095955583710257,1,20260726T102553,2026-07-26T10:26:41.694234+00:00
C-2bf108c6,0.020473168112909397,0,20260726T102553,2026-07-26T10:26:41.694234+00:00
C-48a95f24,0.0918205594295484,0,20260726T102553,2026-07-26T10:26:41.694234+00:00
C-348ccbc5,0.13734414937417275,0,20260726T102553,2026-07-26T10:26:41.694234+00:00
C-2b11b653,0.7451768834769529,1,20260726T102553,2026-07-26T10:26:41.694234+00:00
C-dbcc0eb8,0.3727399238807391,0,20260726T102553,2026-07-26T10:26:41.694234+00:00
C-086eca55,0.30480835262911155,0,20260726T102553,2026-07-26T10:26:41.694234+00:00
C-993ab4ed,0.8311435049515913,1,20260726T102553,2026-07-26T10:26:41.694234+00:00
C-df6f8bf8,0.48253501112696295,0,20260726T102553,2026-07-26T10:26:41.694234+00:00
C-3c41ff23,0.4119749881123833,0,20260726T102553,2026-07-26T10:26:41.694234+00:00
C-5952c3fc,0.7659261286926937,1,20260726T102553,2026-07-26T10:26:41.694234+00:00
C-e94ecb1b,0.02259596359588556,0,20260726T102553,2026-07-26T10:26:41.694234+00:00
C-8ae499b1,0.5214361816534573,1,20260726T102553,2026-07-26T10:26:41.694234+00:00
C-dc4533b8,0.6644376542001765,1,20260726T102553,2026-07-26T10:26:41.694234+00:00
C-d6bab116,0.33787809524817464,0,20260726T102553,2026-07-26T10:26:41.694234+00:00
C-babb7376,0.15165170223805657,0,20260726T102553,2026-07-26T10:26:41.694234+00:00
C-88034639,0.8791387485767901,1,20260726T102553,2026-07-26T10:26:41.694234+00:00
C-7679af9b,0.5196586827815206,1,20260726T102553,2026-07-26T10:26:41.694234+00:00
C-4a8f1d5f,0.16810430097033757,0,20260726T102553,2026-07-26T10:26:41.694234+00:00
C-937104d4,0.30954522071977186,0,20260726T102553,2026-07-26T10:26:41.694234+00:00
C-55f05da4,0.255559708884939,0,20260726T102553,2026-07-26T10:26:41.694234+00:00
C-c39b4e24,0.9001349469519608,1,20260726T102553,2026-07-26T10:26:41.694234+00:00
C-12a3bde2,0.19133767473603439,0,20260726T102553,2026-07-26T10:26:41.694234+00:00
C-0f06bd13,0.493052223888205,0,20260726T102553,2026-07-26T10:26:41.694234+00:00
C-5af84b76,0.36704676259670393,0,20260726T102553,2026-07-26T10:26:41.694234+00:00
C-f5fbc252,0.795212433023063,1,20260726T102553,2026-07-26T10:26:41.694234+00:00
C-3f59ffb5,0.6040505908508961,1,20260726T102553,2026-07-26T10:26:41.694234+00:00
C-7b8a3d26,0.08621520538775913,0,20260726T102553,2026-07-26T10:26:41.694234+00:00
C-99115c84,0.07621627183329126,0,20260726T102553,2026-07-26T10:26:41.694234+00:00
C-d39a5c4e,0.7819306550873337,1,20260726T102553,2026-07-26T10:26:41.694234+00:00
C-3825c454,0.6056778196516938,1,20260726T102553,2026-07-26T10:26:41.694234+00:00
C-15476dd2,0.7716212536779551,1,20260726T102553,2026-07-26T10:26:41.694234+00:00
C-4ce53614,0.3734401837346868,0,20260726T102553,2026-07-26T10:26:41.694234+00:00
C-ab6667c4,0.7484316182374979,1,20260726T102553,2026-07-26T10:26:41.694234+00:00
C-2e45edc2,0.7884070624435233,1,20260726T102553,2026-07-26T10:26:41.694234+00:00
C-57e9222f,0.11318458122976745,0,20260726T102553,2026-07-26T10:26:41.694234+00:00
C-cb309427,0.2742078711550543,0,20260726T102553,2026-07-26T10:26:41.694234+00:00
C-ae962be5,0.14306376819071265,0,20260726T102553,2026-07-26T10:26:41.694234+00:00
C-e28580a0,0.3165764981352699,0,20260726T102553,2026-07-26T10:26:41.694234+00:00
C-1195d0d6,0.3534260308856868,0,20260726T102553,2026-07-26T10:26:41.694234+00:00
C-dd4f9f8d,0.35460824246347605,0,20260726T102553,2026-07-26T10:26:41.694234+00:00
C-b16fb694,0.040446940862027124,0,20260726T102553,2026-07-26T10:26:41.694234+00:00
C-978aeb7c,0.19602922632890415,0,20260726T102553,2026-07-26T10:26:41.694234+00:00
C-e7865289,0.5074334810080141,1,20260726T102553,2026-07-26T10:26:41.694234+00:00
C-64985e1d,0.12475689893763778,0,20260726T102553,2026-07-26T10:26:41.694234+00:00
C-b8fea266,0.09778691687599023,0,20260726T102553,2026-07-26T10:26:41.694234+00:00
C-fbb99871,0.5066828378184819,1,20260726T102553,2026-07-26T10:26:41.694234+00:00
C-420ba6e1,0.6444985997117295,1,20260726T102553,2026-07-26T10:26:41.694234+00:00
C-370984ef,0.48885553039098706,0,20260726T102553,2026-07-26T10:26:41.694234+00:00
C-6e3902e3,0.878406562864806,1,20260726T102553,2026-07-26T10:26:41.694234+00:00
C-58576366,0.4078146268063667,0,20260726T102553,2026-07-26T10:26:41.694234+00:00
C-94904ac7,0.9088644146220491,1,20260726T102553,2026-07-26T10:26:41.694234+00:00
C-f6795104,0.7581426590058633,1,20260726T102553,2026-07-26T10:26:41.694234+00:00
C-9ce91c61,0.6617083186176304,1,20260726T102553,2026-07-26T10:26:41.694234+00:00
C-f80aa1a7,0.09027344864662391,0,20260726T102553,2026-07-26T10:26:41.694234+00:00
C-caae421f,0.6394078748902041,1,20260726T102553,2026-07-26T10:26:41.694234+00:00
C-28e33a7d,0.7125436220038371,1,20260726T102553,2026-07-26T10:26:41.694234+00:00
C-6347be71,0.3699355922911312,0,20260726T102553,2026-07-26T10:26:41.694234+00:00
C-710af109,0.10433351291489668,0,20260726T102553,2026-07-26T10:26:41.694234+00:00
C-cdd00edd,0.09128664482443387,0,20260726T102553,2026-07-26T10:26:41.694234+00:00
C-f128be58,0.3666711066347663,0,20260726T102553,2026-07-26T10:26:41.694234+00:00
C-30d09600,0.7172268495530676,1,20260726T102553,2026-07-26T10:26:41.694234+00:00
C-b82ec0ed,0.6578055088121911,1,20260726T102553,2026-07-26T10:26:41.694234+00:00
C-b8732397,0.18691841950414925,0,20260726T102553,2026-07-26T10:26:41.694234+00:00
C-6f2fce91,0.478464387891932,0,20260726T102553,2026-07-26T10:26:41.694234+00:00
C-fefa8db4,0.029138643851027577,0,20260726T102553,2026-07-26T10:26:41.694234+00:00
C-042a131d,0.5898109163951477,1,20260726T102553,2026-07-26T10:26:41.694234+00:00
C-dbf6c808,0.3433986608619991,0,20260726T102553,2026-07-26T10:26:41.694234+00:00
C-28dc4dcf,0.6939093819056777,1,20260726T102553,2026-07-26T10:26:41.694234+00:00
C-32be7afd,0.79726352392992,1,20260726T102553,2026-07-26T10:26:41.694234+00:00
C-900d62d2,0.06796884514666963,0,20260726T102553,2026-07-26T10:26:41.694234+00:00
C-b5e60cf1,0.5148012631749417,1,20260726T102553,2026-07-26T10:26:41.694234+00:00
C-20f92e07,0.37007928704774373,0,20260726T102553,2026-07-26T10:26:41.694234+00:00
C-6ba680a6,0.7265167865787773,1,20260726T102553,2026-07-26T10:26:41.694234+00:00
C-bc20ab16,0.4913132757794275,0,20260726T102553,2026-07-26T10:26:41.694234+00:00
C-17f6f5ab,0.6070388488862254,1,20260726T102553,2026-07-26T10:26:41.694234+00:00
C-7d3bd54e,0.78489628234029,1,20260726T102553,2026-07-26T10:26:41.694234+00:00
C-0529bbd6,0.8817305577319572,1,20260726T102553,2026-07-26T10:26:41.694234+00:00
C-ffe51ea8,0.761212947060152,1,20260726T102553,2026-07-26T10:26:41.694234+00:00
C-f2983268,0.11814322110418166,0,20260726T102553,2026-07-26T10:26:41.694234+00:00
C-fc33e73f,0.536422382156085,1,20260726T102553,2026-07-26T10:26:41.694234+00:00
C-b608a5e9,0.5121347620218956,1,20260726T102553,2026-07-26T10:26:41.694234+00:00
C-2ea7b452,0.40156713807383776,0,20260726T102553,2026-07-26T10:26:41.694234+00:00
C-a2bf0fd9,0.09035121698070374,0,20260726T102553,2026-07-26T10:26:41.694234+00:00
C-82297368,0.030911515154779332,0,20260726T102553,2026-07-26T10:26:41.694234+00:00
C-baaa7dee,0.898203567173143,1,20260726T102553,2026-07-26T10:26:41.694234+00:00
C-a1b58ea5,0.09403756708174074,0,20260726T102553,2026-07-26T10:26:41.694234+00:00
C-4f586d69,0.048801269875888884,0,20260726T102553,2026-07-26T10:26:41.694234+00:00
C-527614ef,0.3030684067021265,0,20260726T102553,2026-07-26T10:26:41.694234+00:00
C-06ad8cca,0.6220779350532075,1,20260726T102553,2026-07-26T10:26:41.694234+00:00
C-27d4efa3,0.17030419040446193,0,20260726T102553,2026-07-26T10:26:41.694234+00:00
C-eb2eead2,0.502625487120271,1,20260726T102553,2026-07-26T10:26:41.694234+00:00
C-7fd15b30,0.5026725833794009,1,20260726T102553,2026-07-26T10:26:41.694234+00:00
C-d75cc12b,0.5356999280589215,1,20260726T102553,2026-07-26T10:26:41.694234+00:00
C-ea3856d2,0.48109857895089525,0,20260726T102553,2026-07-26T10:26:41.694234+00:00
C-cae1a776,0.13552964805676024,0,20260726T102553,2026-07-26T10:26:41.694234+00:00
C-2512eddf,0.6323971238649823,1,20260726T102553,2026-07-26T10:26:41.694234+00:00
C-af3d3277,0.07501712450009572,0,20260726T102553,2026-07-26T10:26:41.694234+00:00
C-2c4007e4,0.34283614484393954,0,20260726T102553,2026-07-26T10:26:41.694234+00:00
C-14b829c8,0.284758381320373,0,20260726T102553,2026-07-26T10:26:41.694234+00:00
C-08745c42,0.07726673830361064,0,20260726T102553,2026-07-26T10:26:41.694234+00:00
C-bd6609d8,0.8293787277184403,1,20260726T102553,2026-07-26T10:26:41.694234+00:00
C-65787e10,0.30833478586521024,0,20260726T102553,2026-07-26T10:26:41.694234+00:00
C-c18fd2c4,0.5868390261157764,1,20260726T102553,2026-07-26T10:26:41.694234+00:00
C-4c8eb850,0.6347735785678082,1,20260726T102553,2026-07-26T10:26:41.694234+00:00
C-8d45de97,0.4313903969655978,0,20260726T102553,2026-07-26T10:26:41.694234+00:00
C-89b5a330,0.6061475324344959,1,20260726T102553,2026-07-26T10:26:41.694234+00:00
C-31e98727,0.44185134232789725,0,20260726T102553,2026-07-26T10:26:41.694234+00:00
C-760a1249,0.10392484192876679,0,20260726T102553,2026-07-26T10:26:41.694234+00:00
C-87482a65,0.5956563444488622,1,20260726T102553,2026-07-26T10:26:41.694234+00:00
C-3158e5a1,0.3655333531766956,0,20260726T102553,2026-07-26T10:26:41.694234+00:00
C-a32d3d94,0.09953700944317213,0,20260726T102553,2026-07-26T10:26:41.694234+00:00
C-27aa5eb3,0.23030991284343966,0,20260726T102553,2026-07-26T10:26:41.694234+00:00
C-f52785a1,0.6684676161356332,1,20260726T102553,2026-07-26T10:26:41.694234+00:00
C-7b22c021,0.7906827695276338,1,20260726T102553,2026-07-26T10:26:41.694234+00:00
C-16cbffe0,0.855950563201725,1,20260726T102553,2026-07-26T10:26:41.694234+00:00
C-4f151afd,0.9116759651172934,1,20260726T102553,2026-07-26T10:26:41.694234+00:00
C-614d7949,0.8790803211762396,1,20260726T102553,2026-07-26T10:26:41.694234+00:00
C-114a3ad5,0.7108404125033969,1,20260726T102553,2026-07-26T10:26:41.694234+00:00
C-6aa0cfa5,0.12234140743325253,0,20260726T102553,2026-07-26T10:26:41.694234+00:00
C-32daf017,0.8401111495314851,1,20260726T102553,2026-07-26T10:26:41.694234+00:00
C-feb05a38,0.16157743534549412,0,20260726T102553,2026-07-26T10:26:41.694234+00:00
C-49406e9c,0.6890675463287407,1,20260726T102553,2026-07-26T10:26:41.694234+00:00
C-315325ea,0.10934541531861909,0,20260726T102553,2026-07-26T10:26:41.694234+00:00
C-6eedc5a3,0.8013934183248838,1,20260726T102553,2026-07-26T10:26:41.694234+00:00
C-63bcf508,0.4421821077432737,0,20260726T102553,2026-07-26T10:26:41.694234+00:00
C-d1d53a2c,0.4221113761253946,0,20260726T102553,2026-07-26T10:26:41.694234+00:00
C-b3f3dc20,0.6463552350406613,1,20260726T102553,2026-07-26T10:26:41.694234+00:00
C-a9821fa9,0.8007739334371428,1,20260726T102553,2026-07-26T10:26:41.694234+00:00
C-1fd1910e,0.06958039206836357,0,20260726T102553,2026-07-26T10:26:41.694234+00:00
C-08faeaab,0.8626209619343894,1,20260726T102553,2026-07-26T10:26:41.694234+00:00
C-8914fd96,0.3164107278768123,0,20260726T102553,2026-07-26T10:26:41.694234+00:00
C-c650b4a3,0.7657025413520111,1,20260726T102553,2026-07-26T10:26:41.694234+00:00
C-4aa5df53,0.45668163478296203,0,20260726T102553,2026-07-26T10:26:41.694234+00:00
C-8cfc92ff,0.94545292127752,1,20260726T102553,2026-07-26T10:26:41.694234+00:00
C-ac09bfca,0.745688260429308,1,20260726T102553,2026-07-26T10:26:41.694234+00:00
C-18167317,0.9083573404668136,1,20260726T102553,2026-07-26T10:26:41.694234+00:00
C-97dd0333,0.0973814169839505,0,20260726T102553,2026-07-26T10:26:41.694234+00:00
C-ea7ed0c5,0.13371830667908774,0,20260726T102553,2026-07-26T10:26:41.694234+00:00
C-ce279bed,0.09568607944124624,0,20260726T102553,2026-07-26T10:26:41.694234+00:00
C-afa1f974,0.6884157112516492,1,20260726T102553,2026-07-26T10:26:41.694234+00:00
C-9d83527e,0.5885610258635154,1,20260726T102553,2026-07-26T10:26:41.694234+00:00
C-6ce14b58,0.6092222181179692,1,20260726T102553,2026-07-26T10:26:41.694234+00:00
C-857ac154,0.6808433818553586,1,20260726T102553,2026-07-26T10:26:41.694234+00:00
C-6ec75364,0.11997889767608406,0,20260726T102553,2026-07-26T10:26:41.694234+00:00
C-e335da66,0.18117149334498875,0,20260726T102553,2026-07-26T10:26:41.694234+00:00
C-605b0eb7,0.354364407528283,0,20260726T102553,2026-07-26T10:26:41.694234+00:00
C-d5c22820,0.03915485624129807,0,20260726T102553,2026-07-26T10:26:41.694234+00:00
C-88398e98,0.16559279461464763,0,20260726T102553,2026-07-26T10:26:41.694234+00:00
C-936305ca,0.5823305309780311,1,20260726T102553,2026-07-26T10:26:41.694234+00:00
C-21331ac4,0.7093338673074725,1,20260726T102553,2026-07-26T10:26:41.694234+00:00
C-55cedc00,0.9436182586671199,1,20260726T102553,2026-07-26T10:26:41.694234+00:00
C-68be396c,0.6512497719480843,1,20260726T102553,2026-07-26T10:26:41.694234+00:00
C-2ef3bf38,0.09660293935933337,0,20260726T102553,2026-07-26T10:26:41.694234+00:00
C-5240fd29,0.3868157607858818,0,20260726T102553,2026-07-26T10:26:41.694234+00:00
C-e062bb89,0.019918630960315858,0,20260726T102553,2026-07-26T10:26:41.694234+00:00
C-0a16e195,0.4154822062514076,0,20260726T102553,2026-07-26T10:26:41.694234+00:00
C-0faafbf9,0.10151476618473743,0,20260726T102553,2026-07-26T10:26:41.694234+00:00
C-e4a56d18,0.4629136722164069,0,20260726T102553,2026-07-26T10:26:41.694234+00:00
C-b1bd84c4,0.7925072612060441,1,20260726T102553,2026-07-26T10:26:41.694234+00:00
C-88451388,0.31735661398444887,0,20260726T102553,2026-07-26T10:26:41.694234+00:00
C-3fb1f84b,0.3822660226137723,0,20260726T102553,2026-07-26T10:26:41.694234+00:00
C-d7d9c066,0.8578547176359699,1,20260726T102553,2026-07-26T10:26:41.694234+00:00
C-ab506392,0.7353519283987701,1,20260726T102553,2026-07-26T10:26:41.694234+00:00
C-66a725f9,0.11776645969441693,0,20260726T102553,2026-07-26T10:26:41.694234+00:00
C-c3174808,0.6811260577744507,1,20260726T102553,2026-07-26T10:26:41.694234+00:00
C-c05ccf18,0.6477447376436078,1,20260726T102553,2026-07-26T10:26:41.694234+00:00
C-3338e40d,0.13356840777836257,0,20260726T102553,2026-07-26T10:26:41.694234+00:00
C-65c3c8c7,0.7088454031684122,1,20260726T102553,2026-07-26T10:26:41.694234+00:00
C-d77459dc,0.12381183884853499,0,20260726T102553,2026-07-26T10:26:41.694234+00:00
C-558f14fe,0.7325397432821564,1,20260726T102553,2026-07-26T10:26:41.694234+00:00
C-3d814609,0.8006674863677565,1,20260726T102553,2026-07-26T10:26:41.694234+00:00
C-7c2ab46c,0.12706604038768562,0,20260726T102553,2026-07-26T10:26:41.694234+00:00
C-80a92c7d,0.762682705264641,1,20260726T102553,2026-07-26T10:26:41.694234+00:00
C-5ffe0490,0.8641424115789709,1,20260726T102553,2026-07-26T10:26:41.694234+00:00
C-6e6aaae7,0.1852486824134179,0,20260726T102553,2026-07-26T10:26:41.694234+00:00
C-2f89cc8d,0.09201829597933205,0,20260726T102553,2026-07-26T10:26:41.694234+00:00
C-8f6de49a,0.3593362556301674,0,20260726T102553,2026-07-26T10:26:41.694234+00:00
C-052aa87d,0.7227975068296839,1,20260726T102553,2026-07-26T10:26:41.694234+00:00
C-d06dade3,0.5625265884139958,1,20260726T102553,2026-07-26T10:26:41.694234+00:00
C-a404d83c,0.7349961889853448,1,20260726T102553,2026-07-26T10:26:41.694234+00:00
C-3b625059,0.02437041460194741,0,20260726T102553,2026-07-26T10:26:41.694234+00:00
C-f3207df2,0.4153423449512232,0,20260726T102553,2026-07-26T10:26:41.694234+00:00
C-b4f9b68c,0.5273230472547245,1,20260726T102553,2026-07-26T10:26:41.694234+00:00
C-5790141c,0.2189982964620061,0,20260726T102553,2026-07-26T10:26:41.694234+00:00
C-912f7475,0.4146904515210781,0,20260726T102553,2026-07-26T10:26:41.694234+00:00
C-06396329,0.1342570915626046,0,20260726T102553,2026-07-26T10:26:41.694234+00:00
C-8e3811c7,0.13359795584379808,0,20260726T102553,2026-07-26T10:26:41.694234+00:00
C-107bdd8a,0.46905867267132634,0,20260726T102553,2026-07-26T10:26:41.694234+00:00
C-0921685d,0.6555132050490813,1,20260726T102553,2026-07-26T10:26:41.694234+00:00
C-26fa2dff,0.6280116312470316,1,20260726T102553,2026-07-26T10:26:41.694234+00:00
C-19faf26b,0.2807102675675447,0,20260726T102553,2026-07-26T10:26:41.694234+00:00
C-f4bfd5f6,0.33795113767991514,0,20260726T102553,2026-07-26T10:26:41.694234+00:00
C-454c46d9,0.4191185400808468,0,20260726T102553,2026-07-26T10:26:41.694234+00:00
C-72c13404,0.738688113035489,1,20260726T102553,2026-07-26T10:26:41.694234+00:00
C-664cac06,0.3674986970838867,0,20260726T102553,2026-07-26T10:26:41.694234+00:00
C-d88184f1,0.21073515629127015,0,20260726T102553,2026-07-26T10:26:41.694234+00:00
C-7daafccd,0.1439820223768398,0,20260726T102553,2026-07-26T10:26:41.694234+00:00
C-5be45d8c,0.7991429664445583,1,20260726T102553,2026-07-26T10:26:41.694234+00:00
C-ee824fae,0.03060307335486191,0,20260726T102553,2026-07-26T10:26:41.694234+00:00
C-e65a840d,0.15916784737080433,0,20260726T102553,2026-07-26T10:26:41.694234+00:00
C-36e200c1,0.0896626065257607,0,20260726T102553,2026-07-26T10:26:41.694234+00:00
C-de1cad32,0.5116170309810228,1,20260726T102553,2026-07-26T10:26:41.694234+00:00
C-84dbd6c7,0.6132110972663805,1,20260726T102553,2026-07-26T10:26:41.694234+00:00
C-b99bfcb9,0.34249767160300043,0,20260726T102553,2026-07-26T10:26:41.694234+00:00
C-7304a948,0.9227531085842267,1,20260726T102553,2026-07-26T10:26:41.694234+00:00
C-1d25a498,0.4796856493673125,0,20260726T102553,2026-07-26T10:26:41.694234+00:00
C-b7f2d559,0.7025637169130777,1,20260726T102553,2026-07-26T10:26:41.694234+00:00
C-f9ca9df4,0.7459632734085844,1,20260726T102553,2026-07-26T10:26:41.694234+00:00
C-1615c307,0.726914175708953,1,20260726T102553,2026-07-26T10:26:41.694234+00:00
C-34cdb6a0,0.347176242816659,0,20260726T102553,2026-07-26T10:26:41.694234+00:00
C-65bda1b3,0.865915932630787,1,20260726T102553,2026-07-26T10:26:41.694234+00:00
C-a38e82cb,0.5120014939170391,1,20260726T102553,2026-07-26T10:26:41.694234+00:00
C-e2ac1be7,0.5434620476634331,1,20260726T102553,2026-07-26T10:26:41.694234+00:00
C-902ff907,0.47325591248151117,0,20260726T102553,2026-07-26T10:26:41.694234+00:00
C-c816e829,0.526010909577584,1,20260726T102553,2026-07-26T10:26:41.694234+00:00
C-ad8cc045,0.4140459058161055,0,20260726T102553,2026-07-26T10:26:41.694234+00:00
C-1b1939e8,0.11073489186155767,0,20260726T102553,2026-07-26T10:26:41.694234+00:00
C-f93d7c88,0.8661619942268758,1,20260726T102553,2026-07-26T10:26:41.694234+00:00
C-05d59f8d,0.8951054334621278,1,20260726T102553,2026-07-26T10:26:41.694234+00:00
C-5a25d65e,0.5988762936341883,1,20260726T102553,2026-07-26T10:26:41.694234+00:00
C-57388bf8,0.7529433095233659,1,20260726T102553,2026-07-26T10:26:41.694234+00:00
C-9b37bfb8,0.6561553092145487,1,20260726T102553,2026-07-26T10:26:41.694234+00:00
C-63a3695e,0.12637299890310336,0,20260726T102553,2026-07-26T10:26:41.694234+00:00
C-547c226c,0.04853632110663978,0,20260726T102553,2026-07-26T10:26:41.694234+00:00
C-ff4dbc73,0.08468171907253019,0,20260726T102553,2026-07-26T10:26:41.694234+00:00
C-c58f74fa,0.7841839365281862,1,20260726T102553,2026-07-26T10:26:41.694234+00:00
C-a3efb404,0.5283423925917078,1,20260726T102553,2026-07-26T10:26:41.694234+00:00
C-09ea14a7,0.44238341514809837,0,20260726T102553,2026-07-26T10:26:41.694234+00:00
C-91e4c7a8,0.6825119478598132,1,20260726T102553,2026-07-26T10:26:41.694234+00:00
C-af8680c6,0.6338889009722785,1,20260726T102553,2026-07-26T10:26:41.694234+00:00
C-0699ce09,0.8360723285407059,1,20260726T102553,2026-07-26T10:26:41.694234+00:00
C-368fbdfe,0.7962172354801393,1,20260726T102553,2026-07-26T10:26:41.694234+00:00
C-3da48693,0.03528611388626029,0,20260726T102553,2026-07-26T10:26:41.694234+00:00
C-f4fd429a,0.7883784913087012,1,20260726T102553,2026-07-26T10:26:41.694234+00:00
C-4f4ce148,0.5952851896252535,1,20260726T102553,2026-07-26T10:26:41.694234+00:00
C-546fd2bb,0.27977333777878566,0,20260726T102553,2026-07-26T10:26:41.694234+00:00
C-4efac318,0.6044879308695207,1,20260726T102553,2026-07-26T10:26:41.694234+00:00
C-bcaccc06,0.81764215862628,1,20260726T102553,2026-07-26T10:26:41.694234+00:00
C-539a22ef,0.4401578353994885,0,20260726T102553,2026-07-26T10:26:41.694234+00:00
C-2fa4daa4,0.08882184935846764,0,20260726T102553,2026-07-26T10:26:41.694234+00:00
C-64d5278e,0.2651935667342815,0,20260726T102553,2026-07-26T10:26:41.694234+00:00
C-e3086c3e,0.14582400559539002,0,20260726T102553,2026-07-26T10:26:41.694234+00:00
C-d5b8de65,0.7508516724368968,1,20260726T102553,2026-07-26T10:26:41.694234+00:00
C-404eb09e,0.09380928872866322,0,20260726T102553,2026-07-26T10:26:41.694234+00:00
C-64d9c012,0.3190559489163012,0,20260726T102553,2026-07-26T10:26:41.694234+00:00
C-878c2777,0.3795909072720831,0,20260726T102553,2026-07-26T10:26:41.694234+00:00
C-087cf251,0.5922526797102239,1,20260726T102553,2026-07-26T10:26:41.694234+00:00
C-7e6e90d4,0.873285671721338,1,20260726T102553,2026-07-26T10:26:41.694234+00:00
C-4f444f1a,0.4538090344168409,0,20260726T102553,2026-07-26T10:26:41.694234+00:00
C-097f812a,0.9127636346241739,1,20260726T102553,2026-07-26T10:26:41.694234+00:00
C-14284fb7,0.7937527365863066,1,20260726T102553,2026-07-26T10:26:41.694234+00:00
C-bb1121ef,0.34598775617848504,0,20260726T102553,2026-07-26T10:26:41.694234+00:00
C-e7f98a68,0.31635668764074804,0,20260726T102553,2026-07-26T10:26:41.694234+00:00
C-270ce7bc,0.15889099180424768,0,20260726T102553,2026-07-26T10:26:41.694234+00:00
C-b97b3a72,0.30943346575403036,0,20260726T102553,2026-07-26T10:26:41.694234+00:00
C-40d1ca87,0.5899783731388311,1,20260726T102553,2026-07-26T10:26:41.694234+00:00
C-dd14c3b5,0.6361837566762115,1,20260726T102553,2026-07-26T10:26:41.694234+00:00
C-faca3e47,0.6916835280200911,1,20260726T102553,2026-07-26T10:26:41.694234+00:00
C-6efd8718,0.31576479044294864,0,20260726T102553,2026-07-26T10:26:41.694234+00:00
C-f6ca8bae,0.6771454743803548,1,20260726T102553,2026-07-26T10:26:41.694234+00:00
C-63a156b2,0.3882281127599905,0,20260726T102553,2026-07-26T10:26:41.694234+00:00
C-4b53d042,0.35147369599435363,0,20260726T102553,2026-07-26T10:26:41.694234+00:00
C-ebd535d3,0.19994048540297368,0,20260726T102553,2026-07-26T10:26:41.694234+00:00
C-73c297b0,0.3316905994617758,0,20260726T102553,2026-07-26T10:26:41.694234+00:00
C-7857db1a,0.2726644484165228,0,20260726T102553,2026-07-26T10:26:41.694234+00:00
C-ab112904,0.34558692730146134,0,20260726T102553,2026-07-26T10:26:41.694234+00:00
C-2b1efb6b,0.05372671400359545,0,20260726T102553,2026-07-26T10:26:41.694234+00:00
C-9f759a2f,0.7855794214847152,1,20260726T102553,2026-07-26T10:26:41.694234+00:00
C-a25a786a,0.7205316568869379,1,20260726T102553,2026-07-26T10:26:41.694234+00:00
C-21842d48,0.6517005403147871,1,20260726T102553,2026-07-26T10:26:41.694234+00:00
C-fe3e3c64,0.7352779380854432,1,20260726T102553,2026-07-26T10:26:41.694234+00:00
C-82521750,0.6970527768770292,1,20260726T102553,2026-07-26T10:26:41.694234+00:00
C-be31b22a,0.8291829334547604,1,20260726T102553,2026-07-26T10:26:41.694234+00:00
C-8e070d70,0.510752497396458,1,20260726T102553,2026-07-26T10:26:41.694234+00:00
C-2415537d,0.8641211539773118,1,20260726T102553,2026-07-26T10:26:41.694234+00:00
C-6555d450,0.07422363399297224,0,20260726T102553,2026-07-26T10:26:41.694234+00:00
C-8adca07b,0.29746423452729304,0,20260726T102553,2026-07-26T10:26:41.694234+00:00
C-201943e9,0.7746137429936661,1,20260726T102553,2026-07-26T10:26:41.694234+00:00
C-328238bd,0.34074975210351677,0,20260726T102553,2026-07-26T10:26:41.694234+00:00
C-55d06cbd,0.5827719294964989,1,20260726T102553,2026-07-26T10:26:41.694234+00:00
C-26136341,0.6807174178362477,1,20260726T102553,2026-07-26T10:26:41.694234+00:00
C-08ec9fca,0.8712806872685703,1,20260726T102553,2026-07-26T10:26:41.694234+00:00
C-9d434b26,0.7555615196133509,1,20260726T102553,2026-07-26T10:26:41.694234+00:00
C-25535412,0.024889718787836277,0,20260726T102553,2026-07-26T10:26:41.694234+00:00
C-5c86f0e6,0.03953117033581367,0,20260726T102553,2026-07-26T10:26:41.694234+00:00
C-c60cb2ab,0.37858471454066056,0,20260726T102553,2026-07-26T10:26:41.694234+00:00
C-42351246,0.6444691586618841,1,20260726T102553,2026-07-26T10:26:41.694234+00:00
C-8a65ab41,0.6280705235405475,1,20260726T102553,2026-07-26T10:26:41.694234+00:00
C-18b5958c,0.28980974267106674,0,20260726T102553,2026-07-26T10:26:41.694234+00:00
C-f4f3d331,0.02179646129549204,0,20260726T102553,2026-07-26T10:26:41.694234+00:00
C-9c05a943,0.7548544837660216,1,20260726T102553,2026-07-26T10:26:41.694234+00:00
C-3cd5312e,0.4435898772181503,0,20260726T102553,2026-07-26T10:26:41.694234+00:00
C-2c98fb5d,0.642300115039408,1,20260726T102553,2026-07-26T10:26:41.694234+00:00
C-61ea2563,0.07557110108639753,0,20260726T102553,2026-07-26T10:26:41.694234+00:00
C-da015019,0.0318446259276732,0,20260726T102553,2026-07-26T10:26:41.694234+00:00
C-735e15a6,0.15515590553422368,0,20260726T102553,2026-07-26T10:26:41.694234+00:00
C-fc6f273b,0.6302437102300605,1,20260726T102553,2026-07-26T10:26:41.694234+00:00
C-eae195c5,0.7432011812907133,1,20260726T102553,2026-07-26T10:26:41.694234+00:00
C-31b4c7e3,0.1668054242727016,0,20260726T102553,2026-07-26T10:26:41.694234+00:00
C-80c23bd3,0.10358538104002894,0,20260726T102553,2026-07-26T10:26:41.694234+00:00
C-c17bb9de,0.6122959841738418,1,20260726T102553,2026-07-26T10:26:41.694234+00:00
C-da083a07,0.8099590067945028,1,20260726T102553,2026-07-26T10:26:41.694234+00:00
C-e75c34a9,0.19817427786836098,0,20260726T102553,2026-07-26T10:26:41.694234+00:00
C-28cb9046,0.3585989378515641,0,20260726T102553,2026-07-26T10:26:41.694234+00:00
C-6cf0d6d5,0.6470429093449851,1,20260726T102553,2026-07-26T10:26:41.694234+00:00
C-55dc812c,0.7543765624387855,1,20260726T102553,2026-07-26T10:26:41.694234+00:00
C-1a13dcf5,0.6536412304118285,1,20260726T102553,2026-07-26T10:26:41.694234+00:00
C-ceebea33,0.6037390750655675,1,20260726T102553,2026-07-26T10:26:41.694234+00:00
C-f77797d6,0.03850158059033791,0,20260726T102553,2026-07-26T10:26:41.694234+00:00
C-ae3c708f,0.6337021465790509,1,20260726T102553,2026-07-26T10:26:41.694234+00:00
C-ca3b2b34,0.47736595820676153,0,20260726T102553,2026-07-26T10:26:41.694234+00:00
C-69192a48,0.41126620324734997,0,20260726T102553,2026-07-26T10:26:41.694234+00:00
C-b40a33a3,0.16174215404798076,0,20260726T102553,2026-07-26T10:26:41.694234+00:00
C-bd3d0a7c,0.7255624789786248,1,20260726T102553,2026-07-26T10:26:41.694234+00:00
C-f8179d26,0.9522882313456548,1,20260726T102553,2026-07-26T10:26:41.694234+00:00
C-6b30a5cc,0.09370770222327404,0,20260726T102553,2026-07-26T10:26:41.694234+00:00
C-2ef972e9,0.536079113415762,1,20260726T102553,2026-07-26T10:26:41.694234+00:00
C-ff188150,0.33810136784732786,0,20260726T102553,2026-07-26T10:26:41.694234+00:00
C-d2be7944,0.6992175324458062,1,20260726T102553,2026-07-26T10:26:41.694234+00:00
C-2409c11c,0.11197855880527423,0,20260726T102553,2026-07-26T10:26:41.694234+00:00
C-98c7e546,0.803125142780198,1,20260726T102553,2026-07-26T10:26:41.694234+00:00
C-e9ed697d,0.9163793567348861,1,20260726T102553,2026-07-26T10:26:41.694234+00:00
C-b964bc72,0.5762848648256413,1,20260726T102553,2026-07-26T10:26:41.694234+00:00
C-3d7eb1ed,0.895997701521309,1,20260726T102553,2026-07-26T10:26:41.694234+00:00
C-f30a60a1,0.8703600907503392,1,20260726T102553,2026-07-26T10:26:41.694234+00:00
C-ac65b469,0.178350411449561,0,20260726T102553,2026-07-26T10:26:41.694234+00:00
C-7b1a85a0,0.5219179304271823,1,20260726T102553,2026-07-26T10:26:41.694234+00:00
C-815eb5dc,0.9035076133330125,1,20260726T102553,2026-07-26T10:26:41.694234+00:00
C-2bfe9862,0.35429281997603373,0,20260726T102553,2026-07-26T10:26:41.694234+00:00
C-322a1cf3,0.8587257671033057,1,20260726T102553,2026-07-26T10:26:41.694234+00:00
C-8e1ae1ca,0.7854685392863551,1,20260726T102553,2026-07-26T10:26:41.694234+00:00
C-0ba07be1,0.4084396977691597,0,20260726T102553,2026-07-26T10:26:41.694234+00:00
C-df110d8a,0.6451487808857007,1,20260726T102553,2026-07-26T10:26:41.694234+00:00
C-031ad5f8,0.7333036531822908,1,20260726T102553,2026-07-26T10:26:41.694234+00:00
C-e5fb11d3,0.03766484833274899,0,20260726T102553,2026-07-26T10:26:41.694234+00:00
C-57703047,0.791926800165052,1,20260726T102553,2026-07-26T10:26:41.694234+00:00
C-d28cb7b1,0.5198576447344421,1,20260726T102553,2026-07-26T10:26:41.694234+00:00
C-346c340d,0.5801364262860238,1,20260726T102553,2026-07-26T10:26:41.694234+00:00
C-3fd61f25,0.3376254549623811,0,20260726T102553,2026-07-26T10:26:41.694234+00:00
C-a8b08039,0.7012545071860581,1,20260726T102553,2026-07-26T10:26:41.694234+00:00
C-c26bc216,0.8605122125460359,1,20260726T102553,2026-07-26T10:26:41.694234+00:00
C-8ade85ae,0.0809664171383377,0,20260726T102553,2026-07-26T10:26:41.694234+00:00
C-7c970b2e,0.5548463320233815,1,20260726T102553,2026-07-26T10:26:41.694234+00:00
C-eac06a28,0.6587639702287788,1,20260726T102553,2026-07-26T10:26:41.694234+00:00
C-26836caf,0.19226172977004952,0,20260726T102553,2026-07-26T10:26:41.694234+00:00
C-acfc6eeb,0.7343905560947845,1,20260726T102553,2026-07-26T10:26:41.694234+00:00
C-69db9438,0.8036404968843961,1,20260726T102553,2026-07-26T10:26:41.694234+00:00
C-51903e46,0.3943310934096942,0,20260726T102553,2026-07-26T10:26:41.694234+00:00
C-994ab3c8,0.5139873303301781,1,20260726T102553,2026-07-26T10:26:41.694234+00:00
C-5db866b9,0.5373055467962973,1,20260726T102553,2026-07-26T10:26:41.694234+00:00
C-3c2b26d5,0.027655824823388117,0,20260726T102553,2026-07-26T10:26:41.694234+00:00
C-0c856329,0.5656229718571636,1,20260726T102553,2026-07-26T10:26:41.694234+00:00
C-a3667448,0.0799668814686914,0,20260726T102553,2026-07-26T10:26:41.694234+00:00
C-2a073466,0.10638418709066996,0,20260726T102553,2026-07-26T10:26:41.694234+00:00
C-8c39e636,0.6942980727076444,1,20260726T102553,2026-07-26T10:26:41.694234+00:00
C-b397de3c,0.7093339502189243,1,20260726T102553,2026-07-26T10:26:41.694234+00:00
C-ea2d9197,0.7043969324723647,1,20260726T102553,2026-07-26T10:26:41.694234+00:00
C-bd2f5980,0.0830412608988277,0,20260726T102553,2026-07-26T10:26:41.694234+00:00
C-26329c69,0.7624355339207882,1,20260726T102553,2026-07-26T10:26:41.694234+00:00
C-64aa8f41,0.7330048586157086,1,20260726T102553,2026-07-26T10:26:41.694234+00:00
C-edce3567,0.29321790298954487,0,20260726T102553,2026-07-26T10:26:41.694234+00:00
C-d47089ea,0.4812976856584594,0,20260726T102553,2026-07-26T10:26:41.694234+00:00
C-3f17037b,0.3671224068575059,0,20260726T102553,2026-07-26T10:26:41.694234+00:00
C-6bf2eaf0,0.7726855166460322,1,20260726T102553,2026-07-26T10:26:41.694234+00:00
C-dbf221da,0.7959781688820866,1,20260726T102553,2026-07-26T10:26:41.694234+00:00
C-4241a970,0.7895761183152226,1,20260726T102553,2026-07-26T10:26:41.694234+00:00
C-ef04f8b7,0.3046481540016485,0,20260726T102553,2026-07-26T10:26:41.694234+00:00
C-d3a379d2,0.5106512856375941,1,20260726T102553,2026-07-26T10:26:41.694234+00:00
C-261ad648,0.6759898315162218,1,20260726T102553,2026-07-26T10:26:41.694234+00:00
C-b8adb6dd,0.2888134712087835,0,20260726T102553,2026-07-26T10:26:41.694234+00:00
C-6480f57c,0.8894420990320571,1,20260726T102553,2026-07-26T10:26:41.694234+00:00
C-c119e89f,0.8215861205708507,1,20260726T102553,2026-07-26T10:26:41.694234+00:00
C-7140ba21,0.9163501936790532,1,20260726T102553,2026-07-26T10:26:41.694234+00:00
C-547e2b49,0.2755055427994735,0,20260726T102553,2026-07-26T10:26:41.694234+00:00
C-c82a5c51,0.13614175340732698,0,20260726T102553,2026-07-26T10:26:41.694234+00:00
C-77f51034,0.33042293508638626,0,20260726T102553,2026-07-26T10:26:41.694234+00:00
C-1ad91754,0.8800856540626711,1,20260726T102553,2026-07-26T10:26:41.694234+00:00
C-ca482dfa,0.7828043030577726,1,20260726T102553,2026-07-26T10:26:41.694234+00:00
C-3f6a93e6,0.3849936975080741,0,20260726T102553,2026-07-26T10:26:41.694234+00:00
C-a3edc145,0.31099703541313123,0,20260726T102553,2026-07-26T10:26:41.694234+00:00
C-dad44422,0.6675422199281958,1,20260726T102553,2026-07-26T10:26:41.694234+00:00
C-4b686785,0.8974173648267804,1,20260726T102553,2026-07-26T10:26:41.694234+00:00
C-d6d4080c,0.11701294620604222,0,20260726T102553,2026-07-26T10:26:41.694234+00:00
C-1530b23d,0.26414836338358844,0,20260726T102553,2026-07-26T10:26:41.694234+00:00
C-dbd452cd,0.6572614786386684,1,20260726T102553,2026-07-26T10:26:41.694234+00:00
C-151cbff1,0.34271310266461236,0,20260726T102553,2026-07-26T10:26:41.694234+00:00
C-88d75d25,0.024845890330205952,0,20260726T102553,2026-07-26T10:26:41.694234+00:00
C-046328a9,0.34817705685741046,0,20260726T102553,2026-07-26T10:26:41.694234+00:00
C-ed50ca06,0.44187087769288513,0,20260726T102553,2026-07-26T10:26:41.694234+00:00
C-1c0370cd,0.06883104680025083,0,20260726T102553,2026-07-26T10:26:41.694234+00:00
C-94f62f9d,0.6765789283202129,1,20260726T102553,2026-07-26T10:26:41.694234+00:00
C-a9082cc0,0.7952732656704956,1,20260726T102553,2026-07-26T10:26:41.694234+00:00
C-09da6dbe,0.13378405605753496,0,20260726T102553,2026-07-26T10:26:41.694234+00:00
C-9d8592c8,0.7678072427790115,1,20260726T102553,2026-07-26T10:26:41.694234+00:00
C-a88db051,0.024885872403196993,0,20260726T102553,2026-07-26T10:26:41.694234+00:00
C-22aae691,0.08919403135122647,0,20260726T102553,2026-07-26T10:26:41.694234+00:00
C-a453d6a4,0.6968052225250431,1,20260726T102553,2026-07-26T10:26:41.694234+00:00
C-977cb077,0.616546465509081,1,20260726T102553,2026-07-26T10:26:41.694234+00:00
C-6728ee12,0.09033063803553966,0,20260726T102553,2026-07-26T10:26:41.694234+00:00
C-8d65d755,0.5125395943121082,1,20260726T102553,2026-07-26T10:26:41.694234+00:00
C-1c8f8545,0.6693400547001717,1,20260726T102553,2026-07-26T10:26:41.694234+00:00
C-6b78d9dd,0.5984857044406063,1,20260726T102553,2026-07-26T10:26:41.694234+00:00
C-405f2a21,0.08219329951631378,0,20260726T102553,2026-07-26T10:26:41.694234+00:00
C-3fe90780,0.044467334958725645,0,20260726T102553,2026-07-26T10:26:41.694234+00:00
C-94860db5,0.635893598572902,1,20260726T102553,2026-07-26T10:26:41.694234+00:00
C-b5ae3f29,0.44526709988721186,0,20260726T102553,2026-07-26T10:26:41.694234+00:00
C-80503acb,0.7070283141868997,1,20260726T102553,2026-07-26T10:26:41.694234+00:00
C-d451b189,0.20538292059036345,0,20260726T102553,2026-07-26T10:26:41.694234+00:00
C-044080ff,0.6717001375632342,1,20260726T102553,2026-07-26T10:26:41.694234+00:00
C-6928e94d,0.12107763175475839,0,20260726T102553,2026-07-26T10:26:41.694234+00:00
C-d79ef38f,0.7735156496803393,1,20260726T102553,2026-07-26T10:26:41.694234+00:00
C-4b965fa3,0.6487325512026291,1,20260726T102553,2026-07-26T10:26:41.694234+00:00
C-ae02e25b,0.10426491727803987,0,20260726T102553,2026-07-26T10:26:41.694234+00:00
C-a85fc3ee,0.6762782317051131,1,20260726T102553,2026-07-26T10:26:41.694234+00:00
C-b2ee43eb,0.040785302613056795,0,20260726T102553,2026-07-26T10:26:41.694234+00:00
C-5dce55d6,0.6525737188567493,1,20260726T102553,2026-07-26T10:26:41.694234+00:00
C-fc34c68a,0.3382180843966542,0,20260726T102553,2026-07-26T10:26:41.694234+00:00
C-aeae5fcb,0.29617888634062595,0,20260726T102553,2026-07-26T10:26:41.694234+00:00
C-ae2de3bf,0.03027866418480592,0,20260726T102553,2026-07-26T10:26:41.694234+00:00
C-ff986e11,0.07736528394348456,0,20260726T102553,2026-07-26T10:26:41.694234+00:00
C-758a65bb,0.6952906771737706,1,20260726T102553,2026-07-26T10:26:41.694234+00:00
C-86fd773d,0.5381456671560362,1,20260726T102553,2026-07-26T10:26:41.694234+00:00
C-9fc5cb93,0.03479301962073978,0,20260726T102553,2026-07-26T10:26:41.694234+00:00
C-3f9d7aea,0.48350536121541643,0,20260726T102553,2026-07-26T10:26:41.694234+00:00
C-2fac88be,0.8523244028466922,1,20260726T102553,2026-07-26T10:26:41.694234+00:00
C-af4ad524,0.9173780404858892,1,20260726T102553,2026-07-26T10:26:41.694234+00:00
C-04a63296,0.14359389476220044,0,20260726T102553,2026-07-26T10:26:41.694234+00:00
C-053c3f4c,0.8363864689394662,1,20260726T102553,2026-07-26T10:26:41.694234+00:00
C-9de87dd7,0.597846400425734,1,20260726T102553,2026-07-26T10:26:41.694234+00:00
C-8dfafaed,0.21248586148349766,0,20260726T102553,2026-07-26T10:26:41.694234+00:00
C-0ce4799f,0.3019527644591958,0,20260726T102553,2026-07-26T10:26:41.694234+00:00
C-f62ed9cf,0.0262757450605224,0,20260726T102553,2026-07-26T10:26:41.694234+00:00
C-5fd7f1f9,0.892945784097255,1,20260726T102553,2026-07-26T10:26:41.694234+00:00
C-fbbf520e,0.7718434815401469,1,20260726T102553,2026-07-26T10:26:41.694234+00:00
C-58fec1bb,0.10731820095745484,0,20260726T102553,2026-07-26T10:26:41.694234+00:00
C-c4af4cac,0.1423630878383701,0,20260726T102553,2026-07-26T10:26:41.694234+00:00
C-0d652e5a,0.11927091668226342,0,20260726T102553,2026-07-26T10:26:41.694234+00:00
C-e187c0d2,0.13117930447841256,0,20260726T102553,2026-07-26T10:26:41.694234+00:00
C-2edc8cde,0.8121464911530951,1,20260726T102553,2026-07-26T10:26:41.694234+00:00
C-9c6b9039,0.4626649552633673,0,20260726T102553,2026-07-26T10:26:41.694234+00:00
C-1c3519ac,0.789452142975554,1,20260726T102553,2026-07-26T10:26:41.694234+00:00
C-b9396625,0.7488041619522438,1,20260726T102553,2026-07-26T10:26:41.694234+00:00
C-0795d911,0.3668162993730075,0,20260726T102553,2026-07-26T10:26:41.694234+00:00
C-2a41d30b,0.6612138114005642,1,20260726T102553,2026-07-26T10:26:41.694234+00:00
C-1e2f22da,0.6920068290429267,1,20260726T102553,2026-07-26T10:26:41.694234+00:00
C-c6316bf9,0.9004561733857166,1,20260726T102553,2026-07-26T10:26:41.694234+00:00
C-df4ff5a2,0.712742781524862,1,20260726T102553,2026-07-26T10:26:41.694234+00:00
C-2e445848,0.0885625309130441,0,20260726T102553,2026-07-26T10:26:41.694234+00:00
C-b2d616e0,0.6976390073878562,1,20260726T102553,2026-07-26T10:26:41.694234+00:00
C-770eadc4,0.5110912960030018,1,20260726T102553,2026-07-26T10:26:41.694234+00:00
C-123d377c,0.7378631692223553,1,20260726T102553,2026-07-26T10:26:41.694234+00:00
C-a5c18aed,0.5375290042296804,1,20260726T102553,2026-07-26T10:26:41.694234+00:00
C-6b8dae11,0.33373390616336845,0,20260726T102553,2026-07-26T10:26:41.694234+00:00
C-9e8ef332,0.6289676132301026,1,20260726T102553,2026-07-26T10:26:41.694234+00:00
C-b68a0f56,0.5339200389367612,1,20260726T102553,2026-07-26T10:26:41.694234+00:00
C-4c360e3f,0.3171914722521601,0,20260726T102553,2026-07-26T10:26:41.694234+00:00
C-1f3cc4fe,0.2954505176186605,0,20260726T102553,2026-07-26T10:26:41.694234+00:00
C-83ee56c2,0.4949207209363722,0,20260726T102553,2026-07-26T10:26:41.694234+00:00
C-8212857b,0.1587778293764472,0,20260726T102553,2026-07-26T10:26:41.694234+00:00
C-1369aa0b,0.6955151521725447,1,20260726T102553,2026-07-26T10:26:41.694234+00:00
C-942d3e06,0.46085965944480833,0,20260726T102553,2026-07-26T10:26:41.694234+00:00
C-6261c2c3,0.4007668121894803,0,20260726T102553,2026-07-26T10:26:41.694234+00:00
C-1365720f,0.6421763829345719,1,20260726T102553,2026-07-26T10:26:41.694234+00:00
C-9df847db,0.025597057059040643,0,20260726T102553,2026-07-26T10:26:41.694234+00:00
C-501da25d,0.6887757042497339,1,20260726T102553,2026-07-26T10:26:41.694234+00:00
C-e8a921f4,0.27716970878993963,0,20260726T102553,2026-07-26T10:26:41.694234+00:00
C-545a4c22,0.10653137112787854,0,20260726T102553,2026-07-26T10:26:41.694234+00:00
C-e0fae7db,0.07894765608596023,0,20260726T102553,2026-07-26T10:26:41.694234+00:00
C-b182d368,0.9160903206032875,1,20260726T102553,2026-07-26T10:26:41.694234+00:00
C-dea7a3d5,0.641924102802783,1,20260726T102553,2026-07-26T10:26:41.694234+00:00
C-29555013,0.6364072521398023,1,20260726T102553,2026-07-26T10:26:41.694234+00:00
C-4f006e6f,0.42196524000536345,0,20260726T102553,2026-07-26T10:26:41.694234+00:00
C-64bfc513,0.8231993484685248,1,20260726T102553,2026-07-26T10:26:41.694234+00:00
C-34dd15a8,0.374764797798705,0,20260726T102553,2026-07-26T10:26:41.694234+00:00
C-cc956d51,0.08099813675013072,0,20260726T102553,2026-07-26T10:26:41.694234+00:00
C-99d1dbe7,0.8415232332693883,1,20260726T102553,2026-07-26T10:26:41.694234+00:00
C-ef0389eb,0.6606359428115457,1,20260726T102553,2026-07-26T10:26:41.694234+00:00
C-662435c7,0.4485705574149859,0,20260726T102553,2026-07-26T10:26:41.694234+00:00
C-d234682f,0.6437376818917203,1,20260726T102553,2026-07-26T10:26:41.694234+00:00
C-91cc9a0e,0.7646132300307072,1,20260726T102553,2026-07-26T10:26:41.694234+00:00
C-bd724453,0.1065223682207989,0,20260726T102553,2026-07-26T10:26:41.694234+00:00
C-6a9ca5a1,0.20642718290027978,0,20260726T102553,2026-07-26T10:26:41.694234+00:00
C-acb34d5d,0.15751493692542815,0,20260726T102553,2026-07-26T10:26:41.694234+00:00
C-cc698de3,0.7849947899935846,1,20260726T102553,2026-07-26T10:26:41.694234+00:00
C-55a0cabc,0.3090126963101463,0,20260726T102553,2026-07-26T10:26:41.694234+00:00
C-3fcb112f,0.5111599236206884,1,20260726T102553,2026-07-26T10:26:41.694234+00:00
C-60c03326,0.6310092352071363,1,20260726T102553,2026-07-26T10:26:41.694234+00:00
C-7653dd21,0.49841642427504473,0,20260726T102553,2026-07-26T10:26:41.694234+00:00
C-f89de9e2,0.3729779884936748,0,20260726T102553,2026-07-26T10:26:41.694234+00:00
C-4307474c,0.5152842792852305,1,20260726T102553,2026-07-26T10:26:41.694234+00:00
C-e22a486a,0.2430134580333511,0,20260726T102553,2026-07-26T10:26:41.694234+00:00
C-e3bc5da2,0.1193896277369558,0,20260726T102553,2026-07-26T10:26:41.694234+00:00
C-fdb51f18,0.6410958818586718,1,20260726T102553,2026-07-26T10:26:41.694234+00:00
C-2c9f0b0f,0.7621567096324905,1,20260726T102553,2026-07-26T10:26:41.694234+00:00
C-f483b887,0.20733511032320515,0,20260726T102553,2026-07-26T10:26:41.694234+00:00
C-b4926dda,0.7023631426055377,1,20260726T102553,2026-07-26T10:26:41.694234+00:00
C-60c80fa4,0.02287930260568448,0,20260726T102553,2026-07-26T10:26:41.694234+00:00
C-4b68a073,0.4392420436799934,0,20260726T102553,2026-07-26T10:26:41.694234+00:00
C-cae165f1,0.7628455442304436,1,20260726T102553,2026-07-26T10:26:41.694234+00:00
C-6ff3b93b,0.09704317708930463,0,20260726T102553,2026-07-26T10:26:41.694234+00:00
C-16e8d8cb,0.4609655790740006,0,20260726T102553,2026-07-26T10:26:41.694234+00:00
C-40d46f37,0.7908507325483954,1,20260726T102553,2026-07-26T10:26:41.694234+00:00
C-24d5ea3c,0.2809206609243513,0,20260726T102553,2026-07-26T10:26:41.694234+00:00
C-adcc7c9d,0.7872160590726093,1,20260726T102553,2026-07-26T10:26:41.694234+00:00
C-b5dbaddc,0.696772043080136,1,20260726T102553,2026-07-26T10:26:41.694234+00:00
C-58d6b652,0.1692858363712572,0,20260726T102553,2026-07-26T10:26:41.694234+00:00
C-a4c0ea11,0.4825596149270729,0,20260726T102553,2026-07-26T10:26:41.694234+00:00
C-11c0beaf,0.038617064071566384,0,20260726T102553,2026-07-26T10:26:41.694234+00:00
C-ace74734,0.7092966567449701,1,20260726T102553,2026-07-26T10:26:41.694234+00:00
C-0469aa53,0.5916069101836928,1,20260726T102553,2026-07-26T10:26:41.694234+00:00
C-0d960062,0.7619488569212435,1,20260726T102553,2026-07-26T10:26:41.694234+00:00
C-9e56c573,0.7574707268871733,1,20260726T102553,2026-07-26T10:26:41.694234+00:00
C-3a07efcd,0.2606875387814067,0,20260726T102553,2026-07-26T10:26:41.694234+00:00
C-31eecd5d,0.8065167538524105,1,20260726T102553,2026-07-26T10:26:41.694234+00:00
C-a2f9df0b,0.5898723740741763,1,20260726T102553,2026-07-26T10:26:41.694234+00:00
C-80937a41,0.5853899834311759,1,20260726T102553,2026-07-26T10:26:41.694234+00:00
C-475bc1e1,0.3023517729219373,0,20260726T102553,2026-07-26T10:26:41.694234+00:00
C-8122f390,0.53936508498366,1,20260726T102553,2026-07-26T10:26:41.694234+00:00
C-a4fa52da,0.5424210941460582,1,20260726T102553,2026-07-26T10:26:41.694234+00:00
C-474d09f4,0.05008308434922446,0,20260726T102553,2026-07-26T10:26:41.694234+00:00
C-21b17325,0.5500804339601302,1,20260726T102553,2026-07-26T10:26:41.694234+00:00
C-4f637d49,0.7485270287853903,1,20260726T102553,2026-07-26T10:26:41.694234+00:00
C-d85d7ac8,0.4639429808869516,0,20260726T102553,2026-07-26T10:26:41.694234+00:00
C-6b8179c5,0.5462871017018278,1,20260726T102553,2026-07-26T10:26:41.694234+00:00
C-e648384a,0.813447880509881,1,20260726T102553,2026-07-26T10:26:41.694234+00:00
C-950a2a30,0.5595957667026128,1,20260726T102553,2026-07-26T10:26:41.694234+00:00
C-414980f8,0.186550018350032,0,20260726T102553,2026-07-26T10:26:41.694234+00:00
C-b41522ee,0.9001955583605488,1,20260726T102553,2026-07-26T10:26:41.694234+00:00
C-42256179,0.86395103162942,1,20260726T102553,2026-07-26T10:26:41.694234+00:00
C-241220cb,0.4421309705560085,0,20260726T102553,2026-07-26T10:26:41.694234+00:00
C-cdc9eb1d,0.7680335126833937,1,20260726T102553,2026-07-26T10:26:41.694234+00:00
C-336598fb,0.048861623940533366,0,20260726T102553,2026-07-26T10:26:41.694234+00:00
C-f2a9b125,0.6660418650249398,1,20260726T102553,2026-07-26T10:26:41.694234+00:00
C-6aca9cd3,0.36434248954699366,0,20260726T102553,2026-07-26T10:26:41.694234+00:00
C-18d6ae5c,0.08017332474489886,0,20260726T102553,2026-07-26T10:26:41.694234+00:00
C-6c19a758,0.9394605061590695,1,20260726T102553,2026-07-26T10:26:41.694234+00:00
C-630f8517,0.06658529164184684,0,20260726T102553,2026-07-26T10:26:41.694234+00:00
C-8c8a4160,0.7891784767923372,1,20260726T102553,2026-07-26T10:26:41.694234+00:00
C-a6c0ca16,0.03589465586926984,0,20260726T102553,2026-07-26T10:26:41.694234+00:00
C-87b725c1,0.10774438939126954,0,20260726T102553,2026-07-26T10:26:41.694234+00:00
C-95aa514e,0.08249300983428527,0,20260726T102553,2026-07-26T10:26:41.694234+00:00
C-1cd2da8a,0.31078233397469673,0,20260726T102553,2026-07-26T10:26:41.694234+00:00
C-0b4d8d6e,0.490078482417389,0,20260726T102553,2026-07-26T10:26:41.694234+00:00
C-aa6440d2,0.8091840400289668,1,20260726T102553,2026-07-26T10:26:41.694234+00:00
C-97f6fb45,0.38433665262317135,0,20260726T102553,2026-07-26T10:26:41.694234+00:00
C-e1b15f83,0.6302381158857152,1,20260726T102553,2026-07-26T10:26:41.694234+00:00
C-bb3e9a73,0.5307584185288642,1,20260726T102553,2026-07-26T10:26:41.694234+00:00
C-1c7585bd,0.8536138788952978,1,20260726T102553,2026-07-26T10:26:41.694234+00:00
C-d09dfd64,0.6728548025884665,1,20260726T102553,2026-07-26T10:26:41.694234+00:00
C-a7cade3d,0.3504590880025566,0,20260726T102553,2026-07-26T10:26:41.694234+00:00
C-fdd76231,0.04126254063982151,0,20260726T102553,2026-07-26T10:26:41.694234+00:00
C-c318d65d,0.04424053087299671,0,20260726T102553,2026-07-26T10:26:41.694234+00:00
C-16991c5b,0.7138740075173753,1,20260726T102553,2026-07-26T10:26:41.694234+00:00
C-05d70105,0.12240488635661516,0,20260726T102553,2026-07-26T10:26:41.694234+00:00
C-6831fa5b,0.06933433303229607,0,20260726T102553,2026-07-26T10:26:41.694234+00:00
C-f7efc5d7,0.7375744335179303,1,20260726T102553,2026-07-26T10:26:41.694234+00:00
C-23f2127b,0.7202997740296805,1,20260726T102553,2026-07-26T10:26:41.694234+00:00
C-94706562,0.8773352663789228,1,20260726T102553,2026-07-26T10:26:41.694234+00:00
C-2fbfb287,0.3212392024231839,0,20260726T102553,2026-07-26T10:26:41.694234+00:00
C-0e8e068d,0.45522745582766694,0,20260726T102553,2026-07-26T10:26:41.694234+00:00
C-a62704d9,0.03446025334110756,0,20260726T102553,2026-07-26T10:26:41.694234+00:00
C-44bdce39,0.3233697701376644,0,20260726T102553,2026-07-26T10:26:41.694234+00:00
C-1e7a3a2f,0.8042001362710137,1,20260726T102553,2026-07-26T10:26:41.694234+00:00
C-03e56dac,0.2934888203474344,0,20260726T102553,2026-07-26T10:26:41.694234+00:00
C-f2743b65,0.12963631161668102,0,20260726T102553,2026-07-26T10:26:41.694234+00:00
C-99fe42a5,0.2795395337869568,0,20260726T102553,2026-07-26T10:26:41.694234+00:00
C-cb205df1,0.24677794909764583,0,20260726T102553,2026-07-26T10:26:41.694234+00:00
C-20522ebe,0.37705374210408,0,20260726T102553,2026-07-26T10:26:41.694234+00:00
C-9b2143c4,0.3452194928028786,0,20260726T102553,2026-07-26T10:26:41.694234+00:00
C-20c420b4,0.7849286299434789,1,20260726T102553,2026-07-26T10:26:41.694234+00:00
C-b385f28d,0.790632572568959,1,20260726T102553,2026-07-26T10:26:41.694234+00:00
C-ab423e8a,0.7326935262302252,1,20260726T102553,2026-07-26T10:26:41.694234+00:00
C-69e7dab2,0.29597576269263076,0,20260726T102553,2026-07-26T10:26:41.694234+00:00
C-c346a104,0.8724735807082094,1,20260726T102553,2026-07-26T10:26:41.694234+00:00
C-0a0d49da,0.6949993563471331,1,20260726T102553,2026-07-26T10:26:41.694234+00:00
C-b0865701,0.7941985487314835,1,20260726T102553,2026-07-26T10:26:41.694234+00:00
C-e3c5c489,0.11308932676901762,0,20260726T102553,2026-07-26T10:26:41.694234+00:00
C-3940e541,0.13215216027208534,0,20260726T102553,2026-07-26T10:26:41.694234+00:00
C-123a0e5e,0.12040514014463669,0,20260726T102553,2026-07-26T10:26:41.694234+00:00
C-f8f354c4,0.5322873179349028,1,20260726T102553,2026-07-26T10:26:41.694234+00:00
C-d3083e74,0.2750860947117617,0,20260726T102553,2026-07-26T10:26:41.694234+00:00
C-7d0b7948,0.025800729071610247,0,20260726T102553,2026-07-26T10:26:41.694234+00:00
C-77a99ee4,0.30562109960179934,0,20260726T102553,2026-07-26T10:26:41.694234+00:00
C-690d9f48,0.13667519602314637,0,20260726T102553,2026-07-26T10:26:41.694234+00:00
C-9ded6ee3,0.6948648995974561,1,20260726T102553,2026-07-26T10:26:41.694234+00:00
C-7ae574ec,0.8465467210800217,1,20260726T102553,2026-07-26T10:26:41.694234+00:00
C-78f435fa,0.339692069357016,0,20260726T102553,2026-07-26T10:26:41.694234+00:00
C-98a0db98,0.39753067291953714,0,20260726T102553,2026-07-26T10:26:41.694234+00:00
C-4f6c35d2,0.04145275130029398,0,20260726T102553,2026-07-26T10:26:41.694234+00:00
C-6f8c8e4f,0.8319330127791386,1,20260726T102553,2026-07-26T10:26:41.694234+00:00
C-267ba33e,0.4386601637783409,0,20260726T102553,2026-07-26T10:26:41.694234+00:00
C-7bb02ba7,0.9236014038755125,1,20260726T102553,2026-07-26T10:26:41.694234+00:00
C-e9d2fe7c,0.7937173386095346,1,20260726T102553,2026-07-26T10:26:41.694234+00:00
C-0e6eebc1,0.8618889606349364,1,20260726T102553,2026-07-26T10:26:41.694234+00:00
C-3756ffcf,0.6628094773223064,1,20260726T102553,2026-07-26T10:26:41.694234+00:00
C-83794ca8,0.6595354580794589,1,20260726T102553,2026-07-26T10:26:41.694234+00:00
C-6fd75b32,0.11818726902124561,0,20260726T102553,2026-07-26T10:26:41.694234+00:00
C-312fee5c,0.6788710619262484,1,20260726T102553,2026-07-26T10:26:41.694234+00:00
C-595b8916,0.0770782184001139,0,20260726T102553,2026-07-26T10:26:41.694234+00:00
C-2177d726,0.30598489107872284,0,20260726T102553,2026-07-26T10:26:41.694234+00:00
C-06018fd3,0.2890692063560451,0,20260726T102553,2026-07-26T10:26:41.694234+00:00
C-8dee77e4,0.8665878295050745,1,20260726T102553,2026-07-26T10:26:41.694234+00:00
C-09431913,0.31513314444957163,0,20260726T102553,2026-07-26T10:26:41.694234+00:00
C-61c750d8,0.2972462395893489,0,20260726T102553,2026-07-26T10:26:41.694234+00:00
C-0581d356,0.5264090975633717,1,20260726T102553,2026-07-26T10:26:41.694234+00:00
C-c2c654b5,0.7815804639606297,1,20260726T102553,2026-07-26T10:26:41.694234+00:00
C-1dbfd2dc,0.7304938370604622,1,20260726T102553,2026-07-26T10:26:41.694234+00:00
C-9837d3b7,0.022158351836778598,0,20260726T102553,2026-07-26T10:26:41.694234+00:00
C-1204750d,0.49804374614905506,0,20260726T102553,2026-07-26T10:26:41.694234+00:00
C-e0211aed,0.37974667375376264,0,20260726T102553,2026-07-26T10:26:41.694234+00:00
C-fddfc533,0.8262461718577133,1,20260726T102553,2026-07-26T10:26:41.694234+00:00
C-5451bd0e,0.8820683917603568,1,20260726T102553,2026-07-26T10:26:41.694234+00:00
C-4a326e7a,0.8410609837109192,1,20260726T102553,2026-07-26T10:26:41.694234+00:00
C-9f2a9f45,0.3797740423475093,0,20260726T102553,2026-07-26T10:26:41.694234+00:00
C-03fb6df5,0.16020184935829632,0,20260726T102553,2026-07-26T10:26:41.694234+00:00
C-07abfea7,0.14211859089820783,0,20260726T102553,2026-07-26T10:26:41.694234+00:00
C-d2010a92,0.8130872191085302,1,20260726T102553,2026-07-26T10:26:41.694234+00:00
C-27e3264c,0.2881794333244625,0,20260726T102553,2026-07-26T10:26:41.694234+00:00
C-e2a0afb7,0.5231791815801007,1,20260726T102553,2026-07-26T10:26:41.694234+00:00
C-0d4027c4,0.060238446495216404,0,20260726T102553,2026-07-26T10:26:41.694234+00:00
C-824de2d0,0.8424461750362497,1,20260726T102553,2026-07-26T10:26:41.694234+00:00
C-010dd271,0.6143015439653421,1,20260726T102553,2026-07-26T10:26:41.694234+00:00
C-d86beab9,0.6790110121260262,1,20260726T102553,2026-07-26T10:26:41.694234+00:00
C-5288a528,0.6569698434344737,1,20260726T102553,2026-07-26T10:26:41.694234+00:00
C-5807f9a3,0.7108613217764512,1,20260726T102553,2026-07-26T10:26:41.694234+00:00
C-19ba6092,0.7855817712173437,1,20260726T102553,2026-07-26T10:26:41.694234+00:00
C-177ffaa0,0.6549171809818805,1,20260726T102553,2026-07-26T10:26:41.694234+00:00
C-89d9d3ab,0.4616555046198895,0,20260726T102553,2026-07-26T10:26:41.694234+00:00
C-9e44d3f8,0.41494734693584245,0,20260726T102553,2026-07-26T10:26:41.694234+00:00
C-a0f48d29,0.6919740659193018,1,20260726T102553,2026-07-26T10:26:41.694234+00:00
C-e198b537,0.25646186152987516,0,20260726T102553,2026-07-26T10:26:41.694234+00:00
C-22bdc53f,0.36289620460727695,0,20260726T102553,2026-07-26T10:26:41.694234+00:00
C-24caf163,0.5747653561257712,1,20260726T102553,2026-07-26T10:26:41.694234+00:00
C-5fa78b27,0.03557590390626509,0,20260726T102553,2026-07-26T10:26:41.694234+00:00
C-ba451dd3,0.16074920621162303,0,20260726T102553,2026-07-26T10:26:41.694234+00:00
C-2525f008,0.4426817531105933,0,20260726T102553,2026-07-26T10:26:41.694234+00:00
C-feff336f,0.9061274175161359,1,20260726T102553,2026-07-26T10:26:41.694234+00:00
C-d8f464bf,0.07871485583950709,0,20260726T102553,2026-07-26T10:26:41.694234+00:00
C-8db27686,0.39781326669686723,0,20260726T102553,2026-07-26T10:26:41.694234+00:00
C-e5ece821,0.2077782989221386,0,20260726T102553,2026-07-26T10:26:41.694234+00:00
C-fca1de82,0.06692640391984551,0,20260726T102553,2026-07-26T10:26:41.694234+00:00
C-1a7e738a,0.31231048059518135,0,20260726T102553,2026-07-26T10:26:41.694234+00:00
C-b89a50bc,0.5511284539312056,1,20260726T102553,2026-07-26T10:26:41.694234+00:00
C-e167dfb3,0.6013717238497711,1,20260726T102553,2026-07-26T10:26:41.694234+00:00
C-f7bad899,0.8429628890831629,1,20260726T102553,2026-07-26T10:26:41.694234+00:00
C-04389517,0.3051259992267155,0,20260726T102553,2026-07-26T10:26:41.694234+00:00
C-3b3a1029,0.4013387162941919,0,20260726T102553,2026-07-26T10:26:41.694234+00:00
C-33db0e91,0.5044292278941946,1,20260726T102553,2026-07-26T10:26:41.694234+00:00
C-4e6dae8d,0.5119209956284972,1,20260726T102553,2026-07-26T10:26:41.694234+00:00
C-8d55e6ad,0.3671516600743893,0,20260726T102553,2026-07-26T10:26:41.694234+00:00
C-50d82931,0.6479476035401786,1,20260726T102553,2026-07-26T10:26:41.694234+00:00
C-b26f88e3,0.05203045890613487,0,20260726T102553,2026-07-26T10:26:41.694234+00:00
C-e42b991b,0.8029344039276609,1,20260726T102553,2026-07-26T10:26:41.694234+00:00
C-6036e5db,0.2975913195242912,0,20260726T102553,2026-07-26T10:26:41.694234+00:00
C-a0bead3f,0.0907860104918807,0,20260726T102553,2026-07-26T10:26:41.694234+00:00
C-97d60b2a,0.3246118698175379,0,20260726T102553,2026-07-26T10:26:41.694234+00:00
C-487488d7,0.1754203120769799,0,20260726T102553,2026-07-26T10:26:41.694234+00:00
C-4fab9c0a,0.31571662271646583,0,20260726T102553,2026-07-26T10:26:41.694234+00:00
C-8391e2fc,0.6714012346484358,1,20260726T102553,2026-07-26T10:26:41.694234+00:00
C-1251bf6c,0.019136831537217437,0,20260726T102553,2026-07-26T10:26:41.694234+00:00
C-22a66767,0.12029187677643609,0,20260726T102553,2026-07-26T10:26:41.694234+00:00
C-e9071ebf,0.6523278391154392,1,20260726T102553,2026-07-26T10:26:41.694234+00:00
C-dbadda16,0.7980955061175358,1,20260726T102553,2026-07-26T10:26:41.694234+00:00
C-9d5d0ee5,0.5602175748269118,1,20260726T102553,2026-07-26T10:26:41.694234+00:00
C-55aab107,0.07781019893648827,0,20260726T102553,2026-07-26T10:26:41.694234+00:00
C-577f5132,0.07168297512639445,0,20260726T102553,2026-07-26T10:26:41.694234+00:00
C-0b74a997,0.3809475427202439,0,20260726T102553,2026-07-26T10:26:41.694234+00:00
C-d71b9234,0.5198966480845909,1,20260726T102553,2026-07-26T10:26:41.694234+00:00
C-4764d03d,0.31944670667605457,0,20260726T102553,2026-07-26T10:26:41.694234+00:00
C-a75655d0,0.703220987446467,1,20260726T102553,2026-07-26T10:26:41.694234+00:00
C-bb6dd684,0.7356225242722186,1,20260726T102553,2026-07-26T10:26:41.694234+00:00
C-6635d37d,0.7176890437503095,1,20260726T102553,2026-07-26T10:26:41.694234+00:00
C-a0f74900,0.36928027973933525,0,20260726T102553,2026-07-26T10:26:41.694234+00:00
C-2e2dd69d,0.08661061817115956,0,20260726T102553,2026-07-26T10:26:41.694234+00:00
C-bf1aab1b,0.12320816350425672,0,20260726T102553,2026-07-26T10:26:41.694234+00:00
C-b00241db,0.15860015434087132,0,20260726T102553,2026-07-26T10:26:41.694234+00:00
C-248e5a80,0.3619205141951387,0,20260726T102553,2026-07-26T10:26:41.694234+00:00
C-b7908441,0.09899010218298371,0,20260726T102553,2026-07-26T10:26:41.694234+00:00
C-432dd143,0.18124484976159153,0,20260726T102553,2026-07-26T10:26:41.694234+00:00
C-b543db05,0.1309340750299682,0,20260726T102553,2026-07-26T10:26:41.694234+00:00
C-045bc845,0.39638872936012487,0,20260726T102553,2026-07-26T10:26:41.694234+00:00
C-e3c3cf26,0.7510499985413845,1,20260726T102553,2026-07-26T10:26:41.694234+00:00
C-d263bf65,0.36910007075877427,0,20260726T102553,2026-07-26T10:26:41.694234+00:00
C-f066d5cd,0.023264417439344296,0,20260726T102553,2026-07-26T10:26:41.694234+00:00
C-a60edbdf,0.025399526772261576,0,20260726T102553,2026-07-26T10:26:41.694234+00:00
C-c60ca054,0.028482831388779672,0,20260726T102553,2026-07-26T10:26:41.694234+00:00
C-62429b12,0.746798420545965,1,20260726T102553,2026-07-26T10:26:41.694234+00:00
C-457e24b9,0.5779838197930992,1,20260726T102553,2026-07-26T10:26:41.694234+00:00
C-24a85935,0.042495813474532323,0,20260726T102553,2026-07-26T10:26:41.694234+00:00
C-0539edde,0.4315874331627404,0,20260726T102553,2026-07-26T10:26:41.694234+00:00
C-c87aa703,0.04477115663527519,0,20260726T102553,2026-07-26T10:26:41.694234+00:00
C-0691d050,0.6875197783317433,1,20260726T102553,2026-07-26T10:26:41.694234+00:00
C-e2bdcac2,0.1152792564580376,0,20260726T102553,2026-07-26T10:26:41.694234+00:00
C-587966c6,0.15167383065658804,0,20260726T102553,2026-07-26T10:26:41.694234+00:00
C-2e6246b7,0.17495406112271694,0,20260726T102553,2026-07-26T10:26:41.694234+00:00
C-a658d8c0,0.6496710892963441,1,20260726T102553,2026-07-26T10:26:41.694234+00:00
C-ea8636f2,0.33366980984187655,0,20260726T102553,2026-07-26T10:26:41.694234+00:00
C-1d197490,0.7186942031866485,1,20260726T102553,2026-07-26T10:26:41.694234+00:00
C-5e7559e2,0.020367245175865235,0,20260726T102553,2026-07-26T10:26:41.694234+00:00
C-17d0c5cf,0.4147481344402055,0,20260726T102553,2026-07-26T10:26:41.694234+00:00
C-b2e43922,0.37502221145926495,0,20260726T102553,2026-07-26T10:26:41.694234+00:00
C-7da50c51,0.5658461867709057,1,20260726T102553,2026-07-26T10:26:41.694234+00:00
C-6635c427,0.23404508796477239,0,20260726T102553,2026-07-26T10:26:41.694234+00:00
C-e17a7b50,0.17361461283242854,0,20260726T102553,2026-07-26T10:26:41.694234+00:00
C-ead537f6,0.4011976936625234,0,20260726T102553,2026-07-26T10:26:41.694234+00:00
C-f49ac57f,0.815367755470845,1,20260726T102553,2026-07-26T10:26:41.694234+00:00
C-115a34c5,0.10866806229033017,0,20260726T102553,2026-07-26T10:26:41.694234+00:00
C-8f66926e,0.3661645362538879,0,20260726T102553,2026-07-26T10:26:41.694234+00:00
C-47d21d4d,0.9170671636172782,1,20260726T102553,2026-07-26T10:26:41.694234+00:00
C-9fa60c99,0.45921610059197293,0,20260726T102553,2026-07-26T10:26:41.694234+00:00
C-45694e50,0.11718210751231199,0,20260726T102553,2026-07-26T10:26:41.694234+00:00
C-b13f982b,0.10144290993981879,0,20260726T102553,2026-07-26T10:26:41.694234+00:00
C-cb379c79,0.7997601484066759,1,20260726T102553,2026-07-26T10:26:41.694234+00:00
C-aa423b11,0.6611975759332701,1,20260726T102553,2026-07-26T10:26:41.694234+00:00
C-fcf75e24,0.08908411558600318,0,20260726T102553,2026-07-26T10:26:41.694234+00:00
C-d242d221,0.04072930430334882,0,20260726T102553,2026-07-26T10:26:41.694234+00:00
C-f3d24958,0.19616891052175275,0,20260726T102553,2026-07-26T10:26:41.694234+00:00
C-aa1ecf08,0.7697309489031825,1,20260726T102553,2026-07-26T10:26:41.694234+00:00
C-c4bd7a66,0.03511319101069808,0,20260726T102553,2026-07-26T10:26:41.694234+00:00
C-9d840264,0.3455363077762787,0,20260726T102553,2026-07-26T10:26:41.694234+00:00
C-36d8f949,0.09400245497294514,0,20260726T102553,2026-07-26T10:26:41.694234+00:00
C-9a333b48,0.7027591703531676,1,20260726T102553,2026-07-26T10:26:41.694234+00:00
C-9dfd8be9,0.47381885888125774,0,20260726T102553,2026-07-26T10:26:41.694234+00:00
C-2b8bad6d,0.1793009433826917,0,20260726T102553,2026-07-26T10:26:41.694234+00:00
C-f3e1ce14,0.1759655953925924,0,20260726T102553,2026-07-26T10:26:41.694234+00:00
C-0cb6af50,0.09154075818070655,0,20260726T102553,2026-07-26T10:26:41.694234+00:00
C-52cba021,0.6550090387026193,1,20260726T102553,2026-07-26T10:26:41.694234+00:00
C-a16d0ffa,0.39248524591532596,0,20260726T102553,2026-07-26T10:26:41.694234+00:00
C-c4029566,0.43923480159436645,0,20260726T102553,2026-07-26T10:26:41.694234+00:00
C-30e56bf5,0.4461210792842015,0,20260726T102553,2026-07-26T10:26:41.694234+00:00
C-99fdd287,0.7969579717409154,1,20260726T102553,2026-07-26T10:26:41.694234+00:00
C-0fd0d0ab,0.7595592594671796,1,20260726T102553,2026-07-26T10:26:41.694234+00:00
C-803ec01c,0.4408155340304667,0,20260726T102553,2026-07-26T10:26:41.694234+00:00
C-a645c532,0.673100139694993,1,20260726T102553,2026-07-26T10:26:41.694234+00:00
C-910babe0,0.3192586566175504,0,20260726T102553,2026-07-26T10:26:41.694234+00:00
C-65c61667,0.4388462367980954,0,20260726T102553,2026-07-26T10:26:41.694234+00:00
C-738aa0d1,0.9294905327850492,1,20260726T102553,2026-07-26T10:26:41.694234+00:00
C-0b30db81,0.1007143533605132,0,20260726T102553,2026-07-26T10:26:41.694234+00:00
C-eef54bee,0.14597943397629382,0,20260726T102553,2026-07-26T10:26:41.694234+00:00
C-b302be5c,0.8703766221083439,1,20260726T102553,2026-07-26T10:26:41.694234+00:00
C-5f8d3daa,0.684303835371447,1,20260726T102553,2026-07-26T10:26:41.694234+00:00
C-b726a400,0.6340126670280348,1,20260726T102553,2026-07-26T10:26:41.694234+00:00
C-70503f00,0.02240389792624087,0,20260726T102553,2026-07-26T10:26:41.694234+00:00
C-a0538480,0.7520607944055692,1,20260726T102553,2026-07-26T10:26:41.694234+00:00
C-15c76f6a,0.5480273825580029,1,20260726T102553,2026-07-26T10:26:41.694234+00:00
C-244ef640,0.8729675141459522,1,20260726T102553,2026-07-26T10:26:41.694234+00:00
C-83e65a3f,0.7725553452638094,1,20260726T102553,2026-07-26T10:26:41.694234+00:00
C-7cd696cc,0.4592927764362466,0,20260726T102553,2026-07-26T10:26:41.694234+00:00
C-be6e2c61,0.6504001566904601,1,20260726T102553,2026-07-26T10:26:41.694234+00:00
C-33065586,0.8373014640876649,1,20260726T102553,2026-07-26T10:26:41.694234+00:00
C-bb15e28d,0.5966270432504013,1,20260726T102553,2026-07-26T10:26:41.694234+00:00
C-13d1c29d,0.4399234073032792,0,20260726T102553,2026-07-26T10:26:41.694234+00:00
C-a1e5830e,0.3810540646042869,0,20260726T102553,2026-07-26T10:26:41.694234+00:00
C-353fec6c,0.8638099239098348,1,20260726T102553,2026-07-26T10:26:41.694234+00:00
C-970fec94,0.87211796086072,1,20260726T102553,2026-07-26T10:26:41.694234+00:00
C-137aba53,0.3599407988442934,0,20260726T102553,2026-07-26T10:26:41.694234+00:00
C-8ff8caef,0.02659319083747131,0,20260726T102553,2026-07-26T10:26:41.694234+00:00
C-41c8d75e,0.6632008270862297,1,20260726T102553,2026-07-26T10:26:41.694234+00:00
C-83d40323,0.6336526475028736,1,20260726T102553,2026-07-26T10:26:41.694234+00:00
C-9745aa30,0.38458491223784474,0,20260726T102553,2026-07-26T10:26:41.694234+00:00
C-05deaec4,0.3329444601163306,0,20260726T102553,2026-07-26T10:26:41.694234+00:00
C-d687cba0,0.14648203077105337,0,20260726T102553,2026-07-26T10:26:41.694234+00:00
C-7a3b92e9,0.707617058414884,1,20260726T102553,2026-07-26T10:26:41.694234+00:00
C-1214179d,0.18999936602805154,0,20260726T102553,2026-07-26T10:26:41.694234+00:00
C-23d36923,0.0433105690714552,0,20260726T102553,2026-07-26T10:26:41.694234+00:00
C-f18a041d,0.46826280945132204,0,20260726T102553,2026-07-26T10:26:41.694234+00:00
C-edb94588,0.7395167417694082,1,20260726T102553,2026-07-26T10:26:41.694234+00:00
C-53fe40c5,0.7337980701339534,1,20260726T102553,2026-07-26T10:26:41.694234+00:00
C-cccb2667,0.12372977506973847,0,20260726T102553,2026-07-26T10:26:41.694234+00:00
C-f4839a3c,0.41932959816394727,0,20260726T102553,2026-07-26T10:26:41.694234+00:00
C-e99f528f,0.7533486054761989,1,20260726T102553,2026-07-26T10:26:41.694234+00:00
C-1d975368,0.5173113784040526,1,20260726T102553,2026-07-26T10:26:41.694234+00:00
C-71b9dce7,0.3344587632493804,0,20260726T102553,2026-07-26T10:26:41.694234+00:00
C-1806317e,0.5995240018361557,1,20260726T102553,2026-07-26T10:26:41.694234+00:00
C-c8317145,0.4103584160495754,0,20260726T102553,2026-07-26T10:26:41.694234+00:00
C-120a9283,0.4816351234997113,0,20260726T102553,2026-07-26T10:26:41.694234+00:00
C-6e97ef61,0.38296436062410133,0,20260726T102553,2026-07-26T10:26:41.694234+00:00
C-1efd02e6,0.7577155204505364,1,20260726T102553,2026-07-26T10:26:41.694234+00:00
C-1afdd420,0.8759392502571418,1,20260726T102553,2026-07-26T10:26:41.694234+00:00
C-427d8bb9,0.13380407071637163,0,20260726T102553,2026-07-26T10:26:41.694234+00:00
C-469d620d,0.7696802542560529,1,20260726T102553,2026-07-26T10:26:41.694234+00:00
C-53687f0b,0.5488037161988686,1,20260726T102553,2026-07-26T10:26:41.694234+00:00
C-13fa4612,0.19138014282980684,0,20260726T102553,2026-07-26T10:26:41.694234+00:00
C-1092155b,0.05510913333689959,0,20260726T102553,2026-07-26T10:26:41.694234+00:00
C-e233632a,0.7536110555715926,1,20260726T102553,2026-07-26T10:26:41.694234+00:00
C-e006fff4,0.7613619584898433,1,20260726T102553,2026-07-26T10:26:41.694234+00:00
C-5dffd7b6,0.3751060291742286,0,20260726T102553,2026-07-26T10:26:41.694234+00:00
C-7571a5f5,0.7620122173014591,1,20260726T102553,2026-07-26T10:26:41.694234+00:00
C-d55fee05,0.714422856939809,1,20260726T102553,2026-07-26T10:26:41.694234+00:00
C-0dac756d,0.09235729110509779,0,20260726T102553,2026-07-26T10:26:41.694234+00:00
C-bab25d5a,0.0809030073280875,0,20260726T102553,2026-07-26T10:26:41.694234+00:00
C-763fe511,0.685356199911149,1,20260726T102553,2026-07-26T10:26:41.694234+00:00
C-db82ed3a,0.9108331637339856,1,20260726T102553,2026-07-26T10:26:41.694234+00:00
C-f7a47d73,0.5441889974864891,1,20260726T102553,2026-07-26T10:26:41.694234+00:00
C-622093ea,0.1201673823886422,0,20260726T102553,2026-07-26T10:26:41.694234+00:00
C-d113d37c,0.34264245830771334,0,20260726T102553,2026-07-26T10:26:41.694234+00:00
C-68c1e322,0.40695288808410024,0,20260726T102553,2026-07-26T10:26:41.694234+00:00
C-b1053e6a,0.6115874634016429,1,20260726T102553,2026-07-26T10:26:41.694234+00:00
C-6b95db2b,0.36035550192542243,0,20260726T102553,2026-07-26T10:26:41.694234+00:00
C-9b509323,0.03143952106469262,0,20260726T102553,2026-07-26T10:26:41.694234+00:00
C-c8155e0b,0.7361065740046554,1,20260726T102553,2026-07-26T10:26:41.694234+00:00
C-63dd1964,0.702690193744237,1,20260726T102553,2026-07-26T10:26:41.694234+00:00
C-097f3d3c,0.701614916319802,1,20260726T102553,2026-07-26T10:26:41.694234+00:00
C-322026d2,0.3219229224422559,0,20260726T102553,2026-07-26T10:26:41.694234+00:00
C-3db6260f,0.7132541928709416,1,20260726T102553,2026-07-26T10:26:41.694234+00:00
C-02d21d75,0.09323477031704733,0,20260726T102553,2026-07-26T10:26:41.694234+00:00
C-f13b4473,0.16196458312116377,0,20260726T102553,2026-07-26T10:26:41.694234+00:00
C-c381e453,0.9561370704870158,1,20260726T102553,2026-07-26T10:26:41.694234+00:00
C-d59fc5d9,0.045135458942864894,0,20260726T102553,2026-07-26T10:26:41.694234+00:00
C-402550d2,0.34649258156875623,0,20260726T102553,2026-07-26T10:26:41.694234+00:00
C-c30faf19,0.2989136067208547,0,20260726T102553,2026-07-26T10:26:41.694234+00:00
C-70860f6d,0.043325983755349254,0,20260726T102553,2026-07-26T10:26:41.694234+00:00
C-3d088108,0.7601722485737378,1,20260726T102553,2026-07-26T10:26:41.694234+00:00
C-478e686a,0.692139191404573,1,20260726T102553,2026-07-26T10:26:41.694234+00:00
C-dd76b09a,0.15788414770803158,0,20260726T102553,2026-07-26T10:26:41.694234+00:00
C-713973f0,0.5980420366078956,1,20260726T102553,2026-07-26T10:26:41.694234+00:00
C-383de565,0.12999663150653082,0,20260726T102553,2026-07-26T10:26:41.694234+00:00
C-5210971b,0.4774087979542317,0,20260726T102553,2026-07-26T10:26:41.694234+00:00
C-0b5246a0,0.3180029196685443,0,20260726T102553,2026-07-26T10:26:41.694234+00:00
C-8d5768d5,0.6159097309928957,1,20260726T102553,2026-07-26T10:26:41.694234+00:00
C-927d290b,0.6197357357472788,1,20260726T102553,2026-07-26T10:26:41.694234+00:00
C-33d340d6,0.45682727126546896,0,20260726T102553,2026-07-26T10:26:41.694234+00:00
C-283bc7e7,0.27142657255328523,0,20260726T102553,2026-07-26T10:26:41.694234+00:00
C-450baa3a,0.6130403547793092,1,20260726T102553,2026-07-26T10:26:41.694234+00:00
C-0bce3d67,0.5217086266768551,1,20260726T102553,2026-07-26T10:26:41.694234+00:00
C-f0f0f1fe,0.09776629407010372,0,20260726T102553,2026-07-26T10:26:41.694234+00:00
C-733a8b29,0.028265304983798548,0,20260726T102553,2026-07-26T10:26:41.694234+00:00
C-572eecbf,0.7056420751914745,1,20260726T102553,2026-07-26T10:26:41.694234+00:00
C-e3c4415e,0.856327660773817,1,20260726T102553,2026-07-26T10:26:41.694234+00:00
C-f6fa37a8,0.701869545668688,1,20260726T102553,2026-07-26T10:26:41.694234+00:00
C-ac5cbda8,0.16500851442075531,0,20260726T102553,2026-07-26T10:26:41.694234+00:00
C-1532b272,0.07670854788272287,0,20260726T102553,2026-07-26T10:26:41.694234+00:00
C-20e566f9,0.5217149456206396,1,20260726T102553,2026-07-26T10:26:41.694234+00:00
C-20fa9ab8,0.4094373935817254,0,20260726T102553,2026-07-26T10:26:41.694234+00:00
C-0dda442d,0.9153385663389562,1,20260726T102553,2026-07-26T10:26:41.694234+00:00
C-17f924ff,0.1507530468272659,0,20260726T102553,2026-07-26T10:26:41.694234+00:00
C-d1d4194e,0.16412028905817233,0,20260726T102553,2026-07-26T10:26:41.694234+00:00
C-40c24c68,0.8633413301579351,1,20260726T102553,2026-07-26T10:26:41.694234+00:00
C-623a0561,0.7632800134542909,1,20260726T102553,2026-07-26T10:26:41.694234+00:00
C-c9636e9a,0.7018392706606832,1,20260726T102553,2026-07-26T10:26:41.694234+00:00
C-b5001b9a,0.5357573714767567,1,20260726T102553,2026-07-26T10:26:41.694234+00:00
C-65592a5e,0.5068192098139206,1,20260726T102553,2026-07-26T10:26:41.694234+00:00
C-42bf3481,0.0844293681736597,0,20260726T102553,2026-07-26T10:26:41.694234+00:00
C-7f817208,0.5383934802185765,1,20260726T102553,2026-07-26T10:26:41.694234+00:00
C-3b5f15af,0.9424947277197315,1,20260726T102553,2026-07-26T10:26:41.694234+00:00
C-818a837d,0.5404527696796836,1,20260726T102553,2026-07-26T10:26:41.694234+00:00
C-28abb047,0.29548088057429983,0,20260726T102553,2026-07-26T10:26:41.694234+00:00
C-b6e3a3e5,0.0326318976245892,0,20260726T102553,2026-07-26T10:26:41.694234+00:00
C-4bdbc432,0.1836731909216621,0,20260726T102553,2026-07-26T10:26:41.694234+00:00
C-c2435e59,0.7296560592709668,1,20260726T102553,2026-07-26T10:26:41.694234+00:00
C-a0c420a2,0.019644647392899974,0,20260726T102553,2026-07-26T10:26:41.694234+00:00
C-bcbdc6fc,0.4412481084292547,0,20260726T102553,2026-07-26T10:26:41.694234+00:00
C-bce7969d,0.7473469703852705,1,20260726T102553,2026-07-26T10:26:41.694234+00:00
C-c555a81b,0.332601800224846,0,20260726T102553,2026-07-26T10:26:41.694234+00:00
C-0fd537fd,0.02772994072424469,0,20260726T102553,2026-07-26T10:26:41.694234+00:00
C-3c728b04,0.7064823644357568,1,20260726T102553,2026-07-26T10:26:41.694234+00:00
C-e215c2a2,0.6522504199034254,1,20260726T102553,2026-07-26T10:26:41.694234+00:00
C-285e6c01,0.06294461040332458,0,20260726T102553,2026-07-26T10:26:41.694234+00:00
C-7021a92c,0.34165005518003094,0,20260726T102553,2026-07-26T10:26:41.694234+00:00
C-d68b4e9f,0.27379929677496306,0,20260726T102553,2026-07-26T10:26:41.694234+00:00
C-f670116b,0.5031577132461429,1,20260726T102553,2026-07-26T10:26:41.694234+00:00
C-9400911a,0.8690261987961561,1,20260726T102553,2026-07-26T10:26:41.694234+00:00
C-245ecb03,0.6528335809746839,1,20260726T102553,2026-07-26T10:26:41.694234+00:00
C-dc47e0ce,0.7337632109437957,1,20260726T102553,2026-07-26T10:26:41.694234+00:00
C-c9fbd2d8,0.6635104417806595,1,20260726T102553,2026-07-26T10:26:41.694234+00:00
C-cc8183e3,0.5447960996944432,1,20260726T102553,2026-07-26T10:26:41.694234+00:00
C-ee275102,0.6900658444669971,1,20260726T102553,2026-07-26T10:26:41.694234+00:00
C-965bf000,0.13718190987309747,0,20260726T102553,2026-07-26T10:26:41.694234+00:00
C-3d1ad66d,0.6915082102155475,1,20260726T102553,2026-07-26T10:26:41.694234+00:00
C-a3d76e0e,0.8397683660289372,1,20260726T102553,2026-07-26T10:26:41.694234+00:00
C-1ee117a7,0.22387788065838876,0,20260726T102553,2026-07-26T10:26:41.694234+00:00
C-4b85b698,0.6813039667748055,1,20260726T102553,2026-07-26T10:26:41.694234+00:00
C-a41de8f8,0.020089968155048533,0,20260726T102553,2026-07-26T10:26:41.694234+00:00
C-b4515bbd,0.889071907001138,1,20260726T102553,2026-07-26T10:26:41.694234+00:00
C-c7b4ae84,0.47482415037783066,0,20260726T102553,2026-07-26T10:26:41.694234+00:00
C-da0cf263,0.7747449450975691,1,20260726T102553,2026-07-26T10:26:41.694234+00:00
C-f17451d0,0.08367769925272497,0,20260726T102553,2026-07-26T10:26:41.694234+00:00
C-377f1a99,0.19464849014028865,0,20260726T102553,2026-07-26T10:26:41.694234+00:00
C-86d60c3b,0.3439333585621115,0,20260726T102553,2026-07-26T10:26:41.694234+00:00
C-3614fc37,0.6883730255567534,1,20260726T102553,2026-07-26T10:26:41.694234+00:00
C-dd280f31,0.08619400986597654,0,20260726T102553,2026-07-26T10:26:41.694234+00:00
C-d6f65a98,0.05089192851089374,0,20260726T102553,2026-07-26T10:26:41.694234+00:00
C-9a70cf93,0.7788557883051894,1,20260726T102553,2026-07-26T10:26:41.694234+00:00
C-ec3cf4a5,0.02941346346646711,0,20260726T102553,2026-07-26T10:26:41.694234+00:00
C-2282dc41,0.4445319304573112,0,20260726T102553,2026-07-26T10:26:41.694234+00:00
C-32edacde,0.8391726966429527,1,20260726T102553,2026-07-26T10:26:41.694234+00:00
C-47884778,0.28734148793513725,0,20260726T102553,2026-07-26T10:26:41.694234+00:00
C-c1de698b,0.6974118139975227,1,20260726T102553,2026-07-26T10:26:41.694234+00:00
C-6dfdb312,0.41054237266421356,0,20260726T102553,2026-07-26T10:26:41.694234+00:00
C-c8ab4637,0.4733626088611345,0,20260726T102553,2026-07-26T10:26:41.694234+00:00
C-b17b5ca1,0.5102016661250517,1,20260726T102553,2026-07-26T10:26:41.694234+00:00
C-c940c1f0,0.6301394872699301,1,20260726T102553,2026-07-26T10:26:41.694234+00:00
C-0d4e5eaf,0.8680818903756586,1,20260726T102553,2026-07-26T10:26:41.694234+00:00
C-3323e108,0.9321315876299655,1,20260726T102553,2026-07-26T10:26:41.694234+00:00
C-b3934c5d,0.745584604478147,1,20260726T102553,2026-07-26T10:26:41.694234+00:00
C-782d76b0,0.9048292725182293,1,20260726T102553,2026-07-26T10:26:41.694234+00:00
C-77e3646c,0.4178611793949136,0,20260726T102553,2026-07-26T10:26:41.694234+00:00
C-5f91a1f3,0.6403389918319352,1,20260726T102553,2026-07-26T10:26:41.694234+00:00
C-1412102a,0.20198894811899348,0,20260726T102553,2026-07-26T10:26:41.694234+00:00
C-a5627f78,0.3718646016927154,0,20260726T102553,2026-07-26T10:26:41.694234+00:00
C-6f10c6ef,0.8537665211786523,1,20260726T102553,2026-07-26T10:26:41.694234+00:00
C-0ced5f77,0.44380679603744033,0,20260726T102553,2026-07-26T10:26:41.694234+00:00
C-28d06afe,0.9195412274002506,1,20260726T102553,2026-07-26T10:26:41.694234+00:00
C-0be93106,0.28645347758865985,0,20260726T102553,2026-07-26T10:26:41.694234+00:00
C-0bb3efe6,0.6994831256258072,1,20260726T102553,2026-07-26T10:26:41.694234+00:00
C-d6ca3f01,0.10865180009691915,0,20260726T102553,2026-07-26T10:26:41.694234+00:00
C-47dec556,0.5739644183185445,1,20260726T102553,2026-07-26T10:26:41.694234+00:00
C-61cb3257,0.7115061303339313,1,20260726T102553,2026-07-26T10:26:41.694234+00:00
C-f4219eb3,0.14533805913042397,0,20260726T102553,2026-07-26T10:26:41.694234+00:00
C-b6055e2f,0.09556446681814622,0,20260726T102553,2026-07-26T10:26:41.694234+00:00
C-d987e72b,0.09091808538798875,0,20260726T102553,2026-07-26T10:26:41.694234+00:00
C-f4bd1f67,0.761987622879461,1,20260726T102553,2026-07-26T10:26:41.694234+00:00
C-34d2fbb8,0.7963045327152002,1,20260726T102553,2026-07-26T10:26:41.694234+00:00
C-b07feea2,0.10361907267907633,0,20260726T102553,2026-07-26T10:26:41.694234+00:00
C-51866b13,0.02681225362396212,0,20260726T102553,2026-07-26T10:26:41.694234+00:00
C-42059461,0.772535698695587,1,20260726T102553,2026-07-26T10:26:41.694234+00:00
C-acc7ce26,0.743635833202652,1,20260726T102553,2026-07-26T10:26:41.694234+00:00
C-3eb735c4,0.5685081602502597,1,20260726T102553,2026-07-26T10:26:41.694234+00:00
C-8d83b5f4,0.6067019401413679,1,20260726T102553,2026-07-26T10:26:41.694234+00:00
C-9522eb84,0.10779157354063938,0,20260726T102553,2026-07-26T10:26:41.694234+00:00
C-f7959471,0.20599858789545258,0,20260726T102553,2026-07-26T10:26:41.694234+00:00
C-0b13cc60,0.9428234475444189,1,20260726T102553,2026-07-26T10:26:41.694234+00:00
C-1200cbc8,0.6023704495896032,1,20260726T102553,2026-07-26T10:26:41.694234+00:00
C-6ee457f5,0.8289219092370145,1,20260726T102553,2026-07-26T10:26:41.694234+00:00
C-21ec655f,0.6524817062234843,1,20260726T102553,2026-07-26T10:26:41.694234+00:00
C-1a502109,0.6725557015595324,1,20260726T102553,2026-07-26T10:26:41.694234+00:00
C-67a495d1,0.9096938899946487,1,20260726T102553,2026-07-26T10:26:41.694234+00:00
C-6dc69ed1,0.7214183408065507,1,20260726T102553,2026-07-26T10:26:41.694234+00:00
C-7c4ade18,0.45945760730331386,0,20260726T102553,2026-07-26T10:26:41.694234+00:00
C-a95a446d,0.0523840701588813,0,20260726T102553,2026-07-26T10:26:41.694234+00:00
C-23a4e789,0.8636406322012091,1,20260726T102553,2026-07-26T10:26:41.694234+00:00
C-f0e1bdef,0.1193770730043837,0,20260726T102553,2026-07-26T10:26:41.694234+00:00
C-f054fab1,0.07506210622092754,0,20260726T102553,2026-07-26T10:26:41.694234+00:00
C-8b3417f7,0.4471217106879401,0,20260726T102553,2026-07-26T10:26:41.694234+00:00
C-8aa1d068,0.5577095992270282,1,20260726T102553,2026-07-26T10:26:41.694234+00:00
C-6227172a,0.9137707746067621,1,20260726T102553,2026-07-26T10:26:41.694234+00:00
C-687e36a5,0.4164473628641513,0,20260726T102553,2026-07-26T10:26:41.694234+00:00
C-17fa0943,0.4689000448495355,0,20260726T102553,2026-07-26T10:26:41.694234+00:00
C-67120edb,0.1271936181691121,0,20260726T102553,2026-07-26T10:26:41.694234+00:00
C-0cb61f31,0.29425076094776176,0,20260726T102553,2026-07-26T10:26:41.694234+00:00
C-a6a154ef,0.3667436711190443,0,20260726T102553,2026-07-26T10:26:41.694234+00:00
C-f310a06d,0.4579037351066315,0,20260726T102553,2026-07-26T10:26:41.694234+00:00
C-3f43cf4d,0.6930630746816527,1,20260726T102553,2026-07-26T10:26:41.694234+00:00
C-af1aecef,0.6862949741588699,1,20260726T102553,2026-07-26T10:26:41.694234+00:00
C-372f8245,0.15325878445919575,0,20260726T102553,2026-07-26T10:26:41.694234+00:00
C-2b63ed97,0.278133688050789,0,20260726T102553,2026-07-26T10:26:41.694234+00:00
C-294ab4d3,0.4550955568401752,0,20260726T102553,2026-07-26T10:26:41.694234+00:00
C-18a13f53,0.30102870166303514,0,20260726T102553,2026-07-26T10:26:41.694234+00:00
C-29fcfc3e,0.44028045425836765,0,20260726T102553,2026-07-26T10:26:41.694234+00:00
C-a88faa29,0.1779096252666846,0,20260726T102553,2026-07-26T10:26:41.694234+00:00
C-7335f9f2,0.7134551907855269,1,20260726T102553,2026-07-26T10:26:41.694234+00:00
C-e058a5d7,0.48089990219289047,0,20260726T102553,2026-07-26T10:26:41.694234+00:00
C-0c084157,0.34525493260611356,0,20260726T102553,2026-07-26T10:26:41.694234+00:00
C-e954cc32,0.4154930579460903,0,20260726T102553,2026-07-26T10:26:41.694234+00:00
C-f603d712,0.41482716313937645,0,20260726T102553,2026-07-26T10:26:41.694234+00:00
C-ab5341a5,0.6873047480131983,1,20260726T102553,2026-07-26T10:26:41.694234+00:00
C-5f5148ec,0.7765573070959096,1,20260726T102553,2026-07-26T10:26:41.694234+00:00
C-5650fbeb,0.7515641585133829,1,20260726T102553,2026-07-26T10:26:41.694234+00:00
C-cd64ab19,0.8171125056587368,1,20260726T102553,2026-07-26T10:26:41.694234+00:00
C-96100c68,0.6408525800156759,1,20260726T102553,2026-07-26T10:26:41.694234+00:00
C-6900248e,0.33166038098319817,0,20260726T102553,2026-07-26T10:26:41.694234+00:00
C-01aeb88f,0.7093434834616271,1,20260726T102553,2026-07-26T10:26:41.694234+00:00
C-65965f66,0.5346123907390696,1,20260726T102553,2026-07-26T10:26:41.694234+00:00
C-ad2e6771,0.02361091750530536,0,20260726T102553,2026-07-26T10:26:41.694234+00:00
C-b251e9ea,0.5085196379832916,1,20260726T102553,2026-07-26T10:26:41.694234+00:00
C-a186ab9d,0.3383509128249455,0,20260726T102553,2026-07-26T10:26:41.694234+00:00
C-d7451e58,0.920828900371912,1,20260726T102553,2026-07-26T10:26:41.694234+00:00
C-9e1aae87,0.04530598538529308,0,20260726T102553,2026-07-26T10:26:41.694234+00:00
C-784e7309,0.5353862488326459,1,20260726T102553,2026-07-26T10:26:41.694234+00:00
C-61546363,0.5949523472343172,1,20260726T102553,2026-07-26T10:26:41.694234+00:00
C-84d5160b,0.8736894439676849,1,20260726T102553,2026-07-26T10:26:41.694234+00:00
C-2505d5e6,0.5148174546192331,1,20260726T102553,2026-07-26T10:26:41.694234+00:00
C-d3d639b9,0.6527873467271056,1,20260726T102553,2026-07-26T10:26:41.694234+00:00
C-1390fe73,0.11384023914913012,0,20260726T102553,2026-07-26T10:26:41.694234+00:00
C-7caddc69,0.5424561747133311,1,20260726T102553,2026-07-26T10:26:41.694234+00:00
C-0648ba5a,0.8543586608566855,1,20260726T102553,2026-07-26T10:26:41.694234+00:00
C-efab50d7,0.585734171576484,1,20260726T102553,2026-07-26T10:26:41.694234+00:00
C-e487e328,0.8323967500747884,1,20260726T102553,2026-07-26T10:26:41.694234+00:00
C-a600fe47,0.6299807649393161,1,20260726T102553,2026-07-26T10:26:41.694234+00:00
C-a9702fa4,0.1829718564370908,0,20260726T102553,2026-07-26T10:26:41.694234+00:00
C-45ba6723,0.049419014175783794,0,20260726T102553,2026-07-26T10:26:41.694234+00:00
C-9d7cf392,0.38594972469345334,0,20260726T102553,2026-07-26T10:26:41.694234+00:00
C-18bdfa5e,0.7176659754458901,1,20260726T102553,2026-07-26T10:26:41.694234+00:00
C-522bd91a,0.710427648697045,1,20260726T102553,2026-07-26T10:26:41.694234+00:00
C-50045a9c,0.1265992032936515,0,20260726T102553,2026-07-26T10:26:41.694234+00:00
C-16785f7b,0.5124182716796086,1,20260726T102553,2026-07-26T10:26:41.694234+00:00
C-1168badb,0.47225830092581284,0,20260726T102553,2026-07-26T10:26:41.694234+00:00
C-4bc161c8,0.46618639539361856,0,20260726T102553,2026-07-26T10:26:41.694234+00:00
C-d14b6101,0.46926308189545135,0,20260726T102553,2026-07-26T10:26:41.694234+00:00
C-ee92c883,0.8450871358350529,1,20260726T102553,2026-07-26T10:26:41.694234+00:00
C-0d0e840b,0.8017822171577138,1,20260726T102553,2026-07-26T10:26:41.694234+00:00
C-c06ab419,0.4100143674978518,0,20260726T102553,2026-07-26T10:26:41.694234+00:00
C-3029933c,0.792565606950164,1,20260726T102553,2026-07-26T10:26:41.694234+00:00
C-4e1d0e9e,0.207561909946135,0,20260726T102553,2026-07-26T10:26:41.694234+00:00
C-8ee496e0,0.01917777267117425,0,20260726T102553,2026-07-26T10:26:41.694234+00:00
C-83f6f1a5,0.09266234415295978,0,20260726T102553,2026-07-26T10:26:41.694234+00:00
C-4e3e4791,0.5930155090084193,1,20260726T102553,2026-07-26T10:26:41.694234+00:00
C-720f8084,0.31813509880752816,0,20260726T102553,2026-07-26T10:26:41.694234+00:00
C-b5233c10,0.10096396178833426,0,20260726T102553,2026-07-26T10:26:41.694234+00:00
C-2b5f0e17,0.36192968440591927,0,20260726T102553,2026-07-26T10:26:41.694234+00:00
C-70e85aff,0.5194612493471134,1,20260726T102553,2026-07-26T10:26:41.694234+00:00
C-e2137731,0.19257207210067032,0,20260726T102553,2026-07-26T10:26:41.694234+00:00
C-a9d74b67,0.1646431540899676,0,20260726T102553,2026-07-26T10:26:41.694234+00:00
C-47cae531,0.7523554442580163,1,20260726T102553,2026-07-26T10:26:41.694234+00:00
C-11812c12,0.11988275254039137,0,20260726T102553,2026-07-26T10:26:41.694234+00:00
C-e0601e9f,0.49045788159689263,0,20260726T102553,2026-07-26T10:26:41.694234+00:00
C-4c84afed,0.716768564198932,1,20260726T102553,2026-07-26T10:26:41.694234+00:00
C-bf6f7e83,0.2812691464026865,0,20260726T102553,2026-07-26T10:26:41.694234+00:00
C-2c32844b,0.5993271831336692,1,20260726T102553,2026-07-26T10:26:41.694234+00:00
C-90ca1ed1,0.789300981287057,1,20260726T102553,2026-07-26T10:26:41.694234+00:00
C-684bbf59,0.05684224656634992,0,20260726T102553,2026-07-26T10:26:41.694234+00:00
C-36d57806,0.20190953269107073,0,20260726T102553,2026-07-26T10:26:41.694234+00:00
C-8398e54e,0.5488757037785477,1,20260726T102553,2026-07-26T10:26:41.694234+00:00
C-93dc3b2a,0.7077061026384974,1,20260726T102553,2026-07-26T10:26:41.694234+00:00
C-87e8e9a4,0.46008118742916493,0,20260726T102553,2026-07-26T10:26:41.694234+00:00
C-65880d11,0.1552620991477533,0,20260726T102553,2026-07-26T10:26:41.694234+00:00
C-086bb9ba,0.20211576782376497,0,20260726T102553,2026-07-26T10:26:41.694234+00:00
C-9f4b2890,0.044927801807763054,0,20260726T102553,2026-07-26T10:26:41.694234+00:00
C-0f57d587,0.041555193728140136,0,20260726T102553,2026-07-26T10:26:41.694234+00:00
C-3348ab9c,0.4520197132317339,0,20260726T102553,2026-07-26T10:26:41.694234+00:00
C-48285c86,0.33226317532907307,0,20260726T102553,2026-07-26T10:26:41.694234+00:00
C-0af8f187,0.029667376573464712,0,20260726T102553,2026-07-26T10:26:41.694234+00:00
C-0c100ff7,0.2845563553053678,0,20260726T102553,2026-07-26T10:26:41.694234+00:00
C-759cbcbc,0.3652470085188223,0,20260726T102553,2026-07-26T10:26:41.694234+00:00
C-92a7c1d5,0.648469565079021,1,20260726T102553,2026-07-26T10:26:41.694234+00:00
C-10693f70,0.45383867185869575,0,20260726T102553,2026-07-26T10:26:41.694234+00:00
C-1655b815,0.5429402446843873,1,20260726T102553,2026-07-26T10:26:41.694234+00:00
C-6f16ae82,0.16347641329684917,0,20260726T102553,2026-07-26T10:26:41.694234+00:00
C-03fa7adf,0.07662086208118199,0,20260726T102553,2026-07-26T10:26:41.694234+00:00
C-d26e5f6f,0.15060757340067144,0,20260726T102553,2026-07-26T10:26:41.694234+00:00
C-f0010115,0.8165229322594286,1,20260726T102553,2026-07-26T10:26:41.694234+00:00
C-5329f083,0.7637788935963137,1,20260726T102553,2026-07-26T10:26:41.694234+00:00
C-e4fe3d71,0.1503341519978895,0,20260726T102553,2026-07-26T10:26:41.694234+00:00
C-6752ee8d,0.7615994239384888,1,20260726T102553,2026-07-26T10:26:41.694234+00:00
C-2efc109e,0.23046832929350458,0,20260726T102553,2026-07-26T10:26:41.694234+00:00
C-3298f241,0.0758944143822037,0,20260726T102553,2026-07-26T10:26:41.694234+00:00
C-ead6afa7,0.0851020543017693,0,20260726T102553,2026-07-26T10:26:41.694234+00:00
C-0ae323c9,0.43452753432127894,0,20260726T102553,2026-07-26T10:26:41.694234+00:00
C-27f7efd3,0.3412946274691117,0,20260726T102553,2026-07-26T10:26:41.694234+00:00
C-38aa0b39,0.8665813470574804,1,20260726T102553,2026-07-26T10:26:41.694234+00:00
C-c00fa13d,0.5166081697713282,1,20260726T102553,2026-07-26T10:26:41.694234+00:00
C-b62df544,0.2534401137563708,0,20260726T102553,2026-07-26T10:26:41.694234+00:00
C-a822a971,0.27084280330989297,0,20260726T102553,2026-07-26T10:26:41.694234+00:00
C-c2821796,0.8690656282494953,1,20260726T102553,2026-07-26T10:26:41.694234+00:00
C-8bb11cfb,0.4411186100882277,0,20260726T102553,2026-07-26T10:26:41.694234+00:00
C-fdff2e1c,0.7233623078121624,1,20260726T102553,2026-07-26T10:26:41.694234+00:00
C-a4716167,0.7735082664555896,1,20260726T102553,2026-07-26T10:26:41.694234+00:00
C-055b5b00,0.354567756205695,0,20260726T102553,2026-07-26T10:26:41.694234+00:00
C-55d5eac4,0.2707660574102543,0,20260726T102553,2026-07-26T10:26:41.694234+00:00
C-f46735df,0.3910618757015321,0,20260726T102553,2026-07-26T10:26:41.694234+00:00
C-4670fd0f,0.10406579288307673,0,20260726T102553,2026-07-26T10:26:41.694234+00:00
C-005ed9b9,0.9832011916011034,1,20260726T102553,2026-07-26T10:26:41.694234+00:00
C-a94a2bcb,0.3254504645858259,0,20260726T102553,2026-07-26T10:26:41.694234+00:00
C-45e1a7c1,0.47129030592463733,0,20260726T102553,2026-07-26T10:26:41.694234+00:00
C-38640a59,0.39241839709709175,0,20260726T102553,2026-07-26T10:26:41.694234+00:00
C-ebbc6a6d,0.027099945998549722,0,20260726T102553,2026-07-26T10:26:41.694234+00:00
C-7c2a0956,0.517187494900253,1,20260726T102553,2026-07-26T10:26:41.694234+00:00
C-3a1407b9,0.09909350872274156,0,20260726T102553,2026-07-26T10:26:41.694234+00:00
C-1bb6ffc0,0.1044742268812286,0,20260726T102553,2026-07-26T10:26:41.694234+00:00
C-ee5b4849,0.6753002790215233,1,20260726T102553,2026-07-26T10:26:41.694234+00:00
C-919a515d,0.8934916953395939,1,20260726T102553,2026-07-26T10:26:41.694234+00:00
C-b9b6c520,0.4902182705000611,0,20260726T102553,2026-07-26T10:26:41.694234+00:00
C-640733af,0.10414850243415498,0,20260726T102553,2026-07-26T10:26:41.694234+00:00
C-3b51e0a4,0.503411991521636,1,20260726T102553,2026-07-26T10:26:41.694234+00:00
C-dd82dd55,0.3239656072348893,0,20260726T102553,2026-07-26T10:26:41.694234+00:00
C-605c9d56,0.539140636075474,1,20260726T102553,2026-07-26T10:26:41.694234+00:00
C-a2fbb41e,0.36362890560982586,0,20260726T102553,2026-07-26T10:26:41.694234+00:00
C-f3ffb65f,0.3774647206808749,0,20260726T102553,2026-07-26T10:26:41.694234+00:00
C-9597e0dd,0.11982271669514526,0,20260726T102553,2026-07-26T10:26:41.694234+00:00
C-ee4ec024,0.1424333316102614,0,20260726T102553,2026-07-26T10:26:41.694234+00:00
C-56c448bb,0.33442742376705603,0,20260726T102553,2026-07-26T10:26:41.694234+00:00
C-4f3d978d,0.9153716278775609,1,20260726T102553,2026-07-26T10:26:41.694234+00:00
C-c51ac6c0,0.03510119080902338,0,20260726T102553,2026-07-26T10:26:41.694234+00:00
C-8f470d42,0.8694715366639404,1,20260726T102553,2026-07-26T10:26:41.694234+00:00
C-41069812,0.03126105129282293,0,20260726T102553,2026-07-26T10:26:41.694234+00:00
C-b3dd672e,0.45256906817513615,0,20260726T102553,2026-07-26T10:26:41.694234+00:00
C-ee805b15,0.6051012258470468,1,20260726T102553,2026-07-26T10:26:41.694234+00:00
C-e460f78b,0.025533067617896334,0,20260726T102553,2026-07-26T10:26:41.694234+00:00
C-62d0abd5,0.40840354793343936,0,20260726T102553,2026-07-26T10:26:41.694234+00:00
C-b1f1bf7a,0.33169641496591823,0,20260726T102553,2026-07-26T10:26:41.694234+00:00
C-da43dc32,0.772012153924481,1,20260726T102553,2026-07-26T10:26:41.694234+00:00
C-dc8416d8,0.23693071651877137,0,20260726T102553,2026-07-26T10:26:41.694234+00:00
C-791868ca,0.870338737389766,1,20260726T102553,2026-07-26T10:26:41.694234+00:00
C-72ab5150,0.5359341701907211,1,20260726T102553,2026-07-26T10:26:41.694234+00:00
C-64d98c8a,0.5261334125826473,1,20260726T102553,2026-07-26T10:26:41.694234+00:00
C-e516ddaa,0.33546425372609656,0,20260726T102553,2026-07-26T10:26:41.694234+00:00
C-296a68f3,0.23860311106421178,0,20260726T102553,2026-07-26T10:26:41.694234+00:00
C-a285aac3,0.07246152876579318,0,20260726T102553,2026-07-26T10:26:41.694234+00:00
C-e5739e00,0.3839204251585903,0,20260726T102553,2026-07-26T10:26:41.694234+00:00
C-2408092a,0.23036093682853262,0,20260726T102553,2026-07-26T10:26:41.694234+00:00
C-2d016cec,0.19247883068792893,0,20260726T102553,2026-07-26T10:26:41.694234+00:00
C-d673aa48,0.13479535538615395,0,20260726T102553,2026-07-26T10:26:41.694234+00:00
C-dc3c8a29,0.3204837295501369,0,20260726T102553,2026-07-26T10:26:41.694234+00:00
C-4fb7bd0d,0.8717289977857801,1,20260726T102553,2026-07-26T10:26:41.694234+00:00
C-f58542a9,0.867898810195294,1,20260726T102553,2026-07-26T10:26:41.694234+00:00
C-d878bb37,0.33277943718619535,0,20260726T102553,2026-07-26T10:26:41.694234+00:00
C-7b6754ae,0.478077267408785,0,20260726T102553,2026-07-26T10:26:41.694234+00:00
C-8a2ad3b0,0.25169309386858596,0,20260726T102553,2026-07-26T10:26:41.694234+00:00
C-2a266648,0.6608342534124774,1,20260726T102553,2026-07-26T10:26:41.694234+00:00
C-b5e07ccb,0.8439243219207944,1,20260726T102553,2026-07-26T10:26:41.694234+00:00
C-2d245302,0.02513354509022094,0,20260726T102553,2026-07-26T10:26:41.694234+00:00
C-82f18bc9,0.8073614648370342,1,20260726T102553,2026-07-26T10:26:41.694234+00:00
C-c764de7d,0.7776485341878739,1,20260726T102553,2026-07-26T10:26:41.694234+00:00
C-cf85f019,0.4112489139490103,0,20260726T102553,2026-07-26T10:26:41.694234+00:00
C-26489c20,0.7368700955894545,1,20260726T102553,2026-07-26T10:26:41.694234+00:00
C-f9d49df9,0.9144795677315645,1,20260726T102553,2026-07-26T10:26:41.694234+00:00
C-dc538104,0.8629940005942437,1,20260726T102553,2026-07-26T10:26:41.694234+00:00
C-c569689c,0.5278518056815268,1,20260726T102553,2026-07-26T10:26:41.694234+00:00
C-9e9de67f,0.36526977447842085,0,20260726T102553,2026-07-26T10:26:41.694234+00:00
C-af69d145,0.44603831719570103,0,20260726T102553,2026-07-26T10:26:41.694234+00:00
C-4d8960c8,0.7144271086318006,1,20260726T102553,2026-07-26T10:26:41.694234+00:00
C-7a51a90f,0.17326051325707373,0,20260726T102553,2026-07-26T10:26:41.694234+00:00
C-a7f535ea,0.402435557497195,0,20260726T102553,2026-07-26T10:26:41.694234+00:00
C-d705d113,0.12466671979274166,0,20260726T102553,2026-07-26T10:26:41.694234+00:00
C-4b4f5643,0.8976719592811363,1,20260726T102553,2026-07-26T10:26:41.694234+00:00
C-f2871c26,0.4484254345807149,0,20260726T102553,2026-07-26T10:26:41.694234+00:00
C-064e1fc5,0.5006491341300354,1,20260726T102553,2026-07-26T10:26:41.694234+00:00
C-436d356c,0.11645778598543914,0,20260726T102553,2026-07-26T10:26:41.694234+00:00
C-60e49d6f,0.6595489309107311,1,20260726T102553,2026-07-26T10:26:41.694234+00:00
C-b592c808,0.7631822150138078,1,20260726T102553,2026-07-26T10:26:41.694234+00:00
C-b3fb8c0b,0.04064523615390691,0,20260726T102553,2026-07-26T10:26:41.694234+00:00
C-3806821e,0.09285067689499721,0,20260726T102553,2026-07-26T10:26:41.694234+00:00
C-c5849e7d,0.46495658084389085,0,20260726T102553,2026-07-26T10:26:41.694234+00:00
C-8c908420,0.20707123582933407,0,20260726T102553,2026-07-26T10:26:41.694234+00:00
C-6928930b,0.37561642014894675,0,20260726T102553,2026-07-26T10:26:41.694234+00:00
C-b90d6146,0.34878155650886933,0,20260726T102553,2026-07-26T10:26:41.694234+00:00
C-142ce610,0.020756247004920975,0,20260726T102553,2026-07-26T10:26:41.694234+00:00
C-45a13605,0.8652770037950699,1,20260726T102553,2026-07-26T10:26:41.694234+00:00
C-060ac60c,0.6594998583114046,1,20260726T102553,2026-07-26T10:26:41.694234+00:00
C-81a09916,0.8555280630506116,1,20260726T102553,2026-07-26T10:26:41.694234+00:00
C-247c8729,0.13829165410845934,0,20260726T102553,2026-07-26T10:26:41.694234+00:00
C-51f62ba5,0.38093141223226873,0,20260726T102553,2026-07-26T10:26:41.694234+00:00
C-ee0e61d0,0.7476471920179015,1,20260726T102553,2026-07-26T10:26:41.694234+00:00
C-b8018369,0.03311548793777173,0,20260726T102553,2026-07-26T10:26:41.694234+00:00
C-49658652,0.7070544622581392,1,20260726T102553,2026-07-26T10:26:41.694234+00:00
C-423fde75,0.8279252383670342,1,20260726T102553,2026-07-26T10:26:41.694234+00:00
C-8a83c768,0.6901149851979024,1,20260726T102553,2026-07-26T10:26:41.694234+00:00
C-f040f7ad,0.5416635770278566,1,20260726T102553,2026-07-26T10:26:41.694234+00:00
C-4898c22f,0.32613302707213015,0,20260726T102553,2026-07-26T10:26:41.694234+00:00
C-df44d767,0.8760408002604434,1,20260726T102553,2026-07-26T10:26:41.694234+00:00
C-0e3f3eb7,0.9232942642754806,1,20260726T102553,2026-07-26T10:26:41.694234+00:00
C-b98464eb,0.5100184911525041,1,20260726T102553,2026-07-26T10:26:41.694234+00:00
C-920bbc1b,0.7252541385799982,1,20260726T102553,2026-07-26T10:26:41.694234+00:00
C-3ebfb0e5,0.7727375192906871,1,20260726T102553,2026-07-26T10:26:41.694234+00:00
C-4669cdd6,0.3210359737926912,0,20260726T102553,2026-07-26T10:26:41.694234+00:00
C-7a6ffccb,0.0708900502746695,0,20260726T102553,2026-07-26T10:26:41.694234+00:00
C-7317fa1a,0.7310587841493269,1,20260726T102553,2026-07-26T10:26:41.694234+00:00
C-1e9969c3,0.08269638925758896,0,20260726T102553,2026-07-26T10:26:41.694234+00:00
C-e820d49e,0.7995716854785835,1,20260726T102553,2026-07-26T10:26:41.694234+00:00
C-1e03a203,0.5347936904824127,1,20260726T102553,2026-07-26T10:26:41.694234+00:00
C-9e4c386b,0.700889785269748,1,20260726T102553,2026-07-26T10:26:41.694234+00:00
C-582bb8b2,0.44409996657440765,0,20260726T102553,2026-07-26T10:26:41.694234+00:00
C-0381df8f,0.4689293145985524,0,20260726T102553,2026-07-26T10:26:41.694234+00:00
C-6427e461,0.79864363600636,1,20260726T102553,2026-07-26T10:26:41.694234+00:00
C-d59eb581,0.6742940706568008,1,20260726T102553,2026-07-26T10:26:41.694234+00:00
C-db24882d,0.3705276048858727,0,20260726T102553,2026-07-26T10:26:41.694234+00:00
C-03e48656,0.38073208088157634,0,20260726T102553,2026-07-26T10:26:41.694234+00:00
C-76cc408c,0.11174252724168185,0,20260726T102553,2026-07-26T10:26:41.694234+00:00
C-28ec0e6c,0.09681864695988221,0,20260726T102553,2026-07-26T10:26:41.694234+00:00
C-8d952c9a,0.33198718088941687,0,20260726T102553,2026-07-26T10:26:41.694234+00:00
C-9d4d6613,0.7529789153610762,1,20260726T102553,2026-07-26T10:26:41.694234+00:00
C-ab39ac19,0.33989070260486776,0,20260726T102553,2026-07-26T10:26:41.694234+00:00
C-63d3fad6,0.21419644219780215,0,20260726T102553,2026-07-26T10:26:41.694234+00:00
C-47bf208d,0.7337264326110177,1,20260726T102553,2026-07-26T10:26:41.694234+00:00
C-078863a4,0.5296786287447829,1,20260726T102553,2026-07-26T10:26:41.694234+00:00
C-4bbe3286,0.7996322223927691,1,20260726T102553,2026-07-26T10:26:41.694234+00:00
C-84d807a7,0.49055946195927674,0,20260726T102553,2026-07-26T10:26:41.694234+00:00
C-859ec940,0.634069690520095,1,20260726T102553,2026-07-26T10:26:41.694234+00:00
C-aef4dc7a,0.8253407610501252,1,20260726T102553,2026-07-26T10:26:41.694234+00:00
C-9adfac29,0.46473066066803714,0,20260726T102553,2026-07-26T10:26:41.694234+00:00
C-2fa926f9,0.9018473302854958,1,20260726T102553,2026-07-26T10:26:41.694234+00:00
C-7d5cdde5,0.4704753519617841,0,20260726T102553,2026-07-26T10:26:41.694234+00:00
C-3c76f71e,0.7547902100085037,1,20260726T102553,2026-07-26T10:26:41.694234+00:00
C-25125a01,0.32983589273232017,0,20260726T102553,2026-07-26T10:26:41.694234+00:00
C-9f9d9660,0.3999510207724508,0,20260726T102553,2026-07-26T10:26:41.694234+00:00
C-dae85ab3,0.3196143281991099,0,20260726T102553,2026-07-26T10:26:41.694234+00:00
C-6d5e7cb4,0.15387118787047488,0,20260726T102553,2026-07-26T10:26:41.694234+00:00
C-e688798b,0.6687819973473372,1,20260726T102553,2026-07-26T10:26:41.694234+00:00
C-77f99e48,0.9400858648598216,1,20260726T102553,2026-07-26T10:26:41.694234+00:00
C-cefe84b1,0.4336976224508286,0,20260726T102553,2026-07-26T10:26:41.694234+00:00
C-15b458ae,0.09469595893728897,0,20260726T102553,2026-07-26T10:26:41.694234+00:00
C-00870070,0.29502793092612833,0,20260726T102553,2026-07-26T10:26:41.694234+00:00
C-8592c772,0.3183502446691838,0,20260726T102553,2026-07-26T10:26:41.694234+00:00
C-ff6aa361,0.13006460708454004,0,20260726T102553,2026-07-26T10:26:41.694234+00:00
C-fd763143,0.9203375412127799,1,20260726T102553,2026-07-26T10:26:41.694234+00:00
C-087fa892,0.35118151916803997,0,20260726T102553,2026-07-26T10:26:41.694234+00:00
C-243ba859,0.07261866669496708,0,20260726T102553,2026-07-26T10:26:41.694234+00:00
C-7015aa57,0.6412324688357876,1,20260726T102553,2026-07-26T10:26:41.694234+00:00
C-4620d192,0.16758755045320822,0,20260726T102553,2026-07-26T10:26:41.694234+00:00
C-9e2b363b,0.3498039322921208,0,20260726T102553,2026-07-26T10:26:41.694234+00:00
C-f2265d2f,0.6172372626049372,1,20260726T102553,2026-07-26T10:26:41.694234+00:00
C-8ea144cd,0.7124232651095818,1,20260726T102553,2026-07-26T10:26:41.694234+00:00
C-556d2f8a,0.7842713645792626,1,20260726T102553,2026-07-26T10:26:41.694234+00:00
C-7b3abfd5,0.16343208137765472,0,20260726T102553,2026-07-26T10:26:41.694234+00:00
C-89ac5749,0.7423961589103166,1,20260726T102553,2026-07-26T10:26:41.694234+00:00
C-aa836fe4,0.7218882864452923,1,20260726T102553,2026-07-26T10:26:41.694234+00:00
C-d0d012a6,0.44790493681264304,0,20260726T102553,2026-07-26T10:26:41.694234+00:00
C-15bd8276,0.08628955160467539,0,20260726T102553,2026-07-26T10:26:41.694234+00:00
C-49572605,0.4444951910904031,0,20260726T102553,2026-07-26T10:26:41.694234+00:00
C-6fbf1be0,0.08669192203355815,0,20260726T102553,2026-07-26T10:26:41.694234+00:00
C-d40485dc,0.12010716210517751,0,20260726T102553,2026-07-26T10:26:41.694234+00:00
C-af2c2aa2,0.6395721193118029,1,20260726T102553,2026-07-26T10:26:41.694234+00:00
C-919785ad,0.07275814292145949,0,20260726T102553,2026-07-26T10:26:41.694234+00:00
C-87bc8511,0.08480427940088758,0,20260726T102553,2026-07-26T10:26:41.694234+00:00
C-02715df8,0.6826969965113432,1,20260726T102553,2026-07-26T10:26:41.694234+00:00
C-1b8f0fa4,0.7888474676194711,1,20260726T102553,2026-07-26T10:26:41.694234+00:00
C-0831769c,0.7551445944638534,1,20260726T102553,2026-07-26T10:26:41.694234+00:00
C-77001d6b,0.16249466129832665,0,20260726T102553,2026-07-26T10:26:41.694234+00:00
C-38b58ace,0.365135695272163,0,20260726T102553,2026-07-26T10:26:41.694234+00:00
C-f6aa7a73,0.4639064680271787,0,20260726T102553,2026-07-26T10:26:41.694234+00:00
C-10d77240,0.02622631204357145,0,20260726T102553,2026-07-26T10:26:41.694234+00:00
C-097a9519,0.5757539121345427,1,20260726T102553,2026-07-26T10:26:41.694234+00:00
C-db42eb37,0.29250209872253713,0,20260726T102553,2026-07-26T10:26:41.694234+00:00
C-15f7f4be,0.5328905247534648,1,20260726T102553,2026-07-26T10:26:41.694234+00:00
C-c98fce10,0.7560899847167524,1,20260726T102553,2026-07-26T10:26:41.694234+00:00
C-399e476b,0.7286487978122509,1,20260726T102553,2026-07-26T10:26:41.694234+00:00
C-d48d430e,0.1237929650220374,0,20260726T102553,2026-07-26T10:26:41.694234+00:00
C-541baf06,0.4034579455580178,0,20260726T102553,2026-07-26T10:26:41.694234+00:00
C-33271855,0.46075070575269433,0,20260726T102553,2026-07-26T10:26:41.694234+00:00
C-72248d5d,0.8999653362000548,1,20260726T102553,2026-07-26T10:26:41.694234+00:00
C-6e7e1232,0.05217662867455079,0,20260726T102553,2026-07-26T10:26:41.694234+00:00
C-efffe71c,0.8647207413639059,1,20260726T102553,2026-07-26T10:26:41.694234+00:00
C-3162a7b8,0.08941701201051827,0,20260726T102553,2026-07-26T10:26:41.694234+00:00
C-e35c4269,0.5460946046329372,1,20260726T102553,2026-07-26T10:26:41.694234+00:00
C-a517b7c7,0.4066207936987257,0,20260726T102553,2026-07-26T10:26:41.694234+00:00
C-7bfc2666,0.15564934967484673,0,20260726T102553,2026-07-26T10:26:41.694234+00:00
C-5a02b70e,0.32681712237615584,0,20260726T102553,2026-07-26T10:26:41.694234+00:00
C-cf2c818e,0.19198538317386793,0,20260726T102553,2026-07-26T10:26:41.694234+00:00
C-3ba62ae5,0.4946371282514634,0,20260726T102553,2026-07-26T10:26:41.694234+00:00
C-f49df881,0.606716213723421,1,20260726T102553,2026-07-26T10:26:41.694234+00:00
C-16c91c0e,0.6238903368509153,1,20260726T102553,2026-07-26T10:26:41.694234+00:00
C-b6b266e0,0.734714359282581,1,20260726T102553,2026-07-26T10:26:41.694234+00:00
C-3342433b,0.3939094742288774,0,20260726T102553,2026-07-26T10:26:41.694234+00:00
C-131943f0,0.9825234604341452,1,20260726T102553,2026-07-26T10:26:41.694234+00:00
C-0fc48743,0.19887192828338904,0,20260726T102553,2026-07-26T10:26:41.694234+00:00
C-64d15412,0.8312541556683924,1,20260726T102553,2026-07-26T10:26:41.694234+00:00
C-81eb2e68,0.13741058491324146,0,20260726T102553,2026-07-26T10:26:41.694234+00:00
C-699c6301,0.13735042271928066,0,20260726T102553,2026-07-26T10:26:41.694234+00:00
C-306e50d7,0.7914081740628218,1,20260726T102553,2026-07-26T10:26:41.694234+00:00
C-28e4abb0,0.6128988833066243,1,20260726T102553,2026-07-26T10:26:41.694234+00:00
C-554f45a0,0.19121237287458584,0,20260726T102553,2026-07-26T10:26:41.694234+00:00
C-c797871e,0.739131719299008,1,20260726T102553,2026-07-26T10:26:41.694234+00:00
C-005aa7c3,0.1652484459646369,0,20260726T102553,2026-07-26T10:26:41.694234+00:00
C-cf37ea13,0.7523721914318551,1,20260726T102553,2026-07-26T10:26:41.694234+00:00
C-f211b142,0.06779109493983017,0,20260726T102553,2026-07-26T10:26:41.694234+00:00
C-5c4fcc6d,0.6988742864287479,1,20260726T102553,2026-07-26T10:26:41.694234+00:00
C-cf28f96b,0.6835840586131859,1,20260726T102553,2026-07-26T10:26:41.694234+00:00
C-17a11bf8,0.09950588003329758,0,20260726T102553,2026-07-26T10:26:41.694234+00:00
C-5b6eff1d,0.4506886055543793,0,20260726T102553,2026-07-26T10:26:41.694234+00:00
C-dec4001f,0.8676520021533815,1,20260726T102553,2026-07-26T10:26:41.694234+00:00
C-3227e748,0.7930931599184861,1,20260726T102553,2026-07-26T10:26:41.694234+00:00
C-6077faf7,0.09368494216142235,0,20260726T102553,2026-07-26T10:26:41.694234+00:00
C-8f40d03e,0.18110561356707158,0,20260726T102553,2026-07-26T10:26:41.694234+00:00
C-54dd50fb,0.7669701617296317,1,20260726T102553,2026-07-26T10:26:41.694234+00:00
C-7a31e3e8,0.3985510745565906,0,20260726T102553,2026-07-26T10:26:41.694234+00:00
C-f2fcf73e,0.5517311575812864,1,20260726T102553,2026-07-26T10:26:41.694234+00:00
C-162c720e,0.2921700896761534,0,20260726T102553,2026-07-26T10:26:41.694234+00:00
C-a549180a,0.7581104851753673,1,20260726T102553,2026-07-26T10:26:41.694234+00:00
C-7011a30a,0.1223542182414055,0,20260726T102553,2026-07-26T10:26:41.694234+00:00
C-94e4673d,0.8438844551132682,1,20260726T102553,2026-07-26T10:26:41.694234+00:00
C-b2e88ffc,0.14076390334810115,0,20260726T102553,2026-07-26T10:26:41.694234+00:00
C-3afb607d,0.6508966834370262,1,20260726T102553,2026-07-26T10:26:41.694234+00:00
C-cfd24008,0.4668805034766009,0,20260726T102553,2026-07-26T10:26:41.694234+00:00
C-a7f97226,0.7956969049528391,1,20260726T102553,2026-07-26T10:26:41.694234+00:00
C-84898f74,0.2928666345632542,0,20260726T102553,2026-07-26T10:26:41.694234+00:00
C-71f8cbdd,0.09979253784073684,0,20260726T102553,2026-07-26T10:26:41.694234+00:00
C-48e03800,0.29544159849199425,0,20260726T102553,2026-07-26T10:26:41.694234+00:00
C-ebc8a20e,0.16192098213484216,0,20260726T102553,2026-07-26T10:26:41.694234+00:00
C-a2e16214,0.2363299200896047,0,20260726T102553,2026-07-26T10:26:41.694234+00:00
C-28664b3c,0.22797768122409687,0,20260726T102553,2026-07-26T10:26:41.694234+00:00
C-013b5115,0.8049708659850392,1,20260726T102553,2026-07-26T10:26:41.694234+00:00
C-11e2cbfe,0.6506873015647895,1,20260726T102553,2026-07-26T10:26:41.694234+00:00
C-833344cc,0.7256969624877991,1,20260726T102553,2026-07-26T10:26:41.694234+00:00
C-e1b34933,0.18075154634043838,0,20260726T102553,2026-07-26T10:26:41.694234+00:00
C-98f81e42,0.08096249383529054,0,20260726T102553,2026-07-26T10:26:41.694234+00:00
C-ba5562cf,0.5146620026924398,1,20260726T102553,2026-07-26T10:26:41.694234+00:00
C-b67ae40c,0.6886193987866133,1,20260726T102553,2026-07-26T10:26:41.694234+00:00
C-3d959108,0.8022780340512504,1,20260726T102553,2026-07-26T10:26:41.694234+00:00
C-d5205669,0.5297064165264874,1,20260726T102553,2026-07-26T10:26:41.694234+00:00
C-8cb40213,0.3947347571945151,0,20260726T102553,2026-07-26T10:26:41.694234+00:00
C-c5239d63,0.7053180389702102,1,20260726T102553,2026-07-26T10:26:41.694234+00:00
C-f154d18f,0.9079927028515414,1,20260726T102553,2026-07-26T10:26:41.694234+00:00
C-b3f53ddf,0.037887313794005596,0,20260726T102553,2026-07-26T10:26:41.694234+00:00
C-58078ec4,0.28509380747288865,0,20260726T102553,2026-07-26T10:26:41.694234+00:00
C-f648872c,0.7406876532311428,1,20260726T102553,2026-07-26T10:26:41.694234+00:00
C-5c231e9e,0.5402323683810679,1,20260726T102553,2026-07-26T10:26:41.694234+00:00
C-a3a781ee,0.5992063452422374,1,20260726T102553,2026-07-26T10:26:41.694234+00:00
C-90c39cd9,0.8662228992314132,1,20260726T102553,2026-07-26T10:26:41.694234+00:00
C-8d77d726,0.3005683319312623,0,20260726T102553,2026-07-26T10:26:41.694234+00:00
C-d823d749,0.9813471634077964,1,20260726T102553,2026-07-26T10:26:41.694234+00:00
C-93d0dc88,0.2623755376083385,0,20260726T102553,2026-07-26T10:26:41.694234+00:00
C-d89dd98f,0.18450004485964577,0,20260726T102553,2026-07-26T10:26:41.694234+00:00
C-599791e8,0.6543438582534492,1,20260726T102553,2026-07-26T10:26:41.694234+00:00
C-daf42a04,0.62491535527904,1,20260726T102553,2026-07-26T10:26:41.694234+00:00
C-fd95b779,0.41429348922223114,0,20260726T102553,2026-07-26T10:26:41.694234+00:00
C-50ed32a7,0.7082089926432431,1,20260726T102553,2026-07-26T10:26:41.694234+00:00
C-1fcc51e8,0.8609282300091765,1,20260726T102553,2026-07-26T10:26:41.694234+00:00
C-50802ede,0.8687348946684635,1,20260726T102553,2026-07-26T10:26:41.694234+00:00
C-11cc2105,0.07781854319739732,0,20260726T102553,2026-07-26T10:26:41.694234+00:00
C-e5009732,0.14182097237415028,0,20260726T102553,2026-07-26T10:26:41.694234+00:00
C-8c97f784,0.13826987560361984,0,20260726T102553,2026-07-26T10:26:41.694234+00:00
C-d2b6fdc3,0.6967637634899069,1,20260726T102553,2026-07-26T10:26:41.694234+00:00
C-a65c950e,0.7607553649462925,1,20260726T102553,2026-07-26T10:26:41.694234+00:00
C-5540bdbd,0.7619268722802938,1,20260726T102553,2026-07-26T10:26:41.694234+00:00
C-9c4e432b,0.06367687241670757,0,20260726T102553,2026-07-26T10:26:41.694234+00:00
C-3f9e9694,0.7915202275869077,1,20260726T102553,2026-07-26T10:26:41.694234+00:00
C-a123843a,0.31933497685590073,0,20260726T102553,2026-07-26T10:26:41.694234+00:00
C-dfa315b9,0.09799995882804247,0,20260726T102553,2026-07-26T10:26:41.694234+00:00
C-513ba5c9,0.12656893715429757,0,20260726T102553,2026-07-26T10:26:41.694234+00:00
C-45b0151b,0.6446134648116226,1,20260726T102553,2026-07-26T10:26:41.694234+00:00
C-f8618da6,0.02087650193506416,0,20260726T102553,2026-07-26T10:26:41.694234+00:00
C-cf8e16e2,0.2891414638001405,0,20260726T102553,2026-07-26T10:26:41.694234+00:00
C-0043e5fe,0.7366402645092952,1,20260726T102553,2026-07-26T10:26:41.694234+00:00
C-ae0c750b,0.6288761859774127,1,20260726T102553,2026-07-26T10:26:41.694234+00:00
C-3c4dfa98,0.808392331622608,1,20260726T102553,2026-07-26T10:26:41.694234+00:00
C-5853ec39,0.24878513735066685,0,20260726T102553,2026-07-26T10:26:41.694234+00:00
C-86489e11,0.9115491175973097,1,20260726T102553,2026-07-26T10:26:41.694234+00:00
C-cdde1555,0.10068416909876755,0,20260726T102553,2026-07-26T10:26:41.694234+00:00
C-9e378192,0.16129222366821933,0,20260726T102553,2026-07-26T10:26:41.694234+00:00
C-55bfed55,0.43622571915015573,0,20260726T102553,2026-07-26T10:26:41.694234+00:00
C-224195fb,0.8726091175894072,1,20260726T102553,2026-07-26T10:26:41.694234+00:00
C-7e5daf28,0.9115578200403783,1,20260726T102553,2026-07-26T10:26:41.694234+00:00
C-3bb07b30,0.07486145555797699,0,20260726T102553,2026-07-26T10:26:41.694234+00:00
C-d92e54a3,0.4467007307717208,0,20260726T102553,2026-07-26T10:26:41.694234+00:00
C-4d977fa3,0.05500495213874032,0,20260726T102553,2026-07-26T10:26:41.694234+00:00
C-17bea2ba,0.037337919489481834,0,20260726T102553,2026-07-26T10:26:41.694234+00:00
C-64157aad,0.8119172013944765,1,20260726T102553,2026-07-26T10:26:41.694234+00:00
C-fc89b436,0.6827482308806898,1,20260726T102553,2026-07-26T10:26:41.694234+00:00
C-11fd3f56,0.8227012888468787,1,20260726T102553,2026-07-26T10:26:41.694234+00:00
C-9a28fd4b,0.02493232279158124,0,20260726T102553,2026-07-26T10:26:41.694234+00:00
C-ea5bf8e8,0.6493090137331273,1,20260726T102553,2026-07-26T10:26:41.694234+00:00
C-76df10e5,0.4703729327422597,0,20260726T102553,2026-07-26T10:26:41.694234+00:00
C-b341c881,0.5800516669862877,1,20260726T102553,2026-07-26T10:26:41.694234+00:00
C-79e607d4,0.3804616676546092,0,20260726T102553,2026-07-26T10:26:41.694234+00:00
C-9f58cf2c,0.39008951392958574,0,20260726T102553,2026-07-26T10:26:41.694234+00:00
C-adbc298b,0.02722844510464818,0,20260726T102553,2026-07-26T10:26:41.694234+00:00
C-b8d4c9a7,0.9035504986440832,1,20260726T102553,2026-07-26T10:26:41.694234+00:00
C-7dc4bf8e,0.198643113221436,0,20260726T102553,2026-07-26T10:26:41.694234+00:00
C-1d47e6b9,0.10415415519443837,0,20260726T102553,2026-07-26T10:26:41.694234+00:00
C-440bb956,0.24030406685230993,0,20260726T102553,2026-07-26T10:26:41.694234+00:00
C-89a72bb9,0.5100900449221577,1,20260726T102553,2026-07-26T10:26:41.694234+00:00
C-74f4a783,0.1066241790561851,0,20260726T102553,2026-07-26T10:26:41.694234+00:00
C-adfbea57,0.6807911894687193,1,20260726T102553,2026-07-26T10:26:41.694234+00:00
C-cf112f40,0.6543993833891985,1,20260726T102553,2026-07-26T10:26:41.694234+00:00
C-747b0050,0.4264761849525032,0,20260726T102553,2026-07-26T10:26:41.694234+00:00
C-a3279b0a,0.28660697056712375,0,20260726T102553,2026-07-26T10:26:41.694234+00:00
C-9bf725a2,0.8385629732441704,1,20260726T102553,2026-07-26T10:26:41.694234+00:00
C-f38fceb4,0.8591945916489525,1,20260726T102553,2026-07-26T10:26:41.694234+00:00
C-8f7c648f,0.27394290717120934,0,20260726T102553,2026-07-26T10:26:41.694234+00:00
C-5b9c3764,0.7359401109255778,1,20260726T102553,2026-07-26T10:26:41.694234+00:00
C-e8b0a4ec,0.05154035443898402,0,20260726T102553,2026-07-26T10:26:41.694234+00:00
C-8a90dd93,0.6944463057049971,1,20260726T102553,2026-07-26T10:26:41.694234+00:00
C-a044548e,0.3714533752545312,0,20260726T102553,2026-07-26T10:26:41.694234+00:00
C-7a5d294a,0.8500851005376889,1,20260726T102553,2026-07-26T10:26:41.694234+00:00
C-70e42ca9,0.24554279796082115,0,20260726T102553,2026-07-26T10:26:41.694234+00:00
C-d26c7238,0.7585509603630087,1,20260726T102553,2026-07-26T10:26:41.694234+00:00
C-45ba30df,0.6420802474165647,1,20260726T102553,2026-07-26T10:26:41.694234+00:00
C-dc45fb74,0.026339335093235376,0,20260726T102553,2026-07-26T10:26:41.694234+00:00
C-31088497,0.6313554533892731,1,20260726T102553,2026-07-26T10:26:41.694234+00:00
C-d0e07ca6,0.7220662651968782,1,20260726T102553,2026-07-26T10:26:41.694234+00:00
C-ee1dff5d,0.03539490898100241,0,20260726T102553,2026-07-26T10:26:41.694234+00:00
C-f174f01c,0.03670222620051909,0,20260726T102553,2026-07-26T10:26:41.694234+00:00
C-1d6280b9,0.3407241874985815,0,20260726T102553,2026-07-26T10:26:41.694234+00:00
C-3c5be015,0.7164191681693405,1,20260726T102553,2026-07-26T10:26:41.694234+00:00
C-5bd4ce89,0.642049249869104,1,20260726T102553,2026-07-26T10:26:41.694234+00:00
C-cdf1c790,0.13816575723032462,0,20260726T102553,2026-07-26T10:26:41.694234+00:00
C-11821b2f,0.1055834241263507,0,20260726T102553,2026-07-26T10:26:41.694234+00:00
C-4c845e45,0.8072122583126273,1,20260726T102553,2026-07-26T10:26:41.694234+00:00
C-04b5a84a,0.6902009585708696,1,20260726T102553,2026-07-26T10:26:41.694234+00:00
C-f6a241e7,0.07839428901506813,0,20260726T102553,2026-07-26T10:26:41.694234+00:00
C-1835deb6,0.5267457386619319,1,20260726T102553,2026-07-26T10:26:41.694234+00:00
C-491bd5a1,0.7588226067768393,1,20260726T102553,2026-07-26T10:26:41.694234+00:00
C-fbdfc66f,0.05279761354200045,0,20260726T102553,2026-07-26T10:26:41.694234+00:00
C-ba0b19bf,0.5963728047397403,1,20260726T102553,2026-07-26T10:26:41.694234+00:00
C-9a487aab,0.6543130123671672,1,20260726T102553,2026-07-26T10:26:41.694234+00:00
C-c09e53ac,0.8739737641463844,1,20260726T102553,2026-07-26T10:26:41.694234+00:00
C-a32434f0,0.7911622218825451,1,20260726T102553,2026-07-26T10:26:41.694234+00:00
C-959cf8db,0.3835218535946462,0,20260726T102553,2026-07-26T10:26:41.694234+00:00
C-376be6c8,0.16423651172465628,0,20260726T102553,2026-07-26T10:26:41.694234+00:00
C-c2f703ae,0.7113365223460352,1,20260726T102553,2026-07-26T10:26:41.694234+00:00
C-d7bf955f,0.33239255380480864,0,20260726T102553,2026-07-26T10:26:41.694234+00:00
C-dbf82dc8,0.06729073210385822,0,20260726T102553,2026-07-26T10:26:41.694234+00:00
C-dbd950ff,0.05303736226581904,0,20260726T102553,2026-07-26T10:26:41.694234+00:00
C-0f9a5d9a,0.07122696325327904,0,20260726T102553,2026-07-26T10:26:41.694234+00:00
C-02ed7a09,0.7961843117932442,1,20260726T102553,2026-07-26T10:26:41.694234+00:00
C-8f048bdb,0.3551321404631896,0,20260726T102553,2026-07-26T10:26:41.694234+00:00
C-e89e557b,0.849047138884711,1,20260726T102553,2026-07-26T10:26:41.694234+00:00
C-e489fc4e,0.8237382495957323,1,20260726T102553,2026-07-26T10:26:41.694234+00:00
C-87697783,0.8359878566491551,1,20260726T102553,2026-07-26T10:26:41.694234+00:00
C-2d85cb3f,0.1489870965189505,0,20260726T102553,2026-07-26T10:26:41.694234+00:00
C-a9bfc157,0.3333733977472986,0,20260726T102553,2026-07-26T10:26:41.694234+00:00
C-678fb1f9,0.02752769468406158,0,20260726T102553,2026-07-26T10:26:41.694234+00:00
C-16459478,0.35747888685310353,0,20260726T102553,2026-07-26T10:26:41.694234+00:00
C-95046586,0.8046831115079766,1,20260726T102553,2026-07-26T10:26:41.694234+00:00
C-87c3566c,0.08857312315858495,0,20260726T102553,2026-07-26T10:26:41.694234+00:00
C-2d31db09,0.2354689851038911,0,20260726T102553,2026-07-26T10:26:41.694234+00:00
C-d5e1b22f,0.07170554779932072,0,20260726T102553,2026-07-26T10:26:41.694234+00:00
C-30896c93,0.5007348522580248,1,20260726T102553,2026-07-26T10:26:41.694234+00:00
C-6030819e,0.3509461090056672,0,20260726T102553,2026-07-26T10:26:41.694234+00:00
C-ef2585d7,0.3907242012190938,0,20260726T102553,2026-07-26T10:26:41.694234+00:00
C-66dc4e06,0.30833028396181783,0,20260726T102553,2026-07-26T10:26:41.694234+00:00
C-742030e5,0.58496903770724,1,20260726T102553,2026-07-26T10:26:41.694234+00:00
C-d2a04231,0.3743617578255921,0,20260726T102553,2026-07-26T10:26:41.694234+00:00
C-1ba574d0,0.8280203396712057,1,20260726T102553,2026-07-26T10:26:41.694234+00:00
C-9c289720,0.7457192011158118,1,20260726T102553,2026-07-26T10:26:41.694234+00:00
C-a90439df,0.4183598285681478,0,20260726T102553,2026-07-26T10:26:41.694234+00:00
C-3546c6a6,0.6489437606867483,1,20260726T102553,2026-07-26T10:26:41.694234+00:00
C-108380fe,0.05717510628379801,0,20260726T102553,2026-07-26T10:26:41.694234+00:00
C-28984fe1,0.2699305047214411,0,20260726T102553,2026-07-26T10:26:41.694234+00:00
C-c93e0b92,0.2675907090886724,0,20260726T102553,2026-07-26T10:26:41.694234+00:00
C-9ef7d57c,0.4529309352712129,0,20260726T102553,2026-07-26T10:26:41.694234+00:00
C-b8c16dd4,0.8203343755217813,1,20260726T102553,2026-07-26T10:26:41.694234+00:00
C-91e635b7,0.08557022368910618,0,20260726T102553,2026-07-26T10:26:41.694234+00:00
C-f9aafe0d,0.46331754117949575,0,20260726T102553,2026-07-26T10:26:41.694234+00:00
C-0249a96d,0.26692236914084405,0,20260726T102553,2026-07-26T10:26:41.694234+00:00
C-854226a0,0.7291357942787234,1,20260726T102553,2026-07-26T10:26:41.694234+00:00
C-c6b66873,0.5218196765407473,1,20260726T102553,2026-07-26T10:26:41.694234+00:00
C-2efe7e6c,0.7475120557366249,1,20260726T102553,2026-07-26T10:26:41.694234+00:00
C-ac450862,0.022260547812293027,0,20260726T102553,2026-07-26T10:26:41.694234+00:00
C-0b72f589,0.1358417200975002,0,20260726T102553,2026-07-26T10:26:41.694234+00:00
C-26fd68b2,0.1115015309238192,0,20260726T102553,2026-07-26T10:26:41.694234+00:00
C-70848393,0.2694929661359839,0,20260726T102553,2026-07-26T10:26:41.694234+00:00
C-a6c7d1a6,0.7544723581325932,1,20260726T102553,2026-07-26T10:26:41.694234+00:00
C-8330ba7a,0.13692776680012442,0,20260726T102553,2026-07-26T10:26:41.694234+00:00
C-1f693ff6,0.4264948128174097,0,20260726T102553,2026-07-26T10:26:41.694234+00:00
C-b99e4add,0.7032570333052762,1,20260726T102553,2026-07-26T10:26:41.694234+00:00
C-3d904a3d,0.1948917456931693,0,20260726T102553,2026-07-26T10:26:41.694234+00:00
C-9a0c0b8b,0.027084613658977064,0,20260726T102553,2026-07-26T10:26:41.694234+00:00
C-aef69f0e,0.02192797698556772,0,20260726T102553,2026-07-26T10:26:41.694234+00:00
C-18c7a1f2,0.16082347119237145,0,20260726T102553,2026-07-26T10:26:41.694234+00:00
C-33fa4f5b,0.03868487146920588,0,20260726T102553,2026-07-26T10:26:41.694234+00:00
C-6600b342,0.71061598900867,1,20260726T102553,2026-07-26T10:26:41.694234+00:00
C-4f8dfc27,0.5250505231364748,1,20260726T102553,2026-07-26T10:26:41.694234+00:00
C-4276ead5,0.43122653170081254,0,20260726T102553,2026-07-26T10:26:41.694234+00:00
C-56de4991,0.5120775078179421,1,20260726T102553,2026-07-26T10:26:41.694234+00:00
C-395f0fc2,0.5267252761785872,1,20260726T102553,2026-07-26T10:26:41.694234+00:00
C-e66257de,0.7965918650833982,1,20260726T102553,2026-07-26T10:26:41.694234+00:00
C-c4415cd4,0.06461444304399573,0,20260726T102553,2026-07-26T10:26:41.694234+00:00
C-d7d99415,0.5317788795842497,1,20260726T102553,2026-07-26T10:26:41.694234+00:00
C-fe63a332,0.9347979705512633,1,20260726T102553,2026-07-26T10:26:41.694234+00:00
C-765b4dcb,0.11055487707438151,0,20260726T102553,2026-07-26T10:26:41.694234+00:00
C-9863613d,0.7151486152648866,1,20260726T102553,2026-07-26T10:26:41.694234+00:00
C-7f4302c3,0.04865677325495491,0,20260726T102553,2026-07-26T10:26:41.694234+00:00
C-4451ee59,0.6162221190377204,1,20260726T102553,2026-07-26T10:26:41.694234+00:00
C-1b4fd59d,0.20913395190314396,0,20260726T102553,2026-07-26T10:26:41.694234+00:00
C-57937f90,0.2975186907622522,0,20260726T102553,2026-07-26T10:26:41.694234+00:00
C-4a10fd1b,0.0280761465133329,0,20260726T102553,2026-07-26T10:26:41.694234+00:00
C-7e27a6ea,0.04947988094292541,0,20260726T102553,2026-07-26T10:26:41.694234+00:00
C-6cc3a47c,0.7201927559612021,1,20260726T102553,2026-07-26T10:26:41.694234+00:00
C-18f772c6,0.6814824747211009,1,20260726T102553,2026-07-26T10:26:41.694234+00:00
C-e279efa7,0.7029964451119941,1,20260726T102553,2026-07-26T10:26:41.694234+00:00
C-07d59a58,0.19340636123011543,0,20260726T102553,2026-07-26T10:26:41.694234+00:00
C-1392774b,0.5196672198339107,1,20260726T102553,2026-07-26T10:26:41.694234+00:00
C-cb9a1889,0.7616126350659596,1,20260726T102553,2026-07-26T10:26:41.694234+00:00
C-a1f084de,0.5136665941514009,1,20260726T102553,2026-07-26T10:26:41.694234+00:00
C-09396e96,0.45135804815069774,0,20260726T102553,2026-07-26T10:26:41.694234+00:00
C-101fef2f,0.32615385327453644,0,20260726T102553,2026-07-26T10:26:41.694234+00:00
C-43fd16c8,0.12771765984274028,0,20260726T102553,2026-07-26T10:26:41.694234+00:00
C-2eda661a,0.7935001544024806,1,20260726T102553,2026-07-26T10:26:41.694234+00:00
C-5c3792ab,0.6551359175808809,1,20260726T102553,2026-07-26T10:26:41.694234+00:00
C-f522c390,0.1165066400686701,0,20260726T102553,2026-07-26T10:26:41.694234+00:00
C-4cd64101,0.050557998541968505,0,20260726T102553,2026-07-26T10:26:41.694234+00:00
C-4947bf3d,0.8768105657910029,1,20260726T102553,2026-07-26T10:26:41.694234+00:00
C-ed39847b,0.18954318314107518,0,20260726T102553,2026-07-26T10:26:41.694234+00:00
C-546a456a,0.9113601186394171,1,20260726T102553,2026-07-26T10:26:41.694234+00:00
C-8d7d26dd,0.744475555894417,1,20260726T102553,2026-07-26T10:26:41.694234+00:00
C-f5d2cde2,0.6619054651196596,1,20260726T102553,2026-07-26T10:26:41.694234+00:00
C-7dfdcd5f,0.6654486551167282,1,20260726T102553,2026-07-26T10:26:41.694234+00:00
C-04201109,0.3727796957516128,0,20260726T102553,2026-07-26T10:26:41.694234+00:00
C-e88db429,0.9118849073185219,1,20260726T102553,2026-07-26T10:26:41.694234+00:00
C-8d074de9,0.47048860509314056,0,20260726T102553,2026-07-26T10:26:41.694234+00:00
C-a1905df9,0.9644438404489949,1,20260726T102553,2026-07-26T10:26:41.694234+00:00
C-92d246b7,0.26219667094346094,0,20260726T102553,2026-07-26T10:26:41.694234+00:00
C-d72c53d7,0.15369369470380265,0,20260726T102553,2026-07-26T10:26:41.694234+00:00
C-8985fd90,0.31990976366472806,0,20260726T102553,2026-07-26T10:26:41.694234+00:00
C-88123117,0.9074207961991043,1,20260726T102553,2026-07-26T10:26:41.694234+00:00
C-8bca5c2c,0.35449095300795,0,20260726T102553,2026-07-26T10:26:41.694234+00:00
C-eb7cbba8,0.04024213162232195,0,20260726T102553,2026-07-26T10:26:41.694234+00:00
C-91765485,0.9131982552486589,1,20260726T102553,2026-07-26T10:26:41.694234+00:00
C-e90c262f,0.34248852643375394,0,20260726T102553,2026-07-26T10:26:41.694234+00:00
C-4ab95417,0.03001367946353695,0,20260726T102553,2026-07-26T10:26:41.694234+00:00
C-3930db90,0.7068473272666986,1,20260726T102553,2026-07-26T10:26:41.694234+00:00
C-742771f5,0.5343988420529945,1,20260726T102553,2026-07-26T10:26:41.694234+00:00
C-baf3b634,0.6472083797881801,1,20260726T102553,2026-07-26T10:26:41.694234+00:00
C-7f07d733,0.06863490877216256,0,20260726T102553,2026-07-26T10:26:41.694234+00:00
C-27ef1984,0.47847245844685127,0,20260726T102553,2026-07-26T10:26:41.694234+00:00
C-22f0e372,0.18702723589089465,0,20260726T102553,2026-07-26T10:26:41.694234+00:00
C-009fb252,0.38482462568512266,0,20260726T102553,2026-07-26T10:26:41.694234+00:00
C-caf57647,0.7882710878136258,1,20260726T102553,2026-07-26T10:26:41.694234+00:00
C-a4e91b82,0.06988211152928546,0,20260726T102553,2026-07-26T10:26:41.694234+00:00
C-21f933d6,0.8494566533021557,1,20260726T102553,2026-07-26T10:26:41.694234+00:00
C-09ca3968,0.5982160783595102,1,20260726T102553,2026-07-26T10:26:41.694234+00:00
C-209eadff,0.8079415432133426,1,20260726T102553,2026-07-26T10:26:41.694234+00:00
C-b33d1fbc,0.9121827427851635,1,20260726T102553,2026-07-26T10:26:41.694234+00:00
C-182bcd59,0.6874367844971805,1,20260726T102553,2026-07-26T10:26:41.694234+00:00
C-caa808a3,0.030748979638069846,0,20260726T102553,2026-07-26T10:26:41.694234+00:00
C-248753d6,0.03876251506823374,0,20260726T102553,2026-07-26T10:26:41.694234+00:00
C-05cc3d54,0.031169294206010334,0,20260726T102553,2026-07-26T10:26:41.694234+00:00
C-67389a2a,0.6864864848846117,1,20260726T102553,2026-07-26T10:26:41.694234+00:00
C-d2e00eea,0.5981009717503214,1,20260726T102553,2026-07-26T10:26:41.694234+00:00
C-c0eba538,0.9034938339708187,1,20260726T102553,2026-07-26T10:26:41.694234+00:00
C-81a654bd,0.7514917080154605,1,20260726T102553,2026-07-26T10:26:41.694234+00:00
C-997e1518,0.15255855634033824,0,20260726T102553,2026-07-26T10:26:41.694234+00:00
C-abef9578,0.37212301521362184,0,20260726T102553,2026-07-26T10:26:41.694234+00:00
C-98989faa,0.7486198660753072,1,20260726T102553,2026-07-26T10:26:41.694234+00:00
C-784bc6c4,0.5093845549405779,1,20260726T102553,2026-07-26T10:26:41.694234+00:00
C-d625c8cf,0.15259211620615065,0,20260726T102553,2026-07-26T10:26:41.694234+00:00
C-d7f3a9aa,0.6972523250269204,1,20260726T102553,2026-07-26T10:26:41.694234+00:00
C-ce48b75e,0.4602263575983256,0,20260726T102553,2026-07-26T10:26:41.694234+00:00
C-b95e9734,0.49897172182061983,0,20260726T102553,2026-07-26T10:26:41.694234+00:00
C-dc17d61f,0.8101173160941948,1,20260726T102553,2026-07-26T10:26:41.694234+00:00
C-353a2faf,0.6530247957600293,1,20260726T102553,2026-07-26T10:26:41.694234+00:00
C-030a334f,0.8914653893462041,1,20260726T102553,2026-07-26T10:26:41.694234+00:00
C-8e616a7c,0.05018815917364082,0,20260726T102553,2026-07-26T10:26:41.694234+00:00
C-19fdc149,0.7580186600368898,1,20260726T102553,2026-07-26T10:26:41.694234+00:00
C-9efb41ee,0.1321422435951138,0,20260726T102553,2026-07-26T10:26:41.694234+00:00
C-c0983f87,0.6685198617100966,1,20260726T102553,2026-07-26T10:26:41.694234+00:00
C-ba1bf653,0.4558764491841227,0,20260726T102553,2026-07-26T10:26:41.694234+00:00
C-f0de0227,0.6472236653094542,1,20260726T102553,2026-07-26T10:26:41.694234+00:00
C-473604e3,0.15260482254311156,0,20260726T102553,2026-07-26T10:26:41.694234+00:00
C-18dbf073,0.6047819835989611,1,20260726T102553,2026-07-26T10:26:41.694234+00:00
C-4af4b0a3,0.5160386092506852,1,20260726T102553,2026-07-26T10:26:41.694234+00:00
C-cafcb618,0.3706891820405102,0,20260726T102553,2026-07-26T10:26:41.694234+00:00
C-b6554f66,0.4970732792315181,0,20260726T102553,2026-07-26T10:26:41.694234+00:00
C-69e9f394,0.05283112495771217,0,20260726T102553,2026-07-26T10:26:41.694234+00:00
C-573ed6c7,0.2407242222627325,0,20260726T102553,2026-07-26T10:26:41.694234+00:00
C-354bea04,0.6436257382598518,1,20260726T102553,2026-07-26T10:26:41.694234+00:00
C-cc9ee1f7,0.04409437625511177,0,20260726T102553,2026-07-26T10:26:41.694234+00:00
C-3e598ae8,0.519407376454321,1,20260726T102553,2026-07-26T10:26:41.694234+00:00
C-11758c94,0.5790814713669376,1,20260726T102553,2026-07-26T10:26:41.694234+00:00
C-6008b0bb,0.1057515255119544,0,20260726T102553,2026-07-26T10:26:41.694234+00:00
C-cd62c5f2,0.5893642656236645,1,20260726T102553,2026-07-26T10:26:41.694234+00:00
C-71d31dfc,0.46341935740442525,0,20260726T102553,2026-07-26T10:26:41.694234+00:00
C-cfe2972b,0.2069087693018431,0,20260726T102553,2026-07-26T10:26:41.694234+00:00
C-e9606b35,0.3883825591593525,0,20260726T102553,2026-07-26T10:26:41.694234+00:00
C-8c1a9453,0.6371539690269099,1,20260726T102553,2026-07-26T10:26:41.694234+00:00
C-c4a4b170,0.4021498883944424,0,20260726T102553,2026-07-26T10:26:41.694234+00:00
C-a22c5c18,0.4061554100217828,0,20260726T102553,2026-07-26T10:26:41.694234+00:00
C-1983f1b2,0.27970046846172375,0,20260726T102553,2026-07-26T10:26:41.694234+00:00
C-41705d31,0.07645210790773352,0,20260726T102553,2026-07-26T10:26:41.694234+00:00
C-d13990fb,0.7532485225169994,1,20260726T102553,2026-07-26T10:26:41.694234+00:00
C-21e022ed,0.642966079124513,1,20260726T102553,2026-07-26T10:26:41.694234+00:00
C-bf063551,0.13212682747023605,0,20260726T102553,2026-07-26T10:26:41.694234+00:00
C-cb480390,0.6537220312333674,1,20260726T102553,2026-07-26T10:26:41.694234+00:00
C-f32790b2,0.41773595430567234,0,20260726T102553,2026-07-26T10:26:41.694234+00:00
C-baa438ab,0.05066703866041555,0,20260726T102553,2026-07-26T10:26:41.694234+00:00
C-eb2ecd91,0.07106101909299406,0,20260726T102553,2026-07-26T10:26:41.694234+00:00
C-d74e4718,0.8256458028383515,1,20260726T102553,2026-07-26T10:26:41.694234+00:00
C-06e293ae,0.723901316648807,1,20260726T102553,2026-07-26T10:26:41.694234+00:00
C-40ba63b2,0.8066956724980388,1,20260726T102553,2026-07-26T10:26:41.694234+00:00
C-4aa74edb,0.7570262667422648,1,20260726T102553,2026-07-26T10:26:41.694234+00:00
C-d6874435,0.026595592059289384,0,20260726T102553,2026-07-26T10:26:41.694234+00:00
C-73908530,0.9027641650298615,1,20260726T102553,2026-07-26T10:26:41.694234+00:00
C-859ce392,0.36522931406419623,0,20260726T102553,2026-07-26T10:26:41.694234+00:00
C-722374d4,0.08691604035492702,0,20260726T102553,2026-07-26T10:26:41.694234+00:00
C-908e43d3,0.6485218963095246,1,20260726T102553,2026-07-26T10:26:41.694234+00:00
C-2433066f,0.1363680057500984,0,20260726T102553,2026-07-26T10:26:41.694234+00:00
C-e406697b,0.7220315532755267,1,20260726T102553,2026-07-26T10:26:41.694234+00:00
C-d3e772ff,0.6497106440860619,1,20260726T102553,2026-07-26T10:26:41.694234+00:00
C-44b41da5,0.7469085626879682,1,20260726T102553,2026-07-26T10:26:41.694234+00:00
C-5faa7fdd,0.5063449043913434,1,20260726T102553,2026-07-26T10:26:41.694234+00:00
C-74c0890f,0.7523949649185133,1,20260726T102553,2026-07-26T10:26:41.694234+00:00
C-23d04526,0.6411710458594986,1,20260726T102553,2026-07-26T10:26:41.694234+00:00
C-15044198,0.5778943502659823,1,20260726T102553,2026-07-26T10:26:41.694234+00:00
C-0a0245e7,0.08902557580161675,0,20260726T102553,2026-07-26T10:26:41.694234+00:00
C-6bb0d4a8,0.617962388481865,1,20260726T102553,2026-07-26T10:26:41.694234+00:00
C-a2ea1ebd,0.25542625290302995,0,20260726T102553,2026-07-26T10:26:41.694234+00:00
C-a98dbdd7,0.35095833954541916,0,20260726T102553,2026-07-26T10:26:41.694234+00:00
C-5decfac7,0.6346049838782691,1,20260726T102553,2026-07-26T10:26:41.694234+00:00
C-1ba6a098,0.1253494254726895,0,20260726T102553,2026-07-26T10:26:41.694234+00:00
C-77a10568,0.132704894461924,0,20260726T102553,2026-07-26T10:26:41.694234+00:00
C-80aef447,0.04958325099350872,0,20260726T102553,2026-07-26T10:26:41.694234+00:00
C-dfb59d31,0.21412043106615988,0,20260726T102553,2026-07-26T10:26:41.694234+00:00
C-9ac480f8,0.8722833923696408,1,20260726T102553,2026-07-26T10:26:41.694234+00:00
C-57de3494,0.2425711795281645,0,20260726T102553,2026-07-26T10:26:41.694234+00:00
C-e9a0c386,0.13467164865826703,0,20260726T102553,2026-07-26T10:26:41.694234+00:00
C-82542bc9,0.8321752441521568,1,20260726T102553,2026-07-26T10:26:41.694234+00:00
C-f6768023,0.7073983274013351,1,20260726T102553,2026-07-26T10:26:41.694234+00:00
C-38655603,0.028153237305559357,0,20260726T102553,2026-07-26T10:26:41.694234+00:00
C-c62bf555,0.3130207951644325,0,20260726T102553,2026-07-26T10:26:41.694234+00:00
C-d7c82cbf,0.4544483183678214,0,20260726T102553,2026-07-26T10:26:41.694234+00:00
C-be2d2f5a,0.14041061011952494,0,20260726T102553,2026-07-26T10:26:41.694234+00:00
C-720cb375,0.03988876142613947,0,20260726T102553,2026-07-26T10:26:41.694234+00:00
C-e132d295,0.12659552378389394,0,20260726T102553,2026-07-26T10:26:41.694234+00:00
C-cd253a1b,0.47744347489002914,0,20260726T102553,2026-07-26T10:26:41.694234+00:00
C-98ab6c3a,0.34546739426078843,0,20260726T102553,2026-07-26T10:26:41.694234+00:00
C-d400f952,0.33735732323180734,0,20260726T102553,2026-07-26T10:26:41.694234+00:00
C-03f30f45,0.3079032845817804,0,20260726T102553,2026-07-26T10:26:41.694234+00:00
C-9f486940,0.339067467975816,0,20260726T102553,2026-07-26T10:26:41.694234+00:00
C-770b3476,0.5963088114159715,1,20260726T102553,2026-07-26T10:26:41.694234+00:00
C-9941494f,0.2379920116975925,0,20260726T102553,2026-07-26T10:26:41.694234+00:00
C-ef0791e6,0.1425767631634066,0,20260726T102553,2026-07-26T10:26:41.694234+00:00
C-046289b8,0.2722895166986997,0,20260726T102553,2026-07-26T10:26:41.694234+00:00
C-f9e33150,0.8491224931566289,1,20260726T102553,2026-07-26T10:26:41.694234+00:00
C-da53eb37,0.20144969772558435,0,20260726T102553,2026-07-26T10:26:41.694234+00:00
C-228138a9,0.4421579682584343,0,20260726T102553,2026-07-26T10:26:41.694234+00:00
C-2613fc14,0.28489360733147734,0,20260726T102553,2026-07-26T10:26:41.694234+00:00
C-770f9401,0.7810820211586266,1,20260726T102553,2026-07-26T10:26:41.694234+00:00
C-0d63291c,0.44869966715232235,0,20260726T102553,2026-07-26T10:26:41.694234+00:00
C-24096ecd,0.050660153919838836,0,20260726T102553,2026-07-26T10:26:41.694234+00:00
C-f804e654,0.02761963786464084,0,20260726T102553,2026-07-26T10:26:41.694234+00:00
C-1e9d432b,0.8675149217798477,1,20260726T102553,2026-07-26T10:26:41.694234+00:00
C-c2b2c517,0.35345204157371557,0,20260726T102553,2026-07-26T10:26:41.694234+00:00
C-e506f960,0.7529726505328137,1,20260726T102553,2026-07-26T10:26:41.694234+00:00
C-00ebe365,0.6391289097235295,1,20260726T102553,2026-07-26T10:26:41.694234+00:00
C-3aaa7c04,0.30310726894553747,0,20260726T102553,2026-07-26T10:26:41.694234+00:00
C-4ef731f6,0.5256480141618717,1,20260726T102553,2026-07-26T10:26:41.694234+00:00
C-fa0ca83d,0.6388052636353629,1,20260726T102553,2026-07-26T10:26:41.694234+00:00
C-1d340202,0.3019473359340021,0,20260726T102553,2026-07-26T10:26:41.694234+00:00
C-99f96e4b,0.41483041225774453,0,20260726T102553,2026-07-26T10:26:41.694234+00:00
C-d019c6c4,0.15837881175440793,0,20260726T102553,2026-07-26T10:26:41.694234+00:00
C-b27c3366,0.681920875082511,1,20260726T102553,2026-07-26T10:26:41.694234+00:00
C-d554f040,0.08454566975982744,0,20260726T102553,2026-07-26T10:26:41.694234+00:00
C-a5836411,0.051943107469928064,0,20260726T102553,2026-07-26T10:26:41.694234+00:00
C-12cc2c4e,0.640643594218735,1,20260726T102553,2026-07-26T10:26:41.694234+00:00
C-cef06c8c,0.779941996554275,1,20260726T102553,2026-07-26T10:26:41.694234+00:00
C-d8f4a7ce,0.7093532417120686,1,20260726T102553,2026-07-26T10:26:41.694234+00:00
C-eb53b4db,0.7619621998276433,1,20260726T102553,2026-07-26T10:26:41.694234+00:00
C-0bb66b9a,0.7080217352109972,1,20260726T102553,2026-07-26T10:26:41.694234+00:00
C-b54db44d,0.6004843035752283,1,20260726T102553,2026-07-26T10:26:41.694234+00:00
C-f0b3ed77,0.32833672197548935,0,20260726T102553,2026-07-26T10:26:41.694234+00:00
C-29721dcb,0.4984314210777268,0,20260726T102553,2026-07-26T10:26:41.694234+00:00
C-1a5b032e,0.5625291598894131,1,20260726T102553,2026-07-26T10:26:41.694234+00:00
C-55c09b54,0.12777515928266528,0,20260726T102553,2026-07-26T10:26:41.694234+00:00
C-92ae3210,0.16391906806625664,0,20260726T102553,2026-07-26T10:26:41.694234+00:00
C-70a6043e,0.6718475935115432,1,20260726T102553,2026-07-26T10:26:41.694234+00:00
C-ddcafc18,0.04398936598741869,0,20260726T102553,2026-07-26T10:26:41.694234+00:00
C-afb6f494,0.6959409532103328,1,20260726T102553,2026-07-26T10:26:41.694234+00:00
C-8dee5cef,0.8792820500002652,1,20260726T102553,2026-07-26T10:26:41.694234+00:00
C-c60b83b3,0.6557159076468411,1,20260726T102553,2026-07-26T10:26:41.694234+00:00
C-d1cf918f,0.7755761956802947,1,20260726T102553,2026-07-26T10:26:41.694234+00:00
C-6fd2a1aa,0.4910136217504272,0,20260726T102553,2026-07-26T10:26:41.694234+00:00
C-3fc50749,0.4810875550450944,0,20260726T102553,2026-07-26T10:26:41.694234+00:00
C-0c4ff17b,0.805645082500044,1,20260726T102553,2026-07-26T10:26:41.694234+00:00
C-2ed6d435,0.7346493144341563,1,20260726T102553,2026-07-26T10:26:41.694234+00:00
C-bbba64f5,0.45709505419906393,0,20260726T102553,2026-07-26T10:26:41.694234+00:00
C-e012a1bc,0.6124711663706259,1,20260726T102553,2026-07-26T10:26:41.694234+00:00
C-62285693,0.3766907335208791,0,20260726T102553,2026-07-26T10:26:41.694234+00:00
C-c5061022,0.13366226380222382,0,20260726T102553,2026-07-26T10:26:41.694234+00:00
C-257250df,0.12291661597113222,0,20260726T102553,2026-07-26T10:26:41.694234+00:00
C-ef32c03c,0.09986013511574383,0,20260726T102553,2026-07-26T10:26:41.694234+00:00
C-43427c80,0.8735179035639572,1,20260726T102553,2026-07-26T10:26:41.694234+00:00
C-9029513a,0.7472209121271244,1,20260726T102553,2026-07-26T10:26:41.694234+00:00
C-f64495c0,0.1951338663109999,0,20260726T102553,2026-07-26T10:26:41.694234+00:00
C-bbf137a8,0.7469415208494341,1,20260726T102553,2026-07-26T10:26:41.694234+00:00
C-83e9cbb8,0.08293687084114729,0,20260726T102553,2026-07-26T10:26:41.694234+00:00
C-f08724eb,0.44666829797612645,0,20260726T102553,2026-07-26T10:26:41.694234+00:00
C-041723b7,0.5326221077429871,1,20260726T102553,2026-07-26T10:26:41.694234+00:00
C-40153c5f,0.29282178708523504,0,20260726T102553,2026-07-26T10:26:41.694234+00:00
C-8e9e24ce,0.8890667245975855,1,20260726T102553,2026-07-26T10:26:41.694234+00:00
C-0aa9e6ed,0.21870317289906158,0,20260726T102553,2026-07-26T10:26:41.694234+00:00
C-10eca4bb,0.4896977596514075,0,20260726T102553,2026-07-26T10:26:41.694234+00:00
C-08fe078c,0.9790492756935838,1,20260726T102553,2026-07-26T10:26:41.694234+00:00
C-2264b49c,0.7758032981637137,1,20260726T102553,2026-07-26T10:26:41.694234+00:00
C-46db382c,0.6601487966784184,1,20260726T102553,2026-07-26T10:26:41.694234+00:00
C-015e40e0,0.9135017671390285,1,20260726T102553,2026-07-26T10:26:41.694234+00:00
C-bc5a8bb9,0.6012571784095346,1,20260726T102553,2026-07-26T10:26:41.694234+00:00
C-d51a5310,0.5247845251781996,1,20260726T102553,2026-07-26T10:26:41.694234+00:00
C-bcddc0a5,0.7791578863257147,1,20260726T102553,2026-07-26T10:26:41.694234+00:00
C-1a428195,0.045998323199260366,0,20260726T102553,2026-07-26T10:26:41.694234+00:00
C-1382af4f,0.6069517898986637,1,20260726T102553,2026-07-26T10:26:41.694234+00:00
C-fc840fc4,0.8525905976830715,1,20260726T102553,2026-07-26T10:26:41.694234+00:00
C-1f8e2847,0.12236508928260038,0,20260726T102553,2026-07-26T10:26:41.694234+00:00
C-09ace286,0.7389583390957619,1,20260726T102553,2026-07-26T10:26:41.694234+00:00
C-bd14f9eb,0.644068785207599,1,20260726T102553,2026-07-26T10:26:41.694234+00:00
C-88ceae14,0.5165149351356771,1,20260726T102553,2026-07-26T10:26:41.694234+00:00
C-40e98f0d,0.09786062841280017,0,20260726T102553,2026-07-26T10:26:41.694234+00:00
C-167e3811,0.6231718867188286,1,20260726T102553,2026-07-26T10:26:41.694234+00:00
C-7be667bd,0.04653734289825038,0,20260726T102553,2026-07-26T10:26:41.694234+00:00
C-c8ead5ef,0.8359753778638934,1,20260726T102553,2026-07-26T10:26:41.694234+00:00
C-79fc8bb4,0.3745039456785705,0,20260726T102553,2026-07-26T10:26:41.694234+00:00
C-c0688752,0.3948017812866234,0,20260726T102553,2026-07-26T10:26:41.694234+00:00
C-ae8fba8a,0.3750780492343859,0,20260726T102553,2026-07-26T10:26:41.694234+00:00
C-602420c4,0.35011001168847766,0,20260726T102553,2026-07-26T10:26:41.694234+00:00
C-4c98fde4,0.7891108673232521,1,20260726T102553,2026-07-26T10:26:41.694234+00:00
C-829c26f5,0.15239402351323184,0,20260726T102553,2026-07-26T10:26:41.694234+00:00
C-e594529d,0.1567651952529158,0,20260726T102553,2026-07-26T10:26:41.694234+00:00
C-fe1974f9,0.9106884001973209,1,20260726T102553,2026-07-26T10:26:41.694234+00:00
C-230a9adb,0.434310657137245,0,20260726T102553,2026-07-26T10:26:41.694234+00:00
C-96224524,0.7001060572680855,1,20260726T102553,2026-07-26T10:26:41.694234+00:00
C-6e50d4ef,0.035260381263079135,0,20260726T102553,2026-07-26T10:26:41.694234+00:00
C-cf8000ca,0.3654190344919076,0,20260726T102553,2026-07-26T10:26:41.694234+00:00
C-885a9fff,0.17449605929015075,0,20260726T102553,2026-07-26T10:26:41.694234+00:00
C-81994cd8,0.035041166365711064,0,20260726T102553,2026-07-26T10:26:41.694234+00:00
C-51fe120e,0.8284689356150179,1,20260726T102553,2026-07-26T10:26:41.694234+00:00
C-c599ebdf,0.30599820897134977,0,20260726T102553,2026-07-26T10:26:41.694234+00:00
C-a55740fe,0.4470005891289903,0,20260726T102553,2026-07-26T10:26:41.694234+00:00
C-00e08ad0,0.8664207724143255,1,20260726T102553,2026-07-26T10:26:41.694234+00:00
C-2db72b16,0.4044644135881753,0,20260726T102553,2026-07-26T10:26:41.694234+00:00
C-d80100db,0.0956272742889265,0,20260726T102553,2026-07-26T10:26:41.694234+00:00
C-9de14d56,0.13548593987386667,0,20260726T102553,2026-07-26T10:26:41.694234+00:00
C-d34bca48,0.8535975643779425,1,20260726T102553,2026-07-26T10:26:41.694234+00:00
C-859557e0,0.5438703219896484,1,20260726T102553,2026-07-26T10:26:41.694234+00:00
C-81f715c6,0.5804857435734496,1,20260726T102553,2026-07-26T10:26:41.694234+00:00
C-88950097,0.8191674096523314,1,20260726T102553,2026-07-26T10:26:41.694234+00:00
C-9e2ec941,0.5074304571340927,1,20260726T102553,2026-07-26T10:26:41.694234+00:00
C-df81b689,0.9072918786864211,1,20260726T102553,2026-07-26T10:26:41.694234+00:00
C-fe8e5974,0.9147373398106208,1,20260726T102553,2026-07-26T10:26:41.694234+00:00
C-32272850,0.3435487723014178,0,20260726T102553,2026-07-26T10:26:41.694234+00:00
C-8afe6b49,0.5093205702815164,1,20260726T102553,2026-07-26T10:26:41.694234+00:00
C-de83acdd,0.5938371801919586,1,20260726T102553,2026-07-26T10:26:41.694234+00:00
C-932f2883,0.08445185838386587,0,20260726T102553,2026-07-26T10:26:41.694234+00:00
C-ada22873,0.47623536129665067,0,20260726T102553,2026-07-26T10:26:41.694234+00:00
C-e3e22270,0.40201217834606134,0,20260726T102553,2026-07-26T10:26:41.694234+00:00
C-3df56139,0.8693320601551275,1,20260726T102553,2026-07-26T10:26:41.694234+00:00
C-943509e6,0.3944774268337492,0,20260726T102553,2026-07-26T10:26:41.694234+00:00
C-b6046669,0.15565271413682447,0,20260726T102553,2026-07-26T10:26:41.694234+00:00
C-487135e2,0.08004253758599034,0,20260726T102553,2026-07-26T10:26:41.694234+00:00
C-b642b650,0.3700337914538334,0,20260726T102553,2026-07-26T10:26:41.694234+00:00
C-9f5ae277,0.6418323611448605,1,20260726T102553,2026-07-26T10:26:41.694234+00:00
C-baed3dc8,0.04886570543430978,0,20260726T102553,2026-07-26T10:26:41.694234+00:00
C-bfcec7e4,0.20913761862315822,0,20260726T102553,2026-07-26T10:26:41.694234+00:00
C-b98d28c1,0.6364869433455319,1,20260726T102553,2026-07-26T10:26:41.694234+00:00
C-3ca37d0d,0.5094245374319394,1,20260726T102553,2026-07-26T10:26:41.694234+00:00
C-66a63f8d,0.1009827024656323,0,20260726T102553,2026-07-26T10:26:41.694234+00:00
C-324bc2bf,0.9271565569642531,1,20260726T102553,2026-07-26T10:26:41.694234+00:00
C-fc48fffc,0.5735539067888233,1,20260726T102553,2026-07-26T10:26:41.694234+00:00
C-62b6ff74,0.07708483843698775,0,20260726T102553,2026-07-26T10:26:41.694234+00:00
C-efd97e1e,0.0801189425705845,0,20260726T102553,2026-07-26T10:26:41.694234+00:00
C-3393af6e,0.7164607717442432,1,20260726T102553,2026-07-26T10:26:41.694234+00:00
C-12238b4f,0.8015427123840151,1,20260726T102553,2026-07-26T10:26:41.694234+00:00
C-1a738124,0.36916779754424833,0,20260726T102553,2026-07-26T10:26:41.694234+00:00
C-22b7d182,0.17888670338935733,0,20260726T102553,2026-07-26T10:26:41.694234+00:00
C-61f0c27c,0.5099340289599679,1,20260726T102553,2026-07-26T10:26:41.694234+00:00
C-63de23bb,0.6566895507666833,1,20260726T102553,2026-07-26T10:26:41.694234+00:00
C-1732fbe1,0.08672714580787742,0,20260726T102553,2026-07-26T10:26:41.694234+00:00
C-a2b5c9db,0.5779463910208013,1,20260726T102553,2026-07-26T10:26:41.694234+00:00
C-cb0b4ac8,0.1809502995083278,0,20260726T102553,2026-07-26T10:26:41.694234+00:00
C-20b153ec,0.7086361114773222,1,20260726T102553,2026-07-26T10:26:41.694234+00:00
C-b40f5d82,0.8433535823671514,1,20260726T102553,2026-07-26T10:26:41.694234+00:00
C-40737b72,0.7219895537111507,1,20260726T102553,2026-07-26T10:26:41.694234+00:00
C-8cf915aa,0.16354782348298078,0,20260726T102553,2026-07-26T10:26:41.694234+00:00
C-d24b01a2,0.4768803498659552,0,20260726T102553,2026-07-26T10:26:41.694234+00:00
C-627369f6,0.3074611797895366,0,20260726T102553,2026-07-26T10:26:41.694234+00:00
C-18899979,0.4426533415843171,0,20260726T102553,2026-07-26T10:26:41.694234+00:00
C-d4910452,0.8821914307074238,1,20260726T102553,2026-07-26T10:26:41.694234+00:00
C-4fa25f90,0.08007621672552825,0,20260726T102553,2026-07-26T10:26:41.694234+00:00
C-c10ba782,0.6440192651853663,1,20260726T102553,2026-07-26T10:26:41.694234+00:00
C-62a097dc,0.049056667255664634,0,20260726T102553,2026-07-26T10:26:41.694234+00:00
C-1cf21d2a,0.039396250608623895,0,20260726T102553,2026-07-26T10:26:41.694234+00:00
C-b8c17db0,0.16630370629900923,0,20260726T102553,2026-07-26T10:26:41.694234+00:00
C-fb868fb4,0.03517130232009019,0,20260726T102553,2026-07-26T10:26:41.694234+00:00
C-85f01b12,0.30818547238461474,0,20260726T102553,2026-07-26T10:26:41.694234+00:00
C-d7626d43,0.7148450812593511,1,20260726T102553,2026-07-26T10:26:41.694234+00:00
C-c4293012,0.7391574589976861,1,20260726T102553,2026-07-26T10:26:41.694234+00:00
C-02e81554,0.8137808442280371,1,20260726T102553,2026-07-26T10:26:41.694234+00:00
C-b266ec0e,0.9226714478144846,1,20260726T102553,2026-07-26T10:26:41.694234+00:00
C-e881cd38,0.14865122240149622,0,20260726T102553,2026-07-26T10:26:41.694234+00:00
C-862acb98,0.9060071271481103,1,20260726T102553,2026-07-26T10:26:41.694234+00:00
C-e5937a32,0.15536161017048475,0,20260726T102553,2026-07-26T10:26:41.694234+00:00
C-d7e5dd7a,0.42159330554495533,0,20260726T102553,2026-07-26T10:26:41.694234+00:00
C-6cc07f1c,0.25112720487926316,0,20260726T102553,2026-07-26T10:26:41.694234+00:00
C-bf32666d,0.9124084638934247,1,20260726T102553,2026-07-26T10:26:41.694234+00:00
C-388f4e40,0.09595497847982452,0,20260726T102553,2026-07-26T10:26:41.694234+00:00
C-9883e7d5,0.27579876790252356,0,20260726T102553,2026-07-26T10:26:41.694234+00:00
C-700c9e4b,0.7154963315865246,1,20260726T102553,2026-07-26T10:26:41.694234+00:00
C-392b9aeb,0.9342283695076344,1,20260726T102553,2026-07-26T10:26:41.694234+00:00
C-e12c4a11,0.7530719750846803,1,20260726T102553,2026-07-26T10:26:41.694234+00:00
C-c5df9d65,0.035017739460020465,0,20260726T102553,2026-07-26T10:26:41.694234+00:00
C-80717b46,0.46196277274125863,0,20260726T102553,2026-07-26T10:26:41.694234+00:00
C-7381d2ee,0.24965475237072163,0,20260726T102553,2026-07-26T10:26:41.694234+00:00
C-7e304ede,0.5724489417054109,1,20260726T102553,2026-07-26T10:26:41.694234+00:00
C-d0a1f876,0.026371396221224804,0,20260726T102553,2026-07-26T10:26:41.694234+00:00
C-501731ca,0.2834967888290187,0,20260726T102553,2026-07-26T10:26:41.694234+00:00
C-2bac43ae,0.7781620044083214,1,20260726T102553,2026-07-26T10:26:41.694234+00:00
C-8638491d,0.6573878621141152,1,20260726T102553,2026-07-26T10:26:41.694234+00:00
C-f5c89e06,0.16480056019116743,0,20260726T102553,2026-07-26T10:26:41.694234+00:00
C-bc673c6c,0.9727590012072651,1,20260726T102553,2026-07-26T10:26:41.694234+00:00
C-a11107b5,0.6510963178374177,1,20260726T102553,2026-07-26T10:26:41.694234+00:00
C-9a6b46ca,0.09241677136819827,0,20260726T102553,2026-07-26T10:26:41.694234+00:00
C-0692eb19,0.3956667727147444,0,20260726T102553,2026-07-26T10:26:41.694234+00:00
C-35c308bc,0.7521884388766886,1,20260726T102553,2026-07-26T10:26:41.694234+00:00
C-861897e1,0.811444215307431,1,20260726T102553,2026-07-26T10:26:41.694234+00:00
C-9f22a707,0.9093268104487348,1,20260726T102553,2026-07-26T10:26:41.694234+00:00
C-e64754ea,0.1488985619433283,0,20260726T102553,2026-07-26T10:26:41.694234+00:00
C-8769b2e2,0.20147601178023566,0,20260726T102553,2026-07-26T10:26:41.694234+00:00
C-57ad1e0c,0.4938858954877324,0,20260726T102553,2026-07-26T10:26:41.694234+00:00
C-ec700b62,0.1229879955546258,0,20260726T102553,2026-07-26T10:26:41.694234+00:00
C-6242fdb4,0.5106762017798226,1,20260726T102553,2026-07-26T10:26:41.694234+00:00
C-3b85b9ef,0.03508944817683873,0,20260726T102553,2026-07-26T10:26:41.694234+00:00
C-aa7f9aaa,0.8942669841863631,1,20260726T102553,2026-07-26T10:26:41.694234+00:00
C-5bbfe14a,0.49814140916566213,0,20260726T102553,2026-07-26T10:26:41.694234+00:00
C-1f36d06c,0.039748481029883195,0,20260726T102553,2026-07-26T10:26:41.694234+00:00
C-b83c9016,0.7912383649771876,1,20260726T102553,2026-07-26T10:26:41.694234+00:00
C-ddafedc9,0.5248782347449691,1,20260726T102553,2026-07-26T10:26:41.694234+00:00
C-a9ce4130,0.09713577723061889,0,20260726T102553,2026-07-26T10:26:41.694234+00:00
C-2e702bc5,0.34063703737603357,0,20260726T102553,2026-07-26T10:26:41.694234+00:00
C-701dfbf2,0.8442401657668747,1,20260726T102553,2026-07-26T10:26:41.694234+00:00
C-8d36be5e,0.23039672324118393,0,20260726T102553,2026-07-26T10:26:41.694234+00:00
C-c866b9cd,0.0732151467401981,0,20260726T102553,2026-07-26T10:26:41.694234+00:00
C-fa074e90,0.3400916596518892,0,20260726T102553,2026-07-26T10:26:41.694234+00:00
C-f4f77755,0.04076129371441296,0,20260726T102553,2026-07-26T10:26:41.694234+00:00
C-65a4dadb,0.8742912385665873,1,20260726T102553,2026-07-26T10:26:41.694234+00:00
C-d0c5d310,0.11755285271069676,0,20260726T102553,2026-07-26T10:26:41.694234+00:00
C-389a6ee5,0.020068669609435645,0,20260726T102553,2026-07-26T10:26:41.694234+00:00
C-d9815a12,0.04424988710051587,0,20260726T102553,2026-07-26T10:26:41.694234+00:00
C-59f76737,0.1727415490899842,0,20260726T102553,2026-07-26T10:26:41.694234+00:00
C-d3e2f991,0.7489656821500399,1,20260726T102553,2026-07-26T10:26:41.694234+00:00
C-e2465baf,0.24491740059080389,0,20260726T102553,2026-07-26T10:26:41.694234+00:00
C-7c1e0924,0.6363556338665544,1,20260726T102553,2026-07-26T10:26:41.694234+00:00
C-f208d8aa,0.030510187508769715,0,20260726T102553,2026-07-26T10:26:41.694234+00:00
C-bf995c7e,0.7542016676593803,1,20260726T102553,2026-07-26T10:26:41.694234+00:00
C-2e00692e,0.525530807710261,1,20260726T102553,2026-07-26T10:26:41.694234+00:00
C-43efcf70,0.27366858239260106,0,20260726T102553,2026-07-26T10:26:41.694234+00:00
C-73e17b9b,0.7255472446150472,1,20260726T102553,2026-07-26T10:26:41.694234+00:00
C-e161ee5e,0.09840418586167567,0,20260726T102553,2026-07-26T10:26:41.694234+00:00
C-8830afb4,0.6476952709255032,1,20260726T102553,2026-07-26T10:26:41.694234+00:00
C-39206d05,0.6919312150897381,1,20260726T102553,2026-07-26T10:26:41.694234+00:00
C-0ad36f7f,0.16702007948066203,0,20260726T102553,2026-07-26T10:26:41.694234+00:00
C-ccee0aa4,0.04816070881052673,0,20260726T102553,2026-07-26T10:26:41.694234+00:00
C-e20bd7a8,0.4728036461837327,0,20260726T102553,2026-07-26T10:26:41.694234+00:00
C-b3aa0eff,0.8750493507280517,1,20260726T102553,2026-07-26T10:26:41.694234+00:00
C-5136df4f,0.6368577877829603,1,20260726T102553,2026-07-26T10:26:41.694234+00:00
C-6d39e197,0.744293674575966,1,20260726T102553,2026-07-26T10:26:41.694234+00:00
C-baa79f01,0.13929794987764998,0,20260726T102553,2026-07-26T10:26:41.694234+00:00
C-d7ec38ad,0.8947969028433055,1,20260726T102553,2026-07-26T10:26:41.694234+00:00
C-ca397a1a,0.5335293421970984,1,20260726T102553,2026-07-26T10:26:41.694234+00:00
C-8d898ea7,0.7629761420937378,1,20260726T102553,2026-07-26T10:26:41.694234+00:00
C-a5616756,0.4404552325111508,0,20260726T102553,2026-07-26T10:26:41.694234+00:00
C-8cb6570b,0.16395370580535526,0,20260726T102553,2026-07-26T10:26:41.694234+00:00
C-eb2d44b9,0.5376174559361193,1,20260726T102553,2026-07-26T10:26:41.694234+00:00
C-d13d8ea7,0.7917029126672541,1,20260726T102553,2026-07-26T10:26:41.694234+00:00
C-cf6938b2,0.1302046869919242,0,20260726T102553,2026-07-26T10:26:41.694234+00:00
C-d0076b30,0.4797897464223029,0,20260726T102553,2026-07-26T10:26:41.694234+00:00
C-f406d2c4,0.6602842037037762,1,20260726T102553,2026-07-26T10:26:41.694234+00:00
C-1b43fc4b,0.4606450144350366,0,20260726T102553,2026-07-26T10:26:41.694234+00:00
C-8a7d4f1c,0.818601057889692,1,20260726T102553,2026-07-26T10:26:41.694234+00:00
C-79c5b15a,0.09487885495201352,0,20260726T102553,2026-07-26T10:26:41.694234+00:00
C-ed43662a,0.6499192545178326,1,20260726T102553,2026-07-26T10:26:41.694234+00:00
C-f97b7151,0.09042305122723612,0,20260726T102553,2026-07-26T10:26:41.694234+00:00
C-f75465b1,0.39173801022681903,0,20260726T102553,2026-07-26T10:26:41.694234+00:00
C-c6b50186,0.390259083593145,0,20260726T102553,2026-07-26T10:26:41.694234+00:00
C-63d0b378,0.7193102987101986,1,20260726T102553,2026-07-26T10:26:41.694234+00:00
C-056f472a,0.7023351169113804,1,20260726T102553,2026-07-26T10:26:41.694234+00:00
C-a728f743,0.518867816809429,1,20260726T102553,2026-07-26T10:26:41.694234+00:00
C-0a805cbd,0.1441799502399937,0,20260726T102553,2026-07-26T10:26:41.694234+00:00
C-2319d339,0.7380720599292074,1,20260726T102553,2026-07-26T10:26:41.694234+00:00
C-e633283c,0.5908697721416214,1,20260726T102553,2026-07-26T10:26:41.694234+00:00
C-5d6ecc40,0.35758897510518994,0,20260726T102553,2026-07-26T10:26:41.694234+00:00
C-702deb6e,0.2577352876733761,0,20260726T102553,2026-07-26T10:26:41.694234+00:00
C-2d921c5b,0.8289524230448303,1,20260726T102553,2026-07-26T10:26:41.694234+00:00
C-2992d9cc,0.4605145001133007,0,20260726T102553,2026-07-26T10:26:41.694234+00:00
C-00e268cd,0.12688799456886435,0,20260726T102553,2026-07-26T10:26:41.694234+00:00
C-fa997705,0.5211220290273841,1,20260726T102553,2026-07-26T10:26:41.694234+00:00
C-2121e1eb,0.44137581589575264,0,20260726T102553,2026-07-26T10:26:41.694234+00:00
C-83c5c411,0.0335810509629351,0,20260726T102553,2026-07-26T10:26:41.694234+00:00
C-c5812ca5,0.46179539784292395,0,20260726T102553,2026-07-26T10:26:41.694234+00:00
C-aaaaa1e5,0.42168950280898926,0,20260726T102553,2026-07-26T10:26:41.694234+00:00
C-d26ac027,0.14126660801866353,0,20260726T102553,2026-07-26T10:26:41.694234+00:00
C-39ce39b5,0.32452778777344865,0,20260726T102553,2026-07-26T10:26:41.694234+00:00
C-4f1a6ede,0.4043010409061783,0,20260726T102553,2026-07-26T10:26:41.694234+00:00
C-c2ea5d75,0.3363289953735412,0,20260726T102553,2026-07-26T10:26:41.694234+00:00
C-b2ed2057,0.37417704619135167,0,20260726T102553,2026-07-26T10:26:41.694234+00:00
C-9e36dcbb,0.41155951999490237,0,20260726T102553,2026-07-26T10:26:41.694234+00:00
C-11f93e9e,0.44873747589209095,0,20260726T102553,2026-07-26T10:26:41.694234+00:00
C-2a34bea7,0.3471104819536481,0,20260726T102553,2026-07-26T10:26:41.694234+00:00
C-5122b0af,0.4756130391272116,0,20260726T102553,2026-07-26T10:26:41.694234+00:00
C-28739482,0.3204494884400163,0,20260726T102553,2026-07-26T10:26:41.694234+00:00
C-dc4dc508,0.8400143726438609,1,20260726T102553,2026-07-26T10:26:41.694234+00:00
C-4936efbb,0.6420862274591005,1,20260726T102553,2026-07-26T10:26:41.694234+00:00
C-4be3f2dd,0.9111092060173599,1,20260726T102553,2026-07-26T10:26:41.694234+00:00
C-f3b1e981,0.6349282918917887,1,20260726T102553,2026-07-26T10:26:41.694234+00:00
C-732c9cc7,0.5887575417244497,1,20260726T102553,2026-07-26T10:26:41.694234+00:00
C-38b4f3bc,0.4448264374545389,0,20260726T102553,2026-07-26T10:26:41.694234+00:00
C-750df4ec,0.9730150300770748,1,20260726T102553,2026-07-26T10:26:41.694234+00:00
C-cc7b9d61,0.13631609412000822,0,20260726T102553,2026-07-26T10:26:41.694234+00:00
C-f84fdd05,0.7801641924949134,1,20260726T102553,2026-07-26T10:26:41.694234+00:00
C-7c8cab32,0.7836885070360052,1,20260726T102553,2026-07-26T10:26:41.694234+00:00
C-6348f5fe,0.29497921570914865,0,20260726T102553,2026-07-26T10:26:41.694234+00:00
C-58a7b54c,0.45262127908894295,0,20260726T102553,2026-07-26T10:26:41.694234+00:00
C-42b91f95,0.6550093848406529,1,20260726T102553,2026-07-26T10:26:41.694234+00:00
C-eb3f22dd,0.44879396817669265,0,20260726T102553,2026-07-26T10:26:41.694234+00:00
C-ba93fbb0,0.036646614322670135,0,20260726T102553,2026-07-26T10:26:41.694234+00:00
C-a8c86d4c,0.3298547110659714,0,20260726T102553,2026-07-26T10:26:41.694234+00:00
C-431cff33,0.5826460774812596,1,20260726T102553,2026-07-26T10:26:41.694234+00:00
C-8cb30f60,0.028602115430770247,0,20260726T102553,2026-07-26T10:26:41.694234+00:00
C-3f5d081c,0.8657076337950103,1,20260726T102553,2026-07-26T10:26:41.694234+00:00
C-a2dcf9cb,0.9028839317108209,1,20260726T102553,2026-07-26T10:26:41.694234+00:00
C-6f803eae,0.10508267623039001,0,20260726T102553,2026-07-26T10:26:41.694234+00:00
C-46369aeb,0.7098556157440764,1,20260726T102553,2026-07-26T10:26:41.694234+00:00
C-a8516e3b,0.46533795790180243,0,20260726T102553,2026-07-26T10:26:41.694234+00:00
C-641f8bed,0.29373412702053225,0,20260726T102553,2026-07-26T10:26:41.694234+00:00
C-8424e7f0,0.7236781357103724,1,20260726T102553,2026-07-26T10:26:41.694234+00:00
C-c2dafa4a,0.047301916019790745,0,20260726T102553,2026-07-26T10:26:41.694234+00:00
C-266b6254,0.38263567486749833,0,20260726T102553,2026-07-26T10:26:41.694234+00:00
C-78bd37ff,0.8401865709567686,1,20260726T102553,2026-07-26T10:26:41.694234+00:00
C-65e889e3,0.2970369903649636,0,20260726T102553,2026-07-26T10:26:41.694234+00:00
C-04cf115c,0.3648674724344491,0,20260726T102553,2026-07-26T10:26:41.694234+00:00
C-23ee70ea,0.3666081247765219,0,20260726T102553,2026-07-26T10:26:41.694234+00:00
C-d00b5689,0.48009070014327654,0,20260726T102553,2026-07-26T10:26:41.694234+00:00
C-8ca2bfe8,0.1400100029646971,0,20260726T102553,2026-07-26T10:26:41.694234+00:00
C-258259a5,0.7917569355845918,1,20260726T102553,2026-07-26T10:26:41.694234+00:00
C-56b2d99e,0.9124381577394127,1,20260726T102553,2026-07-26T10:26:41.694234+00:00
C-f2e4e452,0.36639296382054787,0,20260726T102553,2026-07-26T10:26:41.694234+00:00
C-72092b72,0.3282339884458115,0,20260726T102553,2026-07-26T10:26:41.694234+00:00
C-7962fa20,0.1629285202457852,0,20260726T102553,2026-07-26T10:26:41.694234+00:00
C-38e55274,0.14885127760736536,0,20260726T102553,2026-07-26T10:26:41.694234+00:00
C-b50cd598,0.40498654813309354,0,20260726T102553,2026-07-26T10:26:41.694234+00:00
C-ad5d2501,0.5195711339868533,1,20260726T102553,2026-07-26T10:26:41.694234+00:00
C-8bb2079e,0.6379388394541541,1,20260726T102553,2026-07-26T10:26:41.694234+00:00
C-9f852fdf,0.19810934535120125,0,20260726T102553,2026-07-26T10:26:41.694234+00:00
C-585e1a46,0.023386980025571154,0,20260726T102553,2026-07-26T10:26:41.694234+00:00
C-8f5cd8dc,0.3661227456301421,0,20260726T102553,2026-07-26T10:26:41.694234+00:00
C-7e0d1366,0.09841047638577406,0,20260726T102553,2026-07-26T10:26:41.694234+00:00
C-24614731,0.5353706835496198,1,20260726T102553,2026-07-26T10:26:41.694234+00:00
C-bd88bedf,0.6521229009738383,1,20260726T102553,2026-07-26T10:26:41.694234+00:00
C-82a16146,0.11615448787480805,0,20260726T102553,2026-07-26T10:26:41.694234+00:00
C-b90e37ef,0.8113182041090544,1,20260726T102553,2026-07-26T10:26:41.694234+00:00
C-0d918362,0.11483470922971808,0,20260726T102553,2026-07-26T10:26:41.694234+00:00
C-7045fd87,0.8307877014690619,1,20260726T102553,2026-07-26T10:26:41.694234+00:00
C-1d033003,0.14977431548480372,0,20260726T102553,2026-07-26T10:26:41.694234+00:00
C-b1cdca12,0.03019871226597339,0,20260726T102553,2026-07-26T10:26:41.694234+00:00
C-c79ccba0,0.43814303998430815,0,20260726T102553,2026-07-26T10:26:41.694234+00:00
C-f552e255,0.04286053593073708,0,20260726T102553,2026-07-26T10:26:41.694234+00:00
C-c8040ecc,0.825862178265295,1,20260726T102553,2026-07-26T10:26:41.694234+00:00
C-3819a3a1,0.3284195880790979,0,20260726T102553,2026-07-26T10:26:41.694234+00:00
C-6e12366d,0.7449818705048654,1,20260726T102553,2026-07-26T10:26:41.694234+00:00
C-2c0afe2c,0.05149789110363717,0,20260726T102553,2026-07-26T10:26:41.694234+00:00
C-9e3fb25b,0.3438264872488861,0,20260726T102553,2026-07-26T10:26:41.694234+00:00
C-e20de6d3,0.7556931488976507,1,20260726T102553,2026-07-26T10:26:41.694234+00:00
C-06aaf653,0.5917131148511342,1,20260726T102553,2026-07-26T10:26:41.694234+00:00
C-43cf3e03,0.7497458184823128,1,20260726T102553,2026-07-26T10:26:41.694234+00:00
C-354d9dc7,0.10690244241554993,0,20260726T102553,2026-07-26T10:26:41.694234+00:00
C-cb24aece,0.4400285494366507,0,20260726T102553,2026-07-26T10:26:41.694234+00:00
C-aa9b46c0,0.386825714402892,0,20260726T102553,2026-07-26T10:26:41.694234+00:00
C-cc3dfa3a,0.08614723218894763,0,20260726T102553,2026-07-26T10:26:41.694234+00:00
C-8e6e8664,0.2399599561000547,0,20260726T102553,2026-07-26T10:26:41.694234+00:00
C-6905e26a,0.10095981365635633,0,20260726T102553,2026-07-26T10:26:41.694234+00:00
C-4e60c100,0.31627540926459297,0,20260726T102553,2026-07-26T10:26:41.694234+00:00
C-14386e2e,0.06361368729801382,0,20260726T102553,2026-07-26T10:26:41.694234+00:00
C-63295922,0.5879109562736534,1,20260726T102553,2026-07-26T10:26:41.694234+00:00
C-56ba9f87,0.48426835392918477,0,20260726T102553,2026-07-26T10:26:41.694234+00:00
C-50ebcf1e,0.167116883226607,0,20260726T102553,2026-07-26T10:26:41.694234+00:00
C-61e845b0,0.5376716728889412,1,20260726T102553,2026-07-26T10:26:41.694234+00:00
C-6facdc00,0.6497395636349204,1,20260726T102553,2026-07-26T10:26:41.694234+00:00
C-fa485a7a,0.14425518759482645,0,20260726T102553,2026-07-26T10:26:41.694234+00:00
C-8cee3c14,0.12683462594171374,0,20260726T102553,2026-07-26T10:26:41.694234+00:00
C-451c6da2,0.8116078066693527,1,20260726T102553,2026-07-26T10:26:41.694234+00:00
C-5dbafd1d,0.297911090025633,0,20260726T102553,2026-07-26T10:26:41.694234+00:00
C-aa9e2c51,0.9103964840718548,1,20260726T102553,2026-07-26T10:26:41.694234+00:00
C-1de186cd,0.7167054664335615,1,20260726T102553,2026-07-26T10:26:41.694234+00:00
C-c5d9d504,0.6750210861835512,1,20260726T102553,2026-07-26T10:26:41.694234+00:00
C-251cb49f,0.6477866876672981,1,20260726T102553,2026-07-26T10:26:41.694234+00:00
C-0ad8439c,0.8357948891310567,1,20260726T102553,2026-07-26T10:26:41.694234+00:00
C-16f7249a,0.7011393130375226,1,20260726T102553,2026-07-26T10:26:41.694234+00:00
C-a71b0718,0.8861660027741414,1,20260726T102553,2026-07-26T10:26:41.694234+00:00
C-3cb9e577,0.041504890074881354,0,20260726T102553,2026-07-26T10:26:41.694234+00:00
C-cbaf688c,0.4504955832940089,0,20260726T102553,2026-07-26T10:26:41.694234+00:00
C-7e8155f2,0.6397740412620934,1,20260726T102553,2026-07-26T10:26:41.694234+00:00
C-ea07d0f1,0.5101408793760306,1,20260726T102553,2026-07-26T10:26:41.694234+00:00
C-1efc6269,0.7633215497877736,1,20260726T102553,2026-07-26T10:26:41.694234+00:00
C-916135af,0.12322616886510179,0,20260726T102553,2026-07-26T10:26:41.694234+00:00
C-3b53dfd4,0.349939127242646,0,20260726T102553,2026-07-26T10:26:41.694234+00:00
C-f7a0b1be,0.9139164046616616,1,20260726T102553,2026-07-26T10:26:41.694234+00:00
C-4e4e33a1,0.4038971300994152,0,20260726T102553,2026-07-26T10:26:41.694234+00:00
C-705f60ed,0.4415914614331925,0,20260726T102553,2026-07-26T10:26:41.694234+00:00
C-790d9ca8,0.3530417780848788,0,20260726T102553,2026-07-26T10:26:41.694234+00:00
C-f8a7ea84,0.33920430269693014,0,20260726T102553,2026-07-26T10:26:41.694234+00:00
C-1b9aae61,0.44931802910168483,0,20260726T102553,2026-07-26T10:26:41.694234+00:00
C-51c14e2c,0.3207161891226657,0,20260726T102553,2026-07-26T10:26:41.694234+00:00
C-8d2fdb95,0.4254049758560264,0,20260726T102553,2026-07-26T10:26:41.694234+00:00
C-1fd37b8e,0.04586139535799132,0,20260726T102553,2026-07-26T10:26:41.694234+00:00
C-8d7dd826,0.9216651978698337,1,20260726T102553,2026-07-26T10:26:41.694234+00:00
C-3a3f2157,0.2985025658542788,0,20260726T102553,2026-07-26T10:26:41.694234+00:00
C-d88caab1,0.32628496078903285,0,20260726T102553,2026-07-26T10:26:41.694234+00:00
C-8a42e478,0.3075927650379654,0,20260726T102553,2026-07-26T10:26:41.694234+00:00
C-52232a41,0.04025072820508248,0,20260726T102553,2026-07-26T10:26:41.694234+00:00
C-953ca3cb,0.40662466167451117,0,20260726T102553,2026-07-26T10:26:41.694234+00:00
C-b52b7fb3,0.44652782235153216,0,20260726T102553,2026-07-26T10:26:41.694234+00:00
C-dde16efb,0.45995639651095344,0,20260726T102553,2026-07-26T10:26:41.694234+00:00
C-a06b4c35,0.830534634018059,1,20260726T102553,2026-07-26T10:26:41.694234+00:00
C-a3512eb9,0.7596718452630651,1,20260726T102553,2026-07-26T10:26:41.694234+00:00
C-9a5a50fa,0.43152302061119974,0,20260726T102553,2026-07-26T10:26:41.694234+00:00
C-e7b50ab9,0.02269892644089576,0,20260726T102553,2026-07-26T10:26:41.694234+00:00
C-eeeaee9a,0.5390042219097105,1,20260726T102553,2026-07-26T10:26:41.694234+00:00
C-849c054a,0.1660014091507846,0,20260726T102553,2026-07-26T10:26:41.694234+00:00
C-89b68565,0.11830312346475916,0,20260726T102553,2026-07-26T10:26:41.694234+00:00
C-9eb57f50,0.9418634710922101,1,20260726T102553,2026-07-26T10:26:41.694234+00:00
C-0f515d5b,0.8850917418366675,1,20260726T102553,2026-07-26T10:26:41.694234+00:00
C-924a7adb,0.7680211046570508,1,20260726T102553,2026-07-26T10:26:41.694234+00:00
C-3d1fdbf1,0.2038825320487773,0,20260726T102553,2026-07-26T10:26:41.694234+00:00
C-356bac98,0.313313313842269,0,20260726T102553,2026-07-26T10:26:41.694234+00:00
C-48ece9bc,0.39619667236106054,0,20260726T102553,2026-07-26T10:26:41.694234+00:00
C-99e1e6e3,0.9614735829427292,1,20260726T102553,2026-07-26T10:26:41.694234+00:00
C-42e00644,0.45490902381633275,0,20260726T102553,2026-07-26T10:26:41.694234+00:00
C-88f80586,0.05583189528722389,0,20260726T102553,2026-07-26T10:26:41.694234+00:00
C-ed1ff17f,0.5131382398974451,1,20260726T102553,2026-07-26T10:26:41.694234+00:00
C-6576d00b,0.3378835350046561,0,20260726T102553,2026-07-26T10:26:41.694234+00:00
C-e77cfaa5,0.7754640058011347,1,20260726T102553,2026-07-26T10:26:41.694234+00:00
C-1d5b4abe,0.18764970143433565,0,20260726T102553,2026-07-26T10:26:41.694234+00:00
C-ca14439e,0.9369068741210681,1,20260726T102553,2026-07-26T10:26:41.694234+00:00
C-36ca56ad,0.7033603221221701,1,20260726T102553,2026-07-26T10:26:41.694234+00:00
C-999d24a6,0.03786347566311289,0,20260726T102553,2026-07-26T10:26:41.694234+00:00
C-76766264,0.7990992727174993,1,20260726T102553,2026-07-26T10:26:41.694234+00:00
C-b134c171,0.8444060026822854,1,20260726T102553,2026-07-26T10:26:41.694234+00:00
C-594a2c4c,0.166058397646158,0,20260726T102553,2026-07-26T10:26:41.694234+00:00
C-3628666f,0.3888268968302033,0,20260726T102553,2026-07-26T10:26:41.694234+00:00
C-eba5d315,0.7941654612022517,1,20260726T102553,2026-07-26T10:26:41.694234+00:00
C-95815c04,0.784949425490845,1,20260726T102553,2026-07-26T10:26:41.694234+00:00
C-c3b2d377,0.02415836943646954,0,20260726T102553,2026-07-26T10:26:41.694234+00:00
C-771e9547,0.4557034110802133,0,20260726T102553,2026-07-26T10:26:41.694234+00:00
C-63731f70,0.2872571749712116,0,20260726T102553,2026-07-26T10:26:41.694234+00:00
C-ca843605,0.3828842221311743,0,20260726T102553,2026-07-26T10:26:41.694234+00:00
C-458eee66,0.7482953219195294,1,20260726T102553,2026-07-26T10:26:41.694234+00:00
C-092011e8,0.7378733754164647,1,20260726T102553,2026-07-26T10:26:41.694234+00:00
C-a355357e,0.7492963748700012,1,20260726T102553,2026-07-26T10:26:41.694234+00:00
C-538174a8,0.4450550709967425,0,20260726T102553,2026-07-26T10:26:41.694234+00:00
C-556aebaf,0.5979355381925717,1,20260726T102553,2026-07-26T10:26:41.694234+00:00
C-52ae3fc8,0.7199203289940787,1,20260726T102553,2026-07-26T10:26:41.694234+00:00
C-aedd6a36,0.1626244089003171,0,20260726T102553,2026-07-26T10:26:41.694234+00:00
C-d05bac9a,0.35200883590071874,0,20260726T102553,2026-07-26T10:26:41.694234+00:00
C-3bf109b9,0.3672813069843125,0,20260726T102553,2026-07-26T10:26:41.694234+00:00
C-e4753998,0.5402377971567809,1,20260726T102553,2026-07-26T10:26:41.694234+00:00
C-d3892964,0.27883107701815124,0,20260726T102553,2026-07-26T10:26:41.694234+00:00
C-8155c6c3,0.49518200465587336,0,20260726T102553,2026-07-26T10:26:41.694234+00:00
C-e4140bd4,0.7948930776679076,1,20260726T102553,2026-07-26T10:26:41.694234+00:00
C-2917b997,0.06026351830027612,0,20260726T102553,2026-07-26T10:26:41.694234+00:00
C-ab8e6953,0.30684173968670947,0,20260726T102553,2026-07-26T10:26:41.694234+00:00
C-b5c255e6,0.38090353479325084,0,20260726T102553,2026-07-26T10:26:41.694234+00:00
C-39108ff1,0.02096366547957426,0,20260726T102553,2026-07-26T10:26:41.694234+00:00
C-9608d53b,0.16055715332976025,0,20260726T102553,2026-07-26T10:26:41.694234+00:00
C-f104d334,0.15110018758949123,0,20260726T102553,2026-07-26T10:26:41.694234+00:00
C-7b8605de,0.5949599979081116,1,20260726T102553,2026-07-26T10:26:41.694234+00:00
C-842c4c10,0.7620999744503364,1,20260726T102553,2026-07-26T10:26:41.694234+00:00
C-e057cac0,0.902888876061394,1,20260726T102553,2026-07-26T10:26:41.694234+00:00
C-e898c04b,0.056322553578307843,0,20260726T102553,2026-07-26T10:26:41.694234+00:00
C-c0b812fd,0.7004397228765782,1,20260726T102553,2026-07-26T10:26:41.694234+00:00
C-38034838,0.12265890498949292,0,20260726T102553,2026-07-26T10:26:41.694234+00:00
C-9e025a27,0.44462142660236753,0,20260726T102553,2026-07-26T10:26:41.694234+00:00
C-f5aaeb9d,0.09487244837091517,0,20260726T102553,2026-07-26T10:26:41.694234+00:00
C-01d9d2e5,0.1724337544458868,0,20260726T102553,2026-07-26T10:26:41.694234+00:00
C-e329824a,0.7057947238088086,1,20260726T102553,2026-07-26T10:26:41.694234+00:00
C-9048ff7a,0.27107743971113674,0,20260726T102553,2026-07-26T10:26:41.694234+00:00
C-e55cd929,0.11621361669164255,0,20260726T102553,2026-07-26T10:26:41.694234+00:00
C-b1a28c54,0.5023855162069563,1,20260726T102553,2026-07-26T10:26:41.694234+00:00
C-683f293b,0.7832254791944246,1,20260726T102553,2026-07-26T10:26:41.694234+00:00
C-c31da249,0.668765879730292,1,20260726T102553,2026-07-26T10:26:41.694234+00:00
C-092e0604,0.7431341446188343,1,20260726T102553,2026-07-26T10:26:41.694234+00:00
C-c9258ec5,0.6346695559199313,1,20260726T102553,2026-07-26T10:26:41.694234+00:00
C-718ba7c3,0.5730911593792385,1,20260726T102553,2026-07-26T10:26:41.694234+00:00
C-764047b5,0.4204291847053624,0,20260726T102553,2026-07-26T10:26:41.694234+00:00
C-17dcf08a,0.05390315045157696,0,20260726T102553,2026-07-26T10:26:41.694234+00:00
C-6efd3635,0.604341508591658,1,20260726T102553,2026-07-26T10:26:41.694234+00:00
C-9692a0e3,0.07856798349751662,0,20260726T102553,2026-07-26T10:26:41.694234+00:00
C-7ddae7ab,0.5204256030003174,1,20260726T102553,2026-07-26T10:26:41.694234+00:00
C-162d6fa5,0.3773848162018211,0,20260726T102553,2026-07-26T10:26:41.694234+00:00
C-25789e0d,0.43409476186949764,0,20260726T102553,2026-07-26T10:26:41.694234+00:00
C-6e97e157,0.02600354431280731,0,20260726T102553,2026-07-26T10:26:41.694234+00:00
C-a4a37450,0.2675488094560297,0,20260726T102553,2026-07-26T10:26:41.694234+00:00
C-b6d4a2d6,0.35495563027979543,0,20260726T102553,2026-07-26T10:26:41.694234+00:00
C-5c8be3d9,0.5787535007143164,1,20260726T102553,2026-07-26T10:26:41.694234+00:00
C-a42a2f49,0.23948053067749778,0,20260726T102553,2026-07-26T10:26:41.694234+00:00
C-75125fb2,0.6938641010426654,1,20260726T102553,2026-07-26T10:26:41.694234+00:00
C-2e4a04ef,0.4600958932666613,0,20260726T102553,2026-07-26T10:26:41.694234+00:00
C-3019ed13,0.4732441381717887,0,20260726T102553,2026-07-26T10:26:41.694234+00:00
C-b0cd7085,0.5872642804393327,1,20260726T102553,2026-07-26T10:26:41.694234+00:00
C-ca251e02,0.9080250127017657,1,20260726T102553,2026-07-26T10:26:41.694234+00:00
C-60a2bc35,0.030830005942275307,0,20260726T102553,2026-07-26T10:26:41.694234+00:00
C-1ee97a72,0.7085547572508535,1,20260726T102553,2026-07-26T10:26:41.694234+00:00
C-32f3b277,0.7264946884958623,1,20260726T102553,2026-07-26T10:26:41.694234+00:00
C-687ed249,0.3123665530812935,0,20260726T102553,2026-07-26T10:26:41.694234+00:00
C-34b9f2e2,0.784663371295742,1,20260726T102553,2026-07-26T10:26:41.694234+00:00
C-796d5bc4,0.09812343753630408,0,20260726T102553,2026-07-26T10:26:41.694234+00:00
C-a605b5c3,0.6453988779008688,1,20260726T102553,2026-07-26T10:26:41.694234+00:00
C-72f5285a,0.4568699489943216,0,20260726T102553,2026-07-26T10:26:41.694234+00:00
C-0c9a38c0,0.7736874713867977,1,20260726T102553,2026-07-26T10:26:41.694234+00:00
C-d76601f6,0.44996605923066235,0,20260726T102553,2026-07-26T10:26:41.694234+00:00
C-94dd462f,0.5366161139311488,1,20260726T102553,2026-07-26T10:26:41.694234+00:00
C-c1025e11,0.3617193132070001,0,20260726T102553,2026-07-26T10:26:41.694234+00:00
C-5fc8a869,0.85677052579212,1,20260726T102553,2026-07-26T10:26:41.694234+00:00
C-342573a8,0.7810797199276028,1,20260726T102553,2026-07-26T10:26:41.694234+00:00
C-e4df290a,0.04941968899409834,0,20260726T102553,2026-07-26T10:26:41.694234+00:00
C-c02076ce,0.544971057169947,1,20260726T102553,2026-07-26T10:26:41.694234+00:00
C-5faa1621,0.7961303013677724,1,20260726T102553,2026-07-26T10:26:41.694234+00:00
C-73b54b12,0.04942147336141052,0,20260726T102553,2026-07-26T10:26:41.694234+00:00
C-5955f974,0.4310704535338135,0,20260726T102553,2026-07-26T10:26:41.694234+00:00
C-387d0965,0.6991348407241041,1,20260726T102553,2026-07-26T10:26:41.694234+00:00
C-c3ee18f9,0.5486277589281491,1,20260726T102553,2026-07-26T10:26:41.694234+00:00
C-db5907b7,0.5458340861065862,1,20260726T102553,2026-07-26T10:26:41.694234+00:00
C-bc879bee,0.7923483299331167,1,20260726T102553,2026-07-26T10:26:41.694234+00:00
C-27d7c9a2,0.985354224548386,1,20260726T102553,2026-07-26T10:26:41.694234+00:00
C-148c435a,0.1144239205767956,0,20260726T102553,2026-07-26T10:26:41.694234+00:00
C-c173219f,0.024146694177776647,0,20260726T102553,2026-07-26T10:26:41.694234+00:00
C-e7b05af9,0.5933237069053063,1,20260726T102553,2026-07-26T10:26:41.694234+00:00
C-8fe4ffae,0.788999296094095,1,20260726T102553,2026-07-26T10:26:41.694234+00:00
C-8887efc4,0.38392256772597133,0,20260726T102553,2026-07-26T10:26:41.694234+00:00
C-a23247ec,0.7968441134102562,1,20260726T102553,2026-07-26T10:26:41.694234+00:00
C-e3fcadb9,0.08319441381646261,0,20260726T102553,2026-07-26T10:26:41.694234+00:00
C-ac384679,0.4392326902507293,0,20260726T102553,2026-07-26T10:26:41.694234+00:00
C-dd2c95e1,0.08160019065929641,0,20260726T102553,2026-07-26T10:26:41.694234+00:00
C-eb83deea,0.1464166292669719,0,20260726T102553,2026-07-26T10:26:41.694234+00:00
C-c321f87d,0.535702796105089,1,20260726T102553,2026-07-26T10:26:41.694234+00:00
C-3cf7f62f,0.5133061448557986,1,20260726T102553,2026-07-26T10:26:41.694234+00:00
C-b7448aa4,0.1960714965544837,0,20260726T102553,2026-07-26T10:26:41.694234+00:00
C-9ff906a6,0.7172266704120541,1,20260726T102553,2026-07-26T10:26:41.694234+00:00
C-33c41d18,0.04000566162911806,0,20260726T102553,2026-07-26T10:26:41.694234+00:00
C-5c0b4a54,0.09533663053603661,0,20260726T102553,2026-07-26T10:26:41.694234+00:00
C-7948cc04,0.5490370660714973,1,20260726T102553,2026-07-26T10:26:41.694234+00:00
C-8f19e8e1,0.8791394801157377,1,20260726T102553,2026-07-26T10:26:41.694234+00:00
C-a7148b27,0.5293966905001446,1,20260726T102553,2026-07-26T10:26:41.694234+00:00
C-6257da7b,0.06422987894461588,0,20260726T102553,2026-07-26T10:26:41.694234+00:00
C-d1da672c,0.7940124412666052,1,20260726T102553,2026-07-26T10:26:41.694234+00:00
C-49fd9cbb,0.6969471493437175,1,20260726T102553,2026-07-26T10:26:41.694234+00:00
C-ed47a6e0,0.18182048472077916,0,20260726T102553,2026-07-26T10:26:41.694234+00:00
C-523adcb3,0.31486792984731654,0,20260726T102553,2026-07-26T10:26:41.694234+00:00
C-2524fd29,0.09498583150447952,0,20260726T102553,2026-07-26T10:26:41.694234+00:00
C-b0807320,0.3343964488275674,0,20260726T102553,2026-07-26T10:26:41.694234+00:00
C-c37ed63d,0.45188845525637616,0,20260726T102553,2026-07-26T10:26:41.694234+00:00
C-1d14125c,0.3328735385604255,0,20260726T102553,2026-07-26T10:26:41.694234+00:00
C-dea51651,0.38116147994745136,0,20260726T102553,2026-07-26T10:26:41.694234+00:00
C-b2437693,0.47223854358955003,0,20260726T102553,2026-07-26T10:26:41.694234+00:00
C-9ae1784d,0.10017489882111312,0,20260726T102553,2026-07-26T10:26:41.694234+00:00
C-87f95780,0.28144067223519187,0,20260726T102553,2026-07-26T10:26:41.694234+00:00
C-c2d0e007,0.38604455198392706,0,20260726T102553,2026-07-26T10:26:41.694234+00:00
C-1973c993,0.41369130478772387,0,20260726T102553,2026-07-26T10:26:41.694234+00:00
C-90bdcc5d,0.10668630261835936,0,20260726T102553,2026-07-26T10:26:41.694234+00:00
C-9f662b7c,0.6755440814924631,1,20260726T102553,2026-07-26T10:26:41.694234+00:00
C-7a9eae56,0.37964997928995436,0,20260726T102553,2026-07-26T10:26:41.694234+00:00
C-faf3513f,0.7256215013699612,1,20260726T102553,2026-07-26T10:26:41.694234+00:00
C-8d86f0e2,0.07631249234584807,0,20260726T102553,2026-07-26T10:26:41.694234+00:00
C-dbacfb16,0.16690307362334414,0,20260726T102553,2026-07-26T10:26:41.694234+00:00
C-1e9a8c78,0.6506516560514574,1,20260726T102553,2026-07-26T10:26:41.694234+00:00
C-4a039c59,0.7324453681734007,1,20260726T102553,2026-07-26T10:26:41.694234+00:00
C-6a250c0a,0.8709004262883577,1,20260726T102553,2026-07-26T10:26:41.694234+00:00
C-f6fb6640,0.6648152058768702,1,20260726T102553,2026-07-26T10:26:41.694234+00:00
C-a3dad5b9,0.8123576894377591,1,20260726T102553,2026-07-26T10:26:41.694234+00:00
C-5b98c4e7,0.14782920973879787,0,20260726T102553,2026-07-26T10:26:41.694234+00:00
C-f5b046c6,0.029100300601962406,0,20260726T102553,2026-07-26T10:26:41.694234+00:00
C-38d6dcbd,0.4011761890532915,0,20260726T102553,2026-07-26T10:26:41.694234+00:00
C-cae98db9,0.7729955668170215,1,20260726T102553,2026-07-26T10:26:41.694234+00:00
C-54e2ebb3,0.6467440587241642,1,20260726T102553,2026-07-26T10:26:41.694234+00:00
C-d7525af6,0.7053534927963976,1,20260726T102553,2026-07-26T10:26:41.694234+00:00
C-8bfc41a6,0.8757454638910519,1,20260726T102553,2026-07-26T10:26:41.694234+00:00
C-ffc1b27e,0.7200725108350824,1,20260726T102553,2026-07-26T10:26:41.694234+00:00
C-48c20fa1,0.8022417635738849,1,20260726T102553,2026-07-26T10:26:41.694234+00:00
C-07df1120,0.7331137406094557,1,20260726T102553,2026-07-26T10:26:41.694234+00:00
C-c2fa532e,0.3343795588922746,0,20260726T102553,2026-07-26T10:26:41.694234+00:00
C-fb7db39a,0.3179414335567088,0,20260726T102553,2026-07-26T10:26:41.694234+00:00
C-887b22b7,0.24775154445357478,0,20260726T102553,2026-07-26T10:26:41.694234+00:00
C-be6e7443,0.021026663572933087,0,20260726T102553,2026-07-26T10:26:41.694234+00:00
C-a483318f,0.6768107961093941,1,20260726T102553,2026-07-26T10:26:41.694234+00:00
C-37e97521,0.31930611643120765,0,20260726T102553,2026-07-26T10:26:41.694234+00:00
C-374a321a,0.03730001409229559,0,20260726T102553,2026-07-26T10:26:41.694234+00:00
C-4c3e7d55,0.0420920569326986,0,20260726T102553,2026-07-26T10:26:41.694234+00:00
C-544b3f11,0.17954313004914504,0,20260726T102553,2026-07-26T10:26:41.694234+00:00
C-fc265396,0.180977979527036,0,20260726T102553,2026-07-26T10:26:41.694234+00:00
C-3a9969dd,0.36929102058849617,0,20260726T102553,2026-07-26T10:26:41.694234+00:00
C-c2eeff24,0.5384254226988886,1,20260726T102553,2026-07-26T10:26:41.694234+00:00
C-5e2334c7,0.7476929548632213,1,20260726T102553,2026-07-26T10:26:41.694234+00:00
C-2bbd4c47,0.7012463608253575,1,20260726T102553,2026-07-26T10:26:41.694234+00:00
C-d42d07fe,0.792474114719377,1,20260726T102553,2026-07-26T10:26:41.694234+00:00
C-4c201141,0.4187154145557577,0,20260726T102553,2026-07-26T10:26:41.694234+00:00
C-8c8f4cef,0.8070745590374262,1,20260726T102553,2026-07-26T10:26:41.694234+00:00
C-6ea75439,0.5116570520226822,1,20260726T102553,2026-07-26T10:26:41.694234+00:00
C-1f49f02e,0.5364557850516508,1,20260726T102553,2026-07-26T10:26:41.694234+00:00
C-7e1fb79e,0.5290514868617866,1,20260726T102553,2026-07-26T10:26:41.694234+00:00
C-62ffaa6f,0.14394965825559586,0,20260726T102553,2026-07-26T10:26:41.694234+00:00
C-d7fc3971,0.2105744300351245,0,20260726T102553,2026-07-26T10:26:41.694234+00:00
C-a05f2760,0.1510643217333821,0,20260726T102553,2026-07-26T10:26:41.694234+00:00
C-70711c1c,0.8668255871373186,1,20260726T102553,2026-07-26T10:26:41.694234+00:00
C-cec3ac45,0.2819247546356831,0,20260726T102553,2026-07-26T10:26:41.694234+00:00
C-6546368f,0.0990688586049855,0,20260726T102553,2026-07-26T10:26:41.694234+00:00
C-2b40db7c,0.8375150170585871,1,20260726T102553,2026-07-26T10:26:41.694234+00:00
C-725e3696,0.8950313719065289,1,20260726T102553,2026-07-26T10:26:41.694234+00:00
C-012649d0,0.7700762442352822,1,20260726T102553,2026-07-26T10:26:41.694234+00:00
C-2cab039a,0.7129131387554788,1,20260726T102553,2026-07-26T10:26:41.694234+00:00
C-f8e0ba09,0.6138822866438662,1,20260726T102553,2026-07-26T10:26:41.694234+00:00
C-2ac55b5f,0.4928208187008183,0,20260726T102553,2026-07-26T10:26:41.694234+00:00
C-ba660778,0.5285363455308372,1,20260726T102553,2026-07-26T10:26:41.694234+00:00
C-1ba55c61,0.17400235991852614,0,20260726T102553,2026-07-26T10:26:41.694234+00:00
C-44021da5,0.9349729737248174,1,20260726T102553,2026-07-26T10:26:41.694234+00:00
C-efb2bcfe,0.050345170816980984,0,20260726T102553,2026-07-26T10:26:41.694234+00:00
C-d892ada8,0.7445046955134985,1,20260726T102553,2026-07-26T10:26:41.694234+00:00
C-78a1eda5,0.796556847897696,1,20260726T102553,2026-07-26T10:26:41.694234+00:00
C-70439b7b,0.08669510758777713,0,20260726T102553,2026-07-26T10:26:41.694234+00:00
C-f6210884,0.1927117028706492,0,20260726T102553,2026-07-26T10:26:41.694234+00:00
C-6a8a137f,0.11416616061740682,0,20260726T102553,2026-07-26T10:26:41.694234+00:00
C-b001ba4f,0.0367272360079231,0,20260726T102553,2026-07-26T10:26:41.694234+00:00
C-e1e3bc59,0.8822948941281141,1,20260726T102553,2026-07-26T10:26:41.694234+00:00
C-f3affeb1,0.3058385636321425,0,20260726T102553,2026-07-26T10:26:41.694234+00:00
C-dff8e6bd,0.5095578502655147,1,20260726T102553,2026-07-26T10:26:41.694234+00:00
C-7b671d6b,0.43050559008794287,0,20260726T102553,2026-07-26T10:26:41.694234+00:00
C-4d30cba5,0.18712440767431104,0,20260726T102553,2026-07-26T10:26:41.694234+00:00
C-777e9826,0.5450729681511597,1,20260726T102553,2026-07-26T10:26:41.694234+00:00
C-f19f5e83,0.057233918529435074,0,20260726T102553,2026-07-26T10:26:41.694234+00:00
C-71bc53e2,0.8029204456684036,1,20260726T102553,2026-07-26T10:26:41.694234+00:00
C-91ff9c62,0.4536937413153005,0,20260726T102553,2026-07-26T10:26:41.694234+00:00
C-225ca879,0.9230028545118616,1,20260726T102553,2026-07-26T10:26:41.694234+00:00
C-4d1058b1,0.4514694824043791,0,20260726T102553,2026-07-26T10:26:41.694234+00:00
C-75fd54a8,0.604906396537504,1,20260726T102553,2026-07-26T10:26:41.694234+00:00
C-cea374f1,0.2901481239186482,0,20260726T102553,2026-07-26T10:26:41.694234+00:00
C-af4854f1,0.534476513268256,1,20260726T102553,2026-07-26T10:26:41.694234+00:00
C-0d34ad61,0.03888893629475643,0,20260726T102553,2026-07-26T10:26:41.694234+00:00
C-e37978bb,0.49090984734085197,0,20260726T102553,2026-07-26T10:26:41.694234+00:00
C-5a001d30,0.4832279372966422,0,20260726T102553,2026-07-26T10:26:41.694234+00:00
C-2a053fe3,0.34986530304282254,0,20260726T102553,2026-07-26T10:26:41.694234+00:00
C-207fe4ba,0.7475842878301503,1,20260726T102553,2026-07-26T10:26:41.694234+00:00
C-3cc486a9,0.3559555393928321,0,20260726T102553,2026-07-26T10:26:41.694234+00:00
C-9c3052d7,0.5108119457291439,1,20260726T102553,2026-07-26T10:26:41.694234+00:00
C-21aa2867,0.7697450352253781,1,20260726T102553,2026-07-26T10:26:41.694234+00:00
C-037a6768,0.15570476172308656,0,20260726T102553,2026-07-26T10:26:41.694234+00:00
C-49495a15,0.5087412298418431,1,20260726T102553,2026-07-26T10:26:41.694234+00:00
C-9004f9fa,0.36686959707404976,0,20260726T102553,2026-07-26T10:26:41.694234+00:00
C-92950a84,0.7553681951618039,1,20260726T102553,2026-07-26T10:26:41.694234+00:00
C-7b31335c,0.2566570314673692,0,20260726T102553,2026-07-26T10:26:41.694234+00:00
C-f90edc25,0.4837931285212249,0,20260726T102553,2026-07-26T10:26:41.694234+00:00
C-ababa6ae,0.6254800769384217,1,20260726T102553,2026-07-26T10:26:41.694234+00:00
C-bc7ee9ae,0.7856595327238892,1,20260726T102553,2026-07-26T10:26:41.694234+00:00
C-f4b7e74c,0.1028370665319352,0,20260726T102553,2026-07-26T10:26:41.694234+00:00
C-7818b5a4,0.5071089272915527,1,20260726T102553,2026-07-26T10:26:41.694234+00:00
C-b3b2fa42,0.9205911299376596,1,20260726T102553,2026-07-26T10:26:41.694234+00:00
C-7065fc3e,0.13473850156942002,0,20260726T102553,2026-07-26T10:26:41.694234+00:00
C-661f7642,0.7959643177731109,1,20260726T102553,2026-07-26T10:26:41.694234+00:00
C-4d43a1a0,0.4509413779340401,0,20260726T102553,2026-07-26T10:26:41.694234+00:00
C-b7201186,0.28702981771385017,0,20260726T102553,2026-07-26T10:26:41.694234+00:00
C-fe248a56,0.020067161322516257,0,20260726T102553,2026-07-26T10:26:41.694234+00:00
C-0edf7e2f,0.44364046139553953,0,20260726T102553,2026-07-26T10:26:41.694234+00:00
C-f14b36d5,0.1403259079265275,0,20260726T102553,2026-07-26T10:26:41.694234+00:00
C-04f74e9e,0.14823379718923005,0,20260726T102553,2026-07-26T10:26:41.694234+00:00
C-a77e4345,0.1564955861007305,0,20260726T102553,2026-07-26T10:26:41.694234+00:00
C-84cbe0fd,0.44717006533600945,0,20260726T102553,2026-07-26T10:26:41.694234+00:00
C-efa4f4f0,0.484414961108197,0,20260726T102553,2026-07-26T10:26:41.694234+00:00
C-a2b1182c,0.44798133341023944,0,20260726T102553,2026-07-26T10:26:41.694234+00:00
C-67a3c098,0.13530283828822404,0,20260726T102553,2026-07-26T10:26:41.694234+00:00
C-4a097da2,0.6921711284504962,1,20260726T102553,2026-07-26T10:26:41.694234+00:00
C-e797175b,0.6156338918983361,1,20260726T102553,2026-07-26T10:26:41.694234+00:00
C-e44ab8e0,0.029155663237133825,0,20260726T102553,2026-07-26T10:26:41.694234+00:00
C-5c5b155f,0.7655056312205125,1,20260726T102553,2026-07-26T10:26:41.694234+00:00
C-62e501ed,0.04818294516799564,0,20260726T102553,2026-07-26T10:26:41.694234+00:00
C-dffeb405,0.9202643673849086,1,20260726T102553,2026-07-26T10:26:41.694234+00:00
C-69e7d959,0.2668773570102237,0,20260726T102553,2026-07-26T10:26:41.694234+00:00
C-66296ad7,0.894723176544626,1,20260726T102553,2026-07-26T10:26:41.694234+00:00
C-63446930,0.5439127136792884,1,20260726T102553,2026-07-26T10:26:41.694234+00:00
C-2db0b7ca,0.47522364437505854,0,20260726T102553,2026-07-26T10:26:41.694234+00:00
C-cbad888a,0.023744504383878016,0,20260726T102553,2026-07-26T10:26:41.694234+00:00
C-194b71a1,0.7215444590678558,1,20260726T102553,2026-07-26T10:26:41.694234+00:00
C-cfe8f2f3,0.8415034903553645,1,20260726T102553,2026-07-26T10:26:41.694234+00:00
C-359c76cd,0.5129963403949653,1,20260726T102553,2026-07-26T10:26:41.694234+00:00
C-62b4f024,0.8946092928254882,1,20260726T102553,2026-07-26T10:26:41.694234+00:00
C-419578ba,0.9118173193002462,1,20260726T102553,2026-07-26T10:26:41.694234+00:00
C-bea32b42,0.16160825411010774,0,20260726T102553,2026-07-26T10:26:41.694234+00:00
C-396ef1d0,0.6358751217653028,1,20260726T102553,2026-07-26T10:26:41.694234+00:00
C-8f91425a,0.4909020858909645,0,20260726T102553,2026-07-26T10:26:41.694234+00:00
C-7e2c8f20,0.7646892326172936,1,20260726T102553,2026-07-26T10:26:41.694234+00:00
C-8d0610b0,0.6921415808505436,1,20260726T102553,2026-07-26T10:26:41.694234+00:00
C-41776d15,0.7899076567730361,1,20260726T102553,2026-07-26T10:26:41.694234+00:00
C-ff53dde2,0.20089642591568474,0,20260726T102553,2026-07-26T10:26:41.694234+00:00
C-d6150553,0.7327336884989254,1,20260726T102553,2026-07-26T10:26:41.694234+00:00
C-466c948f,0.5556727410507316,1,20260726T102553,2026-07-26T10:26:41.694234+00:00
C-b01ddc75,0.9177468846367575,1,20260726T102553,2026-07-26T10:26:41.694234+00:00
C-df5c6f52,0.1097471881825531,0,20260726T102553,2026-07-26T10:26:41.694234+00:00
C-e73cf00c,0.7785046973665587,1,20260726T102553,2026-07-26T10:26:41.694234+00:00
C-a4e0d3da,0.2656174264047774,0,20260726T102553,2026-07-26T10:26:41.694234+00:00
C-824c14aa,0.8708444612446307,1,20260726T102553,2026-07-26T10:26:41.694234+00:00
C-ac37fcf1,0.6627556235364839,1,20260726T102553,2026-07-26T10:26:41.694234+00:00
C-527dcbcd,0.35253934937113107,0,20260726T102553,2026-07-26T10:26:41.694234+00:00
C-52dd45a7,0.33166740909884695,0,20260726T102553,2026-07-26T10:26:41.694234+00:00
C-f8fc9ce3,0.15903041980186927,0,20260726T102553,2026-07-26T10:26:41.694234+00:00
C-b310e832,0.42622293287046814,0,20260726T102553,2026-07-26T10:26:41.694234+00:00
C-7ed2a490,0.8637735059255081,1,20260726T102553,2026-07-26T10:26:41.694234+00:00
C-065f08fb,0.19353861626363475,0,20260726T102553,2026-07-26T10:26:41.694234+00:00
C-25b77db4,0.7513443122101308,1,20260726T102553,2026-07-26T10:26:41.694234+00:00
C-465ac61a,0.684818702911991,1,20260726T102553,2026-07-26T10:26:41.694234+00:00
C-be9242b4,0.6916269717339782,1,20260726T102553,2026-07-26T10:26:41.694234+00:00
C-33053dc0,0.039731624386613595,0,20260726T102553,2026-07-26T10:26:41.694234+00:00
C-d7839afe,0.6015840147606789,1,20260726T102553,2026-07-26T10:26:41.694234+00:00
C-6eb9dbdd,0.40069037317150225,0,20260726T102553,2026-07-26T10:26:41.694234+00:00
C-56fc51dc,0.3216306387006079,0,20260726T102553,2026-07-26T10:26:41.694234+00:00
C-905e01e7,0.10417421415414,0,20260726T102553,2026-07-26T10:26:41.694234+00:00
C-d231be39,0.18043135561992338,0,20260726T102553,2026-07-26T10:26:41.694234+00:00
C-e420661a,0.6875823090190212,1,20260726T102553,2026-07-26T10:26:41.694234+00:00
C-6cee13b3,0.6094683809230963,1,20260726T102553,2026-07-26T10:26:41.694234+00:00
C-0ee63e1d,0.2793669507282909,0,20260726T102553,2026-07-26T10:26:41.694234+00:00
C-15c08c05,0.08375792368801793,0,20260726T102553,2026-07-26T10:26:41.694234+00:00
C-099732e4,0.5516124126705698,1,20260726T102553,2026-07-26T10:26:41.694234+00:00
C-a37f80b4,0.8035955968998928,1,20260726T102553,2026-07-26T10:26:41.694234+00:00
C-c1a9ea61,0.7914688255344309,1,20260726T102553,2026-07-26T10:26:41.694234+00:00
C-9bf7c823,0.7201332315755563,1,20260726T102553,2026-07-26T10:26:41.694234+00:00
C-1fbb94cd,0.12463923388126771,0,20260726T102553,2026-07-26T10:26:41.694234+00:00
C-8725d379,0.5602982044309892,1,20260726T102553,2026-07-26T10:26:41.694234+00:00
C-add96a72,0.3013562783953871,0,20260726T102553,2026-07-26T10:26:41.694234+00:00
C-7a4023fa,0.2434209269395196,0,20260726T102553,2026-07-26T10:26:41.694234+00:00
C-a11ffa8c,0.5009325497760744,1,20260726T102553,2026-07-26T10:26:41.694234+00:00
C-5055f15d,0.7297185270738697,1,20260726T102553,2026-07-26T10:26:41.694234+00:00
C-1288aebc,0.2872033388130116,0,20260726T102553,2026-07-26T10:26:41.694234+00:00
C-6238007a,0.7629630315931666,1,20260726T102553,2026-07-26T10:26:41.694234+00:00
C-02f4f67e,0.4391554985878616,0,20260726T102553,2026-07-26T10:26:41.694234+00:00
C-60e9f9ae,0.47755064122018037,0,20260726T102553,2026-07-26T10:26:41.694234+00:00
C-c01cc199,0.3385645456282231,0,20260726T102553,2026-07-26T10:26:41.694234+00:00
C-b8f217b6,0.30696879963965695,0,20260726T102553,2026-07-26T10:26:41.694234+00:00
C-8e8a99d5,0.43667858191657366,0,20260726T102553,2026-07-26T10:26:41.694234+00:00
C-8936b115,0.7615348434220204,1,20260726T102553,2026-07-26T10:26:41.694234+00:00
C-7b64c464,0.1872389285906069,0,20260726T102553,2026-07-26T10:26:41.694234+00:00
C-c7d4d66d,0.5970906698229027,1,20260726T102553,2026-07-26T10:26:41.694234+00:00
C-5eb5d556,0.6918692208593852,1,20260726T102553,2026-07-26T10:26:41.694234+00:00
C-dc2ea0a8,0.4966827455399647,0,20260726T102553,2026-07-26T10:26:41.694234+00:00
C-1aa658c9,0.5032622587754861,1,20260726T102553,2026-07-26T10:26:41.694234+00:00
C-b4c7c73b,0.7845495241705883,1,20260726T102553,2026-07-26T10:26:41.694234+00:00
C-b8b4a636,0.27377525777353395,0,20260726T102553,2026-07-26T10:26:41.694234+00:00
C-ba0ceec1,0.07317024811778922,0,20260726T102553,2026-07-26T10:26:41.694234+00:00
C-04e87f7d,0.7052630590745096,1,20260726T102553,2026-07-26T10:26:41.694234+00:00
C-123d14e3,0.2752124257710215,0,20260726T102553,2026-07-26T10:26:41.694234+00:00
C-4e95bb36,0.43958909707125376,0,20260726T102553,2026-07-26T10:26:41.694234+00:00
C-29af5838,0.08741655044608455,0,20260726T102553,2026-07-26T10:26:41.694234+00:00
C-38fa30e1,0.15946204092926092,0,20260726T102553,2026-07-26T10:26:41.694234+00:00
C-88418b69,0.031368837403744104,0,20260726T102553,2026-07-26T10:26:41.694234+00:00
C-76e4eae3,0.6642729345907709,1,20260726T102553,2026-07-26T10:26:41.694234+00:00
C-c2e45ca3,0.17716668043846984,0,20260726T102553,2026-07-26T10:26:41.694234+00:00
C-bf824ea8,0.5034015988977356,1,20260726T102553,2026-07-26T10:26:41.694234+00:00
C-ccda08ed,0.39713948327146037,0,20260726T102553,2026-07-26T10:26:41.694234+00:00
C-df887f75,0.3835096864432442,0,20260726T102553,2026-07-26T10:26:41.694234+00:00
C-12883d82,0.280268985921502,0,20260726T102553,2026-07-26T10:26:41.694234+00:00
C-c892ee80,0.12440096713984518,0,20260726T102553,2026-07-26T10:26:41.694234+00:00
C-0bfe39b6,0.6232736146939033,1,20260726T102553,2026-07-26T10:26:41.694234+00:00
C-8ee721c4,0.05360238003566614,0,20260726T102553,2026-07-26T10:26:41.694234+00:00
C-a5134439,0.3961904633236883,0,20260726T102553,2026-07-26T10:26:41.694234+00:00
C-51511809,0.11558577794282814,0,20260726T102553,2026-07-26T10:26:41.694234+00:00
C-418b0b9f,0.12434297543296202,0,20260726T102553,2026-07-26T10:26:41.694234+00:00
C-3e2e9b69,0.13932958998427616,0,20260726T102553,2026-07-26T10:26:41.694234+00:00
C-1f205a96,0.542836556401209,1,20260726T102553,2026-07-26T10:26:41.694234+00:00
C-ba52dee5,0.1203686113381653,0,20260726T102553,2026-07-26T10:26:41.694234+00:00
C-571f3b6c,0.028491521053138794,0,20260726T102553,2026-07-26T10:26:41.694234+00:00
C-19e5a212,0.29265443085174875,0,20260726T102553,2026-07-26T10:26:41.694234+00:00
C-bd9c13fe,0.050223964825709885,0,20260726T102553,2026-07-26T10:26:41.694234+00:00
C-a0d66e22,0.8349498494617663,1,20260726T102553,2026-07-26T10:26:41.694234+00:00
C-b76ee76d,0.39542236593828317,0,20260726T102553,2026-07-26T10:26:41.694234+00:00
C-8ce76405,0.5961598574826001,1,20260726T102553,2026-07-26T10:26:41.694234+00:00
C-d2732cec,0.039666720818765724,0,20260726T102553,2026-07-26T10:26:41.694234+00:00
C-172ab400,0.4116790584621792,0,20260726T102553,2026-07-26T10:26:41.694234+00:00
C-a7896a15,0.32538199391880895,0,20260726T102553,2026-07-26T10:26:41.694234+00:00
C-f9d14a08,0.3450130074993615,0,20260726T102553,2026-07-26T10:26:41.694234+00:00
C-bc2e4489,0.09149651708857988,0,20260726T102553,2026-07-26T10:26:41.694234+00:00
C-d9056b21,0.3491006211306383,0,20260726T102553,2026-07-26T10:26:41.694234+00:00
C-40c328a2,0.46648276130405586,0,20260726T102553,2026-07-26T10:26:41.694234+00:00
C-ebebb01f,0.6710254599412835,1,20260726T102553,2026-07-26T10:26:41.694234+00:00
C-f6ddf2b4,0.6500111812597942,1,20260726T102553,2026-07-26T10:26:41.694234+00:00
C-db325db3,0.45666771373951687,0,20260726T102553,2026-07-26T10:26:41.694234+00:00
C-8ed7e277,0.5042061709028478,1,20260726T102553,2026-07-26T10:26:41.694234+00:00
C-6bf00eab,0.36946745788023094,0,20260726T102553,2026-07-26T10:26:41.694234+00:00
C-dc1c47d0,0.3967116868917048,0,20260726T102553,2026-07-26T10:26:41.694234+00:00
C-d91a569a,0.6470700165241745,1,20260726T102553,2026-07-26T10:26:41.694234+00:00
C-83b28f8d,0.3107207894688757,0,20260726T102553,2026-07-26T10:26:41.694234+00:00
C-2912327b,0.5438986102311615,1,20260726T102553,2026-07-26T10:26:41.694234+00:00
C-febecfc1,0.4093809126057943,0,20260726T102553,2026-07-26T10:26:41.694234+00:00
C-24c9304e,0.37273634200900907,0,20260726T102553,2026-07-26T10:26:41.694234+00:00
C-075f67b3,0.33677399141237085,0,20260726T102553,2026-07-26T10:26:41.694234+00:00
C-687c02dd,0.37367429464567176,0,20260726T102553,2026-07-26T10:26:41.694234+00:00
C-2e530888,0.31440046858253734,0,20260726T102553,2026-07-26T10:26:41.694234+00:00
C-fdda7109,0.8124472084775065,1,20260726T102553,2026-07-26T10:26:41.694234+00:00
C-5ae9e64b,0.5150921825558115,1,20260726T102553,2026-07-26T10:26:41.694234+00:00
C-2ca96b2b,0.7483501666127532,1,20260726T102553,2026-07-26T10:26:41.694234+00:00
C-3ff9f5a0,0.7916857586596441,1,20260726T102553,2026-07-26T10:26:41.694234+00:00
C-97b2d05f,0.15303372171251056,0,20260726T102553,2026-07-26T10:26:41.694234+00:00
C-4fea9984,0.12666765200499217,0,20260726T102553,2026-07-26T10:26:41.694234+00:00
C-e8ab5345,0.40351520613932956,0,20260726T102553,2026-07-26T10:26:41.694234+00:00
C-2897578b,0.30718490124843956,0,20260726T102553,2026-07-26T10:26:41.694234+00:00
C-b0711610,0.680661210766335,1,20260726T102553,2026-07-26T10:26:41.694234+00:00
C-d9139262,0.10312578018955836,0,20260726T102553,2026-07-26T10:26:41.694234+00:00
C-e36eaf0c,0.7085623140621026,1,20260726T102553,2026-07-26T10:26:41.694234+00:00
C-7dda8577,0.31369937401652803,0,20260726T102553,2026-07-26T10:26:41.694234+00:00
C-4b522de1,0.7462550394388701,1,20260726T102553,2026-07-26T10:26:41.694234+00:00
C-9fc98d0a,0.747558138471323,1,20260726T102553,2026-07-26T10:26:41.694234+00:00
C-44df263d,0.29728262423793006,0,20260726T102553,2026-07-26T10:26:41.694234+00:00
C-67af4f43,0.03708289285031299,0,20260726T102553,2026-07-26T10:26:41.694234+00:00
C-3aea6d21,0.7421769382156936,1,20260726T102553,2026-07-26T10:26:41.694234+00:00
C-d6ec0fd5,0.7046081384117424,1,20260726T102553,2026-07-26T10:26:41.694234+00:00
C-47bfd697,0.6141266917389016,1,20260726T102553,2026-07-26T10:26:41.694234+00:00
C-32e98aee,0.2744313855630496,0,20260726T102553,2026-07-26T10:26:41.694234+00:00
C-fa1b3e78,0.1321864192631695,0,20260726T102553,2026-07-26T10:26:41.694234+00:00
C-a462fd75,0.6030218515822802,1,20260726T102553,2026-07-26T10:26:41.694234+00:00
C-d8c9e41c,0.3956522729053145,0,20260726T102553,2026-07-26T10:26:41.694234+00:00
C-57676bea,0.9405987451714622,1,20260726T102553,2026-07-26T10:26:41.694234+00:00
C-c0edc708,0.7550665716966222,1,20260726T102553,2026-07-26T10:26:41.694234+00:00
C-82eb7316,0.37627422178225395,0,20260726T102553,2026-07-26T10:26:41.694234+00:00
C-3f4a8fcb,0.5365819600374694,1,20260726T102553,2026-07-26T10:26:41.694234+00:00
C-df0ca6c0,0.5808188007980448,1,20260726T102553,2026-07-26T10:26:41.694234+00:00
C-4eaf6603,0.7250358449899473,1,20260726T102553,2026-07-26T10:26:41.694234+00:00
C-ac602fd2,0.5076006400654548,1,20260726T102553,2026-07-26T10:26:41.694234+00:00
C-3d7c9e14,0.7039565537176627,1,20260726T102553,2026-07-26T10:26:41.694234+00:00
C-6b07204b,0.698492227348086,1,20260726T102553,2026-07-26T10:26:41.694234+00:00
C-d744f9d3,0.3956895307243605,0,20260726T102553,2026-07-26T10:26:41.694234+00:00
C-56983e55,0.12076207557175955,0,20260726T102553,2026-07-26T10:26:41.694234+00:00
C-84fcb3cb,0.41642974390694165,0,20260726T102553,2026-07-26T10:26:41.694234+00:00
C-a9063aef,0.1016931585672762,0,20260726T102553,2026-07-26T10:26:41.694234+00:00
C-9c0f5722,0.15332746330642533,0,20260726T102553,2026-07-26T10:26:41.694234+00:00
C-db5cafd2,0.866239433793569,1,20260726T102553,2026-07-26T10:26:41.694234+00:00
C-8c510332,0.33034025033707115,0,20260726T102553,2026-07-26T10:26:41.694234+00:00
C-d3ae6fd8,0.605207628469795,1,20260726T102553,2026-07-26T10:26:41.694234+00:00
C-71ad0ed6,0.5145465487409315,1,20260726T102553,2026-07-26T10:26:41.694234+00:00
C-f66c2695,0.6357894896866922,1,20260726T102553,2026-07-26T10:26:41.694234+00:00
C-76a50d57,0.020240142327881096,0,20260726T102553,2026-07-26T10:26:41.694234+00:00
C-d28f92e5,0.7070041031679776,1,20260726T102553,2026-07-26T10:26:41.694234+00:00
C-0d1dce3f,0.16680649441248604,0,20260726T102553,2026-07-26T10:26:41.694234+00:00
C-ac2fc6e1,0.25109399981552577,0,20260726T102553,2026-07-26T10:26:41.694234+00:00
C-1841e2de,0.7968746212309086,1,20260726T102553,2026-07-26T10:26:41.694234+00:00
C-df453b6c,0.39774787624958924,0,20260726T102553,2026-07-26T10:26:41.694234+00:00
C-fd12f356,0.46926959080988423,0,20260726T102553,2026-07-26T10:26:41.694234+00:00
C-77ab8112,0.02631531948185248,0,20260726T102553,2026-07-26T10:26:41.694234+00:00
C-29a969dd,0.4673389313441982,0,20260726T102553,2026-07-26T10:26:41.694234+00:00
C-05fc97df,0.10290435467941522,0,20260726T102553,2026-07-26T10:26:41.694234+00:00
C-9e4a701e,0.2982660183903955,0,20260726T102553,2026-07-26T10:26:41.694234+00:00
C-e013c881,0.7696374970193762,1,20260726T102553,2026-07-26T10:26:41.694234+00:00
C-7c0e1e3e,0.12198049359220829,0,20260726T102553,2026-07-26T10:26:41.694234+00:00
C-164f0730,0.7579708037935483,1,20260726T102553,2026-07-26T10:26:41.694234+00:00
C-e788bf42,0.06732922552579663,0,20260726T102553,2026-07-26T10:26:41.694234+00:00
C-16d8652c,0.7518328012874408,1,20260726T102553,2026-07-26T10:26:41.694234+00:00
C-2b570305,0.730195575918895,1,20260726T102553,2026-07-26T10:26:41.694234+00:00
C-74cb60a3,0.8713757130814161,1,20260726T102553,2026-07-26T10:26:41.694234+00:00
C-e115da94,0.6272970548262553,1,20260726T102553,2026-07-26T10:26:41.694234+00:00
C-007ef1a3,0.6815628618014792,1,20260726T102553,2026-07-26T10:26:41.694234+00:00
C-3f42e8c4,0.12795816745828306,0,20260726T102553,2026-07-26T10:26:41.694234+00:00
C-06d375d1,0.6892732171935043,1,20260726T102553,2026-07-26T10:26:41.694234+00:00
C-6ed334a1,0.30889285006342565,0,20260726T102553,2026-07-26T10:26:41.694234+00:00
C-9ac02285,0.10167376995018527,0,20260726T102553,2026-07-26T10:26:41.694234+00:00
C-ef7db59b,0.3231459422091536,0,20260726T102553,2026-07-26T10:26:41.694234+00:00
C-2101a71b,0.38438996774770456,0,20260726T102553,2026-07-26T10:26:41.694234+00:00
C-add72006,0.8883643319835871,1,20260726T102553,2026-07-26T10:26:41.694234+00:00
C-48f338b7,0.8503587720233966,1,20260726T102553,2026-07-26T10:26:41.694234+00:00
C-91211648,0.7089588692668597,1,20260726T102553,2026-07-26T10:26:41.694234+00:00
C-b9057653,0.15504050971066735,0,20260726T102553,2026-07-26T10:26:41.694234+00:00
C-eeb5bbd2,0.38377102799165225,0,20260726T102553,2026-07-26T10:26:41.694234+00:00
C-d4cdc531,0.039133512628175646,0,20260726T102553,2026-07-26T10:26:41.694234+00:00
C-8db45ecd,0.45101908801385787,0,20260726T102553,2026-07-26T10:26:41.694234+00:00
C-864de424,0.1565076272482339,0,20260726T102553,2026-07-26T10:26:41.694234+00:00
C-b10528a3,0.09528851688328863,0,20260726T102553,2026-07-26T10:26:41.694234+00:00
C-6507a3c0,0.03136464866766341,0,20260726T102553,2026-07-26T10:26:41.694234+00:00
C-f6e1637f,0.5267856869844312,1,20260726T102553,2026-07-26T10:26:41.694234+00:00
C-f98533a6,0.718876595894515,1,20260726T102553,2026-07-26T10:26:41.694234+00:00
C-cfef0136,0.29135960346011075,0,20260726T102553,2026-07-26T10:26:41.694234+00:00
C-11caf5bb,0.025364119169736583,0,20260726T102553,2026-07-26T10:26:41.694234+00:00
C-70367ca9,0.7221343295952621,1,20260726T102553,2026-07-26T10:26:41.694234+00:00
C-dff3c536,0.4908860468603423,0,20260726T102553,2026-07-26T10:26:41.694234+00:00
C-05e15af1,0.7213834459086985,1,20260726T102553,2026-07-26T10:26:41.694234+00:00
C-8315e23e,0.8973478334331997,1,20260726T102553,2026-07-26T10:26:41.694234+00:00
C-9d17bd63,0.36822775476873626,0,20260726T102553,2026-07-26T10:26:41.694234+00:00
C-a2d67ef0,0.06840456681871651,0,20260726T102553,2026-07-26T10:26:41.694234+00:00
C-de1fe3e2,0.2464422967279453,0,20260726T102553,2026-07-26T10:26:41.694234+00:00
C-decbeaaa,0.8092764624928257,1,20260726T102553,2026-07-26T10:26:41.694234+00:00
C-d44d8510,0.03895780792386837,0,20260726T102553,2026-07-26T10:26:41.694234+00:00
C-c12c7efe,0.20803816244119153,0,20260726T102553,2026-07-26T10:26:41.694234+00:00
C-82399b1d,0.05061634394619789,0,20260726T102553,2026-07-26T10:26:41.694234+00:00
C-a913c2b4,0.416754227830015,0,20260726T102553,2026-07-26T10:26:41.694234+00:00
C-9b2040d1,0.10351635955466781,0,20260726T102553,2026-07-26T10:26:41.694234+00:00
C-99df7ce2,0.6139424501434981,1,20260726T102553,2026-07-26T10:26:41.694234+00:00
C-ac9fbb2a,0.651855484908833,1,20260726T102553,2026-07-26T10:26:41.694234+00:00
C-72cda5ed,0.7355854272076783,1,20260726T102553,2026-07-26T10:26:41.694234+00:00
C-9930fe92,0.6637742048793321,1,20260726T102553,2026-07-26T10:26:41.694234+00:00
C-8b3163cf,0.7683808715363526,1,20260726T102553,2026-07-26T10:26:41.694234+00:00
C-71986be1,0.07758595357747877,0,20260726T102553,2026-07-26T10:26:41.694234+00:00
C-1274fa01,0.3296118702824948,0,20260726T102553,2026-07-26T10:26:41.694234+00:00
C-f2c095f2,0.7025053295434818,1,20260726T102553,2026-07-26T10:26:41.694234+00:00
C-2404964b,0.023073059656246425,0,20260726T102553,2026-07-26T10:26:41.694234+00:00
C-97ce0c03,0.3978590578747433,0,20260726T102553,2026-07-26T10:26:41.694234+00:00
C-2c8cda3c,0.17431113928416822,0,20260726T102553,2026-07-26T10:26:41.694234+00:00
C-7e3f7689,0.05681248925674992,0,20260726T102553,2026-07-26T10:26:41.694234+00:00
C-3739e473,0.03932105188809709,0,20260726T102553,2026-07-26T10:26:41.694234+00:00
C-e392e930,0.4709000514356856,0,20260726T102553,2026-07-26T10:26:41.694234+00:00
C-3d7504d1,0.09575760831370145,0,20260726T102553,2026-07-26T10:26:41.694234+00:00
C-ec28cf0f,0.049325076153528206,0,20260726T102553,2026-07-26T10:26:41.694234+00:00
C-df34d60e,0.3107454186891767,0,20260726T102553,2026-07-26T10:26:41.694234+00:00
C-f37b3b08,0.7435270104693922,1,20260726T102553,2026-07-26T10:26:41.694234+00:00
C-42583eca,0.27048542375559587,0,20260726T102553,2026-07-26T10:26:41.694234+00:00
C-c9f3b4a7,0.5223448689446472,1,20260726T102553,2026-07-26T10:26:41.694234+00:00
C-7eea884f,0.3347159282495601,0,20260726T102553,2026-07-26T10:26:41.694234+00:00
C-f538df1e,0.7216289860178993,1,20260726T102553,2026-07-26T10:26:41.694234+00:00
C-3a93d6cc,0.15626285343763255,0,20260726T102553,2026-07-26T10:26:41.694234+00:00
C-c2bb4627,0.1419792284668256,0,20260726T102553,2026-07-26T10:26:41.694234+00:00
C-dc48d1ab,0.7215633468465259,1,20260726T102553,2026-07-26T10:26:41.694234+00:00
C-15c0d33f,0.10616434944555987,0,20260726T102553,2026-07-26T10:26:41.694234+00:00
C-7802e554,0.8640979001819156,1,20260726T102553,2026-07-26T10:26:41.694234+00:00
C-1e7cb11c,0.4123353302675138,0,20260726T102553,2026-07-26T10:26:41.694234+00:00
C-12dcfd60,0.7447127655483712,1,20260726T102553,2026-07-26T10:26:41.694234+00:00
C-f4281979,0.5335849874611606,1,20260726T102553,2026-07-26T10:26:41.694234+00:00
C-b72e1997,0.35879063093722197,0,20260726T102553,2026-07-26T10:26:41.694234+00:00
C-45834ef8,0.8990556656042266,1,20260726T102553,2026-07-26T10:26:41.694234+00:00
C-96d77788,0.8122996928270951,1,20260726T102553,2026-07-26T10:26:41.694234+00:00
C-f071047a,0.06405146363788612,0,20260726T102553,2026-07-26T10:26:41.694234+00:00
C-6e024e01,0.4439176985814022,0,20260726T102553,2026-07-26T10:26:41.694234+00:00
C-a6659150,0.6359840866963781,1,20260726T102553,2026-07-26T10:26:41.694234+00:00
C-ab4293dc,0.3001849912762458,0,20260726T102553,2026-07-26T10:26:41.694234+00:00
C-efbfae1d,0.7184787844513979,1,20260726T102553,2026-07-26T10:26:41.694234+00:00
C-84deeee3,0.5321718347939856,1,20260726T102553,2026-07-26T10:26:41.694234+00:00
C-2e71889b,0.07803073707956534,0,20260726T102553,2026-07-26T10:26:41.694234+00:00
C-14c90e60,0.12094883430066618,0,20260726T102553,2026-07-26T10:26:41.694234+00:00
C-fef02fc3,0.741133583105959,1,20260726T102553,2026-07-26T10:26:41.694234+00:00
C-72fbf04d,0.39780837533083613,0,20260726T102553,2026-07-26T10:26:41.694234+00:00
C-3bd32b6b,0.5279560398052713,1,20260726T102553,2026-07-26T10:26:41.694234+00:00
C-a22998ff,0.5840060283581703,1,20260726T102553,2026-07-26T10:26:41.694234+00:00
C-50a82357,0.31813226375929643,0,20260726T102553,2026-07-26T10:26:41.694234+00:00
C-37a3b5db,0.33931997793515956,0,20260726T102553,2026-07-26T10:26:41.694234+00:00
C-88108268,0.7751135425033379,1,20260726T102553,2026-07-26T10:26:41.694234+00:00
C-e3da76c5,0.14135727992023472,0,20260726T102553,2026-07-26T10:26:41.694234+00:00
C-d1c31fb3,0.7077996242551606,1,20260726T102553,2026-07-26T10:26:41.694234+00:00
C-1cf34f32,0.3718790474438193,0,20260726T102553,2026-07-26T10:26:41.694234+00:00
C-5bf6ca63,0.6332603888998274,1,20260726T102553,2026-07-26T10:26:41.694234+00:00
C-dbbcf4f1,0.5506746445758256,1,20260726T102553,2026-07-26T10:26:41.694234+00:00
C-29394447,0.7034587878681767,1,20260726T102553,2026-07-26T10:26:41.694234+00:00
C-6f945c26,0.7532553747528586,1,20260726T102553,2026-07-26T10:26:41.694234+00:00
C-c94f06b3,0.31719936259983567,0,20260726T102553,2026-07-26T10:26:41.694234+00:00
C-6b521329,0.830912419844466,1,20260726T102553,2026-07-26T10:26:41.694234+00:00
C-337f2716,0.2653169663015952,0,20260726T102553,2026-07-26T10:26:41.694234+00:00
C-38361c80,0.27856858838416687,0,20260726T102553,2026-07-26T10:26:41.694234+00:00
C-32562a68,0.3207128268063429,0,20260726T102553,2026-07-26T10:26:41.694234+00:00
C-050898cc,0.8629765617503542,1,20260726T102553,2026-07-26T10:26:41.694234+00:00
C-ad887e8a,0.37067658478276144,0,20260726T102553,2026-07-26T10:26:41.694234+00:00
C-65ad0223,0.5198672846997755,1,20260726T102553,2026-07-26T10:26:41.694234+00:00
C-fe8af125,0.5386084721596489,1,20260726T102553,2026-07-26T10:26:41.694234+00:00
C-bfa7a9b4,0.9081575498587803,1,20260726T102553,2026-07-26T10:26:41.694234+00:00
C-6dcb9e87,0.5543136943523062,1,20260726T102553,2026-07-26T10:26:41.694234+00:00
C-59cdbd1d,0.2835801811068286,0,20260726T102553,2026-07-26T10:26:41.694234+00:00
C-5a314fd5,0.6461323122370467,1,20260726T102553,2026-07-26T10:26:41.694234+00:00
C-6bc9eb74,0.5143796340618909,1,20260726T102553,2026-07-26T10:26:41.694234+00:00
C-c8d66143,0.13689497264008113,0,20260726T102553,2026-07-26T10:26:41.694234+00:00
C-15fd8093,0.08756369177711514,0,20260726T102553,2026-07-26T10:26:41.694234+00:00
C-26d01710,0.8601913340863039,1,20260726T102553,2026-07-26T10:26:41.694234+00:00
C-873b7f5c,0.02226895138903294,0,20260726T102553,2026-07-26T10:26:41.694234+00:00
C-662bb818,0.3667495004392705,0,20260726T102553,2026-07-26T10:26:41.694234+00:00
C-f20d9efe,0.04138286933375728,0,20260726T102553,2026-07-26T10:26:41.694234+00:00
C-dde47884,0.7172457987749428,1,20260726T102553,2026-07-26T10:26:41.694234+00:00
C-8db5630e,0.6353930286276442,1,20260726T102553,2026-07-26T10:26:41.694234+00:00
C-3aae6875,0.372507376044028,0,20260726T102553,2026-07-26T10:26:41.694234+00:00
C-3baa5b8f,0.6386499415787599,1,20260726T102553,2026-07-26T10:26:41.694234+00:00
C-cc91bc57,0.6644941596625201,1,20260726T102553,2026-07-26T10:26:41.694234+00:00
C-a46388b9,0.5812263699902216,1,20260726T102553,2026-07-26T10:26:41.694234+00:00
C-2a92e19a,0.5094924547716201,1,20260726T102553,2026-07-26T10:26:41.694234+00:00
C-7b7905ec,0.4381537722326662,0,20260726T102553,2026-07-26T10:26:41.694234+00:00
C-627cc7ce,0.7428491922846985,1,20260726T102553,2026-07-26T10:26:41.694234+00:00
C-30bcdeb3,0.9454084288884214,1,20260726T102553,2026-07-26T10:26:41.694234+00:00
C-4b4ecc5f,0.4017661451209247,0,20260726T102553,2026-07-26T10:26:41.694234+00:00
C-9c6b8921,0.6851186412253665,1,20260726T102553,2026-07-26T10:26:41.694234+00:00
C-2ec2571c,0.024036760585037092,0,20260726T102553,2026-07-26T10:26:41.694234+00:00
C-d92437e2,0.09568923990941225,0,20260726T102553,2026-07-26T10:26:41.694234+00:00
C-da18277e,0.1293110596446324,0,20260726T102553,2026-07-26T10:26:41.694234+00:00
C-d394f8a2,0.42209548548652315,0,20260726T102553,2026-07-26T10:26:41.694234+00:00
C-6931c081,0.29257970998365057,0,20260726T102553,2026-07-26T10:26:41.694234+00:00
C-189b7836,0.23289892026479414,0,20260726T102553,2026-07-26T10:26:41.694234+00:00
C-85787460,0.07278744485270518,0,20260726T102553,2026-07-26T10:26:41.694234+00:00
C-1ecea1ff,0.08750768338378315,0,20260726T102553,2026-07-26T10:26:41.694234+00:00
C-bdc72175,0.7380438119982526,1,20260726T102553,2026-07-26T10:26:41.694234+00:00
C-6208a7f0,0.13314990680853386,0,20260726T102553,2026-07-26T10:26:41.694234+00:00
C-6488e4a6,0.19449887225904386,0,20260726T102553,2026-07-26T10:26:41.694234+00:00
C-087cf3bd,0.051273725580743265,0,20260726T102553,2026-07-26T10:26:41.694234+00:00
C-80d6fb8f,0.47372567854820546,0,20260726T102553,2026-07-26T10:26:41.694234+00:00
C-43ef66fd,0.9184241047332419,1,20260726T102553,2026-07-26T10:26:41.694234+00:00
C-a1b2f169,0.45602810565106544,0,20260726T102553,2026-07-26T10:26:41.694234+00:00
C-4dab4c33,0.1646123280575618,0,20260726T102553,2026-07-26T10:26:41.694234+00:00
C-4b9ec318,0.2050502929668072,0,20260726T102553,2026-07-26T10:26:41.694234+00:00
C-b0f4624b,0.7468110776882873,1,20260726T102553,2026-07-26T10:26:41.694234+00:00
C-ed33ea62,0.11341570137461109,0,20260726T102553,2026-07-26T10:26:41.694234+00:00
C-40197edc,0.4126446402066467,0,20260726T102553,2026-07-26T10:26:41.694234+00:00
C-02927487,0.07794996075072626,0,20260726T102553,2026-07-26T10:26:41.694234+00:00
C-c4ed4dc3,0.47529733741178504,0,20260726T102553,2026-07-26T10:26:41.694234+00:00
C-a9519b9b,0.7773408947004791,1,20260726T102553,2026-07-26T10:26:41.694234+00:00
C-e8a9bbc8,0.03008734459272699,0,20260726T102553,2026-07-26T10:26:41.694234+00:00
C-af26f088,0.08742004876335846,0,20260726T102553,2026-07-26T10:26:41.694234+00:00
C-501dd621,0.050088601068508674,0,20260726T102553,2026-07-26T10:26:41.694234+00:00
C-2d985cf6,0.7150077200679368,1,20260726T102553,2026-07-26T10:26:41.694234+00:00
C-f1d2277f,0.8405771511812355,1,20260726T102553,2026-07-26T10:26:41.694234+00:00
C-dd7b3a72,0.8618851682952727,1,20260726T102553,2026-07-26T10:26:41.694234+00:00
C-e7597479,0.2936984924166919,0,20260726T102553,2026-07-26T10:26:41.694234+00:00
C-faa77138,0.11601543491390967,0,20260726T102553,2026-07-26T10:26:41.694234+00:00
C-eca71899,0.4979939307299984,0,20260726T102553,2026-07-26T10:26:41.694234+00:00
C-763204ed,0.29871783962752413,0,20260726T102553,2026-07-26T10:26:41.694234+00:00
C-49632224,0.33526816704374063,0,20260726T102553,2026-07-26T10:26:41.694234+00:00
C-6f3bb8bc,0.12431618687202506,0,20260726T102553,2026-07-26T10:26:41.694234+00:00
C-f26ebae8,0.3161186521807005,0,20260726T102553,2026-07-26T10:26:41.694234+00:00
C-8346e66d,0.050865485219415044,0,20260726T102553,2026-07-26T10:26:41.694234+00:00
C-886f964f,0.7061633896797673,1,20260726T102553,2026-07-26T10:26:41.694234+00:00
C-a3324d20,0.3275130292692976,0,20260726T102553,2026-07-26T10:26:41.694234+00:00
C-34338819,0.11007219506890696,0,20260726T102553,2026-07-26T10:26:41.694234+00:00
C-3dac1890,0.1947666498609003,0,20260726T102553,2026-07-26T10:26:41.694234+00:00
C-1a212069,0.9108457401111189,1,20260726T102553,2026-07-26T10:26:41.694234+00:00
C-26c19b81,0.3965941705976889,0,20260726T102553,2026-07-26T10:26:41.694234+00:00
C-29ddf0cb,0.7918303516046626,1,20260726T102553,2026-07-26T10:26:41.694234+00:00
C-2649094f,0.10613866790517132,0,20260726T102553,2026-07-26T10:26:41.694234+00:00
C-5ffe1186,0.7764752164008116,1,20260726T102553,2026-07-26T10:26:41.694234+00:00
C-61147c70,0.12495227483346127,0,20260726T102553,2026-07-26T10:26:41.694234+00:00
C-f2aa19b4,0.6869414974892255,1,20260726T102553,2026-07-26T10:26:41.694234+00:00
C-07d8b516,0.635189412784657,1,20260726T102553,2026-07-26T10:26:41.694234+00:00
C-13db109a,0.38782572939015403,0,20260726T102553,2026-07-26T10:26:41.694234+00:00
C-921a460b,0.9325111248245357,1,20260726T102553,2026-07-26T10:26:41.694234+00:00
C-0f7508e7,0.38195242062107804,0,20260726T102553,2026-07-26T10:26:41.694234+00:00
C-2c40cf3f,0.5450524736647514,1,20260726T102553,2026-07-26T10:26:41.694234+00:00
C-919a35fa,0.035316978511856036,0,20260726T102553,2026-07-26T10:26:41.694234+00:00
C-55297454,0.49465047546690244,0,20260726T102553,2026-07-26T10:26:41.694234+00:00
C-cae64953,0.07292438643606027,0,20260726T102553,2026-07-26T10:26:41.694234+00:00
C-881fe5ca,0.11715272638997662,0,20260726T102553,2026-07-26T10:26:41.694234+00:00
C-3d73d599,0.09666139913159764,0,20260726T102553,2026-07-26T10:26:41.694234+00:00
C-70c52279,0.47449866516098693,0,20260726T102553,2026-07-26T10:26:41.694234+00:00
C-61757967,0.1917580664007441,0,20260726T102553,2026-07-26T10:26:41.694234+00:00
C-44f3ae9a,0.7193826664297575,1,20260726T102553,2026-07-26T10:26:41.694234+00:00
C-0ef9beee,0.7290271202749008,1,20260726T102553,2026-07-26T10:26:41.694234+00:00
C-91146047,0.027353400409547878,0,20260726T102553,2026-07-26T10:26:41.694234+00:00
C-0113977b,0.600978872020322,1,20260726T102553,2026-07-26T10:26:41.694234+00:00
C-b5b993d2,0.830197434988709,1,20260726T102553,2026-07-26T10:26:41.694234+00:00
C-c46f3fb3,0.6553230687593454,1,20260726T102553,2026-07-26T10:26:41.694234+00:00
C-3585faca,0.5839935079772335,1,20260726T102553,2026-07-26T10:26:41.694234+00:00
C-72287983,0.47556580554496336,0,20260726T102553,2026-07-26T10:26:41.694234+00:00
C-de261ebb,0.7122745493341696,1,20260726T102553,2026-07-26T10:26:41.694234+00:00
C-7de4c34e,0.11798907965925468,0,20260726T102553,2026-07-26T10:26:41.694234+00:00
C-5fec601d,0.3141724278419513,0,20260726T102553,2026-07-26T10:26:41.694234+00:00
C-1ab315ca,0.09302203574673656,0,20260726T102553,2026-07-26T10:26:41.694234+00:00
C-2913934d,0.630556990594163,1,20260726T102553,2026-07-26T10:26:41.694234+00:00
C-7b71395d,0.20669776734491083,0,20260726T102553,2026-07-26T10:26:41.694234+00:00
C-f3313b3a,0.1292397168914122,0,20260726T102553,2026-07-26T10:26:41.694234+00:00
C-8a86d3d4,0.7865388600435488,1,20260726T102553,2026-07-26T10:26:41.694234+00:00
C-4399b5f2,0.5505233992159969,1,20260726T102553,2026-07-26T10:26:41.694234+00:00
C-8894b777,0.10590260395815955,0,20260726T102553,2026-07-26T10:26:41.694234+00:00
C-3dc07193,0.6693946650696591,1,20260726T102553,2026-07-26T10:26:41.694234+00:00
C-b0c05e00,0.7849256524094295,1,20260726T102553,2026-07-26T10:26:41.694234+00:00
C-b58d21dd,0.37298105578622487,0,20260726T102553,2026-07-26T10:26:41.694234+00:00
C-aa943eae,0.3123636801957689,0,20260726T102553,2026-07-26T10:26:41.694234+00:00
C-d5c9f043,0.2544582349417107,0,20260726T102553,2026-07-26T10:26:41.694234+00:00
C-3938aa24,0.07022202248032018,0,20260726T102553,2026-07-26T10:26:41.694234+00:00
C-88b83a3b,0.33173760789270446,0,20260726T102553,2026-07-26T10:26:41.694234+00:00
C-f712cb3e,0.11620262962670605,0,20260726T102553,2026-07-26T10:26:41.694234+00:00
C-c2ff6611,0.9279544661576511,1,20260726T102553,2026-07-26T10:26:41.694234+00:00
C-02ed3044,0.09748775535080498,0,20260726T102553,2026-07-26T10:26:41.694234+00:00
C-c741a2a9,0.8745701153227287,1,20260726T102553,2026-07-26T10:26:41.694234+00:00
C-e390e191,0.9235418003272687,1,20260726T102553,2026-07-26T10:26:41.694234+00:00
C-d6024431,0.18764088198940482,0,20260726T102553,2026-07-26T10:26:41.694234+00:00
C-ce77c456,0.7178248850245792,1,20260726T102553,2026-07-26T10:26:41.694234+00:00
C-f579e927,0.31305056972844514,0,20260726T102553,2026-07-26T10:26:41.694234+00:00
C-54cdf549,0.3342986184182356,0,20260726T102553,2026-07-26T10:26:41.694234+00:00
C-0ad4af7b,0.6189756167030991,1,20260726T102553,2026-07-26T10:26:41.694234+00:00
C-7090a663,0.049620644424119516,0,20260726T102553,2026-07-26T10:26:41.694234+00:00
C-079f801f,0.3209291593244975,0,20260726T102553,2026-07-26T10:26:41.694234+00:00
C-d3984cd4,0.7115382194598119,1,20260726T102553,2026-07-26T10:26:41.694234+00:00
C-19d2fed8,0.6970419399315665,1,20260726T102553,2026-07-26T10:26:41.694234+00:00
C-c203912d,0.9227259466207535,1,20260726T102553,2026-07-26T10:26:41.694234+00:00
C-a714c647,0.9145865517388002,1,20260726T102553,2026-07-26T10:26:41.694234+00:00
C-6089cdeb,0.027827703407946068,0,20260726T102553,2026-07-26T10:26:41.694234+00:00
C-014507a3,0.34720925782982687,0,20260726T102553,2026-07-26T10:26:41.694234+00:00
C-8b992c42,0.8283250882038925,1,20260726T102553,2026-07-26T10:26:41.694234+00:00
C-73e8904a,0.35027994197384127,0,20260726T102553,2026-07-26T10:26:41.694234+00:00
C-e4cf68b5,0.39262097496274645,0,20260726T102553,2026-07-26T10:26:41.694234+00:00
C-162e0bc0,0.8217540592560597,1,20260726T102553,2026-07-26T10:26:41.694234+00:00
C-372729e9,0.650787624383578,1,20260726T102553,2026-07-26T10:26:41.694234+00:00
C-4174cf83,0.8943800305967413,1,20260726T102553,2026-07-26T10:26:41.694234+00:00
C-e49a5d00,0.46064519481866845,0,20260726T102553,2026-07-26T10:26:41.694234+00:00
C-dc31f81f,0.34145803426788823,0,20260726T102553,2026-07-26T10:26:41.694234+00:00
C-79c15a83,0.39621231327913686,0,20260726T102553,2026-07-26T10:26:41.694234+00:00
C-d9cba043,0.14770076676386515,0,20260726T102553,2026-07-26T10:26:41.694234+00:00
C-d68530c2,0.34725956157143617,0,20260726T102553,2026-07-26T10:26:41.694234+00:00
C-6deb32e8,0.5622888768526898,1,20260726T102553,2026-07-26T10:26:41.694234+00:00
C-2a63d473,0.3140489747848548,0,20260726T102553,2026-07-26T10:26:41.694234+00:00
C-db923024,0.06887679820748496,0,20260726T102553,2026-07-26T10:26:41.694234+00:00
C-712e9855,0.3747535328253624,0,20260726T102553,2026-07-26T10:26:41.694234+00:00
C-bc980de1,0.3279511811951027,0,20260726T102553,2026-07-26T10:26:41.694234+00:00
C-1bc3a193,0.5900857594254204,1,20260726T102553,2026-07-26T10:26:41.694234+00:00
C-edbf9c53,0.11051742769373482,0,20260726T102553,2026-07-26T10:26:41.694234+00:00
C-c184b520,0.6759055387648305,1,20260726T102553,2026-07-26T10:26:41.694234+00:00
C-296c43d9,0.04041106115410965,0,20260726T102553,2026-07-26T10:26:41.694234+00:00
C-c77d6a3c,0.6402876049928409,1,20260726T102553,2026-07-26T10:26:41.694234+00:00
C-4e6dbea9,0.10128211650166895,0,20260726T102553,2026-07-26T10:26:41.694234+00:00
C-2c56eed0,0.7688556566210647,1,20260726T102553,2026-07-26T10:26:41.694234+00:00
C-5c2d9f60,0.7963948279832547,1,20260726T102553,2026-07-26T10:26:41.694234+00:00
C-8f06b650,0.06134272996133477,0,20260726T102553,2026-07-26T10:26:41.694234+00:00
C-79e4fe9f,0.456160002299074,0,20260726T102553,2026-07-26T10:26:41.694234+00:00
C-77546bf3,0.10050216585371995,0,20260726T102553,2026-07-26T10:26:41.694234+00:00
C-4d882af6,0.8749987695904621,1,20260726T102553,2026-07-26T10:26:41.694234+00:00
C-3efc32fb,0.5589626651517197,1,20260726T102553,2026-07-26T10:26:41.694234+00:00
C-197af6fa,0.1733901336929202,0,20260726T102553,2026-07-26T10:26:41.694234+00:00
C-0edcc272,0.622391829187662,1,20260726T102553,2026-07-26T10:26:41.694234+00:00
C-eb7aa0b6,0.20074483405196544,0,20260726T102553,2026-07-26T10:26:41.694234+00:00
C-2cd4ab2a,0.7133288217403693,1,20260726T102553,2026-07-26T10:26:41.694234+00:00
C-4227e9ea,0.7468986568705139,1,20260726T102553,2026-07-26T10:26:41.694234+00:00
C-76d13a26,0.8803409600318066,1,20260726T102553,2026-07-26T10:26:41.694234+00:00
C-0571f1f8,0.24310344365740846,0,20260726T102553,2026-07-26T10:26:41.694234+00:00
C-041949c8,0.32642167355927265,0,20260726T102553,2026-07-26T10:26:41.694234+00:00
C-2e66b99c,0.7745426630667743,1,20260726T102553,2026-07-26T10:26:41.694234+00:00
C-37aea597,0.36320822703076855,0,20260726T102553,2026-07-26T10:26:41.694234+00:00
C-2239a230,0.7890851978074611,1,20260726T102553,2026-07-26T10:26:41.694234+00:00
C-d70cb8af,0.9048556480976172,1,20260726T102553,2026-07-26T10:26:41.694234+00:00
C-7e54659f,0.8656679255870564,1,20260726T102553,2026-07-26T10:26:41.694234+00:00
C-b2484792,0.3414356222162883,0,20260726T102553,2026-07-26T10:26:41.694234+00:00
C-a8b63985,0.09524899001338855,0,20260726T102553,2026-07-26T10:26:41.694234+00:00
C-a38cc8b9,0.3847679331612361,0,20260726T102553,2026-07-26T10:26:41.694234+00:00
C-7c4fa647,0.5906078719782649,1,20260726T102553,2026-07-26T10:26:41.694234+00:00
C-15a0af4e,0.45865414054589226,0,20260726T102553,2026-07-26T10:26:41.694234+00:00
C-1ea81164,0.34043264387835076,0,20260726T102553,2026-07-26T10:26:41.694234+00:00
C-41aea26d,0.15158193194330596,0,20260726T102553,2026-07-26T10:26:41.694234+00:00
C-d1f90b77,0.6577082316926643,1,20260726T102553,2026-07-26T10:26:41.694234+00:00
C-a39c5f85,0.14990211629475117,0,20260726T102553,2026-07-26T10:26:41.694234+00:00
C-216123ec,0.29221613373958566,0,20260726T102553,2026-07-26T10:26:41.694234+00:00
C-7c84ecd9,0.7451636672720736,1,20260726T102553,2026-07-26T10:26:41.694234+00:00
C-f03557e7,0.44936374168996585,0,20260726T102553,2026-07-26T10:26:41.694234+00:00
C-ccb63406,0.5154812696561983,1,20260726T102553,2026-07-26T10:26:41.694234+00:00
C-5b53dee8,0.7743680848506488,1,20260726T102553,2026-07-26T10:26:41.694234+00:00
C-94681678,0.6985018251172467,1,20260726T102553,2026-07-26T10:26:41.694234+00:00
C-4f6fcfee,0.2384751450029342,0,20260726T102553,2026-07-26T10:26:41.694234+00:00
C-d50e5f6d,0.40407074123025255,0,20260726T102553,2026-07-26T10:26:41.694234+00:00
C-a864dd32,0.04282287335931989,0,20260726T102553,2026-07-26T10:26:41.694234+00:00
C-c6d9af0b,0.8869600410207156,1,20260726T102553,2026-07-26T10:26:41.694234+00:00
C-eea1267f,0.7621121148219371,1,20260726T102553,2026-07-26T10:26:41.694234+00:00
C-605029f1,0.25138407303686033,0,20260726T102553,2026-07-26T10:26:41.694234+00:00
C-28ae40d7,0.09459647695727272,0,20260726T102553,2026-07-26T10:26:41.694234+00:00
C-ea36d941,0.05219032795577061,0,20260726T102553,2026-07-26T10:26:41.694234+00:00
C-22669af0,0.1560197498948744,0,20260726T102553,2026-07-26T10:26:41.694234+00:00
C-45e90334,0.355296645524835,0,20260726T102553,2026-07-26T10:26:41.694234+00:00
C-aa5af18b,0.2974331033263027,0,20260726T102553,2026-07-26T10:26:41.694234+00:00
C-cd9926a3,0.5127663303878293,1,20260726T102553,2026-07-26T10:26:41.694234+00:00
C-e707c59a,0.6355480810019201,1,20260726T102553,2026-07-26T10:26:41.694234+00:00
C-204e11ce,0.12792398236241545,0,20260726T102553,2026-07-26T10:26:41.694234+00:00
C-9d406448,0.35758331925981013,0,20260726T102553,2026-07-26T10:26:41.694234+00:00
C-8725eaa2,0.11394443083640393,0,20260726T102553,2026-07-26T10:26:41.694234+00:00
C-e0b51675,0.8142027193814481,1,20260726T102553,2026-07-26T10:26:41.694234+00:00
C-bee91062,0.7584073398586038,1,20260726T102553,2026-07-26T10:26:41.694234+00:00
C-fb5ef0d9,0.8443683989482328,1,20260726T102553,2026-07-26T10:26:41.694234+00:00
C-d241b518,0.3513397537884252,0,20260726T102553,2026-07-26T10:26:41.694234+00:00
C-716ceccf,0.8795924963320431,1,20260726T102553,2026-07-26T10:26:41.694234+00:00
C-9067be9d,0.12473609545645355,0,20260726T102553,2026-07-26T10:26:41.694234+00:00
C-462201c2,0.7959583988938241,1,20260726T102553,2026-07-26T10:26:41.694234+00:00
C-f67c0bc5,0.844962320095412,1,20260726T102553,2026-07-26T10:26:41.694234+00:00
C-f850517f,0.40641802522766546,0,20260726T102553,2026-07-26T10:26:41.694234+00:00
C-9d1cf906,0.871506930026952,1,20260726T102553,2026-07-26T10:26:41.694234+00:00
C-c616e1d7,0.1765360092123593,0,20260726T102553,2026-07-26T10:26:41.694234+00:00
C-b66eec80,0.6414815860592862,1,20260726T102553,2026-07-26T10:26:41.694234+00:00
C-c03575f5,0.07487812004290643,0,20260726T102553,2026-07-26T10:26:41.694234+00:00
C-bccf5650,0.7637457095999457,1,20260726T102553,2026-07-26T10:26:41.694234+00:00
C-1bb74572,0.7039746356089654,1,20260726T102553,2026-07-26T10:26:41.694234+00:00
C-478e3634,0.17954957487791945,0,20260726T102553,2026-07-26T10:26:41.694234+00:00
C-2fc07804,0.04775809331932127,0,20260726T102553,2026-07-26T10:26:41.694234+00:00
C-b64a3c0d,0.09588712282259444,0,20260726T102553,2026-07-26T10:26:41.694234+00:00
C-786de41f,0.03797751686587028,0,20260726T102553,2026-07-26T10:26:41.694234+00:00
C-ee200a90,0.12953189938624876,0,20260726T102553,2026-07-26T10:26:41.694234+00:00
C-e9008177,0.9158678869815541,1,20260726T102553,2026-07-26T10:26:41.694234+00:00
C-5895cb5d,0.8174829322600112,1,20260726T102553,2026-07-26T10:26:41.694234+00:00
C-9c7a4edd,0.751000226651486,1,20260726T102553,2026-07-26T10:26:41.694234+00:00
C-fe65c71b,0.5196530790531197,1,20260726T102553,2026-07-26T10:26:41.694234+00:00
C-a1762c47,0.5958558273857281,1,20260726T102553,2026-07-26T10:26:41.694234+00:00
C-971bf7a2,0.7608423323999243,1,20260726T102553,2026-07-26T10:26:41.694234+00:00
C-7946ca13,0.486076764373356,0,20260726T102553,2026-07-26T10:26:41.694234+00:00
C-ccd3ef8e,0.8273287654752632,1,20260726T102553,2026-07-26T10:26:41.694234+00:00
C-cdbdc241,0.8798590655921703,1,20260726T102553,2026-07-26T10:26:41.694234+00:00
C-bc5c6430,0.3966647289546423,0,20260726T102553,2026-07-26T10:26:41.694234+00:00
C-a0f69f84,0.7668096388761827,1,20260726T102553,2026-07-26T10:26:41.694234+00:00
C-bcecb11f,0.5173178402947344,1,20260726T102553,2026-07-26T10:26:41.694234+00:00
C-b39ca4c2,0.028524622277494433,0,20260726T102553,2026-07-26T10:26:41.694234+00:00
C-a6c1c3f4,0.15201361910573397,0,20260726T102553,2026-07-26T10:26:41.694234+00:00
C-5dfff6b7,0.3899545425306655,0,20260726T102553,2026-07-26T10:26:41.694234+00:00
C-d98231a7,0.8444323906516835,1,20260726T102553,2026-07-26T10:26:41.694234+00:00
C-c4debd69,0.026329862335712845,0,20260726T102553,2026-07-26T10:26:41.694234+00:00
C-0cfe9072,0.641908596633444,1,20260726T102553,2026-07-26T10:26:41.694234+00:00
C-05467e1e,0.5204065980452316,1,20260726T102553,2026-07-26T10:26:41.694234+00:00
C-f92a9c4a,0.8048418729693391,1,20260726T102553,2026-07-26T10:26:41.694234+00:00
C-492d22e8,0.6072206063512543,1,20260726T102553,2026-07-26T10:26:41.694234+00:00
C-92c975db,0.8054748136000276,1,20260726T102553,2026-07-26T10:26:41.694234+00:00
C-53cf0248,0.08525766794882782,0,20260726T102553,2026-07-26T10:26:41.694234+00:00
C-56cc792a,0.08215746587564532,0,20260726T102553,2026-07-26T10:26:41.694234+00:00
C-27db3309,0.5886478955077904,1,20260726T102553,2026-07-26T10:26:41.694234+00:00
C-a305d77f,0.4965071971919214,0,20260726T102553,2026-07-26T10:26:41.694234+00:00
C-959a00f7,0.1513491384230888,0,20260726T102553,2026-07-26T10:26:41.694234+00:00
C-1759da85,0.032121438043985914,0,20260726T102553,2026-07-26T10:26:41.694234+00:00
C-4ecc31c0,0.159746906305541,0,20260726T102553,2026-07-26T10:26:41.694234+00:00
C-7e38217f,0.735735082216675,1,20260726T102553,2026-07-26T10:26:41.694234+00:00
C-1e77fa61,0.14784436918260377,0,20260726T102553,2026-07-26T10:26:41.694234+00:00
C-9f684594,0.48203948482295117,0,20260726T102553,2026-07-26T10:26:41.694234+00:00
C-f4eb11fc,0.3726244584658959,0,20260726T102553,2026-07-26T10:26:41.694234+00:00
C-215fe24b,0.1258806250329972,0,20260726T102553,2026-07-26T10:26:41.694234+00:00
C-ede7feae,0.5160494650118199,1,20260726T102553,2026-07-26T10:26:41.694234+00:00
C-26794a58,0.4630406418504022,0,20260726T102553,2026-07-26T10:26:41.694234+00:00
C-dab8cf60,0.7557036821060681,1,20260726T102553,2026-07-26T10:26:41.694234+00:00
C-46b92a3c,0.1000148605023527,0,20260726T102553,2026-07-26T10:26:41.694234+00:00
C-015eb727,0.49978303311826966,0,20260726T102553,2026-07-26T10:26:41.694234+00:00
C-adf5fa57,0.25952246186569555,0,20260726T102553,2026-07-26T10:26:41.694234+00:00
C-615d8787,0.1409477008353239,0,20260726T102553,2026-07-26T10:26:41.694234+00:00
C-ee681c62,0.8990948096223346,1,20260726T102553,2026-07-26T10:26:41.694234+00:00
C-d0792b92,0.08417110430451266,0,20260726T102553,2026-07-26T10:26:41.694234+00:00
C-89d4adea,0.8023342555064975,1,20260726T102553,2026-07-26T10:26:41.694234+00:00
C-66a038f1,0.02858229673795396,0,20260726T102553,2026-07-26T10:26:41.694234+00:00
C-484ffbd2,0.37127791318780023,0,20260726T102553,2026-07-26T10:26:41.694234+00:00
C-d8273b30,0.43682125423747875,0,20260726T102553,2026-07-26T10:26:41.694234+00:00
C-78531514,0.27037544601125774,0,20260726T102553,2026-07-26T10:26:41.694234+00:00
C-54c9c552,0.8945375051324592,1,20260726T102553,2026-07-26T10:26:41.694234+00:00
C-0843905e,0.4801788557000774,0,20260726T102553,2026-07-26T10:26:41.694234+00:00
C-04a692da,0.5870099284712741,1,20260726T102553,2026-07-26T10:26:41.694234+00:00
C-d5c686c1,0.663282493628352,1,20260726T102553,2026-07-26T10:26:41.694234+00:00
C-15def90e,0.6633659681535621,1,20260726T102553,2026-07-26T10:26:41.694234+00:00
C-202ecdfa,0.9106463223344913,1,20260726T102553,2026-07-26T10:26:41.694234+00:00
C-174be282,0.7740736311275132,1,20260726T102553,2026-07-26T10:26:41.694234+00:00
C-5c9365cb,0.7374340661598014,1,20260726T102553,2026-07-26T10:26:41.694234+00:00
C-b7558ef4,0.6914750583506144,1,20260726T102553,2026-07-26T10:26:41.694234+00:00
C-022e31bc,0.14195363541558614,0,20260726T102553,2026-07-26T10:26:41.694234+00:00
C-822b8d4f,0.7068602129241566,1,20260726T102553,2026-07-26T10:26:41.694234+00:00
C-c079cd0d,0.654476006706001,1,20260726T102553,2026-07-26T10:26:41.694234+00:00
C-7a7a18b8,0.12747099581893495,0,20260726T102553,2026-07-26T10:26:41.694234+00:00
C-7d083aff,0.028887690885841935,0,20260726T102553,2026-07-26T10:26:41.694234+00:00
C-fd2e3678,0.06586576445377715,0,20260726T102553,2026-07-26T10:26:41.694234+00:00
C-5895147b,0.031325945856578,0,20260726T102553,2026-07-26T10:26:41.694234+00:00
C-b7c5614c,0.46753494126817874,0,20260726T102553,2026-07-26T10:26:41.694234+00:00
C-b6f74c40,0.5779219961486506,1,20260726T102553,2026-07-26T10:26:41.694234+00:00
C-d2d67579,0.9403918972105174,1,20260726T102553,2026-07-26T10:26:41.694234+00:00
C-b2e87ee8,0.9189877670318537,1,20260726T102553,2026-07-26T10:26:41.694234+00:00
C-fe289d0a,0.7330628883812993,1,20260726T102553,2026-07-26T10:26:41.694234+00:00
C-2a3ef54d,0.3878835673899722,0,20260726T102553,2026-07-26T10:26:41.694234+00:00
C-c56239be,0.654307973182135,1,20260726T102553,2026-07-26T10:26:41.694234+00:00
C-9c67340a,0.018229347625631193,0,20260726T102553,2026-07-26T10:26:41.694234+00:00
C-6cd99b58,0.5294153713302316,1,20260726T102553,2026-07-26T10:26:41.694234+00:00
C-f0d5d3e8,0.33912148941961306,0,20260726T102553,2026-07-26T10:26:41.694234+00:00
C-570b10bf,0.12157865706744272,0,20260726T102553,2026-07-26T10:26:41.694234+00:00
C-0b3b3ab1,0.7493316039564899,1,20260726T102553,2026-07-26T10:26:41.694234+00:00
C-4b55406a,0.3572436738640498,0,20260726T102553,2026-07-26T10:26:41.694234+00:00
C-35a10dd7,0.34475408886032854,0,20260726T102553,2026-07-26T10:26:41.694234+00:00
C-47d46d82,0.37233164303704763,0,20260726T102553,2026-07-26T10:26:41.694234+00:00
C-a4a3b9db,0.8382997985421854,1,20260726T102553,2026-07-26T10:26:41.694234+00:00
C-2d6094c4,0.1375229656138514,0,20260726T102553,2026-07-26T10:26:41.694234+00:00
C-cf69a7c4,0.7885936433165119,1,20260726T102553,2026-07-26T10:26:41.694234+00:00
C-2c90c34b,0.4252913892251168,0,20260726T102553,2026-07-26T10:26:41.694234+00:00
C-d88f0308,0.07108284051051518,0,20260726T102553,2026-07-26T10:26:41.694234+00:00
C-9dd1113e,0.13304541414373425,0,20260726T102553,2026-07-26T10:26:41.694234+00:00
C-f0ebe4f1,0.048096429704908156,0,20260726T102553,2026-07-26T10:26:41.694234+00:00
C-c02a329e,0.3776276710864031,0,20260726T102553,2026-07-26T10:26:41.694234+00:00
C-eb8ed635,0.7403503444664993,1,20260726T102553,2026-07-26T10:26:41.694234+00:00
C-a0464c24,0.7111870986259068,1,20260726T102553,2026-07-26T10:26:41.694234+00:00
C-a0caed6f,0.4425099854636055,0,20260726T102553,2026-07-26T10:26:41.694234+00:00
C-3ec64839,0.2781724055595968,0,20260726T102553,2026-07-26T10:26:41.694234+00:00
C-53852625,0.3443295613091274,0,20260726T102553,2026-07-26T10:26:41.694234+00:00
C-cef5731b,0.6894701855989017,1,20260726T102553,2026-07-26T10:26:41.694234+00:00
C-510b426b,0.6763954492459225,1,20260726T102553,2026-07-26T10:26:41.694234+00:00
C-2fc4447f,0.1289766246004902,0,20260726T102553,2026-07-26T10:26:41.694234+00:00
C-953ee195,0.9080525813054531,1,20260726T102553,2026-07-26T10:26:41.694234+00:00
C-01e9ac11,0.6472007859061174,1,20260726T102553,2026-07-26T10:26:41.694234+00:00
C-787223be,0.7001375833133967,1,20260726T102553,2026-07-26T10:26:41.694234+00:00
C-9d3ca412,0.33311681337387633,0,20260726T102553,2026-07-26T10:26:41.694234+00:00
C-a70cc531,0.7595312624346354,1,20260726T102553,2026-07-26T10:26:41.694234+00:00
C-c074326f,0.5145094734797862,1,20260726T102553,2026-07-26T10:26:41.694234+00:00
C-87f2e59c,0.10638811984546102,0,20260726T102553,2026-07-26T10:26:41.694234+00:00
C-5838f30f,0.021515316532328934,0,20260726T102553,2026-07-26T10:26:41.694234+00:00
C-20dd60be,0.3093805791354449,0,20260726T102553,2026-07-26T10:26:41.694234+00:00
C-1e84c1c8,0.1143286985558575,0,20260726T102553,2026-07-26T10:26:41.694234+00:00
C-9dd2b30b,0.6831259961887363,1,20260726T102553,2026-07-26T10:26:41.694234+00:00
C-09d1f34c,0.5009118523961258,1,20260726T102553,2026-07-26T10:26:41.694234+00:00
C-d49e6d25,0.6722732297355245,1,20260726T102553,2026-07-26T10:26:41.694234+00:00
C-b166207c,0.3960527819635047,0,20260726T102553,2026-07-26T10:26:41.694234+00:00
C-9e6b19d2,0.034886183180392265,0,20260726T102553,2026-07-26T10:26:41.694234+00:00
C-8339bd62,0.03102121503410414,0,20260726T102553,2026-07-26T10:26:41.694234+00:00
C-fbe96489,0.82193156767625,1,20260726T102553,2026-07-26T10:26:41.694234+00:00
C-f5e34b16,0.24071582342630285,0,20260726T102553,2026-07-26T10:26:41.694234+00:00
C-8b2bc03c,0.036940414726385234,0,20260726T102553,2026-07-26T10:26:41.694234+00:00
C-5a9f7b56,0.6575797533197958,1,20260726T102553,2026-07-26T10:26:41.694234+00:00
C-4add459f,0.31014096438805516,0,20260726T102553,2026-07-26T10:26:41.694234+00:00
C-bcd9c970,0.30784917131027467,0,20260726T102553,2026-07-26T10:26:41.694234+00:00
C-47af11f2,0.4021559522201034,0,20260726T102553,2026-07-26T10:26:41.694234+00:00
C-80934b3b,0.5487582917682051,1,20260726T102553,2026-07-26T10:26:41.694234+00:00
C-b7e283a6,0.12810172898086203,0,20260726T102553,2026-07-26T10:26:41.694234+00:00
C-91472f54,0.7370176769870325,1,20260726T102553,2026-07-26T10:26:41.694234+00:00
C-fd718d9e,0.6130128584653878,1,20260726T102553,2026-07-26T10:26:41.694234+00:00
C-cc09f084,0.02924105678403851,0,20260726T102553,2026-07-26T10:26:41.694234+00:00
C-5cec71b0,0.06663283151056787,0,20260726T102553,2026-07-26T10:26:41.694234+00:00
C-b71cd6ed,0.45903086997945625,0,20260726T102553,2026-07-26T10:26:41.694234+00:00
C-95cca9f4,0.31314554431158625,0,20260726T102553,2026-07-26T10:26:41.694234+00:00
C-e069d125,0.7162015937280192,1,20260726T102553,2026-07-26T10:26:41.694234+00:00
C-4cea3aa0,0.7958068720549298,1,20260726T102553,2026-07-26T10:26:41.694234+00:00
C-a09afd9e,0.34013434190820346,0,20260726T102553,2026-07-26T10:26:41.694234+00:00
C-d9d7aca1,0.6868563340657867,1,20260726T102553,2026-07-26T10:26:41.694234+00:00
C-68d87ae5,0.16240140578560514,0,20260726T102553,2026-07-26T10:26:41.694234+00:00
C-e2047402,0.08601092927076938,0,20260726T102553,2026-07-26T10:26:41.694234+00:00
C-a3744ab2,0.32594859511979823,0,20260726T102553,2026-07-26T10:26:41.694234+00:00
C-02a98d82,0.7077973461376199,1,20260726T102553,2026-07-26T10:26:41.694234+00:00
C-54a7df5c,0.4150759143088152,0,20260726T102553,2026-07-26T10:26:41.694234+00:00
C-7597567e,0.24130544424118158,0,20260726T102553,2026-07-26T10:26:41.694234+00:00
C-0389733f,0.7969846988834717,1,20260726T102553,2026-07-26T10:26:41.694234+00:00
C-e09ef80a,0.290629625221013,0,20260726T102553,2026-07-26T10:26:41.694234+00:00
C-a2865555,0.15669770678660888,0,20260726T102553,2026-07-26T10:26:41.694234+00:00
C-ea02aafa,0.395471636195031,0,20260726T102553,2026-07-26T10:26:41.694234+00:00
C-9785a2c9,0.2436012138934538,0,20260726T102553,2026-07-26T10:26:41.694234+00:00
C-bd36ea8f,0.09021114065255836,0,20260726T102553,2026-07-26T10:26:41.694234+00:00
C-ab073aca,0.497037276808198,0,20260726T102553,2026-07-26T10:26:41.694234+00:00
C-ae35e142,0.5521647614050685,1,20260726T102553,2026-07-26T10:26:41.694234+00:00
C-81c6a692,0.8648829054073407,1,20260726T102553,2026-07-26T10:26:41.694234+00:00
C-3b589696,0.41531748122057444,0,20260726T102553,2026-07-26T10:26:41.694234+00:00
C-c4f7b659,0.3972477283885702,0,20260726T102553,2026-07-26T10:26:41.694234+00:00
C-c3d14633,0.7573795776301286,1,20260726T102553,2026-07-26T10:26:41.694234+00:00
C-c5d0592b,0.9062591037295813,1,20260726T102553,2026-07-26T10:26:41.694234+00:00
C-93d33c18,0.10120112529299939,0,20260726T102553,2026-07-26T10:26:41.694234+00:00
C-14e44e38,0.5045151555562049,1,20260726T102553,2026-07-26T10:26:41.694234+00:00
C-2a648256,0.7909380605757499,1,20260726T102553,2026-07-26T10:26:41.694234+00:00
C-d313f1dd,0.5011627124900402,1,20260726T102553,2026-07-26T10:26:41.694234+00:00
C-9978025b,0.7000857597857644,1,20260726T102553,2026-07-26T10:26:41.694234+00:00
C-5970c56d,0.1270418213245492,0,20260726T102553,2026-07-26T10:26:41.694234+00:00
C-275c12d9,0.8670289019967612,1,20260726T102553,2026-07-26T10:26:41.694234+00:00
C-3196c21e,0.019309855364993956,0,20260726T102553,2026-07-26T10:26:41.694234+00:00
C-d0237a4c,0.6458325268958214,1,20260726T102553,2026-07-26T10:26:41.694234+00:00
C-c62c41cf,0.2581633960284614,0,20260726T102553,2026-07-26T10:26:41.694234+00:00
C-6c11ce43,0.14859403643936947,0,20260726T102553,2026-07-26T10:26:41.694234+00:00
C-013bb08f,0.45348718155743284,0,20260726T102553,2026-07-26T10:26:41.694234+00:00
C-2b26e6a4,0.43806250284068793,0,20260726T102553,2026-07-26T10:26:41.694234+00:00
C-aacf72d2,0.9156583264886903,1,20260726T102553,2026-07-26T10:26:41.694234+00:00
C-245c4687,0.3741531111887448,0,20260726T102553,2026-07-26T10:26:41.694234+00:00
C-f17abbaf,0.05322365414870984,0,20260726T102553,2026-07-26T10:26:41.694234+00:00
C-8755ffef,0.1711879449576233,0,20260726T102553,2026-07-26T10:26:41.694234+00:00
C-8737a38c,0.3567724848193539,0,20260726T102553,2026-07-26T10:26:41.694234+00:00
C-8c827112,0.3599241989521524,0,20260726T102553,2026-07-26T10:26:41.694234+00:00
C-03575a6f,0.3808374600149678,0,20260726T102553,2026-07-26T10:26:41.694234+00:00
C-9802b6c4,0.024220791315276907,0,20260726T102553,2026-07-26T10:26:41.694234+00:00
C-e307bda0,0.38243887747556826,0,20260726T102553,2026-07-26T10:26:41.694234+00:00
C-bb103acb,0.050493579460841924,0,20260726T102553,2026-07-26T10:26:41.694234+00:00
C-3f858106,0.6541894687210074,1,20260726T102553,2026-07-26T10:26:41.694234+00:00
C-42e486d5,0.030520378788850736,0,20260726T102553,2026-07-26T10:26:41.694234+00:00
C-ddeea5ac,0.10552770518074087,0,20260726T102553,2026-07-26T10:26:41.694234+00:00
C-4efba459,0.2037897940580925,0,20260726T102553,2026-07-26T10:26:41.694234+00:00
C-131b344d,0.5311815711686126,1,20260726T102553,2026-07-26T10:26:41.694234+00:00
C-582b2995,0.9142534879767964,1,20260726T102553,2026-07-26T10:26:41.694234+00:00
C-67786288,0.519128565473819,1,20260726T102553,2026-07-26T10:26:41.694234+00:00
C-290ba350,0.626802728583394,1,20260726T102553,2026-07-26T10:26:41.694234+00:00
C-c4df889e,0.7380468069323395,1,20260726T102553,2026-07-26T10:26:41.694234+00:00
C-1bb626ec,0.7439770487622982,1,20260726T102553,2026-07-26T10:26:41.694234+00:00
C-08b95c8d,0.7870464167998866,1,20260726T102553,2026-07-26T10:26:41.694234+00:00
C-d68cf315,0.5397208891030426,1,20260726T102553,2026-07-26T10:26:41.694234+00:00
C-3cad2b6e,0.6984729130080274,1,20260726T102553,2026-07-26T10:26:41.694234+00:00
C-519987de,0.081180804540854,0,20260726T102553,2026-07-26T10:26:41.694234+00:00
C-23b8d496,0.3390408834954824,0,20260726T102553,2026-07-26T10:26:41.694234+00:00
C-1f1ea80a,0.16647613258022936,0,20260726T102553,2026-07-26T10:26:41.694234+00:00
C-dcfca61a,0.08035794200586156,0,20260726T102553,2026-07-26T10:26:41.694234+00:00
C-ceb2e291,0.09901427613811375,0,20260726T102553,2026-07-26T10:26:41.694234+00:00
C-8629c120,0.8730468222287115,1,20260726T102553,2026-07-26T10:26:41.694234+00:00
C-7da6f2ca,0.023809084892241577,0,20260726T102553,2026-07-26T10:26:41.694234+00:00
C-b010dadd,0.10677041264722299,0,20260726T102553,2026-07-26T10:26:41.694234+00:00
C-75ccce04,0.8632022745170594,1,20260726T102553,2026-07-26T10:26:41.694234+00:00
C-3a3d11d4,0.23995115689932967,0,20260726T102553,2026-07-26T10:26:41.694234+00:00
C-4af3d092,0.6338811566864072,1,20260726T102553,2026-07-26T10:26:41.694234+00:00
C-00e424ee,0.0921272157828079,0,20260726T102553,2026-07-26T10:26:41.694234+00:00
C-ec661734,0.7425822011039583,1,20260726T102553,2026-07-26T10:26:41.694234+00:00
C-28e1b961,0.6522418357723215,1,20260726T102553,2026-07-26T10:26:41.694234+00:00
C-75f4f2e6,0.685844639752532,1,20260726T102553,2026-07-26T10:26:41.694234+00:00
C-37e56f0c,0.42681422675999126,0,20260726T102553,2026-07-26T10:26:41.694234+00:00
C-fbff9617,0.5292811960411087,1,20260726T102553,2026-07-26T10:26:41.694234+00:00
C-d5a95fac,0.41568060665586376,0,20260726T102553,2026-07-26T10:26:41.694234+00:00
C-7ee79e56,0.2802097399418437,0,20260726T102553,2026-07-26T10:26:41.694234+00:00
C-7549c18e,0.28151508479362697,0,20260726T102553,2026-07-26T10:26:41.694234+00:00
C-c48d42a8,0.394890229657999,0,20260726T102553,2026-07-26T10:26:41.694234+00:00
C-37761016,0.7006486736846677,1,20260726T102553,2026-07-26T10:26:41.694234+00:00
C-bf06086c,0.7019247706243382,1,20260726T102553,2026-07-26T10:26:41.694234+00:00
C-2f4b3872,0.24574648105143632,0,20260726T102553,2026-07-26T10:26:41.694234+00:00
C-6d657a12,0.8101230865686437,1,20260726T102553,2026-07-26T10:26:41.694234+00:00
C-f9122a78,0.09949285826365256,0,20260726T102553,2026-07-26T10:26:41.694234+00:00
C-c28e6d8d,0.45771971306939985,0,20260726T102553,2026-07-26T10:26:41.694234+00:00
C-bb011971,0.7702590714389671,1,20260726T102553,2026-07-26T10:26:41.694234+00:00
C-aebbc154,0.9144381980700034,1,20260726T102553,2026-07-26T10:26:41.694234+00:00
C-a5a53bd4,0.9132456980319521,1,20260726T102553,2026-07-26T10:26:41.694234+00:00
C-fb31f5c2,0.3975697581959975,0,20260726T102553,2026-07-26T10:26:41.694234+00:00
C-6248cfee,0.9153575055395604,1,20260726T102553,2026-07-26T10:26:41.694234+00:00
C-21237abe,0.5039357829389212,1,20260726T102553,2026-07-26T10:26:41.694234+00:00
C-d8fbf757,0.6633222251684823,1,20260726T102553,2026-07-26T10:26:41.694234+00:00
C-0e95bc5a,0.38631801895363205,0,20260726T102553,2026-07-26T10:26:41.694234+00:00
C-d0fc74b2,0.14861962350363556,0,20260726T102553,2026-07-26T10:26:41.694234+00:00
C-a32504ca,0.8252358513458685,1,20260726T102553,2026-07-26T10:26:41.694234+00:00
C-ad93df2b,0.09005710043790136,0,20260726T102553,2026-07-26T10:26:41.694234+00:00
C-3e91520f,0.09529177286330044,0,20260726T102553,2026-07-26T10:26:41.694234+00:00
C-7bbf9a61,0.7194684631187902,1,20260726T102553,2026-07-26T10:26:41.694234+00:00
C-127b91d5,0.04369390418355111,0,20260726T102553,2026-07-26T10:26:41.694234+00:00
C-fc00b7c2,0.6546848240016863,1,20260726T102553,2026-07-26T10:26:41.694234+00:00
C-ac3f834c,0.041878131562182355,0,20260726T102553,2026-07-26T10:26:41.694234+00:00
C-07e1deeb,0.494672511250358,0,20260726T102553,2026-07-26T10:26:41.694234+00:00
C-3f97172e,0.23874212023358243,0,20260726T102553,2026-07-26T10:26:41.694234+00:00
C-34bf0e83,0.9104537041023969,1,20260726T102553,2026-07-26T10:26:41.694234+00:00
C-a45080d1,0.746238171179036,1,20260726T102553,2026-07-26T10:26:41.694234+00:00
C-b970688d,0.40970476562248653,0,20260726T102553,2026-07-26T10:26:41.694234+00:00
C-2d15d8c2,0.10723030253723385,0,20260726T102553,2026-07-26T10:26:41.694234+00:00
C-e8bd2e36,0.3920982617862146,0,20260726T102553,2026-07-26T10:26:41.694234+00:00
C-1892a33d,0.9085103060977068,1,20260726T102553,2026-07-26T10:26:41.694234+00:00
C-70fcf516,0.042962617249511746,0,20260726T102553,2026-07-26T10:26:41.694234+00:00
C-fc908f24,0.46185030625929185,0,20260726T102553,2026-07-26T10:26:41.694234+00:00
C-25f3acaf,0.6353723793910517,1,20260726T102553,2026-07-26T10:26:41.694234+00:00
C-5e880432,0.04806002396250282,0,20260726T102553,2026-07-26T10:26:41.694234+00:00
C-f28d5c19,0.7691650265445283,1,20260726T102553,2026-07-26T10:26:41.694234+00:00
C-db5684f8,0.39205205381204783,0,20260726T102553,2026-07-26T10:26:41.694234+00:00
C-8b605812,0.3673299774694161,0,20260726T102553,2026-07-26T10:26:41.694234+00:00
C-09a95089,0.6543607586596724,1,20260726T102553,2026-07-26T10:26:41.694234+00:00
C-5bd7d757,0.4087165995677929,0,20260726T102553,2026-07-26T10:26:41.694234+00:00
C-6661e7ca,0.42919350834741665,0,20260726T102553,2026-07-26T10:26:41.694234+00:00
C-b753a8f1,0.06584021322360471,0,20260726T102553,2026-07-26T10:26:41.694234+00:00
C-b1016435,0.41047697980614967,0,20260726T102553,2026-07-26T10:26:41.694234+00:00
C-c53865f9,0.15857465060294568,0,20260726T102553,2026-07-26T10:26:41.694234+00:00
C-554e5c85,0.7221381932651518,1,20260726T102553,2026-07-26T10:26:41.694234+00:00
C-774941f4,0.034269570470992015,0,20260726T102553,2026-07-26T10:26:41.694234+00:00
C-f1d0bd7e,0.8893834373139122,1,20260726T102553,2026-07-26T10:26:41.694234+00:00
C-ffb3852a,0.7016873460983198,1,20260726T102553,2026-07-26T10:26:41.694234+00:00
C-3fd2b87a,0.675479820972671,1,20260726T102553,2026-07-26T10:26:41.694234+00:00
C-14adf5e5,0.6521180093930038,1,20260726T102553,2026-07-26T10:26:41.694234+00:00
C-216e9505,0.7595752175383408,1,20260726T102553,2026-07-26T10:26:41.694234+00:00
C-2b51c052,0.31900340729353155,0,20260726T102553,2026-07-26T10:26:41.694234+00:00
C-8640b4d8,0.6466390956457245,1,20260726T102553,2026-07-26T10:26:41.694234+00:00
C-337fc781,0.9187548713349459,1,20260726T102553,2026-07-26T10:26:41.694234+00:00
C-31c0377f,0.43163271366521594,0,20260726T102553,2026-07-26T10:26:41.694234+00:00
C-27ed77ac,0.023414671689368047,0,20260726T102553,2026-07-26T10:26:41.694234+00:00
C-702f885f,0.052640494104084494,0,20260726T102553,2026-07-26T10:26:41.694234+00:00
C-4f43dbfa,0.03491981888626155,0,20260726T102553,2026-07-26T10:26:41.694234+00:00
C-36f3afad,0.14467018785535327,0,20260726T102553,2026-07-26T10:26:41.694234+00:00
C-965d38d8,0.3366517609815167,0,20260726T102553,2026-07-26T10:26:41.694234+00:00
C-996f666c,0.3754858071373362,0,20260726T102553,2026-07-26T10:26:41.694234+00:00
C-a135f72d,0.19567431531189922,0,20260726T102553,2026-07-26T10:26:41.694234+00:00
C-167882dd,0.050532066530863944,0,20260726T102553,2026-07-26T10:26:41.694234+00:00
C-2faaab3a,0.44107385617432476,0,20260726T102553,2026-07-26T10:26:41.694234+00:00
C-c7a6d84c,0.10531868974403612,0,20260726T102553,2026-07-26T10:26:41.694234+00:00
C-4f81f0c0,0.793473225571777,1,20260726T102553,2026-07-26T10:26:41.694234+00:00
C-89109539,0.33494027334974724,0,20260726T102553,2026-07-26T10:26:41.694234+00:00
C-39f906e7,0.7347080141868844,1,20260726T102553,2026-07-26T10:26:41.694234+00:00
C-3846383d,0.7242361446260805,1,20260726T102553,2026-07-26T10:26:41.694234+00:00
C-fe6dd39d,0.1278782593109697,0,20260726T102553,2026-07-26T10:26:41.694234+00:00
C-d3b40b3a,0.8927958765311872,1,20260726T102553,2026-07-26T10:26:41.694234+00:00
C-9dc3a18d,0.4683455882277844,0,20260726T102553,2026-07-26T10:26:41.694234+00:00
C-a61186b4,0.6523575800564152,1,20260726T102553,2026-07-26T10:26:41.694234+00:00
C-f222ada8,0.026944705061289497,0,20260726T102553,2026-07-26T10:26:41.694234+00:00
C-ad974d48,0.6843929063914092,1,20260726T102553,2026-07-26T10:26:41.694234+00:00
C-4061fa09,0.07111059330026218,0,20260726T102553,2026-07-26T10:26:41.694234+00:00
C-d47b0c3e,0.5436612159943272,1,20260726T102553,2026-07-26T10:26:41.694234+00:00
C-92737a52,0.1693276966523714,0,20260726T102553,2026-07-26T10:26:41.694234+00:00
C-12d70a63,0.7413595707487253,1,20260726T102553,2026-07-26T10:26:41.694234+00:00
C-c2a0fe0f,0.10482801514888958,0,20260726T102553,2026-07-26T10:26:41.694234+00:00
C-ce9a924e,0.4737742801995391,0,20260726T102553,2026-07-26T10:26:41.694234+00:00
C-d548acbc,0.6626707079292986,1,20260726T102553,2026-07-26T10:26:41.694234+00:00
C-f2376ba1,0.757986360256122,1,20260726T102553,2026-07-26T10:26:41.694234+00:00
C-17dc0a87,0.20048419643304258,0,20260726T102553,2026-07-26T10:26:41.694234+00:00
C-6860c1cf,0.8424508097552752,1,20260726T102553,2026-07-26T10:26:41.694234+00:00
C-d28cb7d7,0.09414460695695595,0,20260726T102553,2026-07-26T10:26:41.694234+00:00
C-c713a2d5,0.7600119763009306,1,20260726T102553,2026-07-26T10:26:41.694234+00:00
C-80b2dd90,0.7531048844218218,1,20260726T102553,2026-07-26T10:26:41.694234+00:00
C-a8d17f98,0.6667943850661994,1,20260726T102553,2026-07-26T10:26:41.694234+00:00
C-b9f9a5bd,0.7844025462914289,1,20260726T102553,2026-07-26T10:26:41.694234+00:00
C-f7c88245,0.0767517594934736,0,20260726T102553,2026-07-26T10:26:41.694234+00:00
C-f69e00c9,0.4768966417478584,0,20260726T102553,2026-07-26T10:26:41.694234+00:00
C-c2dc8caf,0.1333715369915875,0,20260726T102553,2026-07-26T10:26:41.694234+00:00
C-d3678f34,0.7185354984631843,1,20260726T102553,2026-07-26T10:26:41.694234+00:00
C-9dbfac30,0.26669973847332,0,20260726T102553,2026-07-26T10:26:41.694234+00:00
C-a0009743,0.5515414136476174,1,20260726T102553,2026-07-26T10:26:41.694234+00:00
C-0cb4044f,0.32029534951314004,0,20260726T102553,2026-07-26T10:26:41.694234+00:00
C-32221711,0.8328584567285525,1,20260726T102553,2026-07-26T10:26:41.694234+00:00
C-aa9c51fd,0.6781942107372494,1,20260726T102553,2026-07-26T10:26:41.694234+00:00
C-19511f0a,0.8505108721173065,1,20260726T102553,2026-07-26T10:26:41.694234+00:00
C-a3d15405,0.36571083118088177,0,20260726T102553,2026-07-26T10:26:41.694234+00:00
C-5c5eeab3,0.7988674816434083,1,20260726T102553,2026-07-26T10:26:41.694234+00:00
C-33496dee,0.17992611459700023,0,20260726T102553,2026-07-26T10:26:41.694234+00:00
C-5af0e727,0.9094589288061686,1,20260726T102553,2026-07-26T10:26:41.694234+00:00
C-bc674da7,0.05292339086707513,0,20260726T102553,2026-07-26T10:26:41.694234+00:00
C-780b3c1e,0.04213856367273699,0,20260726T102553,2026-07-26T10:26:41.694234+00:00
C-c6d90e79,0.028411987929930924,0,20260726T102553,2026-07-26T10:26:41.694234+00:00
C-35b177d4,0.9190679181264272,1,20260726T102553,2026-07-26T10:26:41.694234+00:00
C-56d0cc26,0.33671869206177124,0,20260726T102553,2026-07-26T10:26:41.694234+00:00
C-93af7888,0.7309990633807397,1,20260726T102553,2026-07-26T10:26:41.694234+00:00
C-f1db2cb3,0.5337636939473464,1,20260726T102553,2026-07-26T10:26:41.694234+00:00
C-4d3f78a6,0.6606302243733148,1,20260726T102553,2026-07-26T10:26:41.694234+00:00
C-41d2696b,0.3197926369454174,0,20260726T102553,2026-07-26T10:26:41.694234+00:00
C-debde89e,0.7582749815678077,1,20260726T102553,2026-07-26T10:26:41.694234+00:00
C-09347e3f,0.409019245542551,0,20260726T102553,2026-07-26T10:26:41.694234+00:00
C-f73918b6,0.5313185597541925,1,20260726T102553,2026-07-26T10:26:41.694234+00:00
C-45b0e9e9,0.6407376360262008,1,20260726T102553,2026-07-26T10:26:41.694234+00:00
C-ba4dedbe,0.3246537923995517,0,20260726T102553,2026-07-26T10:26:41.694234+00:00
C-8ad88a09,0.039896589402062685,0,20260726T102553,2026-07-26T10:26:41.694234+00:00
C-4b604a65,0.6893054451607641,1,20260726T102553,2026-07-26T10:26:41.694234+00:00
C-05f6e0d7,0.1546179199739723,0,20260726T102553,2026-07-26T10:26:41.694234+00:00
C-a68989d5,0.793013698391383,1,20260726T102553,2026-07-26T10:26:41.694234+00:00
C-8e2b522f,0.36131216904272867,0,20260726T102553,2026-07-26T10:26:41.694234+00:00
C-3100b578,0.4665486309830507,0,20260726T102553,2026-07-26T10:26:41.694234+00:00
C-d85e175a,0.10532740463733171,0,20260726T102553,2026-07-26T10:26:41.694234+00:00
C-82069a6c,0.8576797001584967,1,20260726T102553,2026-07-26T10:26:41.694234+00:00
C-6f3f6edd,0.26817275360591036,0,20260726T102553,2026-07-26T10:26:41.694234+00:00
C-0066bf3c,0.5337037718640193,1,20260726T102553,2026-07-26T10:26:41.694234+00:00
C-8e91bb97,0.7518115573658183,1,20260726T102553,2026-07-26T10:26:41.694234+00:00
C-e0740f23,0.4232103501453487,0,20260726T102553,2026-07-26T10:26:41.694234+00:00
C-21dbd56a,0.07920810539406542,0,20260726T102553,2026-07-26T10:26:41.694234+00:00
C-57290dd2,0.27432959542526286,0,20260726T102553,2026-07-26T10:26:41.694234+00:00
C-719423a1,0.13470305441446284,0,20260726T102553,2026-07-26T10:26:41.694234+00:00
C-d19ea69d,0.8018823921675136,1,20260726T102553,2026-07-26T10:26:41.694234+00:00
C-9e43c9dd,0.041720457798911925,0,20260726T102553,2026-07-26T10:26:41.694234+00:00
C-52fa79ea,0.27864966919958606,0,20260726T102553,2026-07-26T10:26:41.694234+00:00
C-82c1a230,0.3281854534247603,0,20260726T102553,2026-07-26T10:26:41.694234+00:00
C-b9a3db1a,0.38911377245816026,0,20260726T102553,2026-07-26T10:26:41.694234+00:00
C-4155ad68,0.7575165803817192,1,20260726T102553,2026-07-26T10:26:41.694234+00:00
C-7857393e,0.7037238970564981,1,20260726T102553,2026-07-26T10:26:41.694234+00:00
C-3844c518,0.5283382119672205,1,20260726T102553,2026-07-26T10:26:41.694234+00:00
C-9f93624e,0.12222275488917525,0,20260726T102553,2026-07-26T10:26:41.694234+00:00
C-d5f5c7b6,0.31322437674855086,0,20260726T102553,2026-07-26T10:26:41.694234+00:00
C-84bbb7a2,0.19492241099704546,0,20260726T102553,2026-07-26T10:26:41.694234+00:00
C-1ea49806,0.21384401203593506,0,20260726T102553,2026-07-26T10:26:41.694234+00:00
C-4e17ff65,0.4114747839577176,0,20260726T102553,2026-07-26T10:26:41.694234+00:00
C-2b6ce78b,0.38826853571754105,0,20260726T102553,2026-07-26T10:26:41.694234+00:00
C-3d7ea097,0.24668373245959016,0,20260726T102553,2026-07-26T10:26:41.694234+00:00
C-afac88b1,0.04831924570791218,0,20260726T102553,2026-07-26T10:26:41.694234+00:00
C-d4493891,0.3347385839674077,0,20260726T102553,2026-07-26T10:26:41.694234+00:00
C-72ba96ff,0.10039167431081433,0,20260726T102553,2026-07-26T10:26:41.694234+00:00
C-57e078a6,0.019237938444861477,0,20260726T102553,2026-07-26T10:26:41.694234+00:00
C-d217df7a,0.6595898608971265,1,20260726T102553,2026-07-26T10:26:41.694234+00:00
C-2c27ab68,0.6825847777512798,1,20260726T102553,2026-07-26T10:26:41.694234+00:00
C-9d008d11,0.5153768410977119,1,20260726T102553,2026-07-26T10:26:41.694234+00:00
C-9650f87b,0.5096332955365251,1,20260726T102553,2026-07-26T10:26:41.694234+00:00
C-c8eaedd9,0.09580896481271617,0,20260726T102553,2026-07-26T10:26:41.694234+00:00
C-217c1897,0.48487829783360614,0,20260726T102553,2026-07-26T10:26:41.694234+00:00
C-ce942e97,0.7823539831850972,1,20260726T102553,2026-07-26T10:26:41.694234+00:00
C-dce5d026,0.11837866313911548,0,20260726T102553,2026-07-26T10:26:41.694234+00:00
C-8079aee3,0.1557889844803681,0,20260726T102553,2026-07-26T10:26:41.694234+00:00
C-2284578f,0.9037118392298196,1,20260726T102553,2026-07-26T10:26:41.694234+00:00
C-21dafd22,0.4214902876378067,0,20260726T102553,2026-07-26T10:26:41.694234+00:00
C-c47b58f6,0.50731172315819,1,20260726T102553,2026-07-26T10:26:41.694234+00:00
C-defcd046,0.39777016300345963,0,20260726T102553,2026-07-26T10:26:41.694234+00:00
C-dc725021,0.22071412017632192,0,20260726T102553,2026-07-26T10:26:41.694234+00:00
C-30d89ea6,0.8443040065726484,1,20260726T102553,2026-07-26T10:26:41.694234+00:00
C-13a99a51,0.7937637767815896,1,20260726T102553,2026-07-26T10:26:41.694234+00:00
C-3e2cb061,0.4524885563151884,0,20260726T102553,2026-07-26T10:26:41.694234+00:00
C-be8e4c8b,0.053614239837176204,0,20260726T102553,2026-07-26T10:26:41.694234+00:00
C-ffdce3fd,0.37631051606003574,0,20260726T102553,2026-07-26T10:26:41.694234+00:00
C-24d3f46b,0.3341264969106849,0,20260726T102553,2026-07-26T10:26:41.694234+00:00
C-9a05b9ba,0.6747040798902053,1,20260726T102553,2026-07-26T10:26:41.694234+00:00
C-2673bfa5,0.8454630404414,1,20260726T102553,2026-07-26T10:26:41.694234+00:00
C-f8da3246,0.8665801342460251,1,20260726T102553,2026-07-26T10:26:41.694234+00:00
C-1519054e,0.3888152995258836,0,20260726T102553,2026-07-26T10:26:41.694234+00:00
C-d85414ff,0.12989963271917282,0,20260726T102553,2026-07-26T10:26:41.694234+00:00
C-9fbce151,0.16321762164026066,0,20260726T102553,2026-07-26T10:26:41.694234+00:00
C-2d8f9910,0.6935881682157039,1,20260726T102553,2026-07-26T10:26:41.694234+00:00
C-27a9f807,0.37111113224548775,0,20260726T102553,2026-07-26T10:26:41.694234+00:00
C-ce09999d,0.302999597601214,0,20260726T102553,2026-07-26T10:26:41.694234+00:00
C-4cbc505b,0.736260918019925,1,20260726T102553,2026-07-26T10:26:41.694234+00:00
C-a1afe653,0.6388963096486208,1,20260726T102553,2026-07-26T10:26:41.694234+00:00
C-f9e1f956,0.7252526120305257,1,20260726T102553,2026-07-26T10:26:41.694234+00:00
C-6592d7c7,0.6991274922695958,1,20260726T102553,2026-07-26T10:26:41.694234+00:00
C-5b9b1ad8,0.18371879694014745,0,20260726T102553,2026-07-26T10:26:41.694234+00:00
C-a32c5d2a,0.5282800046150974,1,20260726T102553,2026-07-26T10:26:41.694234+00:00
C-ddc5f006,0.021370555730245485,0,20260726T102553,2026-07-26T10:26:41.694234+00:00
C-cd96bad9,0.08276846203387406,0,20260726T102553,2026-07-26T10:26:41.694234+00:00
C-b2f87844,0.5181270116604064,1,20260726T102553,2026-07-26T10:26:41.694234+00:00
C-dfac8119,0.798467336705638,1,20260726T102553,2026-07-26T10:26:41.694234+00:00
C-3a02cd96,0.6417514567675514,1,20260726T102553,2026-07-26T10:26:41.694234+00:00
C-dfaf7330,0.0919793036217749,0,20260726T102553,2026-07-26T10:26:41.694234+00:00
C-96e7cdd5,0.3388483057129318,0,20260726T102553,2026-07-26T10:26:41.694234+00:00
C-fc3cc778,0.7543468089718972,1,20260726T102553,2026-07-26T10:26:41.694234+00:00
C-7fb9061d,0.10006950957560447,0,20260726T102553,2026-07-26T10:26:41.694234+00:00
C-967c1857,0.8443291496644074,1,20260726T102553,2026-07-26T10:26:41.694234+00:00
C-8d977ce7,0.4221922797471581,0,20260726T102553,2026-07-26T10:26:41.694234+00:00
C-43363261,0.5535340542606016,1,20260726T102553,2026-07-26T10:26:41.694234+00:00
C-60609c32,0.3838215147285443,0,20260726T102553,2026-07-26T10:26:41.694234+00:00
C-f97d5931,0.5228930367956458,1,20260726T102553,2026-07-26T10:26:41.694234+00:00
C-cdc33351,0.11063915028844742,0,20260726T102553,2026-07-26T10:26:41.694234+00:00
C-93328136,0.21944765427686197,0,20260726T102553,2026-07-26T10:26:41.694234+00:00
C-cb213a16,0.03800990687561247,0,20260726T102553,2026-07-26T10:26:41.694234+00:00
C-f59c7c2c,0.8355019636354019,1,20260726T102553,2026-07-26T10:26:41.694234+00:00
C-53f72c7f,0.1609917987281764,0,20260726T102553,2026-07-26T10:26:41.694234+00:00
C-28fab79d,0.5740062733200394,1,20260726T102553,2026-07-26T10:26:41.694234+00:00
C-25372709,0.544903010662912,1,20260726T102553,2026-07-26T10:26:41.694234+00:00
C-299be773,0.3949600072331798,0,20260726T102553,2026-07-26T10:26:41.694234+00:00
C-4c203223,0.39445482025083034,0,20260726T102553,2026-07-26T10:26:41.694234+00:00
C-283d7b16,0.10432931660305057,0,20260726T102553,2026-07-26T10:26:41.694234+00:00
C-d2b88b7d,0.6383906395390908,1,20260726T102553,2026-07-26T10:26:41.694234+00:00
C-fc16a40f,0.443493108798175,0,20260726T102553,2026-07-26T10:26:41.694234+00:00
C-773921b8,0.4527440975166095,0,20260726T102553,2026-07-26T10:26:41.694234+00:00
C-5cc07aa1,0.6852287919250385,1,20260726T102553,2026-07-26T10:26:41.694234+00:00
C-37a578aa,0.3480540342038753,0,20260726T102553,2026-07-26T10:26:41.694234+00:00
C-17aa939e,0.741396935533425,1,20260726T102553,2026-07-26T10:26:41.694234+00:00
C-c4ed918c,0.15407353577188604,0,20260726T102553,2026-07-26T10:26:41.694234+00:00
C-76188909,0.7247416228012132,1,20260726T102553,2026-07-26T10:26:41.694234+00:00
C-ab8be8b0,0.19861015887612238,0,20260726T102553,2026-07-26T10:26:41.694234+00:00
C-a44e0410,0.6025537985227012,1,20260726T102553,2026-07-26T10:26:41.694234+00:00
C-e0967f7a,0.023466380411099275,0,20260726T102553,2026-07-26T10:26:41.694234+00:00
C-dbe3cd79,0.43477960674997107,0,20260726T102553,2026-07-26T10:26:41.694234+00:00
C-96e3078c,0.7845584793201541,1,20260726T102553,2026-07-26T10:26:41.694234+00:00
C-4fdccc1d,0.1239565482706526,0,20260726T102553,2026-07-26T10:26:41.694234+00:00
C-a7a2b263,0.13575532588188943,0,20260726T102553,2026-07-26T10:26:41.694234+00:00
C-15eda4be,0.1815987386765603,0,20260726T102553,2026-07-26T10:26:41.694234+00:00
C-258ba91b,0.5210025815770432,1,20260726T102553,2026-07-26T10:26:41.694234+00:00
C-17376f11,0.3764748055197162,0,20260726T102553,2026-07-26T10:26:41.694234+00:00
C-887b32d5,0.03048753153736206,0,20260726T102553,2026-07-26T10:26:41.694234+00:00
C-2088bcbf,0.4736911201681434,0,20260726T102553,2026-07-26T10:26:41.694234+00:00
C-4ecb3fd6,0.7026598632727746,1,20260726T102553,2026-07-26T10:26:41.694234+00:00
C-a33dc579,0.9060349002991607,1,20260726T102553,2026-07-26T10:26:41.694234+00:00
C-40198ff0,0.13472390981925383,0,20260726T102553,2026-07-26T10:26:41.694234+00:00
C-4bbcee7c,0.02542599785019415,0,20260726T102553,2026-07-26T10:26:41.694234+00:00
C-613f2cf0,0.02168332043895928,0,20260726T102553,2026-07-26T10:26:41.694234+00:00
C-71977ae5,0.5325970773101434,1,20260726T102553,2026-07-26T10:26:41.694234+00:00
C-75ddc21d,0.7020320501167092,1,20260726T102553,2026-07-26T10:26:41.694234+00:00
C-bf3b3ea3,0.7487586235142139,1,20260726T102553,2026-07-26T10:26:41.694234+00:00
C-b1399574,0.5872307422834215,1,20260726T102553,2026-07-26T10:26:41.694234+00:00
C-20e54292,0.020706176875606497,0,20260726T102553,2026-07-26T10:26:41.694234+00:00
C-68567ebe,0.04578055556528763,0,20260726T102553,2026-07-26T10:26:41.694234+00:00
C-4f70ac79,0.29621811557677163,0,20260726T102553,2026-07-26T10:26:41.694234+00:00
C-e7330c93,0.8078518473361119,1,20260726T102553,2026-07-26T10:26:41.694234+00:00
C-8c9c363e,0.4121435491517652,0,20260726T102553,2026-07-26T10:26:41.694234+00:00
C-9992c16f,0.5589898073846065,1,20260726T102553,2026-07-26T10:26:41.694234+00:00
C-9f3cd577,0.8167010983122093,1,20260726T102553,2026-07-26T10:26:41.694234+00:00
C-a35fb2ac,0.6563965918080606,1,20260726T102553,2026-07-26T10:26:41.694234+00:00
C-d57859c1,0.3974643902464477,0,20260726T102553,2026-07-26T10:26:41.694234+00:00
C-a76fad23,0.9459339054705772,1,20260726T102553,2026-07-26T10:26:41.694234+00:00
C-e72bb7fe,0.1833257015105148,0,20260726T102553,2026-07-26T10:26:41.694234+00:00
C-d804f9f0,0.020570059779201236,0,20260726T102553,2026-07-26T10:26:41.694234+00:00
C-c9563be2,0.8444674164094732,1,20260726T102553,2026-07-26T10:26:41.694234+00:00
C-410fa741,0.283398542232218,0,20260726T102553,2026-07-26T10:26:41.694234+00:00
C-489e01a7,0.6034918496783581,1,20260726T102553,2026-07-26T10:26:41.694234+00:00
C-52d3ed09,0.6804123801413884,1,20260726T102553,2026-07-26T10:26:41.694234+00:00
C-e7637eaa,0.8661648271137867,1,20260726T102553,2026-07-26T10:26:41.694234+00:00
C-f91de3c6,0.9355762779392046,1,20260726T102553,2026-07-26T10:26:41.694234+00:00
C-c5f583c5,0.701033443868065,1,20260726T102553,2026-07-26T10:26:41.694234+00:00
C-ed0ffdf4,0.28545733401516904,0,20260726T102553,2026-07-26T10:26:41.694234+00:00
C-c1f95e88,0.7629731472059708,1,20260726T102553,2026-07-26T10:26:41.694234+00:00
C-618ac20f,0.7979197967212474,1,20260726T102553,2026-07-26T10:26:41.694234+00:00
C-da581cb7,0.04861769395585931,0,20260726T102553,2026-07-26T10:26:41.694234+00:00
C-b6b1cfba,0.7723276509788237,1,20260726T102553,2026-07-26T10:26:41.694234+00:00
C-1eba7e29,0.7369994948788029,1,20260726T102553,2026-07-26T10:26:41.694234+00:00
C-8e0db231,0.37467870315511964,0,20260726T102553,2026-07-26T10:26:41.694234+00:00
C-b8d546b2,0.3418675619652886,0,20260726T102553,2026-07-26T10:26:41.694234+00:00
C-f0f74056,0.829999187308408,1,20260726T102553,2026-07-26T10:26:41.694234+00:00
C-8a700e1b,0.6312073402615203,1,20260726T102553,2026-07-26T10:26:41.694234+00:00
C-8be2f9b3,0.372765409236464,0,20260726T102553,2026-07-26T10:26:41.694234+00:00
C-c7bd3ff4,0.6502140434162005,1,20260726T102553,2026-07-26T10:26:41.694234+00:00
C-40f6a82b,0.10679748011079147,0,20260726T102553,2026-07-26T10:26:41.694234+00:00
C-78767128,0.34372173895559943,0,20260726T102553,2026-07-26T10:26:41.694234+00:00
C-44b3ca35,0.02741920621171514,0,20260726T102553,2026-07-26T10:26:41.694234+00:00
C-8418cf1c,0.3846200583314903,0,20260726T102553,2026-07-26T10:26:41.694234+00:00
C-0386e1d0,0.22285737090831578,0,20260726T102553,2026-07-26T10:26:41.694234+00:00
C-31c58823,0.6438657993719153,1,20260726T102553,2026-07-26T10:26:41.694234+00:00
C-d89f7ccd,0.431793600141431,0,20260726T102553,2026-07-26T10:26:41.694234+00:00
C-7a569c1d,0.7625335451106734,1,20260726T102553,2026-07-26T10:26:41.694234+00:00
C-53cd8b56,0.3898186126274743,0,20260726T102553,2026-07-26T10:26:41.694234+00:00
C-249c6301,0.20106520996504768,0,20260726T102553,2026-07-26T10:26:41.694234+00:00
C-962a1e8b,0.28594230838413437,0,20260726T102553,2026-07-26T10:26:41.694234+00:00
C-f466a596,0.8695997920336274,1,20260726T102553,2026-07-26T10:26:41.694234+00:00
C-da9a0a0b,0.08942668614008585,0,20260726T102553,2026-07-26T10:26:41.694234+00:00
C-e8ceb69b,0.7547844943498713,1,20260726T102553,2026-07-26T10:26:41.694234+00:00
C-5f92577d,0.3724157806986768,0,20260726T102553,2026-07-26T10:26:41.694234+00:00
C-79b4a8f5,0.28629469049958145,0,20260726T102553,2026-07-26T10:26:41.694234+00:00
C-cf775ac7,0.8885338692410086,1,20260726T102553,2026-07-26T10:26:41.694234+00:00
C-0d9e5dba,0.566098754368454,1,20260726T102553,2026-07-26T10:26:41.694234+00:00
C-90b19716,0.8338815862790876,1,20260726T102553,2026-07-26T10:26:41.694234+00:00
C-f52635a2,0.6470689112110024,1,20260726T102553,2026-07-26T10:26:41.694234+00:00
C-e555ff5b,0.4009284437427963,0,20260726T102553,2026-07-26T10:26:41.694234+00:00
C-439c40a6,0.020170525612854616,0,20260726T102553,2026-07-26T10:26:41.694234+00:00
C-221a431f,0.7976334135051931,1,20260726T102553,2026-07-26T10:26:41.694234+00:00
C-c0786535,0.8729221085999616,1,20260726T102553,2026-07-26T10:26:41.694234+00:00
C-bf2cde25,0.32233242176177374,0,20260726T102553,2026-07-26T10:26:41.694234+00:00
C-f8577ecc,0.3472971666493961,0,20260726T102553,2026-07-26T10:26:41.694234+00:00
C-8b96089c,0.8485175488806213,1,20260726T102553,2026-07-26T10:26:41.694234+00:00
C-f73bfb5a,0.36285245555442613,0,20260726T102553,2026-07-26T10:26:41.694234+00:00
C-99b68756,0.40676958031935145,0,20260726T102553,2026-07-26T10:26:41.694234+00:00
C-927d2706,0.2520281842913709,0,20260726T102553,2026-07-26T10:26:41.694234+00:00
C-5bb9c812,0.6746300849944564,1,20260726T102553,2026-07-26T10:26:41.694234+00:00
C-4e1288cf,0.2874884028840669,0,20260726T102553,2026-07-26T10:26:41.694234+00:00
C-b0302535,0.37872373075719856,0,20260726T102553,2026-07-26T10:26:41.694234+00:00
C-1282f74e,0.5115675039645324,1,20260726T102553,2026-07-26T10:26:41.694234+00:00
C-c013223c,0.43415255129638713,0,20260726T102553,2026-07-26T10:26:41.694234+00:00
C-3aaacd1e,0.691532318456729,1,20260726T102553,2026-07-26T10:26:41.694234+00:00
C-301de707,0.023063946584248304,0,20260726T102553,2026-07-26T10:26:41.694234+00:00
C-34b08a50,0.30542750206617947,0,20260726T102553,2026-07-26T10:26:41.694234+00:00
C-5805b09d,0.03004740668907518,0,20260726T102553,2026-07-26T10:26:41.694234+00:00
C-1aad2b36,0.4533978387042715,0,20260726T102553,2026-07-26T10:26:41.694234+00:00
C-a1ee1b8d,0.6295020181674427,1,20260726T102553,2026-07-26T10:26:41.694234+00:00
C-d242b293,0.06947104078186075,0,20260726T102553,2026-07-26T10:26:41.694234+00:00
C-22f88bdc,0.3862364815808504,0,20260726T102553,2026-07-26T10:26:41.694234+00:00
C-62222d0c,0.9220675830163627,1,20260726T102553,2026-07-26T10:26:41.694234+00:00
C-134da5eb,0.752256707356089,1,20260726T102553,2026-07-26T10:26:41.694234+00:00
C-a7fff828,0.33008870471651774,0,20260726T102553,2026-07-26T10:26:41.694234+00:00
C-88ef961a,0.08996970875157727,0,20260726T102553,2026-07-26T10:26:41.694234+00:00
C-6f235460,0.44544315520162153,0,20260726T102553,2026-07-26T10:26:41.694234+00:00
C-6b3e5b73,0.6425992667634957,1,20260726T102553,2026-07-26T10:26:41.694234+00:00
C-a29e1b8c,0.6794281681670389,1,20260726T102553,2026-07-26T10:26:41.694234+00:00
C-681e002c,0.4545509927530727,0,20260726T102553,2026-07-26T10:26:41.694234+00:00
C-5bb4b942,0.6976682235257989,1,20260726T102553,2026-07-26T10:26:41.694234+00:00
C-e4c4bc60,0.7452772981981014,1,20260726T102553,2026-07-26T10:26:41.694234+00:00
C-3a8a5e32,0.830871140218105,1,20260726T102553,2026-07-26T10:26:41.694234+00:00
C-4b1b2503,0.18528391825163662,0,20260726T102553,2026-07-26T10:26:41.694234+00:00
C-56c2c939,0.4243260354490812,0,20260726T102553,2026-07-26T10:26:41.694234+00:00
C-86e90206,0.5435667897865899,1,20260726T102553,2026-07-26T10:26:41.694234+00:00
C-b02a1c87,0.15756169884059465,0,20260726T102553,2026-07-26T10:26:41.694234+00:00
C-d4b1c9cd,0.3024388613810427,0,20260726T102553,2026-07-26T10:26:41.694234+00:00
C-5d905afc,0.08156325255501297,0,20260726T102553,2026-07-26T10:26:41.694234+00:00
C-ea00a19d,0.16316045560409653,0,20260726T102553,2026-07-26T10:26:41.694234+00:00
C-24d816b0,0.4479111873072594,0,20260726T102553,2026-07-26T10:26:41.694234+00:00
C-ab8c945c,0.6279250338351173,1,20260726T102553,2026-07-26T10:26:41.694234+00:00
C-9e80466a,0.5976212481784448,1,20260726T102553,2026-07-26T10:26:41.694234+00:00
C-b52b2d9a,0.2729227224027727,0,20260726T102553,2026-07-26T10:26:41.694234+00:00
C-537e7232,0.1437503498055006,0,20260726T102553,2026-07-26T10:26:41.694234+00:00
C-f09b567c,0.743620063488631,1,20260726T102553,2026-07-26T10:26:41.694234+00:00
C-5ab327aa,0.7124265883217231,1,20260726T102553,2026-07-26T10:26:41.694234+00:00
C-a5b38731,0.07380550482989852,0,20260726T102553,2026-07-26T10:26:41.694234+00:00
C-e8bbaa4f,0.6102614366659429,1,20260726T102553,2026-07-26T10:26:41.694234+00:00
C-cb755d8e,0.780453384401585,1,20260726T102553,2026-07-26T10:26:41.694234+00:00
C-759cbb22,0.08040776755008631,0,20260726T102553,2026-07-26T10:26:41.694234+00:00
C-ad460450,0.3040308063280713,0,20260726T102553,2026-07-26T10:26:41.694234+00:00
C-4dc4aee8,0.3615680292600431,0,20260726T102553,2026-07-26T10:26:41.694234+00:00
C-6ae1f8f3,0.34229775647253424,0,20260726T102553,2026-07-26T10:26:41.694234+00:00
C-2a114964,0.07712997758318008,0,20260726T102553,2026-07-26T10:26:41.694234+00:00
C-fd254379,0.7551564128476588,1,20260726T102553,2026-07-26T10:26:41.694234+00:00
C-8dcd2c84,0.20556392828398626,0,20260726T102553,2026-07-26T10:26:41.694234+00:00
C-1b052d42,0.32451862465790327,0,20260726T102553,2026-07-26T10:26:41.694234+00:00
C-af95a16e,0.047451523334789615,0,20260726T102553,2026-07-26T10:26:41.694234+00:00
C-55807207,0.02460989600968428,0,20260726T102553,2026-07-26T10:26:41.694234+00:00
C-c46ecd10,0.37991242998714986,0,20260726T102553,2026-07-26T10:26:41.694234+00:00
C-31ac5714,0.9063269065332126,1,20260726T102553,2026-07-26T10:26:41.694234+00:00
C-a3a6a210,0.18466024808853743,0,20260726T102553,2026-07-26T10:26:41.694234+00:00
C-f4b9431d,0.3138075756381946,0,20260726T102553,2026-07-26T10:26:41.694234+00:00
C-4d7d1cdd,0.4675316082062928,0,20260726T102553,2026-07-26T10:26:41.694234+00:00
C-2eb9f4d1,0.13983224551332069,0,20260726T102553,2026-07-26T10:26:41.694234+00:00
C-25e1cbb8,0.7053102624670045,1,20260726T102553,2026-07-26T10:26:41.694234+00:00
C-772fe7a6,0.34700379084778965,0,20260726T102553,2026-07-26T10:26:41.694234+00:00
C-72003e89,0.09283642483006277,0,20260726T102553,2026-07-26T10:26:41.694234+00:00
C-e4a32aa1,0.7392019466200381,1,20260726T102553,2026-07-26T10:26:41.694234+00:00
C-db23971a,0.3766372561831201,0,20260726T102553,2026-07-26T10:26:41.694234+00:00
C-668b62c9,0.5844517797793735,1,20260726T102553,2026-07-26T10:26:41.694234+00:00
C-040af987,0.7967531195126916,1,20260726T102553,2026-07-26T10:26:41.694234+00:00
C-3757d529,0.07943007114384039,0,20260726T102553,2026-07-26T10:26:41.694234+00:00
C-46fa4b76,0.08921496140002266,0,20260726T102553,2026-07-26T10:26:41.694234+00:00
C-00bf95a5,0.6926257989215291,1,20260726T102553,2026-07-26T10:26:41.694234+00:00
C-ce2971b1,0.2166552397488728,0,20260726T102553,2026-07-26T10:26:41.694234+00:00
C-e0a1eff2,0.4006652023232783,0,20260726T102553,2026-07-26T10:26:41.694234+00:00
C-d7e84d09,0.5837571232998787,1,20260726T102553,2026-07-26T10:26:41.694234+00:00
C-a4aef403,0.4207813033683166,0,20260726T102553,2026-07-26T10:26:41.694234+00:00
C-a8043081,0.7129080268567901,1,20260726T102553,2026-07-26T10:26:41.694234+00:00
C-73c2fca4,0.07787144739842666,0,20260726T102553,2026-07-26T10:26:41.694234+00:00
C-472ddd89,0.456190016375698,0,20260726T102553,2026-07-26T10:26:41.694234+00:00
C-0fee4bda,0.8942995587857843,1,20260726T102553,2026-07-26T10:26:41.694234+00:00
C-010dc95c,0.15288840417522687,0,20260726T102553,2026-07-26T10:26:41.694234+00:00
C-8894d078,0.8663556353199379,1,20260726T102553,2026-07-26T10:26:41.694234+00:00
C-2c4ce746,0.38581182837917993,0,20260726T102553,2026-07-26T10:26:41.694234+00:00
C-15eb394d,0.168103946991997,0,20260726T102553,2026-07-26T10:26:41.694234+00:00
C-33f137ef,0.3490857732548215,0,20260726T102553,2026-07-26T10:26:41.694234+00:00
C-969e904c,0.5183836474636967,1,20260726T102553,2026-07-26T10:26:41.694234+00:00
C-0a4364c7,0.45217081320339186,0,20260726T102553,2026-07-26T10:26:41.694234+00:00
C-9b37c8d0,0.23504620811798213,0,20260726T102553,2026-07-26T10:26:41.694234+00:00
C-5bf938e3,0.24218687527029203,0,20260726T102553,2026-07-26T10:26:41.694234+00:00
C-ddc1c0f8,0.216450531372186,0,20260726T102553,2026-07-26T10:26:41.694234+00:00
C-09a2d1c0,0.844226337945644,1,20260726T102553,2026-07-26T10:26:41.694234+00:00
C-2a0ebabf,0.5763816104634147,1,20260726T102553,2026-07-26T10:26:41.694234+00:00
C-cb87d6c7,0.13475407308683188,0,20260726T102553,2026-07-26T10:26:41.694234+00:00
C-a8e8940d,0.7925945698451088,1,20260726T102553,2026-07-26T10:26:41.694234+00:00
C-40671065,0.6348807017077708,1,20260726T102553,2026-07-26T10:26:41.694234+00:00
C-1d5161c7,0.2044105564218087,0,20260726T102553,2026-07-26T10:26:41.694234+00:00
C-282fe6a1,0.8285818549159462,1,20260726T102553,2026-07-26T10:26:41.694234+00:00
C-327be2bd,0.030341303304609574,0,20260726T102553,2026-07-26T10:26:41.694234+00:00
C-54eb487a,0.2932677916874805,0,20260726T102553,2026-07-26T10:26:41.694234+00:00
C-6af1aa8d,0.47253145430823784,0,20260726T102553,2026-07-26T10:26:41.694234+00:00
C-366dd8ce,0.37450120216903454,0,20260726T102553,2026-07-26T10:26:41.694234+00:00
C-3020c893,0.24768008992084248,0,20260726T102553,2026-07-26T10:26:41.694234+00:00
C-d698071f,0.32006407329833475,0,20260726T102553,2026-07-26T10:26:41.694234+00:00
C-87f5d8f2,0.6030061773076743,1,20260726T102553,2026-07-26T10:26:41.694234+00:00
C-80b84a68,0.18050854977184466,0,20260726T102553,2026-07-26T10:26:41.694234+00:00
C-ee929f0b,0.44432316327657095,0,20260726T102553,2026-07-26T10:26:41.694234+00:00
C-74e2f612,0.7380762005966064,1,20260726T102553,2026-07-26T10:26:41.694234+00:00
C-cb3be861,0.7254076344700539,1,20260726T102553,2026-07-26T10:26:41.694234+00:00
C-35386691,0.2932134915014148,0,20260726T102553,2026-07-26T10:26:41.694234+00:00
C-c88a8777,0.7225149620918593,1,20260726T102553,2026-07-26T10:26:41.694234+00:00
C-6e521941,0.4978387258084478,0,20260726T102553,2026-07-26T10:26:41.694234+00:00
C-5f2d71d9,0.10607973057431447,0,20260726T102553,2026-07-26T10:26:41.694234+00:00
C-3dcb6004,0.026251348243933523,0,20260726T102553,2026-07-26T10:26:41.694234+00:00
C-414083c4,0.035919907403105904,0,20260726T102553,2026-07-26T10:26:41.694234+00:00
C-e94b75de,0.22642724231979985,0,20260726T102553,2026-07-26T10:26:41.694234+00:00
C-c79fd56d,0.3180972810971232,0,20260726T102553,2026-07-26T10:26:41.694234+00:00
C-498f1d31,0.5284953152413876,1,20260726T102553,2026-07-26T10:26:41.694234+00:00
C-7483261f,0.15300135926564604,0,20260726T102553,2026-07-26T10:26:41.694234+00:00
C-0ad3dedd,0.659603921872135,1,20260726T102553,2026-07-26T10:26:41.694234+00:00
C-26fef708,0.5884890939735841,1,20260726T102553,2026-07-26T10:26:41.694234+00:00
C-e0382d1a,0.8437347863293999,1,20260726T102553,2026-07-26T10:26:41.694234+00:00
C-aa129e7f,0.731461696223857,1,20260726T102553,2026-07-26T10:26:41.694234+00:00
C-81465227,0.923856596757473,1,20260726T102553,2026-07-26T10:26:41.694234+00:00
C-320dffe2,0.40801154154073555,0,20260726T102553,2026-07-26T10:26:41.694234+00:00
C-c8c4d183,0.028401046292382857,0,20260726T102553,2026-07-26T10:26:41.694234+00:00
C-3b154aee,0.9184273506499344,1,20260726T102553,2026-07-26T10:26:41.694234+00:00
C-6c525031,0.35938037175036447,0,20260726T102553,2026-07-26T10:26:41.694234+00:00
C-c5450cfd,0.44882664363941693,0,20260726T102553,2026-07-26T10:26:41.694234+00:00
C-4e7b6c48,0.8353214337022912,1,20260726T102553,2026-07-26T10:26:41.694234+00:00
C-fa7f7fb0,0.7849140691582323,1,20260726T102553,2026-07-26T10:26:41.694234+00:00
C-a3f8c656,0.795366067267461,1,20260726T102553,2026-07-26T10:26:41.694234+00:00
C-eab150ac,0.10125658170912416,0,20260726T102553,2026-07-26T10:26:41.694234+00:00
C-24965066,0.0256128662806573,0,20260726T102553,2026-07-26T10:26:41.694234+00:00
C-8a5e8e02,0.6535682068241613,1,20260726T102553,2026-07-26T10:26:41.694234+00:00
C-cdb7f1ac,0.42700957410676205,0,20260726T102553,2026-07-26T10:26:41.694234+00:00
C-15b6f2cc,0.0740995710283941,0,20260726T102553,2026-07-26T10:26:41.694234+00:00
C-f2ac08d8,0.3890617948023622,0,20260726T102553,2026-07-26T10:26:41.694234+00:00
C-da46c7f5,0.12400812369486923,0,20260726T102553,2026-07-26T10:26:41.694234+00:00
C-f2f931e8,0.5697731298503262,1,20260726T102553,2026-07-26T10:26:41.694234+00:00
C-f31005e3,0.5964389355515943,1,20260726T102553,2026-07-26T10:26:41.694234+00:00
C-b19fc288,0.6318074890047919,1,20260726T102553,2026-07-26T10:26:41.694234+00:00
C-da7b8112,0.4962602803973923,0,20260726T102553,2026-07-26T10:26:41.694234+00:00
C-5b1d1640,0.0715445451792785,0,20260726T102553,2026-07-26T10:26:41.694234+00:00
C-a974386d,0.7900776833458896,1,20260726T102553,2026-07-26T10:26:41.694234+00:00
C-d97718ea,0.8367676415284717,1,20260726T102553,2026-07-26T10:26:41.694234+00:00
C-bc9c73b4,0.027836007741682958,0,20260726T102553,2026-07-26T10:26:41.694234+00:00
C-530dce4e,0.1083967434670594,0,20260726T102553,2026-07-26T10:26:41.694234+00:00
C-e25d5096,0.28582835238736326,0,20260726T102553,2026-07-26T10:26:41.694234+00:00
C-6a5426dd,0.09882869937275966,0,20260726T102553,2026-07-26T10:26:41.694234+00:00
C-81fd30ae,0.3025944963382216,0,20260726T102553,2026-07-26T10:26:41.694234+00:00
C-6bf4c308,0.5088347246516414,1,20260726T102553,2026-07-26T10:26:41.694234+00:00
C-ffe6982c,0.057414936779262876,0,20260726T102553,2026-07-26T10:26:41.694234+00:00
C-445b3860,0.08615227167263614,0,20260726T102553,2026-07-26T10:26:41.694234+00:00
C-8143666e,0.18569424073686205,0,20260726T102553,2026-07-26T10:26:41.694234+00:00
C-b68860ed,0.3901268465361725,0,20260726T102553,2026-07-26T10:26:41.694234+00:00
C-05788441,0.13711525721412243,0,20260726T102553,2026-07-26T10:26:41.694234+00:00
C-92391a48,0.09050670466887988,0,20260726T102553,2026-07-26T10:26:41.694234+00:00
C-3d210e46,0.7635322434776411,1,20260726T102553,2026-07-26T10:26:41.694234+00:00
C-b783b8c8,0.6537607877233119,1,20260726T102553,2026-07-26T10:26:41.694234+00:00
C-18c82edc,0.12153144364008489,0,20260726T102553,2026-07-26T10:26:41.694234+00:00
C-d0dd57c2,0.6233846339832017,1,20260726T102553,2026-07-26T10:26:41.694234+00:00
C-55d6ca6e,0.8656381947805456,1,20260726T102553,2026-07-26T10:26:41.694234+00:00
C-682edb3d,0.7992565855390513,1,20260726T102553,2026-07-26T10:26:41.694234+00:00
C-e25c09ae,0.8095354488977943,1,20260726T102553,2026-07-26T10:26:41.694234+00:00
C-6a059a65,0.3843974218758883,0,20260726T102553,2026-07-26T10:26:41.694234+00:00
C-8ccd4f08,0.09411605422656986,0,20260726T102553,2026-07-26T10:26:41.694234+00:00
C-1a214496,0.1306755701483106,0,20260726T102553,2026-07-26T10:26:41.694234+00:00
C-59e4eba7,0.7409079645728096,1,20260726T102553,2026-07-26T10:26:41.694234+00:00
C-6d0dcb67,0.7407106528940036,1,20260726T102553,2026-07-26T10:26:41.694234+00:00
C-dbc3771a,0.6256305410395355,1,20260726T102553,2026-07-26T10:26:41.694234+00:00
C-04f44b1f,0.04836273271629639,0,20260726T102553,2026-07-26T10:26:41.694234+00:00
C-242fd0a9,0.7545459296143825,1,20260726T102553,2026-07-26T10:26:41.694234+00:00
C-54db7948,0.8038733029513021,1,20260726T102553,2026-07-26T10:26:41.694234+00:00
C-f3021894,0.44622495782825333,0,20260726T102553,2026-07-26T10:26:41.694234+00:00
C-fe6102b2,0.5490569929328901,1,20260726T102553,2026-07-26T10:26:41.694234+00:00
C-4fa6cc90,0.25199309188028635,0,20260726T102553,2026-07-26T10:26:41.694234+00:00
C-d3db7bad,0.7508892579339324,1,20260726T102553,2026-07-26T10:26:41.694234+00:00
C-c20a8690,0.6339153569685015,1,20260726T102553,2026-07-26T10:26:41.694234+00:00
C-a7530954,0.023560278885896874,0,20260726T102553,2026-07-26T10:26:41.694234+00:00
C-33f0a275,0.15700908239558156,0,20260726T102553,2026-07-26T10:26:41.694234+00:00
C-fd74a022,0.3913834513021412,0,20260726T102553,2026-07-26T10:26:41.694234+00:00
C-b7a2c975,0.10492215322398198,0,20260726T102553,2026-07-26T10:26:41.694234+00:00
C-0a830fc5,0.5217323907964503,1,20260726T102553,2026-07-26T10:26:41.694234+00:00
C-38716cf2,0.02863093875737248,0,20260726T102553,2026-07-26T10:26:41.694234+00:00
C-614d271f,0.8092131096531644,1,20260726T102553,2026-07-26T10:26:41.694234+00:00
C-44bc1157,0.7630197268654917,1,20260726T102553,2026-07-26T10:26:41.694234+00:00
C-711e4bfb,0.5079493535803893,1,20260726T102553,2026-07-26T10:26:41.694234+00:00
C-468f74b1,0.6248524136570958,1,20260726T102553,2026-07-26T10:26:41.694234+00:00
C-eae96dd6,0.19267815030201055,0,20260726T102553,2026-07-26T10:26:41.694234+00:00
C-48988dbf,0.04568576578356014,0,20260726T102553,2026-07-26T10:26:41.694234+00:00
C-41fff816,0.33105870563171474,0,20260726T102553,2026-07-26T10:26:41.694234+00:00
C-fa089c8b,0.8865976459664087,1,20260726T102553,2026-07-26T10:26:41.694234+00:00
C-1d83c79b,0.022727796281658868,0,20260726T102553,2026-07-26T10:26:41.694234+00:00
C-38e0e480,0.4861271296655614,0,20260726T102553,2026-07-26T10:26:41.694234+00:00
C-d543ffb6,0.9659924939770044,1,20260726T102553,2026-07-26T10:26:41.694234+00:00
C-d61f0f19,0.0282817220793419,0,20260726T102553,2026-07-26T10:26:41.694234+00:00
C-4f49d405,0.8263417569134927,1,20260726T102553,2026-07-26T10:26:41.694234+00:00
C-565a7a7e,0.7831057760273636,1,20260726T102553,2026-07-26T10:26:41.694234+00:00
C-22897e5f,0.12412658298546642,0,20260726T102553,2026-07-26T10:26:41.694234+00:00
C-7e666820,0.9082216918425572,1,20260726T102553,2026-07-26T10:26:41.694234+00:00
C-4c1f14b4,0.7097818592441724,1,20260726T102553,2026-07-26T10:26:41.694234+00:00
C-5a2016d3,0.7344736348473423,1,20260726T102553,2026-07-26T10:26:41.694234+00:00
C-ec4f21f0,0.4566733670833546,0,20260726T102553,2026-07-26T10:26:41.694234+00:00
C-735512f7,0.7756633319183097,1,20260726T102553,2026-07-26T10:26:41.694234+00:00
C-77a71dee,0.08386688463714798,0,20260726T102553,2026-07-26T10:26:41.694234+00:00
C-633600a2,0.033535550520157296,0,20260726T102553,2026-07-26T10:26:41.694234+00:00
C-1e2f768c,0.4329818552409913,0,20260726T102553,2026-07-26T10:26:41.694234+00:00
C-ef1144da,0.08253498156420119,0,20260726T102553,2026-07-26T10:26:41.694234+00:00
C-2a08a967,0.4664945146375635,0,20260726T102553,2026-07-26T10:26:41.694234+00:00
C-bc348168,0.9012793047087486,1,20260726T102553,2026-07-26T10:26:41.694234+00:00
C-9e52ea65,0.2468381162844582,0,20260726T102553,2026-07-26T10:26:41.694234+00:00
C-c1102dce,0.7972686318856238,1,20260726T102553,2026-07-26T10:26:41.694234+00:00
C-a2e87870,0.3667926367945374,0,20260726T102553,2026-07-26T10:26:41.694234+00:00
C-7ea11ddb,0.6439153391565827,1,20260726T102553,2026-07-26T10:26:41.694234+00:00
C-12837b79,0.45955732011004147,0,20260726T102553,2026-07-26T10:26:41.694234+00:00
C-4af66706,0.521636474074747,1,20260726T102553,2026-07-26T10:26:41.694234+00:00
C-b0cb4b4b,0.4059160314171577,0,20260726T102553,2026-07-26T10:26:41.694234+00:00
C-91706317,0.12774875565173013,0,20260726T102553,2026-07-26T10:26:41.694234+00:00
C-d388cc94,0.07887620693104208,0,20260726T102553,2026-07-26T10:26:41.694234+00:00
C-490a9abd,0.13739832325056162,0,20260726T102553,2026-07-26T10:26:41.694234+00:00
C-552460bb,0.11033606118795242,0,20260726T102553,2026-07-26T10:26:41.694234+00:00
C-96904ec3,0.3877642601638774,0,20260726T102553,2026-07-26T10:26:41.694234+00:00
C-76c00f18,0.5812290722036926,1,20260726T102553,2026-07-26T10:26:41.694234+00:00
C-4391785b,0.27833819999533055,0,20260726T102553,2026-07-26T10:26:41.694234+00:00
C-8ca05953,0.8371660152153783,1,20260726T102553,2026-07-26T10:26:41.694234+00:00
C-6252f058,0.12033784639633069,0,20260726T102553,2026-07-26T10:26:41.694234+00:00
C-0cb0035f,0.46614836793297526,0,20260726T102553,2026-07-26T10:26:41.694234+00:00
C-e8563fb2,0.6865386212017931,1,20260726T102553,2026-07-26T10:26:41.694234+00:00
C-0a1cd671,0.02285047373355088,0,20260726T102553,2026-07-26T10:26:41.694234+00:00
C-15bd87a3,0.6437278571079099,1,20260726T102553,2026-07-26T10:26:41.694234+00:00
C-f39f8258,0.11758432912705327,0,20260726T102553,2026-07-26T10:26:41.694234+00:00
C-eae087c8,0.873503622828254,1,20260726T102553,2026-07-26T10:26:41.694234+00:00
C-3b984596,0.42602613291747987,0,20260726T102553,2026-07-26T10:26:41.694234+00:00
C-52a9913d,0.8316596650861443,1,20260726T102553,2026-07-26T10:26:41.694234+00:00
C-4092eed7,0.28622610808161825,0,20260726T102553,2026-07-26T10:26:41.694234+00:00
C-fc1bafa3,0.1619687297820643,0,20260726T102553,2026-07-26T10:26:41.694234+00:00
C-5da8aa5b,0.8498433236339845,1,20260726T102553,2026-07-26T10:26:41.694234+00:00
C-c166596b,0.7914695782330201,1,20260726T102553,2026-07-26T10:26:41.694234+00:00
C-ead99389,0.7412395014244456,1,20260726T102553,2026-07-26T10:26:41.694234+00:00
C-9bcef769,0.2003521475389264,0,20260726T102553,2026-07-26T10:26:41.694234+00:00
C-32051d51,0.5198849256990924,1,20260726T102553,2026-07-26T10:26:41.694234+00:00
C-9cfa91ec,0.7924810654548432,1,20260726T102553,2026-07-26T10:26:41.694234+00:00
C-56e940ef,0.8579851227936746,1,20260726T102553,2026-07-26T10:26:41.694234+00:00
C-a41d4331,0.3945264517554105,0,20260726T102553,2026-07-26T10:26:41.694234+00:00
C-d74371de,0.6735637543542551,1,20260726T102553,2026-07-26T10:26:41.694234+00:00
C-3c07827a,0.8119806384488342,1,20260726T102553,2026-07-26T10:26:41.694234+00:00
C-554ce442,0.5972053596926764,1,20260726T102553,2026-07-26T10:26:41.694234+00:00
C-beb18add,0.8761753522006109,1,20260726T102553,2026-07-26T10:26:41.694234+00:00
C-5ea922f8,0.4528479034450326,0,20260726T102553,2026-07-26T10:26:41.694234+00:00
C-8f381ffa,0.3129426764188476,0,20260726T102553,2026-07-26T10:26:41.694234+00:00
C-613ef43e,0.41919025914318336,0,20260726T102553,2026-07-26T10:26:41.694234+00:00
C-1fadbcf4,0.8144751930992481,1,20260726T102553,2026-07-26T10:26:41.694234+00:00
C-38af6894,0.8807359319077122,1,20260726T102553,2026-07-26T10:26:41.694234+00:00
C-d3ef0fa7,0.2078823710862882,0,20260726T102553,2026-07-26T10:26:41.694234+00:00
C-dff6b802,0.15925021642754436,0,20260726T102553,2026-07-26T10:26:41.694234+00:00
C-6bca7f21,0.7022869443654641,1,20260726T102553,2026-07-26T10:26:41.694234+00:00
C-972124ab,0.18172967214012078,0,20260726T102553,2026-07-26T10:26:41.694234+00:00
C-cc02573f,0.3666318676135253,0,20260726T102553,2026-07-26T10:26:41.694234+00:00
C-0b45a989,0.4746440630260617,0,20260726T102553,2026-07-26T10:26:41.694234+00:00
C-1a8d794b,0.6910441018425413,1,20260726T102553,2026-07-26T10:26:41.694234+00:00
C-c130edaf,0.5241202872606547,1,20260726T102553,2026-07-26T10:26:41.694234+00:00
C-8ace6e8a,0.045714560086441085,0,20260726T102553,2026-07-26T10:26:41.694234+00:00
C-c0160a29,0.7121757027355421,1,20260726T102553,2026-07-26T10:26:41.694234+00:00
C-7aabbaa1,0.17844952578920364,0,20260726T102553,2026-07-26T10:26:41.694234+00:00
C-511ef0d0,0.6456860196050229,1,20260726T102553,2026-07-26T10:26:41.694234+00:00
C-f7a685ca,0.7904447302884775,1,20260726T102553,2026-07-26T10:26:41.694234+00:00
C-23dea931,0.271056249780475,0,20260726T102553,2026-07-26T10:26:41.694234+00:00
C-cf74b205,0.5959934972644222,1,20260726T102553,2026-07-26T10:26:41.694234+00:00
C-3d66699f,0.7104685738926625,1,20260726T102553,2026-07-26T10:26:41.694234+00:00
C-06f97f9e,0.16596871431902802,0,20260726T102553,2026-07-26T10:26:41.694234+00:00
C-9cab7c18,0.08523023927972145,0,20260726T102553,2026-07-26T10:26:41.694234+00:00
C-c57941e8,0.775922658521532,1,20260726T102553,2026-07-26T10:26:41.694234+00:00
C-a21b7e26,0.9083336627749461,1,20260726T102553,2026-07-26T10:26:41.694234+00:00
C-00074fe2,0.16741599177112568,0,20260726T102553,2026-07-26T10:26:41.694234+00:00
C-ed19cc12,0.7938399464108009,1,20260726T102553,2026-07-26T10:26:41.694234+00:00
C-323735dc,0.28489112762209495,0,20260726T102553,2026-07-26T10:26:41.694234+00:00
C-15c99db9,0.15587678067553978,0,20260726T102553,2026-07-26T10:26:41.694234+00:00
C-b33901c7,0.45853648142993564,0,20260726T102553,2026-07-26T10:26:41.694234+00:00
C-171bb913,0.3349092592017199,0,20260726T102553,2026-07-26T10:26:41.694234+00:00
C-8a714c02,0.7058267804772292,1,20260726T102553,2026-07-26T10:26:41.694234+00:00
C-11d43683,0.32821369590249305,0,20260726T102553,2026-07-26T10:26:41.694234+00:00
C-daf5be97,0.41218551078904625,0,20260726T102553,2026-07-26T10:26:41.694234+00:00
C-d97a5a06,0.022084902884185957,0,20260726T102553,2026-07-26T10:26:41.694234+00:00
C-8b2a52a3,0.12883485644351927,0,20260726T102553,2026-07-26T10:26:41.694234+00:00
C-80604c27,0.507556652709593,1,20260726T102553,2026-07-26T10:26:41.694234+00:00
C-c6cafd51,0.8723755116872446,1,20260726T102553,2026-07-26T10:26:41.694234+00:00
C-e6b48938,0.07973147783862622,0,20260726T102553,2026-07-26T10:26:41.694234+00:00
C-9807dbf1,0.7470813692005943,1,20260726T102553,2026-07-26T10:26:41.694234+00:00
C-3ae57afc,0.6181931738829926,1,20260726T102553,2026-07-26T10:26:41.694234+00:00
C-b639c069,0.6906161078918883,1,20260726T102553,2026-07-26T10:26:41.694234+00:00
C-f53c6427,0.44697310730084705,0,20260726T102553,2026-07-26T10:26:41.694234+00:00
C-c7a7b20f,0.3390558973361341,0,20260726T102553,2026-07-26T10:26:41.694234+00:00
C-4b880057,0.4403487850140288,0,20260726T102553,2026-07-26T10:26:41.694234+00:00
C-40079573,0.7506642230376647,1,20260726T102553,2026-07-26T10:26:41.694234+00:00
C-401f5a61,0.3721135703484245,0,20260726T102553,2026-07-26T10:26:41.694234+00:00
C-d67ed43c,0.7018997790471272,1,20260726T102553,2026-07-26T10:26:41.694234+00:00
C-421790dc,0.04177162983417667,0,20260726T102553,2026-07-26T10:26:41.694234+00:00
C-08194b67,0.19634036002229863,0,20260726T102553,2026-07-26T10:26:41.694234+00:00
C-1d5c1935,0.09369534359921411,0,20260726T102553,2026-07-26T10:26:41.694234+00:00
C-4144a272,0.7020284414887267,1,20260726T102553,2026-07-26T10:26:41.694234+00:00
C-94ce64b3,0.6955802272384858,1,20260726T102553,2026-07-26T10:26:41.694234+00:00
C-6130049f,0.7140741975760555,1,20260726T102553,2026-07-26T10:26:41.694234+00:00
C-c6da60d6,0.6102313745419004,1,20260726T102553,2026-07-26T10:26:41.694234+00:00
C-8f292850,0.31789705321947825,0,20260726T102553,2026-07-26T10:26:41.694234+00:00
C-d4ac24dc,0.07767613410761104,0,20260726T102553,2026-07-26T10:26:41.694234+00:00
C-9a70cd73,0.6833978718816762,1,20260726T102553,2026-07-26T10:26:41.694234+00:00
C-8f532c84,0.7738070964493916,1,20260726T102553,2026-07-26T10:26:41.694234+00:00
C-fdae1db8,0.33054983015258493,0,20260726T102553,2026-07-26T10:26:41.694234+00:00
C-faa16125,0.02410776810869853,0,20260726T102553,2026-07-26T10:26:41.694234+00:00
C-87708778,0.7074656561483299,1,20260726T102553,2026-07-26T10:26:41.694234+00:00
C-df4db328,0.9357195741058999,1,20260726T102553,2026-07-26T10:26:41.694234+00:00
C-b412bcfa,0.205106643635341,0,20260726T102553,2026-07-26T10:26:41.694234+00:00
C-b0d61399,0.31865004638032546,0,20260726T102553,2026-07-26T10:26:41.694234+00:00
C-a52f664a,0.3413661862099009,0,20260726T102553,2026-07-26T10:26:41.694234+00:00
C-d96aaf48,0.2886343166242517,0,20260726T102553,2026-07-26T10:26:41.694234+00:00
C-065247e3,0.09185382502319062,0,20260726T102553,2026-07-26T10:26:41.694234+00:00
C-85df4b5b,0.3851877974297025,0,20260726T102553,2026-07-26T10:26:41.694234+00:00
C-b51ee34f,0.6624873156885893,1,20260726T102553,2026-07-26T10:26:41.694234+00:00
C-3cf4b5df,0.08566135327266626,0,20260726T102553,2026-07-26T10:26:41.694234+00:00
C-a65de9e0,0.2827113096940337,0,20260726T102553,2026-07-26T10:26:41.694234+00:00
C-baf8e0b4,0.49940559884923563,0,20260726T102553,2026-07-26T10:26:41.694234+00:00
C-e3a36464,0.5991945601798305,1,20260726T102553,2026-07-26T10:26:41.694234+00:00
C-21e42dcf,0.3448149603728281,0,20260726T102553,2026-07-26T10:26:41.694234+00:00
C-059a1c01,0.4504622692438796,0,20260726T102553,2026-07-26T10:26:41.694234+00:00
C-8617fa79,0.6996207767620372,1,20260726T102553,2026-07-26T10:26:41.694234+00:00
C-cbdd296b,0.1583599154453118,0,20260726T102553,2026-07-26T10:26:41.694234+00:00
C-3ab3f1f8,0.6047661616109584,1,20260726T102553,2026-07-26T10:26:41.694234+00:00
C-8d0504b3,0.7653107415737501,1,20260726T102553,2026-07-26T10:26:41.694234+00:00
C-ddcd6ac0,0.03186599325724972,0,20260726T102553,2026-07-26T10:26:41.694234+00:00
C-89375f8e,0.8726287960859296,1,20260726T102553,2026-07-26T10:26:41.694234+00:00
C-c9ca5f8a,0.6195343834004253,1,20260726T102553,2026-07-26T10:26:41.694234+00:00
C-f970d345,0.8789917354976906,1,20260726T102553,2026-07-26T10:26:41.694234+00:00
C-cd4ddeb5,0.6040629922732551,1,20260726T102553,2026-07-26T10:26:41.694234+00:00
C-010dc49f,0.888547468716066,1,20260726T102553,2026-07-26T10:26:41.694234+00:00
C-a8a0ead2,0.28391732607590064,0,20260726T102553,2026-07-26T10:26:41.694234+00:00
C-1fadbcda,0.2912793773869619,0,20260726T102553,2026-07-26T10:26:41.694234+00:00
C-63fc3abe,0.28272470614952855,0,20260726T102553,2026-07-26T10:26:41.694234+00:00
C-4478439d,0.334994501612086,0,20260726T102553,2026-07-26T10:26:41.694234+00:00
C-63f016c8,0.12459333505992434,0,20260726T102553,2026-07-26T10:26:41.694234+00:00
C-ac6ec600,0.3142365694790098,0,20260726T102553,2026-07-26T10:26:41.694234+00:00
C-05ceb7b7,0.6445547728606895,1,20260726T102553,2026-07-26T10:26:41.694234+00:00
C-1ed739f3,0.11281508845238161,0,20260726T102553,2026-07-26T10:26:41.694234+00:00
C-29e82ca7,0.9439202239922937,1,20260726T102553,2026-07-26T10:26:41.694234+00:00
C-124dd07e,0.9694009035681065,1,20260726T102553,2026-07-26T10:26:41.694234+00:00
C-156739d4,0.3667841973781533,0,20260726T102553,2026-07-26T10:26:41.694234+00:00
C-59272b6f,0.1465289744847634,0,20260726T102553,2026-07-26T10:26:41.694234+00:00
C-bc202a72,0.043093229299898964,0,20260726T102553,2026-07-26T10:26:41.694234+00:00
C-4e14b4b1,0.6021336279762733,1,20260726T102553,2026-07-26T10:26:41.694234+00:00
C-c42ca9a3,0.11930080679753727,0,20260726T102553,2026-07-26T10:26:41.694234+00:00
C-bffec24f,0.1545600894530419,0,20260726T102553,2026-07-26T10:26:41.694234+00:00
C-853f9675,0.8099099958335598,1,20260726T102553,2026-07-26T10:26:41.694234+00:00
C-b2331741,0.340291331816344,0,20260726T102553,2026-07-26T10:26:41.694234+00:00
C-91feb377,0.519212710600413,1,20260726T102553,2026-07-26T10:26:41.694234+00:00
C-5df3453c,0.32811647240858244,0,20260726T102553,2026-07-26T10:26:41.694234+00:00
C-a608554b,0.38592970529387927,0,20260726T102553,2026-07-26T10:26:41.694234+00:00
C-8b6ff0b3,0.6471996855254605,1,20260726T102553,2026-07-26T10:26:41.694234+00:00
C-5f8728c9,0.0969254362824957,0,20260726T102553,2026-07-26T10:26:41.694234+00:00
C-7740c692,0.2652685307046786,0,20260726T102553,2026-07-26T10:26:41.694234+00:00
C-f3572281,0.6938609072349101,1,20260726T102553,2026-07-26T10:26:41.694234+00:00
C-29748c9a,0.6677736529874682,1,20260726T102553,2026-07-26T10:26:41.694234+00:00
C-f3f04e09,0.2690666290232765,0,20260726T102553,2026-07-26T10:26:41.694234+00:00
C-607ead66,0.39485184077278623,0,20260726T102553,2026-07-26T10:26:41.694234+00:00
C-4c8c2c09,0.048297633948879024,0,20260726T102553,2026-07-26T10:26:41.694234+00:00
C-95ece017,0.40217991129720687,0,20260726T102553,2026-07-26T10:26:41.694234+00:00
C-9d350c87,0.7614421960916874,1,20260726T102553,2026-07-26T10:26:41.694234+00:00
C-dd45588c,0.16270644784137198,0,20260726T102553,2026-07-26T10:26:41.694234+00:00
C-7aecdbce,0.3997763340344905,0,20260726T102553,2026-07-26T10:26:41.694234+00:00
C-aadda276,0.754377079461737,1,20260726T102553,2026-07-26T10:26:41.694234+00:00
C-f2b0ccc7,0.45358336898874707,0,20260726T102553,2026-07-26T10:26:41.694234+00:00
C-e949ba2d,0.5872706268998635,1,20260726T102553,2026-07-26T10:26:41.694234+00:00
C-b6c31600,0.6465746228253405,1,20260726T102553,2026-07-26T10:26:41.694234+00:00
C-9ad16720,0.9112215975868082,1,20260726T102553,2026-07-26T10:26:41.694234+00:00
C-8c4b56fb,0.6357138531892235,1,20260726T102553,2026-07-26T10:26:41.694234+00:00
C-5e1e66eb,0.11836636933540172,0,20260726T102553,2026-07-26T10:26:41.694234+00:00
C-4e5aee3a,0.31415702504316223,0,20260726T102553,2026-07-26T10:26:41.694234+00:00
C-c332e65e,0.7776401918054622,1,20260726T102553,2026-07-26T10:26:41.694234+00:00
C-bfae07ec,0.9184230876401764,1,20260726T102553,2026-07-26T10:26:41.694234+00:00
C-66804b09,0.4769528213487325,0,20260726T102553,2026-07-26T10:26:41.694234+00:00
C-d8ecf2c1,0.5416322304098877,1,20260726T102553,2026-07-26T10:26:41.694234+00:00
C-75aff5b9,0.1308755545304619,0,20260726T102553,2026-07-26T10:26:41.694234+00:00
C-111780dc,0.3149752545108535,0,20260726T102553,2026-07-26T10:26:41.694234+00:00
C-4618228b,0.10938976248827341,0,20260726T102553,2026-07-26T10:26:41.694234+00:00
C-641b396b,0.7172817066055005,1,20260726T102553,2026-07-26T10:26:41.694234+00:00
C-40666328,0.26815460181385264,0,20260726T102553,2026-07-26T10:26:41.694234+00:00
C-8b67d16e,0.6568127708955782,1,20260726T102553,2026-07-26T10:26:41.694234+00:00
C-598a447a,0.39859404749149363,0,20260726T102553,2026-07-26T10:26:41.694234+00:00
C-1f7ca0ee,0.02693368680578457,0,20260726T102553,2026-07-26T10:26:41.694234+00:00
C-93bc41ad,0.45269237140725493,0,20260726T102553,2026-07-26T10:26:41.694234+00:00
C-cd3242b9,0.7303716001146792,1,20260726T102553,2026-07-26T10:26:41.694234+00:00
C-9adf716a,0.0547057107387493,0,20260726T102553,2026-07-26T10:26:41.694234+00:00
C-d2d7a48c,0.34652989017970787,0,20260726T102553,2026-07-26T10:26:41.694234+00:00
C-4e64efd9,0.03868009388141277,0,20260726T102553,2026-07-26T10:26:41.694234+00:00
C-23f6c492,0.7894438581467964,1,20260726T102553,2026-07-26T10:26:41.694234+00:00
C-11a6839e,0.5234757602540054,1,20260726T102553,2026-07-26T10:26:41.694234+00:00
C-9f5beb9c,0.09936257543116694,0,20260726T102553,2026-07-26T10:26:41.694234+00:00
C-4541558c,0.43305161506071377,0,20260726T102553,2026-07-26T10:26:41.694234+00:00
C-de386b52,0.16309490126107526,0,20260726T102553,2026-07-26T10:26:41.694234+00:00
C-90cb01b8,0.7995839369219566,1,20260726T102553,2026-07-26T10:26:41.694234+00:00
C-02bbbbc2,0.42393799541486665,0,20260726T102553,2026-07-26T10:26:41.694234+00:00
C-ac347884,0.05595834688298024,0,20260726T102553,2026-07-26T10:26:41.694234+00:00
C-5fc15b1f,0.33850675434929334,0,20260726T102553,2026-07-26T10:26:41.694234+00:00
C-9e560f14,0.3193698815790043,0,20260726T102553,2026-07-26T10:26:41.694234+00:00
C-84560e2c,0.11255286815123601,0,20260726T102553,2026-07-26T10:26:41.694234+00:00
C-2ca48a59,0.07862418411729058,0,20260726T102553,2026-07-26T10:26:41.694234+00:00
C-1056077a,0.2836341413583193,0,20260726T102553,2026-07-26T10:26:41.694234+00:00
C-cbae55a3,0.759661992412711,1,20260726T102553,2026-07-26T10:26:41.694234+00:00
C-c641f6f2,0.6860896950528365,1,20260726T102553,2026-07-26T10:26:41.694234+00:00
C-fc8dac77,0.020360702557306428,0,20260726T102553,2026-07-26T10:26:41.694234+00:00
C-9e8387b4,0.7688903686461996,1,20260726T102553,2026-07-26T10:26:41.694234+00:00
C-c6ca21a8,0.8261245593520993,1,20260726T102553,2026-07-26T10:26:41.694234+00:00
C-334e22d1,0.7132434875166171,1,20260726T102553,2026-07-26T10:26:41.694234+00:00
C-914a3002,0.5424512392913834,1,20260726T102553,2026-07-26T10:26:41.694234+00:00
C-b5e88d25,0.5101607236977612,1,20260726T102553,2026-07-26T10:26:41.694234+00:00
C-7898dbaa,0.5224309672391025,1,20260726T102553,2026-07-26T10:26:41.694234+00:00
C-65c065cc,0.10821768521686267,0,20260726T102553,2026-07-26T10:26:41.694234+00:00
C-dc56faca,0.6941812859902436,1,20260726T102553,2026-07-26T10:26:41.694234+00:00
C-25d925e9,0.38880041439868074,0,20260726T102553,2026-07-26T10:26:41.694234+00:00
C-4b68e8bb,0.30381446485913965,0,20260726T102553,2026-07-26T10:26:41.694234+00:00
C-7e730a4e,0.4320696739598767,0,20260726T102553,2026-07-26T10:26:41.694234+00:00
C-1ab344fe,0.8991600780532162,1,20260726T102553,2026-07-26T10:26:41.694234+00:00
C-6f49dc2f,0.30942933643843296,0,20260726T102553,2026-07-26T10:26:41.694234+00:00
C-5c6296cd,0.33793888333691713,0,20260726T102553,2026-07-26T10:26:41.694234+00:00
C-55766dfd,0.8973100613648156,1,20260726T102553,2026-07-26T10:26:41.694234+00:00
C-794f66e5,0.5485000196995812,1,20260726T102553,2026-07-26T10:26:41.694234+00:00
C-88bf9bcb,0.6556237856648122,1,20260726T102553,2026-07-26T10:26:41.694234+00:00
C-a4f1a1ad,0.3774296901189199,0,20260726T102553,2026-07-26T10:26:41.694234+00:00
C-11dbc13a,0.7967076649661788,1,20260726T102553,2026-07-26T10:26:41.694234+00:00
C-5667bbb0,0.42506903953109587,0,20260726T102553,2026-07-26T10:26:41.694234+00:00
C-f1742f1a,0.8145417371899479,1,20260726T102553,2026-07-26T10:26:41.694234+00:00
C-fb445175,0.11146800712280185,0,20260726T102553,2026-07-26T10:26:41.694234+00:00
C-aa8579d4,0.15074925354092286,0,20260726T102553,2026-07-26T10:26:41.694234+00:00
C-0db9a001,0.16634287233864306,0,20260726T102553,2026-07-26T10:26:41.694234+00:00
C-7ffe31d5,0.7673489599907982,1,20260726T102553,2026-07-26T10:26:41.694234+00:00
C-e5f401a3,0.09286133101259408,0,20260726T102553,2026-07-26T10:26:41.694234+00:00
C-c1c35cb2,0.3244116798397572,0,20260726T102553,2026-07-26T10:26:41.694234+00:00
C-22060900,0.3343560987296514,0,20260726T102553,2026-07-26T10:26:41.694234+00:00
C-ff19997f,0.5952892407357948,1,20260726T102553,2026-07-26T10:26:41.694234+00:00
C-3bfe817d,0.8610783751322271,1,20260726T102553,2026-07-26T10:26:41.694234+00:00
C-dddb451b,0.10607692833052883,0,20260726T102553,2026-07-26T10:26:41.694234+00:00
C-8f453bdf,0.7946533003263303,1,20260726T102553,2026-07-26T10:26:41.694234+00:00
C-766d81ee,0.873517321768313,1,20260726T102553,2026-07-26T10:26:41.694234+00:00
C-c794185f,0.05592057023688818,0,20260726T102553,2026-07-26T10:26:41.694234+00:00
C-79aca16d,0.5514987052493067,1,20260726T102553,2026-07-26T10:26:41.694234+00:00
C-3260342b,0.7405848275506538,1,20260726T102553,2026-07-26T10:26:41.694234+00:00
C-493d5473,0.03590900533829793,0,20260726T102553,2026-07-26T10:26:41.694234+00:00
C-b7a72bb6,0.10060924734902238,0,20260726T102553,2026-07-26T10:26:41.694234+00:00
C-51db55b5,0.07596430001627674,0,20260726T102553,2026-07-26T10:26:41.694234+00:00
C-2961e577,0.14150565342601382,0,20260726T102553,2026-07-26T10:26:41.694234+00:00
C-a780a062,0.04759544189134886,0,20260726T102553,2026-07-26T10:26:41.694234+00:00
C-1705024f,0.4400715691027945,0,20260726T102553,2026-07-26T10:26:41.694234+00:00
C-d47f8567,0.7456019371416593,1,20260726T102553,2026-07-26T10:26:41.694234+00:00
C-9259b4d4,0.8749914482457065,1,20260726T102553,2026-07-26T10:26:41.694234+00:00
C-52e5f515,0.4588242998685262,0,20260726T102553,2026-07-26T10:26:41.694234+00:00
C-c1adf508,0.5359844178400414,1,20260726T102553,2026-07-26T10:26:41.694234+00:00
C-10b52049,0.5759446198202609,1,20260726T102553,2026-07-26T10:26:41.694234+00:00
C-6cb2ae8a,0.8129447178000848,1,20260726T102553,2026-07-26T10:26:41.694234+00:00
C-e844c453,0.15660021814957048,0,20260726T102553,2026-07-26T10:26:41.694234+00:00
C-d2c54c34,0.4124285405621975,0,20260726T102553,2026-07-26T10:26:41.694234+00:00
C-cc085a5f,0.7759661222376099,1,20260726T102553,2026-07-26T10:26:41.694234+00:00
C-a9818c46,0.8060811269775261,1,20260726T102553,2026-07-26T10:26:41.694234+00:00
C-8a893160,0.34077393761320557,0,20260726T102553,2026-07-26T10:26:41.694234+00:00
C-557d5642,0.5070064942987832,1,20260726T102553,2026-07-26T10:26:41.694234+00:00
C-eeb110c6,0.7952036203453936,1,20260726T102553,2026-07-26T10:26:41.694234+00:00
C-23e6e673,0.8590132823900398,1,20260726T102553,2026-07-26T10:26:41.694234+00:00
C-315692b1,0.5123386921766504,1,20260726T102553,2026-07-26T10:26:41.694234+00:00
C-825f8797,0.7723271660137562,1,20260726T102553,2026-07-26T10:26:41.694234+00:00
C-d595e8b1,0.09967889225487854,0,20260726T102553,2026-07-26T10:26:41.694234+00:00
C-0e355582,0.46625860777013595,0,20260726T102553,2026-07-26T10:26:41.694234+00:00
C-b13d66ff,0.03190427584014169,0,20260726T102553,2026-07-26T10:26:41.694234+00:00
C-93b9bcc1,0.30462500163803397,0,20260726T102553,2026-07-26T10:26:41.694234+00:00
C-5a9706fc,0.32564724850867455,0,20260726T102553,2026-07-26T10:26:41.694234+00:00
C-137ef661,0.4528414785208263,0,20260726T102553,2026-07-26T10:26:41.694234+00:00
C-4537e4c8,0.2766802504587679,0,20260726T102553,2026-07-26T10:26:41.694234+00:00
C-8eb31934,0.45409246411255555,0,20260726T102553,2026-07-26T10:26:41.694234+00:00
C-2b36cc20,0.3556273036864325,0,20260726T102553,2026-07-26T10:26:41.694234+00:00
C-b8e70ca2,0.7510974297415358,1,20260726T102553,2026-07-26T10:26:41.694234+00:00
C-01725e8d,0.05479205635390727,0,20260726T102553,2026-07-26T10:26:41.694234+00:00
C-c89e1d6b,0.7023176889804941,1,20260726T102553,2026-07-26T10:26:41.694234+00:00
C-ad27668e,0.8070301332925431,1,20260726T102553,2026-07-26T10:26:41.694234+00:00
C-6b524429,0.8554357063595869,1,20260726T102553,2026-07-26T10:26:41.694234+00:00
C-d42448e5,0.0960360896801284,0,20260726T102553,2026-07-26T10:26:41.694234+00:00
C-9612a518,0.5254867252666504,1,20260726T102553,2026-07-26T10:26:41.694234+00:00
C-6c35dea6,0.15699542774863628,0,20260726T102553,2026-07-26T10:26:41.694234+00:00
C-2daa2648,0.7922221341552015,1,20260726T102553,2026-07-26T10:26:41.694234+00:00
C-8d30ae46,0.1355588088003174,0,20260726T102553,2026-07-26T10:26:41.694234+00:00
C-1572d0f9,0.7048162484375554,1,20260726T102553,2026-07-26T10:26:41.694234+00:00
C-7eac19b4,0.06233748997781454,0,20260726T102553,2026-07-26T10:26:41.694234+00:00
C-e2c93691,0.042600714887387085,0,20260726T102553,2026-07-26T10:26:41.694234+00:00
C-133cd55e,0.04903219184092883,0,20260726T102553,2026-07-26T10:26:41.694234+00:00
C-0127a56b,0.2729211049623779,0,20260726T102553,2026-07-26T10:26:41.694234+00:00
C-8582f213,0.4189195418026373,0,20260726T102553,2026-07-26T10:26:41.694234+00:00
C-3dee9227,0.06960867671684963,0,20260726T102553,2026-07-26T10:26:41.694234+00:00
C-f0e4c6c1,0.6541313100386923,1,20260726T102553,2026-07-26T10:26:41.694234+00:00
C-f4c8d07e,0.5403099146926621,1,20260726T102553,2026-07-26T10:26:41.694234+00:00
C-fc3590b3,0.6822147373913842,1,20260726T102553,2026-07-26T10:26:41.694234+00:00
C-8dacf70d,0.8263493653190068,1,20260726T102553,2026-07-26T10:26:41.694234+00:00
C-d438d943,0.06902825938825052,0,20260726T102553,2026-07-26T10:26:41.694234+00:00
C-f5e224d5,0.09663686696223239,0,20260726T102553,2026-07-26T10:26:41.694234+00:00
C-d833ee68,0.08592563132587314,0,20260726T102553,2026-07-26T10:26:41.694234+00:00
C-8464e072,0.9012474697267473,1,20260726T102553,2026-07-26T10:26:41.694234+00:00
C-68fe44e1,0.8626902098359731,1,20260726T102553,2026-07-26T10:26:41.694234+00:00
C-1a7a7b89,0.08803217768655472,0,20260726T102553,2026-07-26T10:26:41.694234+00:00
C-bf44eca1,0.4526169002175684,0,20260726T102553,2026-07-26T10:26:41.694234+00:00
C-6435c8b7,0.02197402333590833,0,20260726T102553,2026-07-26T10:26:41.694234+00:00
C-e3ffd287,0.3481321495668814,0,20260726T102553,2026-07-26T10:26:41.694234+00:00
C-57dc5694,0.8443863111747747,1,20260726T102553,2026-07-26T10:26:41.694234+00:00
C-4a8bc336,0.518108459293079,1,20260726T102553,2026-07-26T10:26:41.694234+00:00
C-19733c04,0.39354759179054355,0,20260726T102553,2026-07-26T10:26:41.694234+00:00
C-56ddce58,0.25907903712117714,0,20260726T102553,2026-07-26T10:26:41.694234+00:00
C-ae414415,0.03741828336164493,0,20260726T102553,2026-07-26T10:26:41.694234+00:00
C-2ab4be25,0.8493545613778901,1,20260726T102553,2026-07-26T10:26:41.694234+00:00
C-65c7f234,0.035278528447419154,0,20260726T102553,2026-07-26T10:26:41.694234+00:00
C-239854be,0.3402388836928022,0,20260726T102553,2026-07-26T10:26:41.694234+00:00
C-d739a8f0,0.918222574968061,1,20260726T102553,2026-07-26T10:26:41.694234+00:00
C-e9dc9e87,0.7131242378107844,1,20260726T102553,2026-07-26T10:26:41.694234+00:00
C-87668fb1,0.020407073407989137,0,20260726T102553,2026-07-26T10:26:41.694234+00:00
C-f8eedd3a,0.3761308591351688,0,20260726T102553,2026-07-26T10:26:41.694234+00:00
C-5317fcd7,0.33809492919174366,0,20260726T102553,2026-07-26T10:26:41.694234+00:00
C-35ed8dac,0.08380698223526913,0,20260726T102553,2026-07-26T10:26:41.694234+00:00
C-a342bd36,0.7975418654946987,1,20260726T102553,2026-07-26T10:26:41.694234+00:00
C-69846cdc,0.9195896496158088,1,20260726T102553,2026-07-26T10:26:41.694234+00:00
C-0d710cf7,0.8649624720469983,1,20260726T102553,2026-07-26T10:26:41.694234+00:00
C-b3ff4ab4,0.3648136830667434,0,20260726T102553,2026-07-26T10:26:41.694234+00:00
C-c7799762,0.1122476506662195,0,20260726T102553,2026-07-26T10:26:41.694234+00:00
C-904e1c9f,0.4597908181675966,0,20260726T102553,2026-07-26T10:26:41.694234+00:00
C-8e0bde30,0.3411161882534624,0,20260726T102553,2026-07-26T10:26:41.694234+00:00
C-e24ef69c,0.8643840938861939,1,20260726T102553,2026-07-26T10:26:41.694234+00:00
C-07c41256,0.6958883410698804,1,20260726T102553,2026-07-26T10:26:41.694234+00:00
C-233ad19d,0.495528214568672,0,20260726T102553,2026-07-26T10:26:41.694234+00:00
C-5d3e13e7,0.6892164571559835,1,20260726T102553,2026-07-26T10:26:41.694234+00:00
C-b6d21d71,0.069205058891887,0,20260726T102553,2026-07-26T10:26:41.694234+00:00
C-bb05425b,0.4692307411729468,0,20260726T102553,2026-07-26T10:26:41.694234+00:00
C-fedb93df,0.40796317649809244,0,20260726T102553,2026-07-26T10:26:41.694234+00:00
C-76230956,0.026397116060249075,0,20260726T102553,2026-07-26T10:26:41.694234+00:00
C-ee214fd1,0.3298217312105661,0,20260726T102553,2026-07-26T10:26:41.694234+00:00
C-35cc115c,0.49308900347033696,0,20260726T102553,2026-07-26T10:26:41.694234+00:00
C-28624883,0.2896126571548248,0,20260726T102553,2026-07-26T10:26:41.694234+00:00
C-57d1654d,0.570438178083111,1,20260726T102553,2026-07-26T10:26:41.694234+00:00
C-f5767b68,0.8698808963734859,1,20260726T102553,2026-07-26T10:26:41.694234+00:00
C-e008486f,0.6510267171520693,1,20260726T102553,2026-07-26T10:26:41.694234+00:00
C-3f13f8dc,0.4027526419168483,0,20260726T102553,2026-07-26T10:26:41.694234+00:00
C-1e794487,0.07069054668540371,0,20260726T102553,2026-07-26T10:26:41.694234+00:00
C-e3a2a121,0.11254728563580493,0,20260726T102553,2026-07-26T10:26:41.694234+00:00
C-b2cfe30a,0.904422418307774,1,20260726T102553,2026-07-26T10:26:41.694234+00:00
C-08b9a60a,0.5133315003556548,1,20260726T102553,2026-07-26T10:26:41.694234+00:00
C-8c500395,0.4802070263222837,0,20260726T102553,2026-07-26T10:26:41.694234+00:00
C-2f684a67,0.7482078258978883,1,20260726T102553,2026-07-26T10:26:41.694234+00:00
C-4ab6d2e2,0.7424927636738605,1,20260726T102553,2026-07-26T10:26:41.694234+00:00
C-b7544480,0.10899325989423925,0,20260726T102553,2026-07-26T10:26:41.694234+00:00
C-b5823ed7,0.042247771365615305,0,20260726T102553,2026-07-26T10:26:41.694234+00:00
C-7100265a,0.8123979542354134,1,20260726T102553,2026-07-26T10:26:41.694234+00:00
C-bfa3cc03,0.450877266556694,0,20260726T102553,2026-07-26T10:26:41.694234+00:00
C-3414dab0,0.031848363750573164,0,20260726T102553,2026-07-26T10:26:41.694234+00:00
C-ed8c3eee,0.1887157491986757,0,20260726T102553,2026-07-26T10:26:41.694234+00:00
C-4a15944c,0.45554430232478665,0,20260726T102553,2026-07-26T10:26:41.694234+00:00
C-af482989,0.4058440148964163,0,20260726T102553,2026-07-26T10:26:41.694234+00:00
C-a457af74,0.49173260627193605,0,20260726T102553,2026-07-26T10:26:41.694234+00:00
C-c20f0f0c,0.525975965490181,1,20260726T102553,2026-07-26T10:26:41.694234+00:00
C-97ea165d,0.46833114735442405,0,20260726T102553,2026-07-26T10:26:41.694234+00:00
C-1e62e8c5,0.09990208024403573,0,20260726T102553,2026-07-26T10:26:41.694234+00:00
C-c300f4bd,0.1393983423475096,0,20260726T102553,2026-07-26T10:26:41.694234+00:00
C-ebde053f,0.08654802041687366,0,20260726T102553,2026-07-26T10:26:41.694234+00:00
C-d610a960,0.7693305961890834,1,20260726T102553,2026-07-26T10:26:41.694234+00:00
C-3fb61615,0.7001312772441273,1,20260726T102553,2026-07-26T10:26:41.694234+00:00
C-804319e2,0.8923622209482738,1,20260726T102553,2026-07-26T10:26:41.694234+00:00
C-2be1552d,0.6892752831602541,1,20260726T102553,2026-07-26T10:26:41.694234+00:00
C-1aa5d5e2,0.1313018151040972,0,20260726T102553,2026-07-26T10:26:41.694234+00:00
C-0450d972,0.845605665350165,1,20260726T102553,2026-07-26T10:26:41.694234+00:00
C-fcdfbf82,0.6533690178453206,1,20260726T102553,2026-07-26T10:26:41.694234+00:00
C-2140031b,0.3655155942848154,0,20260726T102553,2026-07-26T10:26:41.694234+00:00
C-1ef7e02f,0.32455265887003315,0,20260726T102553,2026-07-26T10:26:41.694234+00:00
C-cc48d57b,0.32440893411694216,0,20260726T102553,2026-07-26T10:26:41.694234+00:00
C-582f3b7c,0.5404777891544992,1,20260726T102553,2026-07-26T10:26:41.694234+00:00
C-3c5fd5d7,0.45701035631804243,0,20260726T102553,2026-07-26T10:26:41.694234+00:00
C-e7d05966,0.5432429381081215,1,20260726T102553,2026-07-26T10:26:41.694234+00:00
C-9cd42c0b,0.3964696613806876,0,20260726T102553,2026-07-26T10:26:41.694234+00:00
C-1aa3ab83,0.6707061858166224,1,20260726T102553,2026-07-26T10:26:41.694234+00:00
C-bbde2142,0.7391021839392291,1,20260726T102553,2026-07-26T10:26:41.694234+00:00
C-dcacdcb5,0.2347253446578865,0,20260726T102553,2026-07-26T10:26:41.694234+00:00
C-70a5bef6,0.4525843853795785,0,20260726T102553,2026-07-26T10:26:41.694234+00:00
C-ce27f7be,0.5137626244009121,1,20260726T102553,2026-07-26T10:26:41.694234+00:00
C-2588dcc5,0.44918103428884804,0,20260726T102553,2026-07-26T10:26:41.694234+00:00
C-47379a8f,0.1685174293159019,0,20260726T102553,2026-07-26T10:26:41.694234+00:00
C-d473ea7a,0.3378662477142018,0,20260726T102553,2026-07-26T10:26:41.694234+00:00
C-09b8ebae,0.28052292300785137,0,20260726T102553,2026-07-26T10:26:41.694234+00:00
C-a090e0c8,0.5450915563217363,1,20260726T102553,2026-07-26T10:26:41.694234+00:00
C-8fe24b5e,0.4513082709833186,0,20260726T102553,2026-07-26T10:26:41.694234+00:00
C-a91ac35c,0.702000364313335,1,20260726T102553,2026-07-26T10:26:41.694234+00:00
C-970873c7,0.1139309571893343,0,20260726T102553,2026-07-26T10:26:41.694234+00:00
C-62f0ad61,0.02122402558986591,0,20260726T102553,2026-07-26T10:26:41.694234+00:00
C-8c41ead8,0.02462737127127755,0,20260726T102553,2026-07-26T10:26:41.694234+00:00
C-85c92a46,0.6762108646978507,1,20260726T102553,2026-07-26T10:26:41.694234+00:00
C-918ce4a4,0.29188585062397415,0,20260726T102553,2026-07-26T10:26:41.694234+00:00
C-cc0bf24e,0.6909120913324153,1,20260726T102553,2026-07-26T10:26:41.694234+00:00
C-b3044185,0.6995602696004125,1,20260726T102553,2026-07-26T10:26:41.694234+00:00
C-1096235f,0.4388388392235372,0,20260726T102553,2026-07-26T10:26:41.694234+00:00
C-b2f4b5ef,0.43728732192410885,0,20260726T102553,2026-07-26T10:26:41.694234+00:00
C-7d685c9b,0.4103742357359736,0,20260726T102553,2026-07-26T10:26:41.694234+00:00
C-1dd6b8d7,0.5754097486470683,1,20260726T102553,2026-07-26T10:26:41.694234+00:00
C-a7280f1e,0.3135170605814787,0,20260726T102553,2026-07-26T10:26:41.694234+00:00
C-4907b485,0.6940498528055647,1,20260726T102553,2026-07-26T10:26:41.694234+00:00
C-6590b06d,0.8605580230171589,1,20260726T102553,2026-07-26T10:26:41.694234+00:00
C-354bf2a9,0.47117976910472065,0,20260726T102553,2026-07-26T10:26:41.694234+00:00
C-cb56db96,0.036091536582727686,0,20260726T102553,2026-07-26T10:26:41.694234+00:00
C-0b134694,0.7899364418163624,1,20260726T102553,2026-07-26T10:26:41.694234+00:00
C-c53cb1ca,0.4402500797611005,0,20260726T102553,2026-07-26T10:26:41.694234+00:00
C-9a827814,0.9052876825873033,1,20260726T102553,2026-07-26T10:26:41.694234+00:00
C-c58db48f,0.04391756786379381,0,20260726T102553,2026-07-26T10:26:41.694234+00:00
C-f334c935,0.5724081588804131,1,20260726T102553,2026-07-26T10:26:41.694234+00:00
C-63b76fab,0.6349057124549652,1,20260726T102553,2026-07-26T10:26:41.694234+00:00
C-626dd1bf,0.030402829695952115,0,20260726T102553,2026-07-26T10:26:41.694234+00:00
C-47e51140,0.7478562201875538,1,20260726T102553,2026-07-26T10:26:41.694234+00:00
C-291a2137,0.0849377150347531,0,20260726T102553,2026-07-26T10:26:41.694234+00:00
C-34c060fb,0.621962130031711,1,20260726T102553,2026-07-26T10:26:41.694234+00:00
C-f25ee3ef,0.3289811746667713,0,20260726T102553,2026-07-26T10:26:41.694234+00:00
C-8240f3ca,0.3809565764909617,0,20260726T102553,2026-07-26T10:26:41.694234+00:00
C-23102e14,0.05430598335242184,0,20260726T102553,2026-07-26T10:26:41.694234+00:00
C-71608044,0.05107030956030133,0,20260726T102553,2026-07-26T10:26:41.694234+00:00
C-09e29c4b,0.39519741206392045,0,20260726T102553,2026-07-26T10:26:41.694234+00:00
C-702ac2da,0.660557043949082,1,20260726T102553,2026-07-26T10:26:41.694234+00:00
C-3da62861,0.5560241636861911,1,20260726T102553,2026-07-26T10:26:41.694234+00:00
C-5196befe,0.306198880977171,0,20260726T102553,2026-07-26T10:26:41.694234+00:00
C-652e472a,0.3579395642235924,0,20260726T102553,2026-07-26T10:26:41.694234+00:00
C-4cb954aa,0.06931388989663322,0,20260726T102553,2026-07-26T10:26:41.694234+00:00
C-31808846,0.5224070288545282,1,20260726T102553,2026-07-26T10:26:41.694234+00:00
C-daae1532,0.02295734741816591,0,20260726T102553,2026-07-26T10:26:41.694234+00:00
C-45697b2f,0.4050184896644214,0,20260726T102553,2026-07-26T10:26:41.694234+00:00
C-0c274fcb,0.7036466482878468,1,20260726T102553,2026-07-26T10:26:41.694234+00:00
C-441c9361,0.1776917086017472,0,20260726T102553,2026-07-26T10:26:41.694234+00:00
C-49fce3ce,0.3628095575773078,0,20260726T102553,2026-07-26T10:26:41.694234+00:00
C-8b409be7,0.31173350818955015,0,20260726T102553,2026-07-26T10:26:41.694234+00:00
C-a742d45e,0.645895912407993,1,20260726T102553,2026-07-26T10:26:41.694234+00:00
C-a87eb442,0.7641327713343763,1,20260726T102553,2026-07-26T10:26:41.694234+00:00
C-55534974,0.8010335350492033,1,20260726T102553,2026-07-26T10:26:41.694234+00:00
C-b7769813,0.6486944178163508,1,20260726T102553,2026-07-26T10:26:41.694234+00:00
C-37d678c7,0.40095200255682595,0,20260726T102553,2026-07-26T10:26:41.694234+00:00
C-d3bd7ceb,0.709380936561453,1,20260726T102553,2026-07-26T10:26:41.694234+00:00
C-52bc803d,0.09317056376571986,0,20260726T102553,2026-07-26T10:26:41.694234+00:00
C-abe0fd11,0.10023009388946358,0,20260726T102553,2026-07-26T10:26:41.694234+00:00
C-60450467,0.8930136553083733,1,20260726T102553,2026-07-26T10:26:41.694234+00:00
C-951bce89,0.1081675127973633,0,20260726T102553,2026-07-26T10:26:41.694234+00:00
C-a73f660b,0.05965774030552714,0,20260726T102553,2026-07-26T10:26:41.694234+00:00
C-334f83bd,0.27873155818653716,0,20260726T102553,2026-07-26T10:26:41.694234+00:00
C-22b63742,0.531093240179453,1,20260726T102553,2026-07-26T10:26:41.694234+00:00
C-4e6a5b93,0.03079729150438428,0,20260726T102553,2026-07-26T10:26:41.694234+00:00
C-15110ace,0.6412180213748225,1,20260726T102553,2026-07-26T10:26:41.694234+00:00
C-dd7d5945,0.8666733905088068,1,20260726T102553,2026-07-26T10:26:41.694234+00:00
C-6a49b552,0.6704177688743947,1,20260726T102553,2026-07-26T10:26:41.694234+00:00
C-c2a0eb97,0.14279509547694286,0,20260726T102553,2026-07-26T10:26:41.694234+00:00
C-ed23f52a,0.43378808589915474,0,20260726T102553,2026-07-26T10:26:41.694234+00:00
C-74651f27,0.6684036903806864,1,20260726T102553,2026-07-26T10:26:41.694234+00:00
C-ab70cda6,0.7017120828408183,1,20260726T102553,2026-07-26T10:26:41.694234+00:00
C-6162ce4e,0.79487654258415,1,20260726T102553,2026-07-26T10:26:41.694234+00:00
C-b381b2ca,0.9127576732287461,1,20260726T102553,2026-07-26T10:26:41.694234+00:00
C-75d67066,0.5176280505134916,1,20260726T102553,2026-07-26T10:26:41.694234+00:00
C-0d451385,0.8110547560974976,1,20260726T102553,2026-07-26T10:26:41.694234+00:00
C-587d8623,0.04361231406493231,0,20260726T102553,2026-07-26T10:26:41.694234+00:00
C-01a19a57,0.9015669279508263,1,20260726T102553,2026-07-26T10:26:41.694234+00:00
C-1aaa37eb,0.10711615340831274,0,20260726T102553,2026-07-26T10:26:41.694234+00:00
C-d8bb9b96,0.15139666021901008,0,20260726T102553,2026-07-26T10:26:41.694234+00:00
C-0ede9154,0.02114634855415899,0,20260726T102553,2026-07-26T10:26:41.694234+00:00
C-c0daaac4,0.6008789716742576,1,20260726T102553,2026-07-26T10:26:41.694234+00:00
C-0e00476b,0.35581810157357124,0,20260726T102553,2026-07-26T10:26:41.694234+00:00
C-2fc75d30,0.1892945519931251,0,20260726T102553,2026-07-26T10:26:41.694234+00:00
C-30175583,0.4724631010959189,0,20260726T102553,2026-07-26T10:26:41.694234+00:00
C-bed57280,0.2383284072158513,0,20260726T102553,2026-07-26T10:26:41.694234+00:00
C-a7d57be5,0.12595629292716776,0,20260726T102553,2026-07-26T10:26:41.694234+00:00
C-9c18eef4,0.6545358438833864,1,20260726T102553,2026-07-26T10:26:41.694234+00:00
C-5f44ec1d,0.2720601980501839,0,20260726T102553,2026-07-26T10:26:41.694234+00:00
C-8e5a068d,0.6799146148185803,1,20260726T102553,2026-07-26T10:26:41.694234+00:00
C-73b548ca,0.7902454115513777,1,20260726T102553,2026-07-26T10:26:41.694234+00:00
C-1f2049a2,0.22375569697471728,0,20260726T102553,2026-07-26T10:26:41.694234+00:00
C-0483142b,0.33430387432119163,0,20260726T102553,2026-07-26T10:26:41.694234+00:00
C-9e2efc97,0.453694802803775,0,20260726T102553,2026-07-26T10:26:41.694234+00:00
C-8e340dae,0.29340884077129853,0,20260726T102553,2026-07-26T10:26:41.694234+00:00
C-831d02bc,0.4917045906526229,0,20260726T102553,2026-07-26T10:26:41.694234+00:00
C-f76c7a04,0.04470206063504496,0,20260726T102553,2026-07-26T10:26:41.694234+00:00
C-ea2f0802,0.7990252504722846,1,20260726T102553,2026-07-26T10:26:41.694234+00:00
C-92c32116,0.2433150857993007,0,20260726T102553,2026-07-26T10:26:41.694234+00:00
C-ca8c7a0f,0.2786419219935389,0,20260726T102553,2026-07-26T10:26:41.694234+00:00
C-2f8cf867,0.02779493131594675,0,20260726T102553,2026-07-26T10:26:41.694234+00:00
C-3c825acf,0.12656143419721155,0,20260726T102553,2026-07-26T10:26:41.694234+00:00
C-18d30604,0.051682146932440255,0,20260726T102553,2026-07-26T10:26:41.694234+00:00
C-70bca979,0.14186090909271623,0,20260726T102553,2026-07-26T10:26:41.694234+00:00
C-5dd7cc81,0.457888080314453,0,20260726T102553,2026-07-26T10:26:41.694234+00:00
C-4c4443ca,0.3147398941605777,0,20260726T102553,2026-07-26T10:26:41.694234+00:00
C-99feadb5,0.46947425006983645,0,20260726T102553,2026-07-26T10:26:41.694234+00:00
C-3447c57c,0.8612198616786657,1,20260726T102553,2026-07-26T10:26:41.694234+00:00
C-3265899f,0.3870719587471647,0,20260726T102553,2026-07-26T10:26:41.694234+00:00
C-ed55d814,0.6424283086299385,1,20260726T102553,2026-07-26T10:26:41.694234+00:00
C-a4deae5b,0.6741091609471836,1,20260726T102553,2026-07-26T10:26:41.694234+00:00
C-d8c8279e,0.34381476370304603,0,20260726T102553,2026-07-26T10:26:41.694234+00:00
C-02d5e205,0.662263414046528,1,20260726T102553,2026-07-26T10:26:41.694234+00:00
C-71fc3820,0.8408752832669135,1,20260726T102553,2026-07-26T10:26:41.694234+00:00
C-fee5df90,0.6440695627953293,1,20260726T102553,2026-07-26T10:26:41.694234+00:00
C-a3c01789,0.592128560522729,1,20260726T102553,2026-07-26T10:26:41.694234+00:00
C-54a0cf9e,0.5095031653382145,1,20260726T102553,2026-07-26T10:26:41.694234+00:00
C-1c206bf8,0.02378248677662968,0,20260726T102553,2026-07-26T10:26:41.694234+00:00
C-36b46696,0.05474721326919472,0,20260726T102553,2026-07-26T10:26:41.694234+00:00
C-8913b912,0.02203551045925848,0,20260726T102553,2026-07-26T10:26:41.694234+00:00
C-b92c5adf,0.3397628635227149,0,20260726T102553,2026-07-26T10:26:41.694234+00:00
C-64670ac6,0.5158984360401655,1,20260726T102553,2026-07-26T10:26:41.694234+00:00
C-c6b1eb14,0.4996519246541936,0,20260726T102553,2026-07-26T10:26:41.694234+00:00
C-74b32fd0,0.9269069093652228,1,20260726T102553,2026-07-26T10:26:41.694234+00:00
C-23f7e380,0.742115731610078,1,20260726T102553,2026-07-26T10:26:41.694234+00:00
C-4763fdbf,0.8223330330472438,1,20260726T102553,2026-07-26T10:26:41.694234+00:00
C-a4335918,0.7967813589008437,1,20260726T102553,2026-07-26T10:26:41.694234+00:00
C-c6712f6e,0.45258830104332615,0,20260726T102553,2026-07-26T10:26:41.694234+00:00
C-e9b8f8bf,0.05097795467846759,0,20260726T102553,2026-07-26T10:26:41.694234+00:00
C-728cdaf1,0.6386416207489292,1,20260726T102553,2026-07-26T10:26:41.694234+00:00
C-e3a8759d,0.707093974906762,1,20260726T102553,2026-07-26T10:26:41.694234+00:00
C-32e072a3,0.4236484813860991,0,20260726T102553,2026-07-26T10:26:41.694234+00:00
C-e21dc8a6,0.028759653957606584,0,20260726T102553,2026-07-26T10:26:41.694234+00:00
C-412abbf1,0.7345462010623631,1,20260726T102553,2026-07-26T10:26:41.694234+00:00
C-02065cfd,0.2151726465695795,0,20260726T102553,2026-07-26T10:26:41.694234+00:00
C-44991b26,0.15616607681671504,0,20260726T102553,2026-07-26T10:26:41.694234+00:00
C-d26aa348,0.7493596304160144,1,20260726T102553,2026-07-26T10:26:41.694234+00:00
C-390b7176,0.3509795357618358,0,20260726T102553,2026-07-26T10:26:41.694234+00:00
C-a0fe98e5,0.032688690763099305,0,20260726T102553,2026-07-26T10:26:41.694234+00:00
C-512d36f8,0.6779273398888873,1,20260726T102553,2026-07-26T10:26:41.694234+00:00
C-c2a9dcb8,0.1332898484585778,0,20260726T102553,2026-07-26T10:26:41.694234+00:00
C-a4fbc339,0.051087466262384,0,20260726T102553,2026-07-26T10:26:41.694234+00:00
C-8cea845a,0.8714515573980799,1,20260726T102553,2026-07-26T10:26:41.694234+00:00
C-fe25c63f,0.26000594347569844,0,20260726T102553,2026-07-26T10:26:41.694234+00:00
C-732a4923,0.28824152737431485,0,20260726T102553,2026-07-26T10:26:41.694234+00:00
C-919232e9,0.4802450603434026,0,20260726T102553,2026-07-26T10:26:41.694234+00:00
C-c229cfe2,0.653249665887297,1,20260726T102553,2026-07-26T10:26:41.694234+00:00
C-babf3a0b,0.03839570879629858,0,20260726T102553,2026-07-26T10:26:41.694234+00:00
C-a32ed63b,0.19615625980647314,0,20260726T102553,2026-07-26T10:26:41.694234+00:00
C-9ccab16c,0.02791989351475777,0,20260726T102553,2026-07-26T10:26:41.694234+00:00
C-ddb2fffd,0.7311877743422232,1,20260726T102553,2026-07-26T10:26:41.694234+00:00
C-52406b7e,0.3643972505966552,0,20260726T102553,2026-07-26T10:26:41.694234+00:00
C-2f7566b4,0.7940008195566399,1,20260726T102553,2026-07-26T10:26:41.694234+00:00
C-fab185e1,0.6070743699718597,1,20260726T102553,2026-07-26T10:26:41.694234+00:00
C-c8c85d5f,0.2742796908078319,0,20260726T102553,2026-07-26T10:26:41.694234+00:00
C-016a1cee,0.13750609052580767,0,20260726T102553,2026-07-26T10:26:41.694234+00:00
C-7e6dff6b,0.09194859104402751,0,20260726T102553,2026-07-26T10:26:41.694234+00:00
C-4c8e1e91,0.4061363099162574,0,20260726T102553,2026-07-26T10:26:41.694234+00:00
C-04ff3437,0.5398188912940509,1,20260726T102553,2026-07-26T10:26:41.694234+00:00
C-4929c75f,0.14564988673569018,0,20260726T102553,2026-07-26T10:26:41.694234+00:00
C-4c10df34,0.646726125259983,1,20260726T102553,2026-07-26T10:26:41.694234+00:00
C-7aa70e7f,0.7681391448802601,1,20260726T102553,2026-07-26T10:26:41.694234+00:00
C-21f3af02,0.6722908692418875,1,20260726T102553,2026-07-26T10:26:41.694234+00:00
C-4b094c52,0.02388221618820727,0,20260726T102553,2026-07-26T10:26:41.694234+00:00
C-778adbd5,0.038949635418700966,0,20260726T102553,2026-07-26T10:26:41.694234+00:00
C-b3be5fb0,0.09867104200549688,0,20260726T102553,2026-07-26T10:26:41.694234+00:00
C-b2beb6d8,0.3805451541690816,0,20260726T102553,2026-07-26T10:26:41.694234+00:00
C-0e592151,0.781894297715709,1,20260726T102553,2026-07-26T10:26:41.694234+00:00
C-335eac6d,0.09045752595803497,0,20260726T102553,2026-07-26T10:26:41.694234+00:00
C-d691a82f,0.5954679369673661,1,20260726T102553,2026-07-26T10:26:41.694234+00:00
C-305edb85,0.5209266540878785,1,20260726T102553,2026-07-26T10:26:41.694234+00:00
C-2b62a4a9,0.9195041288331219,1,20260726T102553,2026-07-26T10:26:41.694234+00:00
C-66eab16d,0.4429787321929315,0,20260726T102553,2026-07-26T10:26:41.694234+00:00
C-f3d4f4d0,0.4413186616810752,0,20260726T102553,2026-07-26T10:26:41.694234+00:00
C-b56a49dc,0.5941082428560353,1,20260726T102553,2026-07-26T10:26:41.694234+00:00
C-6ad93b79,0.22341199197405764,0,20260726T102553,2026-07-26T10:26:41.694234+00:00
C-a25a2e49,0.43662257074005956,0,20260726T102553,2026-07-26T10:26:41.694234+00:00
C-a1d175dc,0.4608903745078899,0,20260726T102553,2026-07-26T10:26:41.694234+00:00
C-141a2ae3,0.1333524869664081,0,20260726T102553,2026-07-26T10:26:41.694234+00:00
C-d4e90177,0.04377538817220815,0,20260726T102553,2026-07-26T10:26:41.694234+00:00
C-23c27b06,0.0822213090975254,0,20260726T102553,2026-07-26T10:26:41.694234+00:00
C-fe05a1b2,0.66177758121436,1,20260726T102553,2026-07-26T10:26:41.694234+00:00
C-9467bbe8,0.04710339411059848,0,20260726T102553,2026-07-26T10:26:41.694234+00:00
C-1bda8e44,0.03516462125293209,0,20260726T102553,2026-07-26T10:26:41.694234+00:00
C-aad512e1,0.6548912623585702,1,20260726T102553,2026-07-26T10:26:41.694234+00:00
C-e71b6a81,0.049127214871660524,0,20260726T102553,2026-07-26T10:26:41.694234+00:00
C-3611f1c1,0.1386876671849776,0,20260726T102553,2026-07-26T10:26:41.694234+00:00
C-f0cc2897,0.17466483728202678,0,20260726T102553,2026-07-26T10:26:41.694234+00:00
C-6949495d,0.706074470084796,1,20260726T102553,2026-07-26T10:26:41.694234+00:00
C-d5c99255,0.5180223980182573,1,20260726T102553,2026-07-26T10:26:41.694234+00:00
C-7921a7b7,0.154350588972277,0,20260726T102553,2026-07-26T10:26:41.694234+00:00
C-b2bd0a29,0.7924162041778171,1,20260726T102553,2026-07-26T10:26:41.694234+00:00
C-ff834969,0.5792521681342268,1,20260726T102553,2026-07-26T10:26:41.694234+00:00
C-6738adf0,0.075541052407403,0,20260726T102553,2026-07-26T10:26:41.694234+00:00
C-c6c51d1e,0.4001991863352053,0,20260726T102553,2026-07-26T10:26:41.694234+00:00
C-eb24f53f,0.6938987816910394,1,20260726T102553,2026-07-26T10:26:41.694234+00:00
C-0456fc27,0.05990181235574138,0,20260726T102553,2026-07-26T10:26:41.694234+00:00
C-cef0a623,0.3958303841232551,0,20260726T102553,2026-07-26T10:26:41.694234+00:00
C-90302836,0.08460516603328329,0,20260726T102553,2026-07-26T10:26:41.694234+00:00
C-f60dca3f,0.1968628983302669,0,20260726T102553,2026-07-26T10:26:41.694234+00:00
C-f2e21b43,0.3330773269263279,0,20260726T102553,2026-07-26T10:26:41.694234+00:00
C-5664e4cb,0.7957880652117594,1,20260726T102553,2026-07-26T10:26:41.694234+00:00
C-bef0a216,0.022341804789862037,0,20260726T102553,2026-07-26T10:26:41.694234+00:00
C-a5ddfd36,0.10968611607596905,0,20260726T102553,2026-07-26T10:26:41.694234+00:00
C-7429e68b,0.2092866759854286,0,20260726T102553,2026-07-26T10:26:41.694234+00:00
C-5b6c8157,0.5275966840980459,1,20260726T102553,2026-07-26T10:26:41.694234+00:00
C-0b13d4a5,0.9006570078058287,1,20260726T102553,2026-07-26T10:26:41.694234+00:00
C-79c704f0,0.12618229974781736,0,20260726T102553,2026-07-26T10:26:41.694234+00:00
C-fff21d36,0.9117196986050041,1,20260726T102553,2026-07-26T10:26:41.694234+00:00
C-0c371b83,0.8648890149725377,1,20260726T102553,2026-07-26T10:26:41.694234+00:00
C-b10da3da,0.03227403646888807,0,20260726T102553,2026-07-26T10:26:41.694234+00:00
C-09223525,0.326939086735124,0,20260726T102553,2026-07-26T10:26:41.694234+00:00
C-21b2a7dc,0.0995804554340981,0,20260726T102553,2026-07-26T10:26:41.694234+00:00
C-8e0255ce,0.5421461268489521,1,20260726T102553,2026-07-26T10:26:41.694234+00:00
C-4c9f4d4b,0.0857261797997272,0,20260726T102553,2026-07-26T10:26:41.694234+00:00
C-2ce1e90d,0.8352448011272181,1,20260726T102553,2026-07-26T10:26:41.694234+00:00
C-325c0296,0.681221904505422,1,20260726T102553,2026-07-26T10:26:41.694234+00:00
C-0f118d73,0.05644161348243926,0,20260726T102553,2026-07-26T10:26:41.694234+00:00
C-0f3d7ddc,0.04996278890109353,0,20260726T102553,2026-07-26T10:26:41.694234+00:00
C-33884784,0.8782495646714854,1,20260726T102553,2026-07-26T10:26:41.694234+00:00
C-d809b492,0.0387258460368604,0,20260726T102553,2026-07-26T10:26:41.694234+00:00
C-93c9a1a6,0.35765275203225094,0,20260726T102553,2026-07-26T10:26:41.694234+00:00
C-d04faa6a,0.30137499647670096,0,20260726T102553,2026-07-26T10:26:41.694234+00:00
C-6d56ce98,0.3328558910429753,0,20260726T102553,2026-07-26T10:26:41.694234+00:00
C-5bf8afde,0.7062685308485445,1,20260726T102553,2026-07-26T10:26:41.694234+00:00
C-c2fd179e,0.5513304073769121,1,20260726T102553,2026-07-26T10:26:41.694234+00:00
C-4899993c,0.7012920102005439,1,20260726T102553,2026-07-26T10:26:41.694234+00:00
C-ac0c2779,0.03172859652614156,0,20260726T102553,2026-07-26T10:26:41.694234+00:00
C-6f8531a6,0.36419801427942733,0,20260726T102553,2026-07-26T10:26:41.694234+00:00
C-5b82d0cc,0.654612056380408,1,20260726T102553,2026-07-26T10:26:41.694234+00:00
C-10851292,0.4477399344510517,0,20260726T102553,2026-07-26T10:26:41.694234+00:00
C-3f901946,0.2567237859929146,0,20260726T102553,2026-07-26T10:26:41.694234+00:00
C-fa1b5447,0.381977258944795,0,20260726T102553,2026-07-26T10:26:41.694234+00:00
C-ddcacd78,0.48074709469887644,0,20260726T102553,2026-07-26T10:26:41.694234+00:00
C-51cb55d9,0.7325238010200911,1,20260726T102553,2026-07-26T10:26:41.694234+00:00
C-743cb860,0.46742546586609107,0,20260726T102553,2026-07-26T10:26:41.694234+00:00
C-b687d119,0.34657359959922285,0,20260726T102553,2026-07-26T10:26:41.694234+00:00
C-2f17dd30,0.39331416130969626,0,20260726T102553,2026-07-26T10:26:41.694234+00:00
C-7b669fb7,0.7569843385292725,1,20260726T102553,2026-07-26T10:26:41.694234+00:00
C-081cb441,0.021215958032967212,0,20260726T102553,2026-07-26T10:26:41.694234+00:00
C-892fb4fd,0.19785170467631194,0,20260726T102553,2026-07-26T10:26:41.694234+00:00
C-fac36429,0.39721149282740903,0,20260726T102553,2026-07-26T10:26:41.694234+00:00
C-69fd026d,0.33632393604554095,0,20260726T102553,2026-07-26T10:26:41.694234+00:00
C-36bbea7e,0.5211368918475263,1,20260726T102553,2026-07-26T10:26:41.694234+00:00
C-d73bbeef,0.3091107953863003,0,20260726T102553,2026-07-26T10:26:41.694234+00:00
C-5826b69a,0.3195605283163238,0,20260726T102553,2026-07-26T10:26:41.694234+00:00
C-140ae25c,0.858771330942794,1,20260726T102553,2026-07-26T10:26:41.694234+00:00
C-8a1620e2,0.4140272556386457,0,20260726T102553,2026-07-26T10:26:41.694234+00:00
C-df4c575c,0.27955729083095776,0,20260726T102553,2026-07-26T10:26:41.694234+00:00
C-e7e79f77,0.24272558650950507,0,20260726T102553,2026-07-26T10:26:41.694234+00:00
C-72e53d4a,0.08552713847339272,0,20260726T102553,2026-07-26T10:26:41.694234+00:00
C-b096658b,0.6194115075131974,1,20260726T102553,2026-07-26T10:26:41.694234+00:00
C-eeedd29d,0.7821423851400537,1,20260726T102553,2026-07-26T10:26:41.694234+00:00
C-41011bc4,0.7369575966833185,1,20260726T102553,2026-07-26T10:26:41.694234+00:00
C-e66a0a66,0.8666028201861391,1,20260726T102553,2026-07-26T10:26:41.694234+00:00
C-be2a4992,0.3720268270178733,0,20260726T102553,2026-07-26T10:26:41.694234+00:00
C-8e5c3208,0.681221769028926,1,20260726T102553,2026-07-26T10:26:41.694234+00:00
C-8cd03312,0.3619612139445019,0,20260726T102553,2026-07-26T10:26:41.694234+00:00
C-ee7799d8,0.02760388112318585,0,20260726T102553,2026-07-26T10:26:41.694234+00:00
C-6428e021,0.2896411837615921,0,20260726T102553,2026-07-26T10:26:41.694234+00:00
C-47045528,0.7758032414243171,1,20260726T102553,2026-07-26T10:26:41.694234+00:00
C-bdd3bead,0.5615577141039354,1,20260726T102553,2026-07-26T10:26:41.694234+00:00
C-9c0812af,0.15280253399970706,0,20260726T102553,2026-07-26T10:26:41.694234+00:00
C-d3c8fffb,0.1274529896056135,0,20260726T102553,2026-07-26T10:26:41.694234+00:00
C-f8dc7e2c,0.03849393483074738,0,20260726T102553,2026-07-26T10:26:41.694234+00:00
C-fb7660da,0.7176784753658516,1,20260726T102553,2026-07-26T10:26:41.694234+00:00
C-303db494,0.1547084155870627,0,20260726T102553,2026-07-26T10:26:41.694234+00:00
C-da0e125f,0.9333865142089082,1,20260726T102553,2026-07-26T10:26:41.694234+00:00
C-f3c4e1cb,0.07938494683395428,0,20260726T102553,2026-07-26T10:26:41.694234+00:00
C-f016b1fe,0.5145951564663389,1,20260726T102553,2026-07-26T10:26:41.694234+00:00
C-61875c3f,0.31551030265096885,0,20260726T102553,2026-07-26T10:26:41.694234+00:00
C-d0954469,0.33907572928205293,0,20260726T102553,2026-07-26T10:26:41.694234+00:00
C-2c1546c1,0.3511866798852616,0,20260726T102553,2026-07-26T10:26:41.694234+00:00
C-f95efc22,0.3645219545837861,0,20260726T102553,2026-07-26T10:26:41.694234+00:00
C-46d007e1,0.9113749514922814,1,20260726T102553,2026-07-26T10:26:41.694234+00:00
C-489a969c,0.338237610598478,0,20260726T102553,2026-07-26T10:26:41.694234+00:00
C-c71607ca,0.07892204843285257,0,20260726T102553,2026-07-26T10:26:41.694234+00:00
C-a1767956,0.4137426714982648,0,20260726T102553,2026-07-26T10:26:41.694234+00:00
C-59bfb39f,0.07731541363352351,0,20260726T102553,2026-07-26T10:26:41.694234+00:00
C-9fed2be7,0.16093512237730043,0,20260726T102553,2026-07-26T10:26:41.694234+00:00
C-e69ead8c,0.11351942932160551,0,20260726T102553,2026-07-26T10:26:41.694234+00:00
C-d26531e3,0.7564714145716896,1,20260726T102553,2026-07-26T10:26:41.694234+00:00
C-f090ec51,0.738075306808322,1,20260726T102553,2026-07-26T10:26:41.694234+00:00
C-11a127a3,0.6116551166421301,1,20260726T102553,2026-07-26T10:26:41.694234+00:00
C-68158c62,0.041073295597923894,0,20260726T102553,2026-07-26T10:26:41.694234+00:00
C-1cf70b37,0.493571284228464,0,20260726T102553,2026-07-26T10:26:41.694234+00:00
C-507e11f3,0.08419362896017482,0,20260726T102553,2026-07-26T10:26:41.694234+00:00
C-6888ae8c,0.356115153095924,0,20260726T102553,2026-07-26T10:26:41.694234+00:00
C-fbc13ffe,0.7131365683308524,1,20260726T102553,2026-07-26T10:26:41.694234+00:00
C-e14ed8da,0.7799797131442424,1,20260726T102553,2026-07-26T10:26:41.694234+00:00
C-f180bbf9,0.4901384915641377,0,20260726T102553,2026-07-26T10:26:41.694234+00:00
C-83bfba52,0.37034519788265885,0,20260726T102553,2026-07-26T10:26:41.694234+00:00
C-874d4654,0.46461789476607335,0,20260726T102553,2026-07-26T10:26:41.694234+00:00
C-7263022a,0.8608051706763047,1,20260726T102553,2026-07-26T10:26:41.694234+00:00
C-dabb5b28,0.6454844621492003,1,20260726T102553,2026-07-26T10:26:41.694234+00:00
C-d6a452e3,0.06996425068129578,0,20260726T102553,2026-07-26T10:26:41.694234+00:00
C-fcdcedc4,0.20107474821543092,0,20260726T102553,2026-07-26T10:26:41.694234+00:00
C-073bac2c,0.7659093197707644,1,20260726T102553,2026-07-26T10:26:41.694234+00:00
C-bba0e7f0,0.8663187256310907,1,20260726T102553,2026-07-26T10:26:41.694234+00:00
C-3cb86521,0.9756657262596484,1,20260726T102553,2026-07-26T10:26:41.694234+00:00
C-e1e6f19a,0.6386124012532631,1,20260726T102553,2026-07-26T10:26:41.694234+00:00
C-81fbfa68,0.6978039554620962,1,20260726T102553,2026-07-26T10:26:41.694234+00:00
C-d4a4c715,0.07601128797562735,0,20260726T102553,2026-07-26T10:26:41.694234+00:00
C-5464488e,0.7115171907116429,1,20260726T102553,2026-07-26T10:26:41.694234+00:00
C-cbff403e,0.6371137919569142,1,20260726T102553,2026-07-26T10:26:41.694234+00:00
C-ab607d13,0.1995590998990479,0,20260726T102553,2026-07-26T10:26:41.694234+00:00
C-f3027fcb,0.48213724540642294,0,20260726T102553,2026-07-26T10:26:41.694234+00:00
C-6d3e0078,0.7082224855221865,1,20260726T102553,2026-07-26T10:26:41.694234+00:00
C-96ea5de7,0.7611795482996541,1,20260726T102553,2026-07-26T10:26:41.694234+00:00
C-a94e0432,0.8329115685411591,1,20260726T102553,2026-07-26T10:26:41.694234+00:00
C-ba01a96e,0.42374280687892907,0,20260726T102553,2026-07-26T10:26:41.694234+00:00
C-c64f733d,0.6560911525505138,1,20260726T102553,2026-07-26T10:26:41.694234+00:00
C-daf7b167,0.6152372932212082,1,20260726T102553,2026-07-26T10:26:41.694234+00:00
C-6f7c8ee6,0.45586173249390094,0,20260726T102553,2026-07-26T10:26:41.694234+00:00
C-93a290d7,0.8237939102838826,1,20260726T102553,2026-07-26T10:26:41.694234+00:00
C-46ee547c,0.3149411306545786,0,20260726T102553,2026-07-26T10:26:41.694234+00:00
C-d93c8a3b,0.04928658705510579,0,20260726T102553,2026-07-26T10:26:41.694234+00:00
C-c704f92c,0.38637960749171424,0,20260726T102553,2026-07-26T10:26:41.694234+00:00
C-401259e3,0.08476088237835784,0,20260726T102553,2026-07-26T10:26:41.694234+00:00
C-e6910130,0.025238853937079808,0,20260726T102553,2026-07-26T10:26:41.694234+00:00
C-a0ca0004,0.5239679375590333,1,20260726T102553,2026-07-26T10:26:41.694234+00:00
C-9331b2b2,0.34128341887080377,0,20260726T102553,2026-07-26T10:26:41.694234+00:00
C-e44102ac,0.728837947595379,1,20260726T102553,2026-07-26T10:26:41.694234+00:00
C-16e8f54b,0.07695605672012454,0,20260726T102553,2026-07-26T10:26:41.694234+00:00
C-b4a2e42f,0.8901181355978016,1,20260726T102553,2026-07-26T10:26:41.694234+00:00
C-04292405,0.11610144646339708,0,20260726T102553,2026-07-26T10:26:41.694234+00:00
C-d6844319,0.020878017033191153,0,20260726T102553,2026-07-26T10:26:41.694234+00:00
C-0b889992,0.6022823894008408,1,20260726T102553,2026-07-26T10:26:41.694234+00:00
C-a8676f5e,0.3146666672957195,0,20260726T102553,2026-07-26T10:26:41.694234+00:00
C-b82f3797,0.7564190042894161,1,20260726T102553,2026-07-26T10:26:41.694234+00:00
C-dcd18f2c,0.6325030249322287,1,20260726T102553,2026-07-26T10:26:41.694234+00:00
C-4ebb2c94,0.5971276340817457,1,20260726T102553,2026-07-26T10:26:41.694234+00:00
C-eb8d0446,0.4097616547743191,0,20260726T102553,2026-07-26T10:26:41.694234+00:00
C-95383887,0.11150767331959255,0,20260726T102553,2026-07-26T10:26:41.694234+00:00
C-94db04f0,0.6897076695036661,1,20260726T102553,2026-07-26T10:26:41.694234+00:00
C-e3b61df6,0.2477802359983296,0,20260726T102553,2026-07-26T10:26:41.694234+00:00
C-2345523b,0.30491753622644663,0,20260726T102553,2026-07-26T10:26:41.694234+00:00
C-7cc53a72,0.1775738667584574,0,20260726T102553,2026-07-26T10:26:41.694234+00:00
C-d126981c,0.11493002093981652,0,20260726T102553,2026-07-26T10:26:41.694234+00:00
C-32c4b4e6,0.3055639481122682,0,20260726T102553,2026-07-26T10:26:41.694234+00:00
C-2de3a1b2,0.7049247636710163,1,20260726T102553,2026-07-26T10:26:41.694234+00:00
C-c0b55da0,0.30880614735434525,0,20260726T102553,2026-07-26T10:26:41.694234+00:00
C-de0a1418,0.8565693774891758,1,20260726T102553,2026-07-26T10:26:41.694234+00:00
C-6f18de0a,0.22065278190195958,0,20260726T102553,2026-07-26T10:26:41.694234+00:00
C-e7b97b89,0.4247618257044956,0,20260726T102553,2026-07-26T10:26:41.694234+00:00
C-ad368ff9,0.7010348818542113,1,20260726T102553,2026-07-26T10:26:41.694234+00:00
C-9d1ce7ca,0.3829770591344326,0,20260726T102553,2026-07-26T10:26:41.694234+00:00
C-a48c5d04,0.38468095356224197,0,20260726T102553,2026-07-26T10:26:41.694234+00:00
C-6c7d725b,0.5502921625864632,1,20260726T102553,2026-07-26T10:26:41.694234+00:00
C-b17257e9,0.6960022988447951,1,20260726T102553,2026-07-26T10:26:41.694234+00:00
C-25346f4d,0.39431906396424266,0,20260726T102553,2026-07-26T10:26:41.694234+00:00
C-25855616,0.6193776315837856,1,20260726T102553,2026-07-26T10:26:41.694234+00:00
C-2230fca3,0.6224187232204859,1,20260726T102553,2026-07-26T10:26:41.694234+00:00
C-b30077a0,0.8911490610419934,1,20260726T102553,2026-07-26T10:26:41.694234+00:00
C-bda499a0,0.11586093973305545,0,20260726T102553,2026-07-26T10:26:41.694234+00:00
C-41b2086b,0.4689252866763014,0,20260726T102553,2026-07-26T10:26:41.694234+00:00
C-52264010,0.6821241445209266,1,20260726T102553,2026-07-26T10:26:41.694234+00:00
C-ae74eebf,0.5385576750904636,1,20260726T102553,2026-07-26T10:26:41.694234+00:00
C-efc979ae,0.6989072358931538,1,20260726T102553,2026-07-26T10:26:41.694234+00:00
C-828ffee5,0.25946934280066863,0,20260726T102553,2026-07-26T10:26:41.694234+00:00
C-30c6b6ad,0.8035914106811357,1,20260726T102553,2026-07-26T10:26:41.694234+00:00
C-87ee061c,0.46146533944645346,0,20260726T102553,2026-07-26T10:26:41.694234+00:00
C-76bd75d8,0.8362886103375783,1,20260726T102553,2026-07-26T10:26:41.694234+00:00
C-1233f279,0.7404591837451133,1,20260726T102553,2026-07-26T10:26:41.694234+00:00
C-1bfc7970,0.5322680939066935,1,20260726T102553,2026-07-26T10:26:41.694234+00:00
C-f426756e,0.24086941900360342,0,20260726T102553,2026-07-26T10:26:41.694234+00:00
C-86cb2db6,0.5216403376035882,1,20260726T102553,2026-07-26T10:26:41.694234+00:00
C-3e4225d6,0.030588992039296554,0,20260726T102553,2026-07-26T10:26:41.694234+00:00
C-55dc693f,0.12712283588347736,0,20260726T102553,2026-07-26T10:26:41.694234+00:00
C-9e8b2bb6,0.6217350346607291,1,20260726T102553,2026-07-26T10:26:41.694234+00:00
C-5da4fe73,0.6047555878333242,1,20260726T102553,2026-07-26T10:26:41.694234+00:00
C-915f1d91,0.3919206125364086,0,20260726T102553,2026-07-26T10:26:41.694234+00:00
C-97162099,0.6359119479339426,1,20260726T102553,2026-07-26T10:26:41.694234+00:00
C-13d3684f,0.3278394196326914,0,20260726T102553,2026-07-26T10:26:41.694234+00:00
C-01fc4c6c,0.3232908526757543,0,20260726T102553,2026-07-26T10:26:41.694234+00:00
C-b2cfec8a,0.04591647719925205,0,20260726T102553,2026-07-26T10:26:41.694234+00:00
C-89cc9934,0.031778122397979405,0,20260726T102553,2026-07-26T10:26:41.694234+00:00
C-3f434b28,0.12478387149002484,0,20260726T102553,2026-07-26T10:26:41.694234+00:00
C-e2c983b5,0.18874264740813318,0,20260726T102553,2026-07-26T10:26:41.694234+00:00
C-46f82c9b,0.6999179921534265,1,20260726T102553,2026-07-26T10:26:41.694234+00:00
C-6ea00ef9,0.7571559558888964,1,20260726T102553,2026-07-26T10:26:41.694234+00:00
C-974e1cbe,0.7510100649333733,1,20260726T102553,2026-07-26T10:26:41.694234+00:00
C-d89134a3,0.7639569597294877,1,20260726T102553,2026-07-26T10:26:41.694234+00:00
C-7b128d09,0.33188425961768037,0,20260726T102553,2026-07-26T10:26:41.694234+00:00
C-0c20e639,0.6878524227209094,1,20260726T102553,2026-07-26T10:26:41.694234+00:00
C-a8a137b5,0.041690132191154285,0,20260726T102553,2026-07-26T10:26:41.694234+00:00
C-15ddeed8,0.2904213756437588,0,20260726T102553,2026-07-26T10:26:41.694234+00:00
C-54f4639e,0.6906324694615307,1,20260726T102553,2026-07-26T10:26:41.694234+00:00
C-91676e80,0.43739935180258466,0,20260726T102553,2026-07-26T10:26:41.694234+00:00
C-01eb45b9,0.08944954650585162,0,20260726T102553,2026-07-26T10:26:41.694234+00:00
C-c51075ec,0.5484747554987479,1,20260726T102553,2026-07-26T10:26:41.694234+00:00
C-2ea94d57,0.9069632528101298,1,20260726T102553,2026-07-26T10:26:41.694234+00:00
C-4a0256d8,0.5852123510926132,1,20260726T102553,2026-07-26T10:26:41.694234+00:00
C-c275688d,0.35738456607635666,0,20260726T102553,2026-07-26T10:26:41.694234+00:00
C-65fe99fb,0.4618437554317345,0,20260726T102553,2026-07-26T10:26:41.694234+00:00
C-23ebe2dd,0.10420010652905129,0,20260726T102553,2026-07-26T10:26:41.694234+00:00
C-06546363,0.12154794423094749,0,20260726T102553,2026-07-26T10:26:41.694234+00:00
C-c59d128a,0.3646098891127398,0,20260726T102553,2026-07-26T10:26:41.694234+00:00
C-6eea1a08,0.6315434831884681,1,20260726T102553,2026-07-26T10:26:41.694234+00:00
C-6bbfbd86,0.24688616854172088,0,20260726T102553,2026-07-26T10:26:41.694234+00:00
C-ce3731e7,0.6398559212819342,1,20260726T102553,2026-07-26T10:26:41.694234+00:00
C-5fe8140a,0.31321032682600136,0,20260726T102553,2026-07-26T10:26:41.694234+00:00
C-909e18b7,0.3294382612472063,0,20260726T102553,2026-07-26T10:26:41.694234+00:00
C-ea4ee8e5,0.3480546170406964,0,20260726T102553,2026-07-26T10:26:41.694234+00:00
C-7df4d0a6,0.868159799245721,1,20260726T102553,2026-07-26T10:26:41.694234+00:00
C-81c4fab2,0.8182736011072669,1,20260726T102553,2026-07-26T10:26:41.694234+00:00
C-21b905b4,0.6518143235040013,1,20260726T102553,2026-07-26T10:26:41.694234+00:00
C-ed257f88,0.7304347506926187,1,20260726T102553,2026-07-26T10:26:41.694234+00:00
C-44853d19,0.3111422905921048,0,20260726T102553,2026-07-26T10:26:41.694234+00:00
C-057e1efa,0.02180345515002289,0,20260726T102553,2026-07-26T10:26:41.694234+00:00
C-cf334158,0.13568329745924174,0,20260726T102553,2026-07-26T10:26:41.694234+00:00
C-a8de7cb5,0.09364892476440229,0,20260726T102553,2026-07-26T10:26:41.694234+00:00
C-23708db3,0.35380730803299115,0,20260726T102553,2026-07-26T10:26:41.694234+00:00
C-913642a8,0.7654441286398656,1,20260726T102553,2026-07-26T10:26:41.694234+00:00
C-fa576836,0.36200516686828493,0,20260726T102553,2026-07-26T10:26:41.694234+00:00
C-075d820d,0.04871567289410774,0,20260726T102553,2026-07-26T10:26:41.694234+00:00
C-54ee13f8,0.2881352583882735,0,20260726T102553,2026-07-26T10:26:41.694234+00:00
C-e51d4bde,0.2294024341884146,0,20260726T102553,2026-07-26T10:26:41.694234+00:00
C-697c8191,0.47429048547257263,0,20260726T102553,2026-07-26T10:26:41.694234+00:00
C-61d1e36b,0.1469464463015905,0,20260726T102553,2026-07-26T10:26:41.694234+00:00
C-645af50f,0.6289830184201338,1,20260726T102553,2026-07-26T10:26:41.694234+00:00
C-85ef0f06,0.30485813177234194,0,20260726T102553,2026-07-26T10:26:41.694234+00:00
C-f67340b9,0.029951449988703586,0,20260726T102553,2026-07-26T10:26:41.694234+00:00
C-85f38ceb,0.19601063223066187,0,20260726T102553,2026-07-26T10:26:41.694234+00:00
C-812d0fc4,0.4806673514556115,0,20260726T102553,2026-07-26T10:26:41.694234+00:00
C-87a32cac,0.6967646731040577,1,20260726T102553,2026-07-26T10:26:41.694234+00:00
C-6b71f724,0.4259413332061324,0,20260726T102553,2026-07-26T10:26:41.694234+00:00
C-e1cbeb28,0.09055344558738668,0,20260726T102553,2026-07-26T10:26:41.694234+00:00
C-15381e80,0.9131827982484799,1,20260726T102553,2026-07-26T10:26:41.694234+00:00
C-79e4e56a,0.19483190450032997,0,20260726T102553,2026-07-26T10:26:41.694234+00:00
C-1210dd3c,0.8725244092027068,1,20260726T102553,2026-07-26T10:26:41.694234+00:00
C-a18bdddc,0.3946857191690114,0,20260726T102553,2026-07-26T10:26:41.694234+00:00
C-6fe1862d,0.15935198968714412,0,20260726T102553,2026-07-26T10:26:41.694234+00:00
C-4daa8155,0.4014455567660249,0,20260726T102553,2026-07-26T10:26:41.694234+00:00
C-4e9719f9,0.06566380329606476,0,20260726T102553,2026-07-26T10:26:41.694234+00:00
C-4e96390e,0.42671414052990125,0,20260726T102553,2026-07-26T10:26:41.694234+00:00
C-57f47942,0.15312810924150505,0,20260726T102553,2026-07-26T10:26:41.694234+00:00
C-180654c7,0.3081912154775594,0,20260726T102553,2026-07-26T10:26:41.694234+00:00
C-f4b4d906,0.3543176483774597,0,20260726T102553,2026-07-26T10:26:41.694234+00:00
C-2e825d29,0.7435403559935112,1,20260726T102553,2026-07-26T10:26:41.694234+00:00
C-db8d47a4,0.04969879994560089,0,20260726T102553,2026-07-26T10:26:41.694234+00:00
C-739abc1a,0.0519904833750659,0,20260726T102553,2026-07-26T10:26:41.694234+00:00
C-b7ad7e1f,0.446405811086818,0,20260726T102553,2026-07-26T10:26:41.694234+00:00
C-5877c9b9,0.7421812069814563,1,20260726T102553,2026-07-26T10:26:41.694234+00:00
C-1c4fb9ec,0.4136360879731824,0,20260726T102553,2026-07-26T10:26:41.694234+00:00
C-ba929dd1,0.2323919618963067,0,20260726T102553,2026-07-26T10:26:41.694234+00:00
C-b44bdedc,0.7938247026416316,1,20260726T102553,2026-07-26T10:26:41.694234+00:00
C-c70dcf30,0.8700872299376721,1,20260726T102553,2026-07-26T10:26:41.694234+00:00
C-ed6b8aa2,0.31197683940193954,0,20260726T102553,2026-07-26T10:26:41.694234+00:00
C-eadd04c4,0.08152540779827536,0,20260726T102553,2026-07-26T10:26:41.694234+00:00
C-683af5b1,0.6070396329438732,1,20260726T102553,2026-07-26T10:26:41.694234+00:00
C-e1986818,0.9120141207902964,1,20260726T102553,2026-07-26T10:26:41.694234+00:00
C-fa3d03ce,0.1924152148152263,0,20260726T102553,2026-07-26T10:26:41.694234+00:00
C-243ea7da,0.10465683558648045,0,20260726T102553,2026-07-26T10:26:41.694234+00:00
C-c894c4c2,0.795200333024614,1,20260726T102553,2026-07-26T10:26:41.694234+00:00
C-38f8a401,0.461652759892914,0,20260726T102553,2026-07-26T10:26:41.694234+00:00
C-8b8e8c19,0.749675443767588,1,20260726T102553,2026-07-26T10:26:41.694234+00:00
C-d4ea2cdd,0.5969216287475807,1,20260726T102553,2026-07-26T10:26:41.694234+00:00
C-9d6838d0,0.6646096639091309,1,20260726T102553,2026-07-26T10:26:41.694234+00:00
C-bc57fc69,0.31502435482850294,0,20260726T102553,2026-07-26T10:26:41.694234+00:00
C-e6462d2f,0.7024403904387666,1,20260726T102553,2026-07-26T10:26:41.694234+00:00
C-6b2398cd,0.05452918981103959,0,20260726T102553,2026-07-26T10:26:41.694234+00:00
C-5f7f6931,0.46153373034204104,0,20260726T102553,2026-07-26T10:26:41.694234+00:00
C-bfce0456,0.37097979861689845,0,20260726T102553,2026-07-26T10:26:41.694234+00:00
C-911e96d5,0.16309579687439552,0,20260726T102553,2026-07-26T10:26:41.694234+00:00
C-776b1ec9,0.7803209779719078,1,20260726T102553,2026-07-26T10:26:41.694234+00:00
C-d3a78b0b,0.7582694082166364,1,20260726T102553,2026-07-26T10:26:41.694234+00:00
C-1746f433,0.12468374233250562,0,20260726T102553,2026-07-26T10:26:41.694234+00:00
C-56ac97ac,0.4339045345189748,0,20260726T102553,2026-07-26T10:26:41.694234+00:00
C-d39f0410,0.6324612522609891,1,20260726T102553,2026-07-26T10:26:41.694234+00:00
C-9586e48f,0.6606871899788993,1,20260726T102553,2026-07-26T10:26:41.694234+00:00
C-415fa3a0,0.5751934324482535,1,20260726T102553,2026-07-26T10:26:41.694234+00:00
C-150eefc5,0.7014982071953957,1,20260726T102553,2026-07-26T10:26:41.694234+00:00
C-367e6101,0.3351939164424294,0,20260726T102553,2026-07-26T10:26:41.694234+00:00
C-98e3e3fc,0.41003071209795316,0,20260726T102553,2026-07-26T10:26:41.694234+00:00
C-fdd933da,0.08717393472561269,0,20260726T102553,2026-07-26T10:26:41.694234+00:00
C-cfe67357,0.08892147169007782,0,20260726T102553,2026-07-26T10:26:41.694234+00:00
C-f6194ba8,0.4342002133596486,0,20260726T102553,2026-07-26T10:26:41.694234+00:00
C-0ee92c66,0.1202603418223709,0,20260726T102553,2026-07-26T10:26:41.694234+00:00
C-d10adc50,0.3597491536640505,0,20260726T102553,2026-07-26T10:26:41.694234+00:00
C-f35fe73f,0.20122789872646396,0,20260726T102553,2026-07-26T10:26:41.694234+00:00
C-1c55767c,0.6118722606935953,1,20260726T102553,2026-07-26T10:26:41.694234+00:00
C-567babd6,0.692191256850322,1,20260726T102553,2026-07-26T10:26:41.694234+00:00
C-5d899e64,0.5862949639135004,1,20260726T102553,2026-07-26T10:26:41.694234+00:00
C-5cea75fb,0.052891833478169996,0,20260726T102553,2026-07-26T10:26:41.694234+00:00
C-8557d8e3,0.6384986893460544,1,20260726T102553,2026-07-26T10:26:41.694234+00:00
C-e6c5d87c,0.7107429689262887,1,20260726T102553,2026-07-26T10:26:41.694234+00:00
C-dda399c6,0.3352863276540026,0,20260726T102553,2026-07-26T10:26:41.694234+00:00
C-fe29581b,0.10953177775898051,0,20260726T102553,2026-07-26T10:26:41.694234+00:00
C-6ae230bb,0.4124183653956401,0,20260726T102553,2026-07-26T10:26:41.694234+00:00
C-915d7828,0.20219061813803635,0,20260726T102553,2026-07-26T10:26:41.694234+00:00
C-14e9600b,0.7426420642308856,1,20260726T102553,2026-07-26T10:26:41.694234+00:00
C-080586a0,0.10289432320884487,0,20260726T102553,2026-07-26T10:26:41.694234+00:00
C-81f89558,0.03008535577577918,0,20260726T102553,2026-07-26T10:26:41.694234+00:00
C-482dfd24,0.6164479257842558,1,20260726T102553,2026-07-26T10:26:41.694234+00:00
C-fe18c7b1,0.40061213471525475,0,20260726T102553,2026-07-26T10:26:41.694234+00:00
C-06f41aaf,0.024864330934750392,0,20260726T102553,2026-07-26T10:26:41.694234+00:00
C-09faba45,0.3014780280202778,0,20260726T102553,2026-07-26T10:26:41.694234+00:00
C-aca946a5,0.7822797654542243,1,20260726T102553,2026-07-26T10:26:41.694234+00:00
C-f701afad,0.09983514994315204,0,20260726T102553,2026-07-26T10:26:41.694234+00:00
C-155ad965,0.7052755377820932,1,20260726T102553,2026-07-26T10:26:41.694234+00:00
C-4e93abba,0.5155265166642428,1,20260726T102553,2026-07-26T10:26:41.694234+00:00
C-827ceb1a,0.5118820591339669,1,20260726T102553,2026-07-26T10:26:41.694234+00:00
C-2044327f,0.6382551894588225,1,20260726T102553,2026-07-26T10:26:41.694234+00:00
C-d34bf107,0.3089278109269945,0,20260726T102553,2026-07-26T10:26:41.694234+00:00
C-0b567f71,0.5156137815215378,1,20260726T102553,2026-07-26T10:26:41.694234+00:00
C-51c3170f,0.1469492852702918,0,20260726T102553,2026-07-26T10:26:41.694234+00:00
C-4e92bba8,0.19259155604356368,0,20260726T102553,2026-07-26T10:26:41.694234+00:00
C-9d6109a4,0.16046970407777875,0,20260726T102553,2026-07-26T10:26:41.694234+00:00
C-dcda910f,0.6580388920870056,1,20260726T102553,2026-07-26T10:26:41.694234+00:00
C-122758e0,0.7384555286637784,1,20260726T102553,2026-07-26T10:26:41.694234+00:00
C-a8183994,0.8722868122666994,1,20260726T102553,2026-07-26T10:26:41.694234+00:00
C-7ebb5311,0.3852916807925048,0,20260726T102553,2026-07-26T10:26:41.694234+00:00
C-4a057871,0.3109470325300095,0,20260726T102553,2026-07-26T10:26:41.694234+00:00
C-972f2b84,0.05382021258359147,0,20260726T102553,2026-07-26T10:26:41.694234+00:00
C-e9442d4e,0.042199165483687094,0,20260726T102553,2026-07-26T10:26:41.694234+00:00
C-4af1806f,0.2781050359007459,0,20260726T102553,2026-07-26T10:26:41.694234+00:00
C-0e8b9f46,0.35931878745196477,0,20260726T102553,2026-07-26T10:26:41.694234+00:00
C-9b21894c,0.4019674904648813,0,20260726T102553,2026-07-26T10:26:41.694234+00:00
C-23daa41d,0.1021379821816506,0,20260726T102553,2026-07-26T10:26:41.694234+00:00
C-bc92169e,0.8367105854021331,1,20260726T102553,2026-07-26T10:26:41.694234+00:00
C-0b5ef38d,0.4665162212776276,0,20260726T102553,2026-07-26T10:26:41.694234+00:00
C-b841b807,0.10009357024952754,0,20260726T102553,2026-07-26T10:26:41.694234+00:00
C-23894fc6,0.029472757620281655,0,20260726T102553,2026-07-26T10:26:41.694234+00:00
C-d0aacb39,0.03621609110407712,0,20260726T102553,2026-07-26T10:26:41.694234+00:00
C-f2906b21,0.16492456623359583,0,20260726T102553,2026-07-26T10:26:41.694234+00:00
C-e414b61d,0.7375925536656391,1,20260726T102553,2026-07-26T10:26:41.694234+00:00
C-481e7ab4,0.24725520937003898,0,20260726T102553,2026-07-26T10:26:41.694234+00:00
C-75d3b393,0.9120145341384369,1,20260726T102553,2026-07-26T10:26:41.694234+00:00
C-8b026fdf,0.8058736247728924,1,20260726T102553,2026-07-26T10:26:41.694234+00:00
C-8b63dc05,0.193364482472321,0,20260726T102553,2026-07-26T10:26:41.694234+00:00
C-12171e09,0.5518942097985128,1,20260726T102553,2026-07-26T10:26:41.694234+00:00
C-12f69698,0.029160990269155303,0,20260726T102553,2026-07-26T10:26:41.694234+00:00
C-135e5e1f,0.46194269496068346,0,20260726T102553,2026-07-26T10:26:41.694234+00:00
C-490acc20,0.9359570623695374,1,20260726T102553,2026-07-26T10:26:41.694234+00:00
C-316dfefe,0.6012086578551515,1,20260726T102553,2026-07-26T10:26:41.694234+00:00
C-a8f8b7ff,0.8824084257163192,1,20260726T102553,2026-07-26T10:26:41.694234+00:00
C-a4dab705,0.0457782443071875,0,20260726T102553,2026-07-26T10:26:41.694234+00:00
C-683fb888,0.05602954085898863,0,20260726T102553,2026-07-26T10:26:41.694234+00:00
C-cda84afc,0.34994806625458913,0,20260726T102553,2026-07-26T10:26:41.694234+00:00
C-ee58772f,0.09602591958694429,0,20260726T102553,2026-07-26T10:26:41.694234+00:00
C-c82e0fab,0.921398387148827,1,20260726T102553,2026-07-26T10:26:41.694234+00:00
C-cdb19d05,0.10880049796396983,0,20260726T102553,2026-07-26T10:26:41.694234+00:00
C-f308a990,0.0734808768497916,0,20260726T102553,2026-07-26T10:26:41.694234+00:00
C-e3ea1acd,0.24474058438098406,0,20260726T102553,2026-07-26T10:26:41.694234+00:00
C-e2ea1cee,0.19536721223458053,0,20260726T102553,2026-07-26T10:26:41.694234+00:00
C-c453b1ea,0.7654912786017226,1,20260726T102553,2026-07-26T10:26:41.694234+00:00
C-396b4e86,0.3209505213402358,0,20260726T102553,2026-07-26T10:26:41.694234+00:00
C-0a0d799c,0.27573229115532716,0,20260726T102553,2026-07-26T10:26:41.694234+00:00
C-39311f47,0.479064171387637,0,20260726T102553,2026-07-26T10:26:41.694234+00:00
C-19c4008e,0.16817547022067592,0,20260726T102553,2026-07-26T10:26:41.694234+00:00
C-06e30aa3,0.9506477309602317,1,20260726T102553,2026-07-26T10:26:41.694234+00:00
C-de427dc6,0.7341674091495567,1,20260726T102553,2026-07-26T10:26:41.694234+00:00
C-47d19a5a,0.2434546633102987,0,20260726T102553,2026-07-26T10:26:41.694234+00:00
C-b87d45e6,0.33002690294343967,0,20260726T102553,2026-07-26T10:26:41.694234+00:00
C-b7fd643f,0.6263777853118659,1,20260726T102553,2026-07-26T10:26:41.694234+00:00
C-0f0e9330,0.2812201911795855,0,20260726T102553,2026-07-26T10:26:41.694234+00:00
C-7ed366ac,0.13574199155441816,0,20260726T102553,2026-07-26T10:26:41.694234+00:00
C-a90f1cfb,0.3159725060631469,0,20260726T102553,2026-07-26T10:26:41.694234+00:00
C-e2a36af9,0.019372354254125264,0,20260726T102553,2026-07-26T10:26:41.694234+00:00
C-d3d7d9a0,0.37260770925595177,0,20260726T102553,2026-07-26T10:26:41.694234+00:00
C-c96727e1,0.06362565675504446,0,20260726T102553,2026-07-26T10:26:41.694234+00:00
C-aed01ec2,0.4950402664452464,0,20260726T102553,2026-07-26T10:26:41.694234+00:00
C-91ca7b1f,0.3847859753128709,0,20260726T102553,2026-07-26T10:26:41.694234+00:00
C-783e6bfa,0.12169416808177926,0,20260726T102553,2026-07-26T10:26:41.694234+00:00
C-72825da2,0.1059222557024086,0,20260726T102553,2026-07-26T10:26:41.694234+00:00
C-62b47c4f,0.36783900164462474,0,20260726T102553,2026-07-26T10:26:41.694234+00:00
C-4603617a,0.1513537990101773,0,20260726T102553,2026-07-26T10:26:41.694234+00:00
C-6a2437df,0.6565071634984281,1,20260726T102553,2026-07-26T10:26:41.694234+00:00
C-c7c1e3bd,0.3150508217099184,0,20260726T102553,2026-07-26T10:26:41.694234+00:00
C-49e0d48e,0.19872123696019825,0,20260726T102553,2026-07-26T10:26:41.694234+00:00
C-cb24d6dc,0.32283776015447396,0,20260726T102553,2026-07-26T10:26:41.694234+00:00
C-66f95bd9,0.5821855268274087,1,20260726T102553,2026-07-26T10:26:41.694234+00:00
C-bed11035,0.3502347084244655,0,20260726T102553,2026-07-26T10:26:41.694234+00:00
C-1d2fce96,0.7438841113720412,1,20260726T102553,2026-07-26T10:26:41.694234+00:00
C-7c0c4b69,0.022791324279605767,0,20260726T102553,2026-07-26T10:26:41.694234+00:00
C-b92753e3,0.8323695204492713,1,20260726T102553,2026-07-26T10:26:41.694234+00:00
C-8f84e308,0.6552191682229025,1,20260726T102553,2026-07-26T10:26:41.694234+00:00
C-e921b035,0.6457704049738766,1,20260726T102553,2026-07-26T10:26:41.694234+00:00
C-391ff727,0.7832970430406676,1,20260726T102553,2026-07-26T10:26:41.694234+00:00
C-6cb60db3,0.7844426880197382,1,20260726T102553,2026-07-26T10:26:41.694234+00:00
C-e15dd964,0.6060288337571302,1,20260726T102553,2026-07-26T10:26:41.694234+00:00
C-121dd813,0.09945011312467088,0,20260726T102553,2026-07-26T10:26:41.694234+00:00
C-0adb1428,0.3666063487341461,0,20260726T102553,2026-07-26T10:26:41.694234+00:00
C-a0493f14,0.48851464738989125,0,20260726T102553,2026-07-26T10:26:41.694234+00:00
C-fb9f842f,0.7502522303269209,1,20260726T102553,2026-07-26T10:26:41.694234+00:00
C-e1aaca3a,0.6937327797983842,1,20260726T102553,2026-07-26T10:26:41.694234+00:00
C-44da4211,0.06724555803334391,0,20260726T102553,2026-07-26T10:26:41.694234+00:00
C-7923d5f9,0.88053888738848,1,20260726T102553,2026-07-26T10:26:41.694234+00:00
C-8f640c19,0.18931042366835252,0,20260726T102553,2026-07-26T10:26:41.694234+00:00
C-b73a951f,0.6284036286868138,1,20260726T102553,2026-07-26T10:26:41.694234+00:00
C-ac482d11,0.938829661699097,1,20260726T102553,2026-07-26T10:26:41.694234+00:00
C-ca0bda2d,0.35075978696320476,0,20260726T102553,2026-07-26T10:26:41.694234+00:00
C-5a9c209b,0.7065338422765157,1,20260726T102553,2026-07-26T10:26:41.694234+00:00
C-9eda8cf6,0.6511351564472848,1,20260726T102553,2026-07-26T10:26:41.694234+00:00
C-214f2971,0.4445899726910101,0,20260726T102553,2026-07-26T10:26:41.694234+00:00
C-fcecc765,0.28458328951191525,0,20260726T102553,2026-07-26T10:26:41.694234+00:00
C-e38f74bc,0.8118302781920687,1,20260726T102553,2026-07-26T10:26:41.694234+00:00
C-9bb2dc0c,0.14586408290718242,0,20260726T102553,2026-07-26T10:26:41.694234+00:00
C-efb0a785,0.9117932972612199,1,20260726T102553,2026-07-26T10:26:41.694234+00:00
C-e378765b,0.7500661476539908,1,20260726T102553,2026-07-26T10:26:41.694234+00:00
C-2afa5170,0.050073554911021285,0,20260726T102553,2026-07-26T10:26:41.694234+00:00
C-3747fab8,0.6993032072705601,1,20260726T102553,2026-07-26T10:26:41.694234+00:00
C-16de3e7f,0.028740156265251397,0,20260726T102553,2026-07-26T10:26:41.694234+00:00
C-db05fba0,0.48871896374658147,0,20260726T102553,2026-07-26T10:26:41.694234+00:00
C-2fa4227e,0.1200667963336349,0,20260726T102553,2026-07-26T10:26:41.694234+00:00
C-2b1714ab,0.4352755278073638,0,20260726T102553,2026-07-26T10:26:41.694234+00:00
C-da304498,0.8146092685565899,1,20260726T102553,2026-07-26T10:26:41.694234+00:00
C-b90c82ab,0.5118454164904681,1,20260726T102553,2026-07-26T10:26:41.694234+00:00
C-ad450e24,0.0312910961760246,0,20260726T102553,2026-07-26T10:26:41.694234+00:00
C-0db6e2cb,0.844156181117945,1,20260726T102553,2026-07-26T10:26:41.694234+00:00
C-61186d86,0.5729860438200302,1,20260726T102553,2026-07-26T10:26:41.694234+00:00
C-33a49ba0,0.07971864224795344,0,20260726T102553,2026-07-26T10:26:41.694234+00:00
C-7ae0627f,0.3617746110166229,0,20260726T102553,2026-07-26T10:26:41.694234+00:00
C-20832ac7,0.08422005387558763,0,20260726T102553,2026-07-26T10:26:41.694234+00:00
C-df2fb5f4,0.38107731892267943,0,20260726T102553,2026-07-26T10:26:41.694234+00:00
C-c26c8523,0.040525996946178436,0,20260726T102553,2026-07-26T10:26:41.694234+00:00
C-b489e8ac,0.4995982219553007,0,20260726T102553,2026-07-26T10:26:41.694234+00:00
C-de304a9b,0.6336797630501259,1,20260726T102553,2026-07-26T10:26:41.694234+00:00
C-74287df8,0.856973472382175,1,20260726T102553,2026-07-26T10:26:41.694234+00:00
C-22772d91,0.7237055064666006,1,20260726T102553,2026-07-26T10:26:41.694234+00:00
C-87fb3de5,0.15480555999020706,0,20260726T102553,2026-07-26T10:26:41.694234+00:00
C-c1293fc0,0.19602314160815662,0,20260726T102553,2026-07-26T10:26:41.694234+00:00
C-07a65e6b,0.09186907149886875,0,20260726T102553,2026-07-26T10:26:41.694234+00:00
C-5c10a2de,0.051510773216475715,0,20260726T102553,2026-07-26T10:26:41.694234+00:00
C-2869b18f,0.24924829370203958,0,20260726T102553,2026-07-26T10:26:41.694234+00:00
C-986c69e6,0.15037849675828877,0,20260726T102553,2026-07-26T10:26:41.694234+00:00
C-e553472f,0.7726342468931171,1,20260726T102553,2026-07-26T10:26:41.694234+00:00
C-f96d1a21,0.09205969356259924,0,20260726T102553,2026-07-26T10:26:41.694234+00:00
C-0233b3f2,0.07894619106134955,0,20260726T102553,2026-07-26T10:26:41.694234+00:00
C-e2b0374a,0.5484694485706301,1,20260726T102553,2026-07-26T10:26:41.694234+00:00
C-0bbdeaea,0.10893684987054882,0,20260726T102553,2026-07-26T10:26:41.694234+00:00
C-238bd62f,0.09080195849256241,0,20260726T102553,2026-07-26T10:26:41.694234+00:00
C-6cb52970,0.6361045115342803,1,20260726T102553,2026-07-26T10:26:41.694234+00:00
C-7d7c946c,0.150800674438913,0,20260726T102553,2026-07-26T10:26:41.694234+00:00
C-9e8195df,0.7487264183529732,1,20260726T102553,2026-07-26T10:26:41.694234+00:00
C-1b07944d,0.3997941758756493,0,20260726T102553,2026-07-26T10:26:41.694234+00:00
C-ed3b671c,0.35085083828491836,0,20260726T102553,2026-07-26T10:26:41.694234+00:00
C-91b00012,0.754820171351919,1,20260726T102553,2026-07-26T10:26:41.694234+00:00
C-a32aa7ce,0.6346338137653563,1,20260726T102553,2026-07-26T10:26:41.694234+00:00
C-bdcb1deb,0.4974148642633313,0,20260726T102553,2026-07-26T10:26:41.694234+00:00
C-ce5b6226,0.8489674103388533,1,20260726T102553,2026-07-26T10:26:41.694234+00:00
C-fd859fc8,0.7013542443578298,1,20260726T102553,2026-07-26T10:26:41.694234+00:00
C-2e358426,0.6587740830767745,1,20260726T102553,2026-07-26T10:26:41.694234+00:00
C-2d26b164,0.12613570760400894,0,20260726T102553,2026-07-26T10:26:41.694234+00:00
C-69653f03,0.7177291919114892,1,20260726T102553,2026-07-26T10:26:41.694234+00:00
C-01f1b254,0.8020892661836869,1,20260726T102553,2026-07-26T10:26:41.694234+00:00
C-3bab35e8,0.8307341047072283,1,20260726T102553,2026-07-26T10:26:41.694234+00:00
C-9c8edd27,0.8956148170140676,1,20260726T102553,2026-07-26T10:26:41.694234+00:00
C-25fc480f,0.3194113339251328,0,20260726T102553,2026-07-26T10:26:41.694234+00:00
C-8263d718,0.1611209836831346,0,20260726T102553,2026-07-26T10:26:41.694234+00:00
C-74a05d1f,0.3917028282532565,0,20260726T102553,2026-07-26T10:26:41.694234+00:00
C-b828ed46,0.16378143887728816,0,20260726T102553,2026-07-26T10:26:41.694234+00:00
C-7a061a73,0.7065968149147395,1,20260726T102553,2026-07-26T10:26:41.694234+00:00
C-74332939,0.24520013364182847,0,20260726T102553,2026-07-26T10:26:41.694234+00:00
C-a24845b4,0.11910115710472974,0,20260726T102553,2026-07-26T10:26:41.694234+00:00
C-d875e563,0.9086912773148165,1,20260726T102553,2026-07-26T10:26:41.694234+00:00
C-87692c02,0.05245750023801917,0,20260726T102553,2026-07-26T10:26:41.694234+00:00
C-b47a0747,0.1492740311573539,0,20260726T102553,2026-07-26T10:26:41.694234+00:00
C-378c615f,0.3282817296184988,0,20260726T102553,2026-07-26T10:26:41.694234+00:00
C-10e03fd7,0.8344755786919212,1,20260726T102553,2026-07-26T10:26:41.694234+00:00
C-e0fe2a44,0.7618273820691044,1,20260726T102553,2026-07-26T10:26:41.694234+00:00
C-417c010e,0.057090599222711896,0,20260726T102553,2026-07-26T10:26:41.694234+00:00
C-75514106,0.7000959434960723,1,20260726T102553,2026-07-26T10:26:41.694234+00:00
C-6dcc17eb,0.3469681346303465,0,20260726T102553,2026-07-26T10:26:41.694234+00:00
C-7489a6d5,0.3355198511684643,0,20260726T102553,2026-07-26T10:26:41.694234+00:00
C-70b43fd2,0.19998659684872822,0,20260726T102553,2026-07-26T10:26:41.694234+00:00
C-d82d3d20,0.07981346505865768,0,20260726T102553,2026-07-26T10:26:41.694234+00:00
C-7da25dcf,0.6595026039515977,1,20260726T102553,2026-07-26T10:26:41.694234+00:00
C-b58d4526,0.9039640299293502,1,20260726T102553,2026-07-26T10:26:41.694234+00:00
C-f4d61b55,0.33734174472039513,0,20260726T102553,2026-07-26T10:26:41.694234+00:00
C-d9f86348,0.8331879487230679,1,20260726T102553,2026-07-26T10:26:41.694234+00:00
C-8d3d532b,0.6149794869865792,1,20260726T102553,2026-07-26T10:26:41.694234+00:00
C-79c37227,0.7882315202177235,1,20260726T102553,2026-07-26T10:26:41.694234+00:00
C-86f6d7c1,0.8969801471297983,1,20260726T102553,2026-07-26T10:26:41.694234+00:00
C-8971bf47,0.2991424987682574,0,20260726T102553,2026-07-26T10:26:41.694234+00:00
C-4a41516e,0.3738496959182308,0,20260726T102553,2026-07-26T10:26:41.694234+00:00
C-822901f2,0.3815967912611572,0,20260726T102553,2026-07-26T10:26:41.694234+00:00
C-188ec984,0.8361035956730364,1,20260726T102553,2026-07-26T10:26:41.694234+00:00
C-446e400c,0.07685028972876146,0,20260726T102553,2026-07-26T10:26:41.694234+00:00
C-bb39d5a1,0.9211798922895458,1,20260726T102553,2026-07-26T10:26:41.694234+00:00
C-9d9a46f6,0.583494591288702,1,20260726T102553,2026-07-26T10:26:41.694234+00:00
C-1b8a4100,0.3305553270953586,0,20260726T102553,2026-07-26T10:26:41.694234+00:00
C-4763337a,0.10667700495106772,0,20260726T102553,2026-07-26T10:26:41.694234+00:00
C-b283934e,0.6406024638957489,1,20260726T102553,2026-07-26T10:26:41.694234+00:00
C-651deb26,0.28475415675823723,0,20260726T102553,2026-07-26T10:26:41.694234+00:00
C-00be1324,0.6837320390979907,1,20260726T102553,2026-07-26T10:26:41.694234+00:00
C-be50b42d,0.3200544872406479,0,20260726T102553,2026-07-26T10:26:41.694234+00:00
C-57179611,0.9220189085422718,1,20260726T102553,2026-07-26T10:26:41.694234+00:00
C-dd9d9920,0.4614427759994737,0,20260726T102553,2026-07-26T10:26:41.694234+00:00
C-1b43dd77,0.15472733819938475,0,20260726T102553,2026-07-26T10:26:41.694234+00:00
C-fed97f35,0.9367275311781066,1,20260726T102553,2026-07-26T10:26:41.694234+00:00
C-0e6e9fa3,0.47375035742621063,0,20260726T102553,2026-07-26T10:26:41.694234+00:00
C-664059e8,0.7497033071088677,1,20260726T102553,2026-07-26T10:26:41.694234+00:00
C-6f4e3b71,0.6538616719179112,1,20260726T102553,2026-07-26T10:26:41.694234+00:00
C-626df428,0.5177867808948874,1,20260726T102553,2026-07-26T10:26:41.694234+00:00
C-2a14fe41,0.44256619929499386,0,20260726T102553,2026-07-26T10:26:41.694234+00:00
C-2515b4d7,0.7161929317305877,1,20260726T102553,2026-07-26T10:26:41.694234+00:00
C-6acdc02c,0.06676621075085559,0,20260726T102553,2026-07-26T10:26:41.694234+00:00
C-762cea28,0.46122528997148243,0,20260726T102553,2026-07-26T10:26:41.694234+00:00
C-2ac54a70,0.13485004579670298,0,20260726T102553,2026-07-26T10:26:41.694234+00:00
C-0640ef4d,0.7135825653980024,1,20260726T102553,2026-07-26T10:26:41.694234+00:00
C-ec0bb5f4,0.10252125060982094,0,20260726T102553,2026-07-26T10:26:41.694234+00:00
C-ccda09f7,0.9511415936650554,1,20260726T102553,2026-07-26T10:26:41.694234+00:00
C-012e8056,0.8089323836777986,1,20260726T102553,2026-07-26T10:26:41.694234+00:00
C-47dd6ea4,0.18055638101525723,0,20260726T102553,2026-07-26T10:26:41.694234+00:00
C-0d6d0758,0.7950466970904769,1,20260726T102553,2026-07-26T10:26:41.694234+00:00
C-61937946,0.8689640339102379,1,20260726T102553,2026-07-26T10:26:41.694234+00:00
C-15563073,0.2939647066848666,0,20260726T102553,2026-07-26T10:26:41.694234+00:00
C-1edd3e7a,0.41831863776249584,0,20260726T102553,2026-07-26T10:26:41.694234+00:00
C-714564cd,0.7946144674910179,1,20260726T102553,2026-07-26T10:26:41.694234+00:00
C-9a2a2809,0.1029577299706222,0,20260726T102553,2026-07-26T10:26:41.694234+00:00
C-da840a8f,0.4611051452733936,0,20260726T102553,2026-07-26T10:26:41.694234+00:00
C-cb60c740,0.09148070832357266,0,20260726T102553,2026-07-26T10:26:41.694234+00:00
C-f0751af3,0.6564219565399202,1,20260726T102553,2026-07-26T10:26:41.694234+00:00
C-863087b7,0.335775640190041,0,20260726T102553,2026-07-26T10:26:41.694234+00:00
C-4deb7df3,0.492858952410027,0,20260726T102553,2026-07-26T10:26:41.694234+00:00
C-2a88f9de,0.6614901211727408,1,20260726T102553,2026-07-26T10:26:41.694234+00:00
C-1587a8c6,0.09614909874417395,0,20260726T102553,2026-07-26T10:26:41.694234+00:00
C-4e91eb90,0.36796816573065644,0,20260726T102553,2026-07-26T10:26:41.694234+00:00
C-738ec12f,0.5971517440775764,1,20260726T102553,2026-07-26T10:26:41.694234+00:00
C-7f346ae7,0.6479663264715435,1,20260726T102553,2026-07-26T10:26:41.694234+00:00
C-2b2b7c68,0.39121535160009063,0,20260726T102553,2026-07-26T10:26:41.694234+00:00
C-79feba46,0.059461494837474566,0,20260726T102553,2026-07-26T10:26:41.694234+00:00
C-d077ca0f,0.38016875936289485,0,20260726T102553,2026-07-26T10:26:41.694234+00:00
C-9c3427b8,0.35159409573367734,0,20260726T102553,2026-07-26T10:26:41.694234+00:00
C-34490d48,0.11417390836450719,0,20260726T102553,2026-07-26T10:26:41.694234+00:00
C-a40545eb,0.2842336353172895,0,20260726T102553,2026-07-26T10:26:41.694234+00:00
C-1404476e,0.551307851565331,1,20260726T102553,2026-07-26T10:26:41.694234+00:00
C-5fbd0729,0.1655559446370382,0,20260726T102553,2026-07-26T10:26:41.694234+00:00
C-0fd6011e,0.25775075954801807,0,20260726T102553,2026-07-26T10:26:41.694234+00:00
C-c4d91c81,0.17029409303865642,0,20260726T102553,2026-07-26T10:26:41.694234+00:00
C-e50743ac,0.4865488972566516,0,20260726T102553,2026-07-26T10:26:41.694234+00:00
C-c6cbedaf,0.3828163933248152,0,20260726T102553,2026-07-26T10:26:41.694234+00:00
C-94df73d6,0.8784295734731405,1,20260726T102553,2026-07-26T10:26:41.694234+00:00
C-64994c8f,0.5168076328128159,1,20260726T102553,2026-07-26T10:26:41.694234+00:00
C-9d48114a,0.3441652568243692,0,20260726T102553,2026-07-26T10:26:41.694234+00:00
C-4ac755c6,0.06076462594383642,0,20260726T102553,2026-07-26T10:26:41.694234+00:00
C-381cf717,0.03231186212940256,0,20260726T102553,2026-07-26T10:26:41.694234+00:00
C-44e69b0b,0.7361118085436407,1,20260726T102553,2026-07-26T10:26:41.694234+00:00
C-8511cab7,0.7858257114984485,1,20260726T102553,2026-07-26T10:26:41.694234+00:00
C-7c045f3c,0.10931392695719234,0,20260726T102553,2026-07-26T10:26:41.694234+00:00
C-3bafb152,0.33201718419329707,0,20260726T102553,2026-07-26T10:26:41.694234+00:00
C-5b0678ef,0.3920769798946716,0,20260726T102553,2026-07-26T10:26:41.694234+00:00
C-d28dca1c,0.5578900647276315,1,20260726T102553,2026-07-26T10:26:41.694234+00:00
C-4a63cd3e,0.025526726051290187,0,20260726T102553,2026-07-26T10:26:41.694234+00:00
C-deac42fc,0.21432132695066033,0,20260726T102553,2026-07-26T10:26:41.694234+00:00
C-efb9fbd2,0.6619730960169518,1,20260726T102553,2026-07-26T10:26:41.694234+00:00
C-099a9113,0.7932153524881446,1,20260726T102553,2026-07-26T10:26:41.694234+00:00
C-7ee09efb,0.05577265205523496,0,20260726T102553,2026-07-26T10:26:41.694234+00:00
C-1cb5f102,0.7652647381618849,1,20260726T102553,2026-07-26T10:26:41.694234+00:00
C-f890deda,0.420269085066606,0,20260726T102553,2026-07-26T10:26:41.694234+00:00
C-9fc57583,0.022111361607510704,0,20260726T102553,2026-07-26T10:26:41.694234+00:00
C-ad715e12,0.6934971285770825,1,20260726T102553,2026-07-26T10:26:41.694234+00:00
C-a37f3743,0.7268353229057714,1,20260726T102553,2026-07-26T10:26:41.694234+00:00
C-9c91e67d,0.2133289009864691,0,20260726T102553,2026-07-26T10:26:41.694234+00:00
C-3c217429,0.095529702527,0,20260726T102553,2026-07-26T10:26:41.694234+00:00
C-2be3e99a,0.356879906836965,0,20260726T102553,2026-07-26T10:26:41.694234+00:00
C-55857470,0.18725312608989136,0,20260726T102553,2026-07-26T10:26:41.694234+00:00
C-14dc0efa,0.962038339717148,1,20260726T102553,2026-07-26T10:26:41.694234+00:00
C-1914eb7b,0.18712027514057178,0,20260726T102553,2026-07-26T10:26:41.694234+00:00
C-228a087e,0.3705097958490489,0,20260726T102553,2026-07-26T10:26:41.694234+00:00
C-2fb78c8a,0.40623032997829867,0,20260726T102553,2026-07-26T10:26:41.694234+00:00
C-90e71e27,0.6473187299502408,1,20260726T102553,2026-07-26T10:26:41.694234+00:00
C-10e8d744,0.5839957594544096,1,20260726T102553,2026-07-26T10:26:41.694234+00:00
C-72336eab,0.8293203275624852,1,20260726T102553,2026-07-26T10:26:41.694234+00:00
C-d4ad80d5,0.46890422974807006,0,20260726T102553,2026-07-26T10:26:41.694234+00:00
C-af5cfef9,0.19193046515208753,0,20260726T102553,2026-07-26T10:26:41.694234+00:00
C-415aa9ac,0.10739849361047729,0,20260726T102553,2026-07-26T10:26:41.694234+00:00
C-98351105,0.6863657613744946,1,20260726T102553,2026-07-26T10:26:41.694234+00:00
C-095f7ee3,0.2868070334317734,0,20260726T102553,2026-07-26T10:26:41.694234+00:00
C-6d602fb4,0.19943866322533474,0,20260726T102553,2026-07-26T10:26:41.694234+00:00
C-8252690a,0.890422222447594,1,20260726T102553,2026-07-26T10:26:41.694234+00:00
C-f5f094fd,0.4519065482270816,0,20260726T102553,2026-07-26T10:26:41.694234+00:00
C-707d4790,0.7530641158597997,1,20260726T102553,2026-07-26T10:26:41.694234+00:00
C-3fec7a23,0.5679386998901098,1,20260726T102553,2026-07-26T10:26:41.694234+00:00
C-75e47e4d,0.031818343530400424,0,20260726T102553,2026-07-26T10:26:41.694234+00:00
C-c066dcfa,0.629228408622877,1,20260726T102553,2026-07-26T10:26:41.694234+00:00
C-e1d344c0,0.1127075726473586,0,20260726T102553,2026-07-26T10:26:41.694234+00:00
C-41ca5dd9,0.1611659587006007,0,20260726T102553,2026-07-26T10:26:41.694234+00:00
C-04c789c3,0.10513704199231026,0,20260726T102553,2026-07-26T10:26:41.694234+00:00
C-79ef7ff1,0.8646118507714743,1,20260726T102553,2026-07-26T10:26:41.694234+00:00
C-6e01a884,0.39012992595128876,0,20260726T102553,2026-07-26T10:26:41.694234+00:00
C-0111ad2c,0.8737559531345437,1,20260726T102553,2026-07-26T10:26:41.694234+00:00
C-de9ff18b,0.21149906851072742,0,20260726T102553,2026-07-26T10:26:41.694234+00:00
C-5f042627,0.6775511087239513,1,20260726T102553,2026-07-26T10:26:41.694234+00:00
C-aaa25638,0.04218655259303846,0,20260726T102553,2026-07-26T10:26:41.694234+00:00
C-e2277d07,0.08508627525608715,0,20260726T102553,2026-07-26T10:26:41.694234+00:00
C-5ac6f465,0.12331319420600839,0,20260726T102553,2026-07-26T10:26:41.694234+00:00
C-30fe6ab4,0.04789893109436201,0,20260726T102553,2026-07-26T10:26:41.694234+00:00
C-70048d18,0.8319330822189175,1,20260726T102553,2026-07-26T10:26:41.694234+00:00
C-cfdde41d,0.3838087312248847,0,20260726T102553,2026-07-26T10:26:41.694234+00:00
C-219f3208,0.8006437233496139,1,20260726T102553,2026-07-26T10:26:41.694234+00:00
C-bb65dba5,0.14665573192228717,0,20260726T102553,2026-07-26T10:26:41.694234+00:00
C-5881b780,0.45955623465464585,0,20260726T102553,2026-07-26T10:26:41.694234+00:00
C-2c100c0e,0.6731951184909304,1,20260726T102553,2026-07-26T10:26:41.694234+00:00
C-fec14275,0.711159879189869,1,20260726T102553,2026-07-26T10:26:41.694234+00:00
C-0fb4c122,0.8360548940789159,1,20260726T102553,2026-07-26T10:26:41.694234+00:00
C-893a0c31,0.5293045026157244,1,20260726T102553,2026-07-26T10:26:41.694234+00:00
C-e31a2ada,0.5039029722173973,1,20260726T102553,2026-07-26T10:26:41.694234+00:00
C-7937d12e,0.3082359404997627,0,20260726T102553,2026-07-26T10:26:41.694234+00:00
C-d5c24d40,0.6919895113777671,1,20260726T102553,2026-07-26T10:26:41.694234+00:00
C-51bf8281,0.8209188575770587,1,20260726T102553,2026-07-26T10:26:41.694234+00:00
C-b6d00042,0.6168858702934978,1,20260726T102553,2026-07-26T10:26:41.694234+00:00
C-4e476ed9,0.7652881112073409,1,20260726T102553,2026-07-26T10:26:41.694234+00:00
C-9ae20adb,0.3669854389089276,0,20260726T102553,2026-07-26T10:26:41.694234+00:00
C-fba37240,0.3494952418744124,0,20260726T102553,2026-07-26T10:26:41.694234+00:00
C-830baa7b,0.5266740728406398,1,20260726T102553,2026-07-26T10:26:41.694234+00:00
C-d8b8f051,0.051905928210782416,0,20260726T102553,2026-07-26T10:26:41.694234+00:00
C-89361cd1,0.24018737211679828,0,20260726T102553,2026-07-26T10:26:41.694234+00:00
C-ba364a50,0.11865237248895695,0,20260726T102553,2026-07-26T10:26:41.694234+00:00
C-df6d9b91,0.16514979215352868,0,20260726T102553,2026-07-26T10:26:41.694234+00:00
C-447c8e6b,0.08755863549627267,0,20260726T102553,2026-07-26T10:26:41.694234+00:00
C-61a5618e,0.16727286664194377,0,20260726T102553,2026-07-26T10:26:41.694234+00:00
C-21e25b08,0.07053185368023551,0,20260726T102553,2026-07-26T10:26:41.694234+00:00
C-c47ef027,0.10395822190632865,0,20260726T102553,2026-07-26T10:26:41.694234+00:00
C-3199111f,0.8009845133656667,1,20260726T102553,2026-07-26T10:26:41.694234+00:00
C-6ce7f0eb,0.635446565687694,1,20260726T102553,2026-07-26T10:26:41.694234+00:00
C-72fdac18,0.4446442291812367,0,20260726T102553,2026-07-26T10:26:41.694234+00:00
C-31c054f0,0.3440437551058673,0,20260726T102553,2026-07-26T10:26:41.694234+00:00
C-9d3bc724,0.4042268570816442,0,20260726T102553,2026-07-26T10:26:41.694234+00:00
C-01f814fd,0.3727161474299786,0,20260726T102553,2026-07-26T10:26:41.694234+00:00
C-e6db13b2,0.15375958875794096,0,20260726T102553,2026-07-26T10:26:41.694234+00:00
C-bfd9e847,0.11092566306105084,0,20260726T102553,2026-07-26T10:26:41.694234+00:00
C-0133e397,0.13651752665870776,0,20260726T102553,2026-07-26T10:26:41.694234+00:00
C-a5f41f3d,0.02843473382205827,0,20260726T102553,2026-07-26T10:26:41.694234+00:00
C-ab323b8f,0.11627434982124406,0,20260726T102553,2026-07-26T10:26:41.694234+00:00
C-1cb98b14,0.8233357851207056,1,20260726T102553,2026-07-26T10:26:41.694234+00:00
C-85f31156,0.23492546881353138,0,20260726T102553,2026-07-26T10:26:41.694234+00:00
C-e39e99ba,0.6416602551207382,1,20260726T102553,2026-07-26T10:26:41.694234+00:00
C-8be2d0a9,0.5137461924165565,1,20260726T102553,2026-07-26T10:26:41.694234+00:00
C-eea9201c,0.06765948965059083,0,20260726T102553,2026-07-26T10:26:41.694234+00:00
C-6b403fc6,0.12805976370914385,0,20260726T102553,2026-07-26T10:26:41.694234+00:00
C-eeac08d6,0.04876241527878306,0,20260726T102553,2026-07-26T10:26:41.694234+00:00
C-f4bb02b3,0.48989290420036374,0,20260726T102553,2026-07-26T10:26:41.694234+00:00
C-9d8243dc,0.10795478195154277,0,20260726T102553,2026-07-26T10:26:41.694234+00:00
C-94a9c462,0.11759045449562706,0,20260726T102553,2026-07-26T10:26:41.694234+00:00
C-e09f8e47,0.8645812159249571,1,20260726T102553,2026-07-26T10:26:41.694234+00:00
C-2e2f27dd,0.7518249117206963,1,20260726T102553,2026-07-26T10:26:41.694234+00:00
C-22e77885,0.12285018947587337,0,20260726T102553,2026-07-26T10:26:41.694234+00:00
C-e6c8c2ad,0.19200040841301355,0,20260726T102553,2026-07-26T10:26:41.694234+00:00
C-3a3e6566,0.38975811017016254,0,20260726T102553,2026-07-26T10:26:41.694234+00:00
C-2b2a7c31,0.1957279482729039,0,20260726T102553,2026-07-26T10:26:41.694234+00:00
C-4d57374a,0.030345474400376535,0,20260726T102553,2026-07-26T10:26:41.694234+00:00
C-49292a85,0.664784104656948,1,20260726T102553,2026-07-26T10:26:41.694234+00:00
C-ea483cb2,0.029409877921311788,0,20260726T102553,2026-07-26T10:26:41.694234+00:00
C-4cdacf0c,0.7620840503940625,1,20260726T102553,2026-07-26T10:26:41.694234+00:00
C-42f56aa0,0.14255383541534394,0,20260726T102553,2026-07-26T10:26:41.694234+00:00
C-f7af4b77,0.35832049243546105,0,20260726T102553,2026-07-26T10:26:41.694234+00:00
C-df873f8e,0.6923354671592196,1,20260726T102553,2026-07-26T10:26:41.694234+00:00
C-84fd29f3,0.7920029751639687,1,20260726T102553,2026-07-26T10:26:41.694234+00:00
C-27988f56,0.7060091096554088,1,20260726T102553,2026-07-26T10:26:41.694234+00:00
C-aedb2dbf,0.8226126801032803,1,20260726T102553,2026-07-26T10:26:41.694234+00:00
C-1ec6a23b,0.3521409517500249,0,20260726T102553,2026-07-26T10:26:41.694234+00:00
C-d4b75c2a,0.6889149924780347,1,20260726T102553,2026-07-26T10:26:41.694234+00:00
C-aedaff91,0.09083499404513147,0,20260726T102553,2026-07-26T10:26:41.694234+00:00
C-081ea951,0.047980624994557124,0,20260726T102553,2026-07-26T10:26:41.694234+00:00
C-82061142,0.2760178647307119,0,20260726T102553,2026-07-26T10:26:41.694234+00:00
C-646ad759,0.21050404331385933,0,20260726T102553,2026-07-26T10:26:41.694234+00:00
C-ef80e264,0.05735135425423738,0,20260726T102553,2026-07-26T10:26:41.694234+00:00
C-8ee7fbd6,0.915645126248992,1,20260726T102553,2026-07-26T10:26:41.694234+00:00
C-d45ca432,0.3799624666681763,0,20260726T102553,2026-07-26T10:26:41.694234+00:00
C-7b3751d9,0.6561014394126704,1,20260726T102553,2026-07-26T10:26:41.694234+00:00
C-2f7cb52f,0.2424750768349565,0,20260726T102553,2026-07-26T10:26:41.694234+00:00
C-178ccf91,0.02382648056892614,0,20260726T102553,2026-07-26T10:26:41.694234+00:00
C-72f719c3,0.13384682395474298,0,20260726T102553,2026-07-26T10:26:41.694234+00:00
C-dc4c8007,0.608637402260743,1,20260726T102553,2026-07-26T10:26:41.694234+00:00
C-d3012a77,0.03819301560919964,0,20260726T102553,2026-07-26T10:26:41.694234+00:00
C-eadc0e97,0.6929070795324745,1,20260726T102553,2026-07-26T10:26:41.694234+00:00
C-47e4c11e,0.04174084700898258,0,20260726T102553,2026-07-26T10:26:41.694234+00:00
C-6632af32,0.3052464861748885,0,20260726T102553,2026-07-26T10:26:41.694234+00:00
C-79e2b6d0,0.4666258116578879,0,20260726T102553,2026-07-26T10:26:41.694234+00:00
C-76eb355e,0.5668795304004239,1,20260726T102553,2026-07-26T10:26:41.694234+00:00
C-9bb5b8c9,0.8135042938859226,1,20260726T102553,2026-07-26T10:26:41.694234+00:00
C-1e45af3b,0.8426052432313121,1,20260726T102553,2026-07-26T10:26:41.694234+00:00
C-954a450b,0.050749443883112706,0,20260726T102553,2026-07-26T10:26:41.694234+00:00
C-91ba0635,0.19547942085396278,0,20260726T102553,2026-07-26T10:26:41.694234+00:00
C-f6d1bf46,0.7599265204469099,1,20260726T102553,2026-07-26T10:26:41.694234+00:00
C-6af8af02,0.20734311613320666,0,20260726T102553,2026-07-26T10:26:41.694234+00:00
C-251f0262,0.3557085802209641,0,20260726T102553,2026-07-26T10:26:41.694234+00:00
C-0e7497d7,0.8576955847389346,1,20260726T102553,2026-07-26T10:26:41.694234+00:00
C-626f213d,0.5053642875915045,1,20260726T102553,2026-07-26T10:26:41.694234+00:00
C-5f822347,0.72054332990207,1,20260726T102553,2026-07-26T10:26:41.694234+00:00
C-02b607cd,0.5264883964801699,1,20260726T102553,2026-07-26T10:26:41.694234+00:00
C-1bf7d3df,0.657516928754878,1,20260726T102553,2026-07-26T10:26:41.694234+00:00
C-ee53ec1e,0.16516454475469344,0,20260726T102553,2026-07-26T10:26:41.694234+00:00
C-90c8cd11,0.1363034421052799,0,20260726T102553,2026-07-26T10:26:41.694234+00:00
C-5f59c948,0.7834279122920447,1,20260726T102553,2026-07-26T10:26:41.694234+00:00
C-6a737f34,0.6402916651028688,1,20260726T102553,2026-07-26T10:26:41.694234+00:00
C-969d1613,0.3629677725778499,0,20260726T102553,2026-07-26T10:26:41.694234+00:00
C-648d9187,0.35859449519094316,0,20260726T102553,2026-07-26T10:26:41.694234+00:00
C-0c445e91,0.6939776686339181,1,20260726T102553,2026-07-26T10:26:41.694234+00:00
C-ba5c52d8,0.26831722384013856,0,20260726T102553,2026-07-26T10:26:41.694234+00:00
C-c7da5eaf,0.7912014773933121,1,20260726T102553,2026-07-26T10:26:41.694234+00:00
C-8f20e101,0.5763016156999781,1,20260726T102553,2026-07-26T10:26:41.694234+00:00
C-ede4c50d,0.9152325470792257,1,20260726T102553,2026-07-26T10:26:41.694234+00:00
C-895a034b,0.6921953517649612,1,20260726T102553,2026-07-26T10:26:41.694234+00:00
C-7ef2c656,0.2458960803668972,0,20260726T102553,2026-07-26T10:26:41.694234+00:00
C-3637b925,0.3395977919485954,0,20260726T102553,2026-07-26T10:26:41.694234+00:00
C-8fe5074a,0.02039104395592219,0,20260726T102553,2026-07-26T10:26:41.694234+00:00
C-efb7c05f,0.02435121622071946,0,20260726T102553,2026-07-26T10:26:41.694234+00:00
C-2cf4acf9,0.8840504079922038,1,20260726T102553,2026-07-26T10:26:41.694234+00:00
C-d8377286,0.8071579874788126,1,20260726T102553,2026-07-26T10:26:41.694234+00:00
C-a444cb25,0.7895653314020588,1,20260726T102553,2026-07-26T10:26:41.694234+00:00
C-d4f6f0d0,0.16211215705697896,0,20260726T102553,2026-07-26T10:26:41.694234+00:00
C-bffdd58f,0.6869847998808536,1,20260726T102553,2026-07-26T10:26:41.694234+00:00
C-53a7d38f,0.06919932353568278,0,20260726T102553,2026-07-26T10:26:41.694234+00:00
C-51afb961,0.6866618490207796,1,20260726T102553,2026-07-26T10:26:41.694234+00:00
C-1d789b68,0.5055119735564094,1,20260726T102553,2026-07-26T10:26:41.694234+00:00
C-2d53b3d1,0.3485027553420336,0,20260726T102553,2026-07-26T10:26:41.694234+00:00
C-424f20b6,0.5935451363413362,1,20260726T102553,2026-07-26T10:26:41.694234+00:00
C-0ecd824f,0.5313146528298277,1,20260726T102553,2026-07-26T10:26:41.694234+00:00
C-01ce2396,0.12559749047570157,0,20260726T102553,2026-07-26T10:26:41.694234+00:00
C-47500111,0.652652217824524,1,20260726T102553,2026-07-26T10:26:41.694234+00:00
C-a8c6f8ac,0.5747815384812438,1,20260726T102553,2026-07-26T10:26:41.694234+00:00
C-5cd1f407,0.4058165137750234,0,20260726T102553,2026-07-26T10:26:41.694234+00:00
C-b0cc73e2,0.7569347770425583,1,20260726T102553,2026-07-26T10:26:41.694234+00:00
C-1d9c0d4a,0.7684807690368616,1,20260726T102553,2026-07-26T10:26:41.694234+00:00
C-2ecd4d53,0.2700179939820484,0,20260726T102553,2026-07-26T10:26:41.694234+00:00
C-c99b0427,0.16731772099895484,0,20260726T102553,2026-07-26T10:26:41.694234+00:00
C-015cfca2,0.47231003484788747,0,20260726T102553,2026-07-26T10:26:41.694234+00:00
C-4781a327,0.474813113272601,0,20260726T102553,2026-07-26T10:26:41.694234+00:00
C-34cd94d5,0.7810430266355622,1,20260726T102553,2026-07-26T10:26:41.694234+00:00
C-79edd4e1,0.6518483017806191,1,20260726T102553,2026-07-26T10:26:41.694234+00:00
C-e02d56f0,0.02694781658961337,0,20260726T102553,2026-07-26T10:26:41.694234+00:00
C-c51d3f45,0.7968512966571437,1,20260726T102553,2026-07-26T10:26:41.694234+00:00
C-68b72a9f,0.13795316863044704,0,20260726T102553,2026-07-26T10:26:41.694234+00:00
C-c3dc4f54,0.6175664504907568,1,20260726T102553,2026-07-26T10:26:41.694234+00:00
C-9ad64237,0.22693504417692978,0,20260726T102553,2026-07-26T10:26:41.694234+00:00
C-f7e6f520,0.7822237082548871,1,20260726T102553,2026-07-26T10:26:41.694234+00:00
C-eb5f25ef,0.02703153086874219,0,20260726T102553,2026-07-26T10:26:41.694234+00:00
C-4bb9aa14,0.7643068045608347,1,20260726T102553,2026-07-26T10:26:41.694234+00:00
C-df86e113,0.6374472856363218,1,20260726T102553,2026-07-26T10:26:41.694234+00:00
C-628bdd7d,0.7772708276125596,1,20260726T102553,2026-07-26T10:26:41.694234+00:00
C-68b093d0,0.46370067066442433,0,20260726T102553,2026-07-26T10:26:41.694234+00:00
C-04e4dac2,0.5186054502186819,1,20260726T102553,2026-07-26T10:26:41.694234+00:00
C-93924930,0.7145325124659939,1,20260726T102553,2026-07-26T10:26:41.694234+00:00
C-2a4b7424,0.24299699171515607,0,20260726T102553,2026-07-26T10:26:41.694234+00:00
C-f1c04409,0.41302311641363293,0,20260726T102553,2026-07-26T10:26:41.694234+00:00
C-e66647c7,0.5340326713300245,1,20260726T102553,2026-07-26T10:26:41.694234+00:00
C-54870e4f,0.35521116626813826,0,20260726T102553,2026-07-26T10:26:41.694234+00:00
C-28805dfe,0.6495694989463743,1,20260726T102553,2026-07-26T10:26:41.694234+00:00
C-e0eea135,0.8684540329119645,1,20260726T102553,2026-07-26T10:26:41.694234+00:00
C-5b47dc34,0.1319522013198953,0,20260726T102553,2026-07-26T10:26:41.694234+00:00
C-eab4d0c6,0.3080008911317058,0,20260726T102553,2026-07-26T10:26:41.694234+00:00
C-1cc1850e,0.30356294198233136,0,20260726T102553,2026-07-26T10:26:41.694234+00:00
C-85519a19,0.30158192925000776,0,20260726T102553,2026-07-26T10:26:41.694234+00:00
C-43cac396,0.08823955872057171,0,20260726T102553,2026-07-26T10:26:41.694234+00:00
C-8afbf222,0.8278651308289068,1,20260726T102553,2026-07-26T10:26:41.694234+00:00
C-b2a8626a,0.2810385116696365,0,20260726T102553,2026-07-26T10:26:41.694234+00:00
C-0cc4cb1c,0.9146727759395238,1,20260726T102553,2026-07-26T10:26:41.694234+00:00
C-3a680828,0.2677646824896766,0,20260726T102553,2026-07-26T10:26:41.694234+00:00
C-b7a4d6d5,0.11103382527094091,0,20260726T102553,2026-07-26T10:26:41.694234+00:00
C-36fc73b6,0.384755971742044,0,20260726T102553,2026-07-26T10:26:41.694234+00:00
C-d8e55fe6,0.5161703214637274,1,20260726T102553,2026-07-26T10:26:41.694234+00:00
C-3320d769,0.4982199011915132,0,20260726T102553,2026-07-26T10:26:41.694234+00:00
C-3acb8488,0.4086717409228586,0,20260726T102553,2026-07-26T10:26:41.694234+00:00
C-117311a4,0.3673299271040495,0,20260726T102553,2026-07-26T10:26:41.694234+00:00
C-63cac194,0.38168213044437355,0,20260726T102553,2026-07-26T10:26:41.694234+00:00
C-b473deec,0.2898390807907479,0,20260726T102553,2026-07-26T10:26:41.694234+00:00
C-66a348d0,0.42804698014754683,0,20260726T102553,2026-07-26T10:26:41.694234+00:00
C-b5b7e600,0.8253942080075047,1,20260726T102553,2026-07-26T10:26:41.694234+00:00
C-3a393d6b,0.7777955773002543,1,20260726T102553,2026-07-26T10:26:41.694234+00:00
C-33b5c525,0.7630729406768589,1,20260726T102553,2026-07-26T10:26:41.694234+00:00
C-50adc2b1,0.5205564339660208,1,20260726T102553,2026-07-26T10:26:41.694234+00:00
C-1513cc8b,0.47169690952730337,0,20260726T102553,2026-07-26T10:26:41.694234+00:00
C-6b667473,0.6001269595475077,1,20260726T102553,2026-07-26T10:26:41.694234+00:00
C-cd33598b,0.30689888530129905,0,20260726T102553,2026-07-26T10:26:41.694234+00:00
C-f9b81c20,0.06432862718433928,0,20260726T102553,2026-07-26T10:26:41.694234+00:00
C-48466e35,0.8561658588676747,1,20260726T102553,2026-07-26T10:26:41.694234+00:00
C-d9411af4,0.759525913946426,1,20260726T102553,2026-07-26T10:26:41.694234+00:00
C-8beca635,0.4545173421880258,0,20260726T102553,2026-07-26T10:26:41.694234+00:00
C-ab796a8f,0.055998507178812135,0,20260726T102553,2026-07-26T10:26:41.694234+00:00
C-491e4756,0.6456383412454957,1,20260726T102553,2026-07-26T10:26:41.694234+00:00
C-7a56e4e3,0.4403334467142702,0,20260726T102553,2026-07-26T10:26:41.694234+00:00
C-2f0dd545,0.4731880038188892,0,20260726T102553,2026-07-26T10:26:41.694234+00:00
C-6a1593ea,0.7191636373618933,1,20260726T102553,2026-07-26T10:26:41.694234+00:00
C-1a54cded,0.6015761046703544,1,20260726T102553,2026-07-26T10:26:41.694234+00:00
C-0e2b1946,0.19529174253128737,0,20260726T102553,2026-07-26T10:26:41.694234+00:00
C-55fc54f6,0.43811276368978924,0,20260726T102553,2026-07-26T10:26:41.694234+00:00
C-73de9ec6,0.17498745781025982,0,20260726T102553,2026-07-26T10:26:41.694234+00:00
C-aa60cf2d,0.022005544692324897,0,20260726T102553,2026-07-26T10:26:41.694234+00:00
C-00e36267,0.5161067040830598,1,20260726T102553,2026-07-26T10:26:41.694234+00:00
C-ee48c901,0.5049964914381054,1,20260726T102553,2026-07-26T10:26:41.694234+00:00
C-269adef2,0.6523646246570846,1,20260726T102553,2026-07-26T10:26:41.694234+00:00
C-276145e9,0.7814891244784368,1,20260726T102553,2026-07-26T10:26:41.694234+00:00
C-9665d95a,0.7211262093821222,1,20260726T102553,2026-07-26T10:26:41.694234+00:00
C-076e4848,0.784866925542978,1,20260726T102553,2026-07-26T10:26:41.694234+00:00
C-948fdde7,0.06591778477763914,0,20260726T102553,2026-07-26T10:26:41.694234+00:00
C-564817a6,0.1520921396532191,0,20260726T102553,2026-07-26T10:26:41.694234+00:00
C-2d2a6691,0.038952696433072226,0,20260726T102553,2026-07-26T10:26:41.694234+00:00
C-f92c21a3,0.06654919174427594,0,20260726T102553,2026-07-26T10:26:41.694234+00:00
C-dd8b79cc,0.3229338020426759,0,20260726T102553,2026-07-26T10:26:41.694234+00:00
C-ebf3f48a,0.7091587373515001,1,20260726T102553,2026-07-26T10:26:41.694234+00:00
C-fea8fdd3,0.8823760550180884,1,20260726T102553,2026-07-26T10:26:41.694234+00:00
C-46693ab2,0.47036039492109044,0,20260726T102553,2026-07-26T10:26:41.694234+00:00
C-925eef83,0.3460346825183635,0,20260726T102553,2026-07-26T10:26:41.694234+00:00
C-faf38942,0.02169330498072444,0,20260726T102553,2026-07-26T10:26:41.694234+00:00
C-db7a2456,0.7335146067495497,1,20260726T102553,2026-07-26T10:26:41.694234+00:00
C-674b995a,0.16622266585616863,0,20260726T102553,2026-07-26T10:26:41.694234+00:00
C-43cef233,0.6437765740118749,1,20260726T102553,2026-07-26T10:26:41.694234+00:00
C-97d2a336,0.6454638042237105,1,20260726T102553,2026-07-26T10:26:41.694234+00:00
C-690eeda5,0.8019671179189934,1,20260726T102553,2026-07-26T10:26:41.694234+00:00
C-c151851e,0.3576151986513865,0,20260726T102553,2026-07-26T10:26:41.694234+00:00
C-8cd58967,0.8729375377019682,1,20260726T102553,2026-07-26T10:26:41.694234+00:00
C-770d7fac,0.22902510132067846,0,20260726T102553,2026-07-26T10:26:41.694234+00:00
C-8b9eaeff,0.42542837822578855,0,20260726T102553,2026-07-26T10:26:41.694234+00:00
C-ac199fa9,0.38013929680570663,0,20260726T102553,2026-07-26T10:26:41.694234+00:00
C-be67d49a,0.7414245524570446,1,20260726T102553,2026-07-26T10:26:41.694234+00:00
C-87f41032,0.21104470741118067,0,20260726T102553,2026-07-26T10:26:41.694234+00:00
C-30d11a54,0.6634430395169422,1,20260726T102553,2026-07-26T10:26:41.694234+00:00
C-e347ccf8,0.7066624545448592,1,20260726T102553,2026-07-26T10:26:41.694234+00:00
C-7b8dd42b,0.19125280355280316,0,20260726T102553,2026-07-26T10:26:41.694234+00:00
C-43fc0a0c,0.22665291056434733,0,20260726T102553,2026-07-26T10:26:41.694234+00:00
C-cff0b47e,0.03022616658958323,0,20260726T102553,2026-07-26T10:26:41.694234+00:00
C-9c550e38,0.5107211379782073,1,20260726T102553,2026-07-26T10:26:41.694234+00:00
C-699be139,0.4513188882991609,0,20260726T102553,2026-07-26T10:26:41.694234+00:00
C-06700be6,0.07990554806717072,0,20260726T102553,2026-07-26T10:26:41.694234+00:00
C-b243269e,0.3195800112391906,0,20260726T102553,2026-07-26T10:26:41.694234+00:00
C-8bf2d78e,0.7680030769667292,1,20260726T102553,2026-07-26T10:26:41.694234+00:00
C-5c09a76b,0.05069706397658694,0,20260726T102553,2026-07-26T10:26:41.694234+00:00
C-de01fc3c,0.38925741011032944,0,20260726T102553,2026-07-26T10:26:41.694234+00:00
C-e8e4fda2,0.021691226712116467,0,20260726T102553,2026-07-26T10:26:41.694234+00:00
C-5e1babc4,0.33735187048019794,0,20260726T102553,2026-07-26T10:26:41.694234+00:00
C-9a6a3ef3,0.8015245738654916,1,20260726T102553,2026-07-26T10:26:41.694234+00:00
C-9d3c69b4,0.5731597589492707,1,20260726T102553,2026-07-26T10:26:41.694234+00:00
C-14a7512c,0.5089856940906224,1,20260726T102553,2026-07-26T10:26:41.694234+00:00
C-243c00fa,0.9100212863833915,1,20260726T102553,2026-07-26T10:26:41.694234+00:00
C-c056bb47,0.40156956451980297,0,20260726T102553,2026-07-26T10:26:41.694234+00:00
C-51e9ef07,0.3158659316975287,0,20260726T102553,2026-07-26T10:26:41.694234+00:00
C-1f4d48c3,0.1870924928109714,0,20260726T102553,2026-07-26T10:26:41.694234+00:00
C-2ab6a90c,0.3531284305635632,0,20260726T102553,2026-07-26T10:26:41.694234+00:00
C-9f1813e4,0.756514233391114,1,20260726T102553,2026-07-26T10:26:41.694234+00:00
C-8a451a8b,0.525745207685749,1,20260726T102553,2026-07-26T10:26:41.694234+00:00
C-913a8fef,0.8656119650477829,1,20260726T102553,2026-07-26T10:26:41.694234+00:00
C-8dd907fd,0.7847422440802236,1,20260726T102553,2026-07-26T10:26:41.694234+00:00
C-2ab38dc0,0.03818413285543655,0,20260726T102553,2026-07-26T10:26:41.694234+00:00
C-0b04cd8a,0.747341481365025,1,20260726T102553,2026-07-26T10:26:41.694234+00:00
C-07d27664,0.38828186183152563,0,20260726T102553,2026-07-26T10:26:41.694234+00:00
C-aaef77ba,0.7139020440976188,1,20260726T102553,2026-07-26T10:26:41.694234+00:00
C-d55ab03b,0.5133534804732818,1,20260726T102553,2026-07-26T10:26:41.694234+00:00
C-bc521f31,0.7442844820412872,1,20260726T102553,2026-07-26T10:26:41.694234+00:00
C-ae9ddd87,0.026933398159660202,0,20260726T102553,2026-07-26T10:26:41.694234+00:00
C-b29075c4,0.7849113835548578,1,20260726T102553,2026-07-26T10:26:41.694234+00:00
C-485f2fc1,0.7512858161567014,1,20260726T102553,2026-07-26T10:26:41.694234+00:00
C-15f7f63a,0.6060464623894235,1,20260726T102553,2026-07-26T10:26:41.694234+00:00
C-c85ccabc,0.4615911915601135,0,20260726T102553,2026-07-26T10:26:41.694234+00:00
C-e4b740ff,0.6105340500582653,1,20260726T102553,2026-07-26T10:26:41.694234+00:00
C-21fbb424,0.5251714483757434,1,20260726T102553,2026-07-26T10:26:41.694234+00:00
C-61c5125e,0.836665803332734,1,20260726T102553,2026-07-26T10:26:41.694234+00:00
C-936287d7,0.04828752370670766,0,20260726T102553,2026-07-26T10:26:41.694234+00:00
C-0e1dfd8c,0.5150760844692347,1,20260726T102553,2026-07-26T10:26:41.694234+00:00
C-3758585f,0.09301354904906285,0,20260726T102553,2026-07-26T10:26:41.694234+00:00
C-33e0de3e,0.7496885060670456,1,20260726T102553,2026-07-26T10:26:41.694234+00:00
C-c7ac31ed,0.45732125945438196,0,20260726T102553,2026-07-26T10:26:41.694234+00:00
C-35f2e60d,0.5076196419925624,1,20260726T102553,2026-07-26T10:26:41.694234+00:00
C-7e8bb022,0.07778420972946128,0,20260726T102553,2026-07-26T10:26:41.694234+00:00
C-f9ac01c6,0.6896028241942987,1,20260726T102553,2026-07-26T10:26:41.694234+00:00
C-72f46ca8,0.12425839669680594,0,20260726T102553,2026-07-26T10:26:41.694234+00:00
C-c14e2707,0.6457631939064991,1,20260726T102553,2026-07-26T10:26:41.694234+00:00
C-b9240fb5,0.3227076801902536,0,20260726T102553,2026-07-26T10:26:41.694234+00:00
C-a33467f8,0.36092594209523293,0,20260726T102553,2026-07-26T10:26:41.694234+00:00
C-4fc1f42e,0.2743529078306588,0,20260726T102553,2026-07-26T10:26:41.694234+00:00
C-04d63a74,0.05291751602902471,0,20260726T102553,2026-07-26T10:26:41.694234+00:00
C-60db1536,0.12703269247234,0,20260726T102553,2026-07-26T10:26:41.694234+00:00
C-05e213d3,0.5918846289232516,1,20260726T102553,2026-07-26T10:26:41.694234+00:00
C-73959461,0.6406169228993394,1,20260726T102553,2026-07-26T10:26:41.694234+00:00
C-4f787280,0.18594057418880347,0,20260726T102553,2026-07-26T10:26:41.694234+00:00
C-63821fb2,0.7184299631902815,1,20260726T102553,2026-07-26T10:26:41.694234+00:00
C-39900454,0.9399110420034945,1,20260726T102553,2026-07-26T10:26:41.694234+00:00
C-492d497a,0.6706816459764566,1,20260726T102553,2026-07-26T10:26:41.694234+00:00
C-a94474a1,0.5362342869386474,1,20260726T102553,2026-07-26T10:26:41.694234+00:00
C-38e707ef,0.04900175318023183,0,20260726T102553,2026-07-26T10:26:41.694234+00:00
C-d2435108,0.6379597347424072,1,20260726T102553,2026-07-26T10:26:41.694234+00:00
C-b1dc7cdb,0.16585126275391923,0,20260726T102553,2026-07-26T10:26:41.694234+00:00
C-27fa6b9e,0.10348185594826982,0,20260726T102553,2026-07-26T10:26:41.694234+00:00
C-605e9aaa,0.8761604380187485,1,20260726T102553,2026-07-26T10:26:41.694234+00:00
C-b56200d3,0.32050664447818983,0,20260726T102553,2026-07-26T10:26:41.694234+00:00
C-b3673cbd,0.3455893735974999,0,20260726T102553,2026-07-26T10:26:41.694234+00:00
C-a37dadc9,0.26495786953021283,0,20260726T102553,2026-07-26T10:26:41.694234+00:00
C-7a2cf6bc,0.8734280573024094,1,20260726T102553,2026-07-26T10:26:41.694234+00:00
C-9934400c,0.43130869825101287,0,20260726T102553,2026-07-26T10:26:41.694234+00:00
C-572cc2f1,0.7409517618228643,1,20260726T102553,2026-07-26T10:26:41.694234+00:00
C-eaa48aa9,0.521282470853563,1,20260726T102553,2026-07-26T10:26:41.694234+00:00
C-6dec736a,0.11919148129230071,0,20260726T102553,2026-07-26T10:26:41.694234+00:00
C-2f52e6e6,0.2001899111146297,0,20260726T102553,2026-07-26T10:26:41.694234+00:00
C-ad2eba79,0.6886560041005074,1,20260726T102553,2026-07-26T10:26:41.694234+00:00
C-423ee9eb,0.7192231490128522,1,20260726T102553,2026-07-26T10:26:41.694234+00:00
C-09e8401b,0.6633543843968783,1,20260726T102553,2026-07-26T10:26:41.694234+00:00
C-17d47dc7,0.1640881773546476,0,20260726T102553,2026-07-26T10:26:41.694234+00:00
C-4d681a82,0.37326614250136364,0,20260726T102553,2026-07-26T10:26:41.694234+00:00
C-aee0b93c,0.9073588162476839,1,20260726T102553,2026-07-26T10:26:41.694234+00:00
C-78ea88a4,0.0225523225175533,0,20260726T102553,2026-07-26T10:26:41.694234+00:00
C-cb15c531,0.21999348690258036,0,20260726T102553,2026-07-26T10:26:41.694234+00:00
C-6428a95b,0.6331369569911177,1,20260726T102553,2026-07-26T10:26:41.694234+00:00
C-bb515715,0.14963126006206354,0,20260726T102553,2026-07-26T10:26:41.694234+00:00
C-895bd3a6,0.3434693533955153,0,20260726T102553,2026-07-26T10:26:41.694234+00:00
C-846eee9c,0.12213197260846802,0,20260726T102553,2026-07-26T10:26:41.694234+00:00
C-39e0e2b4,0.4657945380507853,0,20260726T102553,2026-07-26T10:26:41.694234+00:00
C-b6765fed,0.18873304134128804,0,20260726T102553,2026-07-26T10:26:41.694234+00:00
C-c28f6be1,0.6363084370597998,1,20260726T102553,2026-07-26T10:26:41.694234+00:00
C-6957a8b8,0.2913116963254635,0,20260726T102553,2026-07-26T10:26:41.694234+00:00
C-ccac7707,0.713039598179172,1,20260726T102553,2026-07-26T10:26:41.694234+00:00
C-045f06db,0.3466070049494094,0,20260726T102553,2026-07-26T10:26:41.694234+00:00
C-cdd013f6,0.14817959927473126,0,20260726T102553,2026-07-26T10:26:41.694234+00:00
C-429226e7,0.8677973893711928,1,20260726T102553,2026-07-26T10:26:41.694234+00:00
C-e80f8f05,0.030091554315822184,0,20260726T102553,2026-07-26T10:26:41.694234+00:00
C-948c5614,0.7092285394063342,1,20260726T102553,2026-07-26T10:26:41.694234+00:00
C-ade45895,0.12048579561602495,0,20260726T102553,2026-07-26T10:26:41.694234+00:00
C-69986fa5,0.5168772644204465,1,20260726T102553,2026-07-26T10:26:41.694234+00:00
C-65ce9b2c,0.7739999661798534,1,20260726T102553,2026-07-26T10:26:41.694234+00:00
C-538dc8d9,0.8163056818150976,1,20260726T102553,2026-07-26T10:26:41.694234+00:00
C-e080e5f9,0.9405830848082263,1,20260726T102553,2026-07-26T10:26:41.694234+00:00
C-ed05a6bc,0.5155059496581023,1,20260726T102553,2026-07-26T10:26:41.694234+00:00
C-3c00664a,0.12626274027629958,0,20260726T102553,2026-07-26T10:26:41.694234+00:00
C-25fd911a,0.029587740092193764,0,20260726T102553,2026-07-26T10:26:41.694234+00:00
C-acbc2942,0.13727323023838334,0,20260726T102553,2026-07-26T10:26:41.694234+00:00
C-edbeaaff,0.6577755630980159,1,20260726T102553,2026-07-26T10:26:41.694234+00:00
C-fdb59537,0.06941330988424446,0,20260726T102553,2026-07-26T10:26:41.694234+00:00
C-9248f078,0.18749786728172424,0,20260726T102553,2026-07-26T10:26:41.694234+00:00
C-2d26d76e,0.39819192338353127,0,20260726T102553,2026-07-26T10:26:41.694234+00:00
C-49bb2351,0.8015191481494363,1,20260726T102553,2026-07-26T10:26:41.694234+00:00
C-c9b41e05,0.07341735532561099,0,20260726T102553,2026-07-26T10:26:41.694234+00:00
C-e6cf7177,0.4329640075094474,0,20260726T102553,2026-07-26T10:26:41.694234+00:00
C-4aa9fef2,0.05133394380382868,0,20260726T102553,2026-07-26T10:26:41.694234+00:00
C-db038145,0.5316561842313747,1,20260726T102553,2026-07-26T10:26:41.694234+00:00
C-e78d3667,0.0367309666911741,0,20260726T102553,2026-07-26T10:26:41.694234+00:00
C-f0f5996d,0.9240497230842692,1,20260726T102553,2026-07-26T10:26:41.694234+00:00
C-cbc51e60,0.3937404932055787,0,20260726T102553,2026-07-26T10:26:41.694234+00:00
C-680c285a,0.7463921696440654,1,20260726T102553,2026-07-26T10:26:41.694234+00:00
C-a45fddd0,0.09147447181613359,0,20260726T102553,2026-07-26T10:26:41.694234+00:00
C-a94b50cb,0.7590816365037922,1,20260726T102553,2026-07-26T10:26:41.694234+00:00
C-ad3c342e,0.7981854047032573,1,20260726T102553,2026-07-26T10:26:41.694234+00:00
C-e73fe046,0.7556059092426319,1,20260726T102553,2026-07-26T10:26:41.694234+00:00
C-a44e93ff,0.11217968351893928,0,20260726T102553,2026-07-26T10:26:41.694234+00:00
C-a4431013,0.3437724269171642,0,20260726T102553,2026-07-26T10:26:41.694234+00:00
C-869754d1,0.7523729255325551,1,20260726T102553,2026-07-26T10:26:41.694234+00:00
C-53f5ede3,0.7100769008687708,1,20260726T102553,2026-07-26T10:26:41.694234+00:00
C-1c0ced38,0.4023826824260591,0,20260726T102553,2026-07-26T10:26:41.694234+00:00
C-9c6c1003,0.15971052285653348,0,20260726T102553,2026-07-26T10:26:41.694234+00:00
C-60a3aad0,0.07921349000597563,0,20260726T102553,2026-07-26T10:26:41.694234+00:00
C-3dc5f33e,0.07920457393951287,0,20260726T102553,2026-07-26T10:26:41.694234+00:00
C-5c4579a4,0.11305590248340644,0,20260726T102553,2026-07-26T10:26:41.694234+00:00
C-d63091e9,0.6734169194998496,1,20260726T102553,2026-07-26T10:26:41.694234+00:00
C-8ec10f4f,0.451683059042811,0,20260726T102553,2026-07-26T10:26:41.694234+00:00
C-5e5bc28a,0.034268001607923586,0,20260726T102553,2026-07-26T10:26:41.694234+00:00
C-190e2030,0.7078453883631958,1,20260726T102553,2026-07-26T10:26:41.694234+00:00
C-88040757,0.39360479485163014,0,20260726T102553,2026-07-26T10:26:41.694234+00:00
C-8b3203ef,0.02088165133209393,0,20260726T102553,2026-07-26T10:26:41.694234+00:00
C-cd4c7dc4,0.13066522635296485,0,20260726T102553,2026-07-26T10:26:41.694234+00:00
C-c7e7c8cb,0.5925750986172877,1,20260726T102553,2026-07-26T10:26:41.694234+00:00
C-1b4760c0,0.029220128994272843,0,20260726T102553,2026-07-26T10:26:41.694234+00:00
C-924af6c5,0.2055366912108927,0,20260726T102553,2026-07-26T10:26:41.694234+00:00
C-6492580d,0.09106404628841439,0,20260726T102553,2026-07-26T10:26:41.694234+00:00
C-76e0d871,0.04661488390326983,0,20260726T102553,2026-07-26T10:26:41.694234+00:00
C-aea77ca2,0.38819200312530344,0,20260726T102553,2026-07-26T10:26:41.694234+00:00
C-a93e4dab,0.6685699968991866,1,20260726T102553,2026-07-26T10:26:41.694234+00:00
C-ef4d0e33,0.8579395933182559,1,20260726T102553,2026-07-26T10:26:41.694234+00:00
C-7c3383a0,0.6211740866717359,1,20260726T102553,2026-07-26T10:26:41.694234+00:00
C-96bc9964,0.4794137256613744,0,20260726T102553,2026-07-26T10:26:41.694234+00:00
C-c39eb302,0.3679299276356586,0,20260726T102553,2026-07-26T10:26:41.694234+00:00
C-b844134c,0.6482186479004799,1,20260726T102553,2026-07-26T10:26:41.694234+00:00
C-2867e83b,0.5948683740366703,1,20260726T102553,2026-07-26T10:26:41.694234+00:00
C-8816ce8d,0.09897720336101999,0,20260726T102553,2026-07-26T10:26:41.694234+00:00
C-ca744809,0.6727267098802986,1,20260726T102553,2026-07-26T10:26:41.694234+00:00
C-fa77135b,0.156180546567108,0,20260726T102553,2026-07-26T10:26:41.694234+00:00
C-a1ce6941,0.40207265799265623,0,20260726T102553,2026-07-26T10:26:41.694234+00:00
C-e3eff774,0.02338923259561142,0,20260726T102553,2026-07-26T10:26:41.694234+00:00
C-497b7ed9,0.07801017347794689,0,20260726T102553,2026-07-26T10:26:41.694234+00:00
C-227c070f,0.35867947991397975,0,20260726T102553,2026-07-26T10:26:41.694234+00:00
C-29621fb0,0.35643253462196567,0,20260726T102553,2026-07-26T10:26:41.694234+00:00
C-8f75ae3e,0.03236935808711922,0,20260726T102553,2026-07-26T10:26:41.694234+00:00
C-94fd989f,0.5087079788333011,1,20260726T102553,2026-07-26T10:26:41.694234+00:00
C-85a7851f,0.1813614497640817,0,20260726T102553,2026-07-26T10:26:41.694234+00:00
C-ef5ada09,0.6602828182223921,1,20260726T102553,2026-07-26T10:26:41.694234+00:00
C-2543abd8,0.704572440733542,1,20260726T102553,2026-07-26T10:26:41.694234+00:00
C-5e1c79a7,0.8147240565222432,1,20260726T102553,2026-07-26T10:26:41.694234+00:00
C-93eed85a,0.6948881108746432,1,20260726T102553,2026-07-26T10:26:41.694234+00:00
C-65625518,0.3294657012711902,0,20260726T102553,2026-07-26T10:26:41.694234+00:00
C-7cf80058,0.8643060870534175,1,20260726T102553,2026-07-26T10:26:41.694234+00:00
C-36b95635,0.25301268753892087,0,20260726T102553,2026-07-26T10:26:41.694234+00:00
C-4ed9b239,0.5976443014251352,1,20260726T102553,2026-07-26T10:26:41.694234+00:00
C-60d7ae7e,0.09042264342515757,0,20260726T102553,2026-07-26T10:26:41.694234+00:00
C-b293b0c8,0.40622071847447105,0,20260726T102553,2026-07-26T10:26:41.694234+00:00
C-60e664c6,0.4624535143046855,0,20260726T102553,2026-07-26T10:26:41.694234+00:00
C-3788b130,0.7670825340110707,1,20260726T102553,2026-07-26T10:26:41.694234+00:00
C-8590faf1,0.12548249939507256,0,20260726T102553,2026-07-26T10:26:41.694234+00:00
C-5de97e75,0.11361503592859282,0,20260726T102553,2026-07-26T10:26:41.694234+00:00
C-93805c54,0.0926948715532593,0,20260726T102553,2026-07-26T10:26:41.694234+00:00
C-f2892a21,0.055084377638193176,0,20260726T102553,2026-07-26T10:26:41.694234+00:00
C-aac00981,0.12627078284002646,0,20260726T102553,2026-07-26T10:26:41.694234+00:00
C-085517ef,0.290009476742615,0,20260726T102553,2026-07-26T10:26:41.694234+00:00
C-9a83d8ce,0.6017436289031377,1,20260726T102553,2026-07-26T10:26:41.694234+00:00
C-efc7e729,0.3883523607510949,0,20260726T102553,2026-07-26T10:26:41.694234+00:00
C-b83a9cab,0.19109480282923477,0,20260726T102553,2026-07-26T10:26:41.694234+00:00
C-061ab124,0.7876284264332295,1,20260726T102553,2026-07-26T10:26:41.694234+00:00
C-d70d8e70,0.4534141346213023,0,20260726T102553,2026-07-26T10:26:41.694234+00:00
C-18cfbfc9,0.32871052084880015,0,20260726T102553,2026-07-26T10:26:41.694234+00:00
C-88701e74,0.9013101852848603,1,20260726T102553,2026-07-26T10:26:41.694234+00:00
C-ed077deb,0.06912481646511283,0,20260726T102553,2026-07-26T10:26:41.694234+00:00
C-99b91d9a,0.30634742707652735,0,20260726T102553,2026-07-26T10:26:41.694234+00:00
C-d183adf0,0.646302491795805,1,20260726T102553,2026-07-26T10:26:41.694234+00:00
C-cce51e54,0.32020796742610275,0,20260726T102553,2026-07-26T10:26:41.694234+00:00
C-a6e55c4a,0.5031103698128101,1,20260726T102553,2026-07-26T10:26:41.694234+00:00
C-f09ea023,0.7106734831995971,1,20260726T102553,2026-07-26T10:26:41.694234+00:00
C-17ebb92c,0.6708274474057133,1,20260726T102553,2026-07-26T10:26:41.694234+00:00
C-3370e232,0.048336896799747606,0,20260726T102553,2026-07-26T10:26:41.694234+00:00
C-53f5b029,0.37350883511328736,0,20260726T102553,2026-07-26T10:26:41.694234+00:00
C-d9324b22,0.1075252144276217,0,20260726T102553,2026-07-26T10:26:41.694234+00:00
C-824cb974,0.3884779494696403,0,20260726T102553,2026-07-26T10:26:41.694234+00:00
C-1bf706c0,0.740413508270095,1,20260726T102553,2026-07-26T10:26:41.694234+00:00
C-fd0018f2,0.8923239158705848,1,20260726T102553,2026-07-26T10:26:41.694234+00:00
C-e23a8c64,0.4558813021384324,0,20260726T102553,2026-07-26T10:26:41.694234+00:00
C-95d158f6,0.7023077119530394,1,20260726T102553,2026-07-26T10:26:41.694234+00:00
C-a1013e06,0.32222498138182026,0,20260726T102553,2026-07-26T10:26:41.694234+00:00
C-c4b8e1ae,0.07710341152522492,0,20260726T102553,2026-07-26T10:26:41.694234+00:00
C-2ac3dc2b,0.7373885538954247,1,20260726T102553,2026-07-26T10:26:41.694234+00:00
C-613e301f,0.7233106415475357,1,20260726T102553,2026-07-26T10:26:41.694234+00:00
C-7ddb0413,0.6993656407880977,1,20260726T102553,2026-07-26T10:26:41.694234+00:00
C-ac16cefe,0.10717960794527503,0,20260726T102553,2026-07-26T10:26:41.694234+00:00
C-4d21a30f,0.1280802674387215,0,20260726T102553,2026-07-26T10:26:41.694234+00:00
C-8fb71df6,0.44864326892499184,0,20260726T102553,2026-07-26T10:26:41.694234+00:00
C-c582823d,0.22111715131068943,0,20260726T102553,2026-07-26T10:26:41.694234+00:00
C-a954669c,0.5915469949304281,1,20260726T102553,2026-07-26T10:26:41.694234+00:00
C-fa13c14d,0.7633565159775041,1,20260726T102553,2026-07-26T10:26:41.694234+00:00
C-acec0230,0.8354514353715258,1,20260726T102553,2026-07-26T10:26:41.694234+00:00
C-af01c4bb,0.7233357717065396,1,20260726T102553,2026-07-26T10:26:41.694234+00:00
C-2cc111c9,0.31647150671463004,0,20260726T102553,2026-07-26T10:26:41.694234+00:00
C-997021dd,0.7243625423876464,1,20260726T102553,2026-07-26T10:26:41.694234+00:00
C-2f4029d8,0.7466628941584549,1,20260726T102553,2026-07-26T10:26:41.694234+00:00
C-b3b0fbe2,0.27859716709324445,0,20260726T102553,2026-07-26T10:26:41.694234+00:00
C-28a3a4a2,0.6532137330256268,1,20260726T102553,2026-07-26T10:26:41.694234+00:00
C-6e149a39,0.5160986538160988,1,20260726T102553,2026-07-26T10:26:41.694234+00:00
C-15a76df2,0.9208214757079277,1,20260726T102553,2026-07-26T10:26:41.694234+00:00
C-c8e9d6fc,0.415673795369568,0,20260726T102553,2026-07-26T10:26:41.694234+00:00
C-f4a96a46,0.6495550122177908,1,20260726T102553,2026-07-26T10:26:41.694234+00:00
C-a66d3b4e,0.030710990347783136,0,20260726T102553,2026-07-26T10:26:41.694234+00:00
C-daa044ca,0.9415339030954065,1,20260726T102553,2026-07-26T10:26:41.694234+00:00
C-20d4f879,0.4563625702566229,0,20260726T102553,2026-07-26T10:26:41.694234+00:00
C-1d9fe000,0.6446220339840439,1,20260726T102553,2026-07-26T10:26:41.694234+00:00
C-15ba8e04,0.1482770342451115,0,20260726T102553,2026-07-26T10:26:41.694234+00:00
C-7fb00323,0.04018845438640905,0,20260726T102553,2026-07-26T10:26:41.694234+00:00
C-5598603f,0.3353302761106163,0,20260726T102553,2026-07-26T10:26:41.694234+00:00
C-6f40c13c,0.4547140607060043,0,20260726T102553,2026-07-26T10:26:41.694234+00:00
C-c837c198,0.4766268685901249,0,20260726T102553,2026-07-26T10:26:41.694234+00:00
C-7818a8ff,0.7866701483722937,1,20260726T102553,2026-07-26T10:26:41.694234+00:00
C-3bef4f61,0.15080971310656685,0,20260726T102553,2026-07-26T10:26:41.694234+00:00
C-325a4a00,0.0766921819000161,0,20260726T102553,2026-07-26T10:26:41.694234+00:00
C-ad482e24,0.1738191685481057,0,20260726T102553,2026-07-26T10:26:41.694234+00:00
C-775ebb79,0.8256706670823261,1,20260726T102553,2026-07-26T10:26:41.694234+00:00
C-4c2e950f,0.5815551310908821,1,20260726T102553,2026-07-26T10:26:41.694234+00:00
C-7ebb3c71,0.8695362301170245,1,20260726T102553,2026-07-26T10:26:41.694234+00:00
C-6dce53bc,0.3651217197099242,0,20260726T102553,2026-07-26T10:26:41.694234+00:00
C-1fbcfa47,0.3728113425408446,0,20260726T102553,2026-07-26T10:26:41.694234+00:00
C-8f2fc21e,0.51784500137414,1,20260726T102553,2026-07-26T10:26:41.694234+00:00
C-baba7db3,0.2325311089343087,0,20260726T102553,2026-07-26T10:26:41.694234+00:00
C-d4bc167e,0.7755371470842368,1,20260726T102553,2026-07-26T10:26:41.694234+00:00
C-101d5911,0.6524969494376455,1,20260726T102553,2026-07-26T10:26:41.694234+00:00
C-55aa79a2,0.37819662078023514,0,20260726T102553,2026-07-26T10:26:41.694234+00:00
C-b67ff625,0.48081293686744025,0,20260726T102553,2026-07-26T10:26:41.694234+00:00
C-20e0f103,0.29781830858030195,0,20260726T102553,2026-07-26T10:26:41.694234+00:00
C-742f6667,0.7039644864093718,1,20260726T102553,2026-07-26T10:26:41.694234+00:00
C-8910c200,0.14484524936288506,0,20260726T102553,2026-07-26T10:26:41.694234+00:00
C-dfc7c2ce,0.5163374394009173,1,20260726T102553,2026-07-26T10:26:41.694234+00:00
C-3f922c65,0.085805854390231,0,20260726T102553,2026-07-26T10:26:41.694234+00:00
C-99319f84,0.9193442498763144,1,20260726T102553,2026-07-26T10:26:41.694234+00:00
C-b5f881d0,0.45427978453230267,0,20260726T102553,2026-07-26T10:26:41.694234+00:00
C-de330556,0.8063864719715933,1,20260726T102553,2026-07-26T10:26:41.694234+00:00
C-dc01d26f,0.4645339482860302,0,20260726T102553,2026-07-26T10:26:41.694234+00:00
C-186d5ef1,0.3928710565900115,0,20260726T102553,2026-07-26T10:26:41.694234+00:00
C-faf40172,0.07041526129903256,0,20260726T102553,2026-07-26T10:26:41.694234+00:00
C-c9452d01,0.17253322013272412,0,20260726T102553,2026-07-26T10:26:41.694234+00:00
C-37ca4efe,0.7871508618646443,1,20260726T102553,2026-07-26T10:26:41.694234+00:00
C-ef03b65d,0.8111543727156664,1,20260726T102553,2026-07-26T10:26:41.694234+00:00
C-29be5440,0.29766405254927797,0,20260726T102553,2026-07-26T10:26:41.694234+00:00
C-4bc89cf2,0.3661352869026439,0,20260726T102553,2026-07-26T10:26:41.694234+00:00
C-ae5f3369,0.05073713423089021,0,20260726T102553,2026-07-26T10:26:41.694234+00:00
C-48445e45,0.5011160828557059,1,20260726T102553,2026-07-26T10:26:41.694234+00:00
C-19fde524,0.7255832081732745,1,20260726T102553,2026-07-26T10:26:41.694234+00:00
C-1aba3e8c,0.5168097573638797,1,20260726T102553,2026-07-26T10:26:41.694234+00:00
C-d3fa5f44,0.5131737832117113,1,20260726T102553,2026-07-26T10:26:41.694234+00:00
C-a983c666,0.384910126144338,0,20260726T102553,2026-07-26T10:26:41.694234+00:00
C-9ff4b412,0.8643241813568989,1,20260726T102553,2026-07-26T10:26:41.694234+00:00
C-ff37bc8d,0.938457589716682,1,20260726T102553,2026-07-26T10:26:41.694234+00:00
C-7c63121f,0.588775271229775,1,20260726T102553,2026-07-26T10:26:41.694234+00:00
C-917b3981,0.7123185421242972,1,20260726T102553,2026-07-26T10:26:41.694234+00:00
C-4a543737,0.5495096114951178,1,20260726T102553,2026-07-26T10:26:41.694234+00:00
C-c775bbf5,0.7632893274103778,1,20260726T102553,2026-07-26T10:26:41.694234+00:00
C-12320b54,0.9193579049848113,1,20260726T102553,2026-07-26T10:26:41.694234+00:00
C-343bd14d,0.6798099431571509,1,20260726T102553,2026-07-26T10:26:41.694234+00:00
C-bd1b47fa,0.5313781954884593,1,20260726T102553,2026-07-26T10:26:41.694234+00:00
C-3d0c5dc7,0.09919495563503637,0,20260726T102553,2026-07-26T10:26:41.694234+00:00
C-8e72ab93,0.7004478904583104,1,20260726T102553,2026-07-26T10:26:41.694234+00:00
C-cdc8cc49,0.0478995102556118,0,20260726T102553,2026-07-26T10:26:41.694234+00:00
C-9e507788,0.3394222848798778,0,20260726T102553,2026-07-26T10:26:41.694234+00:00
C-52bccbde,0.6920625374116228,1,20260726T102553,2026-07-26T10:26:41.694234+00:00
C-ce82b9e3,0.7178599920414456,1,20260726T102553,2026-07-26T10:26:41.694234+00:00
C-2b8463f9,0.8921647167550565,1,20260726T102553,2026-07-26T10:26:41.694234+00:00
C-480154d1,0.5052556946737281,1,20260726T102553,2026-07-26T10:26:41.694234+00:00
C-0c9adbc3,0.5501336360333443,1,20260726T102553,2026-07-26T10:26:41.694234+00:00
C-8e7e4b88,0.2090173320134905,0,20260726T102553,2026-07-26T10:26:41.694234+00:00
C-2c0b6ef5,0.8475552942066873,1,20260726T102553,2026-07-26T10:26:41.694234+00:00
C-40c08438,0.8706875658271429,1,20260726T102553,2026-07-26T10:26:41.694234+00:00
C-29050d65,0.486420252658498,0,20260726T102553,2026-07-26T10:26:41.694234+00:00
C-204834b2,0.12934105876824342,0,20260726T102553,2026-07-26T10:26:41.694234+00:00
C-318e7ea0,0.02901615612022184,0,20260726T102553,2026-07-26T10:26:41.694234+00:00
C-ddb44ee2,0.7602271743347588,1,20260726T102553,2026-07-26T10:26:41.694234+00:00
C-4b620315,0.1716926864631877,0,20260726T102553,2026-07-26T10:26:41.694234+00:00
C-950ae29f,0.35939576835066167,0,20260726T102553,2026-07-26T10:26:41.694234+00:00
C-bf7c6c99,0.35179451921351956,0,20260726T102553,2026-07-26T10:26:41.694234+00:00
C-c29ab395,0.743284211321702,1,20260726T102553,2026-07-26T10:26:41.694234+00:00
C-2b4245d1,0.31313321766262664,0,20260726T102553,2026-07-26T10:26:41.694234+00:00
C-2e3ac546,0.8058361199267773,1,20260726T102553,2026-07-26T10:26:41.694234+00:00
C-b6f61d11,0.10026759763563078,0,20260726T102553,2026-07-26T10:26:41.694234+00:00
C-b8ddcb10,0.21790485922360295,0,20260726T102553,2026-07-26T10:26:41.694234+00:00
C-47c96f04,0.689671873148802,1,20260726T102553,2026-07-26T10:26:41.694234+00:00
C-e9854ae0,0.9201659961702129,1,20260726T102553,2026-07-26T10:26:41.694234+00:00
C-7e39d03e,0.8263481097647936,1,20260726T102553,2026-07-26T10:26:41.694234+00:00
C-159637c7,0.11665849620457293,0,20260726T102553,2026-07-26T10:26:41.694234+00:00
C-b9196116,0.1895321098326361,0,20260726T102553,2026-07-26T10:26:41.694234+00:00
C-356dc9da,0.15860188638235853,0,20260726T102553,2026-07-26T10:26:41.694234+00:00
C-d80379ec,0.08058243953482484,0,20260726T102553,2026-07-26T10:26:41.694234+00:00
C-bb08de19,0.4907228501933283,0,20260726T102553,2026-07-26T10:26:41.694234+00:00
C-d771774e,0.6535936199484593,1,20260726T102553,2026-07-26T10:26:41.694234+00:00
C-5b467d93,0.27823495280030847,0,20260726T102553,2026-07-26T10:26:41.694234+00:00
C-2f672811,0.8939515323178493,1,20260726T102553,2026-07-26T10:26:41.694234+00:00
C-a7f8cbab,0.6471790357581879,1,20260726T102553,2026-07-26T10:26:41.694234+00:00
C-5cd38902,0.5075461386829695,1,20260726T102553,2026-07-26T10:26:41.694234+00:00
C-a3f80e5e,0.5665483243368011,1,20260726T102553,2026-07-26T10:26:41.694234+00:00
C-8a790ea5,0.0825033317508255,0,20260726T102553,2026-07-26T10:26:41.694234+00:00
C-de6b0a44,0.32134484922525314,0,20260726T102553,2026-07-26T10:26:41.694234+00:00
C-2298267e,0.3912550845499859,0,20260726T102553,2026-07-26T10:26:41.694234+00:00
C-fbbd3bfe,0.025737766161547115,0,20260726T102553,2026-07-26T10:26:41.694234+00:00
C-bbf7e363,0.8702911143401176,1,20260726T102553,2026-07-26T10:26:41.694234+00:00
C-5ccbacda,0.7133685619619834,1,20260726T102553,2026-07-26T10:26:41.694234+00:00
C-b7bfd76f,0.37232368517579223,0,20260726T102553,2026-07-26T10:26:41.694234+00:00
C-4b1ab1f0,0.10929031059001783,0,20260726T102553,2026-07-26T10:26:41.694234+00:00
C-978ba90c,0.9181215901874666,1,20260726T102553,2026-07-26T10:26:41.694234+00:00
C-9e1cbe52,0.16726756738760865,0,20260726T102553,2026-07-26T10:26:41.694234+00:00
C-57b0df40,0.6334882312399494,1,20260726T102553,2026-07-26T10:26:41.694234+00:00
C-7720a0fd,0.2328549242847585,0,20260726T102553,2026-07-26T10:26:41.694234+00:00
C-9b3c9723,0.037399314345952325,0,20260726T102553,2026-07-26T10:26:41.694234+00:00
C-a3520ac8,0.7415899553743991,1,20260726T102553,2026-07-26T10:26:41.694234+00:00
C-60cd5668,0.3829477427269971,0,20260726T102553,2026-07-26T10:26:41.694234+00:00
C-f6be9de2,0.8755027393630151,1,20260726T102553,2026-07-26T10:26:41.694234+00:00
C-86446f37,0.23970873653969013,0,20260726T102553,2026-07-26T10:26:41.694234+00:00
C-a8eabb64,0.6150698859966691,1,20260726T102553,2026-07-26T10:26:41.694234+00:00
C-2b88d79f,0.38017439094065925,0,20260726T102553,2026-07-26T10:26:41.694234+00:00
C-1e94a9c9,0.3611447868659096,0,20260726T102553,2026-07-26T10:26:41.694234+00:00
C-3b3b59ad,0.7565610631648475,1,20260726T102553,2026-07-26T10:26:41.694234+00:00
C-59262986,0.04956527162329018,0,20260726T102553,2026-07-26T10:26:41.694234+00:00
C-127fc94e,0.7415775038248381,1,20260726T102553,2026-07-26T10:26:41.694234+00:00
C-b940f91b,0.3659212354781025,0,20260726T102553,2026-07-26T10:26:41.694234+00:00
C-ed2cd605,0.5189970523627674,1,20260726T102553,2026-07-26T10:26:41.694234+00:00
C-1e1e772c,0.7050817165692609,1,20260726T102553,2026-07-26T10:26:41.694234+00:00
C-e55e6d7b,0.053049727759426554,0,20260726T102553,2026-07-26T10:26:41.694234+00:00
C-ca204a5e,0.4169646586861493,0,20260726T102553,2026-07-26T10:26:41.694234+00:00
C-9d939d3b,0.5288747857003141,1,20260726T102553,2026-07-26T10:26:41.694234+00:00
C-58ec0c6c,0.6804736762254062,1,20260726T102553,2026-07-26T10:26:41.694234+00:00
C-b98f057a,0.2084199259957635,0,20260726T102553,2026-07-26T10:26:41.694234+00:00
C-8e6e1769,0.4519307947336962,0,20260726T102553,2026-07-26T10:26:41.694234+00:00
C-dedf7382,0.3335882067547331,0,20260726T102553,2026-07-26T10:26:41.694234+00:00
C-4fd53143,0.09629287593890712,0,20260726T102553,2026-07-26T10:26:41.694234+00:00
C-8a02b0a6,0.7677131325949609,1,20260726T102553,2026-07-26T10:26:41.694234+00:00
C-9a019ca3,0.8284572064612221,1,20260726T102553,2026-07-26T10:26:41.694234+00:00
C-28e084f6,0.6956376000466048,1,20260726T102553,2026-07-26T10:26:41.694234+00:00
C-339c5238,0.6524499900309721,1,20260726T102553,2026-07-26T10:26:41.694234+00:00
C-78e44de8,0.15286825636850743,0,20260726T102553,2026-07-26T10:26:41.694234+00:00
C-c84e00c9,0.07407790159010216,0,20260726T102553,2026-07-26T10:26:41.694234+00:00
C-641391a5,0.7031568762041271,1,20260726T102553,2026-07-26T10:26:41.694234+00:00
C-13029e0c,0.7154616609574999,1,20260726T102553,2026-07-26T10:26:41.694234+00:00
C-4e9b1441,0.4037902961405868,0,20260726T102553,2026-07-26T10:26:41.694234+00:00
C-e193dc38,0.1207146811902254,0,20260726T102553,2026-07-26T10:26:41.694234+00:00
C-c74b93e0,0.39002103345758316,0,20260726T102553,2026-07-26T10:26:41.694234+00:00
C-61a86736,0.0754614189109857,0,20260726T102553,2026-07-26T10:26:41.694234+00:00
C-7325f270,0.09992569582618101,0,20260726T102553,2026-07-26T10:26:41.694234+00:00
C-c23f8b9c,0.646283741099332,1,20260726T102553,2026-07-26T10:26:41.694234+00:00
C-c0129878,0.13394801440511758,0,20260726T102553,2026-07-26T10:26:41.694234+00:00
C-e9543789,0.08083523901847943,0,20260726T102553,2026-07-26T10:26:41.694234+00:00
C-797841b3,0.5438071458627958,1,20260726T102553,2026-07-26T10:26:41.694234+00:00
C-5e094249,0.4569814853140484,0,20260726T102553,2026-07-26T10:26:41.694234+00:00
C-297fdc5b,0.041084512776838424,0,20260726T102553,2026-07-26T10:26:41.694234+00:00
C-99e2f3ad,0.16581672627183078,0,20260726T102553,2026-07-26T10:26:41.694234+00:00
C-e32d1e21,0.9109220560719713,1,20260726T102553,2026-07-26T10:26:41.694234+00:00
C-6b9438d5,0.2451181174369581,0,20260726T102553,2026-07-26T10:26:41.694234+00:00
C-77661d6e,0.6708103419401537,1,20260726T102553,2026-07-26T10:26:41.694234+00:00
C-7a1fff38,0.9112717541339924,1,20260726T102553,2026-07-26T10:26:41.694234+00:00
C-d7aff5d7,0.6000329814994136,1,20260726T102553,2026-07-26T10:26:41.694234+00:00
C-3918a2e8,0.407750319180644,0,20260726T102553,2026-07-26T10:26:41.694234+00:00
C-aae54f2e,0.3764743607376101,0,20260726T102553,2026-07-26T10:26:41.694234+00:00
C-01a4a4c5,0.1442846228684103,0,20260726T102553,2026-07-26T10:26:41.694234+00:00
C-2c9c9066,0.1549602948367163,0,20260726T102553,2026-07-26T10:26:41.694234+00:00
C-3df52753,0.5748947437071146,1,20260726T102553,2026-07-26T10:26:41.694234+00:00
C-1dbb032d,0.7505276602144907,1,20260726T102553,2026-07-26T10:26:41.694234+00:00
C-2a2ea000,0.19317135828470522,0,20260726T102553,2026-07-26T10:26:41.694234+00:00
C-d952f3fb,0.12491632183296954,0,20260726T102553,2026-07-26T10:26:41.694234+00:00
C-d29a6fa0,0.7263574789487699,1,20260726T102553,2026-07-26T10:26:41.694234+00:00
C-93823354,0.603665530346433,1,20260726T102553,2026-07-26T10:26:41.694234+00:00
C-bbcfbc33,0.747122389485428,1,20260726T102553,2026-07-26T10:26:41.694234+00:00
C-26d242f9,0.5317505201142304,1,20260726T102553,2026-07-26T10:26:41.694234+00:00
C-18119945,0.15518508590226315,0,20260726T102553,2026-07-26T10:26:41.694234+00:00
C-bfaf9ea2,0.49578829332095914,0,20260726T102553,2026-07-26T10:26:41.694234+00:00
C-b439d705,0.13545558781308914,0,20260726T102553,2026-07-26T10:26:41.694234+00:00
C-5f071534,0.14026269562827984,0,20260726T102553,2026-07-26T10:26:41.694234+00:00
C-52ba12b1,0.184725506995125,0,20260726T102553,2026-07-26T10:26:41.694234+00:00
C-1afb495e,0.7257704692665692,1,20260726T102553,2026-07-26T10:26:41.694234+00:00
C-6b178b3d,0.4843468887320488,0,20260726T102553,2026-07-26T10:26:41.694234+00:00
C-a9b21796,0.2578544999429109,0,20260726T102553,2026-07-26T10:26:41.694234+00:00
C-80b2c5ed,0.02785975564983769,0,20260726T102553,2026-07-26T10:26:41.694234+00:00
C-85bf1995,0.8371985658951965,1,20260726T102553,2026-07-26T10:26:41.694234+00:00
C-7c4e41ce,0.5022588347779828,1,20260726T102553,2026-07-26T10:26:41.694234+00:00
C-6d6ce481,0.5335193755894658,1,20260726T102553,2026-07-26T10:26:41.694234+00:00
C-5d02e065,0.3123764694511786,0,20260726T102553,2026-07-26T10:26:41.694234+00:00
C-545cc553,0.9324707073298638,1,20260726T102553,2026-07-26T10:26:41.694234+00:00
C-94fbbadd,0.022493491311648173,0,20260726T102553,2026-07-26T10:26:41.694234+00:00
C-9c372904,0.04883805552371806,0,20260726T102553,2026-07-26T10:26:41.694234+00:00
C-3c889796,0.23522696655375103,0,20260726T102553,2026-07-26T10:26:41.694234+00:00
C-261aebbd,0.9562684070203635,1,20260726T102553,2026-07-26T10:26:41.694234+00:00
C-109f9c50,0.18540124854971568,0,20260726T102553,2026-07-26T10:26:41.694234+00:00
C-d0e10d3d,0.19332950673154056,0,20260726T102553,2026-07-26T10:26:41.694234+00:00
C-cb1cbcff,0.1254715511983093,0,20260726T102553,2026-07-26T10:26:41.694234+00:00
C-0939a5c1,0.46450313464847437,0,20260726T102553,2026-07-26T10:26:41.694234+00:00
C-7fda3a2b,0.715423256016397,1,20260726T102553,2026-07-26T10:26:41.694234+00:00
C-bded2d71,0.2929805144400626,0,20260726T102553,2026-07-26T10:26:41.694234+00:00
C-83018580,0.7277577676533042,1,20260726T102553,2026-07-26T10:26:41.694234+00:00
C-b551c0c7,0.18088565235908502,0,20260726T102553,2026-07-26T10:26:41.694234+00:00
C-fdacfed3,0.1248599761124235,0,20260726T102553,2026-07-26T10:26:41.694234+00:00
C-8c349766,0.7100593893874579,1,20260726T102553,2026-07-26T10:26:41.694234+00:00
C-7c40d65b,0.26498509473292037,0,20260726T102553,2026-07-26T10:26:41.694234+00:00
C-6c83b6f8,0.7096947809440821,1,20260726T102553,2026-07-26T10:26:41.694234+00:00
C-62c23cd5,0.45275885026415474,0,20260726T102553,2026-07-26T10:26:41.694234+00:00
C-09991b54,0.11442202557531202,0,20260726T102553,2026-07-26T10:26:41.694234+00:00
C-1aa61f67,0.7432154646042827,1,20260726T102553,2026-07-26T10:26:41.694234+00:00
C-d2e18de1,0.915996073755495,1,20260726T102553,2026-07-26T10:26:41.694234+00:00
C-6f3d5fac,0.16314495276271163,0,20260726T102553,2026-07-26T10:26:41.694234+00:00
C-a715082d,0.49819842965697997,0,20260726T102553,2026-07-26T10:26:41.694234+00:00
C-8c259864,0.29689557263252586,0,20260726T102553,2026-07-26T10:26:41.694234+00:00
C-f6b5b83c,0.3867928434299969,0,20260726T102553,2026-07-26T10:26:41.694234+00:00
C-4362b3f8,0.11065361305487809,0,20260726T102553,2026-07-26T10:26:41.694234+00:00
C-417d0072,0.100386461769207,0,20260726T102553,2026-07-26T10:26:41.694234+00:00
C-985a3906,0.023821243457462962,0,20260726T102553,2026-07-26T10:26:41.694234+00:00
C-f0ff35d4,0.5916696737816933,1,20260726T102553,2026-07-26T10:26:41.694234+00:00
C-0e1c3004,0.30217842836161674,0,20260726T102553,2026-07-26T10:26:41.694234+00:00
C-4562bcdb,0.6320392038574645,1,20260726T102553,2026-07-26T10:26:41.694234+00:00
C-07a4df51,0.16915647987232896,0,20260726T102553,2026-07-26T10:26:41.694234+00:00
C-cb74fdcf,0.9306881094381697,1,20260726T102553,2026-07-26T10:26:41.694234+00:00
C-267de1f5,0.3407388069376669,0,20260726T102553,2026-07-26T10:26:41.694234+00:00
C-5aa07020,0.197955236740471,0,20260726T102553,2026-07-26T10:26:41.694234+00:00
C-e8267393,0.9101402160694637,1,20260726T102553,2026-07-26T10:26:41.694234+00:00
C-7d219c0c,0.027378810621728755,0,20260726T102553,2026-07-26T10:26:41.694234+00:00
C-37306be8,0.7663738974624409,1,20260726T102553,2026-07-26T10:26:41.694234+00:00
C-a300cb18,0.03060166039723648,0,20260726T102553,2026-07-26T10:26:41.694234+00:00
C-7a3b0b68,0.44419471674666405,0,20260726T102553,2026-07-26T10:26:41.694234+00:00
C-319b33d0,0.4977176627765096,0,20260726T102553,2026-07-26T10:26:41.694234+00:00
C-efc8be8b,0.7415081878653615,1,20260726T102553,2026-07-26T10:26:41.694234+00:00
C-801ec316,0.4607448758504818,0,20260726T102553,2026-07-26T10:26:41.694234+00:00
C-7363b8ff,0.11716179214812476,0,20260726T102553,2026-07-26T10:26:41.694234+00:00
C-4518921a,0.34880706280035073,0,20260726T102553,2026-07-26T10:26:41.694234+00:00
C-0af9b0f6,0.4896463716297881,0,20260726T102553,2026-07-26T10:26:41.694234+00:00
C-9358f3ec,0.5186062955848803,1,20260726T102553,2026-07-26T10:26:41.694234+00:00
C-4d1b12dc,0.9062542801057248,1,20260726T102553,2026-07-26T10:26:41.694234+00:00
C-efad0c80,0.7582004596329467,1,20260726T102553,2026-07-26T10:26:41.694234+00:00
C-fcd464ed,0.49963368525556195,0,20260726T102553,2026-07-26T10:26:41.694234+00:00
C-b21c5830,0.40170536252725475,0,20260726T102553,2026-07-26T10:26:41.694234+00:00
C-e1bb5949,0.7519779727046352,1,20260726T102553,2026-07-26T10:26:41.694234+00:00
C-3a61b9a2,0.31012435794919346,0,20260726T102553,2026-07-26T10:26:41.694234+00:00
C-74b67450,0.6110425148469326,1,20260726T102553,2026-07-26T10:26:41.694234+00:00
C-587cd7c9,0.09657580051065608,0,20260726T102553,2026-07-26T10:26:41.694234+00:00
C-22f2f11a,0.16658888197950575,0,20260726T102553,2026-07-26T10:26:41.694234+00:00
C-1eef1330,0.237925499805907,0,20260726T102553,2026-07-26T10:26:41.694234+00:00
C-8ff9bad9,0.32387311956173553,0,20260726T102553,2026-07-26T10:26:41.694234+00:00
C-25e022a8,0.6215354901174646,1,20260726T102553,2026-07-26T10:26:41.694234+00:00
C-556d0142,0.9109355777392484,1,20260726T102553,2026-07-26T10:26:41.694234+00:00
C-88359bf2,0.8693291437687876,1,20260726T102553,2026-07-26T10:26:41.694234+00:00
C-df7b0250,0.6623817645518919,1,20260726T102553,2026-07-26T10:26:41.694234+00:00
C-3ebaa2ce,0.8188426651896674,1,20260726T102553,2026-07-26T10:26:41.694234+00:00
C-1e1325de,0.9410623811105906,1,20260726T102553,2026-07-26T10:26:41.694234+00:00
C-8f444382,0.7144150743330402,1,20260726T102553,2026-07-26T10:26:41.694234+00:00
C-9bd64c67,0.3509250471564207,0,20260726T102553,2026-07-26T10:26:41.694234+00:00
C-f13c7acd,0.11547221007494853,0,20260726T102553,2026-07-26T10:26:41.694234+00:00
C-b469499b,0.4728950865874329,0,20260726T102553,2026-07-26T10:26:41.694234+00:00
C-ae90c8a1,0.2023329971322703,0,20260726T102553,2026-07-26T10:26:41.694234+00:00
C-a2aa0453,0.8978904129481128,1,20260726T102553,2026-07-26T10:26:41.694234+00:00
C-c0674f52,0.8924285581105453,1,20260726T102553,2026-07-26T10:26:41.694234+00:00
C-0a68c0fe,0.8114764722451245,1,20260726T102553,2026-07-26T10:26:41.694234+00:00
C-b2b40684,0.3737209348055551,0,20260726T102553,2026-07-26T10:26:41.694234+00:00
C-c100c9a7,0.20422904291964233,0,20260726T102553,2026-07-26T10:26:41.694234+00:00
C-7c84e882,0.41976834775816396,0,20260726T102553,2026-07-26T10:26:41.694234+00:00
C-a9802e2e,0.053611799450682535,0,20260726T102553,2026-07-26T10:26:41.694234+00:00
C-c025bd59,0.07868029545413564,0,20260726T102553,2026-07-26T10:26:41.694234+00:00
C-d2ce4828,0.3951430608575455,0,20260726T102553,2026-07-26T10:26:41.694234+00:00
C-a9870f71,0.37612613043581,0,20260726T102553,2026-07-26T10:26:41.694234+00:00
C-408e0e10,0.6297108432473266,1,20260726T102553,2026-07-26T10:26:41.694234+00:00
C-73e5f6f2,0.6893341608777709,1,20260726T102553,2026-07-26T10:26:41.694234+00:00
C-02c98dcc,0.5655662605451635,1,20260726T102553,2026-07-26T10:26:41.694234+00:00
C-5bf4d9f1,0.4967638484087316,0,20260726T102553,2026-07-26T10:26:41.694234+00:00
C-5b969146,0.1876116263244719,0,20260726T102553,2026-07-26T10:26:41.694234+00:00
C-0b0d8e03,0.3457814272498347,0,20260726T102553,2026-07-26T10:26:41.694234+00:00
C-334e031d,0.3063073478161155,0,20260726T102553,2026-07-26T10:26:41.694234+00:00
C-57218c17,0.12457999035333664,0,20260726T102553,2026-07-26T10:26:41.694234+00:00
C-eb0d90d9,0.5948031426647236,1,20260726T102553,2026-07-26T10:26:41.694234+00:00
C-c4991694,0.8955649529579117,1,20260726T102553,2026-07-26T10:26:41.694234+00:00
C-24aee36a,0.1363700412475512,0,20260726T102553,2026-07-26T10:26:41.694234+00:00
C-0dbbf5f3,0.1981843353755244,0,20260726T102553,2026-07-26T10:26:41.694234+00:00
C-58e26f7b,0.41097796280597176,0,20260726T102553,2026-07-26T10:26:41.694234+00:00
C-434d0ecd,0.6204125661095058,1,20260726T102553,2026-07-26T10:26:41.694234+00:00
C-aa6087e2,0.024932308790236307,0,20260726T102553,2026-07-26T10:26:41.694234+00:00
C-92a2f6de,0.2023132080590451,0,20260726T102553,2026-07-26T10:26:41.694234+00:00
C-411e5a29,0.1521802911667785,0,20260726T102553,2026-07-26T10:26:41.694234+00:00
C-3e61af9d,0.47506302879629536,0,20260726T102553,2026-07-26T10:26:41.694234+00:00
C-360bbce2,0.405925278806567,0,20260726T102553,2026-07-26T10:26:41.694234+00:00
C-d9a65b50,0.4191188268225397,0,20260726T102553,2026-07-26T10:26:41.694234+00:00
C-072bf0c4,0.6009740835524402,1,20260726T102553,2026-07-26T10:26:41.694234+00:00
C-fbeef32f,0.8874877432919528,1,20260726T102553,2026-07-26T10:26:41.694234+00:00
C-eff7705b,0.04162298597375198,0,20260726T102553,2026-07-26T10:26:41.694234+00:00
C-0e676691,0.8662773222846142,1,20260726T102553,2026-07-26T10:26:41.694234+00:00
C-aba6b3e3,0.27090893007229566,0,20260726T102553,2026-07-26T10:26:41.694234+00:00
C-705e3bbf,0.6553097145733813,1,20260726T102553,2026-07-26T10:26:41.694234+00:00
C-6a57fa65,0.15496741246581475,0,20260726T102553,2026-07-26T10:26:41.694234+00:00
C-2d3db069,0.362283263381397,0,20260726T102553,2026-07-26T10:26:41.694234+00:00
C-500839c7,0.7107053379600777,1,20260726T102553,2026-07-26T10:26:41.694234+00:00
C-f43c50c8,0.3829388194694761,0,20260726T102553,2026-07-26T10:26:41.694234+00:00
C-d1e70154,0.17494289667297871,0,20260726T102553,2026-07-26T10:26:41.694234+00:00
C-6f2dab8d,0.11978886257224233,0,20260726T102553,2026-07-26T10:26:41.694234+00:00
C-9d59ecf4,0.12465221778061775,0,20260726T102553,2026-07-26T10:26:41.694234+00:00
C-97f62fdd,0.02644156218248292,0,20260726T102553,2026-07-26T10:26:41.694234+00:00
C-6c88d134,0.7469679491915626,1,20260726T102553,2026-07-26T10:26:41.694234+00:00
C-41f9db81,0.49083504279983714,0,20260726T102553,2026-07-26T10:26:41.694234+00:00
C-edde7c78,0.6495057826420861,1,20260726T102553,2026-07-26T10:26:41.694234+00:00
C-393eb2ae,0.5857419445176486,1,20260726T102553,2026-07-26T10:26:41.694234+00:00
C-6eec6bf3,0.34084108950212355,0,20260726T102553,2026-07-26T10:26:41.694234+00:00
C-51b1be64,0.6140393462913365,1,20260726T102553,2026-07-26T10:26:41.694234+00:00
C-b0f4ef2c,0.8726038127382184,1,20260726T102553,2026-07-26T10:26:41.694234+00:00
C-4df965da,0.46856099672500134,0,20260726T102553,2026-07-26T10:26:41.694234+00:00
C-ddde39b7,0.3970130984247338,0,20260726T102553,2026-07-26T10:26:41.694234+00:00
C-8429eef0,0.7732515104509415,1,20260726T102553,2026-07-26T10:26:41.694234+00:00
C-f0cd5550,0.8330962551911419,1,20260726T102553,2026-07-26T10:26:41.694234+00:00
C-da6e8d3e,0.8028450982292468,1,20260726T102553,2026-07-26T10:26:41.694234+00:00
C-7f00eee9,0.754351095783354,1,20260726T102553,2026-07-26T10:26:41.694234+00:00
C-c0da8f2f,0.14916031858124162,0,20260726T102553,2026-07-26T10:26:41.694234+00:00
C-bd8ba096,0.9055947148957884,1,20260726T102553,2026-07-26T10:26:41.694234+00:00
C-2f904378,0.3399093441065298,0,20260726T102553,2026-07-26T10:26:41.694234+00:00
C-95b6bbbe,0.6187625719412297,1,20260726T102553,2026-07-26T10:26:41.694234+00:00
C-ee1931b0,0.6972536722526469,1,20260726T102553,2026-07-26T10:26:41.694234+00:00
C-9ce11b03,0.4495250188099683,0,20260726T102553,2026-07-26T10:26:41.694234+00:00
C-f7cfb85c,0.14348537243082046,0,20260726T102553,2026-07-26T10:26:41.694234+00:00
C-28c93e00,0.7164988045562689,1,20260726T102553,2026-07-26T10:26:41.694234+00:00
C-7f331fe0,0.16178910824709225,0,20260726T102553,2026-07-26T10:26:41.694234+00:00
C-79d08292,0.12504008209242265,0,20260726T102553,2026-07-26T10:26:41.694234+00:00
C-beefd88f,0.31667172938797966,0,20260726T102553,2026-07-26T10:26:41.694234+00:00
C-5d44ed15,0.12172466367645429,0,20260726T102553,2026-07-26T10:26:41.694234+00:00
C-59b63550,0.354904694833811,0,20260726T102553,2026-07-26T10:26:41.694234+00:00
C-54645fe8,0.7560953948382249,1,20260726T102553,2026-07-26T10:26:41.694234+00:00
C-b1ea7a14,0.361934741584902,0,20260726T102553,2026-07-26T10:26:41.694234+00:00
C-83ea1c77,0.4934424011577414,0,20260726T102553,2026-07-26T10:26:41.694234+00:00
C-684a0bf5,0.704912168541936,1,20260726T102553,2026-07-26T10:26:41.694234+00:00
C-857c339b,0.1425783495405277,0,20260726T102553,2026-07-26T10:26:41.694234+00:00
C-046124cd,0.8922729796322841,1,20260726T102553,2026-07-26T10:26:41.694234+00:00
C-5b291ef7,0.023149237917028387,0,20260726T102553,2026-07-26T10:26:41.694234+00:00
C-8b73bd29,0.35689677011599863,0,20260726T102553,2026-07-26T10:26:41.694234+00:00
C-622ab762,0.38996837679152646,0,20260726T102553,2026-07-26T10:26:41.694234+00:00
C-fad987d3,0.6929673429770216,1,20260726T102553,2026-07-26T10:26:41.694234+00:00
C-bccf5639,0.3605714744560315,0,20260726T102553,2026-07-26T10:26:41.694234+00:00
C-24a94bb4,0.09577780451939297,0,20260726T102553,2026-07-26T10:26:41.694234+00:00
C-842d4708,0.777298506905004,1,20260726T102553,2026-07-26T10:26:41.694234+00:00
C-55d12214,0.538340881614327,1,20260726T102553,2026-07-26T10:26:41.694234+00:00
C-a5dc9b16,0.11191149983462169,0,20260726T102553,2026-07-26T10:26:41.694234+00:00
C-fa4cbcb7,0.5584264246705252,1,20260726T102553,2026-07-26T10:26:41.694234+00:00
C-bd3d5f30,0.16882196177259526,0,20260726T102553,2026-07-26T10:26:41.694234+00:00
C-64e52c01,0.3045943653952261,0,20260726T102553,2026-07-26T10:26:41.694234+00:00
C-6a071a3d,0.6996325687776221,1,20260726T102553,2026-07-26T10:26:41.694234+00:00
C-062d3345,0.44760571070371913,0,20260726T102553,2026-07-26T10:26:41.694234+00:00
C-5864ffae,0.3989107451749038,0,20260726T102553,2026-07-26T10:26:41.694234+00:00
C-e2035a57,0.7399210665958851,1,20260726T102553,2026-07-26T10:26:41.694234+00:00
C-040de515,0.7925679326057125,1,20260726T102553,2026-07-26T10:26:41.694234+00:00
C-7e4b744a,0.403596881056592,0,20260726T102553,2026-07-26T10:26:41.694234+00:00
C-0742b477,0.03248924292513457,0,20260726T102553,2026-07-26T10:26:41.694234+00:00
C-7fa9676a,0.0889869107010338,0,20260726T102553,2026-07-26T10:26:41.694234+00:00
C-eccccb9e,0.23950679904510835,0,20260726T102553,2026-07-26T10:26:41.694234+00:00
C-dff5271a,0.04881959208208798,0,20260726T102553,2026-07-26T10:26:41.694234+00:00
C-f0162dfb,0.8101347727833211,1,20260726T102553,2026-07-26T10:26:41.694234+00:00
C-ad3873a6,0.09017946311586061,0,20260726T102553,2026-07-26T10:26:41.694234+00:00
C-23ac249d,0.767728918930629,1,20260726T102553,2026-07-26T10:26:41.694234+00:00
C-2084c57c,0.7149653693868562,1,20260726T102553,2026-07-26T10:26:41.694234+00:00
C-8887b0cd,0.08203078131586526,0,20260726T102553,2026-07-26T10:26:41.694234+00:00
C-97320ae1,0.025229278533756935,0,20260726T102553,2026-07-26T10:26:41.694234+00:00
C-d5598463,0.04837027056314338,0,20260726T102553,2026-07-26T10:26:41.694234+00:00
C-03ffd206,0.12363155621373553,0,20260726T102553,2026-07-26T10:26:41.694234+00:00
C-a4fc54e3,0.5249289569462368,1,20260726T102553,2026-07-26T10:26:41.694234+00:00
C-d5d5505e,0.7644661245422911,1,20260726T102553,2026-07-26T10:26:41.694234+00:00
C-7d086af9,0.42241721985198993,0,20260726T102553,2026-07-26T10:26:41.694234+00:00
C-15f8c596,0.22657896713522577,0,20260726T102553,2026-07-26T10:26:41.694234+00:00
C-dd16a09c,0.11285959694517912,0,20260726T102553,2026-07-26T10:26:41.694234+00:00
C-574217af,0.024174131947965614,0,20260726T102553,2026-07-26T10:26:41.694234+00:00
C-e78eb8c0,0.20384331563102046,0,20260726T102553,2026-07-26T10:26:41.694234+00:00
C-fd4d19f3,0.7065377084505386,1,20260726T102553,2026-07-26T10:26:41.694234+00:00
C-a9d596b7,0.7662571454259118,1,20260726T102553,2026-07-26T10:26:41.694234+00:00
C-b81f8b42,0.46095593346065866,0,20260726T102553,2026-07-26T10:26:41.694234+00:00
C-a15fc68c,0.3734260590732974,0,20260726T102553,2026-07-26T10:26:41.694234+00:00
C-f1c0ac62,0.2583283191893583,0,20260726T102553,2026-07-26T10:26:41.694234+00:00
C-f6194c24,0.6427917465440526,1,20260726T102553,2026-07-26T10:26:41.694234+00:00
C-14971176,0.5823446993437879,1,20260726T102553,2026-07-26T10:26:41.694234+00:00
C-5536d9c9,0.09639939154840801,0,20260726T102553,2026-07-26T10:26:41.694234+00:00
C-6824c890,0.5236918989049718,1,20260726T102553,2026-07-26T10:26:41.694234+00:00
C-cd7b3447,0.1639232587979263,0,20260726T102553,2026-07-26T10:26:41.694234+00:00
C-afa9ac6f,0.6253611739260453,1,20260726T102553,2026-07-26T10:26:41.694234+00:00
C-a588de3d,0.737628572751462,1,20260726T102553,2026-07-26T10:26:41.694234+00:00
C-7233bf5e,0.06848662227510662,0,20260726T102553,2026-07-26T10:26:41.694234+00:00
C-245c6c43,0.917241062690572,1,20260726T102553,2026-07-26T10:26:41.694234+00:00
C-78c6114c,0.11079707905825809,0,20260726T102553,2026-07-26T10:26:41.694234+00:00
C-d0608156,0.6169647976347776,1,20260726T102553,2026-07-26T10:26:41.694234+00:00
C-83a0d302,0.12865227721848546,0,20260726T102553,2026-07-26T10:26:41.694234+00:00
C-4906ef1a,0.3816934789697613,0,20260726T102553,2026-07-26T10:26:41.694234+00:00
C-819e56ee,0.6515775240331864,1,20260726T102553,2026-07-26T10:26:41.694234+00:00
C-27b44eaa,0.09227293439737985,0,20260726T102553,2026-07-26T10:26:41.694234+00:00
C-6b21ec8d,0.3041061778006816,0,20260726T102553,2026-07-26T10:26:41.694234+00:00
C-ebb8cbe2,0.7144521537122127,1,20260726T102553,2026-07-26T10:26:41.694234+00:00
C-f656c36b,0.4459956143560606,0,20260726T102553,2026-07-26T10:26:41.694234+00:00
C-b5040811,0.5534185949468344,1,20260726T102553,2026-07-26T10:26:41.694234+00:00
C-7b327c61,0.5710575706014674,1,20260726T102553,2026-07-26T10:26:41.694234+00:00
C-62fd91eb,0.911609507615373,1,20260726T102553,2026-07-26T10:26:41.694234+00:00
C-69b0b638,0.15489498138204152,0,20260726T102553,2026-07-26T10:26:41.694234+00:00
C-080edb3d,0.7994628468089648,1,20260726T102553,2026-07-26T10:26:41.694234+00:00
C-0cd2c8fb,0.6525768186167885,1,20260726T102553,2026-07-26T10:26:41.694234+00:00
C-2e8e8269,0.43071298182462114,0,20260726T102553,2026-07-26T10:26:41.694234+00:00
C-c1cac3ca,0.40829766889066665,0,20260726T102553,2026-07-26T10:26:41.694234+00:00
C-45ac85b7,0.874796423221639,1,20260726T102553,2026-07-26T10:26:41.694234+00:00
C-325c06bd,0.0723391183389234,0,20260726T102553,2026-07-26T10:26:41.694234+00:00
C-0f78d8af,0.043844165181083916,0,20260726T102553,2026-07-26T10:26:41.694234+00:00
C-16feb0be,0.46531734298093036,0,20260726T102553,2026-07-26T10:26:41.694234+00:00
C-5685acda,0.6916287313262259,1,20260726T102553,2026-07-26T10:26:41.694234+00:00
C-b52c158b,0.8140055783334103,1,20260726T102553,2026-07-26T10:26:41.694234+00:00
C-77c04a6e,0.6458347102913183,1,20260726T102553,2026-07-26T10:26:41.694234+00:00
C-fcc42c34,0.8699375578819805,1,20260726T102553,2026-07-26T10:26:41.694234+00:00
C-05236532,0.9067701603497647,1,20260726T102553,2026-07-26T10:26:41.694234+00:00
C-33b0b851,0.8797500451137226,1,20260726T102553,2026-07-26T10:26:41.694234+00:00
C-e7b868d8,0.7600441347235688,1,20260726T102553,2026-07-26T10:26:41.694234+00:00
C-6d585f19,0.5443637603201505,1,20260726T102553,2026-07-26T10:26:41.694234+00:00
C-77ae6edc,0.08499171820064103,0,20260726T102553,2026-07-26T10:26:41.694234+00:00
C-7a5404ea,0.5284540203280835,1,20260726T102553,2026-07-26T10:26:41.694234+00:00
C-9dbe7a1a,0.4625329209722381,0,20260726T102553,2026-07-26T10:26:41.694234+00:00
C-b4232ff9,0.9201594706879889,1,20260726T102553,2026-07-26T10:26:41.694234+00:00
C-0d6bd634,0.8015695123745424,1,20260726T102553,2026-07-26T10:26:41.694234+00:00
C-397ed3f3,0.5810129361405546,1,20260726T102553,2026-07-26T10:26:41.694234+00:00
C-854ca342,0.4594450757398369,0,20260726T102553,2026-07-26T10:26:41.694234+00:00
C-0f9b1eee,0.6464580384966037,1,20260726T102553,2026-07-26T10:26:41.694234+00:00
C-22e7ff0c,0.560162271532615,1,20260726T102553,2026-07-26T10:26:41.694234+00:00
C-b2ef7240,0.7635412964798345,1,20260726T102553,2026-07-26T10:26:41.694234+00:00
C-8fd61cd2,0.45908661705063536,0,20260726T102553,2026-07-26T10:26:41.694234+00:00
C-1e1eb0cc,0.3501204311899933,0,20260726T102553,2026-07-26T10:26:41.694234+00:00
C-45e15db5,0.9125115051034337,1,20260726T102553,2026-07-26T10:26:41.694234+00:00
C-7a459204,0.7524012054238827,1,20260726T102553,2026-07-26T10:26:41.694234+00:00
C-a07307ce,0.7398621619370127,1,20260726T102553,2026-07-26T10:26:41.694234+00:00
C-f3113021,0.6021432038453534,1,20260726T102553,2026-07-26T10:26:41.694234+00:00
C-f3107bfd,0.027414317917795954,0,20260726T102553,2026-07-26T10:26:41.694234+00:00
C-0bc4f85b,0.9172270961203998,1,20260726T102553,2026-07-26T10:26:41.694234+00:00
C-f3bc347c,0.3469042739002191,0,20260726T102553,2026-07-26T10:26:41.694234+00:00
C-608bb698,0.11796843522044732,0,20260726T102553,2026-07-26T10:26:41.694234+00:00
C-0918d7fa,0.5937557905861782,1,20260726T102553,2026-07-26T10:26:41.694234+00:00
C-bd01da41,0.07641640399264203,0,20260726T102553,2026-07-26T10:26:41.694234+00:00
C-0f7c74a6,0.9364363973362854,1,20260726T102553,2026-07-26T10:26:41.694234+00:00
C-635fa99c,0.28357870922654227,0,20260726T102553,2026-07-26T10:26:41.694234+00:00
C-80a858f2,0.15140197693694749,0,20260726T102553,2026-07-26T10:26:41.694234+00:00
C-2768d464,0.4224937175625678,0,20260726T102553,2026-07-26T10:26:41.694234+00:00
C-dc1fc339,0.7651466715877654,1,20260726T102553,2026-07-26T10:26:41.694234+00:00
C-e6077421,0.6912842974201527,1,20260726T102553,2026-07-26T10:26:41.694234+00:00
C-d05bc8a0,0.8001041109214521,1,20260726T102553,2026-07-26T10:26:41.694234+00:00
C-5fdcdc9d,0.2283604904182676,0,20260726T102553,2026-07-26T10:26:41.694234+00:00
C-17d62042,0.0493414887511018,0,20260726T102553,2026-07-26T10:26:41.694234+00:00
C-9bf0948b,0.14172128714068244,0,20260726T102553,2026-07-26T10:26:41.694234+00:00
C-ca90be8e,0.6077367832771137,1,20260726T102553,2026-07-26T10:26:41.694234+00:00
C-0a88e843,0.5042649650603493,1,20260726T102553,2026-07-26T10:26:41.694234+00:00
C-38624b3f,0.30493888901171884,0,20260726T102553,2026-07-26T10:26:41.694234+00:00
C-9837208c,0.8115988046228184,1,20260726T102553,2026-07-26T10:26:41.694234+00:00
C-bd2707a2,0.10134580589305292,0,20260726T102553,2026-07-26T10:26:41.694234+00:00
C-0d088e14,0.08732233104098486,0,20260726T102553,2026-07-26T10:26:41.694234+00:00
C-1893dae2,0.7249007380906803,1,20260726T102553,2026-07-26T10:26:41.694234+00:00
C-8a858f38,0.0980228870698062,0,20260726T102553,2026-07-26T10:26:41.694234+00:00
C-34a7fd14,0.6007032302375652,1,20260726T102553,2026-07-26T10:26:41.694234+00:00
C-0cf7c5e5,0.38262132943446636,0,20260726T102553,2026-07-26T10:26:41.694234+00:00
C-8434e810,0.07879178643321312,0,20260726T102553,2026-07-26T10:26:41.694234+00:00
C-3fd84b98,0.33540249278172674,0,20260726T102553,2026-07-26T10:26:41.694234+00:00
C-61f31a90,0.8002884904659693,1,20260726T102553,2026-07-26T10:26:41.694234+00:00
C-44598b9f,0.23359787150186093,0,20260726T102553,2026-07-26T10:26:41.694234+00:00
C-73db2735,0.7443213960243835,1,20260726T102553,2026-07-26T10:26:41.694234+00:00
C-4e8d4a85,0.28771961213408775,0,20260726T102553,2026-07-26T10:26:41.694234+00:00
C-79bcf753,0.08965203817170307,0,20260726T102553,2026-07-26T10:26:41.694234+00:00
C-fddc8da9,0.18917752360839998,0,20260726T102553,2026-07-26T10:26:41.694234+00:00
C-77bf64b1,0.1395855214569635,0,20260726T102553,2026-07-26T10:26:41.694234+00:00
C-38be1e76,0.8979713780223453,1,20260726T102553,2026-07-26T10:26:41.694234+00:00
C-b4e34629,0.05509047594207179,0,20260726T102553,2026-07-26T10:26:41.694234+00:00
C-3a63e637,0.9181817874760158,1,20260726T102553,2026-07-26T10:26:41.694234+00:00
C-96def8e7,0.02812818445634785,0,20260726T102553,2026-07-26T10:26:41.694234+00:00
C-913ae27d,0.23529233061102742,0,20260726T102553,2026-07-26T10:26:41.694234+00:00
C-1ddb5036,0.5439748348107042,1,20260726T102553,2026-07-26T10:26:41.694234+00:00
C-bec429eb,0.35038977897751805,0,20260726T102553,2026-07-26T10:26:41.694234+00:00
C-761ccc39,0.743465586264339,1,20260726T102553,2026-07-26T10:26:41.694234+00:00
C-176fe207,0.9619942330972256,1,20260726T102553,2026-07-26T10:26:41.694234+00:00
C-21ff0523,0.0830974663751523,0,20260726T102553,2026-07-26T10:26:41.694234+00:00
C-f21ac1df,0.308861867323494,0,20260726T102553,2026-07-26T10:26:41.694234+00:00
C-2793f10c,0.5168984947654127,1,20260726T102553,2026-07-26T10:26:41.694234+00:00
C-db6f60bf,0.46918108897711003,0,20260726T102553,2026-07-26T10:26:41.694234+00:00
C-bc45c406,0.7431126084900064,1,20260726T102553,2026-07-26T10:26:41.694234+00:00
C-b557447c,0.30957793425870855,0,20260726T102553,2026-07-26T10:26:41.694234+00:00
C-e21fe0f3,0.07941789163671568,0,20260726T102553,2026-07-26T10:26:41.694234+00:00
C-924657f3,0.43480215444080195,0,20260726T102553,2026-07-26T10:26:41.694234+00:00
C-86a4acfa,0.9753775240093596,1,20260726T102553,2026-07-26T10:26:41.694234+00:00
C-cff96e2c,0.8644435983524552,1,20260726T102553,2026-07-26T10:26:41.694234+00:00
C-96ff5947,0.8362731331369427,1,20260726T102553,2026-07-26T10:26:41.694234+00:00
C-9501da3a,0.9043686368297916,1,20260726T102553,2026-07-26T10:26:41.694234+00:00
C-2edfbac7,0.7034475829354176,1,20260726T102553,2026-07-26T10:26:41.694234+00:00
C-193692a7,0.15318607053915653,0,20260726T102553,2026-07-26T10:26:41.694234+00:00
C-a32d5a49,0.7124146715111475,1,20260726T102553,2026-07-26T10:26:41.694234+00:00
C-4177a2e5,0.6439054899867821,1,20260726T102553,2026-07-26T10:26:41.694234+00:00
C-334eefa5,0.5185382659595895,1,20260726T102553,2026-07-26T10:26:41.694234+00:00
C-926f84ae,0.6087885048425031,1,20260726T102553,2026-07-26T10:26:41.694234+00:00
C-164e6adf,0.7590887100804775,1,20260726T102553,2026-07-26T10:26:41.694234+00:00
C-f1fda735,0.08421951328878319,0,20260726T102553,2026-07-26T10:26:41.694234+00:00
C-60e92b8d,0.04119214549717965,0,20260726T102553,2026-07-26T10:26:41.694234+00:00
C-ca1ee2e3,0.6618330254269614,1,20260726T102553,2026-07-26T10:26:41.694234+00:00
C-3fa2be5d,0.4282353130947915,0,20260726T102553,2026-07-26T10:26:41.694234+00:00
C-ebfac3b4,0.907954210882114,1,20260726T102553,2026-07-26T10:26:41.694234+00:00
C-686d20bf,0.02254695674032791,0,20260726T102553,2026-07-26T10:26:41.694234+00:00
C-83cd9cdb,0.08236041491206644,0,20260726T102553,2026-07-26T10:26:41.694234+00:00
C-5bda232a,0.6566977792921516,1,20260726T102553,2026-07-26T10:26:41.694234+00:00
C-fc32e0ec,0.37460460406047313,0,20260726T102553,2026-07-26T10:26:41.694234+00:00
C-152165aa,0.761773554847566,1,20260726T102553,2026-07-26T10:26:41.694234+00:00
C-76eabcfa,0.8126179056825301,1,20260726T102553,2026-07-26T10:26:41.694234+00:00
C-458179a4,0.18577119328408007,0,20260726T102553,2026-07-26T10:26:41.694234+00:00
C-81cd0e55,0.27171912782434804,0,20260726T102553,2026-07-26T10:26:41.694234+00:00
C-768ed204,0.8349924912639914,1,20260726T102553,2026-07-26T10:26:41.694234+00:00
C-ea1b0868,0.13222111841140147,0,20260726T102553,2026-07-26T10:26:41.694234+00:00
C-9a0f3ef3,0.27414831623433866,0,20260726T102553,2026-07-26T10:26:41.694234+00:00
C-e3d8389b,0.7858729838440142,1,20260726T102553,2026-07-26T10:26:41.694234+00:00
C-c9815a00,0.7898351980834704,1,20260726T102553,2026-07-26T10:26:41.694234+00:00
C-f6a4cb38,0.7433422926742423,1,20260726T102553,2026-07-26T10:26:41.694234+00:00
C-f42ac175,0.32539059897368605,0,20260726T102553,2026-07-26T10:26:41.694234+00:00
C-8fad08ca,0.6907323701379383,1,20260726T102553,2026-07-26T10:26:41.694234+00:00
C-484ff79d,0.720948940323367,1,20260726T102553,2026-07-26T10:26:41.694234+00:00
C-1c597e0e,0.17264656815797114,0,20260726T102553,2026-07-26T10:26:41.694234+00:00
C-3449d6a8,0.5267181189135315,1,20260726T102553,2026-07-26T10:26:41.694234+00:00
C-9fa652df,0.81935476326085,1,20260726T102553,2026-07-26T10:26:41.694234+00:00
C-11b6cf44,0.3002004308971028,0,20260726T102553,2026-07-26T10:26:41.694234+00:00
C-364a8de9,0.15853447522075073,0,20260726T102553,2026-07-26T10:26:41.694234+00:00
C-11f9bfa0,0.7338195102076706,1,20260726T102553,2026-07-26T10:26:41.694234+00:00
C-e97a5602,0.4476646024482898,0,20260726T102553,2026-07-26T10:26:41.694234+00:00
C-50fcbd04,0.6844238540390406,1,20260726T102553,2026-07-26T10:26:41.694234+00:00
C-88f784c4,0.9045120732260772,1,20260726T102553,2026-07-26T10:26:41.694234+00:00
C-dbffedc6,0.7945170288364105,1,20260726T102553,2026-07-26T10:26:41.694234+00:00
C-8c194aa5,0.5225486513640121,1,20260726T102553,2026-07-26T10:26:41.694234+00:00
C-f8d690c1,0.7425448030246378,1,20260726T102553,2026-07-26T10:26:41.694234+00:00
C-f1a6e42c,0.049495194365277044,0,20260726T102553,2026-07-26T10:26:41.694234+00:00
C-82ddcd29,0.3661085225052951,0,20260726T102553,2026-07-26T10:26:41.694234+00:00
C-74286366,0.8614699028317316,1,20260726T102553,2026-07-26T10:26:41.694234+00:00
C-b507b60e,0.8652165174028301,1,20260726T102553,2026-07-26T10:26:41.694234+00:00
C-af7a3ad8,0.15607121468343765,0,20260726T102553,2026-07-26T10:26:41.694234+00:00
C-45ce6121,0.7149721191698913,1,20260726T102553,2026-07-26T10:26:41.694234+00:00
C-f2992bf7,0.32559197435826953,0,20260726T102553,2026-07-26T10:26:41.694234+00:00
C-dfb1113a,0.5346850435902955,1,20260726T102553,2026-07-26T10:26:41.694234+00:00
C-78326f22,0.6947512409922125,1,20260726T102553,2026-07-26T10:26:41.694234+00:00
C-bfb484ac,0.7324543276732747,1,20260726T102553,2026-07-26T10:26:41.694234+00:00
C-6e619fd6,0.3372186651274064,0,20260726T102553,2026-07-26T10:26:41.694234+00:00
C-e4a89e57,0.4501768355897463,0,20260726T102553,2026-07-26T10:26:41.694234+00:00
C-d9fe5d69,0.20089798874663298,0,20260726T102553,2026-07-26T10:26:41.694234+00:00
C-929d750c,0.6100818887380772,1,20260726T102553,2026-07-26T10:26:41.694234+00:00
C-148d6e40,0.7907056052069291,1,20260726T102553,2026-07-26T10:26:41.694234+00:00
C-5397de92,0.11257894540066249,0,20260726T102553,2026-07-26T10:26:41.694234+00:00
C-49792453,0.05074956703938411,0,20260726T102553,2026-07-26T10:26:41.694234+00:00
C-6a7ae6e6,0.6903875407241634,1,20260726T102553,2026-07-26T10:26:41.694234+00:00
C-d2e359e0,0.7786227309738653,1,20260726T102553,2026-07-26T10:26:41.694234+00:00
C-6f6faa5b,0.29561314248498505,0,20260726T102553,2026-07-26T10:26:41.694234+00:00
C-7848fdda,0.5799128811379815,1,20260726T102553,2026-07-26T10:26:41.694234+00:00
C-a7d91291,0.10304586044676749,0,20260726T102553,2026-07-26T10:26:41.694234+00:00
C-5ddc826d,0.47103665455109145,0,20260726T102553,2026-07-26T10:26:41.694234+00:00
C-8d8112f9,0.22811975807482082,0,20260726T102553,2026-07-26T10:26:41.694234+00:00
C-3fa36ffa,0.5934586238550357,1,20260726T102553,2026-07-26T10:26:41.694234+00:00
C-f2f84038,0.3174243081662522,0,20260726T102553,2026-07-26T10:26:41.694234+00:00
C-6ed84bd8,0.6404198580658905,1,20260726T102553,2026-07-26T10:26:41.694234+00:00
C-f37477f4,0.04412990380762933,0,20260726T102553,2026-07-26T10:26:41.694234+00:00
C-bce47baa,0.03842910052101586,0,20260726T102553,2026-07-26T10:26:41.694234+00:00
C-8ebfa645,0.7555332444830865,1,20260726T102553,2026-07-26T10:26:41.694234+00:00
C-07dd5630,0.5266137993071592,1,20260726T102553,2026-07-26T10:26:41.694234+00:00
C-1f10bf97,0.5297189118725648,1,20260726T102553,2026-07-26T10:26:41.694234+00:00
C-2fab0d71,0.4592999898413772,0,20260726T102553,2026-07-26T10:26:41.694234+00:00
C-a3b97de5,0.7601798188457789,1,20260726T102553,2026-07-26T10:26:41.694234+00:00
C-6d088e20,0.08342029870615343,0,20260726T102553,2026-07-26T10:26:41.694234+00:00
C-bd442d86,0.34702190559570006,0,20260726T102553,2026-07-26T10:26:41.694234+00:00
C-1ccc7b7f,0.7114998323125715,1,20260726T102553,2026-07-26T10:26:41.694234+00:00
C-aa356806,0.1142582401754016,0,20260726T102553,2026-07-26T10:26:41.694234+00:00
C-07510774,0.49628783399570914,0,20260726T102553,2026-07-26T10:26:41.694234+00:00
C-1b987fd5,0.8066617297326129,1,20260726T102553,2026-07-26T10:26:41.694234+00:00
C-ae63551c,0.5221322996641993,1,20260726T102553,2026-07-26T10:26:41.694234+00:00
C-bce46a0b,0.6103853960834156,1,20260726T102553,2026-07-26T10:26:41.694234+00:00
C-6c116c09,0.43528898505652547,0,20260726T102553,2026-07-26T10:26:41.694234+00:00
C-3427e422,0.3425281829337839,0,20260726T102553,2026-07-26T10:26:41.694234+00:00
C-68d5100c,0.12104996783998179,0,20260726T102553,2026-07-26T10:26:41.694234+00:00
C-2806faf7,0.6320646780270421,1,20260726T102553,2026-07-26T10:26:41.694234+00:00
C-13ee1c2c,0.12294099308150815,0,20260726T102553,2026-07-26T10:26:41.694234+00:00
C-6056ab28,0.5080042932242596,1,20260726T102553,2026-07-26T10:26:41.694234+00:00
C-728b4fbc,0.6402390762162778,1,20260726T102553,2026-07-26T10:26:41.694234+00:00
C-07fd6e15,0.2783960504019348,0,20260726T102553,2026-07-26T10:26:41.694234+00:00
C-4b9153d5,0.5306102571302446,1,20260726T102553,2026-07-26T10:26:41.694234+00:00
C-608c118b,0.3424501270769878,0,20260726T102553,2026-07-26T10:26:41.694234+00:00
C-d507f4b5,0.021820628281918737,0,20260726T102553,2026-07-26T10:26:41.694234+00:00
C-86f81278,0.8747172024524673,1,20260726T102553,2026-07-26T10:26:41.694234+00:00
C-08824021,0.3762768292207679,0,20260726T102553,2026-07-26T10:26:41.694234+00:00
C-da0a3035,0.37303395711607096,0,20260726T102553,2026-07-26T10:26:41.694234+00:00
C-0482b0a4,0.5465382683034954,1,20260726T102553,2026-07-26T10:26:41.694234+00:00
C-11eea728,0.6389801504031051,1,20260726T102553,2026-07-26T10:26:41.694234+00:00
C-557ef8d3,0.9089527195992888,1,20260726T102553,2026-07-26T10:26:41.694234+00:00
C-a36d8053,0.38974431876526733,0,20260726T102553,2026-07-26T10:26:41.694234+00:00
C-ac809aaf,0.0649892336201306,0,20260726T102553,2026-07-26T10:26:41.694234+00:00
C-6194cc76,0.367721433524586,0,20260726T102553,2026-07-26T10:26:41.694234+00:00
C-1a8aa1cf,0.2584262979974406,0,20260726T102553,2026-07-26T10:26:41.694234+00:00
C-24c5ef0e,0.10179229932142923,0,20260726T102553,2026-07-26T10:26:41.694234+00:00
C-848e8b15,0.39034017140964555,0,20260726T102553,2026-07-26T10:26:41.694234+00:00
C-b78dca25,0.02293471497720491,0,20260726T102553,2026-07-26T10:26:41.694234+00:00
C-37145e4f,0.9173813962072505,1,20260726T102553,2026-07-26T10:26:41.694234+00:00
C-ee386d5c,0.2386088629336869,0,20260726T102553,2026-07-26T10:26:41.694234+00:00
C-2c9d9303,0.750245801957759,1,20260726T102553,2026-07-26T10:26:41.694234+00:00
C-0d78bd00,0.8765116785468104,1,20260726T102553,2026-07-26T10:26:41.694234+00:00
C-f69def7a,0.054407489449511494,0,20260726T102553,2026-07-26T10:26:41.694234+00:00
C-23d76750,0.8249009894849537,1,20260726T102553,2026-07-26T10:26:41.694234+00:00
C-83f092e1,0.15880496884964537,0,20260726T102553,2026-07-26T10:26:41.694234+00:00
C-3560ea0f,0.43201634334251693,0,20260726T102553,2026-07-26T10:26:41.694234+00:00
C-489f4a6b,0.8043674769353913,1,20260726T102553,2026-07-26T10:26:41.694234+00:00
C-b91fe372,0.04972300986094551,0,20260726T102553,2026-07-26T10:26:41.694234+00:00
C-0fbcca86,0.6896298662528095,1,20260726T102553,2026-07-26T10:26:41.694234+00:00
C-c1c65888,0.22135982913641158,0,20260726T102553,2026-07-26T10:26:41.694234+00:00
C-04a54663,0.0848245705298112,0,20260726T102553,2026-07-26T10:26:41.694234+00:00
C-b484ee0b,0.6717298909060926,1,20260726T102553,2026-07-26T10:26:41.694234+00:00
C-442341da,0.8710005367692332,1,20260726T102553,2026-07-26T10:26:41.694234+00:00
C-54fd0158,0.13200145976729588,0,20260726T102553,2026-07-26T10:26:41.694234+00:00
C-571b7800,0.272847029633015,0,20260726T102553,2026-07-26T10:26:41.694234+00:00
C-07eb229f,0.706626445461366,1,20260726T102553,2026-07-26T10:26:41.694234+00:00
C-2654fad9,0.4455680853876764,0,20260726T102553,2026-07-26T10:26:41.694234+00:00
C-d3798604,0.06802055740825394,0,20260726T102553,2026-07-26T10:26:41.694234+00:00
C-0e01e1bb,0.752489094858426,1,20260726T102553,2026-07-26T10:26:41.694234+00:00
C-34dfa6b0,0.47318200630930213,0,20260726T102553,2026-07-26T10:26:41.694234+00:00
C-4238c69b,0.6865785667426906,1,20260726T102553,2026-07-26T10:26:41.694234+00:00
C-03d48176,0.045237361731355355,0,20260726T102553,2026-07-26T10:26:41.694234+00:00
C-97d3ce46,0.7842760519526888,1,20260726T102553,2026-07-26T10:26:41.694234+00:00
C-0c2f8028,0.6509336031681117,1,20260726T102553,2026-07-26T10:26:41.694234+00:00
C-b7f8f040,0.7352454345501709,1,20260726T102553,2026-07-26T10:26:41.694234+00:00
C-22feb2c2,0.7655789441728067,1,20260726T102553,2026-07-26T10:26:41.694234+00:00
C-31239154,0.4710383308431656,0,20260726T102553,2026-07-26T10:26:41.694234+00:00
C-3a0e300f,0.5888537209356669,1,20260726T102553,2026-07-26T10:26:41.694234+00:00
C-1f8e0bfa,0.7963117344737473,1,20260726T102553,2026-07-26T10:26:41.694234+00:00
C-07a8d056,0.5595035792440407,1,20260726T102553,2026-07-26T10:26:41.694234+00:00
C-6d7bffa4,0.64878528930633,1,20260726T102553,2026-07-26T10:26:41.694234+00:00
C-aea67fc9,0.1484109397831792,0,20260726T102553,2026-07-26T10:26:41.694234+00:00
C-c0d57371,0.15165327079074045,0,20260726T102553,2026-07-26T10:26:41.694234+00:00
C-b114d866,0.6439068216570287,1,20260726T102553,2026-07-26T10:26:41.694234+00:00
C-56255676,0.763945008454141,1,20260726T102553,2026-07-26T10:26:41.694234+00:00
C-6ff901d1,0.3494578807087101,0,20260726T102553,2026-07-26T10:26:41.694234+00:00
C-5508e63d,0.790119836804493,1,20260726T102553,2026-07-26T10:26:41.694234+00:00
C-bcb0213c,0.8467276545184552,1,20260726T102553,2026-07-26T10:26:41.694234+00:00
C-d24f154b,0.34579825562060795,0,20260726T102553,2026-07-26T10:26:41.694234+00:00
C-ca92481d,0.40512401488314087,0,20260726T102553,2026-07-26T10:26:41.694234+00:00
C-bedaf307,0.020948441594856492,0,20260726T102553,2026-07-26T10:26:41.694234+00:00
C-9aa2cba2,0.03471488085833749,0,20260726T102553,2026-07-26T10:26:41.694234+00:00
C-2a6393b3,0.512498094855778,1,20260726T102553,2026-07-26T10:26:41.694234+00:00
C-6ef43ea2,0.47326485153617565,0,20260726T102553,2026-07-26T10:26:41.694234+00:00
C-c9518095,0.15004146083389192,0,20260726T102553,2026-07-26T10:26:41.694234+00:00
C-a7185bbb,0.19145201220708538,0,20260726T102553,2026-07-26T10:26:41.694234+00:00
C-416b1517,0.44850976465708803,0,20260726T102553,2026-07-26T10:26:41.694234+00:00
C-d31c70de,0.10329020704875971,0,20260726T102553,2026-07-26T10:26:41.694234+00:00
C-c169052c,0.3831284020734105,0,20260726T102553,2026-07-26T10:26:41.694234+00:00
C-bf7fc37c,0.6577466133271164,1,20260726T102553,2026-07-26T10:26:41.694234+00:00
C-64ce1f1e,0.5310099811478048,1,20260726T102553,2026-07-26T10:26:41.694234+00:00
C-b342c37b,0.05395208538210656,0,20260726T102553,2026-07-26T10:26:41.694234+00:00
C-c6b09865,0.1562100595627879,0,20260726T102553,2026-07-26T10:26:41.694234+00:00
C-84e59045,0.2759758538400972,0,20260726T102553,2026-07-26T10:26:41.694234+00:00
C-c02b281f,0.46071944541645976,0,20260726T102553,2026-07-26T10:26:41.694234+00:00
C-6b666149,0.6839741544680941,1,20260726T102553,2026-07-26T10:26:41.694234+00:00
C-8108ce3c,0.24313720749288317,0,20260726T102553,2026-07-26T10:26:41.694234+00:00
C-c9397270,0.03782475881027822,0,20260726T102553,2026-07-26T10:26:41.694234+00:00
C-2bcc2ab7,0.06682130618076801,0,20260726T102553,2026-07-26T10:26:41.694234+00:00
C-8f67c3ca,0.7889018978159585,1,20260726T102553,2026-07-26T10:26:41.694234+00:00
C-09ad4108,0.2992221683196318,0,20260726T102553,2026-07-26T10:26:41.694234+00:00
C-c3b360ce,0.3959378382940118,0,20260726T102553,2026-07-26T10:26:41.694234+00:00
C-f745e11c,0.3913353582987909,0,20260726T102553,2026-07-26T10:26:41.694234+00:00
C-a5ec8245,0.7382722809180197,1,20260726T102553,2026-07-26T10:26:41.694234+00:00
C-11e88a9f,0.06731980835751503,0,20260726T102553,2026-07-26T10:26:41.694234+00:00
C-ed550d53,0.6793137535192565,1,20260726T102553,2026-07-26T10:26:41.694234+00:00
C-9a890a5e,0.019633933158971828,0,20260726T102553,2026-07-26T10:26:41.694234+00:00
C-6339beac,0.3741316831998757,0,20260726T102553,2026-07-26T10:26:41.694234+00:00
C-4ee0b6e6,0.758788086449949,1,20260726T102553,2026-07-26T10:26:41.694234+00:00
C-2f70fbd4,0.9371261234364108,1,20260726T102553,2026-07-26T10:26:41.694234+00:00
C-687dbc6c,0.035309396570916855,0,20260726T102553,2026-07-26T10:26:41.694234+00:00
C-1746e6cc,0.7687811136776674,1,20260726T102553,2026-07-26T10:26:41.694234+00:00
C-bedb5fda,0.10569575096617845,0,20260726T102553,2026-07-26T10:26:41.694234+00:00
C-85b31b0c,0.3318742906071447,0,20260726T102553,2026-07-26T10:26:41.694234+00:00
C-80254500,0.9176278042477576,1,20260726T102553,2026-07-26T10:26:41.694234+00:00
C-302a3a06,0.6713628171964701,1,20260726T102553,2026-07-26T10:26:41.694234+00:00
C-678a2977,0.3556188709276718,0,20260726T102553,2026-07-26T10:26:41.694234+00:00
C-820c25b9,0.6420835198374494,1,20260726T102553,2026-07-26T10:26:41.694234+00:00
C-baebcd3d,0.45995821935316705,0,20260726T102553,2026-07-26T10:26:41.694234+00:00
C-ca194035,0.5691803365710592,1,20260726T102553,2026-07-26T10:26:41.694234+00:00
C-ad193a27,0.6703764191787032,1,20260726T102553,2026-07-26T10:26:41.694234+00:00
C-605bf328,0.080223792036236,0,20260726T102553,2026-07-26T10:26:41.694234+00:00
C-37f7cffd,0.4568632376917169,0,20260726T102553,2026-07-26T10:26:41.694234+00:00
C-b146ed95,0.5144917603968913,1,20260726T102553,2026-07-26T10:26:41.694234+00:00
C-3bb9751b,0.4665941496707793,0,20260726T102553,2026-07-26T10:26:41.694234+00:00
C-b030eb24,0.041938733996579394,0,20260726T102553,2026-07-26T10:26:41.694234+00:00
C-4c28dc1c,0.8671825405596769,1,20260726T102553,2026-07-26T10:26:41.694234+00:00
C-eb977d7c,0.33488165395435343,0,20260726T102553,2026-07-26T10:26:41.694234+00:00
C-cac3e37d,0.6429134180155145,1,20260726T102553,2026-07-26T10:26:41.694234+00:00
C-8d7e1db0,0.7079127093224115,1,20260726T102553,2026-07-26T10:26:41.694234+00:00
C-c847dbd4,0.8276372023923384,1,20260726T102553,2026-07-26T10:26:41.694234+00:00
C-f55a543d,0.5404492570031977,1,20260726T102553,2026-07-26T10:26:41.694234+00:00
C-d878d7a1,0.845022473333614,1,20260726T102553,2026-07-26T10:26:41.694234+00:00
C-150da482,0.8654665214521602,1,20260726T102553,2026-07-26T10:26:41.694234+00:00
C-9be7b698,0.7830146041896999,1,20260726T102553,2026-07-26T10:26:41.694234+00:00
C-2f0dfe8a,0.8873753952380159,1,20260726T102553,2026-07-26T10:26:41.694234+00:00
C-a214b6e2,0.7350585139037987,1,20260726T102553,2026-07-26T10:26:41.694234+00:00
C-acbf1c56,0.5193089671235673,1,20260726T102553,2026-07-26T10:26:41.694234+00:00
C-1462c310,0.8925749132464215,1,20260726T102553,2026-07-26T10:26:41.694234+00:00
C-9ba6368f,0.9142684578131021,1,20260726T102553,2026-07-26T10:26:41.694234+00:00
C-12566359,0.09724789348773423,0,20260726T102553,2026-07-26T10:26:41.694234+00:00
C-3a8c8986,0.33778017033941693,0,20260726T102553,2026-07-26T10:26:41.694234+00:00
C-6fd1e4f1,0.46773323415129936,0,20260726T102553,2026-07-26T10:26:41.694234+00:00
C-e5185e23,0.24293293888632225,0,20260726T102553,2026-07-26T10:26:41.694234+00:00
C-de3858e6,0.8082428874982648,1,20260726T102553,2026-07-26T10:26:41.694234+00:00
C-96647406,0.09856871616205712,0,20260726T102553,2026-07-26T10:26:41.694234+00:00
C-d893ea55,0.833100663580732,1,20260726T102553,2026-07-26T10:26:41.694234+00:00
C-2defc8af,0.7512961866861428,1,20260726T102553,2026-07-26T10:26:41.694234+00:00
C-69a54a0c,0.7348526184742872,1,20260726T102553,2026-07-26T10:26:41.694234+00:00
C-383e0db0,0.7533368058410784,1,20260726T102553,2026-07-26T10:26:41.694234+00:00
C-d5053539,0.7275412351395202,1,20260726T102553,2026-07-26T10:26:41.694234+00:00
C-22ae53fe,0.4346491517170259,0,20260726T102553,2026-07-26T10:26:41.694234+00:00
C-e902d0e6,0.07302815104153856,0,20260726T102553,2026-07-26T10:26:41.694234+00:00
C-08559c08,0.02092509239072393,0,20260726T102553,2026-07-26T10:26:41.694234+00:00
C-42b79e1c,0.4992809999194162,0,20260726T102553,2026-07-26T10:26:41.694234+00:00
C-2d77cdc5,0.4054485362612975,0,20260726T102553,2026-07-26T10:26:41.694234+00:00
C-1825a8d5,0.5530115211277193,1,20260726T102553,2026-07-26T10:26:41.694234+00:00
C-eebd729a,0.08613286932848413,0,20260726T102553,2026-07-26T10:26:41.694234+00:00
C-3435f72f,0.04512620235174263,0,20260726T102553,2026-07-26T10:26:41.694234+00:00
C-9dac61d5,0.06549989191275221,0,20260726T102553,2026-07-26T10:26:41.694234+00:00
C-7b64825d,0.10943003025781352,0,20260726T102553,2026-07-26T10:26:41.694234+00:00
C-44fa0ea4,0.09693258864895578,0,20260726T102553,2026-07-26T10:26:41.694234+00:00
C-4c3c975c,0.656699659389317,1,20260726T102553,2026-07-26T10:26:41.694234+00:00
C-04924abd,0.37412949047639155,0,20260726T102553,2026-07-26T10:26:41.694234+00:00
C-54498792,0.916793306695147,1,20260726T102553,2026-07-26T10:26:41.694234+00:00
C-49ba812b,0.4599569834613963,0,20260726T102553,2026-07-26T10:26:41.694234+00:00
C-227526e6,0.8591782720073293,1,20260726T102553,2026-07-26T10:26:41.694234+00:00
C-20c11b97,0.4524909365026546,0,20260726T102553,2026-07-26T10:26:41.694234+00:00
C-99eb75c7,0.10880327962797065,0,20260726T102553,2026-07-26T10:26:41.694234+00:00
C-ad5c0502,0.6859899428901062,1,20260726T102553,2026-07-26T10:26:41.694234+00:00
C-5177d2bc,0.7615460226578287,1,20260726T102553,2026-07-26T10:26:41.694234+00:00
C-5e6c5a87,0.6379336239878615,1,20260726T102553,2026-07-26T10:26:41.694234+00:00
C-d22ddc77,0.23162719261877895,0,20260726T102553,2026-07-26T10:26:41.694234+00:00
C-4afd1fed,0.1578024646292404,0,20260726T102553,2026-07-26T10:26:41.694234+00:00
C-c020e0ae,0.6914666704394694,1,20260726T102553,2026-07-26T10:26:41.694234+00:00
C-586517e0,0.334377241752177,0,20260726T102553,2026-07-26T10:26:41.694234+00:00
C-d16ae687,0.09299148437731315,0,20260726T102553,2026-07-26T10:26:41.694234+00:00
C-d71ad65e,0.08850865345966695,0,20260726T102553,2026-07-26T10:26:41.694234+00:00
C-299be67a,0.06926006063377883,0,20260726T102553,2026-07-26T10:26:41.694234+00:00
C-e725331a,0.08381127740852212,0,20260726T102553,2026-07-26T10:26:41.694234+00:00
C-d416a4e2,0.7696400848807319,1,20260726T102553,2026-07-26T10:26:41.694234+00:00
C-b3de2571,0.6435863436242426,1,20260726T102553,2026-07-26T10:26:41.694234+00:00
C-e2c757e3,0.5064724320733044,1,20260726T102553,2026-07-26T10:26:41.694234+00:00
C-f9e74d9d,0.6810099934950641,1,20260726T102553,2026-07-26T10:26:41.694234+00:00
C-4543aeb6,0.3739679168285414,0,20260726T102553,2026-07-26T10:26:41.694234+00:00
C-4107e3e3,0.0841777391851915,0,20260726T102553,2026-07-26T10:26:41.694234+00:00
C-7bba55f2,0.5260555334829079,1,20260726T102553,2026-07-26T10:26:41.694234+00:00
C-56476142,0.037294408837777064,0,20260726T102553,2026-07-26T10:26:41.694234+00:00
C-419c8129,0.08233447223342935,0,20260726T102553,2026-07-26T10:26:41.694234+00:00
C-12b4f346,0.3768195037907982,0,20260726T102553,2026-07-26T10:26:41.694234+00:00
C-e721600c,0.13828469708300678,0,20260726T102553,2026-07-26T10:26:41.694234+00:00
C-27c47b78,0.021594763232561834,0,20260726T102553,2026-07-26T10:26:41.694234+00:00
C-2e265b44,0.7066568907088226,1,20260726T102553,2026-07-26T10:26:41.694234+00:00
C-55b7d1a9,0.4540109391603332,0,20260726T102553,2026-07-26T10:26:41.694234+00:00
C-bff466a2,0.7756536959307943,1,20260726T102553,2026-07-26T10:26:41.694234+00:00
C-02ddceda,0.020479267154036345,0,20260726T102553,2026-07-26T10:26:41.694234+00:00
C-5db3701e,0.3757962308458384,0,20260726T102553,2026-07-26T10:26:41.694234+00:00
C-59502897,0.20058514042091266,0,20260726T102553,2026-07-26T10:26:41.694234+00:00
C-beaab37d,0.6878342956781106,1,20260726T102553,2026-07-26T10:26:41.694234+00:00
C-a0124296,0.5778861277850584,1,20260726T102553,2026-07-26T10:26:41.694234+00:00
C-4cfd3898,0.030686427331639766,0,20260726T102553,2026-07-26T10:26:41.694234+00:00
C-670cea23,0.8058035238580193,1,20260726T102553,2026-07-26T10:26:41.694234+00:00
C-49debe35,0.09300974290403102,0,20260726T102553,2026-07-26T10:26:41.694234+00:00
C-ab010f2f,0.3311896255454681,0,20260726T102553,2026-07-26T10:26:41.694234+00:00
C-fd20088d,0.03787015041548603,0,20260726T102553,2026-07-26T10:26:41.694234+00:00
C-e93597e1,0.6596375043875983,1,20260726T102553,2026-07-26T10:26:41.694234+00:00
C-dbda7743,0.05316688898872119,0,20260726T102553,2026-07-26T10:26:41.694234+00:00
C-36da94f2,0.9121716114526726,1,20260726T102553,2026-07-26T10:26:41.694234+00:00
C-417115f6,0.5150727555681173,1,20260726T102553,2026-07-26T10:26:41.694234+00:00
C-803b5300,0.04841844391879775,0,20260726T102553,2026-07-26T10:26:41.694234+00:00
C-8f2b9221,0.025149897465221043,0,20260726T102553,2026-07-26T10:26:41.694234+00:00
C-d3489e0a,0.28280876562255874,0,20260726T102553,2026-07-26T10:26:41.694234+00:00
C-47678b73,0.802886415963135,1,20260726T102553,2026-07-26T10:26:41.694234+00:00
C-28c923e9,0.520783271787838,1,20260726T102553,2026-07-26T10:26:41.694234+00:00
C-c6f2ebb8,0.6487032928487454,1,20260726T102553,2026-07-26T10:26:41.694234+00:00
C-46e371f7,0.09101864029680601,0,20260726T102553,2026-07-26T10:26:41.694234+00:00
C-9dec66d6,0.9197715121124619,1,20260726T102553,2026-07-26T10:26:41.694234+00:00
C-b9603976,0.19256988963880248,0,20260726T102553,2026-07-26T10:26:41.694234+00:00
C-82d65272,0.4410702277631694,0,20260726T102553,2026-07-26T10:26:41.694234+00:00
C-95485059,0.16747643782426072,0,20260726T102553,2026-07-26T10:26:41.694234+00:00
C-451ea8b1,0.9206694956612373,1,20260726T102553,2026-07-26T10:26:41.694234+00:00
C-dec1856b,0.09582343638412294,0,20260726T102553,2026-07-26T10:26:41.694234+00:00
C-2ed93950,0.756611531747723,1,20260726T102553,2026-07-26T10:26:41.694234+00:00
C-76571a8c,0.217954101581677,0,20260726T102553,2026-07-26T10:26:41.694234+00:00
C-0006d02f,0.35202589638557297,0,20260726T102553,2026-07-26T10:26:41.694234+00:00
C-c3920e19,0.8229501992195076,1,20260726T102553,2026-07-26T10:26:41.694234+00:00
C-002311b0,0.9113603430169098,1,20260726T102553,2026-07-26T10:26:41.694234+00:00
C-233ee980,0.7673303740877745,1,20260726T102553,2026-07-26T10:26:41.694234+00:00
C-80db81f7,0.10531951617147098,0,20260726T102553,2026-07-26T10:26:41.694234+00:00
C-6249d0dd,0.19389933007290439,0,20260726T102553,2026-07-26T10:26:41.694234+00:00
C-7d1fe47f,0.12979448673429825,0,20260726T102553,2026-07-26T10:26:41.694234+00:00
C-b470333e,0.6315516491389395,1,20260726T102553,2026-07-26T10:26:41.694234+00:00
C-9a15573a,0.45013629817963097,0,20260726T102553,2026-07-26T10:26:41.694234+00:00
C-e0cc3b15,0.7737166036727766,1,20260726T102553,2026-07-26T10:26:41.694234+00:00
C-27aed9ae,0.17195095176888534,0,20260726T102553,2026-07-26T10:26:41.694234+00:00
C-eaf18b97,0.5369452813546263,1,20260726T102553,2026-07-26T10:26:41.694234+00:00
C-1c6a6291,0.6656060928407235,1,20260726T102553,2026-07-26T10:26:41.694234+00:00
C-b57aefd2,0.03299200645788116,0,20260726T102553,2026-07-26T10:26:41.694234+00:00
C-0eaeecb3,0.049093049231701116,0,20260726T102553,2026-07-26T10:26:41.694234+00:00
C-3206adee,0.5889950094187374,1,20260726T102553,2026-07-26T10:26:41.694234+00:00
C-def1cbc3,0.9779319154109903,1,20260726T102553,2026-07-26T10:26:41.694234+00:00
C-b399d7f3,0.12459887377477279,0,20260726T102553,2026-07-26T10:26:41.694234+00:00
C-1159e29f,0.5221565773855161,1,20260726T102553,2026-07-26T10:26:41.694234+00:00
C-23cb867e,0.6427297859367174,1,20260726T102553,2026-07-26T10:26:41.694234+00:00
C-04d531cd,0.8948657011620499,1,20260726T102553,2026-07-26T10:26:41.694234+00:00
C-140a0e33,0.09542561718318536,0,20260726T102553,2026-07-26T10:26:41.694234+00:00
C-030c7fa0,0.8294807789070054,1,20260726T102553,2026-07-26T10:26:41.694234+00:00
C-04ad9eab,0.8399327862182319,1,20260726T102553,2026-07-26T10:26:41.694234+00:00
C-dfbb22bb,0.6982876061677015,1,20260726T102553,2026-07-26T10:26:41.694234+00:00
C-cb4467a9,0.38423883895620103,0,20260726T102553,2026-07-26T10:26:41.694234+00:00
C-c3599187,0.19343435721169822,0,20260726T102553,2026-07-26T10:26:41.694234+00:00
C-f9f59a7f,0.7043181970791275,1,20260726T102553,2026-07-26T10:26:41.694234+00:00
C-a634bd48,0.35844312964123615,0,20260726T102553,2026-07-26T10:26:41.694234+00:00
C-21bdc986,0.7563330974974766,1,20260726T102553,2026-07-26T10:26:41.694234+00:00
C-31c95c2a,0.29142774063394344,0,20260726T102553,2026-07-26T10:26:41.694234+00:00
C-7ce6e6a8,0.5399238508929584,1,20260726T102553,2026-07-26T10:26:41.694234+00:00
C-b00d5112,0.07393852672104817,0,20260726T102553,2026-07-26T10:26:41.694234+00:00
C-a7502970,0.7015624612831483,1,20260726T102553,2026-07-26T10:26:41.694234+00:00
C-11a9275c,0.31737541947751896,0,20260726T102553,2026-07-26T10:26:41.694234+00:00
C-21fd39dd,0.09761998064298141,0,20260726T102553,2026-07-26T10:26:41.694234+00:00
C-9645edb4,0.7494220387572835,1,20260726T102553,2026-07-26T10:26:41.694234+00:00
C-483530eb,0.054573836024293124,0,20260726T102553,2026-07-26T10:26:41.694234+00:00
C-ec1931e7,0.3576700924140591,0,20260726T102553,2026-07-26T10:26:41.694234+00:00
C-39900137,0.7830013259661983,1,20260726T102553,2026-07-26T10:26:41.694234+00:00
C-ad413c0a,0.09435882956819856,0,20260726T102553,2026-07-26T10:26:41.694234+00:00
C-a6be1d1c,0.045330109988291706,0,20260726T102553,2026-07-26T10:26:41.694234+00:00
C-c8572625,0.0442024343754149,0,20260726T102553,2026-07-26T10:26:41.694234+00:00
C-5c25346b,0.07405686777072851,0,20260726T102553,2026-07-26T10:26:41.694234+00:00
C-82492867,0.3416222011128853,0,20260726T102553,2026-07-26T10:26:41.694234+00:00
C-7f71031e,0.18934099396507864,0,20260726T102553,2026-07-26T10:26:41.694234+00:00
C-4a4e0afa,0.42357857166723756,0,20260726T102553,2026-07-26T10:26:41.694234+00:00
C-b760603e,0.19319806321496477,0,20260726T102553,2026-07-26T10:26:41.694234+00:00
C-7bafd6a8,0.5960790936509559,1,20260726T102553,2026-07-26T10:26:41.694234+00:00
C-a681c15d,0.1257554034846665,0,20260726T102553,2026-07-26T10:26:41.694234+00:00
C-21312214,0.7015531851193536,1,20260726T102553,2026-07-26T10:26:41.694234+00:00
C-4636668c,0.6193554113780814,1,20260726T102553,2026-07-26T10:26:41.694234+00:00
C-7341db3a,0.9293823177278899,1,20260726T102553,2026-07-26T10:26:41.694234+00:00
C-902fca48,0.59494751554045,1,20260726T102553,2026-07-26T10:26:41.694234+00:00
C-5e6fea81,0.7480868446004232,1,20260726T102553,2026-07-26T10:26:41.694234+00:00
C-406dd520,0.32898652061740535,0,20260726T102553,2026-07-26T10:26:41.694234+00:00
C-b9ac523d,0.7598210015197246,1,20260726T102553,2026-07-26T10:26:41.694234+00:00
C-08e61731,0.397904463692841,0,20260726T102553,2026-07-26T10:26:41.694234+00:00
C-c35311bc,0.3758445075036609,0,20260726T102553,2026-07-26T10:26:41.694234+00:00
C-31f1123d,0.3339991807824846,0,20260726T102553,2026-07-26T10:26:41.694234+00:00
C-9253d7cc,0.44071431719997156,0,20260726T102553,2026-07-26T10:26:41.694234+00:00
C-c289473f,0.8887357449729033,1,20260726T102553,2026-07-26T10:26:41.694234+00:00
C-2562762d,0.06957105662918577,0,20260726T102553,2026-07-26T10:26:41.694234+00:00
C-d64de7a1,0.6977569447982925,1,20260726T102553,2026-07-26T10:26:41.694234+00:00
C-ae541faf,0.849461776864731,1,20260726T102553,2026-07-26T10:26:41.694234+00:00
C-d7029460,0.4091528274972976,0,20260726T102553,2026-07-26T10:26:41.694234+00:00
C-7fc711ce,0.47663745629469084,0,20260726T102553,2026-07-26T10:26:41.694234+00:00
C-f88d0d76,0.9176910547149314,1,20260726T102553,2026-07-26T10:26:41.694234+00:00
C-6c10b443,0.6094828460866144,1,20260726T102553,2026-07-26T10:26:41.694234+00:00
C-b929aa9a,0.8353027068315837,1,20260726T102553,2026-07-26T10:26:41.694234+00:00
C-df3e2201,0.10298538392568894,0,20260726T102553,2026-07-26T10:26:41.694234+00:00
C-2fada7e1,0.9116649030986563,1,20260726T102553,2026-07-26T10:26:41.694234+00:00
C-21b26235,0.5285958137283707,1,20260726T102553,2026-07-26T10:26:41.694234+00:00
C-a0e2fb37,0.34746737243823206,0,20260726T102553,2026-07-26T10:26:41.694234+00:00
C-95b49e1f,0.2737365815321234,0,20260726T102553,2026-07-26T10:26:41.694234+00:00
C-5facf4be,0.7549017573522747,1,20260726T102553,2026-07-26T10:26:41.694234+00:00
C-91e178de,0.5362322239129024,1,20260726T102553,2026-07-26T10:26:41.694234+00:00
C-0031f2ff,0.028938637468367338,0,20260726T102553,2026-07-26T10:26:41.694234+00:00
C-3b74c20c,0.5680618645894088,1,20260726T102553,2026-07-26T10:26:41.694234+00:00
C-db3660c1,0.48163310469044507,0,20260726T102553,2026-07-26T10:26:41.694234+00:00
C-56324fa6,0.8651341212194075,1,20260726T102553,2026-07-26T10:26:41.694234+00:00
C-62187468,0.15535349245876326,0,20260726T102553,2026-07-26T10:26:41.694234+00:00
C-e77b909d,0.9196732165220299,1,20260726T102553,2026-07-26T10:26:41.694234+00:00
C-63a9d2b4,0.7983442259711128,1,20260726T102553,2026-07-26T10:26:41.694234+00:00
C-a24a8cd1,0.19059362344051195,0,20260726T102553,2026-07-26T10:26:41.694234+00:00
C-139845b0,0.15683683214983885,0,20260726T102553,2026-07-26T10:26:41.694234+00:00
C-0513bd66,0.1723599235751065,0,20260726T102553,2026-07-26T10:26:41.694234+00:00
C-20336090,0.6570941750539104,1,20260726T102553,2026-07-26T10:26:41.694234+00:00
C-cd697cef,0.3664975169270316,0,20260726T102553,2026-07-26T10:26:41.694234+00:00
C-a9897ecf,0.732963673482802,1,20260726T102553,2026-07-26T10:26:41.694234+00:00
C-f4e655e2,0.15862233573884346,0,20260726T102553,2026-07-26T10:26:41.694234+00:00
C-9132f60f,0.47656878170401773,0,20260726T102553,2026-07-26T10:26:41.694234+00:00
C-4bd3ca40,0.11008197774432459,0,20260726T102553,2026-07-26T10:26:41.694234+00:00
C-d925a2d1,0.738262710905947,1,20260726T102553,2026-07-26T10:26:41.694234+00:00
C-cc7ab88f,0.018913865178493135,0,20260726T102553,2026-07-26T10:26:41.694234+00:00
C-2f76a2ab,0.1683494993999262,0,20260726T102553,2026-07-26T10:26:41.694234+00:00
C-cfe0355a,0.727017516787195,1,20260726T102553,2026-07-26T10:26:41.694234+00:00
C-95d27ed0,0.0794596393620944,0,20260726T102553,2026-07-26T10:26:41.694234+00:00
C-8359f832,0.1925101835726655,0,20260726T102553,2026-07-26T10:26:41.694234+00:00
C-0cf888be,0.025008639254642737,0,20260726T102553,2026-07-26T10:26:41.694234+00:00
C-856483b9,0.02968027301156552,0,20260726T102553,2026-07-26T10:26:41.694234+00:00
C-a7989899,0.5621046163466401,1,20260726T102553,2026-07-26T10:26:41.694234+00:00
C-965701c4,0.7917031187142557,1,20260726T102553,2026-07-26T10:26:41.694234+00:00
C-496ab608,0.6578657548724236,1,20260726T102553,2026-07-26T10:26:41.694234+00:00
C-8ea53e92,0.6930037061182406,1,20260726T102553,2026-07-26T10:26:41.694234+00:00
C-c6ff10e2,0.31026611904133006,0,20260726T102553,2026-07-26T10:26:41.694234+00:00
C-cd48e7f9,0.6898512759129033,1,20260726T102553,2026-07-26T10:26:41.694234+00:00
C-3270143e,0.22711127237045994,0,20260726T102553,2026-07-26T10:26:41.694234+00:00
C-8c3067f6,0.7620321285211984,1,20260726T102553,2026-07-26T10:26:41.694234+00:00
C-e672cb4e,0.6361110811960418,1,20260726T102553,2026-07-26T10:26:41.694234+00:00
C-39f1a129,0.3131366041431532,0,20260726T102553,2026-07-26T10:26:41.694234+00:00
C-8f52b579,0.5467173067389702,1,20260726T102553,2026-07-26T10:26:41.694234+00:00
C-140c703a,0.6960134892289084,1,20260726T102553,2026-07-26T10:26:41.694234+00:00
C-7e8d325c,0.5669450298741451,1,20260726T102553,2026-07-26T10:26:41.694234+00:00
C-f9aa8744,0.5380045308540558,1,20260726T102553,2026-07-26T10:26:41.694234+00:00
C-30b41f14,0.4671645230490502,0,20260726T102553,2026-07-26T10:26:41.694234+00:00
C-0e4ebc6c,0.6089223586052804,1,20260726T102553,2026-07-26T10:26:41.694234+00:00
C-96d1b05a,0.048589740340215834,0,20260726T102553,2026-07-26T10:26:41.694234+00:00
C-f2a8700b,0.039204529393867406,0,20260726T102553,2026-07-26T10:26:41.694234+00:00
C-e2690548,0.7838993130090617,1,20260726T102553,2026-07-26T10:26:41.694234+00:00
C-84df953e,0.08843110880119295,0,20260726T102553,2026-07-26T10:26:41.694234+00:00
C-ef239975,0.5335654046058034,1,20260726T102553,2026-07-26T10:26:41.694234+00:00
C-ddee751d,0.5877026806478394,1,20260726T102553,2026-07-26T10:26:41.694234+00:00
C-f8ace112,0.06802601443575634,0,20260726T102553,2026-07-26T10:26:41.694234+00:00
C-2af98679,0.15087033433738262,0,20260726T102553,2026-07-26T10:26:41.694234+00:00
C-981b396f,0.6828865546262494,1,20260726T102553,2026-07-26T10:26:41.694234+00:00
C-e8f9e4b9,0.33168895487787664,0,20260726T102553,2026-07-26T10:26:41.694234+00:00
C-ae619f58,0.1220847500526985,0,20260726T102553,2026-07-26T10:26:41.694234+00:00
C-8c5a2dd9,0.7864476973502766,1,20260726T102553,2026-07-26T10:26:41.694234+00:00
C-5e1524e7,0.7917052382101295,1,20260726T102553,2026-07-26T10:26:41.694234+00:00
C-941b6121,0.33562093634645174,0,20260726T102553,2026-07-26T10:26:41.694234+00:00
C-e300d148,0.8341303664856308,1,20260726T102553,2026-07-26T10:26:41.694234+00:00
C-cfd33f3d,0.50842190521196,1,20260726T102553,2026-07-26T10:26:41.694234+00:00
C-f0e78899,0.20153571459866476,0,20260726T102553,2026-07-26T10:26:41.694234+00:00
C-5da6c220,0.17471973524367143,0,20260726T102553,2026-07-26T10:26:41.694234+00:00
C-046c53e6,0.6541515814789179,1,20260726T102553,2026-07-26T10:26:41.694234+00:00
C-3142c07e,0.18263615684177134,0,20260726T102553,2026-07-26T10:26:41.694234+00:00
C-7ec3c0dd,0.1366400152843666,0,20260726T102553,2026-07-26T10:26:41.694234+00:00
C-05b40247,0.30914679864813693,0,20260726T102553,2026-07-26T10:26:41.694234+00:00
C-5bfe7a82,0.02886105421617791,0,20260726T102553,2026-07-26T10:26:41.694234+00:00
C-bf9bbab2,0.7554904407199785,1,20260726T102553,2026-07-26T10:26:41.694234+00:00
C-e3a2293b,0.585472817466649,1,20260726T102553,2026-07-26T10:26:41.694234+00:00
C-70924294,0.6575270323195447,1,20260726T102553,2026-07-26T10:26:41.694234+00:00
C-4a3eebc9,0.625808039925518,1,20260726T102553,2026-07-26T10:26:41.694234+00:00
C-3ce22534,0.452772601772764,0,20260726T102553,2026-07-26T10:26:41.694234+00:00
C-6e54debc,0.29843734892616297,0,20260726T102553,2026-07-26T10:26:41.694234+00:00
C-7fa2db8e,0.5445630148899492,1,20260726T102553,2026-07-26T10:26:41.694234+00:00
C-afa446ce,0.2485361616378861,0,20260726T102553,2026-07-26T10:26:41.694234+00:00
C-c39d321f,0.45593344924712226,0,20260726T102553,2026-07-26T10:26:41.694234+00:00
C-74227907,0.10678344191931707,0,20260726T102553,2026-07-26T10:26:41.694234+00:00
C-6766726b,0.654989845266785,1,20260726T102553,2026-07-26T10:26:41.694234+00:00
C-d11233fe,0.6217352430856168,1,20260726T102553,2026-07-26T10:26:41.694234+00:00
C-094df13e,0.34695093824449696,0,20260726T102553,2026-07-26T10:26:41.694234+00:00
C-6ee44a2b,0.12810038361111434,0,20260726T102553,2026-07-26T10:26:41.694234+00:00
C-cd59168c,0.529004221491228,1,20260726T102553,2026-07-26T10:26:41.694234+00:00
C-8d63bb22,0.7418352855645522,1,20260726T102553,2026-07-26T10:26:41.694234+00:00
C-ae6e65b6,0.0885990573109092,0,20260726T102553,2026-07-26T10:26:41.694234+00:00
C-3c5421ac,0.5780035669962166,1,20260726T102553,2026-07-26T10:26:41.694234+00:00
C-8cebf966,0.07991647157387359,0,20260726T102553,2026-07-26T10:26:41.694234+00:00
C-62fc67f3,0.03337089622578358,0,20260726T102553,2026-07-26T10:26:41.694234+00:00
C-a27a2513,0.5438372208877148,1,20260726T102553,2026-07-26T10:26:41.694234+00:00
C-f938f3e8,0.37038063276371236,0,20260726T102553,2026-07-26T10:26:41.694234+00:00
C-b9c9290a,0.5225645625309238,1,20260726T102553,2026-07-26T10:26:41.694234+00:00
C-19ef9bd2,0.1334170397417503,0,20260726T102553,2026-07-26T10:26:41.694234+00:00
C-743b6bc8,0.776445099111625,1,20260726T102553,2026-07-26T10:26:41.694234+00:00
C-3bea42ab,0.8102610933088668,1,20260726T102553,2026-07-26T10:26:41.694234+00:00
C-b74d06d3,0.7939639041147011,1,20260726T102553,2026-07-26T10:26:41.694234+00:00
C-6af13d93,0.15386626392266897,0,20260726T102553,2026-07-26T10:26:41.694234+00:00
C-31ac013c,0.735370275750826,1,20260726T102553,2026-07-26T10:26:41.694234+00:00
C-5c3f29e0,0.4043134297527948,0,20260726T102553,2026-07-26T10:26:41.694234+00:00
C-811dc8df,0.15450065570025015,0,20260726T102553,2026-07-26T10:26:41.694234+00:00
C-9195763d,0.3456499435287687,0,20260726T102553,2026-07-26T10:26:41.694234+00:00
C-5483b194,0.6097900601188398,1,20260726T102553,2026-07-26T10:26:41.694234+00:00
C-6e6d9556,0.8928249261819673,1,20260726T102553,2026-07-26T10:26:41.694234+00:00
C-3eb3b3f3,0.03905423028239474,0,20260726T102553,2026-07-26T10:26:41.694234+00:00
C-c839773e,0.39857781154774574,0,20260726T102553,2026-07-26T10:26:41.694234+00:00
C-85ed3ae3,0.7075202855120309,1,20260726T102553,2026-07-26T10:26:41.694234+00:00
C-99580f1a,0.6364864234159068,1,20260726T102553,2026-07-26T10:26:41.694234+00:00
C-f6f50ecd,0.900240765453693,1,20260726T102553,2026-07-26T10:26:41.694234+00:00
C-a9e5f12a,0.03175356237238698,0,20260726T102553,2026-07-26T10:26:41.694234+00:00
C-c797e34c,0.5667255560162019,1,20260726T102553,2026-07-26T10:26:41.694234+00:00
C-0f86b9f0,0.10486340873042718,0,20260726T102553,2026-07-26T10:26:41.694234+00:00
C-de1940ed,0.7474815015928135,1,20260726T102553,2026-07-26T10:26:41.694234+00:00
C-1f9e0f0d,0.5531313663806551,1,20260726T102553,2026-07-26T10:26:41.694234+00:00
C-9cf17fb1,0.6102869443875635,1,20260726T102553,2026-07-26T10:26:41.694234+00:00
C-3ea13882,0.46374827677253083,0,20260726T102553,2026-07-26T10:26:41.694234+00:00
C-4258dc64,0.4793166029590837,0,20260726T102553,2026-07-26T10:26:41.694234+00:00
C-de5039e7,0.5128164140397462,1,20260726T102553,2026-07-26T10:26:41.694234+00:00
C-c57bf634,0.42551466096666346,0,20260726T102553,2026-07-26T10:26:41.694234+00:00
C-485a244e,0.1250329619884928,0,20260726T102553,2026-07-26T10:26:41.694234+00:00
C-b7c74350,0.7199859335124897,1,20260726T102553,2026-07-26T10:26:41.694234+00:00
C-6b59b50c,0.8714328145422106,1,20260726T102553,2026-07-26T10:26:41.694234+00:00
C-94bbb33b,0.9179335174936443,1,20260726T102553,2026-07-26T10:26:41.694234+00:00
C-f1b6f1dc,0.7088502305916515,1,20260726T102553,2026-07-26T10:26:41.694234+00:00
C-34c820ed,0.3445753918738969,0,20260726T102553,2026-07-26T10:26:41.694234+00:00
C-80fc4bfd,0.7208723775880902,1,20260726T102553,2026-07-26T10:26:41.694234+00:00
C-4a2f1fc8,0.7180571415555169,1,20260726T102553,2026-07-26T10:26:41.694234+00:00
C-5b284a49,0.3280073099896613,0,20260726T102553,2026-07-26T10:26:41.694234+00:00
C-cd6e3637,0.1513050465837962,0,20260726T102553,2026-07-26T10:26:41.694234+00:00
C-83f0789a,0.6405869028861384,1,20260726T102553,2026-07-26T10:26:41.694234+00:00
C-08646aa7,0.9372292495886103,1,20260726T102553,2026-07-26T10:26:41.694234+00:00
C-90f76e8d,0.11277728611212534,0,20260726T102553,2026-07-26T10:26:41.694234+00:00
C-7679066a,0.6859039376520889,1,20260726T102553,2026-07-26T10:26:41.694234+00:00
C-079b00de,0.116036347037475,0,20260726T102553,2026-07-26T10:26:41.694234+00:00
C-cdf7cf93,0.6449733288974748,1,20260726T102553,2026-07-26T10:26:41.694234+00:00
C-e383844f,0.4356161225738588,0,20260726T102553,2026-07-26T10:26:41.694234+00:00
C-5dcc915b,0.7078688528145034,1,20260726T102553,2026-07-26T10:26:41.694234+00:00
C-9a9e99c5,0.20052334868514166,0,20260726T102553,2026-07-26T10:26:41.694234+00:00
C-f1469f62,0.4764636735878242,0,20260726T102553,2026-07-26T10:26:41.694234+00:00
C-21fa1561,0.4682940371691761,0,20260726T102553,2026-07-26T10:26:41.694234+00:00
C-0fb48899,0.6138428740607637,1,20260726T102553,2026-07-26T10:26:41.694234+00:00
C-a106a677,0.15870046720213837,0,20260726T102553,2026-07-26T10:26:41.694234+00:00
C-99e78bd8,0.44728247953211486,0,20260726T102553,2026-07-26T10:26:41.694234+00:00
C-fde029a0,0.17857052885174124,0,20260726T102553,2026-07-26T10:26:41.694234+00:00
C-61fed17b,0.7569789644120946,1,20260726T102553,2026-07-26T10:26:41.694234+00:00
C-e8951abb,0.5221836521102142,1,20260726T102553,2026-07-26T10:26:41.694234+00:00
C-7c4da390,0.7305780598032923,1,20260726T102553,2026-07-26T10:26:41.694234+00:00
C-d760bef4,0.642952891974097,1,20260726T102553,2026-07-26T10:26:41.694234+00:00
C-f90d1095,0.427827603229095,0,20260726T102553,2026-07-26T10:26:41.694234+00:00
C-039035c7,0.10535728411696628,0,20260726T102553,2026-07-26T10:26:41.694234+00:00
C-4ce589f7,0.7336314977160675,1,20260726T102553,2026-07-26T10:26:41.694234+00:00
C-42f420eb,0.1495843522821992,0,20260726T102553,2026-07-26T10:26:41.694234+00:00
C-72b5297c,0.3851504213257795,0,20260726T102553,2026-07-26T10:26:41.694234+00:00
C-1d555d8a,0.9023408710049508,1,20260726T102553,2026-07-26T10:26:41.694234+00:00
C-c76db446,0.33451892037430375,0,20260726T102553,2026-07-26T10:26:41.694234+00:00
C-fad82a28,0.31982304009305834,0,20260726T102553,2026-07-26T10:26:41.694234+00:00
C-4c36d405,0.8771558912222553,1,20260726T102553,2026-07-26T10:26:41.694234+00:00
C-77e2f7e5,0.13005530508108099,0,20260726T102553,2026-07-26T10:26:41.694234+00:00
C-cbc3833d,0.33351325474440763,0,20260726T102553,2026-07-26T10:26:41.694234+00:00
C-6371d760,0.02898936353577448,0,20260726T102553,2026-07-26T10:26:41.694234+00:00
C-6be37666,0.782321773655499,1,20260726T102553,2026-07-26T10:26:41.694234+00:00
C-4b7554d4,0.334437118472659,0,20260726T102553,2026-07-26T10:26:41.694234+00:00
C-6b012563,0.05180073615088626,0,20260726T102553,2026-07-26T10:26:41.694234+00:00
C-29148177,0.22613333181918444,0,20260726T102553,2026-07-26T10:26:41.694234+00:00
C-1582db80,0.6480958805513484,1,20260726T102553,2026-07-26T10:26:41.694234+00:00
C-b272c72e,0.9100936520254187,1,20260726T102553,2026-07-26T10:26:41.694234+00:00
C-45ba96f1,0.7159871104154146,1,20260726T102553,2026-07-26T10:26:41.694234+00:00
C-7b32d95b,0.025135315036583034,0,20260726T102553,2026-07-26T10:26:41.694234+00:00
C-29411822,0.5889525287989118,1,20260726T102553,2026-07-26T10:26:41.694234+00:00
C-0c23745c,0.18370329686131875,0,20260726T102553,2026-07-26T10:26:41.694234+00:00
C-6f2ab529,0.8032525159234418,1,20260726T102553,2026-07-26T10:26:41.694234+00:00
C-eb4cdb6c,0.7982460340554041,1,20260726T102553,2026-07-26T10:26:41.694234+00:00
C-d60648b5,0.14503901743618933,0,20260726T102553,2026-07-26T10:26:41.694234+00:00
C-f9e99923,0.9199614315633191,1,20260726T102553,2026-07-26T10:26:41.694234+00:00
C-b517555b,0.5068634553705497,1,20260726T102553,2026-07-26T10:26:41.694234+00:00
C-3073e9ce,0.16643820817220695,0,20260726T102553,2026-07-26T10:26:41.694234+00:00
C-a9e9bef5,0.6940052202838703,1,20260726T102553,2026-07-26T10:26:41.694234+00:00
C-175722f3,0.46900944071347034,0,20260726T102553,2026-07-26T10:26:41.694234+00:00
C-1e72bfed,0.7505448835985239,1,20260726T102553,2026-07-26T10:26:41.694234+00:00
C-6e7516b3,0.34438236914020115,0,20260726T102553,2026-07-26T10:26:41.694234+00:00
C-3ee90d3c,0.762078970920884,1,20260726T102553,2026-07-26T10:26:41.694234+00:00
C-19216f73,0.024059363475267076,0,20260726T102553,2026-07-26T10:26:41.694234+00:00
C-9cec243b,0.4723552787344014,0,20260726T102553,2026-07-26T10:26:41.694234+00:00
C-810751b7,0.07515192242393626,0,20260726T102553,2026-07-26T10:26:41.694234+00:00
C-21c1672d,0.4942236711289112,0,20260726T102553,2026-07-26T10:26:41.694234+00:00
C-3f127475,0.8280866624225913,1,20260726T102553,2026-07-26T10:26:41.694234+00:00
C-e6d47150,0.8338562100491762,1,20260726T102553,2026-07-26T10:26:41.694234+00:00
C-099648df,0.30912540888765333,0,20260726T102553,2026-07-26T10:26:41.694234+00:00
C-ba1680db,0.10402380310963724,0,20260726T102553,2026-07-26T10:26:41.694234+00:00
C-06bfd4af,0.803195456424092,1,20260726T102553,2026-07-26T10:26:41.694234+00:00
C-81d0d974,0.31903017918374876,0,20260726T102553,2026-07-26T10:26:41.694234+00:00
C-bf2423cd,0.4571314499120338,0,20260726T102553,2026-07-26T10:26:41.694234+00:00
C-0e649027,0.12995668821525366,0,20260726T102553,2026-07-26T10:26:41.694234+00:00
C-ef0c4b16,0.21050956330089415,0,20260726T102553,2026-07-26T10:26:41.694234+00:00
C-7a1485b3,0.6529855852225765,1,20260726T102553,2026-07-26T10:26:41.694234+00:00
C-88fe1d69,0.03916113991994858,0,20260726T102553,2026-07-26T10:26:41.694234+00:00
C-45a7d9af,0.5884331745382311,1,20260726T102553,2026-07-26T10:26:41.694234+00:00
C-1ea09143,0.923799912660128,1,20260726T102553,2026-07-26T10:26:41.694234+00:00
C-dc6ca1f0,0.2695681848744523,0,20260726T102553,2026-07-26T10:26:41.694234+00:00
C-d9aa85f7,0.5414309531167669,1,20260726T102553,2026-07-26T10:26:41.694234+00:00
C-96f2ccf9,0.4177824135679034,0,20260726T102553,2026-07-26T10:26:41.694234+00:00
C-e7a8f924,0.4556661206789003,0,20260726T102553,2026-07-26T10:26:41.694234+00:00
C-1c03a609,0.8140537221715208,1,20260726T102553,2026-07-26T10:26:41.694234+00:00
C-a85838c2,0.7736390569828083,1,20260726T102553,2026-07-26T10:26:41.694234+00:00
C-a3502f39,0.603326047488798,1,20260726T102553,2026-07-26T10:26:41.694234+00:00
C-9f10bd2f,0.5251078863926708,1,20260726T102553,2026-07-26T10:26:41.694234+00:00
C-8005932c,0.7538981873110869,1,20260726T102553,2026-07-26T10:26:41.694234+00:00
C-eaf6d71b,0.4909661904614511,0,20260726T102553,2026-07-26T10:26:41.694234+00:00
C-abf68908,0.461733572269201,0,20260726T102553,2026-07-26T10:26:41.694234+00:00
C-fa9a9db0,0.2836127988328077,0,20260726T102553,2026-07-26T10:26:41.694234+00:00
C-55a947a0,0.2960040768614988,0,20260726T102553,2026-07-26T10:26:41.694234+00:00
C-9b72c425,0.18977392025503861,0,20260726T102553,2026-07-26T10:26:41.694234+00:00
C-8e75b40f,0.10881061148823565,0,20260726T102553,2026-07-26T10:26:41.694234+00:00
C-0331c271,0.9202196508872178,1,20260726T102553,2026-07-26T10:26:41.694234+00:00
C-7c5fdd80,0.08408716026376123,0,20260726T102553,2026-07-26T10:26:41.694234+00:00
C-7f70a8ef,0.4367679650816434,0,20260726T102553,2026-07-26T10:26:41.694234+00:00
C-8e40766c,0.5057320250392127,1,20260726T102553,2026-07-26T10:26:41.694234+00:00
C-eaf82a04,0.2740138897591097,0,20260726T102553,2026-07-26T10:26:41.694234+00:00
C-7f487914,0.9084995992117285,1,20260726T102553,2026-07-26T10:26:41.694234+00:00
C-d0bce1b1,0.0930915932467145,0,20260726T102553,2026-07-26T10:26:41.694234+00:00
C-896f4fe1,0.15054950158633038,0,20260726T102553,2026-07-26T10:26:41.694234+00:00
C-4435ca1a,0.02407502196732902,0,20260726T102553,2026-07-26T10:26:41.694234+00:00
C-d17835f8,0.19511678546543176,0,20260726T102553,2026-07-26T10:26:41.694234+00:00
C-f675fda1,0.28214508716975717,0,20260726T102553,2026-07-26T10:26:41.694234+00:00
C-9be02d41,0.07763520280578651,0,20260726T102553,2026-07-26T10:26:41.694234+00:00
C-aef6cb21,0.6523623010860929,1,20260726T102553,2026-07-26T10:26:41.694234+00:00
C-5c13db8b,0.4158619563119531,0,20260726T102553,2026-07-26T10:26:41.694234+00:00
C-fa3a8823,0.42679632976993503,0,20260726T102553,2026-07-26T10:26:41.694234+00:00
C-df134d95,0.7640612792317585,1,20260726T102553,2026-07-26T10:26:41.694234+00:00
C-76567eee,0.7367981764357092,1,20260726T102553,2026-07-26T10:26:41.694234+00:00
C-6734bab4,0.16919421760523923,0,20260726T102553,2026-07-26T10:26:41.694234+00:00
C-df297015,0.38819932891617354,0,20260726T102553,2026-07-26T10:26:41.694234+00:00
C-2dc3b2eb,0.23142816847176312,0,20260726T102553,2026-07-26T10:26:41.694234+00:00
C-973a32bf,0.12941959524913474,0,20260726T102553,2026-07-26T10:26:41.694234+00:00
C-0375c22f,0.3412215157294861,0,20260726T102553,2026-07-26T10:26:41.694234+00:00
C-e91e8e17,0.3070429002603074,0,20260726T102553,2026-07-26T10:26:41.694234+00:00
C-b01f2063,0.240033136048664,0,20260726T102553,2026-07-26T10:26:41.694234+00:00
C-6e27b94f,0.3689545820856602,0,20260726T102553,2026-07-26T10:26:41.694234+00:00
C-a7291c1c,0.10689696621429132,0,20260726T102553,2026-07-26T10:26:41.694234+00:00
C-3c80d9a7,0.1525744036732159,0,20260726T102553,2026-07-26T10:26:41.694234+00:00
C-2da4f486,0.023965930787306255,0,20260726T102553,2026-07-26T10:26:41.694234+00:00
C-6837d219,0.44811662459400775,0,20260726T102553,2026-07-26T10:26:41.694234+00:00
C-1ff5cf77,0.1348373837908141,0,20260726T102553,2026-07-26T10:26:41.694234+00:00
C-811fff63,0.9274461798490184,1,20260726T102553,2026-07-26T10:26:41.694234+00:00
C-4c034d0a,0.051711664090656584,0,20260726T102553,2026-07-26T10:26:41.694234+00:00
C-a1752d18,0.27646916933175886,0,20260726T102553,2026-07-26T10:26:41.694234+00:00
C-b6cced6b,0.9126425634789763,1,20260726T102553,2026-07-26T10:26:41.694234+00:00
C-731f5b85,0.15771812656074666,0,20260726T102553,2026-07-26T10:26:41.694234+00:00
C-93b397f4,0.3554046399247889,0,20260726T102553,2026-07-26T10:26:41.694234+00:00
C-e3b773a2,0.4034644917513852,0,20260726T102553,2026-07-26T10:26:41.694234+00:00
C-1be75280,0.7983403732958678,1,20260726T102553,2026-07-26T10:26:41.694234+00:00
C-b2c331ad,0.720020610286486,1,20260726T102553,2026-07-26T10:26:41.694234+00:00
C-360da371,0.5785183060040074,1,20260726T102553,2026-07-26T10:26:41.694234+00:00
C-2f5bc1ce,0.8222913847388305,1,20260726T102553,2026-07-26T10:26:41.694234+00:00
C-d128eb82,0.6718487542395831,1,20260726T102553,2026-07-26T10:26:41.694234+00:00
C-eb428cdf,0.3313193586494295,0,20260726T102553,2026-07-26T10:26:41.694234+00:00
C-af203a28,0.4637425074523813,0,20260726T102553,2026-07-26T10:26:41.694234+00:00
C-8857dabc,0.7824144426730529,1,20260726T102553,2026-07-26T10:26:41.694234+00:00
C-59c53e52,0.3633082708857388,0,20260726T102553,2026-07-26T10:26:41.694234+00:00
C-8c771188,0.7072422400205667,1,20260726T102553,2026-07-26T10:26:41.694234+00:00
C-f4c314cd,0.8088237539387906,1,20260726T102553,2026-07-26T10:26:41.694234+00:00
C-6b50dd9e,0.23988763302689908,0,20260726T102553,2026-07-26T10:26:41.694234+00:00
C-62b6afbd,0.08247805667544135,0,20260726T102553,2026-07-26T10:26:41.694234+00:00
C-ae347af6,0.79193797070797,1,20260726T102553,2026-07-26T10:26:41.694234+00:00
C-e93aad6a,0.5066329938110563,1,20260726T102553,2026-07-26T10:26:41.694234+00:00
C-2bdd6d53,0.5238023627031896,1,20260726T102553,2026-07-26T10:26:41.694234+00:00
C-92b922ea,0.5783984203715365,1,20260726T102553,2026-07-26T10:26:41.694234+00:00
C-389bc2c0,0.1561454755350088,0,20260726T102553,2026-07-26T10:26:41.694234+00:00
C-2f6c0500,0.852699996718324,1,20260726T102553,2026-07-26T10:26:41.694234+00:00
C-33fa4a4b,0.3177833240714916,0,20260726T102553,2026-07-26T10:26:41.694234+00:00
C-3a41d409,0.42607128081345597,0,20260726T102553,2026-07-26T10:26:41.694234+00:00
C-7a6ac916,0.5745259347494804,1,20260726T102553,2026-07-26T10:26:41.694234+00:00
C-5cf2661d,0.3888751492982562,0,20260726T102553,2026-07-26T10:26:41.694234+00:00
C-296a4fc0,0.9144717021478355,1,20260726T102553,2026-07-26T10:26:41.694234+00:00
C-d79ba93b,0.030386983452975847,0,20260726T102553,2026-07-26T10:26:41.694234+00:00
C-2e347630,0.7729173182107041,1,20260726T102553,2026-07-26T10:26:41.694234+00:00
C-d2f70b3b,0.18840453613612615,0,20260726T102553,2026-07-26T10:26:41.694234+00:00
C-d81e9fcf,0.5182523839814568,1,20260726T102553,2026-07-26T10:26:41.694234+00:00
C-b3ca0f50,0.09447721602913838,0,20260726T102553,2026-07-26T10:26:41.694234+00:00
C-6f46c049,0.6580437010642548,1,20260726T102553,2026-07-26T10:26:41.694234+00:00
C-6390f6be,0.05730967207642067,0,20260726T102553,2026-07-26T10:26:41.694234+00:00
C-f6a6a553,0.051003933221850886,0,20260726T102553,2026-07-26T10:26:41.694234+00:00
C-1d11c322,0.09221080202801969,0,20260726T102553,2026-07-26T10:26:41.694234+00:00
C-b2c67776,0.3322795568352913,0,20260726T102553,2026-07-26T10:26:41.694234+00:00
C-489bfd78,0.27668509279518605,0,20260726T102553,2026-07-26T10:26:41.694234+00:00
C-e89da1d2,0.11644842882061222,0,20260726T102553,2026-07-26T10:26:41.694234+00:00
C-d715aa8b,0.4453650225159657,0,20260726T102553,2026-07-26T10:26:41.694234+00:00
C-9b5fe36c,0.4399269539255232,0,20260726T102553,2026-07-26T10:26:41.694234+00:00
C-b1b919c8,0.09686174902817787,0,20260726T102553,2026-07-26T10:26:41.694234+00:00
C-eea3e8b7,0.48086306979692905,0,20260726T102553,2026-07-26T10:26:41.694234+00:00
C-5a893a7b,0.8583413072335424,1,20260726T102553,2026-07-26T10:26:41.694234+00:00
C-8e821bd9,0.7327931780793802,1,20260726T102553,2026-07-26T10:26:41.694234+00:00
C-8a3cc612,0.2034305040083084,0,20260726T102553,2026-07-26T10:26:41.694234+00:00
C-e91061f0,0.32351602425480064,0,20260726T102553,2026-07-26T10:26:41.694234+00:00
C-1b62f2c7,0.7475483740621999,1,20260726T102553,2026-07-26T10:26:41.694234+00:00
C-4b951ccd,0.3301499891978967,0,20260726T102553,2026-07-26T10:26:41.694234+00:00
C-cfda8305,0.7454195830273679,1,20260726T102553,2026-07-26T10:26:41.694234+00:00
C-f436a238,0.30841055409815876,0,20260726T102553,2026-07-26T10:26:41.694234+00:00
C-60644653,0.04170914264885609,0,20260726T102553,2026-07-26T10:26:41.694234+00:00
C-ae6871c7,0.22965594403292655,0,20260726T102553,2026-07-26T10:26:41.694234+00:00
C-63eda2b4,0.7532399199413816,1,20260726T102553,2026-07-26T10:26:41.694234+00:00
C-e101367c,0.526599304828033,1,20260726T102553,2026-07-26T10:26:41.694234+00:00
C-7ca4bec3,0.29739516785126047,0,20260726T102553,2026-07-26T10:26:41.694234+00:00
C-e9ba3f88,0.07799748158075942,0,20260726T102553,2026-07-26T10:26:41.694234+00:00
C-1d188a28,0.6052377786269313,1,20260726T102553,2026-07-26T10:26:41.694234+00:00
C-52955e9d,0.36396844553774355,0,20260726T102553,2026-07-26T10:26:41.694234+00:00
C-a58092ea,0.47121683906937234,0,20260726T102553,2026-07-26T10:26:41.694234+00:00
C-021cb525,0.8528506921847376,1,20260726T102553,2026-07-26T10:26:41.694234+00:00
C-5acb2bed,0.12631742748693342,0,20260726T102553,2026-07-26T10:26:41.694234+00:00
C-4178f25a,0.664447682178156,1,20260726T102553,2026-07-26T10:26:41.694234+00:00
C-de9ee9c0,0.10703965668384632,0,20260726T102553,2026-07-26T10:26:41.694234+00:00
C-c9b87542,0.5223497301960095,1,20260726T102553,2026-07-26T10:26:41.694234+00:00
C-09128a9d,0.23461713571410847,0,20260726T102553,2026-07-26T10:26:41.694234+00:00
C-225afa75,0.18166412007218796,0,20260726T102553,2026-07-26T10:26:41.694234+00:00
C-6d29d095,0.3544514251164266,0,20260726T102553,2026-07-26T10:26:41.694234+00:00
C-640b5016,0.8422269945440902,1,20260726T102553,2026-07-26T10:26:41.694234+00:00
C-05866400,0.44648348178789116,0,20260726T102553,2026-07-26T10:26:41.694234+00:00
C-1d8546d1,0.0523460400085691,0,20260726T102553,2026-07-26T10:26:41.694234+00:00
C-33cf7742,0.12123181148513433,0,20260726T102553,2026-07-26T10:26:41.694234+00:00
C-296f3868,0.47732076403404206,0,20260726T102553,2026-07-26T10:26:41.694234+00:00
C-f071cd7d,0.7676763830104053,1,20260726T102553,2026-07-26T10:26:41.694234+00:00
C-5bf6424c,0.5266893531706518,1,20260726T102553,2026-07-26T10:26:41.694234+00:00
C-8b4ce405,0.5989300624760684,1,20260726T102553,2026-07-26T10:26:41.694234+00:00
C-1c313a67,0.7063841927838307,1,20260726T102553,2026-07-26T10:26:41.694234+00:00
C-2edca7c6,0.07674981750670877,0,20260726T102553,2026-07-26T10:26:41.694234+00:00
C-598c9c00,0.33901136285506883,0,20260726T102553,2026-07-26T10:26:41.694234+00:00
C-174085ae,0.6867211469289213,1,20260726T102553,2026-07-26T10:26:41.694234+00:00
C-4d765c88,0.717137456513115,1,20260726T102553,2026-07-26T10:26:41.694234+00:00
C-59fa582d,0.02349281928930839,0,20260726T102553,2026-07-26T10:26:41.694234+00:00
C-8cc906be,0.7916357158705536,1,20260726T102553,2026-07-26T10:26:41.694234+00:00
C-9eb758dd,0.3411982878618114,0,20260726T102553,2026-07-26T10:26:41.694234+00:00
C-f8cc8e85,0.585057727896796,1,20260726T102553,2026-07-26T10:26:41.694234+00:00
C-ea450995,0.721517281243868,1,20260726T102553,2026-07-26T10:26:41.694234+00:00
C-c71762d5,0.12448528133435134,0,20260726T102553,2026-07-26T10:26:41.694234+00:00
C-945c13e0,0.5635447211502798,1,20260726T102553,2026-07-26T10:26:41.694234+00:00
C-59364638,0.2799001760659774,0,20260726T102553,2026-07-26T10:26:41.694234+00:00
C-e9c3cc10,0.4407335734342356,0,20260726T102553,2026-07-26T10:26:41.694234+00:00
C-799b25b3,0.9774157018754372,1,20260726T102553,2026-07-26T10:26:41.694234+00:00
C-903e5482,0.022969610086273497,0,20260726T102553,2026-07-26T10:26:41.694234+00:00
C-02ccb635,0.06579057074099132,0,20260726T102553,2026-07-26T10:26:41.694234+00:00
C-b6b27ef9,0.19110282504534584,0,20260726T102553,2026-07-26T10:26:41.694234+00:00
C-2873cecc,0.12151278192663029,0,20260726T102553,2026-07-26T10:26:41.694234+00:00
C-324109e8,0.05217682253504564,0,20260726T102553,2026-07-26T10:26:41.694234+00:00
C-2bb72c24,0.6228668304610211,1,20260726T102553,2026-07-26T10:26:41.694234+00:00
C-8e2a000c,0.7433461029787044,1,20260726T102553,2026-07-26T10:26:41.694234+00:00
C-294d883b,0.9198577559621932,1,20260726T102553,2026-07-26T10:26:41.694234+00:00
C-595b21c2,0.7366321413566612,1,20260726T102553,2026-07-26T10:26:41.694234+00:00
C-09f25122,0.3634993513815418,0,20260726T102553,2026-07-26T10:26:41.694234+00:00
C-b9cd52b6,0.6872611716924922,1,20260726T102553,2026-07-26T10:26:41.694234+00:00
C-df7876ad,0.4880270208586,0,20260726T102553,2026-07-26T10:26:41.694234+00:00
C-fd141e7e,0.7728520746441613,1,20260726T102553,2026-07-26T10:26:41.694234+00:00
C-27a2c2e4,0.7919279834686941,1,20260726T102553,2026-07-26T10:26:41.694234+00:00
C-11489a66,0.16575610830607154,0,20260726T102553,2026-07-26T10:26:41.694234+00:00
C-d7fb5d8d,0.1333576622274414,0,20260726T102553,2026-07-26T10:26:41.694234+00:00
C-323c8247,0.04871797217397132,0,20260726T102553,2026-07-26T10:26:41.694234+00:00
C-0760b9db,0.8014405691578071,1,20260726T102553,2026-07-26T10:26:41.694234+00:00
C-b1b23e5a,0.7610503201251301,1,20260726T102553,2026-07-26T10:26:41.694234+00:00
C-8b45bbb6,0.7499993093892987,1,20260726T102553,2026-07-26T10:26:41.694234+00:00
C-5b3fc9ef,0.7683954568304989,1,20260726T102553,2026-07-26T10:26:41.694234+00:00
C-4acb3b48,0.5082446691663041,1,20260726T102553,2026-07-26T10:26:41.694234+00:00
C-2e40a384,0.48116018179179176,0,20260726T102553,2026-07-26T10:26:41.694234+00:00
C-1b1d15f1,0.9228510107085659,1,20260726T102553,2026-07-26T10:26:41.694234+00:00
C-2720de93,0.6652519513612637,1,20260726T102553,2026-07-26T10:26:41.694234+00:00
C-ffb99532,0.42976337128025494,0,20260726T102553,2026-07-26T10:26:41.694234+00:00
C-f1818818,0.11919205785618575,0,20260726T102553,2026-07-26T10:26:41.694234+00:00
C-6bdf4338,0.31085724003490545,0,20260726T102553,2026-07-26T10:26:41.694234+00:00
C-696924e7,0.8039502062702416,1,20260726T102553,2026-07-26T10:26:41.694234+00:00
C-9ca6fb02,0.39046323914946657,0,20260726T102553,2026-07-26T10:26:41.694234+00:00
C-8e6b3c41,0.544769355461674,1,20260726T102553,2026-07-26T10:26:41.694234+00:00
C-17e98223,0.8708581997794012,1,20260726T102553,2026-07-26T10:26:41.694234+00:00
C-377429a9,0.6167724304359056,1,20260726T102553,2026-07-26T10:26:41.694234+00:00
C-3acd9860,0.7748875687582073,1,20260726T102553,2026-07-26T10:26:41.694234+00:00
C-90e387db,0.32745940052735195,0,20260726T102553,2026-07-26T10:26:41.694234+00:00
C-8e122922,0.8639598952836549,1,20260726T102553,2026-07-26T10:26:41.694234+00:00
C-66660639,0.6471757364130443,1,20260726T102553,2026-07-26T10:26:41.694234+00:00
C-a7ab7929,0.08346743415972976,0,20260726T102553,2026-07-26T10:26:41.694234+00:00
C-992ae664,0.5073176377294824,1,20260726T102553,2026-07-26T10:26:41.694234+00:00
C-3b922a8e,0.8314288152778639,1,20260726T102553,2026-07-26T10:26:41.694234+00:00
C-d0c4555a,0.1542138988483512,0,20260726T102553,2026-07-26T10:26:41.694234+00:00
C-c824cc8c,0.02356879392816195,0,20260726T102553,2026-07-26T10:26:41.694234+00:00
C-c8d81681,0.7191387208674894,1,20260726T102553,2026-07-26T10:26:41.694234+00:00
C-e95b6596,0.03778159815047247,0,20260726T102553,2026-07-26T10:26:41.694234+00:00
C-2a4873b8,0.4058138549541073,0,20260726T102553,2026-07-26T10:26:41.694234+00:00
C-7425895e,0.6043461392975277,1,20260726T102553,2026-07-26T10:26:41.694234+00:00
C-c4eff1a2,0.9091240742193561,1,20260726T102553,2026-07-26T10:26:41.694234+00:00
C-54f88902,0.2045952491300031,0,20260726T102553,2026-07-26T10:26:41.694234+00:00
C-8612a938,0.1210485404377625,0,20260726T102553,2026-07-26T10:26:41.694234+00:00
C-9e9c4308,0.6472256659568362,1,20260726T102553,2026-07-26T10:26:41.694234+00:00
C-d4a12615,0.6998529915410707,1,20260726T102553,2026-07-26T10:26:41.694234+00:00
C-3b3e8bb3,0.08476204605462813,0,20260726T102553,2026-07-26T10:26:41.694234+00:00
C-ce87fc9e,0.15243934931117414,0,20260726T102553,2026-07-26T10:26:41.694234+00:00
C-aa24dd9e,0.7999533693300495,1,20260726T102553,2026-07-26T10:26:41.694234+00:00
C-71dac99c,0.3260695134500499,0,20260726T102553,2026-07-26T10:26:41.694234+00:00
C-769ef401,0.6443749092150952,1,20260726T102553,2026-07-26T10:26:41.694234+00:00
C-264a98b7,0.794564186259872,1,20260726T102553,2026-07-26T10:26:41.694234+00:00
C-b7bbfe72,0.20649604170768548,0,20260726T102553,2026-07-26T10:26:41.694234+00:00
C-62c236b6,0.4039679336070526,0,20260726T102553,2026-07-26T10:26:41.694234+00:00
C-858b5481,0.8566687251399411,1,20260726T102553,2026-07-26T10:26:41.694234+00:00
C-0d7d5ed2,0.35136237402381715,0,20260726T102553,2026-07-26T10:26:41.694234+00:00
C-35157c61,0.3144914957917999,0,20260726T102553,2026-07-26T10:26:41.694234+00:00
C-8bed6df0,0.05632910213043762,0,20260726T102553,2026-07-26T10:26:41.694234+00:00
C-a3757300,0.3904925437626804,0,20260726T102553,2026-07-26T10:26:41.694234+00:00
C-ec1c36a6,0.7462960189839215,1,20260726T102553,2026-07-26T10:26:41.694234+00:00
C-f120beed,0.5146674082732203,1,20260726T102553,2026-07-26T10:26:41.694234+00:00
C-73624085,0.2605190373375634,0,20260726T102553,2026-07-26T10:26:41.694234+00:00
C-ceb8d0b1,0.6312996139881741,1,20260726T102553,2026-07-26T10:26:41.694234+00:00
C-18a4a9e3,0.20041239210175293,0,20260726T102553,2026-07-26T10:26:41.694234+00:00
C-eac6d3a7,0.5418447216856308,1,20260726T102553,2026-07-26T10:26:41.694234+00:00
C-784720fb,0.7716976118303198,1,20260726T102553,2026-07-26T10:26:41.694234+00:00
C-f9465263,0.8035181928473094,1,20260726T102553,2026-07-26T10:26:41.694234+00:00
C-7ca04bb3,0.06016165475873866,0,20260726T102553,2026-07-26T10:26:41.694234+00:00
C-be062603,0.7920129102582663,1,20260726T102553,2026-07-26T10:26:41.694234+00:00
C-ad83b582,0.13858615219597928,0,20260726T102553,2026-07-26T10:26:41.694234+00:00
C-d69b0ad3,0.5088941699884149,1,20260726T102553,2026-07-26T10:26:41.694234+00:00
C-4c1a3613,0.8129961030056011,1,20260726T102553,2026-07-26T10:26:41.694234+00:00
C-a1d68dc3,0.6344497301996042,1,20260726T102553,2026-07-26T10:26:41.694234+00:00
C-1b28725f,0.04995445369845431,0,20260726T102553,2026-07-26T10:26:41.694234+00:00
C-e1369bae,0.6692297679430061,1,20260726T102553,2026-07-26T10:26:41.694234+00:00
C-54de54f6,0.11388170806539899,0,20260726T102553,2026-07-26T10:26:41.694234+00:00
C-3453ddde,0.21451699661582757,0,20260726T102553,2026-07-26T10:26:41.694234+00:00
C-a5bad29e,0.1222346910964671,0,20260726T102553,2026-07-26T10:26:41.694234+00:00
C-2be74b3d,0.7521266794315,1,20260726T102553,2026-07-26T10:26:41.694234+00:00
C-800088e5,0.28483449978270825,0,20260726T102553,2026-07-26T10:26:41.694234+00:00
C-c886172a,0.02764137386618079,0,20260726T102553,2026-07-26T10:26:41.694234+00:00
C-b04160e0,0.5863568802085388,1,20260726T102553,2026-07-26T10:26:41.694234+00:00
C-d6eb2b13,0.4228529302597428,0,20260726T102553,2026-07-26T10:26:41.694234+00:00
C-23b4c4ff,0.9110765444139683,1,20260726T102553,2026-07-26T10:26:41.694234+00:00
C-7df735c1,0.3313119933145363,0,20260726T102553,2026-07-26T10:26:41.694234+00:00
C-a62b40a6,0.4640022235002307,0,20260726T102553,2026-07-26T10:26:41.694234+00:00
C-d9ab8865,0.16255086084927342,0,20260726T102553,2026-07-26T10:26:41.694234+00:00
C-36330599,0.30195983342950156,0,20260726T102553,2026-07-26T10:26:41.694234+00:00
C-8954ecd5,0.7929188155237037,1,20260726T102553,2026-07-26T10:26:41.694234+00:00
C-5e457d1c,0.12650595259201447,0,20260726T102553,2026-07-26T10:26:41.694234+00:00
C-8a91dbdd,0.9157928430729361,1,20260726T102553,2026-07-26T10:26:41.694234+00:00
C-4794facd,0.5424195655904039,1,20260726T102553,2026-07-26T10:26:41.694234+00:00
C-e8ad444e,0.0674072572225209,0,20260726T102553,2026-07-26T10:26:41.694234+00:00
C-9d539e88,0.02167886667328529,0,20260726T102553,2026-07-26T10:26:41.694234+00:00
C-04bae2a2,0.029722619736360156,0,20260726T102553,2026-07-26T10:26:41.694234+00:00
C-85542691,0.7314701327064711,1,20260726T102553,2026-07-26T10:26:41.694234+00:00
C-21c0a01f,0.04928245258546221,0,20260726T102553,2026-07-26T10:26:41.694234+00:00
C-39125cc1,0.3554449718280874,0,20260726T102553,2026-07-26T10:26:41.694234+00:00
C-7a8dcb20,0.26688420022676235,0,20260726T102553,2026-07-26T10:26:41.694234+00:00
C-8801f90c,0.31300112255559087,0,20260726T102553,2026-07-26T10:26:41.694234+00:00
C-25741153,0.4401578267614089,0,20260726T102553,2026-07-26T10:26:41.694234+00:00
C-551c644d,0.8164928474306304,1,20260726T102553,2026-07-26T10:26:41.694234+00:00
C-d7396baf,0.8043167179514177,1,20260726T102553,2026-07-26T10:26:41.694234+00:00
C-b6fe82d9,0.7228723095683375,1,20260726T102553,2026-07-26T10:26:41.694234+00:00
C-e86d2784,0.3711727889490205,0,20260726T102553,2026-07-26T10:26:41.694234+00:00
C-83366b3f,0.4024976500668816,0,20260726T102553,2026-07-26T10:26:41.694234+00:00
C-5e82251a,0.4526292252733649,0,20260726T102553,2026-07-26T10:26:41.694234+00:00
C-5f0849b5,0.09290487353755626,0,20260726T102553,2026-07-26T10:26:41.694234+00:00
C-e436425b,0.5115336960088772,1,20260726T102553,2026-07-26T10:26:41.694234+00:00
C-fb006b80,0.7827466279125025,1,20260726T102553,2026-07-26T10:26:41.694234+00:00
C-bac2f832,0.053602209198447485,0,20260726T102553,2026-07-26T10:26:41.694234+00:00
C-c867f70c,0.7459035103522923,1,20260726T102553,2026-07-26T10:26:41.694234+00:00
C-f493fe42,0.7487801634647108,1,20260726T102553,2026-07-26T10:26:41.694234+00:00
C-c201c462,0.66873598051085,1,20260726T102553,2026-07-26T10:26:41.694234+00:00
C-7063f388,0.16085281898807874,0,20260726T102553,2026-07-26T10:26:41.694234+00:00
C-a564ff5e,0.7904576805282483,1,20260726T102553,2026-07-26T10:26:41.694234+00:00
C-9688611d,0.0394588390197442,0,20260726T102553,2026-07-26T10:26:41.694234+00:00
C-3c5d5fcf,0.6804424401016066,1,20260726T102553,2026-07-26T10:26:41.694234+00:00
C-6dbe680d,0.5240549465675945,1,20260726T102553,2026-07-26T10:26:41.694234+00:00
C-f8acc827,0.8880466074589916,1,20260726T102553,2026-07-26T10:26:41.694234+00:00
C-514caa77,0.6456680460760593,1,20260726T102553,2026-07-26T10:26:41.694234+00:00
C-ad0eb5c9,0.7533900162166361,1,20260726T102553,2026-07-26T10:26:41.694234+00:00
C-ffd99d4d,0.44716360356665497,0,20260726T102553,2026-07-26T10:26:41.694234+00:00
C-1d3850da,0.17928411387255686,0,20260726T102553,2026-07-26T10:26:41.694234+00:00
C-e7a35295,0.6331781192833928,1,20260726T102553,2026-07-26T10:26:41.694234+00:00
C-31775111,0.5025256508121433,1,20260726T102553,2026-07-26T10:26:41.694234+00:00
C-8a1fb120,0.6282858918629598,1,20260726T102553,2026-07-26T10:26:41.694234+00:00
C-cf0ff506,0.1849168599780553,0,20260726T102553,2026-07-26T10:26:41.694234+00:00
C-bf4e2b37,0.7114521061940114,1,20260726T102553,2026-07-26T10:26:41.694234+00:00
C-b0c3a1ef,0.8766093245679969,1,20260726T102553,2026-07-26T10:26:41.694234+00:00
C-6de54235,0.7900521261074754,1,20260726T102553,2026-07-26T10:26:41.694234+00:00
C-e1e19589,0.5296690907648078,1,20260726T102553,2026-07-26T10:26:41.694234+00:00
C-3aa13523,0.6911849709709298,1,20260726T102553,2026-07-26T10:26:41.694234+00:00
C-e583c777,0.4279243981835302,0,20260726T102553,2026-07-26T10:26:41.694234+00:00
C-6b439609,0.6959469367978594,1,20260726T102553,2026-07-26T10:26:41.694234+00:00
C-9393d478,0.8313903356216167,1,20260726T102553,2026-07-26T10:26:41.694234+00:00
C-77c5323a,0.3215957481106625,0,20260726T102553,2026-07-26T10:26:41.694234+00:00
C-ab9f6cb5,0.7322479642861425,1,20260726T102553,2026-07-26T10:26:41.694234+00:00
C-7ca6351d,0.5059565109834651,1,20260726T102553,2026-07-26T10:26:41.694234+00:00
C-64a264f1,0.46087675822052643,0,20260726T102553,2026-07-26T10:26:41.694234+00:00
C-c0e3bb6f,0.28575605176038826,0,20260726T102553,2026-07-26T10:26:41.694234+00:00
C-1c61a4fd,0.16653998856441668,0,20260726T102553,2026-07-26T10:26:41.694234+00:00
C-eb02d226,0.23844010062007323,0,20260726T102553,2026-07-26T10:26:41.694234+00:00
C-09bffd4e,0.09595816979384643,0,20260726T102553,2026-07-26T10:26:41.694234+00:00
C-79d90ca2,0.2433603644369433,0,20260726T102553,2026-07-26T10:26:41.694234+00:00
C-71bb1afe,0.2227604837229836,0,20260726T102553,2026-07-26T10:26:41.694234+00:00
C-4af44ed6,0.25585257376121084,0,20260726T102553,2026-07-26T10:26:41.694234+00:00
C-c936271f,0.37960969045881043,0,20260726T102553,2026-07-26T10:26:41.694234+00:00
C-69448744,0.030831615302600833,0,20260726T102553,2026-07-26T10:26:41.694234+00:00
C-1de311aa,0.7309108860828744,1,20260726T102553,2026-07-26T10:26:41.694234+00:00
C-336db9ea,0.8052428245443043,1,20260726T102553,2026-07-26T10:26:41.694234+00:00
C-9208d70d,0.16252151985852173,0,20260726T102553,2026-07-26T10:26:41.694234+00:00
C-49a139b6,0.3539404818807011,0,20260726T102553,2026-07-26T10:26:41.694234+00:00
C-238ffa4a,0.4529989597321342,0,20260726T102553,2026-07-26T10:26:41.694234+00:00
C-6eddbb58,0.5213364364236599,1,20260726T102553,2026-07-26T10:26:41.694234+00:00
C-10b5a4c7,0.5767968237503639,1,20260726T102553,2026-07-26T10:26:41.694234+00:00
C-e651a45a,0.3170082095064816,0,20260726T102553,2026-07-26T10:26:41.694234+00:00
C-5f6624ba,0.036193873617156584,0,20260726T102553,2026-07-26T10:26:41.694234+00:00
C-08e1f3d6,0.712063879789041,1,20260726T102553,2026-07-26T10:26:41.694234+00:00
C-cdaef982,0.10216404940123223,0,20260726T102553,2026-07-26T10:26:41.694234+00:00
C-d0976983,0.9185232303330015,1,20260726T102553,2026-07-26T10:26:41.694234+00:00
C-95ee35af,0.08859315865264754,0,20260726T102553,2026-07-26T10:26:41.694234+00:00
C-520d97ac,0.7664740415192529,1,20260726T102553,2026-07-26T10:26:41.694234+00:00
C-bbd1c24d,0.6365607805029372,1,20260726T102553,2026-07-26T10:26:41.694234+00:00
C-1f6612ea,0.01971714008911612,0,20260726T102553,2026-07-26T10:26:41.694234+00:00
C-c54991d7,0.8379725195045984,1,20260726T102553,2026-07-26T10:26:41.694234+00:00
C-a7438c9a,0.465667455617426,0,20260726T102553,2026-07-26T10:26:41.694234+00:00
C-9632e365,0.560297226741343,1,20260726T102553,2026-07-26T10:26:41.694234+00:00
C-fc615952,0.02735737463490182,0,20260726T102553,2026-07-26T10:26:41.694234+00:00
C-21f52d79,0.7881771079962787,1,20260726T102553,2026-07-26T10:26:41.694234+00:00
C-2fa138e8,0.048611468195219346,0,20260726T102553,2026-07-26T10:26:41.694234+00:00
C-fd629cff,0.5596553612162019,1,20260726T102553,2026-07-26T10:26:41.694234+00:00
C-11d24050,0.8463555988791559,1,20260726T102553,2026-07-26T10:26:41.694234+00:00
C-d0ad1a7c,0.7222553403851574,1,20260726T102553,2026-07-26T10:26:41.694234+00:00
C-acf463e1,0.023492175328066387,0,20260726T102553,2026-07-26T10:26:41.694234+00:00
C-d7bdc4ba,0.5252024128885902,1,20260726T102553,2026-07-26T10:26:41.694234+00:00
C-39cb73c1,0.3851068604480734,0,20260726T102553,2026-07-26T10:26:41.694234+00:00
C-b2ba6c14,0.027290080248991985,0,20260726T102553,2026-07-26T10:26:41.694234+00:00
C-d8bb7329,0.2718009340372486,0,20260726T102553,2026-07-26T10:26:41.694234+00:00
C-1062a8db,0.3689633294302756,0,20260726T102553,2026-07-26T10:26:41.694234+00:00
C-252db771,0.1678853009304089,0,20260726T102553,2026-07-26T10:26:41.694234+00:00
C-1b04f248,0.08698767372231336,0,20260726T102553,2026-07-26T10:26:41.694234+00:00
C-9c5146d4,0.615405419181529,1,20260726T102553,2026-07-26T10:26:41.694234+00:00
C-0e8a95eb,0.5317281838131873,1,20260726T102553,2026-07-26T10:26:41.694234+00:00
C-d8c74c47,0.33512172197103773,0,20260726T102553,2026-07-26T10:26:41.694234+00:00
C-45b35b12,0.10051417330230229,0,20260726T102553,2026-07-26T10:26:41.694234+00:00
C-bff842ea,0.6965737797046468,1,20260726T102553,2026-07-26T10:26:41.694234+00:00
C-f854791f,0.09477866134352916,0,20260726T102553,2026-07-26T10:26:41.694234+00:00
C-d88252d2,0.12463711723662987,0,20260726T102553,2026-07-26T10:26:41.694234+00:00
C-d846dbd9,0.5771902892405559,1,20260726T102553,2026-07-26T10:26:41.694234+00:00
C-8a66fb32,0.9122495818197919,1,20260726T102553,2026-07-26T10:26:41.694234+00:00
C-0b596c64,0.3054331489049593,0,20260726T102553,2026-07-26T10:26:41.694234+00:00
C-9abcc4b3,0.764403987186866,1,20260726T102553,2026-07-26T10:26:41.694234+00:00
C-15e894f8,0.6948312845824269,1,20260726T102553,2026-07-26T10:26:41.694234+00:00
C-eba3e25e,0.6605008507079239,1,20260726T102553,2026-07-26T10:26:41.694234+00:00
C-e45056e3,0.5411753920723804,1,20260726T102553,2026-07-26T10:26:41.694234+00:00
C-3d983511,0.15822265512102052,0,20260726T102553,2026-07-26T10:26:41.694234+00:00
C-cf3f151b,0.832373908071913,1,20260726T102553,2026-07-26T10:26:41.694234+00:00
C-fe0b6264,0.865473478546788,1,20260726T102553,2026-07-26T10:26:41.694234+00:00
C-cfc45e90,0.6544561947712421,1,20260726T102553,2026-07-26T10:26:41.694234+00:00
C-15799642,0.369775712490655,0,20260726T102553,2026-07-26T10:26:41.694234+00:00
C-b1a658f5,0.09554237113517142,0,20260726T102553,2026-07-26T10:26:41.694234+00:00
C-2c3a0c54,0.9172401141913739,1,20260726T102553,2026-07-26T10:26:41.694234+00:00
C-bf24cf0f,0.18458598785655736,0,20260726T102553,2026-07-26T10:26:41.694234+00:00
C-eb79e863,0.02250463825373112,0,20260726T102553,2026-07-26T10:26:41.694234+00:00
C-f1e20bdb,0.3443009555949121,0,20260726T102553,2026-07-26T10:26:41.694234+00:00
C-ada790e4,0.09897542452861263,0,20260726T102553,2026-07-26T10:26:41.694234+00:00
C-d1d6c296,0.3300122473684136,0,20260726T102553,2026-07-26T10:26:41.694234+00:00
C-93c35ca4,0.08156641943438617,0,20260726T102553,2026-07-26T10:26:41.694234+00:00
C-8a832af1,0.06838568232758349,0,20260726T102553,2026-07-26T10:26:41.694234+00:00
C-5fe4a756,0.8758314873424815,1,20260726T102553,2026-07-26T10:26:41.694234+00:00
C-2cfe2fb0,0.7720574574648221,1,20260726T102553,2026-07-26T10:26:41.694234+00:00
C-3b1387a5,0.6978512777083302,1,20260726T102553,2026-07-26T10:26:41.694234+00:00
C-acc46243,0.4285717266870337,0,20260726T102553,2026-07-26T10:26:41.694234+00:00
C-d0a4f4f2,0.2801864170601632,0,20260726T102553,2026-07-26T10:26:41.694234+00:00
C-2d815d7c,0.6651088587121783,1,20260726T102553,2026-07-26T10:26:41.694234+00:00
C-ab386310,0.5143738349655971,1,20260726T102553,2026-07-26T10:26:41.694234+00:00
C-f5791f78,0.5711107654289787,1,20260726T102553,2026-07-26T10:26:41.694234+00:00
C-937765f8,0.4115871837464817,0,20260726T102553,2026-07-26T10:26:41.694234+00:00
C-7b67742e,0.7175942464070778,1,20260726T102553,2026-07-26T10:26:41.694234+00:00
C-f47743e8,0.5946159286745767,1,20260726T102553,2026-07-26T10:26:41.694234+00:00
C-e1bf9ea6,0.3585043694885578,0,20260726T102553,2026-07-26T10:26:41.694234+00:00
C-02496292,0.4353856834546705,0,20260726T102553,2026-07-26T10:26:41.694234+00:00
C-c71b20e1,0.7057831621055425,1,20260726T102553,2026-07-26T10:26:41.694234+00:00
C-f7541b80,0.09167042497028172,0,20260726T102553,2026-07-26T10:26:41.694234+00:00
C-39ad65e2,0.9516367594225222,1,20260726T102553,2026-07-26T10:26:41.694234+00:00
C-0830550a,0.6931850101348627,1,20260726T102553,2026-07-26T10:26:41.694234+00:00
C-7ed43522,0.15676639191604555,0,20260726T102553,2026-07-26T10:26:41.694234+00:00
C-78119e53,0.21029231597141979,0,20260726T102553,2026-07-26T10:26:41.694234+00:00
C-6e7c5f0d,0.3907531070799618,0,20260726T102553,2026-07-26T10:26:41.694234+00:00
C-0119900f,0.5695326632223902,1,20260726T102553,2026-07-26T10:26:41.694234+00:00
C-12c66b1d,0.1141600097966428,0,20260726T102553,2026-07-26T10:26:41.694234+00:00
C-1616e80f,0.47575909696565466,0,20260726T102553,2026-07-26T10:26:41.694234+00:00
C-401cca7b,0.14022539969758685,0,20260726T102553,2026-07-26T10:26:41.694234+00:00
C-c07c716d,0.047534656242255946,0,20260726T102553,2026-07-26T10:26:41.694234+00:00
C-28cad088,0.6493752018781117,1,20260726T102553,2026-07-26T10:26:41.694234+00:00
C-d978f29a,0.909059569343392,1,20260726T102553,2026-07-26T10:26:41.694234+00:00
C-d6da1ce4,0.8349577077578773,1,20260726T102553,2026-07-26T10:26:41.694234+00:00
C-09824e2b,0.8435279182158897,1,20260726T102553,2026-07-26T10:26:41.694234+00:00
C-cce9de88,0.7002862641177976,1,20260726T102553,2026-07-26T10:26:41.694234+00:00
C-77db090e,0.13411050563858043,0,20260726T102553,2026-07-26T10:26:41.694234+00:00
C-35ea98d0,0.09387897470273482,0,20260726T102553,2026-07-26T10:26:41.694234+00:00
C-6601bed2,0.38859499173209955,0,20260726T102553,2026-07-26T10:26:41.694234+00:00
C-b1a6d578,0.11051089460520389,0,20260726T102553,2026-07-26T10:26:41.694234+00:00
C-d8a236ee,0.026694602488842076,0,20260726T102553,2026-07-26T10:26:41.694234+00:00
C-638f40cd,0.7090786764790219,1,20260726T102553,2026-07-26T10:26:41.694234+00:00
C-8c1925d0,0.5380370082948004,1,20260726T102553,2026-07-26T10:26:41.694234+00:00
C-ceddf7ea,0.8254358688373856,1,20260726T102553,2026-07-26T10:26:41.694234+00:00
C-bfc3d1e1,0.5285931748304759,1,20260726T102553,2026-07-26T10:26:41.694234+00:00
C-ca82bb88,0.7685291270023532,1,20260726T102553,2026-07-26T10:26:41.694234+00:00
C-27eb8a18,0.6966469831825719,1,20260726T102553,2026-07-26T10:26:41.694234+00:00
C-1ffc1cee,0.7327041402879357,1,20260726T102553,2026-07-26T10:26:41.694234+00:00
C-f6b3c6b8,0.7023877468845234,1,20260726T102553,2026-07-26T10:26:41.694234+00:00
C-06f5592c,0.18177269402914423,0,20260726T102553,2026-07-26T10:26:41.694234+00:00
C-f17eabef,0.11474910910264706,0,20260726T102553,2026-07-26T10:26:41.694234+00:00
C-612dd690,0.7924906479798874,1,20260726T102553,2026-07-26T10:26:41.694234+00:00
C-6329801a,0.6971557087451197,1,20260726T102553,2026-07-26T10:26:41.694234+00:00
C-684dc342,0.4510660633924338,0,20260726T102553,2026-07-26T10:26:41.694234+00:00
C-6c80c16e,0.6453167511452245,1,20260726T102553,2026-07-26T10:26:41.694234+00:00
C-def113b0,0.1173777582991578,0,20260726T102553,2026-07-26T10:26:41.694234+00:00
C-ea161959,0.7448696359131619,1,20260726T102553,2026-07-26T10:26:41.694234+00:00
C-3a1aceb3,0.7660366955551026,1,20260726T102553,2026-07-26T10:26:41.694234+00:00
C-a1e9eea0,0.7473200145308208,1,20260726T102553,2026-07-26T10:26:41.694234+00:00
C-0e1117e5,0.03041421278447372,0,20260726T102553,2026-07-26T10:26:41.694234+00:00
C-719beea4,0.38278939535483436,0,20260726T102553,2026-07-26T10:26:41.694234+00:00
C-72420ffa,0.10283191101212243,0,20260726T102553,2026-07-26T10:26:41.694234+00:00
C-51aaab1a,0.8000577690298222,1,20260726T102553,2026-07-26T10:26:41.694234+00:00
C-3a832745,0.27843073825951214,0,20260726T102553,2026-07-26T10:26:41.694234+00:00
C-b4be248e,0.5492129587831215,1,20260726T102553,2026-07-26T10:26:41.694234+00:00
C-00ad34e1,0.9093639097530486,1,20260726T102553,2026-07-26T10:26:41.694234+00:00
C-ff6b076c,0.10330985358533117,0,20260726T102553,2026-07-26T10:26:41.694234+00:00
C-37e2349b,0.24674157494135698,0,20260726T102553,2026-07-26T10:26:41.694234+00:00
C-37e13873,0.41342994259537613,0,20260726T102553,2026-07-26T10:26:41.694234+00:00
C-74b3b018,0.124902903354432,0,20260726T102553,2026-07-26T10:26:41.694234+00:00
C-de0fb394,0.32422049236069156,0,20260726T102553,2026-07-26T10:26:41.694234+00:00
C-43431cd1,0.7076378481983915,1,20260726T102553,2026-07-26T10:26:41.694234+00:00
C-7e4112c3,0.16172432768052145,0,20260726T102553,2026-07-26T10:26:41.694234+00:00
C-fc11e5e4,0.31494084756587976,0,20260726T102553,2026-07-26T10:26:41.694234+00:00
C-ee2e51af,0.1128185600620541,0,20260726T102553,2026-07-26T10:26:41.694234+00:00
C-b2f5ccb0,0.13228300281029168,0,20260726T102553,2026-07-26T10:26:41.694234+00:00
C-086750f3,0.22845098694752558,0,20260726T102553,2026-07-26T10:26:41.694234+00:00
C-15dee99f,0.7117629584538998,1,20260726T102553,2026-07-26T10:26:41.694234+00:00
C-f478d0e5,0.7363141954275276,1,20260726T102553,2026-07-26T10:26:41.694234+00:00
C-e4f9c8db,0.7431919019579222,1,20260726T102553,2026-07-26T10:26:41.694234+00:00
C-16be0ad6,0.8337611884571862,1,20260726T102553,2026-07-26T10:26:41.694234+00:00
C-f3b897b6,0.6527990426797138,1,20260726T102553,2026-07-26T10:26:41.694234+00:00
C-ebaf3dc9,0.6420297319026075,1,20260726T102553,2026-07-26T10:26:41.694234+00:00
C-f02b0c4f,0.6735892541429666,1,20260726T102553,2026-07-26T10:26:41.694234+00:00
C-27c41607,0.1297694036946392,0,20260726T102553,2026-07-26T10:26:41.694234+00:00
C-9cdb05de,0.23506342665933672,0,20260726T102553,2026-07-26T10:26:41.694234+00:00
C-75651d5c,0.2390550884825019,0,20260726T102553,2026-07-26T10:26:41.694234+00:00
C-b7c19f01,0.5614228416497146,1,20260726T102553,2026-07-26T10:26:41.694234+00:00
C-4dea6158,0.3936640589822687,0,20260726T102553,2026-07-26T10:26:41.694234+00:00
C-04c0df38,0.7013395654044875,1,20260726T102553,2026-07-26T10:26:41.694234+00:00
C-97b362b4,0.16656802141151178,0,20260726T102553,2026-07-26T10:26:41.694234+00:00
C-392536fd,0.4497299972132441,0,20260726T102553,2026-07-26T10:26:41.694234+00:00
C-d8df5614,0.13878800961413898,0,20260726T102553,2026-07-26T10:26:41.694234+00:00
C-83dfe618,0.6914402349848564,1,20260726T102553,2026-07-26T10:26:41.694234+00:00
C-6a134fa4,0.4811278842331372,0,20260726T102553,2026-07-26T10:26:41.694234+00:00
C-e38ad033,0.6315751365266056,1,20260726T102553,2026-07-26T10:26:41.694234+00:00
C-7851604c,0.20747920838337153,0,20260726T102553,2026-07-26T10:26:41.694234+00:00
C-d49ee625,0.04419476984456206,0,20260726T102553,2026-07-26T10:26:41.694234+00:00
C-63f3967f,0.1270229773542293,0,20260726T102553,2026-07-26T10:26:41.694234+00:00
C-03a95a35,0.6289425635588858,1,20260726T102553,2026-07-26T10:26:41.694234+00:00
C-7cb4f42e,0.8275981572927383,1,20260726T102553,2026-07-26T10:26:41.694234+00:00
C-da8f614b,0.8925445457313651,1,20260726T102553,2026-07-26T10:26:41.694234+00:00
C-0ca19729,0.7652620923448147,1,20260726T102553,2026-07-26T10:26:41.694234+00:00
C-51db1ceb,0.6263263160924885,1,20260726T102553,2026-07-26T10:26:41.694234+00:00
C-fe4025ba,0.1455602755150996,0,20260726T102553,2026-07-26T10:26:41.694234+00:00
C-6a491294,0.9452081574598772,1,20260726T102553,2026-07-26T10:26:41.694234+00:00
C-3ba737a1,0.3255041504231194,0,20260726T102553,2026-07-26T10:26:41.694234+00:00
C-ccb296e9,0.7607896027051794,1,20260726T102553,2026-07-26T10:26:41.694234+00:00
C-98b73f9c,0.3595514529696182,0,20260726T102553,2026-07-26T10:26:41.694234+00:00
C-949adf71,0.5462194179247685,1,20260726T102553,2026-07-26T10:26:41.694234+00:00
C-312f93b8,0.7665447623640724,1,20260726T102553,2026-07-26T10:26:41.694234+00:00
C-8e6c4f2b,0.3325944079147433,0,20260726T102553,2026-07-26T10:26:41.694234+00:00
C-b532283a,0.4719330764787797,0,20260726T102553,2026-07-26T10:26:41.694234+00:00
C-2a4f73c3,0.4107264412637955,0,20260726T102553,2026-07-26T10:26:41.694234+00:00
C-2d66cab0,0.04998799557825377,0,20260726T102553,2026-07-26T10:26:41.694234+00:00
C-bcdae397,0.46573289012249414,0,20260726T102553,2026-07-26T10:26:41.694234+00:00
C-5acaabfb,0.6220559299627516,1,20260726T102553,2026-07-26T10:26:41.694234+00:00
C-ede9cc58,0.504935558289816,1,20260726T102553,2026-07-26T10:26:41.694234+00:00
C-0df0dcad,0.31211194884869103,0,20260726T102553,2026-07-26T10:26:41.694234+00:00
C-085b31aa,0.12244247329903686,0,20260726T102553,2026-07-26T10:26:41.694234+00:00
C-8c68d4c4,0.46725129778250674,0,20260726T102553,2026-07-26T10:26:41.694234+00:00
C-cccaf8cf,0.5215869455972165,1,20260726T102553,2026-07-26T10:26:41.694234+00:00
C-87ced678,0.08863321408484938,0,20260726T102553,2026-07-26T10:26:41.694234+00:00
C-0ae1d56d,0.9011254196729716,1,20260726T102553,2026-07-26T10:26:41.694234+00:00
C-a9456db6,0.19526256913226164,0,20260726T102553,2026-07-26T10:26:41.694234+00:00
C-5dd69a72,0.7548065442687527,1,20260726T102553,2026-07-26T10:26:41.694234+00:00
C-50c65c28,0.3017777966097151,0,20260726T102553,2026-07-26T10:26:41.694234+00:00
C-f37fcbc6,0.3373423143027137,0,20260726T102553,2026-07-26T10:26:41.694234+00:00
C-c80fbb3c,0.09887186548101394,0,20260726T102553,2026-07-26T10:26:41.694234+00:00
C-6e71b294,0.9451421798076676,1,20260726T102553,2026-07-26T10:26:41.694234+00:00
C-634e36c2,0.5075598992684524,1,20260726T102553,2026-07-26T10:26:41.694234+00:00
C-328951df,0.4664488219276582,0,20260726T102553,2026-07-26T10:26:41.694234+00:00
C-a902311c,0.44008822871176606,0,20260726T102553,2026-07-26T10:26:41.694234+00:00
C-0d5faa2e,0.8107433815284458,1,20260726T102553,2026-07-26T10:26:41.694234+00:00
C-923c4eb1,0.9197349231773704,1,20260726T102553,2026-07-26T10:26:41.694234+00:00
C-26a6c68f,0.5388765390684351,1,20260726T102553,2026-07-26T10:26:41.694234+00:00
C-f8bf2204,0.9257917476089909,1,20260726T102553,2026-07-26T10:26:41.694234+00:00
C-18175b87,0.7746844373753055,1,20260726T102553,2026-07-26T10:26:41.694234+00:00
C-292d30cc,0.5805101372039951,1,20260726T102553,2026-07-26T10:26:41.694234+00:00
C-8ee6cb07,0.0947227837890524,0,20260726T102553,2026-07-26T10:26:41.694234+00:00
C-cd4645d0,0.8692567376697552,1,20260726T102553,2026-07-26T10:26:41.694234+00:00
C-1960c133,0.7363964289341328,1,20260726T102553,2026-07-26T10:26:41.694234+00:00
C-709543c4,0.41670905885058224,0,20260726T102553,2026-07-26T10:26:41.694234+00:00
C-cafa6fca,0.8598996559711518,1,20260726T102553,2026-07-26T10:26:41.694234+00:00
C-2a9eaa32,0.038100329787498076,0,20260726T102553,2026-07-26T10:26:41.694234+00:00
C-a6bdb9b8,0.39553081040956584,0,20260726T102553,2026-07-26T10:26:41.694234+00:00
C-b1405af3,0.8239915744538187,1,20260726T102553,2026-07-26T10:26:41.694234+00:00
C-f47db2ea,0.10284950095197737,0,20260726T102553,2026-07-26T10:26:41.694234+00:00
C-ca434e37,0.8076587912231606,1,20260726T102553,2026-07-26T10:26:41.694234+00:00
C-63c0fb7d,0.9462152549304141,1,20260726T102553,2026-07-26T10:26:41.694234+00:00
C-1a9f6148,0.5280873929538059,1,20260726T102553,2026-07-26T10:26:41.694234+00:00
C-2fcffc6f,0.7029025353029399,1,20260726T102553,2026-07-26T10:26:41.694234+00:00
C-84131a61,0.7848323721825972,1,20260726T102553,2026-07-26T10:26:41.694234+00:00
C-1e42b03c,0.4588315484950904,0,20260726T102553,2026-07-26T10:26:41.694234+00:00
C-5c7aa3d9,0.5408517333450107,1,20260726T102553,2026-07-26T10:26:41.694234+00:00
C-0812b8d2,0.8514381476774787,1,20260726T102553,2026-07-26T10:26:41.694234+00:00
C-ac4f3342,0.8908010249613891,1,20260726T102553,2026-07-26T10:26:41.694234+00:00
C-d7aa01dd,0.5455879025040549,1,20260726T102553,2026-07-26T10:26:41.694234+00:00
C-b8ab7b3c,0.7773536547870225,1,20260726T102553,2026-07-26T10:26:41.694234+00:00
C-ad41e0fc,0.9398047601351551,1,20260726T102553,2026-07-26T10:26:41.694234+00:00
C-ff8845aa,0.5401642377503244,1,20260726T102553,2026-07-26T10:26:41.694234+00:00
C-def02b52,0.1313779960312267,0,20260726T102553,2026-07-26T10:26:41.694234+00:00
C-f483c4e9,0.02816702976147156,0,20260726T102553,2026-07-26T10:26:41.694234+00:00
C-454d7320,0.8389044988640736,1,20260726T102553,2026-07-26T10:26:41.694234+00:00
C-54bc967b,0.2942261704130694,0,20260726T102553,2026-07-26T10:26:41.694234+00:00
C-766280b8,0.3712574269011537,0,20260726T102553,2026-07-26T10:26:41.694234+00:00
C-ae19bd1e,0.1836403608529832,0,20260726T102553,2026-07-26T10:26:41.694234+00:00
C-abb949f1,0.030204083546060793,0,20260726T102553,2026-07-26T10:26:41.694234+00:00
C-6c1cbfc9,0.6938226121804375,1,20260726T102553,2026-07-26T10:26:41.694234+00:00
C-05624684,0.27924639272079055,0,20260726T102553,2026-07-26T10:26:41.694234+00:00
C-230cc676,0.03182217113173992,0,20260726T102553,2026-07-26T10:26:41.694234+00:00
C-1b9820cd,0.7084730557304363,1,20260726T102553,2026-07-26T10:26:41.694234+00:00
C-e8387e02,0.492182212219612,0,20260726T102553,2026-07-26T10:26:41.694234+00:00
C-90f8a6d3,0.2729638647094113,0,20260726T102553,2026-07-26T10:26:41.694234+00:00
C-a30c88f7,0.8348399177584617,1,20260726T102553,2026-07-26T10:26:41.694234+00:00
C-2d8551f4,0.3942129043562288,0,20260726T102553,2026-07-26T10:26:41.694234+00:00
C-43e342ca,0.8751218397512582,1,20260726T102553,2026-07-26T10:26:41.694234+00:00
C-a3daab15,0.4314119794498429,0,20260726T102553,2026-07-26T10:26:41.694234+00:00
C-e5aeae5f,0.4705792347763691,0,20260726T102553,2026-07-26T10:26:41.694234+00:00
C-6f4286dd,0.8623183616397698,1,20260726T102553,2026-07-26T10:26:41.694234+00:00
C-e3070294,0.20401718565926016,0,20260726T102553,2026-07-26T10:26:41.694234+00:00
C-7574b1d6,0.4813514880399699,0,20260726T102553,2026-07-26T10:26:41.694234+00:00
C-0756ab1b,0.034765114062776444,0,20260726T102553,2026-07-26T10:26:41.694234+00:00
C-5843c219,0.27910095887812075,0,20260726T102553,2026-07-26T10:26:41.694234+00:00
C-da741a38,0.8687064729065451,1,20260726T102553,2026-07-26T10:26:41.694234+00:00
C-da4949c9,0.7679365531091267,1,20260726T102553,2026-07-26T10:26:41.694234+00:00
C-50f1099d,0.532667115077209,1,20260726T102553,2026-07-26T10:26:41.694234+00:00
C-e76fa516,0.49302302792225206,0,20260726T102553,2026-07-26T10:26:41.694234+00:00
C-9d74e093,0.7783902454857861,1,20260726T102553,2026-07-26T10:26:41.694234+00:00
C-3c6cb6e1,0.709645349422748,1,20260726T102553,2026-07-26T10:26:41.694234+00:00
C-1de2b7b6,0.2794249545294299,0,20260726T102553,2026-07-26T10:26:41.694234+00:00
C-b4a5d485,0.6299368130677844,1,20260726T102553,2026-07-26T10:26:41.694234+00:00
C-93a7f075,0.46128980861434693,0,20260726T102553,2026-07-26T10:26:41.694234+00:00
C-da3dadd4,0.6243525222661442,1,20260726T102553,2026-07-26T10:26:41.694234+00:00
C-8d472bfb,0.7138089539432675,1,20260726T102553,2026-07-26T10:26:41.694234+00:00
C-fa2d39de,0.7010135807978854,1,20260726T102553,2026-07-26T10:26:41.694234+00:00
C-3c26d6d3,0.06840402210879826,0,20260726T102553,2026-07-26T10:26:41.694234+00:00
C-32662376,0.4607614195681525,0,20260726T102553,2026-07-26T10:26:41.694234+00:00
C-67655914,0.37981610085094364,0,20260726T102553,2026-07-26T10:26:41.694234+00:00
C-80624ca5,0.08443337057994564,0,20260726T102553,2026-07-26T10:26:41.694234+00:00
C-bdc11680,0.770469378595069,1,20260726T102553,2026-07-26T10:26:41.694234+00:00
C-b1fc501b,0.39296057320197614,0,20260726T102553,2026-07-26T10:26:41.694234+00:00
C-ff21c837,0.42604577434067936,0,20260726T102553,2026-07-26T10:26:41.694234+00:00
C-bd7e87f2,0.8128373235524352,1,20260726T102553,2026-07-26T10:26:41.694234+00:00
C-e53df5d4,0.894296887736396,1,20260726T102553,2026-07-26T10:26:41.694234+00:00
C-06703c37,0.611728372444214,1,20260726T102553,2026-07-26T10:26:41.694234+00:00
C-1cc37761,0.5233464737765557,1,20260726T102553,2026-07-26T10:26:41.694234+00:00
C-b28f2cc0,0.35485656652634995,0,20260726T102553,2026-07-26T10:26:41.694234+00:00
C-02490f66,0.6495263009958373,1,20260726T102553,2026-07-26T10:26:41.694234+00:00
C-9ee7cbe1,0.3843374498780589,0,20260726T102553,2026-07-26T10:26:41.694234+00:00
C-da9f5455,0.7017922817191194,1,20260726T102553,2026-07-26T10:26:41.694234+00:00
C-241d2bf1,0.045887288513449,0,20260726T102553,2026-07-26T10:26:41.694234+00:00
C-6caee5d1,0.26283171124391796,0,20260726T102553,2026-07-26T10:26:41.694234+00:00
C-b73cec42,0.08643343251347875,0,20260726T102553,2026-07-26T10:26:41.694234+00:00
C-d99e98e2,0.33955021718748346,0,20260726T102553,2026-07-26T10:26:41.694234+00:00
C-05a5d9b7,0.140469902880656,0,20260726T102553,2026-07-26T10:26:41.694234+00:00
C-0220e383,0.6915602737769397,1,20260726T102553,2026-07-26T10:26:41.694234+00:00
C-0c9275dc,0.6878885604608832,1,20260726T102553,2026-07-26T10:26:41.694234+00:00
C-489c87ec,0.34008670716939243,0,20260726T102553,2026-07-26T10:26:41.694234+00:00
C-015e7429,0.11336466596845579,0,20260726T102553,2026-07-26T10:26:41.694234+00:00
C-31900695,0.2543791307009297,0,20260726T102553,2026-07-26T10:26:41.694234+00:00
C-8312bd9e,0.3387029858161259,0,20260726T102553,2026-07-26T10:26:41.694234+00:00
C-b96f78a5,0.024032338113553767,0,20260726T102553,2026-07-26T10:26:41.694234+00:00
C-5f437f8d,0.697753566830724,1,20260726T102553,2026-07-26T10:26:41.694234+00:00
C-9b0b61f8,0.7398289304180559,1,20260726T102553,2026-07-26T10:26:41.694234+00:00
C-504845db,0.7725123465922886,1,20260726T102553,2026-07-26T10:26:41.694234+00:00
C-d7ebcde1,0.3303279783646139,0,20260726T102553,2026-07-26T10:26:41.694234+00:00
C-b81329db,0.5164960291810062,1,20260726T102553,2026-07-26T10:26:41.694234+00:00
C-7cffad7b,0.35940999916547234,0,20260726T102553,2026-07-26T10:26:41.694234+00:00
C-4852c308,0.39471626490612505,0,20260726T102553,2026-07-26T10:26:41.694234+00:00
C-651432f5,0.09949399239293903,0,20260726T102553,2026-07-26T10:26:41.694234+00:00
C-f8baa977,0.6673783762840853,1,20260726T102553,2026-07-26T10:26:41.694234+00:00
C-e439d022,0.7429077185680252,1,20260726T102553,2026-07-26T10:26:41.694234+00:00
C-92437c3d,0.5837232341510779,1,20260726T102553,2026-07-26T10:26:41.694234+00:00
C-a8f8e505,0.9010851953954503,1,20260726T102553,2026-07-26T10:26:41.694234+00:00
C-1903aac1,0.7544661770456573,1,20260726T102553,2026-07-26T10:26:41.694234+00:00
C-3698fe73,0.10618139646086015,0,20260726T102553,2026-07-26T10:26:41.694234+00:00
C-97606926,0.0775575190001827,0,20260726T102553,2026-07-26T10:26:41.694234+00:00
C-6aa538cf,0.022753439305175267,0,20260726T102553,2026-07-26T10:26:41.694234+00:00
C-135418ee,0.3495351916949304,0,20260726T102553,2026-07-26T10:26:41.694234+00:00
C-ad05fb47,0.3188157971738331,0,20260726T102553,2026-07-26T10:26:41.694234+00:00
C-a577f9ae,0.3592002576145114,0,20260726T102553,2026-07-26T10:26:41.694234+00:00
C-2d70bd2c,0.06678589019912284,0,20260726T102553,2026-07-26T10:26:41.694234+00:00
C-66d35eae,0.41218748695200136,0,20260726T102553,2026-07-26T10:26:41.694234+00:00
C-8112295b,0.6310580880565927,1,20260726T102553,2026-07-26T10:26:41.694234+00:00
C-38c273d0,0.039397770956542795,0,20260726T102553,2026-07-26T10:26:41.694234+00:00
C-8ba7965c,0.2827940466955886,0,20260726T102553,2026-07-26T10:26:41.694234+00:00
C-45fba03f,0.5969954569770779,1,20260726T102553,2026-07-26T10:26:41.694234+00:00
C-ef3c6d21,0.19443448048179415,0,20260726T102553,2026-07-26T10:26:41.694234+00:00
C-3024bcac,0.783698881533557,1,20260726T102553,2026-07-26T10:26:41.694234+00:00
C-3c1054f4,0.3325878683788397,0,20260726T102553,2026-07-26T10:26:41.694234+00:00
C-5708ac95,0.4599727148187029,0,20260726T102553,2026-07-26T10:26:41.694234+00:00
C-eed92d6e,0.7539465726131745,1,20260726T102553,2026-07-26T10:26:41.694234+00:00
C-de4a0305,0.40974207036372623,0,20260726T102553,2026-07-26T10:26:41.694234+00:00
C-0679910d,0.9123956332180205,1,20260726T102553,2026-07-26T10:26:41.694234+00:00
C-e93b8bcb,0.29996298033052127,0,20260726T102553,2026-07-26T10:26:41.694234+00:00
C-25272c4b,0.2529019825031414,0,20260726T102553,2026-07-26T10:26:41.694234+00:00
C-20913682,0.09612412152480394,0,20260726T102553,2026-07-26T10:26:41.694234+00:00
C-826db566,0.4270537561053545,0,20260726T102553,2026-07-26T10:26:41.694234+00:00
C-1e050171,0.15825437877921256,0,20260726T102553,2026-07-26T10:26:41.694234+00:00
C-20244616,0.6629049214732204,1,20260726T102553,2026-07-26T10:26:41.694234+00:00
C-68393479,0.743828606032659,1,20260726T102553,2026-07-26T10:26:41.694234+00:00
C-1d0f6c7e,0.10231869442534879,0,20260726T102553,2026-07-26T10:26:41.694234+00:00
C-474813e0,0.1159229954449873,0,20260726T102553,2026-07-26T10:26:41.694234+00:00
C-a507fa1d,0.23145564655807727,0,20260726T102553,2026-07-26T10:26:41.694234+00:00
C-1ae45dde,0.697607913313291,1,20260726T102553,2026-07-26T10:26:41.694234+00:00
C-25988398,0.24455561062995515,0,20260726T102553,2026-07-26T10:26:41.694234+00:00
C-febc5506,0.3377233257308253,0,20260726T102553,2026-07-26T10:26:41.694234+00:00
C-a00bd103,0.10235734502882095,0,20260726T102553,2026-07-26T10:26:41.694234+00:00
C-c672fee5,0.6694314513694941,1,20260726T102553,2026-07-26T10:26:41.694234+00:00
C-352f03ea,0.11576513476368987,0,20260726T102553,2026-07-26T10:26:41.694234+00:00
C-a1a63a6e,0.3255494499666327,0,20260726T102553,2026-07-26T10:26:41.694234+00:00
C-d30e8863,0.09520671391742176,0,20260726T102553,2026-07-26T10:26:41.694234+00:00
C-a91a2fc3,0.5870484238871485,1,20260726T102553,2026-07-26T10:26:41.694234+00:00
C-1d55951f,0.8407539597871889,1,20260726T102553,2026-07-26T10:26:41.694234+00:00
C-7293c675,0.5579966589396148,1,20260726T102553,2026-07-26T10:26:41.694234+00:00
C-92e07d6f,0.1256189662865607,0,20260726T102553,2026-07-26T10:26:41.694234+00:00
C-18a9f23b,0.4703986698616853,0,20260726T102553,2026-07-26T10:26:41.694234+00:00
C-d8b30746,0.5220786762552536,1,20260726T102553,2026-07-26T10:26:41.694234+00:00
C-46f02680,0.5404439924277402,1,20260726T102553,2026-07-26T10:26:41.694234+00:00
C-1299cb2e,0.12496792991890977,0,20260726T102553,2026-07-26T10:26:41.694234+00:00
C-ee278173,0.06621347656235428,0,20260726T102553,2026-07-26T10:26:41.694234+00:00
C-51cfa1aa,0.6557758120351886,1,20260726T102553,2026-07-26T10:26:41.694234+00:00
C-44c24ae0,0.03873525241283235,0,20260726T102553,2026-07-26T10:26:41.694234+00:00
C-70c074c4,0.7299089400266249,1,20260726T102553,2026-07-26T10:26:41.694234+00:00
C-8462b780,0.19949125402844037,0,20260726T102553,2026-07-26T10:26:41.694234+00:00
C-d69de3ef,0.07626935013492053,0,20260726T102553,2026-07-26T10:26:41.694234+00:00
C-ecebb65e,0.6576430823727004,1,20260726T102553,2026-07-26T10:26:41.694234+00:00
C-debac258,0.8557683718731688,1,20260726T102553,2026-07-26T10:26:41.694234+00:00
C-1a713bd4,0.8679487983709984,1,20260726T102553,2026-07-26T10:26:41.694234+00:00
C-ba2ef623,0.6238353377862741,1,20260726T102553,2026-07-26T10:26:41.694234+00:00
C-0fc0f524,0.7550709338596682,1,20260726T102553,2026-07-26T10:26:41.694234+00:00
C-7d5ec66c,0.1621062973249453,0,20260726T102553,2026-07-26T10:26:41.694234+00:00
C-2bee8ad9,0.6172696122129342,1,20260726T102553,2026-07-26T10:26:41.694234+00:00
C-1b3c6cc7,0.6553802839822238,1,20260726T102553,2026-07-26T10:26:41.694234+00:00
C-8d167706,0.8976972768550894,1,20260726T102553,2026-07-26T10:26:41.694234+00:00
C-30a57bdb,0.7875474028732004,1,20260726T102553,2026-07-26T10:26:41.694234+00:00
C-10b17859,0.4359714327297014,0,20260726T102553,2026-07-26T10:26:41.694234+00:00
C-350e9218,0.10459620306499824,0,20260726T102553,2026-07-26T10:26:41.694234+00:00
C-51fd12b0,0.4289718866428773,0,20260726T102553,2026-07-26T10:26:41.694234+00:00
C-0844e700,0.10330770784382841,0,20260726T102553,2026-07-26T10:26:41.694234+00:00
C-ca45cee5,0.30762980429138026,0,20260726T102553,2026-07-26T10:26:41.694234+00:00
C-7dce912a,0.6302600303289948,1,20260726T102553,2026-07-26T10:26:41.694234+00:00
C-79d4f09a,0.8056290269772569,1,20260726T102553,2026-07-26T10:26:41.694234+00:00
C-00797227,0.3952822801289673,0,20260726T102553,2026-07-26T10:26:41.694234+00:00
C-798e1c96,0.3575098636231856,0,20260726T102553,2026-07-26T10:26:41.694234+00:00
C-a10bfd58,0.7258649856879271,1,20260726T102553,2026-07-26T10:26:41.694234+00:00
C-162cefd3,0.45936833096602386,0,20260726T102553,2026-07-26T10:26:41.694234+00:00
C-4ab6d838,0.47990260380610905,0,20260726T102553,2026-07-26T10:26:41.694234+00:00
C-6b523d50,0.049996825391555234,0,20260726T102553,2026-07-26T10:26:41.694234+00:00
C-ad18de76,0.8865387277741986,1,20260726T102553,2026-07-26T10:26:41.694234+00:00
C-a8118b8e,0.4274194822900385,0,20260726T102553,2026-07-26T10:26:41.694234+00:00
C-1ee9015b,0.53281955598241,1,20260726T102553,2026-07-26T10:26:41.694234+00:00
C-c81131c5,0.4060613147341917,0,20260726T102553,2026-07-26T10:26:41.694234+00:00
C-1c7cb464,0.15127457806486716,0,20260726T102553,2026-07-26T10:26:41.694234+00:00
C-d16d7f16,0.024143360086355536,0,20260726T102553,2026-07-26T10:26:41.694234+00:00
C-0daed195,0.8659004343526542,1,20260726T102553,2026-07-26T10:26:41.694234+00:00
C-001427b1,0.7477030458162544,1,20260726T102553,2026-07-26T10:26:41.694234+00:00
C-395135e7,0.3973652749224002,0,20260726T102553,2026-07-26T10:26:41.694234+00:00
C-7187edbe,0.035513233925176545,0,20260726T102553,2026-07-26T10:26:41.694234+00:00
C-13931b48,0.5486451937459257,1,20260726T102553,2026-07-26T10:26:41.694234+00:00
C-c9995962,0.9195574282946474,1,20260726T102553,2026-07-26T10:26:41.694234+00:00
C-74ceb7d9,0.7458534028050329,1,20260726T102553,2026-07-26T10:26:41.694234+00:00
C-09ae059f,0.5251018480150911,1,20260726T102553,2026-07-26T10:26:41.694234+00:00
C-8d55a733,0.7101195852643835,1,20260726T102553,2026-07-26T10:26:41.694234+00:00
C-11666f46,0.6566072530841675,1,20260726T102553,2026-07-26T10:26:41.694234+00:00
C-03186338,0.12512976667668896,0,20260726T102553,2026-07-26T10:26:41.694234+00:00
C-f448a129,0.20324748305937052,0,20260726T102553,2026-07-26T10:26:41.694234+00:00
C-0c36ec36,0.3827616016974567,0,20260726T102553,2026-07-26T10:26:41.694234+00:00
C-66ca6831,0.3121652075385061,0,20260726T102553,2026-07-26T10:26:41.694234+00:00
C-ed4ccb65,0.2047683296015665,0,20260726T102553,2026-07-26T10:26:41.694234+00:00
C-c3ce737b,0.4527234440799739,0,20260726T102553,2026-07-26T10:26:41.694234+00:00
C-9b517898,0.2756122410723224,0,20260726T102553,2026-07-26T10:26:41.694234+00:00
C-3f8f8564,0.07300653220524328,0,20260726T102553,2026-07-26T10:26:41.694234+00:00
C-e7b9d757,0.14403277419787108,0,20260726T102553,2026-07-26T10:26:41.694234+00:00
C-b4b35db4,0.31520685115750197,0,20260726T102553,2026-07-26T10:26:41.694234+00:00
C-62099c68,0.16314364491925998,0,20260726T102553,2026-07-26T10:26:41.694234+00:00
C-daaae6d4,0.3572698684166551,0,20260726T102553,2026-07-26T10:26:41.694234+00:00
C-760680cd,0.7985565184807089,1,20260726T102553,2026-07-26T10:26:41.694234+00:00
C-0488954f,0.46802296258563425,0,20260726T102553,2026-07-26T10:26:41.694234+00:00
C-fad7b404,0.8670089080462814,1,20260726T102553,2026-07-26T10:26:41.694234+00:00
C-07bc74dc,0.12704132499172704,0,20260726T102553,2026-07-26T10:26:41.694234+00:00
C-46978c4e,0.8296298367948018,1,20260726T102553,2026-07-26T10:26:41.694234+00:00
C-ba875164,0.43955883733218365,0,20260726T102553,2026-07-26T10:26:41.694234+00:00
C-cc734ff5,0.12562720974275196,0,20260726T102553,2026-07-26T10:26:41.694234+00:00
C-dc03a56a,0.8361881033566463,1,20260726T102553,2026-07-26T10:26:41.694234+00:00
C-cb6a6824,0.6018684022779881,1,20260726T102553,2026-07-26T10:26:41.694234+00:00
C-a63cae17,0.07917169508096236,0,20260726T102553,2026-07-26T10:26:41.694234+00:00
C-722217a9,0.028336534872779887,0,20260726T102553,2026-07-26T10:26:41.694234+00:00
C-50cdece1,0.6554361084800235,1,20260726T102553,2026-07-26T10:26:41.694234+00:00
C-dd1be797,0.635867948229537,1,20260726T102553,2026-07-26T10:26:41.694234+00:00
C-edd08c7b,0.7101867126428846,1,20260726T102553,2026-07-26T10:26:41.694234+00:00
C-c0387c7c,0.07846939295726997,0,20260726T102553,2026-07-26T10:26:41.694234+00:00
C-f5c3735e,0.3786238459492175,0,20260726T102553,2026-07-26T10:26:41.694234+00:00
C-4490671d,0.5035764720488344,1,20260726T102553,2026-07-26T10:26:41.694234+00:00
C-67d25f00,0.6926048556556914,1,20260726T102553,2026-07-26T10:26:41.694234+00:00
C-7a6773d2,0.45989670472387895,0,20260726T102553,2026-07-26T10:26:41.694234+00:00
C-f974ea40,0.02957138680326115,0,20260726T102553,2026-07-26T10:26:41.694234+00:00
C-bd94a271,0.9030652702422469,1,20260726T102553,2026-07-26T10:26:41.694234+00:00
C-fbbba53b,0.7799089506866458,1,20260726T102553,2026-07-26T10:26:41.694234+00:00
C-c857b7dc,0.15617062549385968,0,20260726T102553,2026-07-26T10:26:41.694234+00:00
C-cfaafccd,0.36469148655697287,0,20260726T102553,2026-07-26T10:26:41.694234+00:00
C-ce8aae0d,0.8876489203888313,1,20260726T102553,2026-07-26T10:26:41.694234+00:00
C-0f471a88,0.7481314516899961,1,20260726T102553,2026-07-26T10:26:41.694234+00:00
C-af71e5d0,0.6481151634320598,1,20260726T102553,2026-07-26T10:26:41.694234+00:00
C-2e0c1efd,0.39741075160998246,0,20260726T102553,2026-07-26T10:26:41.694234+00:00
C-3658d141,0.14649042325073344,0,20260726T102553,2026-07-26T10:26:41.694234+00:00
C-e6caaec6,0.6501102968254705,1,20260726T102553,2026-07-26T10:26:41.694234+00:00
C-560f4d20,0.0199895217386265,0,20260726T102553,2026-07-26T10:26:41.694234+00:00
C-b8557c0f,0.20658325050981174,0,20260726T102553,2026-07-26T10:26:41.694234+00:00
C-fd2041b9,0.06943955314960619,0,20260726T102553,2026-07-26T10:26:41.694234+00:00
C-3149cbc5,0.4546788689199322,0,20260726T102553,2026-07-26T10:26:41.694234+00:00
C-430c7a01,0.12249515854431194,0,20260726T102553,2026-07-26T10:26:41.694234+00:00
C-59cc3c2b,0.7104100962461312,1,20260726T102553,2026-07-26T10:26:41.694234+00:00
C-168faaaa,0.43746165456049707,0,20260726T102553,2026-07-26T10:26:41.694234+00:00
C-b45e8449,0.32552927960218875,0,20260726T102553,2026-07-26T10:26:41.694234+00:00
C-0ca2e250,0.8039239615734192,1,20260726T102553,2026-07-26T10:26:41.694234+00:00
C-dbdc81e6,0.027448636749407236,0,20260726T102553,2026-07-26T10:26:41.694234+00:00
C-5a55dcbf,0.32906941952678265,0,20260726T102553,2026-07-26T10:26:41.694234+00:00
C-d6e70b06,0.37485071539982145,0,20260726T102553,2026-07-26T10:26:41.694234+00:00
C-7ea65e63,0.1306160247856794,0,20260726T102553,2026-07-26T10:26:41.694234+00:00
C-8a59d1e5,0.3918932344456334,0,20260726T102553,2026-07-26T10:26:41.694234+00:00
C-42d71619,0.40825224051666426,0,20260726T102553,2026-07-26T10:26:41.694234+00:00
C-aface050,0.9097851999943264,1,20260726T102553,2026-07-26T10:26:41.694234+00:00
C-f4162fa3,0.7319943258718311,1,20260726T102553,2026-07-26T10:26:41.694234+00:00
C-a2d4148a,0.18754084099673435,0,20260726T102553,2026-07-26T10:26:41.694234+00:00
C-731e1002,0.03882130476873752,0,20260726T102553,2026-07-26T10:26:41.694234+00:00
C-ce732d33,0.45949615165054014,0,20260726T102553,2026-07-26T10:26:41.694234+00:00
C-ca83e431,0.4415970468689663,0,20260726T102553,2026-07-26T10:26:41.694234+00:00
C-bf2d223d,0.8642515607991041,1,20260726T102553,2026-07-26T10:26:41.694234+00:00
C-6a08567f,0.5046266122041787,1,20260726T102553,2026-07-26T10:26:41.694234+00:00
C-22670f58,0.7931483510980403,1,20260726T102553,2026-07-26T10:26:41.694234+00:00
C-5630e4f7,0.1299726657556708,0,20260726T102553,2026-07-26T10:26:41.694234+00:00
C-14e15209,0.5338014302604284,1,20260726T102553,2026-07-26T10:26:41.694234+00:00
C-8ab1f34e,0.380203397586805,0,20260726T102553,2026-07-26T10:26:41.694234+00:00
C-bf3f96a6,0.029662544476603082,0,20260726T102553,2026-07-26T10:26:41.694234+00:00
C-2b495a07,0.7945498524890365,1,20260726T102553,2026-07-26T10:26:41.694234+00:00
C-2b0c4895,0.12100582640650337,0,20260726T102553,2026-07-26T10:26:41.694234+00:00
C-68a28014,0.44891272311115776,0,20260726T102553,2026-07-26T10:26:41.694234+00:00
C-f5f0f32c,0.38742986515968686,0,20260726T102553,2026-07-26T10:26:41.694234+00:00
C-9e4919c7,0.4119982322206775,0,20260726T102553,2026-07-26T10:26:41.694234+00:00
C-440defa1,0.831926709650192,1,20260726T102553,2026-07-26T10:26:41.694234+00:00
C-5166fd86,0.6380373562386067,1,20260726T102553,2026-07-26T10:26:41.694234+00:00
C-c64523fd,0.8645832499384309,1,20260726T102553,2026-07-26T10:26:41.694234+00:00
C-1ae83431,0.020326318848302622,0,20260726T102553,2026-07-26T10:26:41.694234+00:00
C-30d98065,0.7443655574777492,1,20260726T102553,2026-07-26T10:26:41.694234+00:00
C-2da764fa,0.6534490582707181,1,20260726T102553,2026-07-26T10:26:41.694234+00:00
C-1d10ed2e,0.5229715309009507,1,20260726T102553,2026-07-26T10:26:41.694234+00:00
C-20459b25,0.111364679719171,0,20260726T102553,2026-07-26T10:26:41.694234+00:00
C-17da1395,0.2193644841802202,0,20260726T102553,2026-07-26T10:26:41.694234+00:00
C-93b7f9ea,0.3906591133402716,0,20260726T102553,2026-07-26T10:26:41.694234+00:00
C-820fc0d0,0.6330352201711285,1,20260726T102553,2026-07-26T10:26:41.694234+00:00
C-a77e578b,0.7559632097926107,1,20260726T102553,2026-07-26T10:26:41.694234+00:00
C-bd0219bd,0.47642398347815296,0,20260726T102553,2026-07-26T10:26:41.694234+00:00
C-b80f6b27,0.38681034375470313,0,20260726T102553,2026-07-26T10:26:41.694234+00:00
C-c81c0b55,0.7615080286970195,1,20260726T102553,2026-07-26T10:26:41.694234+00:00
C-9f3b405d,0.6531306577110758,1,20260726T102553,2026-07-26T10:26:41.694234+00:00
C-7ff5a725,0.6300070536137609,1,20260726T102553,2026-07-26T10:26:41.694234+00:00
C-c5325bbc,0.7028836813364022,1,20260726T102553,2026-07-26T10:26:41.694234+00:00
C-e1ee2943,0.16612945460547276,0,20260726T102553,2026-07-26T10:26:41.694234+00:00
C-a4df15c4,0.38678562183572757,0,20260726T102553,2026-07-26T10:26:41.694234+00:00
C-1facbf19,0.2862792250199375,0,20260726T102553,2026-07-26T10:26:41.694234+00:00
C-194e826f,0.6855388301595811,1,20260726T102553,2026-07-26T10:26:41.694234+00:00
C-2c2c199a,0.5799449965514893,1,20260726T102553,2026-07-26T10:26:41.694234+00:00
C-5468f8fe,0.11451997122707415,0,20260726T102553,2026-07-26T10:26:41.694234+00:00
C-99143c09,0.42591911286179907,0,20260726T102553,2026-07-26T10:26:41.694234+00:00
C-8b5dcdad,0.19128588316167197,0,20260726T102553,2026-07-26T10:26:41.694234+00:00
C-4cb05f25,0.6273859667840745,1,20260726T102553,2026-07-26T10:26:41.694234+00:00
C-02f09516,0.5453076625965289,1,20260726T102553,2026-07-26T10:26:41.694234+00:00
C-bacb87b8,0.578133463754889,1,20260726T102553,2026-07-26T10:26:41.694234+00:00
C-e614b3d4,0.14436885556628457,0,20260726T102553,2026-07-26T10:26:41.694234+00:00
C-97877475,0.04645860422609493,0,20260726T102553,2026-07-26T10:26:41.694234+00:00
C-eb5fe22c,0.8990283762006059,1,20260726T102553,2026-07-26T10:26:41.694234+00:00
C-68d38fae,0.820688977243588,1,20260726T102553,2026-07-26T10:26:41.694234+00:00
C-85687acf,0.7770022615936012,1,20260726T102553,2026-07-26T10:26:41.694234+00:00
C-a77cbc4f,0.4025635116537113,0,20260726T102553,2026-07-26T10:26:41.694234+00:00
C-8bb6264c,0.6952390469420461,1,20260726T102553,2026-07-26T10:26:41.694234+00:00
C-4585188a,0.07934975202781747,0,20260726T102553,2026-07-26T10:26:41.694234+00:00
C-597b7c12,0.7971882865972029,1,20260726T102553,2026-07-26T10:26:41.694234+00:00
C-b4df8fb4,0.6909667405810356,1,20260726T102553,2026-07-26T10:26:41.694234+00:00
C-c9f36c43,0.5974229986258411,1,20260726T102553,2026-07-26T10:26:41.694234+00:00
C-98a6c1d9,0.0792567290230624,0,20260726T102553,2026-07-26T10:26:41.694234+00:00
C-82a68869,0.3925587106639136,0,20260726T102553,2026-07-26T10:26:41.694234+00:00
C-18737123,0.7524214242718142,1,20260726T102553,2026-07-26T10:26:41.694234+00:00
C-ca2e0959,0.7098432578101864,1,20260726T102553,2026-07-26T10:26:41.694234+00:00
C-2d4a2ca4,0.5114434687361296,1,20260726T102553,2026-07-26T10:26:41.694234+00:00
C-b27f5857,0.8929072008772383,1,20260726T102553,2026-07-26T10:26:41.694234+00:00
C-94ae84e1,0.024091924676218596,0,20260726T102553,2026-07-26T10:26:41.694234+00:00
C-7d44eda9,0.5250151921178394,1,20260726T102553,2026-07-26T10:26:41.694234+00:00
C-d3d9bad1,0.5255481897204601,1,20260726T102553,2026-07-26T10:26:41.694234+00:00
C-dddcd4cf,0.678981086575464,1,20260726T102553,2026-07-26T10:26:41.694234+00:00
C-b98c33e2,0.6184856500532989,1,20260726T102553,2026-07-26T10:26:41.694234+00:00
C-373aca38,0.7564138795826584,1,20260726T102553,2026-07-26T10:26:41.694234+00:00
C-974bfaa3,0.9335860125720629,1,20260726T102553,2026-07-26T10:26:41.694234+00:00
C-937f7949,0.7961953693756985,1,20260726T102553,2026-07-26T10:26:41.694234+00:00
C-4ba8d59d,0.1982015494705326,0,20260726T102553,2026-07-26T10:26:41.694234+00:00
C-1d150c20,0.36204677617458897,0,20260726T102553,2026-07-26T10:26:41.694234+00:00
C-9ddce99c,0.4766831838975628,0,20260726T102553,2026-07-26T10:26:41.694234+00:00
C-66fbfaa2,0.7370232946886931,1,20260726T102553,2026-07-26T10:26:41.694234+00:00
C-0a87a51f,0.36596549858664856,0,20260726T102553,2026-07-26T10:26:41.694234+00:00
C-bc64704a,0.3811709534398555,0,20260726T102553,2026-07-26T10:26:41.694234+00:00
C-26e36193,0.15594911739676232,0,20260726T102553,2026-07-26T10:26:41.694234+00:00
C-f6ce5d31,0.612992904359705,1,20260726T102553,2026-07-26T10:26:41.694234+00:00
C-20e596e1,0.46890576272256246,0,20260726T102553,2026-07-26T10:26:41.694234+00:00
C-f79304d5,0.15791052647326037,0,20260726T102553,2026-07-26T10:26:41.694234+00:00
C-4d22263d,0.37088922186051526,0,20260726T102553,2026-07-26T10:26:41.694234+00:00
C-573417c9,0.5313342902312647,1,20260726T102553,2026-07-26T10:26:41.694234+00:00
C-87ac4b48,0.32863394151788466,0,20260726T102553,2026-07-26T10:26:41.694234+00:00
C-5b752182,0.6367366129187575,1,20260726T102553,2026-07-26T10:26:41.694234+00:00
C-a9bdb32c,0.19134935652853488,0,20260726T102553,2026-07-26T10:26:41.694234+00:00
C-36fad989,0.5718681809156683,1,20260726T102553,2026-07-26T10:26:41.694234+00:00
C-af96ee7a,0.6616643014023668,1,20260726T102553,2026-07-26T10:26:41.694234+00:00
C-58682865,0.06523131644836942,0,20260726T102553,2026-07-26T10:26:41.694234+00:00
C-af95907d,0.3297188486436027,0,20260726T102553,2026-07-26T10:26:41.694234+00:00
C-397ead7d,0.024606994849034055,0,20260726T102553,2026-07-26T10:26:41.694234+00:00
C-392c06cc,0.5256550193650887,1,20260726T102553,2026-07-26T10:26:41.694234+00:00
C-f1aa4ad6,0.06602477806800267,0,20260726T102553,2026-07-26T10:26:41.694234+00:00
C-e7d58cd3,0.4715229714084265,0,20260726T102553,2026-07-26T10:26:41.694234+00:00
C-2cf7fb87,0.9638900880191289,1,20260726T102553,2026-07-26T10:26:41.694234+00:00
C-ce95b61d,0.4643283191877428,0,20260726T102553,2026-07-26T10:26:41.694234+00:00
C-50cf3312,0.4898545384936801,0,20260726T102553,2026-07-26T10:26:41.694234+00:00
C-e272b17f,0.3801381299602243,0,20260726T102553,2026-07-26T10:26:41.694234+00:00
C-7c5b615a,0.3663038812641684,0,20260726T102553,2026-07-26T10:26:41.694234+00:00
C-e70e0b6d,0.41594971619070925,0,20260726T102553,2026-07-26T10:26:41.694234+00:00
C-91ef911b,0.32216788501168575,0,20260726T102553,2026-07-26T10:26:41.694234+00:00
C-f234191d,0.6832110670373223,1,20260726T102553,2026-07-26T10:26:41.694234+00:00
C-794c2164,0.813458308572143,1,20260726T102553,2026-07-26T10:26:41.694234+00:00
C-dc27e772,0.028649236176745117,0,20260726T102553,2026-07-26T10:26:41.694234+00:00
C-775c5921,0.5853626479462399,1,20260726T102553,2026-07-26T10:26:41.694234+00:00
C-ce787a69,0.3186713301494282,0,20260726T102553,2026-07-26T10:26:41.694234+00:00
C-7f033a5c,0.5151955745386388,1,20260726T102553,2026-07-26T10:26:41.694234+00:00
C-ff9b62d6,0.3265956740493445,0,20260726T102553,2026-07-26T10:26:41.694234+00:00
C-36909ca8,0.17041892057264463,0,20260726T102553,2026-07-26T10:26:41.694234+00:00
C-ace539d8,0.08935090255136674,0,20260726T102553,2026-07-26T10:26:41.694234+00:00
C-cdf7253c,0.9151186105582179,1,20260726T102553,2026-07-26T10:26:41.694234+00:00
C-a13dc764,0.16979543695138818,0,20260726T102553,2026-07-26T10:26:41.694234+00:00
C-66f98f14,0.03913840663218035,0,20260726T102553,2026-07-26T10:26:41.694234+00:00
C-d790f906,0.38904615443780005,0,20260726T102553,2026-07-26T10:26:41.694234+00:00
C-a5f6bcd0,0.4288064932961387,0,20260726T102553,2026-07-26T10:26:41.694234+00:00
C-54e16093,0.04640866615200884,0,20260726T102553,2026-07-26T10:26:41.694234+00:00
C-221096b9,0.02067790780138,0,20260726T102553,2026-07-26T10:26:41.694234+00:00
C-c40de75f,0.7222360836965949,1,20260726T102553,2026-07-26T10:26:41.694234+00:00
C-961fcff1,0.9244125846607533,1,20260726T102553,2026-07-26T10:26:41.694234+00:00
C-2323eb0b,0.33936781087273327,0,20260726T102553,2026-07-26T10:26:41.694234+00:00
C-77e3ce01,0.9191364576550396,1,20260726T102553,2026-07-26T10:26:41.694234+00:00
C-7b83f376,0.7003730795010702,1,20260726T102553,2026-07-26T10:26:41.694234+00:00
C-e972261a,0.1511688479883848,0,20260726T102553,2026-07-26T10:26:41.694234+00:00
C-ea999a92,0.0819021045337464,0,20260726T102553,2026-07-26T10:26:41.694234+00:00
C-dd91fd69,0.7062048618768043,1,20260726T102553,2026-07-26T10:26:41.694234+00:00
C-706f6cda,0.6949768588723403,1,20260726T102553,2026-07-26T10:26:41.694234+00:00
C-ec9bed8a,0.6879571263577702,1,20260726T102553,2026-07-26T10:26:41.694234+00:00
C-dfa85f9b,0.09624046556185636,0,20260726T102553,2026-07-26T10:26:41.694234+00:00
C-8c3627fe,0.7996214767381513,1,20260726T102553,2026-07-26T10:26:41.694234+00:00
C-d91ac5ac,0.5772331817946073,1,20260726T102553,2026-07-26T10:26:41.694234+00:00
C-70b5655b,0.7932800083491226,1,20260726T102553,2026-07-26T10:26:41.694234+00:00
C-ef94c410,0.6972344458566457,1,20260726T102553,2026-07-26T10:26:41.694234+00:00
C-c766a07e,0.4551474592508184,0,20260726T102553,2026-07-26T10:26:41.694234+00:00
C-f74ecbd8,0.6228098633836696,1,20260726T102553,2026-07-26T10:26:41.694234+00:00
C-527664f1,0.15415606844358307,0,20260726T102553,2026-07-26T10:26:41.694234+00:00
C-0cfd1585,0.8015818327411317,1,20260726T102553,2026-07-26T10:26:41.694234+00:00
C-d10d8044,0.7478289053984069,1,20260726T102553,2026-07-26T10:26:41.694234+00:00
C-740d38ba,0.7958623442133664,1,20260726T102553,2026-07-26T10:26:41.694234+00:00
C-659c3276,0.7653734837169911,1,20260726T102553,2026-07-26T10:26:41.694234+00:00
C-1a3205dd,0.23799167926370038,0,20260726T102553,2026-07-26T10:26:41.694234+00:00
C-c6c8d8a7,0.8271391279825961,1,20260726T102553,2026-07-26T10:26:41.694234+00:00
C-a70fabff,0.4055583617849799,0,20260726T102553,2026-07-26T10:26:41.694234+00:00
C-99e71f5b,0.6396851689634164,1,20260726T102553,2026-07-26T10:26:41.694234+00:00
C-18a33ce8,0.09648748037456746,0,20260726T102553,2026-07-26T10:26:41.694234+00:00
C-74ab4c06,0.4455481763844015,0,20260726T102553,2026-07-26T10:26:41.694234+00:00
C-a4345e34,0.39530060417121826,0,20260726T102553,2026-07-26T10:26:41.694234+00:00
C-38aa6476,0.7050568292264815,1,20260726T102553,2026-07-26T10:26:41.694234+00:00
C-5b0bfff4,0.7261012054199399,1,20260726T102553,2026-07-26T10:26:41.694234+00:00
C-23b0d425,0.2784314770379803,0,20260726T102553,2026-07-26T10:26:41.694234+00:00
C-563ac681,0.2456334383014768,0,20260726T102553,2026-07-26T10:26:41.694234+00:00
C-67bc9c38,0.10342864044172256,0,20260726T102553,2026-07-26T10:26:41.694234+00:00
C-8bec9f5f,0.7932170657048913,1,20260726T102553,2026-07-26T10:26:41.694234+00:00
C-e6861c1d,0.41415258588215825,0,20260726T102553,2026-07-26T10:26:41.694234+00:00
C-1bcc1235,0.5322527042624324,1,20260726T102553,2026-07-26T10:26:41.694234+00:00
C-228e5053,0.6476337146411097,1,20260726T102553,2026-07-26T10:26:41.694234+00:00
C-728ca454,0.3758264752957006,0,20260726T102553,2026-07-26T10:26:41.694234+00:00
C-b6977bbe,0.1174470176908103,0,20260726T102553,2026-07-26T10:26:41.694234+00:00
C-0f56ef43,0.050806840045905015,0,20260726T102553,2026-07-26T10:26:41.694234+00:00
C-e14ad6ee,0.06409713535472186,0,20260726T102553,2026-07-26T10:26:41.694234+00:00
C-137fcfed,0.7260579163831912,1,20260726T102553,2026-07-26T10:26:41.694234+00:00
C-59b8f8bb,0.8086524391602614,1,20260726T102553,2026-07-26T10:26:41.694234+00:00
C-265c369d,0.535804801356144,1,20260726T102553,2026-07-26T10:26:41.694234+00:00
C-b13c3513,0.7746696241167311,1,20260726T102553,2026-07-26T10:26:41.694234+00:00
C-2eb62ecc,0.3837615187193933,0,20260726T102553,2026-07-26T10:26:41.694234+00:00
C-1a0fd46c,0.6857687081784185,1,20260726T102553,2026-07-26T10:26:41.694234+00:00
C-f1da7879,0.7462441853703234,1,20260726T102553,2026-07-26T10:26:41.694234+00:00
C-c30f9dab,0.30944748810328976,0,20260726T102553,2026-07-26T10:26:41.694234+00:00
C-12745981,0.8065726770642244,1,20260726T102553,2026-07-26T10:26:41.694234+00:00
C-b09b4ef8,0.12512798773918737,0,20260726T102553,2026-07-26T10:26:41.694234+00:00
C-c6616844,0.023669539946654182,0,20260726T102553,2026-07-26T10:26:41.694234+00:00
C-c234188a,0.4132221176245404,0,20260726T102553,2026-07-26T10:26:41.694234+00:00
C-39f46704,0.887768409360347,1,20260726T102553,2026-07-26T10:26:41.694234+00:00
C-bee646de,0.10843354651485083,0,20260726T102553,2026-07-26T10:26:41.694234+00:00
C-45e349e5,0.7803785830632667,1,20260726T102553,2026-07-26T10:26:41.694234+00:00
C-660cc6e8,0.7990427993426273,1,20260726T102553,2026-07-26T10:26:41.694234+00:00
C-e41b2a66,0.13000975802070971,0,20260726T102553,2026-07-26T10:26:41.694234+00:00
C-b9c33cd6,0.9442136744139144,1,20260726T102553,2026-07-26T10:26:41.694234+00:00
C-f7aa6199,0.03972084316332171,0,20260726T102553,2026-07-26T10:26:41.694234+00:00
C-1a909110,0.7834813799791227,1,20260726T102553,2026-07-26T10:26:41.694234+00:00
C-7d749349,0.9215371259322409,1,20260726T102553,2026-07-26T10:26:41.694234+00:00
C-5404b3b6,0.6954259475146887,1,20260726T102553,2026-07-26T10:26:41.694234+00:00
C-e5d10e3d,0.7893008911784704,1,20260726T102553,2026-07-26T10:26:41.694234+00:00
C-24a69ed6,0.1983319520753608,0,20260726T102553,2026-07-26T10:26:41.694234+00:00
C-ceaa84d2,0.7819146471600277,1,20260726T102553,2026-07-26T10:26:41.694234+00:00
C-25bc269b,0.6513717086417704,1,20260726T102553,2026-07-26T10:26:41.694234+00:00
C-f4133763,0.0535295160151126,0,20260726T102553,2026-07-26T10:26:41.694234+00:00
C-46e361bd,0.10085403780910276,0,20260726T102553,2026-07-26T10:26:41.694234+00:00
C-d79303ce,0.3733072879036596,0,20260726T102553,2026-07-26T10:26:41.694234+00:00
C-4c034cb2,0.7499323216065058,1,20260726T102553,2026-07-26T10:26:41.694234+00:00
C-62af4c8c,0.023643304409861697,0,20260726T102553,2026-07-26T10:26:41.694234+00:00
C-0eec8ad0,0.027669842104734905,0,20260726T102553,2026-07-26T10:26:41.694234+00:00
C-d4fbc314,0.7707681369068656,1,20260726T102553,2026-07-26T10:26:41.694234+00:00
C-6d3670e9,0.17550092460789976,0,20260726T102553,2026-07-26T10:26:41.694234+00:00
C-08461fe7,0.4693129889292271,0,20260726T102553,2026-07-26T10:26:41.694234+00:00
C-1f4daa93,0.28994159016861154,0,20260726T102553,2026-07-26T10:26:41.694234+00:00
C-db2e7db3,0.32276912809430686,0,20260726T102553,2026-07-26T10:26:41.694234+00:00
C-6d3e1662,0.3354973292025235,0,20260726T102553,2026-07-26T10:26:41.694234+00:00
C-73860edc,0.3956995721912437,0,20260726T102553,2026-07-26T10:26:41.694234+00:00
C-5b07f9c2,0.8897663922451801,1,20260726T102553,2026-07-26T10:26:41.694234+00:00
C-1c0365ee,0.1041077968855615,0,20260726T102553,2026-07-26T10:26:41.694234+00:00
C-900c2f91,0.5892471201736804,1,20260726T102553,2026-07-26T10:26:41.694234+00:00
C-87d8ea7f,0.7323230692013307,1,20260726T102553,2026-07-26T10:26:41.694234+00:00
C-333eae9e,0.6327190057833362,1,20260726T102553,2026-07-26T10:26:41.694234+00:00
C-a35b6924,0.27459084758908114,0,20260726T102553,2026-07-26T10:26:41.694234+00:00
C-88edec67,0.5890354481582579,1,20260726T102553,2026-07-26T10:26:41.694234+00:00
C-e103171e,0.44848968890260593,0,20260726T102553,2026-07-26T10:26:41.694234+00:00
C-824ebb2f,0.6651288534679529,1,20260726T102553,2026-07-26T10:26:41.694234+00:00
C-41d2fcfe,0.0253990986272445,0,20260726T102553,2026-07-26T10:26:41.694234+00:00
C-811aeef7,0.6099404539763275,1,20260726T102553,2026-07-26T10:26:41.694234+00:00
C-5704cb18,0.373261524508478,0,20260726T102553,2026-07-26T10:26:41.694234+00:00
C-252253c7,0.5140447841630746,1,20260726T102553,2026-07-26T10:26:41.694234+00:00
C-9cd61ada,0.44983939176733273,0,20260726T102553,2026-07-26T10:26:41.694234+00:00
C-3cf91cf9,0.41263467582554453,0,20260726T102553,2026-07-26T10:26:41.694234+00:00
C-ee9cd3a5,0.7629749464604529,1,20260726T102553,2026-07-26T10:26:41.694234+00:00
C-02b457aa,0.6982193669960535,1,20260726T102553,2026-07-26T10:26:41.694234+00:00
C-ce47e64a,0.0876715783813754,0,20260726T102553,2026-07-26T10:26:41.694234+00:00
C-e4080471,0.5468843323367165,1,20260726T102553,2026-07-26T10:26:41.694234+00:00
C-c32b8820,0.09743018187861245,0,20260726T102553,2026-07-26T10:26:41.694234+00:00
C-cb6bd1fd,0.3308292713035033,0,20260726T102553,2026-07-26T10:26:41.694234+00:00
C-a54842ba,0.8799089818175923,1,20260726T102553,2026-07-26T10:26:41.694234+00:00
C-fed90202,0.19899782930805307,0,20260726T102553,2026-07-26T10:26:41.694234+00:00
C-76640aa7,0.765409201969086,1,20260726T102553,2026-07-26T10:26:41.694234+00:00
C-36261fad,0.09418781987022044,0,20260726T102553,2026-07-26T10:26:41.694234+00:00
C-2c572afd,0.6700080187369238,1,20260726T102553,2026-07-26T10:26:41.694234+00:00
C-b8911408,0.485005247417325,0,20260726T102553,2026-07-26T10:26:41.694234+00:00
C-b114ce16,0.47890350872494514,0,20260726T102553,2026-07-26T10:26:41.694234+00:00
C-b85460ac,0.7350905684059779,1,20260726T102553,2026-07-26T10:26:41.694234+00:00
C-3ec204c3,0.6983620600499769,1,20260726T102553,2026-07-26T10:26:41.694234+00:00
C-910772f1,0.759851744194737,1,20260726T102553,2026-07-26T10:26:41.694234+00:00
C-b5dc114b,0.3890090189754922,0,20260726T102553,2026-07-26T10:26:41.694234+00:00
C-8adf4ec5,0.36210588007182803,0,20260726T102553,2026-07-26T10:26:41.694234+00:00
C-13efd2ab,0.4654466857449653,0,20260726T102553,2026-07-26T10:26:41.694234+00:00
C-6215dc57,0.5621124049687458,1,20260726T102553,2026-07-26T10:26:41.694234+00:00
C-99a82688,0.9084081513510399,1,20260726T102553,2026-07-26T10:26:41.694234+00:00
C-48b238d5,0.15125096984293016,0,20260726T102553,2026-07-26T10:26:41.694234+00:00
C-ce686013,0.051834743046859054,0,20260726T102553,2026-07-26T10:26:41.694234+00:00
C-648a075f,0.7169586169479124,1,20260726T102553,2026-07-26T10:26:41.694234+00:00
C-0eb3c48a,0.07064679475702759,0,20260726T102553,2026-07-26T10:26:41.694234+00:00
C-4a368c5c,0.8564920720816814,1,20260726T102553,2026-07-26T10:26:41.694234+00:00
C-e1d03640,0.028097872739342424,0,20260726T102553,2026-07-26T10:26:41.694234+00:00
C-833a3ae3,0.8646900634392083,1,20260726T102553,2026-07-26T10:26:41.694234+00:00
C-aaed8e23,0.03041321652534604,0,20260726T102553,2026-07-26T10:26:41.694234+00:00
C-4b000074,0.3492621507071161,0,20260726T102553,2026-07-26T10:26:41.694234+00:00
C-181f70e1,0.7320094370478882,1,20260726T102553,2026-07-26T10:26:41.694234+00:00
C-dff4ba0b,0.454975778775167,0,20260726T102553,2026-07-26T10:26:41.694234+00:00
C-9806d67c,0.38543506139324035,0,20260726T102553,2026-07-26T10:26:41.694234+00:00
C-c97a4f1c,0.09900257788243837,0,20260726T102553,2026-07-26T10:26:41.694234+00:00
C-521a18a2,0.8144872340874025,1,20260726T102553,2026-07-26T10:26:41.694234+00:00
C-ca2dde7f,0.375243342876969,0,20260726T102553,2026-07-26T10:26:41.694234+00:00
C-7865e768,0.6957503356130897,1,20260726T102553,2026-07-26T10:26:41.694234+00:00
C-4c41e2e4,0.02638792475266285,0,20260726T102553,2026-07-26T10:26:41.694234+00:00
C-8711c01f,0.03471520549786937,0,20260726T102553,2026-07-26T10:26:41.694234+00:00
C-ef62d335,0.299420045213769,0,20260726T102553,2026-07-26T10:26:41.694234+00:00
C-a3dfeed9,0.14543748133175588,0,20260726T102553,2026-07-26T10:26:41.694234+00:00
C-3ee19768,0.7717087427346491,1,20260726T102553,2026-07-26T10:26:41.694234+00:00
C-1af5d224,0.027322848828305102,0,20260726T102553,2026-07-26T10:26:41.694234+00:00
C-97aeb0f9,0.5960289273603532,1,20260726T102553,2026-07-26T10:26:41.694234+00:00
C-6c8cbca8,0.3051821867992478,0,20260726T102553,2026-07-26T10:26:41.694234+00:00
C-34ad13d2,0.39498762164920026,0,20260726T102553,2026-07-26T10:26:41.694234+00:00
C-3b18f191,0.5036112497954632,1,20260726T102553,2026-07-26T10:26:41.694234+00:00
C-92e016c4,0.23910828218634808,0,20260726T102553,2026-07-26T10:26:41.694234+00:00
C-7709dcb7,0.4101992327800219,0,20260726T102553,2026-07-26T10:26:41.694234+00:00
C-66874f37,0.3769324108061083,0,20260726T102553,2026-07-26T10:26:41.694234+00:00
C-3238397c,0.05160968177255484,0,20260726T102553,2026-07-26T10:26:41.694234+00:00
C-0e1e08d4,0.6451824072477014,1,20260726T102553,2026-07-26T10:26:41.694234+00:00
C-708467c1,0.619880231236476,1,20260726T102553,2026-07-26T10:26:41.694234+00:00
C-20c8d1f2,0.09450127952883626,0,20260726T102553,2026-07-26T10:26:41.694234+00:00
C-26f3f3a0,0.39283790493935833,0,20260726T102553,2026-07-26T10:26:41.694234+00:00
C-c15adb1e,0.7490788940213995,1,20260726T102553,2026-07-26T10:26:41.694234+00:00
C-9c687df1,0.6136564155268247,1,20260726T102553,2026-07-26T10:26:41.694234+00:00
C-ecabbc0c,0.36413147470322377,0,20260726T102553,2026-07-26T10:26:41.694234+00:00
C-f7ae1cbd,0.7118897313255147,1,20260726T102553,2026-07-26T10:26:41.694234+00:00
C-5736b305,0.3840247194184471,0,20260726T102553,2026-07-26T10:26:41.694234+00:00
C-74d116e0,0.4242667705741625,0,20260726T102553,2026-07-26T10:26:41.694234+00:00
C-e4d9aa29,0.17811331282777734,0,20260726T102553,2026-07-26T10:26:41.694234+00:00
C-9cb7dada,0.1543455259177063,0,20260726T102553,2026-07-26T10:26:41.694234+00:00
C-affd37f8,0.39456266187292827,0,20260726T102553,2026-07-26T10:26:41.694234+00:00
C-1eb9162f,0.30831038291355306,0,20260726T102553,2026-07-26T10:26:41.694234+00:00
C-f8ecd6fe,0.7764950775117418,1,20260726T102553,2026-07-26T10:26:41.694234+00:00
C-12bb4c77,0.04802111645413099,0,20260726T102553,2026-07-26T10:26:41.694234+00:00
C-621b670d,0.6169575975265275,1,20260726T102553,2026-07-26T10:26:41.694234+00:00
C-48de8070,0.8797882808656478,1,20260726T102553,2026-07-26T10:26:41.694234+00:00
C-6cece90d,0.3892028284849671,0,20260726T102553,2026-07-26T10:26:41.694234+00:00
C-fc810bd1,0.35535668695207023,0,20260726T102553,2026-07-26T10:26:41.694234+00:00
C-d11497e9,0.7503965942391565,1,20260726T102553,2026-07-26T10:26:41.694234+00:00
C-4d695fc3,0.6085956060433633,1,20260726T102553,2026-07-26T10:26:41.694234+00:00
C-4cdec561,0.30378066421552374,0,20260726T102553,2026-07-26T10:26:41.694234+00:00
C-2c7cae03,0.2902998250141953,0,20260726T102553,2026-07-26T10:26:41.694234+00:00
C-a3e7559c,0.32609589158024294,0,20260726T102553,2026-07-26T10:26:41.694234+00:00
C-a3ef9832,0.6578758252627763,1,20260726T102553,2026-07-26T10:26:41.694234+00:00
C-dcc49467,0.7543580172992487,1,20260726T102553,2026-07-26T10:26:41.694234+00:00
C-66716425,0.7337331187347709,1,20260726T102553,2026-07-26T10:26:41.694234+00:00
C-06b403c9,0.027600335577018666,0,20260726T102553,2026-07-26T10:26:41.694234+00:00
C-7f04c193,0.7134959815062404,1,20260726T102553,2026-07-26T10:26:41.694234+00:00
C-34b5757b,0.8080370309537382,1,20260726T102553,2026-07-26T10:26:41.694234+00:00
C-78564b72,0.5557732502751656,1,20260726T102553,2026-07-26T10:26:41.694234+00:00
C-3e5a579d,0.6330378888276788,1,20260726T102553,2026-07-26T10:26:41.694234+00:00
C-75a5bb6d,0.029410314464775232,0,20260726T102553,2026-07-26T10:26:41.694234+00:00
C-cfe45baa,0.7877152643443323,1,20260726T102553,2026-07-26T10:26:41.694234+00:00
C-112f10b0,0.8896415712030986,1,20260726T102553,2026-07-26T10:26:41.694234+00:00
C-0500b83c,0.0986922065838675,0,20260726T102553,2026-07-26T10:26:41.694234+00:00
C-da71b1cb,0.2692516583220625,0,20260726T102553,2026-07-26T10:26:41.694234+00:00
C-ac71b36c,0.06576607655020274,0,20260726T102553,2026-07-26T10:26:41.694234+00:00
C-24c2490b,0.5197824387277977,1,20260726T102553,2026-07-26T10:26:41.694234+00:00
C-5853a1b0,0.09356290607482291,0,20260726T102553,2026-07-26T10:26:41.694234+00:00
C-85e90c88,0.6888854739219784,1,20260726T102553,2026-07-26T10:26:41.694234+00:00
C-b8299130,0.4286489727337269,0,20260726T102553,2026-07-26T10:26:41.694234+00:00
C-5a8a89fb,0.5792254548343689,1,20260726T102553,2026-07-26T10:26:41.694234+00:00
C-19a5569a,0.10243331289825397,0,20260726T102553,2026-07-26T10:26:41.694234+00:00
C-8a2f0185,0.39480698807372816,0,20260726T102553,2026-07-26T10:26:41.694234+00:00
C-9e9682cd,0.2495634145180994,0,20260726T102553,2026-07-26T10:26:41.694234+00:00
C-c127be9d,0.5541169153372042,1,20260726T102553,2026-07-26T10:26:41.694234+00:00
C-3b3f2ce2,0.7466971948448227,1,20260726T102553,2026-07-26T10:26:41.694234+00:00
C-1743107e,0.5060205021411947,1,20260726T102553,2026-07-26T10:26:41.694234+00:00
C-fee267b3,0.5377773167032637,1,20260726T102553,2026-07-26T10:26:41.694234+00:00
C-3794e5ac,0.15293606154445427,0,20260726T102553,2026-07-26T10:26:41.694234+00:00
C-d0b7c7a2,0.2869914760984167,0,20260726T102553,2026-07-26T10:26:41.694234+00:00
C-4869a0c1,0.2703705056708936,0,20260726T102553,2026-07-26T10:26:41.694234+00:00
C-50a163c3,0.0338756658657456,0,20260726T102553,2026-07-26T10:26:41.694234+00:00
C-139dd867,0.8763183329316205,1,20260726T102553,2026-07-26T10:26:41.694234+00:00
C-abeb1113,0.20920623660552196,0,20260726T102553,2026-07-26T10:26:41.694234+00:00
C-f8dd62fc,0.5438659839926393,1,20260726T102553,2026-07-26T10:26:41.694234+00:00
C-b510d982,0.7052872393585076,1,20260726T102553,2026-07-26T10:26:41.694234+00:00
C-874aedc3,0.06664121644937067,0,20260726T102553,2026-07-26T10:26:41.694234+00:00
C-86282f58,0.6777156016961753,1,20260726T102553,2026-07-26T10:26:41.694234+00:00
C-f0453ab5,0.764006545952555,1,20260726T102553,2026-07-26T10:26:41.694234+00:00
C-5dcc1cc5,0.8230647640693178,1,20260726T102553,2026-07-26T10:26:41.694234+00:00
C-3707b1d1,0.6427199351327804,1,20260726T102553,2026-07-26T10:26:41.694234+00:00
C-285a291d,0.3473316446870354,0,20260726T102553,2026-07-26T10:26:41.694234+00:00
C-8f5dce78,0.06023502871594452,0,20260726T102553,2026-07-26T10:26:41.694234+00:00
C-14459e5b,0.7994983146563933,1,20260726T102553,2026-07-26T10:26:41.694234+00:00
C-7bc5b59d,0.046018874520168576,0,20260726T102553,2026-07-26T10:26:41.694234+00:00
C-3e58bfd6,0.7033627340701468,1,20260726T102553,2026-07-26T10:26:41.694234+00:00
C-2b878115,0.6287506052882605,1,20260726T102553,2026-07-26T10:26:41.694234+00:00
C-1211a789,0.8657386933003366,1,20260726T102553,2026-07-26T10:26:41.694234+00:00
C-55eca795,0.3473554164283899,0,20260726T102553,2026-07-26T10:26:41.694234+00:00
C-ccfd9371,0.0648445239380595,0,20260726T102553,2026-07-26T10:26:41.694234+00:00
C-35045e21,0.10371310873736338,0,20260726T102553,2026-07-26T10:26:41.694234+00:00
C-a89bbc9f,0.909301402544165,1,20260726T102553,2026-07-26T10:26:41.694234+00:00
C-2c30fdb9,0.4094738699976218,0,20260726T102553,2026-07-26T10:26:41.694234+00:00
C-8fd502eb,0.36668131849466207,0,20260726T102553,2026-07-26T10:26:41.694234+00:00
C-0476d508,0.11020419497178165,0,20260726T102553,2026-07-26T10:26:41.694234+00:00
C-e81a3949,0.4782264419312178,0,20260726T102553,2026-07-26T10:26:41.694234+00:00
C-26a79964,0.2913779598764691,0,20260726T102553,2026-07-26T10:26:41.694234+00:00
C-2715a232,0.15347943691199278,0,20260726T102553,2026-07-26T10:26:41.694234+00:00
C-ac12fa4e,0.11506404474057277,0,20260726T102553,2026-07-26T10:26:41.694234+00:00
C-38506534,0.37177082029684194,0,20260726T102553,2026-07-26T10:26:41.694234+00:00
C-89e32417,0.3124872077781851,0,20260726T102553,2026-07-26T10:26:41.694234+00:00
C-cbb0f654,0.8242292517421742,1,20260726T102553,2026-07-26T10:26:41.694234+00:00
C-82e18a1e,0.03995657668612556,0,20260726T102553,2026-07-26T10:26:41.694234+00:00
C-8f66bb32,0.7595197463794056,1,20260726T102553,2026-07-26T10:26:41.694234+00:00
C-5711c2ba,0.024325612193696486,0,20260726T102553,2026-07-26T10:26:41.694234+00:00
C-d1d7387d,0.2707799029326847,0,20260726T102553,2026-07-26T10:26:41.694234+00:00
C-d51f21a5,0.8930318388003714,1,20260726T102553,2026-07-26T10:26:41.694234+00:00
C-3212d2a3,0.3294337699535585,0,20260726T102553,2026-07-26T10:26:41.694234+00:00
C-ad4281e4,0.6958355409604421,1,20260726T102553,2026-07-26T10:26:41.694234+00:00
C-936573fc,0.7745140228497599,1,20260726T102553,2026-07-26T10:26:41.694234+00:00
C-5436ac5b,0.6918474218305045,1,20260726T102553,2026-07-26T10:26:41.694234+00:00
C-5616f0f8,0.6968218481645845,1,20260726T102553,2026-07-26T10:26:41.694234+00:00
C-4dd2afcb,0.32224801162850397,0,20260726T102553,2026-07-26T10:26:41.694234+00:00
C-e2bd451f,0.029555427771647807,0,20260726T102553,2026-07-26T10:26:41.694234+00:00
C-02f80881,0.3134662483641661,0,20260726T102553,2026-07-26T10:26:41.694234+00:00
C-3948cf8a,0.12274330021815726,0,20260726T102553,2026-07-26T10:26:41.694234+00:00
C-8e96b574,0.40940653972014285,0,20260726T102553,2026-07-26T10:26:41.694234+00:00
C-6a2b376d,0.7897274665950526,1,20260726T102553,2026-07-26T10:26:41.694234+00:00
C-c2416ed1,0.12097902894790222,0,20260726T102553,2026-07-26T10:26:41.694234+00:00
C-d3dbe9a2,0.31830911222348,0,20260726T102553,2026-07-26T10:26:41.694234+00:00
C-966a1c6a,0.91621879004411,1,20260726T102553,2026-07-26T10:26:41.694234+00:00
C-a4cbc3a0,0.6853894896431263,1,20260726T102553,2026-07-26T10:26:41.694234+00:00
C-f1f4fa8a,0.6017030301417248,1,20260726T102553,2026-07-26T10:26:41.694234+00:00
C-f3b4ae90,0.6467854262797322,1,20260726T102553,2026-07-26T10:26:41.694234+00:00
C-1ed57989,0.13796463893995833,0,20260726T102553,2026-07-26T10:26:41.694234+00:00
C-0d8f616e,0.6468939842283873,1,20260726T102553,2026-07-26T10:26:41.694234+00:00
C-b08d8b2f,0.04071762755877863,0,20260726T102553,2026-07-26T10:26:41.694234+00:00
C-ae7130d2,0.11473341544927289,0,20260726T102553,2026-07-26T10:26:41.694234+00:00
C-42c176f4,0.02453607705154473,0,20260726T102553,2026-07-26T10:26:41.694234+00:00
C-f8e14d95,0.865598422672785,1,20260726T102553,2026-07-26T10:26:41.694234+00:00
C-a4e9bb42,0.3888990623299845,0,20260726T102553,2026-07-26T10:26:41.694234+00:00
C-e04c860b,0.7678904263360076,1,20260726T102553,2026-07-26T10:26:41.694234+00:00
C-d9b87176,0.5821714515990762,1,20260726T102553,2026-07-26T10:26:41.694234+00:00
C-71a368ac,0.19977646146240693,0,20260726T102553,2026-07-26T10:26:41.694234+00:00
C-a85d1723,0.8130225172405352,1,20260726T102553,2026-07-26T10:26:41.694234+00:00
C-33c56846,0.28198570294612574,0,20260726T102553,2026-07-26T10:26:41.694234+00:00
C-a4ea58f9,0.7571658268389402,1,20260726T102553,2026-07-26T10:26:41.694234+00:00
C-57acb1c3,0.02363215735131787,0,20260726T102553,2026-07-26T10:26:41.694234+00:00
C-7ed37363,0.6609348679327277,1,20260726T102553,2026-07-26T10:26:41.694234+00:00
C-750fdea9,0.6139939646175538,1,20260726T102553,2026-07-26T10:26:41.694234+00:00
C-fdc4d6f2,0.8865838436947963,1,20260726T102553,2026-07-26T10:26:41.694234+00:00
C-c4e468c5,0.5012420886558954,1,20260726T102553,2026-07-26T10:26:41.694234+00:00
C-3c6d9def,0.07917824692240678,0,20260726T102553,2026-07-26T10:26:41.694234+00:00
C-0c27fc98,0.5380863424747124,1,20260726T102553,2026-07-26T10:26:41.694234+00:00
C-21a1ed4f,0.3165040975617553,0,20260726T102553,2026-07-26T10:26:41.694234+00:00
C-9e9c346a,0.40926802388871053,0,20260726T102553,2026-07-26T10:26:41.694234+00:00
C-7f5525b9,0.4663043027522075,0,20260726T102553,2026-07-26T10:26:41.694234+00:00
C-1567cf70,0.6319598197512898,1,20260726T102553,2026-07-26T10:26:41.694234+00:00
C-f7621ecd,0.023427987337542346,0,20260726T102553,2026-07-26T10:26:41.694234+00:00
C-ebcf02d8,0.06876494104131703,0,20260726T102553,2026-07-26T10:26:41.694234+00:00
C-138f8e1f,0.7407636602966023,1,20260726T102553,2026-07-26T10:26:41.694234+00:00
C-f8632cee,0.6995180876968736,1,20260726T102553,2026-07-26T10:26:41.694234+00:00
C-0e5cd097,0.6189996431637139,1,20260726T102553,2026-07-26T10:26:41.694234+00:00
C-b6ae04de,0.294127716663046,0,20260726T102553,2026-07-26T10:26:41.694234+00:00
C-4f30b165,0.864133820211917,1,20260726T102553,2026-07-26T10:26:41.694234+00:00
C-f217d63b,0.7550649389837691,1,20260726T102553,2026-07-26T10:26:41.694234+00:00
C-83cc0ab1,0.8536582326890886,1,20260726T102553,2026-07-26T10:26:41.694234+00:00
C-64d5e8dd,0.4378049059115351,0,20260726T102553,2026-07-26T10:26:41.694234+00:00
C-9a79cae5,0.10321373447636006,0,20260726T102553,2026-07-26T10:26:41.694234+00:00
C-284d5c51,0.36486133460185904,0,20260726T102553,2026-07-26T10:26:41.694234+00:00
C-29273fe2,0.7151963685462288,1,20260726T102553,2026-07-26T10:26:41.694234+00:00
C-fd4d7474,0.6194270147421812,1,20260726T102553,2026-07-26T10:26:41.694234+00:00
C-326419c6,0.6435502995900017,1,20260726T102553,2026-07-26T10:26:41.694234+00:00
C-3c9355d8,0.497053357309728,0,20260726T102553,2026-07-26T10:26:41.694234+00:00
C-70e32224,0.12797589833792836,0,20260726T102553,2026-07-26T10:26:41.694234+00:00
C-585ce0f7,0.19441682396375995,0,20260726T102553,2026-07-26T10:26:41.694234+00:00
C-76ab1843,0.3007145652962397,0,20260726T102553,2026-07-26T10:26:41.694234+00:00
C-560d7926,0.7930196055887782,1,20260726T102553,2026-07-26T10:26:41.694234+00:00
C-75779ccc,0.1410538059763851,0,20260726T102553,2026-07-26T10:26:41.694234+00:00
C-6dbb5363,0.38033057192126213,0,20260726T102553,2026-07-26T10:26:41.694234+00:00
C-d9556cc4,0.8395272803621047,1,20260726T102553,2026-07-26T10:26:41.694234+00:00
C-6c6059f6,0.02794996253731446,0,20260726T102553,2026-07-26T10:26:41.694234+00:00
C-65b1eba5,0.4531302397272156,0,20260726T102553,2026-07-26T10:26:41.694234+00:00
C-5b5ff7b5,0.38674866406022096,0,20260726T102553,2026-07-26T10:26:41.694234+00:00
C-1e4493ca,0.11506600989039717,0,20260726T102553,2026-07-26T10:26:41.694234+00:00
C-b4e87097,0.8268486118197442,1,20260726T102553,2026-07-26T10:26:41.694234+00:00
C-59ac6600,0.11960214133661821,0,20260726T102553,2026-07-26T10:26:41.694234+00:00
C-ad0c7bff,0.726465916142208,1,20260726T102553,2026-07-26T10:26:41.694234+00:00
C-3b3aebcd,0.5120488913098709,1,20260726T102553,2026-07-26T10:26:41.694234+00:00
C-b5a135f8,0.1737106836604297,0,20260726T102553,2026-07-26T10:26:41.694234+00:00
C-ea8eecf1,0.049861246684680484,0,20260726T102553,2026-07-26T10:26:41.694234+00:00
C-4067eec6,0.7283101258835388,1,20260726T102553,2026-07-26T10:26:41.694234+00:00
C-8fe4a4f6,0.8477396837466055,1,20260726T102553,2026-07-26T10:26:41.694234+00:00
C-7a5a8cbb,0.5726647646770519,1,20260726T102553,2026-07-26T10:26:41.694234+00:00
C-e4339d3d,0.30891096271579904,0,20260726T102553,2026-07-26T10:26:41.694234+00:00
C-46ee4672,0.4074058574426026,0,20260726T102553,2026-07-26T10:26:41.694234+00:00
C-975fd5c6,0.10840901486071021,0,20260726T102553,2026-07-26T10:26:41.694234+00:00
C-2d2f6f78,0.239643336567944,0,20260726T102553,2026-07-26T10:26:41.694234+00:00
C-45c112be,0.10046380738332279,0,20260726T102553,2026-07-26T10:26:41.694234+00:00
C-3200e44c,0.8780070496098837,1,20260726T102553,2026-07-26T10:26:41.694234+00:00
C-566c9108,0.8772038790839617,1,20260726T102553,2026-07-26T10:26:41.694234+00:00
C-f5a63503,0.19874399307740537,0,20260726T102553,2026-07-26T10:26:41.694234+00:00
C-39b4e6ea,0.039357575371961995,0,20260726T102553,2026-07-26T10:26:41.694234+00:00
C-db5b1484,0.02869769116616391,0,20260726T102553,2026-07-26T10:26:41.694234+00:00
C-85989109,0.6921153150107806,1,20260726T102553,2026-07-26T10:26:41.694234+00:00
C-979b4a71,0.7120373829976189,1,20260726T102553,2026-07-26T10:26:41.694234+00:00
C-aa76560b,0.11605658661018516,0,20260726T102553,2026-07-26T10:26:41.694234+00:00
C-8a2cb426,0.7434994212481232,1,20260726T102553,2026-07-26T10:26:41.694234+00:00
C-e2b228dd,0.724772725305653,1,20260726T102553,2026-07-26T10:26:41.694234+00:00
C-c8568599,0.6895963801434535,1,20260726T102553,2026-07-26T10:26:41.694234+00:00
C-73a2a345,0.41606073890768297,0,20260726T102553,2026-07-26T10:26:41.694234+00:00
C-eebb438f,0.8095870743782804,1,20260726T102553,2026-07-26T10:26:41.694234+00:00
C-f36d1e24,0.7133912164440614,1,20260726T102553,2026-07-26T10:26:41.694234+00:00
C-1a156642,0.6527782246386975,1,20260726T102553,2026-07-26T10:26:41.694234+00:00
C-8bc27566,0.649466779901306,1,20260726T102553,2026-07-26T10:26:41.694234+00:00
C-99573e2d,0.05773873057985799,0,20260726T102553,2026-07-26T10:26:41.694234+00:00
C-6ac1ab92,0.5292119837301319,1,20260726T102553,2026-07-26T10:26:41.694234+00:00
C-faff8098,0.6483886102018731,1,20260726T102553,2026-07-26T10:26:41.694234+00:00
C-74fa5117,0.09347823136632415,0,20260726T102553,2026-07-26T10:26:41.694234+00:00
C-bd96b631,0.08635085062451406,0,20260726T102553,2026-07-26T10:26:41.694234+00:00
C-20ae7437,0.03094380737541424,0,20260726T102553,2026-07-26T10:26:41.694234+00:00
C-960dc4a9,0.9037490990801659,1,20260726T102553,2026-07-26T10:26:41.694234+00:00
C-63b98dc0,0.6741515628234099,1,20260726T102553,2026-07-26T10:26:41.694234+00:00
C-10eac4cc,0.09614873844584047,0,20260726T102553,2026-07-26T10:26:41.694234+00:00
C-20fbc30b,0.15581269152127528,0,20260726T102553,2026-07-26T10:26:41.694234+00:00
C-2eef4064,0.8672950361926665,1,20260726T102553,2026-07-26T10:26:41.694234+00:00
C-c18cf7ba,0.7683810889266105,1,20260726T102553,2026-07-26T10:26:41.694234+00:00
C-a7c027b8,0.04862788496415362,0,20260726T102553,2026-07-26T10:26:41.694234+00:00
C-1a49e37e,0.07673508059883001,0,20260726T102553,2026-07-26T10:26:41.694234+00:00
C-39954e99,0.7496079179525184,1,20260726T102553,2026-07-26T10:26:41.694234+00:00
C-73b0ea42,0.11941605635347098,0,20260726T102553,2026-07-26T10:26:41.694234+00:00
C-56e7cee2,0.026518626947819004,0,20260726T102553,2026-07-26T10:26:41.694234+00:00
C-940b8e92,0.1848964741075277,0,20260726T102553,2026-07-26T10:26:41.694234+00:00
C-e252dae5,0.5794606105817937,1,20260726T102553,2026-07-26T10:26:41.694234+00:00
C-56b73cdc,0.48981461177913743,0,20260726T102553,2026-07-26T10:26:41.694234+00:00
C-c189c747,0.2849061469347174,0,20260726T102553,2026-07-26T10:26:41.694234+00:00
C-5ec0ab4f,0.7142205745776404,1,20260726T102553,2026-07-26T10:26:41.694234+00:00
C-4fbbea05,0.7856702123539864,1,20260726T102553,2026-07-26T10:26:41.694234+00:00
C-4df2e19e,0.7929327500108417,1,20260726T102553,2026-07-26T10:26:41.694234+00:00
C-731ed03c,0.4186860451167391,0,20260726T102553,2026-07-26T10:26:41.694234+00:00
C-187e74fd,0.029111977826754423,0,20260726T102553,2026-07-26T10:26:41.694234+00:00
C-5c4220a0,0.49216859421967135,0,20260726T102553,2026-07-26T10:26:41.694234+00:00
C-c24205e3,0.7300751059627385,1,20260726T102553,2026-07-26T10:26:41.694234+00:00
C-1299eee0,0.02949132856800049,0,20260726T102553,2026-07-26T10:26:41.694234+00:00
C-14599978,0.11664764306267775,0,20260726T102553,2026-07-26T10:26:41.694234+00:00
C-795caabf,0.38703214678135406,0,20260726T102553,2026-07-26T10:26:41.694234+00:00
C-4c2fc43a,0.22619547189872055,0,20260726T102553,2026-07-26T10:26:41.694234+00:00
C-5f9fd7c5,0.8878669818633946,1,20260726T102553,2026-07-26T10:26:41.694234+00:00
C-268e757b,0.5837669021337573,1,20260726T102553,2026-07-26T10:26:41.694234+00:00
C-3ef62761,0.11364481538501985,0,20260726T102553,2026-07-26T10:26:41.694234+00:00
C-0359207e,0.8239839654294003,1,20260726T102553,2026-07-26T10:26:41.694234+00:00
C-b0b28062,0.42494403854131774,0,20260726T102553,2026-07-26T10:26:41.694234+00:00
C-1305948b,0.7436981721259827,1,20260726T102553,2026-07-26T10:26:41.694234+00:00
C-5ff6b765,0.4581178742745024,0,20260726T102553,2026-07-26T10:26:41.694234+00:00
C-757de409,0.5434465766110552,1,20260726T102553,2026-07-26T10:26:41.694234+00:00
C-1c01a9f3,0.7255374333850173,1,20260726T102553,2026-07-26T10:26:41.694234+00:00
C-c4434796,0.07310547440597295,0,20260726T102553,2026-07-26T10:26:41.694234+00:00
C-8586a204,0.13785261775716054,0,20260726T102553,2026-07-26T10:26:41.694234+00:00
C-45dd9394,0.19505953603714563,0,20260726T102553,2026-07-26T10:26:41.694234+00:00
C-76f19330,0.03623859143472271,0,20260726T102553,2026-07-26T10:26:41.694234+00:00
C-ef24b68e,0.8616124768996428,1,20260726T102553,2026-07-26T10:26:41.694234+00:00
C-d4471fe1,0.39517037312838355,0,20260726T102553,2026-07-26T10:26:41.694234+00:00
C-b84546b3,0.47023598208033407,0,20260726T102553,2026-07-26T10:26:41.694234+00:00
C-bfde2fbb,0.0541939792689442,0,20260726T102553,2026-07-26T10:26:41.694234+00:00
C-1b13ffe3,0.7980765944088786,1,20260726T102553,2026-07-26T10:26:41.694234+00:00
C-78a7422b,0.09960805077419241,0,20260726T102553,2026-07-26T10:26:41.694234+00:00
C-af3aa20e,0.19122758321591204,0,20260726T102553,2026-07-26T10:26:41.694234+00:00
C-1d1c114e,0.44805147850883353,0,20260726T102553,2026-07-26T10:26:41.694234+00:00
C-92dba5da,0.6413687318599476,1,20260726T102553,2026-07-26T10:26:41.694234+00:00
C-23938647,0.20687518331416932,0,20260726T102553,2026-07-26T10:26:41.694234+00:00
C-a34343f6,0.2720779307778628,0,20260726T102553,2026-07-26T10:26:41.694234+00:00
C-a07f7f77,0.030715507255697966,0,20260726T102553,2026-07-26T10:26:41.694234+00:00
C-88868769,0.19420288503803307,0,20260726T102553,2026-07-26T10:26:41.694234+00:00
C-83dfb1a5,0.4896027168235863,0,20260726T102553,2026-07-26T10:26:41.694234+00:00
C-1e30e32c,0.15952663032022407,0,20260726T102553,2026-07-26T10:26:41.694234+00:00
C-1e3a3be2,0.6844740076015096,1,20260726T102553,2026-07-26T10:26:41.694234+00:00
C-2daf1aa7,0.914183797995041,1,20260726T102553,2026-07-26T10:26:41.694234+00:00
C-c0d96f88,0.14166698767868835,0,20260726T102553,2026-07-26T10:26:41.694234+00:00
C-0cc9b358,0.16399697325529045,0,20260726T102553,2026-07-26T10:26:41.694234+00:00
C-83ce302f,0.7789064044580035,1,20260726T102553,2026-07-26T10:26:41.694234+00:00
C-8eb50fc0,0.7359733662009614,1,20260726T102553,2026-07-26T10:26:41.694234+00:00
C-f25ba37d,0.5086601537609442,1,20260726T102553,2026-07-26T10:26:41.694234+00:00
C-aec0150b,0.7107936015389812,1,20260726T102553,2026-07-26T10:26:41.694234+00:00
C-f91c6707,0.315640696056412,0,20260726T102553,2026-07-26T10:26:41.694234+00:00
C-1e966cce,0.15959307757632593,0,20260726T102553,2026-07-26T10:26:41.694234+00:00
C-829a9334,0.6156542824692105,1,20260726T102553,2026-07-26T10:26:41.694234+00:00
C-99c59ec5,0.46601271715177695,0,20260726T102553,2026-07-26T10:26:41.694234+00:00
C-b3497931,0.3195164923369062,0,20260726T102553,2026-07-26T10:26:41.694234+00:00
C-0f360c2d,0.779757923807728,1,20260726T102553,2026-07-26T10:26:41.694234+00:00
C-b7896f6f,0.4338548266113565,0,20260726T102553,2026-07-26T10:26:41.694234+00:00
C-55691e96,0.3676048719528464,0,20260726T102553,2026-07-26T10:26:41.694234+00:00
C-8b460af4,0.6510564404394442,1,20260726T102553,2026-07-26T10:26:41.694234+00:00
C-3c107fcd,0.7866365859155365,1,20260726T102553,2026-07-26T10:26:41.694234+00:00
C-1cae6920,0.18765089070085147,0,20260726T102553,2026-07-26T10:26:41.694234+00:00
C-44532bc7,0.24468329902207447,0,20260726T102553,2026-07-26T10:26:41.694234+00:00
C-5fe845b8,0.20499851649868842,0,20260726T102553,2026-07-26T10:26:41.694234+00:00
C-489195d6,0.06747971747526844,0,20260726T102553,2026-07-26T10:26:41.694234+00:00
C-1e702ef8,0.1733225462942958,0,20260726T102553,2026-07-26T10:26:41.694234+00:00
C-221d103a,0.13193652435928227,0,20260726T102553,2026-07-26T10:26:41.694234+00:00
C-eba9e4c4,0.5512963030235569,1,20260726T102553,2026-07-26T10:26:41.694234+00:00
C-53ac2175,0.1699583448794278,0,20260726T102553,2026-07-26T10:26:41.694234+00:00
C-8a496e00,0.06286938646579973,0,20260726T102553,2026-07-26T10:26:41.694234+00:00
C-74d2d6e0,0.133272803999374,0,20260726T102553,2026-07-26T10:26:41.694234+00:00
C-72a04d39,0.7551048923422559,1,20260726T102553,2026-07-26T10:26:41.694234+00:00
C-44def0d2,0.20333582252202967,0,20260726T102553,2026-07-26T10:26:41.694234+00:00
C-aa96ff1c,0.1219379060810572,0,20260726T102553,2026-07-26T10:26:41.694234+00:00
C-8666a254,0.5392914453313398,1,20260726T102553,2026-07-26T10:26:41.694234+00:00
C-07df97b5,0.038609701006560054,0,20260726T102553,2026-07-26T10:26:41.694234+00:00
C-dcc61175,0.020128898337406363,0,20260726T102553,2026-07-26T10:26:41.694234+00:00
C-755160ed,0.2151286796741925,0,20260726T102553,2026-07-26T10:26:41.694234+00:00
C-2e839870,0.07056036374123484,0,20260726T102553,2026-07-26T10:26:41.694234+00:00
C-123a4512,0.12404730943972378,0,20260726T102553,2026-07-26T10:26:41.694234+00:00
C-0395b1aa,0.8709149497393441,1,20260726T102553,2026-07-26T10:26:41.694234+00:00
C-ccf8c4a9,0.023567940024642266,0,20260726T102553,2026-07-26T10:26:41.694234+00:00
C-40b7b2bc,0.6431515361042293,1,20260726T102553,2026-07-26T10:26:41.694234+00:00
C-e099fdda,0.4479158095448799,0,20260726T102553,2026-07-26T10:26:41.694234+00:00
C-444339e0,0.5035689060310402,1,20260726T102553,2026-07-26T10:26:41.694234+00:00
C-fc4cd103,0.18858140816284133,0,20260726T102553,2026-07-26T10:26:41.694234+00:00
C-e151bae4,0.3978334698513171,0,20260726T102553,2026-07-26T10:26:41.694234+00:00
C-82c1f48d,0.0925129850198253,0,20260726T102553,2026-07-26T10:26:41.694234+00:00
C-02dd24d9,0.10361895913177219,0,20260726T102553,2026-07-26T10:26:41.694234+00:00
C-ab2600e8,0.8898347344560426,1,20260726T102553,2026-07-26T10:26:41.694234+00:00
C-d3db6372,0.021650711154586767,0,20260726T102553,2026-07-26T10:26:41.694234+00:00
C-aaa2458d,0.1549922322664236,0,20260726T102553,2026-07-26T10:26:41.694234+00:00
C-65406a7c,0.33883482320218933,0,20260726T102553,2026-07-26T10:26:41.694234+00:00
C-9905e2d8,0.024286226633024884,0,20260726T102553,2026-07-26T10:26:41.694234+00:00
C-605bcfe4,0.19343134478219948,0,20260726T102553,2026-07-26T10:26:41.694234+00:00
C-16bba497,0.3961849118904228,0,20260726T102553,2026-07-26T10:26:41.694234+00:00
C-ee1d4549,0.03311867454801016,0,20260726T102553,2026-07-26T10:26:41.694234+00:00
C-f4258e2f,0.42805578018694246,0,20260726T102553,2026-07-26T10:26:41.694234+00:00
C-e946c725,0.4619339474447432,0,20260726T102553,2026-07-26T10:26:41.694234+00:00
C-d4eaa9c5,0.7265728994442767,1,20260726T102553,2026-07-26T10:26:41.694234+00:00
C-d63a00b8,0.3133602516187963,0,20260726T102553,2026-07-26T10:26:41.694234+00:00
C-3f3c7ec2,0.394332649295345,0,20260726T102553,2026-07-26T10:26:41.694234+00:00
C-98c2a5b5,0.21331433183607515,0,20260726T102553,2026-07-26T10:26:41.694234+00:00
C-87bd827d,0.6324226499642032,1,20260726T102553,2026-07-26T10:26:41.694234+00:00
C-3e2b8f46,0.8509820472845443,1,20260726T102553,2026-07-26T10:26:41.694234+00:00
C-4b06307e,0.3144504282238907,0,20260726T102553,2026-07-26T10:26:41.694234+00:00
C-c343266b,0.39895988393976467,0,20260726T102553,2026-07-26T10:26:41.694234+00:00
C-bc25cb9b,0.3109317389972193,0,20260726T102553,2026-07-26T10:26:41.694234+00:00
C-ec84f97b,0.8684082663398808,1,20260726T102553,2026-07-26T10:26:41.694234+00:00
C-f6644c64,0.8316414826366939,1,20260726T102553,2026-07-26T10:26:41.694234+00:00
C-c9ce84b1,0.05667180609943947,0,20260726T102553,2026-07-26T10:26:41.694234+00:00
C-23fb3726,0.7102666406321442,1,20260726T102553,2026-07-26T10:26:41.694234+00:00
C-633dca9b,0.11152223727689659,0,20260726T102553,2026-07-26T10:26:41.694234+00:00
C-ba8949cd,0.15172329659997322,0,20260726T102553,2026-07-26T10:26:41.694234+00:00
C-03e3e9e5,0.04103617097695229,0,20260726T102553,2026-07-26T10:26:41.694234+00:00
C-0247a67a,0.100981935138555,0,20260726T102553,2026-07-26T10:26:41.694234+00:00
C-1ff07df1,0.5349052897216875,1,20260726T102553,2026-07-26T10:26:41.694234+00:00
C-3dcef28c,0.3491514797840847,0,20260726T102553,2026-07-26T10:26:41.694234+00:00
C-a2909922,0.3949676549371685,0,20260726T102553,2026-07-26T10:26:41.694234+00:00
C-c9fa1639,0.24840191234383313,0,20260726T102553,2026-07-26T10:26:41.694234+00:00
C-8a8bb558,0.3757270894258034,0,20260726T102553,2026-07-26T10:26:41.694234+00:00
C-e4e29802,0.8556436729407249,1,20260726T102553,2026-07-26T10:26:41.694234+00:00
C-f408efc6,0.5185237471895007,1,20260726T102553,2026-07-26T10:26:41.694234+00:00
C-e4590006,0.1836993567639718,0,20260726T102553,2026-07-26T10:26:41.694234+00:00
C-a5265700,0.4434558105520466,0,20260726T102553,2026-07-26T10:26:41.694234+00:00
C-c34edd3d,0.5188319493420009,1,20260726T102553,2026-07-26T10:26:41.694234+00:00
C-df9a2e42,0.9313785429880891,1,20260726T102553,2026-07-26T10:26:41.694234+00:00
C-ff01e806,0.7011170705211356,1,20260726T102553,2026-07-26T10:26:41.694234+00:00
C-ecfdabac,0.5990518164345542,1,20260726T102553,2026-07-26T10:26:41.694234+00:00
C-09ab9a1a,0.7687367061903455,1,20260726T102553,2026-07-26T10:26:41.694234+00:00
C-e8f62599,0.6534369543114058,1,20260726T102553,2026-07-26T10:26:41.694234+00:00
C-a2a6e7ec,0.38924814317416073,0,20260726T102553,2026-07-26T10:26:41.694234+00:00
C-a3c6c13d,0.5482338024754206,1,20260726T102553,2026-07-26T10:26:41.694234+00:00
C-303489f8,0.335261392636331,0,20260726T102553,2026-07-26T10:26:41.694234+00:00
C-1690aa77,0.500086520028045,1,20260726T102553,2026-07-26T10:26:41.694234+00:00
C-1750064f,0.7125979306752531,1,20260726T102553,2026-07-26T10:26:41.694234+00:00
C-821df62d,0.459201431570499,0,20260726T102553,2026-07-26T10:26:41.694234+00:00
C-c0454fe9,0.2875210228793535,0,20260726T102553,2026-07-26T10:26:41.694234+00:00
C-dc46a77e,0.6396103191970449,1,20260726T102553,2026-07-26T10:26:41.694234+00:00
C-d04bc404,0.6382221689156113,1,20260726T102553,2026-07-26T10:26:41.694234+00:00
C-11992976,0.4003886297838556,0,20260726T102553,2026-07-26T10:26:41.694234+00:00
C-f9116a9c,0.7543286629836679,1,20260726T102553,2026-07-26T10:26:41.694234+00:00
C-6792160d,0.8765233770029084,1,20260726T102553,2026-07-26T10:26:41.694234+00:00
C-8cdf5567,0.5111129486799432,1,20260726T102553,2026-07-26T10:26:41.694234+00:00
C-32368324,0.09082934304380083,0,20260726T102553,2026-07-26T10:26:41.694234+00:00
C-84f0a130,0.5732302622359853,1,20260726T102553,2026-07-26T10:26:41.694234+00:00
C-3bd9d8cc,0.5931500278654401,1,20260726T102553,2026-07-26T10:26:41.694234+00:00
C-f50cad57,0.3329857465624998,0,20260726T102553,2026-07-26T10:26:41.694234+00:00
C-08dccb1c,0.031278951785605226,0,20260726T102553,2026-07-26T10:26:41.694234+00:00
C-658409ab,0.3481261693852647,0,20260726T102553,2026-07-26T10:26:41.694234+00:00
C-021c615f,0.09531773957714675,0,20260726T102553,2026-07-26T10:26:41.694234+00:00
C-477a46b6,0.39573859083777374,0,20260726T102553,2026-07-26T10:26:41.694234+00:00
C-383b42df,0.6952304442090473,1,20260726T102553,2026-07-26T10:26:41.694234+00:00
C-beadfcf7,0.09504115600757893,0,20260726T102553,2026-07-26T10:26:41.694234+00:00
C-47505fb1,0.15728895485811276,0,20260726T102553,2026-07-26T10:26:41.694234+00:00
C-fd5b7c7c,0.7466371705342012,1,20260726T102553,2026-07-26T10:26:41.694234+00:00
C-a3b76df2,0.34246110525468754,0,20260726T102553,2026-07-26T10:26:41.694234+00:00
C-f74cf8ca,0.11872623622434345,0,20260726T102553,2026-07-26T10:26:41.694234+00:00
C-4e7441ed,0.08225496967572438,0,20260726T102553,2026-07-26T10:26:41.694234+00:00
C-4309004e,0.19118562349233945,0,20260726T102553,2026-07-26T10:26:41.694234+00:00
C-e9a9eaa8,0.3086457694991812,0,20260726T102553,2026-07-26T10:26:41.694234+00:00
C-a7e1d725,0.24731406508783338,0,20260726T102553,2026-07-26T10:26:41.694234+00:00
C-96cae3b1,0.6956764159920166,1,20260726T102553,2026-07-26T10:26:41.694234+00:00
C-635f70e0,0.024189237108702584,0,20260726T102553,2026-07-26T10:26:41.694234+00:00
C-6d586e0f,0.581179764209329,1,20260726T102553,2026-07-26T10:26:41.694234+00:00
C-178e7059,0.08203348362678112,0,20260726T102553,2026-07-26T10:26:41.694234+00:00
C-ed3b2b2c,0.7392464265957162,1,20260726T102553,2026-07-26T10:26:41.694234+00:00
C-acce4a61,0.0530126219166143,0,20260726T102553,2026-07-26T10:26:41.694234+00:00
C-a074f7cc,0.8153752072808251,1,20260726T102553,2026-07-26T10:26:41.694234+00:00
C-32818ca1,0.1518290020094344,0,20260726T102553,2026-07-26T10:26:41.694234+00:00
C-a4e4340b,0.6230011724101191,1,20260726T102553,2026-07-26T10:26:41.694234+00:00
C-b9918545,0.7790645781976007,1,20260726T102553,2026-07-26T10:26:41.694234+00:00
C-a0fa9547,0.5572256707981643,1,20260726T102553,2026-07-26T10:26:41.694234+00:00
C-602ecc66,0.6010953656249202,1,20260726T102553,2026-07-26T10:26:41.694234+00:00
C-513b71bd,0.4421572061831057,0,20260726T102553,2026-07-26T10:26:41.694234+00:00
C-708a3c35,0.4119185859526661,0,20260726T102553,2026-07-26T10:26:41.694234+00:00
C-f5d95abc,0.39454347988098926,0,20260726T102553,2026-07-26T10:26:41.694234+00:00
C-35f7a3a8,0.8026218918278605,1,20260726T102553,2026-07-26T10:26:41.694234+00:00
C-50419aad,0.6968594502087556,1,20260726T102553,2026-07-26T10:26:41.694234+00:00
C-cacfe8c7,0.41433252657903796,0,20260726T102553,2026-07-26T10:26:41.694234+00:00
C-ea3a23e6,0.17045374562503837,0,20260726T102553,2026-07-26T10:26:41.694234+00:00
C-be1d06eb,0.709114165629695,1,20260726T102553,2026-07-26T10:26:41.694234+00:00
C-a40a14a0,0.779193679738177,1,20260726T102553,2026-07-26T10:26:41.694234+00:00
C-6b27f190,0.9163790328069997,1,20260726T102553,2026-07-26T10:26:41.694234+00:00
C-bd008e09,0.43824292131205533,0,20260726T102553,2026-07-26T10:26:41.694234+00:00
C-08a414f1,0.6491746452306029,1,20260726T102553,2026-07-26T10:26:41.694234+00:00
C-a559da74,0.34617899198789454,0,20260726T102553,2026-07-26T10:26:41.694234+00:00
C-9aaf2100,0.28930271833388704,0,20260726T102553,2026-07-26T10:26:41.694234+00:00
C-0e0731e6,0.1305706270784433,0,20260726T102553,2026-07-26T10:26:41.694234+00:00
C-733c8120,0.5318045957619186,1,20260726T102553,2026-07-26T10:26:41.694234+00:00
C-94b3dece,0.7995469324879072,1,20260726T102553,2026-07-26T10:26:41.694234+00:00
C-576a58d7,0.357922711909001,0,20260726T102553,2026-07-26T10:26:41.694234+00:00
C-955cc0fe,0.6966851186332337,1,20260726T102553,2026-07-26T10:26:41.694234+00:00
C-d18df2f4,0.09026088514195227,0,20260726T102553,2026-07-26T10:26:41.694234+00:00
C-3d982de2,0.23754555789478005,0,20260726T102553,2026-07-26T10:26:41.694234+00:00
C-aee0c87a,0.30613423787001404,0,20260726T102553,2026-07-26T10:26:41.694234+00:00
C-5027a238,0.6070512428541331,1,20260726T102553,2026-07-26T10:26:41.694234+00:00
C-d1c294ae,0.026841676439224554,0,20260726T102553,2026-07-26T10:26:41.694234+00:00
C-23e7a181,0.16845034156227529,0,20260726T102553,2026-07-26T10:26:41.694234+00:00
C-032311af,0.037331462947575944,0,20260726T102553,2026-07-26T10:26:41.694234+00:00
C-563faa17,0.08693218635583773,0,20260726T102553,2026-07-26T10:26:41.694234+00:00
C-1adb3f7d,0.8753271768962483,1,20260726T102553,2026-07-26T10:26:41.694234+00:00
C-11ea0563,0.4649001730163972,0,20260726T102553,2026-07-26T10:26:41.694234+00:00
C-e2814462,0.14347077722233542,0,20260726T102553,2026-07-26T10:26:41.694234+00:00
C-046d3e50,0.6131352316277676,1,20260726T102553,2026-07-26T10:26:41.694234+00:00
C-877109ed,0.1106281248865768,0,20260726T102553,2026-07-26T10:26:41.694234+00:00
C-88bea6bc,0.10273645213080947,0,20260726T102553,2026-07-26T10:26:41.694234+00:00
C-5f39a7e5,0.6273266765446904,1,20260726T102553,2026-07-26T10:26:41.694234+00:00
C-8993c873,0.6831871814504339,1,20260726T102553,2026-07-26T10:26:41.694234+00:00
C-1994ed26,0.04800108683875773,0,20260726T102553,2026-07-26T10:26:41.694234+00:00
C-d39de5b2,0.8967496330429747,1,20260726T102553,2026-07-26T10:26:41.694234+00:00
C-9d480709,0.5280536722336193,1,20260726T102553,2026-07-26T10:26:41.694234+00:00
C-13b6d425,0.4468102855884863,0,20260726T102553,2026-07-26T10:26:41.694234+00:00
C-c00ff204,0.673535172841326,1,20260726T102553,2026-07-26T10:26:41.694234+00:00
C-522dba00,0.2047957152776367,0,20260726T102553,2026-07-26T10:26:41.694234+00:00
C-e44daaef,0.38624677349501346,0,20260726T102553,2026-07-26T10:26:41.694234+00:00
C-8f1da792,0.8314460392556494,1,20260726T102553,2026-07-26T10:26:41.694234+00:00
C-2e96e5b0,0.7472108574873031,1,20260726T102553,2026-07-26T10:26:41.694234+00:00
C-b75261a7,0.40648131549266225,0,20260726T102553,2026-07-26T10:26:41.694234+00:00
C-339adfcb,0.3449225186886483,0,20260726T102553,2026-07-26T10:26:41.694234+00:00
C-e4c344c3,0.6570367522132085,1,20260726T102553,2026-07-26T10:26:41.694234+00:00
C-8716ae53,0.8830693853970298,1,20260726T102553,2026-07-26T10:26:41.694234+00:00
C-3b9d825d,0.741262618566763,1,20260726T102553,2026-07-26T10:26:41.694234+00:00
C-a6dad336,0.6293378560533643,1,20260726T102553,2026-07-26T10:26:41.694234+00:00
C-2ac062d3,0.8567033447241408,1,20260726T102553,2026-07-26T10:26:41.694234+00:00
C-f925e962,0.2898477578782345,0,20260726T102553,2026-07-26T10:26:41.694234+00:00
C-8fb512d0,0.33110645351140106,0,20260726T102553,2026-07-26T10:26:41.694234+00:00
C-3f91f071,0.6860717846322498,1,20260726T102553,2026-07-26T10:26:41.694234+00:00
C-0ebfad54,0.7751507448052186,1,20260726T102553,2026-07-26T10:26:41.694234+00:00
C-e1b4677d,0.25135845651649585,0,20260726T102553,2026-07-26T10:26:41.694234+00:00
C-ba2108d3,0.8579881571387741,1,20260726T102553,2026-07-26T10:26:41.694234+00:00
C-d1068519,0.09123081370291185,0,20260726T102553,2026-07-26T10:26:41.694234+00:00
C-f460d6ca,0.04641062546783266,0,20260726T102553,2026-07-26T10:26:41.694234+00:00
C-a6e2cbdc,0.5882843954205649,1,20260726T102553,2026-07-26T10:26:41.694234+00:00
C-c6246fe5,0.48449319038960803,0,20260726T102553,2026-07-26T10:26:41.694234+00:00
C-f071d067,0.42591209111158984,0,20260726T102553,2026-07-26T10:26:41.694234+00:00
C-1d428bfe,0.4776663196884258,0,20260726T102553,2026-07-26T10:26:41.694234+00:00
C-477192f6,0.8632411479763383,1,20260726T102553,2026-07-26T10:26:41.694234+00:00
C-d75d765f,0.8107989722741918,1,20260726T102553,2026-07-26T10:26:41.694234+00:00
C-7140f159,0.054026727928766186,0,20260726T102553,2026-07-26T10:26:41.694234+00:00
C-1642d7cb,0.8586176550469525,1,20260726T102553,2026-07-26T10:26:41.694234+00:00
C-f32e9f25,0.8394931525540231,1,20260726T102553,2026-07-26T10:26:41.694234+00:00
C-44afe11b,0.8339960106946458,1,20260726T102553,2026-07-26T10:26:41.694234+00:00
C-5ddd0f44,0.7691805853161412,1,20260726T102553,2026-07-26T10:26:41.694234+00:00
C-5aa3f932,0.47447286114028736,0,20260726T102553,2026-07-26T10:26:41.694234+00:00
C-40becb30,0.0894388640022976,0,20260726T102553,2026-07-26T10:26:41.694234+00:00
C-02c0dc6e,0.12293206785772488,0,20260726T102553,2026-07-26T10:26:41.694234+00:00
C-7ba4d351,0.12686121118010377,0,20260726T102553,2026-07-26T10:26:41.694234+00:00
C-821ba51c,0.30467218672033863,0,20260726T102553,2026-07-26T10:26:41.694234+00:00
C-178b99bd,0.1753300730763095,0,20260726T102553,2026-07-26T10:26:41.694234+00:00
C-aa714616,0.18438697415093144,0,20260726T102553,2026-07-26T10:26:41.694234+00:00
C-f7c186c2,0.6909184740929805,1,20260726T102553,2026-07-26T10:26:41.694234+00:00
C-afd44931,0.46446831486246004,0,20260726T102553,2026-07-26T10:26:41.694234+00:00
C-b9388ee5,0.5309710164978125,1,20260726T102553,2026-07-26T10:26:41.694234+00:00
C-c8f5b3b5,0.03799724803340175,0,20260726T102553,2026-07-26T10:26:41.694234+00:00
C-d7a85ea2,0.6142894218736195,1,20260726T102553,2026-07-26T10:26:41.694234+00:00
C-e820ece3,0.6775351128904531,1,20260726T102553,2026-07-26T10:26:41.694234+00:00
C-13a4f3c7,0.22769550860805698,0,20260726T102553,2026-07-26T10:26:41.694234+00:00
C-506a2db6,0.7113621124947539,1,20260726T102553,2026-07-26T10:26:41.694234+00:00
C-82b1d832,0.3010868677434385,0,20260726T102553,2026-07-26T10:26:41.694234+00:00
C-05d8e504,0.5796634112803871,1,20260726T102553,2026-07-26T10:26:41.694234+00:00
C-316c98b9,0.1451568330736958,0,20260726T102553,2026-07-26T10:26:41.694234+00:00
C-deb9f760,0.7547243344678812,1,20260726T102553,2026-07-26T10:26:41.694234+00:00
C-87a68fed,0.27693213176567344,0,20260726T102553,2026-07-26T10:26:41.694234+00:00
C-76f65130,0.637700939978063,1,20260726T102553,2026-07-26T10:26:41.694234+00:00
C-fa140290,0.9313980986676355,1,20260726T102553,2026-07-26T10:26:41.694234+00:00
C-958df53d,0.6409203132547184,1,20260726T102553,2026-07-26T10:26:41.694234+00:00
C-c5957b20,0.7607303463468624,1,20260726T102553,2026-07-26T10:26:41.694234+00:00
C-1ca8c598,0.7887761789316745,1,20260726T102553,2026-07-26T10:26:41.694234+00:00
C-b96993cd,0.10733982912203455,0,20260726T102553,2026-07-26T10:26:41.694234+00:00
C-cca7fc16,0.3365602286711865,0,20260726T102553,2026-07-26T10:26:41.694234+00:00
C-016a4ea5,0.22930833904701056,0,20260726T102553,2026-07-26T10:26:41.694234+00:00
C-93c1a7b6,0.1925453771556974,0,20260726T102553,2026-07-26T10:26:41.694234+00:00
C-8d3cafd7,0.12725077616318467,0,20260726T102553,2026-07-26T10:26:41.694234+00:00
C-6e3496b4,0.6971935904097682,1,20260726T102553,2026-07-26T10:26:41.694234+00:00
C-b41be7af,0.3774897870118765,0,20260726T102553,2026-07-26T10:26:41.694234+00:00
C-208b388a,0.7096180358193862,1,20260726T102553,2026-07-26T10:26:41.694234+00:00
C-f65fd603,0.35715108154813724,0,20260726T102553,2026-07-26T10:26:41.694234+00:00
C-b0886c07,0.7894382345857965,1,20260726T102553,2026-07-26T10:26:41.694234+00:00
C-0051b04c,0.6495106761677893,1,20260726T102553,2026-07-26T10:26:41.694234+00:00
C-925b9754,0.7416302826743806,1,20260726T102553,2026-07-26T10:26:41.694234+00:00
