customerID,gender,SeniorCitizen,Partner,Dependents,tenure,PhoneService,MultipleLines,InternetService,OnlineSecurity,OnlineBackup,DeviceProtection,TechSupport,StreamingTV,StreamingMovies,Contract,PaperlessBilling,PaymentMethod,MonthlyCharges,TotalCharges,Churn
C-1101f66c,Female,1,Yes,No,27,Yes,No,No,No internet service,No internet service,No internet service,No internet service,No internet service,No internet service,Month-to-month,Yes,Electronic check,21.3,589.98,Yes
C-34c914e7,Male,0,No,Yes,0,Yes,No,Fiber optic,No,No,Yes,No,No,No internet service,Month-to-month,Yes,Electronic check,40.05,0.0,Yes
C-73efe82b,Male,0,Yes,No,63,Yes,No,Fiber optic,No,Yes,No internet service,No,Yes,No internet service,Month-to-month,Yes,Bank transfer (automatic),55.5,3492.05,Yes
C-9d8d3ed5,Male,0,Yes,No,39,Yes,Yes,Fiber optic,No,No,No,Yes,Yes,Yes,Two year,No,Mailed check,56.73,2219.79,No
C-d3f70562,Male,0,Yes,No,72,Yes,Yes,Fiber optic,No,Yes,No,No internet service,Yes,Yes,Month-to-month,Yes,Bank transfer (automatic),56.89,4129.24,No
C-582b79f7,Female,1,No,No,2,Yes,Yes,DSL,No,No,Yes,No,Yes,No,One year,Yes,Credit card (automatic),33.91,93.28,Yes
C-90541b7a,Male,0,No,No,24,Yes,Yes,Fiber optic,Yes,No,Yes,No,No,No,Two year,Yes,Credit card (automatic),54.95,1324.27,No
C-9006c470,Male,0,Yes,Yes,37,Yes,No,Fiber optic,No,No,Yes,No,No,No,Month-to-month,No,Electronic check,41.79,1527.23,Yes
C-1976eafe,Male,0,Yes,No,56,Yes,No,Fiber optic,No,Yes,No,Yes,No internet service,No,Month-to-month,No,Electronic check,52.34,2936.57,Yes
C-620b2625,Female,0,No,No,31,Yes,Yes,DSL,No,No,No,No internet service,No,No,One year,Yes,Electronic check,21.02,636.99,No
C-e587c3c3,Female,0,No,No,50,Yes,Yes,DSL,No,Yes,Yes,No,Yes,No,One year,Yes,Bank transfer (automatic),40.35,1999.52,No
C-35b1e87e,Female,0,No,Yes,57,Yes,No phone service,Fiber optic,Yes,Yes,No,No,No,Yes,One year,Yes,Bank transfer (automatic),50.92,2932.81,No
C-a3f5a69a,Female,0,Yes,No,39,No,No phone service,Fiber optic,No,Yes,Yes,No,No,Yes,Month-to-month,No,Bank transfer (automatic),55.32,2146.64,Yes
C-96ed7bbe,Male,0,No,Yes,31,Yes,Yes,DSL,No,No,Yes,No,No,No,Month-to-month,Yes,Electronic check,33.57,996.82,Yes
C-4ff1baa2,Female,0,Yes,No,59,Yes,Yes,No,No internet service,No internet service,No internet service,No internet service,No internet service,No internet service,Month-to-month,Yes,Electronic check,21.34,1238.13,Yes
C-29c83df6,Male,0,Yes,No,1,Yes,No phone service,No,No internet service,No internet service,No internet service,No internet service,No internet service,No internet service,Month-to-month,Yes,Electronic check,18.07,38.91,Yes
C-1edbcbf3,Female,0,No,No,37,Yes,Yes,Fiber optic,No,Yes,Yes,No,Yes,No,Month-to-month,No,Electronic check,53.67,2016.13,Yes
C-3b4cb3a4,Male,0,Yes,No,39,Yes,No,Fiber optic,No,No,No,No,No,No,Two year,No,Electronic check,39.79,1566.67,No
C-08912777,Male,0,No,No,15,Yes,Yes,DSL,No,No,No,No,Yes,Yes,Month-to-month,Yes,Electronic check,37.84,532.3,No
C-f679407f,Female,1,No,No,19,Yes,No,No,No internet service,No internet service,No internet service,No internet service,No internet service,No internet service,Two year,Yes,Mailed check,18.8,369.8,No
C-00b62820,Male,1,No,No,17,Yes,No,DSL,Yes,No,No,No,No,Yes,One year,No,Electronic check,33.82,607.61,No
C-8102f5d3,Female,0,Yes,No,24,No,No phone service,Fiber optic,No,Yes,No,No,Yes,No,Month-to-month,Yes,Mailed check,51.06,1226.16,Yes
C-3ec82cba,Male,0,Yes,Yes,26,Yes,No,Fiber optic,No,No,No internet service,No,No,Yes,Month-to-month,Yes,Credit card (automatic),47.66,1239.73,No
C-6bd51cf8,Male,0,No,No,24,Yes,Yes,Fiber optic,No,Yes,No,Yes,Yes,Yes,Month-to-month,No,Electronic check,59.82,1459.13,Yes
C-6ac45d3d,Female,0,No,No,2,Yes,Yes,Fiber optic,No internet service,Yes,No,No,No internet service,No,Month-to-month,Yes,Bank transfer (automatic),49.41,120.14,Yes
C-bd516b60,Male,0,Yes,No,50,Yes,No,DSL,No,Yes,No,No,No,No,Month-to-month,Yes,Credit card (automatic),33.45,1711.7,Yes
C-aca4be11,Female,1,No,Yes,66,Yes,Yes,DSL,No,No,Yes,Yes,No,No,Month-to-month,No,Electronic check,34.11,2254.15,Yes
C-d2a55af3,Female,0,No,No,45,Yes,No phone service,No,No internet service,No internet service,No internet service,No internet service,No internet service,No internet service,Two year,Yes,Bank transfer (automatic),19.29,862.79,No
C-f7740536,Female,1,Yes,No,70,Yes,Yes,DSL,No,No,Yes,Yes,Yes,No,Month-to-month,Yes,Bank transfer (automatic),42.22,2963.79,No
C-f3a71440,Male,0,Yes,No,29,Yes,Yes,No,No internet service,No internet service,No internet service,No internet service,No internet service,No internet service,Month-to-month,Yes,Bank transfer (automatic),18.84,566.11,Yes
C-f8ed4981,Male,0,Yes,No,71,Yes,No,No,No internet service,No internet service,No internet service,No internet service,No internet service,No internet service,Two year,No,Credit card (automatic),18.0,1281.17,No
C-aa2d7cd8,Female,1,Yes,Yes,4,Yes,Yes,Fiber optic,No,No,No,Yes,No,Yes,Month-to-month,Yes,Mailed check,48.18,175.32,Yes
C-d37d22e1,Female,0,Yes,No,4,Yes,No phone service,No,No internet service,No internet service,No internet service,No internet service,No internet service,No internet service,Month-to-month,No,Credit card (automatic),18.0,50.94,Yes
C-8cec62c2,Female,0,No,No,2,Yes,No,Fiber optic,Yes,No,Yes,No internet service,Yes,Yes,Month-to-month,No,Electronic check,57.9,118.01,Yes
C-6d129987,Female,0,No,No,71,Yes,Yes,No,No internet service,No internet service,No internet service,No internet service,No internet service,No internet service,Month-to-month,No,Bank transfer (automatic),18.0,1256.72,No
C-f33c2826,Female,0,No,Yes,50,Yes,Yes,No,No internet service,No internet service,No internet service,No internet service,No internet service,No internet service,Month-to-month,Yes,Electronic check,18.8,907.93,No
C-a4260997,Male,0,No,Yes,41,Yes,Yes,Fiber optic,No,Yes,Yes,No internet service,Yes,No,Month-to-month,No,Bank transfer (automatic),59.39,2450.73,Yes
C-9dbeff96,Male,0,Yes,Yes,18,Yes,No phone service,DSL,Yes,Yes,No,No,No,No,Two year,Yes,Credit card (automatic),33.53,555.04,No
C-e78db577,Male,0,Yes,Yes,42,Yes,Yes,DSL,Yes,Yes,No,No,No internet service,No,Month-to-month,Yes,Electronic check,38.02,1565.63,Yes
C-84550fed,Male,0,No,No,4,No,No phone service,No,No internet service,No internet service,No internet service,No internet service,No internet service,No internet service,Month-to-month,No,Mailed check,18.0,78.58,Yes
C-43d6613f,Male,0,Yes,Yes,45,Yes,No,DSL,Yes,No,No,Yes,No internet service,Yes,Month-to-month,Yes,Mailed check,45.39,2045.34,No
C-e936a1cf,Male,0,Yes,Yes,1,Yes,Yes,Fiber optic,Yes,Yes,Yes,No,No internet service,Yes,One year,Yes,Electronic check,56.03,64.95,Yes
C-6952691b,Female,0,No,Yes,45,Yes,No,DSL,No,Yes,No,Yes,No,No,Month-to-month,No,Bank transfer (automatic),36.16,1610.2,No
C-45be571f,Female,0,No,No,36,No,No phone service,No,No internet service,No internet service,No internet service,No internet service,No internet service,No internet service,Two year,Yes,Electronic check,19.61,727.99,No
C-47a718b2,Female,0,Yes,Yes,38,Yes,No,No,No internet service,No internet service,No internet service,No internet service,No internet service,No internet service,Month-to-month,No,Electronic check,23.01,876.92,No
C-38c9f69e,Female,0,No,Yes,15,Yes,No phone service,DSL,No internet service,Yes,No,No,No,Yes,Two year,No,Credit card (automatic),37.59,559.48,No
C-f64037f7,Female,0,Yes,Yes,63,Yes,Yes,Fiber optic,Yes,No,No,Yes,No internet service,No,Month-to-month,No,Bank transfer (automatic),52.56,3291.46,Yes
C-f8677f05,Female,0,Yes,Yes,41,Yes,No phone service,Fiber optic,No internet service,Yes,No,No,Yes,No,Month-to-month,No,Electronic check,50.95,2067.55,No
C-2d8d805e,Female,0,Yes,No,39,Yes,Yes,No,No internet service,No internet service,No internet service,No internet service,No internet service,No internet service,Two year,Yes,Bank transfer (automatic),18.0,750.18,No
C-1f36b142,Male,0,Yes,Yes,72,Yes,Yes,DSL,Yes,No,Yes,No,Yes,No,Month-to-month,No,Bank transfer (automatic),40.65,2928.01,No
C-58181e49,Female,0,No,No,20,Yes,Yes,Fiber optic,No internet service,No,Yes,No,No,Yes,One year,No,Credit card (automatic),44.81,916.4,No
C-86afc668,Female,0,No,No,8,Yes,No,Fiber optic,No internet service,Yes,No,No internet service,Yes,No,Month-to-month,No,Electronic check,46.99,365.71,Yes
C-5835393f,Male,0,No,Yes,24,Yes,Yes,Fiber optic,No,No,No,No,No,No,Two year,Yes,Bank transfer (automatic),41.76,1010.3,No
C-624578c7,Male,0,No,No,65,Yes,No,DSL,Yes,No,No,No,Yes,Yes,Two year,Yes,Electronic check,43.66,2827.71,No
C-35968c78,Female,0,Yes,No,4,Yes,No,DSL,No internet service,Yes,Yes,No,No internet service,No internet service,One year,Yes,Electronic check,34.09,101.68,Yes
C-283fbb4f,Female,0,No,No,61,No,No phone service,No,No internet service,No internet service,No internet service,No internet service,No internet service,No internet service,Month-to-month,Yes,Mailed check,21.16,1275.17,No
C-d2ef7006,Female,0,No,No,56,Yes,No,No,No internet service,No internet service,No internet service,No internet service,No internet service,No internet service,Two year,No,Mailed check,18.7,1063.37,No
C-0aa6db49,Male,0,No,No,63,Yes,Yes,DSL,Yes,No,No,No,Yes,No,One year,No,Mailed check,34.46,2174.25,No
C-86cf7118,Male,0,Yes,No,29,Yes,No,DSL,No,No internet service,No internet service,No,No,No,One year,Yes,Mailed check,27.1,792.08,No
C-dba65c15,Male,0,No,No,57,Yes,Yes,Fiber optic,No,No,No,No,No,Yes,One year,Yes,Mailed check,46.89,2662.13,Yes
C-2c5f5d47,Female,0,Yes,No,39,Yes,Yes,DSL,No,Yes,Yes,No,Yes,No,Two year,Yes,Bank transfer (automatic),40.92,1622.93,No
C-5593fbb5,Male,0,No,Yes,26,Yes,Yes,Fiber optic,Yes,Yes,Yes,No,Yes,Yes,One year,Yes,Bank transfer (automatic),68.98,1811.14,No
C-9de1af08,Male,0,Yes,Yes,55,Yes,No phone service,Fiber optic,No,No,No,No,No,No,Two year,Yes,Electronic check,40.32,2227.71,No
C-6de2148e,Female,0,Yes,Yes,5,Yes,Yes,No,No internet service,No internet service,No internet service,No internet service,No internet service,No internet service,One year,Yes,Bank transfer (automatic),19.52,95.21,No
C-8ed4a297,Female,0,Yes,No,39,Yes,No,No,No internet service,No internet service,No internet service,No internet service,No internet service,No internet service,One year,Yes,Credit card (automatic),19.04,736.03,No
C-a8792fe9,Female,1,Yes,No,60,No,No phone service,DSL,Yes,Yes,No,No,No,No,One year,No,Electronic check,37.36,2204.01,No
C-e8ca6bea,Male,0,Yes,No,68,Yes,Yes,No,No internet service,No internet service,No internet service,No internet service,No internet service,No internet service,One year,Yes,Electronic check,18.13,1210.18,No
C-7036d49d,Female,0,No,No,66,Yes,Yes,Fiber optic,No,No internet service,No internet service,No,Yes,Yes,One year,No,Credit card (automatic),53.95,3556.63,No
C-6e9dbf37,Female,1,Yes,Yes,68,Yes,No phone service,Fiber optic,Yes,No internet service,No,Yes,Yes,No,One year,Yes,Mailed check,56.51,3860.17,No
C-a3ba4343,Female,0,Yes,No,48,No,No phone service,Fiber optic,Yes,No,No,Yes,No,Yes,Month-to-month,No,Electronic check,54.64,2604.93,No
C-58649f6b,Male,0,No,Yes,47,Yes,Yes,Fiber optic,No,No,No,No,Yes,Yes,Two year,No,Mailed check,53.09,2523.49,No
C-076fc0b2,Male,0,No,Yes,3,Yes,No,Fiber optic,No,No,No,No,No,Yes,Two year,Yes,Electronic check,43.89,132.33,Yes
C-79f3614b,Female,0,No,No,43,No,No phone service,No,No internet service,No internet service,No internet service,No internet service,No internet service,No internet service,Month-to-month,Yes,Credit card (automatic),18.99,807.94,Yes
C-ebba3a0e,Female,0,Yes,Yes,60,Yes,No,Fiber optic,No,Yes,Yes,Yes,No,No,Month-to-month,Yes,Mailed check,55.59,3319.44,No
C-4f7c69b7,Female,0,No,No,19,Yes,No,DSL,No,Yes,No,No,No,Yes,One year,Yes,Mailed check,39.38,746.3,No
C-c5e82acb,Female,0,No,No,2,Yes,Yes,Fiber optic,Yes,Yes,No,No,No,No,Two year,No,Credit card (automatic),48.29,47.03,No
C-9fdb36e1,Male,0,Yes,Yes,71,Yes,Yes,DSL,No,No,No internet service,No,No,No,Two year,Yes,Mailed check,29.12,2037.45,No
C-52a4812c,Female,0,No,Yes,6,Yes,No phone service,DSL,No internet service,Yes,Yes,No,Yes,No,Month-to-month,No,Bank transfer (automatic),39.13,224.99,Yes
C-186f8a48,Male,0,Yes,Yes,12,Yes,No,Fiber optic,No,No internet service,No internet service,No,Yes,No,Month-to-month,No,Mailed check,48.11,579.02,Yes
C-e945ad26,Male,0,No,No,43,Yes,No,Fiber optic,No,No,No,No,Yes,No internet service,Month-to-month,No,Credit card (automatic),47.39,2020.71,No
C-4812552d,Male,0,Yes,No,66,Yes,Yes,DSL,No,Yes,No internet service,Yes,Yes,No,Month-to-month,Yes,Electronic check,40.41,2656.55,No
C-a7936c22,Female,0,Yes,Yes,2,Yes,Yes,Fiber optic,No internet service,No,No internet service,No,No,No,Two year,No,Bank transfer (automatic),39.2,70.68,No
C-1dcbd496,Male,0,Yes,Yes,68,Yes,Yes,DSL,Yes,No,No,Yes,Yes,Yes,One year,No,Credit card (automatic),42.99,2940.86,No
C-e911a86a,Female,1,Yes,No,55,Yes,No,Fiber optic,Yes,Yes,Yes,No,Yes,Yes,Month-to-month,Yes,Bank transfer (automatic),71.71,3969.65,Yes
C-87a0b804,Male,0,No,No,15,Yes,Yes,Fiber optic,No,No,Yes,Yes,No internet service,No,Two year,No,Electronic check,51.08,747.25,No
C-cd400da0,Female,0,No,No,18,Yes,No phone service,Fiber optic,No,Yes,Yes,No,No,Yes,Month-to-month,Yes,Electronic check,56.67,1018.52,Yes
C-57427b46,Male,0,No,Yes,12,Yes,Yes,No,No internet service,No internet service,No internet service,No internet service,No internet service,No internet service,Month-to-month,Yes,Mailed check,18.83,209.24,No
C-b53570a6,Male,0,No,No,25,Yes,Yes,DSL,No,Yes,No,No,Yes,Yes,One year,Yes,Mailed check,45.83,1144.33,No
C-214ce8f7,Male,0,No,No,44,Yes,Yes,DSL,Yes,No,No internet service,No,Yes,No,One year,No,Credit card (automatic),37.02,1639.06,No
C-547d9b07,Female,0,No,No,63,Yes,No,DSL,Yes,No,Yes,No,No,No,Two year,No,Bank transfer (automatic),34.14,2096.69,No
C-6a4008c6,Female,0,Yes,No,44,Yes,No,DSL,No,No,Yes,Yes,No,No,One year,Yes,Electronic check,38.19,1684.92,No
C-8b5e2c17,Male,0,No,No,55,Yes,No,DSL,No,No internet service,Yes,No,No internet service,No internet service,Month-to-month,Yes,Electronic check,24.14,1304.06,Yes
C-afc5d0e6,Female,1,Yes,No,31,Yes,No,DSL,No internet service,No,Yes,Yes,No,Yes,Month-to-month,Yes,Electronic check,44.76,1356.84,No
C-b982ac72,Female,0,No,Yes,34,Yes,Yes,No,No internet service,No internet service,No internet service,No internet service,No internet service,No internet service,Month-to-month,Yes,Bank transfer (automatic),21.14,726.01,Yes
C-8b1247b9,Male,0,Yes,No,16,No,No phone service,No,No internet service,No internet service,No internet service,No internet service,No internet service,No internet service,One year,Yes,Credit card (automatic),22.77,363.08,No
C-bdfc1ea5,Male,0,Yes,No,54,Yes,Yes,Fiber optic,No,Yes,No,Yes,No,No,Two year,Yes,Mailed check,50.72,2776.3,No
C-3313df52,Male,0,No,No,4,Yes,No phone service,No,No internet service,No internet service,No internet service,No internet service,No internet service,No internet service,One year,No,Bank transfer (automatic),19.5,99.66,Yes
C-682d805c,Male,1,No,Yes,22,No,No phone service,DSL,No internet service,No internet service,No,No,No,Yes,One year,Yes,Electronic check,31.1,677.54,No
C-09efee76,Female,0,No,Yes,12,Yes,No,No,No internet service,No internet service,No internet service,No internet service,No internet service,No internet service,Month-to-month,Yes,Bank transfer (automatic),23.15,277.57,Yes
C-7addb19c,Male,0,No,No,6,Yes,Yes,Fiber optic,No,No,Yes,No,No internet service,Yes,Month-to-month,No,Electronic check,49.15,304.3,Yes
C-f683aacc,Female,0,No,No,30,Yes,No phone service,Fiber optic,No,No internet service,No,Yes,No,No,Month-to-month,Yes,Electronic check,45.25,1333.07,Yes
C-88498142,Female,0,No,No,41,Yes,No,Fiber optic,No,No,Yes,Yes,No internet service,No,Month-to-month,No,Mailed check,47.37,1925.72,No
C-a07bced3,Female,0,No,Yes,55,Yes,No,Fiber optic,Yes,No,Yes,Yes,No internet service,Yes,Two year,No,Bank transfer (automatic),62.25,3430.36,No
C-5dea2ea6,Male,0,No,No,60,Yes,No phone service,DSL,Yes,No,No internet service,No,No,Yes,One year,Yes,Credit card (automatic),37.91,2281.9,No
C-25bae709,Male,0,No,Yes,29,Yes,Yes,Fiber optic,Yes,No,No,No,Yes,No,Month-to-month,Yes,Bank transfer (automatic),49.91,1488.54,No
C-d6a9b4aa,Female,0,Yes,Yes,26,Yes,Yes,Fiber optic,No,Yes,No,No,Yes,Yes,One year,Yes,Bank transfer (automatic),59.11,1527.07,No
C-1c03f52f,Male,0,No,No,3,Yes,Yes,DSL,No,Yes,Yes,No internet service,No internet service,No,Month-to-month,No,Electronic check,32.84,100.03,Yes
C-c19125d8,Female,0,Yes,No,27,No,No phone service,Fiber optic,Yes,Yes,No,No internet service,Yes,Yes,Two year,No,Electronic check,65.77,1791.46,No
C-23608c9f,Male,0,Yes,Yes,68,Yes,No,Fiber optic,No,No,No internet service,Yes,Yes,Yes,Month-to-month,No,Bank transfer (automatic),56.23,3827.37,No
C-7bd7f37e,Male,0,Yes,No,55,No,No phone service,No,No internet service,No internet service,No internet service,No internet service,No internet service,No internet service,Two year,No,Mailed check,19.04,1084.69,No
C-3b71a5e1,Female,0,Yes,Yes,6,Yes,No,Fiber optic,No internet service,No internet service,No,No,No,No,Month-to-month,No,Mailed check,37.96,225.13,Yes
C-78a901bb,Female,0,Yes,No,14,Yes,No,No,No internet service,No internet service,No internet service,No internet service,No internet service,No internet service,One year,No,Electronic check,20.47,278.83,No
C-72c46a50,Female,0,No,No,19,Yes,No,Fiber optic,No,Yes,No,No,No,No,Two year,Yes,Mailed check,45.75,873.18,No
C-2d8f8ae2,Female,1,No,Yes,30,Yes,No,Fiber optic,Yes,No internet service,No,No,Yes,No,Month-to-month,Yes,Electronic check,52.04,1561.56,Yes
C-b0eb86db,Male,0,No,Yes,26,Yes,No,No,No internet service,No internet service,No internet service,No internet service,No internet service,No internet service,Two year,Yes,Credit card (automatic),21.53,572.72,No
C-67d8b575,Female,1,No,No,70,Yes,No,Fiber optic,No,No,No,No,No,No,Month-to-month,Yes,Credit card (automatic),43.74,3081.88,Yes
C-bdd93045,Female,0,No,Yes,40,Yes,Yes,No,No internet service,No internet service,No internet service,No internet service,No internet service,No internet service,Month-to-month,Yes,Electronic check,20.24,827.71,Yes
C-a0d6f7c4,Male,0,No,No,38,Yes,No,Fiber optic,No,No,No,Yes,No,No internet service,Month-to-month,No,Mailed check,50.02,1903.16,No
C-78fdf518,Male,0,Yes,Yes,66,Yes,No phone service,Fiber optic,No,Yes,No internet service,Yes,Yes,Yes,One year,Yes,Electronic check,67.49,4423.7,No
C-8afb7a25,Male,0,No,No,34,Yes,No,DSL,No,No,No internet service,No,No,Yes,Two year,No,Electronic check,33.17,1118.82,No
C-80cdc699,Female,0,No,No,5,Yes,No phone service,Fiber optic,No,Yes,No,No,No,No,Month-to-month,Yes,Bank transfer (automatic),41.27,222.45,Yes
C-f3e68d6f,Male,0,No,No,49,Yes,Yes,Fiber optic,Yes,No,No internet service,Yes,No internet service,No,Month-to-month,Yes,Electronic check,53.94,2640.55,No
C-62efb0f1,Male,1,No,No,54,Yes,No,Fiber optic,No internet service,Yes,No,No,No,No,One year,Yes,Credit card (automatic),45.28,2479.19,No
C-af41d735,Male,0,No,No,0,Yes,No,No,No internet service,No internet service,No internet service,No internet service,No internet service,No internet service,Two year,No,Mailed check,19.46,6.22,Yes
C-126967d2,Female,0,Yes,No,1,Yes,No,Fiber optic,No,No internet service,Yes,Yes,No,No,Month-to-month,Yes,Electronic check,47.34,54.51,Yes
C-55602ccc,Female,0,No,No,46,Yes,Yes,DSL,No,No,No,Yes,No,No internet service,Month-to-month,No,Credit card (automatic),34.0,1575.75,No
C-d5d4459f,Male,0,Yes,No,48,Yes,Yes,DSL,No,Yes,Yes,No,No,Yes,Month-to-month,Yes,Mailed check,41.65,1982.22,Yes
C-44b3457f,Male,0,Yes,Yes,72,Yes,Yes,DSL,No,No,Yes,No,Yes,No,Two year,Yes,Bank transfer (automatic),34.36,2487.47,No
C-95d8a6cf,Male,0,Yes,Yes,51,Yes,Yes,Fiber optic,No,No,Yes,No,Yes,No,One year,Yes,Mailed check,45.77,2340.59,Yes
C-22475a7c,Male,1,No,No,12,No,No phone service,DSL,No,No,No internet service,No,Yes,No,Two year,Yes,Credit card (automatic),33.42,410.6,No
C-1d60c91a,Female,0,Yes,No,4,Yes,No phone service,DSL,No,Yes,No,No,No,Yes,One year,Yes,Credit card (automatic),39.47,141.04,Yes
C-ac37d7c6,Female,1,No,Yes,19,No,No phone service,DSL,Yes,No,No internet service,Yes,No,No,Month-to-month,No,Electronic check,37.02,722.93,Yes
C-2bbcd466,Male,0,Yes,No,39,Yes,No,DSL,Yes,Yes,No,Yes,Yes,No,Two year,Yes,Mailed check,45.57,1764.04,No
C-19ef2e53,Male,0,Yes,Yes,36,Yes,No,Fiber optic,No,No,No internet service,No,No,Yes,One year,No,Bank transfer (automatic),44.4,1622.27,No
C-5afe1a6b,Male,0,No,No,39,Yes,No,No,No internet service,No internet service,No internet service,No internet service,No internet service,No internet service,Month-to-month,No,Electronic check,21.68,845.12,Yes
C-1b092bf4,Male,0,No,No,30,Yes,Yes,DSL,No,No,No,No,Yes,No internet service,Month-to-month,Yes,Bank transfer (automatic),37.72,1142.2,No
C-b3deb554,Female,0,Yes,Yes,65,Yes,No phone service,DSL,No,No,No,No,Yes,No internet service,One year,No,Credit card (automatic),31.62,2052.5,No
C-b1e43abb,Male,0,Yes,No,70,Yes,Yes,DSL,No,No,No,Yes,No internet service,No,Two year,Yes,Credit card (automatic),32.71,2297.0,No
C-43db23ab,Female,0,Yes,No,15,Yes,No,Fiber optic,No,No,Yes,Yes,Yes,No,Two year,Yes,Bank transfer (automatic),54.58,805.31,No
C-85ea6c43,Female,0,No,Yes,14,Yes,Yes,DSL,Yes,Yes,Yes,No,Yes,No,Month-to-month,No,Bank transfer (automatic),47.92,677.57,No
C-342b4b2a,Female,0,No,Yes,28,Yes,Yes,Fiber optic,No,No internet service,Yes,No,Yes,No,Month-to-month,No,Electronic check,49.78,1395.5,Yes
C-af68866e,Female,0,Yes,No,69,No,No phone service,No,No internet service,No internet service,No internet service,No internet service,No internet service,No internet service,One year,No,Credit card (automatic),18.0,1234.5,No
C-9c5b6da4,Male,0,Yes,No,68,Yes,Yes,No,No internet service,No internet service,No internet service,No internet service,No internet service,No internet service,Month-to-month,No,Bank transfer (automatic),21.88,1511.73,No
C-fd3667ea,Female,0,No,Yes,1,Yes,No phone service,Fiber optic,No,Yes,No,Yes,Yes,No,Month-to-month,Yes,Credit card (automatic),59.69,62.55,Yes
C-0e8a49d8,Female,0,No,No,43,Yes,Yes,Fiber optic,No,No,No,No,Yes,Yes,Two year,No,Mailed check,47.08,2044.32,No
C-4fe4ee98,Female,0,No,No,43,Yes,Yes,DSL,No,No,No,Yes,No,No internet service,Month-to-month,No,Mailed check,30.62,1364.65,No
C-b46d50f6,Male,0,Yes,Yes,4,Yes,Yes,No,No internet service,No internet service,No internet service,No internet service,No internet service,No internet service,Month-to-month,Yes,Credit card (automatic),18.0,72.9,No
C-32a6dc1b,Female,0,Yes,No,69,Yes,No phone service,DSL,No,Yes,No,No internet service,Yes,No,Month-to-month,No,Bank transfer (automatic),38.97,2666.59,No
C-eba7be05,Female,0,Yes,Yes,9,Yes,No,Fiber optic,No internet service,Yes,Yes,Yes,No,Yes,Two year,No,Mailed check,56.67,520.21,No
C-0bdfaedd,Female,0,Yes,No,53,Yes,No,Fiber optic,Yes,No,No,No,No,No,Two year,Yes,Electronic check,46.08,2427.6,No
C-8e6f103c,Male,0,Yes,No,38,Yes,Yes,Fiber optic,No,No,No,Yes,No,No,One year,No,Electronic check,43.26,1658.51,Yes
C-f5c179e1,Female,1,Yes,No,10,Yes,No,No,No internet service,No internet service,No internet service,No internet service,No internet service,No internet service,Two year,Yes,Electronic check,18.0,195.62,No
C-3ec5b45e,Female,0,Yes,No,20,Yes,Yes,No,No internet service,No internet service,No internet service,No internet service,No internet service,No internet service,Month-to-month,Yes,Mailed check,24.22,490.58,No
C-d4355306,Female,0,Yes,Yes,6,Yes,No,DSL,Yes,No,No internet service,No,No,No,Month-to-month,No,Electronic check,30.07,184.88,Yes
C-31a3e88b,Female,0,Yes,No,60,Yes,Yes,Fiber optic,No,No internet service,Yes,No,Yes,No,One year,No,Electronic check,50.68,3018.9,Yes
C-3e0698db,Male,0,Yes,No,16,Yes,Yes,Fiber optic,No,No,No internet service,Yes,Yes,No,Month-to-month,Yes,Credit card (automatic),52.54,811.23,Yes
C-94914a81,Male,1,No,No,31,Yes,No,Fiber optic,Yes,Yes,Yes,Yes,Yes,No,Two year,No,Electronic check,72.46,2236.6,No
C-b34d1c11,Female,0,Yes,No,32,Yes,Yes,DSL,No,No,No,No,No internet service,No,Two year,No,Bank transfer (automatic),21.79,702.06,No
C-4ca7db86,Female,0,Yes,No,0,Yes,No,DSL,No,Yes,No,Yes,No,No,Month-to-month,Yes,Electronic check,39.01,43.18,Yes
C-c372c4b2,Female,0,Yes,No,3,Yes,No phone service,DSL,Yes,No,No,No,Yes,Yes,Month-to-month,No,Bank transfer (automatic),39.17,100.4,Yes
C-e344e64e,Male,0,No,Yes,52,No,No phone service,Fiber optic,Yes,Yes,No,No,Yes,Yes,Month-to-month,Yes,Electronic check,63.13,3298.4,Yes
C-c4d794a5,Male,0,Yes,Yes,23,Yes,Yes,No,No internet service,No internet service,No internet service,No internet service,No internet service,No internet service,Two year,Yes,Credit card (automatic),20.27,454.29,No
C-9f75da31,Female,0,No,No,25,Yes,No phone service,DSL,No,Yes,Yes,No internet service,No,No,Month-to-month,No,Electronic check,34.77,872.64,Yes
C-7f0afcb1,Male,0,No,No,25,Yes,No,DSL,Yes,No,No,No,No internet service,No internet service,Month-to-month,Yes,Credit card (automatic),29.67,758.4,No
C-e3a8fb10,Male,0,No,No,14,Yes,No,No,No internet service,No internet service,No internet service,No internet service,No internet service,No internet service,Month-to-month,No,Electronic check,18.0,235.53,No
C-234e0940,Female,1,Yes,Yes,71,Yes,Yes,Fiber optic,No,No,No,No,No,No,Month-to-month,No,Mailed check,42.92,3067.82,Yes
C-ec08be1d,Male,1,Yes,Yes,27,Yes,No,DSL,No,Yes,Yes,No,Yes,No,Month-to-month,Yes,Electronic check,43.93,1178.05,Yes
C-5b382d6a,Female,0,No,No,2,Yes,No,Fiber optic,No,No,No,No,No,No,Month-to-month,Yes,Mailed check,35.53,55.3,Yes
C-2c17b402,Male,1,No,No,1,Yes,No,Fiber optic,No,No,No,Yes,No,Yes,Month-to-month,No,Bank transfer (automatic),49.3,55.82,Yes
C-98b769c0,Male,0,No,Yes,27,Yes,No phone service,Fiber optic,No,Yes,No,No,No,No,One year,Yes,Mailed check,42.66,1173.75,No
C-09f4c697,Male,1,No,Yes,30,Yes,Yes,No,No internet service,No internet service,No internet service,No internet service,No internet service,No internet service,Two year,Yes,Electronic check,22.15,691.15,No
C-9a38f9f2,Male,0,Yes,No,36,Yes,No phone service,Fiber optic,Yes,No,No,No,Yes,Yes,Two year,Yes,Credit card (automatic),59.66,2138.34,No
C-dd7f5b89,Male,0,Yes,Yes,20,Yes,No,DSL,No,No,No,No,No internet service,No,One year,No,Mailed check,24.22,509.93,No
C-3fec5c8a,Male,1,No,No,66,Yes,No,Fiber optic,No,No,No,No,Yes,Yes,One year,Yes,Mailed check,51.6,3366.33,No
C-6fd3861a,Female,0,Yes,Yes,3,Yes,No,Fiber optic,No,No,Yes,No,Yes,Yes,Two year,No,Electronic check,49.34,164.26,No
C-e60752fb,Female,0,No,No,22,Yes,No,Fiber optic,No,Yes,No,Yes,No,No internet service,Two year,Yes,Electronic check,47.5,1074.05,No
C-4c2fad0e,Female,0,No,Yes,72,Yes,No,Fiber optic,No,No,No,No,No,Yes,Month-to-month,Yes,Bank transfer (automatic),46.69,3345.32,Yes
C-d1801b48,Male,0,No,Yes,18,Yes,No,DSL,No,No internet service,Yes,No,No,No,Two year,No,Electronic check,28.7,516.31,No
C-158f941e,Female,0,Yes,No,32,No,No phone service,Fiber optic,No,Yes,No,No,Yes,Yes,Month-to-month,No,Mailed check,62.52,2007.3,Yes
C-f450ab5e,Male,1,Yes,No,13,Yes,Yes,Fiber optic,Yes,No,No,No,No,No,One year,Yes,Credit card (automatic),46.88,622.2,No
C-75a4d1e6,Female,0,Yes,No,72,Yes,Yes,DSL,No internet service,No,No internet service,No,Yes,Yes,One year,Yes,Bank transfer (automatic),41.97,3053.68,No
C-14e98d80,Female,0,Yes,No,69,Yes,No,Fiber optic,No,No,No,No,Yes,No,One year,Yes,Mailed check,43.03,2982.72,No
C-801cd0d6,Male,1,Yes,No,27,Yes,No,DSL,Yes,No,Yes,No,No,Yes,One year,Yes,Bank transfer (automatic),41.12,1088.61,No
C-e57e710f,Male,0,Yes,No,34,Yes,Yes,DSL,No,Yes,Yes,No internet service,Yes,No,One year,Yes,Mailed check,40.6,1387.1,No
C-b822ade7,Male,0,Yes,No,50,Yes,Yes,Fiber optic,Yes,No,No internet service,Yes,No,No,Two year,Yes,Bank transfer (automatic),48.21,2414.74,No
C-bfe50b48,Male,0,Yes,No,19,Yes,No phone service,No,No internet service,No internet service,No internet service,No internet service,No internet service,No internet service,One year,No,Mailed check,22.8,471.56,No
C-1b53c60a,Male,0,No,Yes,40,No,No phone service,Fiber optic,No,No,No,No,No internet service,No,Month-to-month,Yes,Mailed check,38.41,1565.57,No
C-75729b2a,Male,0,No,No,5,Yes,Yes,No,No internet service,No internet service,No internet service,No internet service,No internet service,No internet service,One year,Yes,Bank transfer (automatic),21.45,100.12,No
C-21dd1b09,Female,0,Yes,No,70,Yes,Yes,No,No internet service,No internet service,No internet service,No internet service,No internet service,No internet service,Month-to-month,Yes,Bank transfer (automatic),18.0,1299.16,No
C-a2cde29c,Male,0,No,No,15,Yes,No,Fiber optic,Yes,Yes,Yes,No,Yes,Yes,One year,Yes,Bank transfer (automatic),64.8,974.32,No
C-2e587b32,Female,0,No,No,41,Yes,No,DSL,No internet service,No,Yes,Yes,No,No internet service,Month-to-month,No,Bank transfer (automatic),38.26,1601.12,No
C-f63b5651,Male,0,No,Yes,14,Yes,Yes,DSL,Yes,No,No,No,Yes,No,Month-to-month,Yes,Bank transfer (automatic),37.32,485.49,Yes
C-11c862ce,Female,0,Yes,No,6,Yes,No,Fiber optic,No,Yes,No internet service,No,Yes,Yes,One year,Yes,Mailed check,54.62,336.46,No
C-0f5af003,Female,0,No,Yes,11,Yes,Yes,DSL,Yes,No,No,No,No,Yes,Month-to-month,No,Bank transfer (automatic),40.7,431.93,Yes
C-f342b971,Female,0,Yes,No,54,Yes,Yes,Fiber optic,No internet service,Yes,No,No,No,No,Month-to-month,Yes,Electronic check,42.69,2308.67,Yes
C-42468e9a,Male,0,Yes,No,30,Yes,No,Fiber optic,No,No,Yes,Yes,No,No,Month-to-month,No,Credit card (automatic),48.3,1456.04,No
C-792eb57d,Female,0,Yes,No,10,Yes,No phone service,No,No internet service,No internet service,No internet service,No internet service,No internet service,No internet service,Month-to-month,Yes,Electronic check,20.66,181.9,Yes
C-ea455ed0,Male,0,Yes,No,46,Yes,No,Fiber optic,Yes,No,No,No,Yes,No,Month-to-month,Yes,Bank transfer (automatic),53.29,2440.32,Yes
C-6e91e045,Female,0,Yes,Yes,1,Yes,No,DSL,Yes,No,No,No,Yes,No,Month-to-month,Yes,Bank transfer (automatic),38.05,32.08,No
C-5c24c260,Male,0,No,Yes,22,Yes,No phone service,DSL,No,No,No,No internet service,No,Yes,Month-to-month,No,Electronic check,31.48,702.71,Yes
C-ef2ed95f,Female,0,No,No,15,Yes,Yes,DSL,No,No,Yes,No,No,No,One year,Yes,Electronic check,32.93,469.98,No
C-18be1615,Male,0,Yes,No,60,Yes,No,DSL,No,No,Yes,No,No internet service,No,Two year,No,Credit card (automatic),30.88,1834.5,No
C-38babeb5,Female,0,No,No,17,No,No phone service,Fiber optic,No,No,No,No,Yes,No internet service,Month-to-month,Yes,Bank transfer (automatic),41.9,731.56,Yes
C-16c6acd9,Male,0,No,No,16,No,No phone service,No,No internet service,No internet service,No internet service,No internet service,No internet service,No internet service,Two year,Yes,Electronic check,22.57,405.77,No
C-aa50153b,Male,0,Yes,Yes,42,Yes,No,No,No internet service,No internet service,No internet service,No internet service,No internet service,No internet service,Month-to-month,Yes,Credit card (automatic),20.66,868.98,No
C-ec90aeb1,Female,0,No,Yes,9,Yes,No,Fiber optic,Yes,No,No,Yes,Yes,No,Month-to-month,No,Credit card (automatic),61.66,566.27,Yes
C-9a696b6a,Male,0,Yes,No,35,Yes,No,Fiber optic,Yes,No,No,Yes,Yes,No internet service,Two year,No,Credit card (automatic),62.13,2155.47,No
C-e6c98fdf,Male,0,No,Yes,72,Yes,No,Fiber optic,No,No,No,No internet service,Yes,No,Two year,Yes,Credit card (automatic),46.35,3335.84,No
C-6bf30b40,Female,0,No,No,8,Yes,No,DSL,No,Yes,No,No,Yes,No internet service,Month-to-month,Yes,Electronic check,34.49,276.07,No
C-0ec7eab5,Female,0,No,No,20,No,No phone service,No,No internet service,No internet service,No internet service,No internet service,No internet service,No internet service,Month-to-month,Yes,Credit card (automatic),24.15,508.89,No
C-70a0f603,Male,1,No,No,56,Yes,Yes,DSL,Yes,No internet service,No,No,Yes,No,Month-to-month,Yes,Electronic check,35.47,1997.41,No
C-c004d72a,Female,0,No,No,24,Yes,Yes,DSL,No,No,No,No,No,No,Month-to-month,Yes,Bank transfer (automatic),30.2,718.86,No
C-7bcca4ba,Male,0,No,No,2,Yes,No,Fiber optic,No,No,No,No,Yes,No,Month-to-month,Yes,Credit card (automatic),45.73,71.43,Yes
C-54acd3d1,Male,0,Yes,No,66,Yes,Yes,Fiber optic,No,Yes,No,Yes,No,Yes,One year,Yes,Bank transfer (automatic),58.27,3828.6,No
C-402a04d7,Female,1,No,Yes,35,Yes,No phone service,DSL,Yes,No,No,Yes,Yes,No,Two year,Yes,Bank transfer (automatic),44.02,1545.76,No
C-b8c3a5f4,Male,0,No,No,70,Yes,No,DSL,No internet service,Yes,No,Yes,Yes,No,Month-to-month,Yes,Bank transfer (automatic),41.58,2902.26,No
C-fb3f6814,Female,0,Yes,No,8,Yes,No,Fiber optic,Yes,No,No,No,No,No,One year,Yes,Mailed check,39.96,312.76,No
C-e15e2a6f,Female,0,Yes,Yes,30,Yes,No,Fiber optic,No,No,No,No,Yes,Yes,Month-to-month,No,Mailed check,54.26,1626.49,Yes
C-cafef4ab,Female,0,Yes,No,17,Yes,No,DSL,No,No,No,No internet service,No,No,One year,Yes,Credit card (automatic),23.21,409.09,No
C-cba6138e,Female,1,No,Yes,71,Yes,No,DSL,No,No,No,No,No internet service,Yes,Two year,Yes,Electronic check,34.28,2443.35,No
C-c109145f,Female,0,No,No,48,Yes,No,No,No internet service,No internet service,No internet service,No internet service,No internet service,No internet service,Two year,No,Credit card (automatic),23.49,1115.68,No
C-d9308405,Male,0,Yes,Yes,50,Yes,No,DSL,No,No internet service,No internet service,No,No,No,Two year,Yes,Electronic check,23.96,1185.43,No
C-6b3af5eb,Female,0,No,No,63,Yes,No phone service,Fiber optic,No,No,No,No,Yes,Yes,Two year,Yes,Credit card (automatic),46.91,2966.48,No
C-c8b981c5,Male,0,Yes,No,18,Yes,No,DSL,Yes,Yes,No,No,Yes,No,One year,Yes,Bank transfer (automatic),38.36,721.7,No
C-363abac4,Male,1,No,Yes,12,Yes,Yes,No,No internet service,No internet service,No internet service,No internet service,No internet service,No internet service,Two year,Yes,Credit card (automatic),21.7,267.6,No
C-5760de57,Male,0,No,No,19,Yes,No phone service,Fiber optic,No internet service,Yes,Yes,Yes,No,No,Two year,No,Electronic check,53.97,1034.41,Yes
C-d9b49036,Male,0,Yes,Yes,46,Yes,No,No,No internet service,No internet service,No internet service,No internet service,No internet service,No internet service,Month-to-month,Yes,Electronic check,19.11,868.34,No
C-31f95ec6,Female,0,No,No,7,Yes,Yes,Fiber optic,No,No,Yes,Yes,No,No,One year,No,Credit card (automatic),49.9,358.7,No
C-4f41a4ea,Female,0,No,No,67,Yes,No,Fiber optic,No,No,No,No,No,No,One year,Yes,Electronic check,41.57,2765.83,No
C-694a3eb2,Female,0,No,Yes,20,Yes,No,DSL,Yes,Yes,Yes,Yes,No,Yes,Month-to-month,Yes,Mailed check,56.17,1132.96,Yes
C-75f99aba,Female,0,No,Yes,49,Yes,No,DSL,No,No internet service,No internet service,Yes,No,No,Month-to-month,No,Electronic check,27.77,1364.33,Yes
C-7fcac377,Female,1,No,No,70,Yes,Yes,Fiber optic,No internet service,No,No,Yes,Yes,Yes,One year,Yes,Mailed check,59.44,4173.6,Yes
C-4c7cdac9,Male,0,Yes,No,44,Yes,No,DSL,Yes,No internet service,Yes,No,No,Yes,Two year,Yes,Electronic check,40.84,1797.52,No
C-4c4691b4,Female,0,No,Yes,61,Yes,Yes,Fiber optic,No,No,Yes,No,No,No,Month-to-month,Yes,Electronic check,43.04,2632.71,Yes
C-c096bc87,Male,0,No,Yes,59,No,No phone service,DSL,No,No,No,No,No,No,Month-to-month,No,Mailed check,24.84,1435.28,No
C-9a314b31,Male,0,Yes,No,9,Yes,No phone service,Fiber optic,No,Yes,Yes,No,No,No,Two year,Yes,Credit card (automatic),46.98,410.58,Yes
C-46af1268,Female,1,No,Yes,62,Yes,No,DSL,No,Yes,Yes,Yes,Yes,Yes,One year,Yes,Electronic check,49.11,3051.3,Yes
C-094bc31c,Female,0,Yes,No,61,Yes,No,DSL,No,No internet service,No internet service,No,No,No,Month-to-month,Yes,Mailed check,27.23,1680.47,No
C-c6adc90a,Female,0,No,No,38,Yes,No,DSL,No,No,No,Yes,No,No,Month-to-month,No,Mailed check,27.02,1039.03,No
C-5ddc9eb2,Female,0,Yes,No,23,Yes,No,Fiber optic,No,No internet service,No,No,No,No internet service,Month-to-month,No,Electronic check,40.91,960.2,No
C-d79c7563,Female,0,No,No,20,Yes,No,DSL,No,No internet service,No internet service,No,No,Yes,One year,Yes,Bank transfer (automatic),30.11,617.5,No
C-c2d1474a,Male,1,Yes,Yes,63,Yes,No,Fiber optic,No,No,No,No,Yes,No,One year,No,Electronic check,45.51,2916.1,No
C-90d5ec79,Male,0,No,Yes,11,Yes,Yes,Fiber optic,No,Yes,Yes,No,No,No internet service,Month-to-month,Yes,Bank transfer (automatic),47.2,492.05,Yes
C-82aa34eb,Male,0,Yes,No,49,Yes,Yes,Fiber optic,No,No,No,Yes,Yes,No,Two year,No,Electronic check,50.24,2484.2,No
C-89fd9c07,Male,1,Yes,No,18,No,No phone service,DSL,No,No,No,No,No internet service,No,Month-to-month,Yes,Bank transfer (automatic),28.7,504.35,Yes
C-52a5483e,Female,1,Yes,No,5,Yes,Yes,Fiber optic,No internet service,Yes,No internet service,No,No,No internet service,Month-to-month,Yes,Bank transfer (automatic),43.32,224.36,Yes
C-6feedd0c,Male,0,Yes,No,42,Yes,No,DSL,No,Yes,No,No,No internet service,Yes,One year,No,Credit card (automatic),33.37,1409.3,No
C-9daadbdb,Male,0,No,No,18,Yes,Yes,Fiber optic,No,No,No,No,Yes,Yes,Month-to-month,Yes,Credit card (automatic),56.03,1008.21,Yes
C-a5017b05,Female,0,Yes,No,25,Yes,Yes,Fiber optic,No,No internet service,No,No,No,Yes,Two year,Yes,Credit card (automatic),46.12,1153.47,No
C-853aee40,Male,1,No,Yes,4,Yes,Yes,Fiber optic,Yes,Yes,Yes,No,No,No,Month-to-month,No,Electronic check,51.76,175.89,Yes
C-92560b5a,Female,0,Yes,Yes,37,Yes,No,Fiber optic,No internet service,No internet service,No,Yes,No,No,Month-to-month,Yes,Electronic check,41.82,1562.29,Yes
C-5f1dbd99,Female,1,Yes,Yes,66,Yes,Yes,Fiber optic,No,No,No internet service,Yes,Yes,Yes,One year,No,Credit card (automatic),60.68,4013.52,No
C-822939f5,Female,0,No,Yes,61,Yes,Yes,DSL,No,Yes,No,No,No internet service,Yes,Two year,Yes,Bank transfer (automatic),35.69,2202.26,No
C-3041deab,Female,0,Yes,No,21,Yes,No,Fiber optic,No,No,No,Yes,Yes,Yes,Month-to-month,Yes,Credit card (automatic),58.1,1245.46,No
C-f220f8db,Female,0,No,Yes,27,No,No phone service,DSL,No,Yes,No,Yes,Yes,No,Month-to-month,Yes,Mailed check,39.18,1080.08,Yes
C-4207bf5f,Female,0,Yes,No,71,Yes,Yes,DSL,No,Yes,No,No,No,Yes,Month-to-month,No,Mailed check,34.26,2451.59,No
C-32eb0ffa,Female,0,Yes,Yes,66,Yes,Yes,DSL,No,No,No internet service,No,Yes,Yes,Two year,Yes,Bank transfer (automatic),35.46,2350.2,No
C-5f4b1f1b,Female,0,Yes,No,35,Yes,Yes,Fiber optic,Yes,No,No,Yes,Yes,Yes,One year,No,Mailed check,62.72,2176.23,No
C-f0f840c6,Male,0,Yes,No,52,Yes,No,No,No internet service,No internet service,No internet service,No internet service,No internet service,No internet service,Two year,No,Electronic check,22.34,1166.09,No
C-9d6fee9c,Male,0,No,No,42,Yes,Yes,DSL,No,Yes,No,Yes,Yes,No,One year,No,Mailed check,36.53,1544.88,No
C-114a59d2,Female,0,Yes,No,69,Yes,No,DSL,No internet service,No internet service,No,No internet service,No internet service,No internet service,Month-to-month,Yes,Mailed check,23.74,1626.56,No
C-299bec74,Female,0,Yes,No,49,Yes,No,No,No internet service,No internet service,No internet service,No internet service,No internet service,No internet service,Two year,Yes,Credit card (automatic),18.0,882.46,No
C-4ecc8a56,Male,0,Yes,No,51,Yes,No,DSL,Yes,No,No,Yes,No,Yes,Month-to-month,No,Electronic check,43.71,2207.64,No
C-86df7340,Female,0,No,No,15,Yes,No,DSL,No,No,No,No,Yes,Yes,Month-to-month,No,Electronic check,40.19,619.05,Yes
C-c0fbdb5d,Male,0,Yes,No,62,No,No phone service,DSL,Yes,No,Yes,Yes,Yes,No,Month-to-month,Yes,Bank transfer (automatic),41.31,2511.49,No
C-a26051d0,Female,0,Yes,No,42,Yes,No,No,No internet service,No internet service,No internet service,No internet service,No internet service,No internet service,One year,Yes,Electronic check,18.0,775.44,No
C-a53a91b2,Female,1,No,No,70,Yes,No,Fiber optic,No,No,No internet service,No,Yes,No,Month-to-month,Yes,Electronic check,44.85,3147.61,No
C-ddf39557,Male,0,Yes,Yes,62,No,No phone service,Fiber optic,No internet service,No,No,No,No,Yes,Month-to-month,Yes,Mailed check,49.79,3096.85,No
C-606d4e40,Male,0,No,No,70,Yes,No phone service,DSL,No,No,No,No,No,Yes,Month-to-month,No,Credit card (automatic),29.86,2089.5,No
C-981092e3,Female,0,Yes,No,23,No,No phone service,DSL,Yes,No internet service,No,No,No,Yes,Month-to-month,Yes,Bank transfer (automatic),38.51,893.1,No
C-5fa83005,Female,0,No,No,17,No,No phone service,DSL,No internet service,No,Yes,No,No,No internet service,Month-to-month,No,Electronic check,35.62,595.09,No
C-696dab5c,Female,0,No,No,63,No,No phone service,Fiber optic,No,No internet service,Yes,No,Yes,No internet service,Month-to-month,Yes,Electronic check,50.69,3209.98,Yes
C-6b885bc3,Male,0,Yes,Yes,23,Yes,No,DSL,Yes,No,No,No,No,Yes,Month-to-month,Yes,Bank transfer (automatic),36.94,883.66,No
C-738f74db,Female,0,No,No,55,Yes,No phone service,Fiber optic,No internet service,No internet service,No,Yes,No,No,Month-to-month,No,Electronic check,48.35,2659.16,Yes
C-da8ae8d9,Female,0,No,No,21,Yes,No,No,No internet service,No internet service,No internet service,No internet service,No internet service,No internet service,Month-to-month,No,Mailed check,18.32,390.17,No
C-82a133b0,Male,1,Yes,Yes,72,Yes,No,Fiber optic,No,No,Yes,No,No,Yes,Two year,No,Mailed check,49.5,3567.5,No
C-eb9b955a,Male,1,No,No,42,Yes,Yes,DSL,Yes,Yes,No,No,No,No,Month-to-month,No,Credit card (automatic),37.29,1569.1,No
C-4f16d836,Female,0,No,No,10,Yes,No,No,No internet service,No internet service,No internet service,No internet service,No internet service,No internet service,Month-to-month,No,Bank transfer (automatic),18.03,157.04,Yes
C-40ec065a,Female,0,No,No,34,No,No phone service,DSL,No,No,Yes,No,Yes,Yes,Two year,No,Electronic check,42.09,1421.2,No
C-8f29607b,Male,0,No,No,50,No,No phone service,Fiber optic,Yes,No,Yes,No,Yes,No,Two year,Yes,Electronic check,57.67,2867.1,No
C-3a7ae5fd,Female,0,Yes,No,24,Yes,Yes,Fiber optic,Yes,No,No,No internet service,No,Yes,Two year,Yes,Electronic check,45.27,1054.95,No
C-9e0fe49d,Male,0,No,Yes,37,Yes,No phone service,No,No internet service,No internet service,No internet service,No internet service,No internet service,No internet service,Month-to-month,No,Electronic check,20.44,772.97,Yes
C-bbe63d9d,Female,0,No,Yes,59,Yes,No phone service,No,No internet service,No internet service,No internet service,No internet service,No internet service,No internet service,Month-to-month,Yes,Electronic check,23.35,1376.75,Yes
C-bfcecc4f,Male,0,No,Yes,49,Yes,Yes,No,No internet service,No internet service,No internet service,No internet service,No internet service,No internet service,Two year,Yes,Electronic check,22.96,1153.03,No
C-721fead3,Male,0,Yes,No,17,Yes,Yes,No,No internet service,No internet service,No internet service,No internet service,No internet service,No internet service,Month-to-month,Yes,Electronic check,19.02,303.53,Yes
C-1d9e977e,Female,1,Yes,No,35,Yes,Yes,DSL,No internet service,Yes,No,No,No,No,Month-to-month,Yes,Mailed check,28.35,995.1,Yes
C-d0ef3628,Female,0,No,No,52,Yes,No,Fiber optic,No,No internet service,No,No,No,No,Two year,No,Electronic check,43.83,2242.13,No
C-f0139e5c,Female,0,No,No,30,Yes,No phone service,Fiber optic,Yes,No,No,No,No,No,Month-to-month,Yes,Credit card (automatic),47.12,1424.11,Yes
C-03ddcd28,Male,1,Yes,No,72,Yes,No,Fiber optic,No,No,No,No internet service,No,Yes,Month-to-month,No,Electronic check,51.09,3663.85,No
C-cf732edf,Male,0,No,No,14,Yes,No,Fiber optic,No internet service,No internet service,No,No,Yes,No,Month-to-month,Yes,Electronic check,47.81,647.09,Yes
C-c49eb82e,Male,0,Yes,No,8,Yes,No,DSL,No,No,Yes,No internet service,Yes,No internet service,Month-to-month,Yes,Electronic check,34.45,286.76,Yes
C-20382b30,Male,1,No,Yes,56,Yes,Yes,No,No internet service,No internet service,No internet service,No internet service,No internet service,No internet service,Two year,No,Electronic check,22.88,1283.22,No
C-e904b0c1,Male,1,Yes,No,55,Yes,Yes,DSL,Yes,No internet service,No,Yes,No internet service,Yes,Month-to-month,No,Mailed check,42.13,2279.23,No
C-01f4d70c,Male,0,Yes,Yes,28,Yes,Yes,DSL,Yes,No,No,No,Yes,No internet service,Month-to-month,No,Electronic check,38.23,1041.41,No
C-6d8303d4,Female,0,No,No,21,Yes,Yes,Fiber optic,No,No,No,No,No,No,Month-to-month,Yes,Mailed check,44.75,928.68,Yes
C-185051c5,Female,1,No,Yes,33,Yes,No,DSL,No,No,No internet service,Yes,No,Yes,One year,No,Credit card (automatic),36.17,1162.56,Yes
C-b0fff573,Female,0,No,Yes,48,No,No phone service,No,No internet service,No internet service,No internet service,No internet service,No internet service,No internet service,Two year,Yes,Credit card (automatic),18.0,839.81,No
C-acf847a7,Male,0,Yes,No,12,Yes,No phone service,DSL,No,No internet service,No internet service,No,No,Yes,One year,Yes,Bank transfer (automatic),29.56,339.71,No
C-d3f69bcd,Male,0,Yes,No,22,Yes,Yes,No,No internet service,No internet service,No internet service,No internet service,No internet service,No internet service,One year,No,Credit card (automatic),18.0,406.37,No
C-efe67cc7,Female,1,Yes,No,1,Yes,No,Fiber optic,No,No,No,No internet service,No,Yes,Two year,Yes,Bank transfer (automatic),41.84,32.33,Yes
C-183fab43,Male,0,No,No,20,Yes,Yes,Fiber optic,No,Yes,Yes,No,Yes,No,Month-to-month,No,Credit card (automatic),55.18,1090.46,No
C-7337b068,Female,0,Yes,No,52,Yes,Yes,No,No internet service,No internet service,No internet service,No internet service,No internet service,No internet service,Month-to-month,Yes,Mailed check,18.0,944.34,No
C-4ae6d03d,Female,0,Yes,Yes,37,Yes,No,No,No internet service,No internet service,No internet service,No internet service,No internet service,No internet service,Month-to-month,No,Electronic check,21.07,769.93,No
C-783dd805,Male,0,Yes,No,63,Yes,No,Fiber optic,Yes,No internet service,No,Yes,Yes,No,Month-to-month,Yes,Mailed check,60.74,3858.34,No
C-34097dcc,Male,0,Yes,No,39,Yes,No,DSL,No,No,No,Yes,No internet service,Yes,Two year,Yes,Mailed check,29.73,1166.18,No
C-13fc1dc0,Female,1,No,Yes,51,Yes,Yes,DSL,No,No,No,No,Yes,No internet service,Month-to-month,No,Mailed check,26.87,1374.62,No
C-cb402e65,Female,0,Yes,No,16,Yes,Yes,DSL,Yes,Yes,No,No,No,Yes,One year,Yes,Electronic check,44.48,695.11,No
C-00752d0d,Male,1,No,No,8,Yes,No,Fiber optic,Yes,Yes,No,No,No internet service,No,One year,Yes,Electronic check,51.05,437.27,Yes
C-bb369075,Male,0,Yes,No,35,Yes,Yes,DSL,No,Yes,No,No,Yes,Yes,Month-to-month,Yes,Electronic check,39.3,1406.83,No
C-362e9fc0,Female,0,No,No,53,Yes,No phone service,DSL,No,No internet service,Yes,No,Yes,No,One year,No,Credit card (automatic),37.24,1957.57,No
C-4094ae66,Female,0,No,Yes,25,Yes,Yes,Fiber optic,Yes,No,No,No,No,No internet service,Two year,Yes,Mailed check,44.74,1109.4,No
C-cc3d5395,Male,1,Yes,No,45,Yes,No,No,No internet service,No internet service,No internet service,No internet service,No internet service,No internet service,Two year,No,Mailed check,18.03,846.71,No
C-e4b3ad4f,Female,0,No,No,3,Yes,No,Fiber optic,No,No,No,No,No,Yes,Month-to-month,No,Credit card (automatic),41.08,127.97,Yes
C-f7f2ba34,Male,1,Yes,No,50,Yes,No,No,No internet service,No internet service,No internet service,No internet service,No internet service,No internet service,Two year,Yes,Electronic check,18.08,919.86,No
C-3c45b461,Female,0,Yes,No,28,Yes,No phone service,No,No internet service,No internet service,No internet service,No internet service,No internet service,No internet service,Two year,Yes,Electronic check,21.61,598.21,No
C-59a31998,Female,1,Yes,No,48,Yes,Yes,DSL,No,No,Yes,No,No,No,Month-to-month,Yes,Electronic check,26.7,1269.95,Yes
C-04985e4d,Female,0,No,No,22,Yes,No phone service,DSL,No,Yes,Yes,No internet service,No internet service,Yes,Month-to-month,No,Mailed check,42.23,939.1,No
C-1dd542a2,Female,0,Yes,Yes,59,Yes,No,DSL,No,No,Yes,Yes,No internet service,Yes,Two year,No,Electronic check,36.15,2130.4,No
C-a06ac0c7,Male,1,Yes,No,55,Yes,Yes,Fiber optic,No,No,Yes,No,Yes,No,Month-to-month,Yes,Mailed check,53.69,2949.36,No
C-465c5edf,Female,0,Yes,No,51,Yes,Yes,DSL,Yes,No,No,Yes,No,No,Month-to-month,Yes,Mailed check,37.13,1889.8,No
C-4b52746e,Male,0,No,Yes,1,Yes,Yes,DSL,Yes,No,No internet service,No,No,No internet service,One year,No,Bank transfer (automatic),30.21,0.0,Yes
C-eaadb071,Female,0,Yes,No,47,Yes,Yes,DSL,No internet service,Yes,No,No,Yes,No,Month-to-month,Yes,Electronic check,37.57,1759.93,No
C-7cefa169,Female,0,Yes,No,22,Yes,Yes,Fiber optic,Yes,No,No,No,No,No,Month-to-month,No,Bank transfer (automatic),49.41,1083.81,No
C-114be3b5,Male,0,No,No,54,No,No phone service,No,No internet service,No internet service,No internet service,No internet service,No internet service,No internet service,Month-to-month,Yes,Mailed check,21.67,1130.32,No
C-744f77c2,Female,1,Yes,No,39,Yes,No phone service,Fiber optic,No,No,Yes,No,No internet service,No,Month-to-month,Yes,Electronic check,35.73,1428.53,Yes
C-e4ba9335,Male,0,Yes,Yes,64,Yes,No,DSL,No,No,No,No,Yes,Yes,Two year,No,Credit card (automatic),37.83,2396.87,No
C-2e27cfba,Female,0,No,No,59,Yes,No,DSL,No,Yes,No,No,No,Yes,Two year,No,Electronic check,39.06,2311.97,No
C-288d7a42,Male,1,No,No,35,Yes,Yes,Fiber optic,No internet service,No,Yes,No,No,Yes,One year,Yes,Credit card (automatic),50.89,1786.93,No
C-c3c63516,Male,0,Yes,No,35,No,No phone service,No,No internet service,No internet service,No internet service,No internet service,No internet service,No internet service,One year,Yes,Mailed check,18.0,638.16,No
C-7eabe6a8,Female,0,Yes,No,64,Yes,Yes,No,No internet service,No internet service,No internet service,No internet service,No internet service,No internet service,Two year,No,Mailed check,19.73,1253.29,No
C-1e263d70,Male,0,No,Yes,14,Yes,Yes,Fiber optic,Yes,Yes,No,Yes,Yes,No,One year,Yes,Electronic check,63.3,875.0,Yes
C-32a91a87,Female,0,No,Yes,66,Yes,No phone service,No,No internet service,No internet service,No internet service,No internet service,No internet service,No internet service,One year,Yes,Electronic check,18.58,1250.08,No
C-e66576aa,Female,0,Yes,No,23,Yes,No phone service,Fiber optic,No,Yes,No,No internet service,No,Yes,Month-to-month,Yes,Credit card (automatic),48.49,1111.67,Yes
C-9ebc305f,Female,1,Yes,Yes,17,Yes,No,DSL,No,No,No,No,No,No internet service,One year,Yes,Mailed check,23.47,362.72,No
C-5b2e656e,Male,0,No,Yes,39,Yes,Yes,Fiber optic,No,Yes,Yes,No,No internet service,No,Month-to-month,Yes,Bank transfer (automatic),52.16,2028.81,No
C-941f6272,Female,0,Yes,Yes,32,Yes,No phone service,Fiber optic,Yes,Yes,Yes,No,Yes,No internet service,Month-to-month,Yes,Electronic check,60.3,1913.09,Yes
C-2c93cb34,Male,0,No,Yes,18,Yes,Yes,No,No internet service,No internet service,No internet service,No internet service,No internet service,No internet service,One year,No,Electronic check,18.16,299.59,No
C-17b7f927,Female,0,Yes,No,10,Yes,No,No,No internet service,No internet service,No internet service,No internet service,No internet service,No internet service,Two year,Yes,Electronic check,18.0,191.82,No
C-75c49add,Female,0,Yes,No,2,Yes,Yes,No,No internet service,No internet service,No internet service,No internet service,No internet service,No internet service,One year,No,Credit card (automatic),18.31,13.86,No
C-d9616fbe,Male,1,Yes,Yes,28,Yes,No,No,No internet service,No internet service,No internet service,No internet service,No internet service,No internet service,One year,Yes,Electronic check,20.92,593.84,No
C-207c46fb,Male,1,Yes,No,8,Yes,No,DSL,Yes,Yes,Yes,Yes,Yes,Yes,Month-to-month,Yes,Bank transfer (automatic),56.84,437.62,Yes
C-ba59997a,Male,0,No,Yes,72,Yes,No,DSL,Yes,No,No,No,No internet service,No internet service,Two year,No,Electronic check,31.75,2236.23,No
C-bb8e6738,Female,0,No,Yes,31,Yes,Yes,Fiber optic,No,No internet service,Yes,No,No,No,Month-to-month,Yes,Mailed check,44.1,1384.95,Yes
C-16fed101,Male,0,Yes,No,29,Yes,No,No,No internet service,No internet service,No internet service,No internet service,No internet service,No internet service,Two year,Yes,Electronic check,21.61,613.75,No
C-aa915cba,Male,0,No,No,1,Yes,No phone service,DSL,Yes,No,No,Yes,No,No,Month-to-month,No,Credit card (automatic),31.61,63.11,Yes
C-50fdf398,Male,1,No,No,3,Yes,Yes,Fiber optic,No,No,Yes,No,No,Yes,Two year,Yes,Mailed check,49.99,141.39,No
C-e0daa984,Female,0,No,No,17,Yes,Yes,DSL,Yes,No,No,Yes,No,No,Month-to-month,No,Credit card (automatic),33.87,577.74,Yes
C-11ffa440,Female,0,No,No,23,Yes,No,DSL,Yes,Yes,No,No,No,No internet service,Month-to-month,Yes,Bank transfer (automatic),36.16,824.85,No
C-38586f32,Male,0,Yes,No,57,Yes,No,DSL,No,Yes,No,Yes,No,No,Month-to-month,No,Mailed check,35.18,2012.36,No
C-faa81a8b,Female,0,Yes,Yes,64,Yes,No,No,No internet service,No internet service,No internet service,No internet service,No internet service,No internet service,Two year,No,Credit card (automatic),18.21,1186.35,No
C-61cb86ba,Male,1,No,No,63,Yes,Yes,DSL,No,No,No,No,No,Yes,One year,No,Credit card (automatic),27.48,1748.13,No
C-91022560,Male,0,Yes,No,53,Yes,Yes,DSL,No,No internet service,No,No internet service,No,No internet service,Month-to-month,No,Mailed check,27.14,1443.81,No
C-46e389bb,Male,0,No,No,29,Yes,Yes,No,No internet service,No internet service,No internet service,No internet service,No internet service,No internet service,Month-to-month,No,Mailed check,19.99,586.25,Yes
C-9c067cf2,Female,0,No,No,19,Yes,No phone service,DSL,Yes,No,No,Yes,No internet service,Yes,Two year,Yes,Credit card (automatic),41.45,798.83,No
C-1d09188c,Female,0,No,No,69,Yes,Yes,DSL,No,No,Yes,No,No internet service,No,Month-to-month,Yes,Electronic check,30.93,2116.1,No
C-026b730e,Female,0,No,No,69,Yes,Yes,No,No internet service,No internet service,No internet service,No internet service,No internet service,No internet service,Month-to-month,Yes,Credit card (automatic),21.5,1518.1,No
C-cad02b62,Male,0,Yes,Yes,34,Yes,No,No,No internet service,No internet service,No internet service,No internet service,No internet service,No internet service,Month-to-month,No,Electronic check,19.69,640.31,Yes
C-abe51e7c,Male,1,Yes,No,39,Yes,Yes,No,No internet service,No internet service,No internet service,No internet service,No internet service,No internet service,Month-to-month,Yes,Electronic check,22.0,845.28,No
C-333c2296,Female,0,No,No,50,Yes,Yes,Fiber optic,No internet service,No internet service,Yes,No,Yes,No,One year,Yes,Mailed check,46.09,2297.38,Yes
C-8c4645ff,Female,0,Yes,No,22,Yes,No,Fiber optic,Yes,No,No,Yes,No,No,One year,No,Electronic check,49.03,1024.89,No
C-40d3817a,Male,0,No,No,37,Yes,Yes,DSL,No,Yes,No,No internet service,Yes,No,Two year,No,Credit card (automatic),28.99,1059.83,No
C-9b720c4f,Female,0,No,No,8,Yes,Yes,No,No internet service,No internet service,No internet service,No internet service,No internet service,No internet service,One year,Yes,Electronic check,22.46,240.05,No
C-80203371,Male,0,Yes,Yes,56,Yes,Yes,Fiber optic,No,Yes,No internet service,Yes,Yes,No,Month-to-month,No,Credit card (automatic),56.04,3146.2,No
C-95b0c956,Female,0,Yes,No,47,Yes,No,Fiber optic,No,Yes,No,No,No,No,Month-to-month,Yes,Electronic check,45.35,2149.03,Yes
C-40a38dc7,Female,0,No,Yes,72,Yes,No,No,No internet service,No internet service,No internet service,No internet service,No internet service,No internet service,Two year,Yes,Credit card (automatic),24.07,1751.46,No
C-5d2de549,Male,0,Yes,No,52,Yes,Yes,Fiber optic,No,Yes,No,No internet service,Yes,No,Month-to-month,No,Electronic check,46.84,2432.86,Yes
C-173bbf61,Male,1,Yes,Yes,55,Yes,Yes,DSL,Yes,No internet service,No,No internet service,No,Yes,Month-to-month,Yes,Credit card (automatic),36.88,2025.95,No
C-9134c88e,Male,1,Yes,No,70,No,No phone service,Fiber optic,Yes,Yes,No,No,No,Yes,Month-to-month,Yes,Electronic check,56.25,3902.35,No
C-5632bac1,Male,0,No,Yes,1,Yes,No,Fiber optic,No,No,No,No,No,No internet service,One year,Yes,Mailed check,37.05,11.4,Yes
C-d2be3802,Male,0,No,No,58,Yes,Yes,DSL,No,Yes,Yes,Yes,Yes,No internet service,Month-to-month,No,Bank transfer (automatic),46.62,2712.7,No
C-f6ccdb97,Female,1,Yes,No,64,Yes,No,DSL,No,No,Yes,Yes,No,No internet service,Month-to-month,Yes,Mailed check,36.48,2342.97,No
C-09670277,Female,0,Yes,No,8,No,No phone service,DSL,Yes,No,Yes,No,No,Yes,Two year,Yes,Mailed check,42.15,377.72,No
C-1db867a1,Male,0,Yes,No,32,Yes,No,Fiber optic,Yes,No,No,No internet service,Yes,No,One year,Yes,Electronic check,49.07,1557.02,Yes
C-1e8dc630,Female,0,No,No,38,Yes,Yes,DSL,No internet service,No,Yes,Yes,No,Yes,Month-to-month,Yes,Bank transfer (automatic),38.92,1485.2,No
C-efcef784,Female,1,Yes,Yes,9,Yes,No phone service,Fiber optic,No,No,No,No,No,Yes,Month-to-month,Yes,Electronic check,37.9,325.23,Yes
C-2bb65353,Male,0,No,No,52,Yes,No,Fiber optic,No internet service,Yes,Yes,No,No,No internet service,Month-to-month,Yes,Credit card (automatic),49.6,2530.6,No
C-75dcc2a7,Female,1,Yes,Yes,54,Yes,No,Fiber optic,Yes,No,Yes,No,No,No internet service,Month-to-month,Yes,Bank transfer (automatic),54.9,2959.74,No
C-b46c12fe,Female,1,No,No,30,Yes,No,Fiber optic,No,Yes,No,No,No,No internet service,Month-to-month,Yes,Electronic check,44.71,1331.33,No
C-0583ceac,Female,0,No,No,41,Yes,No,DSL,No,No,No,Yes,No,No,Month-to-month,No,Credit card (automatic),26.08,1064.75,No
C-554599e0,Female,0,Yes,Yes,68,Yes,Yes,Fiber optic,Yes,No,Yes,Yes,Yes,Yes,Month-to-month,Yes,Electronic check,65.94,4511.15,No
C-13ac5978,Female,0,No,No,16,Yes,No,Fiber optic,No,No internet service,No internet service,No,No,No,Two year,No,Electronic check,38.1,614.93,No
C-ed0a0012,Female,0,No,No,22,Yes,No,Fiber optic,No,Yes,Yes,No,Yes,No,Two year,No,Electronic check,57.1,1270.37,No
C-3cc29d6d,Female,1,No,No,64,Yes,No,No,No internet service,No internet service,No internet service,No internet service,No internet service,No internet service,Month-to-month,No,Credit card (automatic),18.0,1191.67,No
C-4745ae53,Male,0,Yes,Yes,18,No,No phone service,Fiber optic,No,No,No internet service,Yes,No,No,Month-to-month,Yes,Credit card (automatic),41.74,729.62,No
C-5204e75a,Male,0,No,No,10,No,No phone service,DSL,No internet service,Yes,No,No,No,Yes,One year,Yes,Credit card (automatic),33.96,350.27,Yes
C-b5a9a8b7,Female,0,No,No,61,Yes,No phone service,No,No internet service,No internet service,No internet service,No internet service,No internet service,No internet service,Month-to-month,No,Credit card (automatic),24.68,1513.93,Yes
C-b2911b2d,Male,0,No,No,42,Yes,No,No,No internet service,No internet service,No internet service,No internet service,No internet service,No internet service,Two year,Yes,Electronic check,18.77,821.0,No
C-34170b2d,Male,0,Yes,No,5,Yes,No,Fiber optic,No internet service,No,No,No,Yes,Yes,Month-to-month,Yes,Credit card (automatic),48.47,258.47,Yes
C-08cb15e4,Female,0,Yes,No,36,Yes,No phone service,No,No internet service,No internet service,No internet service,No internet service,No internet service,No internet service,Two year,No,Mailed check,22.48,799.97,No
C-6aa7e96e,Male,0,No,No,70,No,No phone service,Fiber optic,No,No,No,No,Yes,No,Month-to-month,Yes,Credit card (automatic),47.97,3339.23,No
C-ce492166,Male,1,No,Yes,20,No,No phone service,No,No internet service,No internet service,No internet service,No internet service,No internet service,No internet service,Two year,Yes,Credit card (automatic),20.55,408.36,No
C-ed57470a,Female,0,Yes,No,9,Yes,No phone service,Fiber optic,No,Yes,No,No,Yes,No,Month-to-month,No,Electronic check,56.52,521.83,Yes
C-b1cd4d76,Female,0,No,Yes,48,Yes,No,DSL,No,No,No,No,No,Yes,Two year,No,Credit card (automatic),32.01,1556.32,No
C-2c2d29ca,Male,0,No,No,67,Yes,No,No,No internet service,No internet service,No internet service,No internet service,No internet service,No internet service,Month-to-month,Yes,Bank transfer (automatic),18.84,1267.48,No
C-06964c93,Female,1,Yes,Yes,14,Yes,Yes,Fiber optic,Yes,No internet service,No,No,No,No internet service,Month-to-month,Yes,Electronic check,41.45,554.33,No
C-ab97b125,Female,0,No,No,37,Yes,Yes,Fiber optic,No,Yes,Yes,No,Yes,No,Month-to-month,Yes,Credit card (automatic),55.56,2029.32,Yes
C-fdfa97f6,Female,0,Yes,No,6,Yes,No phone service,Fiber optic,Yes,No,Yes,No,No,No,Month-to-month,Yes,Credit card (automatic),51.57,317.8,Yes
C-b83ddf05,Male,0,No,No,50,Yes,No,DSL,No,Yes,No,Yes,Yes,No,Month-to-month,No,Credit card (automatic),40.38,2002.92,No
C-5a8cf44b,Male,0,Yes,No,25,Yes,No phone service,DSL,Yes,No,Yes,No,Yes,No,Two year,No,Electronic check,35.59,864.95,No
C-b98f2753,Male,0,No,Yes,68,Yes,No,DSL,No,Yes,No,Yes,Yes,Yes,Month-to-month,No,Electronic check,40.74,2767.42,No
C-367fa335,Male,0,No,No,33,Yes,No,No,No internet service,No internet service,No internet service,No internet service,No internet service,No internet service,Two year,Yes,Credit card (automatic),22.74,736.97,No
C-bb3b1d48,Female,1,No,Yes,34,Yes,Yes,Fiber optic,No,Yes,No,No,Yes,Yes,One year,No,Bank transfer (automatic),57.5,1941.35,No
C-1850f7e4,Female,1,Yes,Yes,0,Yes,No,DSL,No,No,No,No internet service,No,No,Month-to-month,No,Electronic check,25.11,21.86,Yes
C-554a00b4,Male,0,No,No,29,No,No phone service,DSL,No,No internet service,No,Yes,No internet service,No,Two year,Yes,Electronic check,28.31,814.38,No
C-1769ff7b,Female,0,Yes,Yes,9,Yes,Yes,DSL,No,No,No,Yes,No,Yes,One year,No,Mailed check,34.46,310.58,No
C-8ebd08cd,Male,0,No,No,49,No,No phone service,DSL,No,Yes,No,No,No internet service,No,Month-to-month,Yes,Mailed check,27.08,1327.41,Yes
C-e4d5be64,Female,0,No,No,63,Yes,Yes,DSL,No,Yes,No,No,Yes,No,Month-to-month,No,Mailed check,36.98,2324.07,Yes
C-2e83ca0a,Male,0,Yes,No,50,Yes,No,No,No internet service,No internet service,No internet service,No internet service,No internet service,No internet service,Two year,No,Electronic check,18.0,892.9,No
C-49e0b5e6,Female,0,No,Yes,1,Yes,No,Fiber optic,No,No,No,No internet service,No,No,Two year,No,Electronic check,30.51,28.77,Yes
C-ffc36a7e,Male,0,No,No,43,Yes,No,Fiber optic,No,Yes,No,No,No,No,Month-to-month,Yes,Bank transfer (automatic),44.0,1892.9,No
C-9b2a8ddd,Male,0,Yes,Yes,23,Yes,No,Fiber optic,Yes,Yes,No internet service,No,No,No internet service,Month-to-month,Yes,Electronic check,52.83,1167.97,No
C-a810af06,Male,0,Yes,No,43,Yes,No,Fiber optic,Yes,No,Yes,No,No internet service,Yes,One year,No,Credit card (automatic),58.05,2504.54,No
C-1eef5bf6,Male,0,No,No,6,Yes,Yes,Fiber optic,No internet service,No,No internet service,No,No internet service,No,One year,No,Mailed check,38.76,260.44,Yes
C-b5ca3440,Male,0,Yes,Yes,23,Yes,No phone service,No,No internet service,No internet service,No internet service,No internet service,No internet service,No internet service,Month-to-month,No,Credit card (automatic),18.0,422.67,Yes
C-1b92e4f3,Female,0,No,Yes,34,Yes,No,Fiber optic,No,Yes,No,No,No,Yes,Month-to-month,No,Credit card (automatic),48.84,1640.86,Yes
C-61dd0a53,Female,0,No,No,48,Yes,Yes,DSL,No,No internet service,No,No,Yes,Yes,Month-to-month,Yes,Electronic check,35.41,1693.1,Yes
C-a194be32,Female,0,No,Yes,43,Yes,No,No,No internet service,No internet service,No internet service,No internet service,No internet service,No internet service,Month-to-month,Yes,Credit card (automatic),22.57,956.99,No
C-e254b5ca,Female,0,No,No,41,Yes,Yes,Fiber optic,Yes,No internet service,Yes,Yes,No,Yes,Month-to-month,Yes,Credit card (automatic),62.25,2544.24,No
C-eb61d36d,Female,1,No,No,27,No,No phone service,DSL,Yes,No,No,No,Yes,Yes,Month-to-month,Yes,Credit card (automatic),45.05,1212.1,No
C-6002fe4e,Male,1,No,Yes,9,Yes,No,Fiber optic,No,No,No,No,No,No,Month-to-month,No,Mailed check,41.34,363.75,Yes
C-e3a5770a,Male,0,No,No,19,Yes,Yes,No,No internet service,No internet service,No internet service,No internet service,No internet service,No internet service,Month-to-month,Yes,Credit card (automatic),21.28,371.67,No
C-5d4802e0,Female,0,Yes,No,23,Yes,No,DSL,No,Yes,No internet service,Yes,No,Yes,One year,Yes,Credit card (automatic),47.14,1091.8,No
C-e00cc88e,Male,0,Yes,No,37,Yes,No,Fiber optic,No,No,No,No internet service,No,Yes,Month-to-month,No,Credit card (automatic),45.06,1658.79,No
C-45e18f50,Male,0,No,No,50,Yes,No phone service,Fiber optic,Yes,No,Yes,Yes,Yes,No,Two year,No,Credit card (automatic),60.7,3022.03,No
C-8126eec1,Male,0,No,Yes,26,No,No phone service,DSL,No,No,No,Yes,Yes,No,One year,Yes,Credit card (automatic),40.63,995.36,No
C-30481545,Female,0,No,No,24,Yes,No,Fiber optic,Yes,No,No,No,No,No,Month-to-month,No,Bank transfer (automatic),42.25,1007.83,Yes
C-43ce0915,Female,0,No,No,30,Yes,Yes,DSL,Yes,No,Yes,No,Yes,No,One year,Yes,Mailed check,45.0,1351.34,No
C-2f79fe02,Female,0,Yes,No,7,Yes,No,DSL,Yes,No,No,No internet service,Yes,No,Month-to-month,No,Electronic check,35.78,220.15,No
C-98be008c,Female,1,No,No,44,Yes,No,DSL,Yes,Yes,No,No,No,No,Two year,Yes,Credit card (automatic),37.88,1633.33,No
C-45432aa7,Male,1,Yes,Yes,30,Yes,No,DSL,Yes,Yes,No,No,Yes,No,Month-to-month,No,Electronic check,42.1,1298.43,No
C-78db725c,Male,1,No,No,61,Yes,No,No,No internet service,No internet service,No internet service,No internet service,No internet service,No internet service,Month-to-month,Yes,Electronic check,18.0,1108.57,No
C-751a2100,Male,0,No,No,65,Yes,No phone service,DSL,Yes,Yes,Yes,Yes,No,Yes,Two year,Yes,Mailed check,52.13,3365.77,No
C-7e12b1ab,Male,0,No,No,0,Yes,Yes,No,No internet service,No internet service,No internet service,No internet service,No internet service,No internet service,Month-to-month,No,Mailed check,24.75,1.46,Yes
C-2bfc355a,Female,0,Yes,No,69,Yes,Yes,Fiber optic,Yes,No,No,No,Yes,Yes,Month-to-month,No,Mailed check,55.03,3813.99,Yes
C-3e5733f0,Male,1,No,Yes,31,Yes,Yes,Fiber optic,Yes,Yes,No,Yes,Yes,No,Month-to-month,No,Electronic check,59.8,1870.93,Yes
C-ded8877f,Female,0,No,Yes,48,Yes,Yes,Fiber optic,No,No,No internet service,Yes,No,No,Month-to-month,Yes,Electronic check,43.85,2119.81,Yes
C-7610f4d0,Male,1,Yes,Yes,31,Yes,No,DSL,No,No,No,No,No,Yes,Two year,No,Mailed check,33.48,1039.63,No
C-59c80f89,Male,0,No,No,18,Yes,No,Fiber optic,No,No,Yes,No,Yes,No,Month-to-month,No,Mailed check,51.18,893.57,No
C-5d437b33,Male,0,No,No,38,Yes,Yes,DSL,No,No internet service,No,No,No,Yes,Month-to-month,Yes,Electronic check,26.51,980.79,No
C-2bf108c6,Male,0,No,No,62,Yes,No,No,No internet service,No internet service,No internet service,No internet service,No internet service,No internet service,Two year,No,Credit card (automatic),21.64,1318.21,No
C-48a95f24,Female,0,No,Yes,71,Yes,Yes,Fiber optic,No,No,No,No,No,No,Two year,Yes,Mailed check,36.18,2570.09,No
C-348ccbc5,Male,0,No,No,2,Yes,Yes,DSL,Yes,No,Yes,No,No,No,Two year,No,Bank transfer (automatic),31.29,30.89,No
C-2b11b653,Male,0,No,No,6,Yes,No phone service,No,No internet service,No internet service,No internet service,No internet service,No internet service,No internet service,Month-to-month,Yes,Electronic check,24.34,162.62,No
C-dbcc0eb8,Female,0,No,No,58,Yes,No,No,No internet service,No internet service,No internet service,No internet service,No internet service,No internet service,Month-to-month,No,Electronic check,21.3,1233.24,No
C-086eca55,Female,0,Yes,No,15,Yes,Yes,No,No internet service,No internet service,No internet service,No internet service,No internet service,No internet service,One year,Yes,Electronic check,21.1,306.62,Yes
C-993ab4ed,Female,0,No,No,18,Yes,No phone service,Fiber optic,No,No,No,No,No,Yes,Month-to-month,Yes,Credit card (automatic),43.79,780.82,No
C-df6f8bf8,Female,0,No,No,38,Yes,Yes,DSL,Yes,Yes,No internet service,No,Yes,No,Month-to-month,No,Bank transfer (automatic),44.54,1685.5,No
C-3c41ff23,Female,0,No,Yes,4,Yes,No phone service,No,No internet service,No internet service,No internet service,No internet service,No internet service,No internet service,One year,No,Mailed check,18.0,83.13,Yes
C-5952c3fc,Female,0,Yes,No,35,Yes,Yes,Fiber optic,Yes,No,No,Yes,No,No,Month-to-month,No,Credit card (automatic),52.23,1844.86,Yes
C-e94ecb1b,Female,0,Yes,No,64,No,No phone service,No,No internet service,No internet service,No internet service,No internet service,No internet service,No internet service,Two year,No,Credit card (automatic),18.0,1163.56,No
C-8ae499b1,Male,0,No,Yes,25,Yes,No phone service,DSL,No,Yes,No,No,No,No,Month-to-month,Yes,Mailed check,30.1,735.4,No
C-dc4533b8,Male,0,No,Yes,20,Yes,Yes,No,No internet service,No internet service,No internet service,No internet service,No internet service,No internet service,Month-to-month,No,Electronic check,18.21,283.69,Yes
C-d6bab116,Female,0,Yes,Yes,9,Yes,No phone service,Fiber optic,No internet service,No internet service,No,Yes,No,No,Two year,Yes,Electronic check,45.02,410.93,No
C-babb7376,Female,0,No,No,7,No,No phone service,No,No internet service,No internet service,No internet service,No internet service,No internet service,No internet service,Two year,No,Electronic check,18.0,112.31,No
C-88034639,Female,0,No,Yes,20,No,No phone service,Fiber optic,No,Yes,Yes,No,No internet service,No,Month-to-month,No,Electronic check,47.03,913.03,Yes
C-7679af9b,Male,0,No,No,33,No,No phone service,No,No internet service,No internet service,No internet service,No internet service,No internet service,No internet service,Month-to-month,Yes,Electronic check,18.0,585.83,No
C-4a8f1d5f,Male,1,No,Yes,40,Yes,Yes,Fiber optic,Yes,No,No,Yes,No,No,Two year,Yes,Credit card (automatic),50.91,2029.39,No
C-937104d4,Male,0,No,Yes,70,Yes,No,DSL,No,No,No,No,Yes,No internet service,Month-to-month,No,Bank transfer (automatic),31.31,2202.54,No
C-55f05da4,Male,0,No,Yes,16,No,No phone service,Fiber optic,No,No,Yes,Yes,No,No internet service,Two year,No,Electronic check,51.85,824.79,Yes
C-c39b4e24,Male,0,Yes,No,2,Yes,Yes,Fiber optic,No internet service,No,No internet service,No,No internet service,No,Month-to-month,Yes,Credit card (automatic),42.16,79.78,Yes
C-12a3bde2,Male,0,Yes,No,15,Yes,No phone service,Fiber optic,Yes,No,No,No,No,No,Two year,Yes,Bank transfer (automatic),47.2,700.24,No
C-0f06bd13,Male,0,Yes,No,35,Yes,No,No,No internet service,No internet service,No internet service,No internet service,No internet service,No internet service,Month-to-month,Yes,Electronic check,18.0,642.24,Yes
C-5af84b76,Male,0,Yes,Yes,62,Yes,No,DSL,No,Yes,Yes,Yes,No,No,Month-to-month,Yes,Electronic check,39.33,2462.51,Yes
C-f5fbc252,Male,0,No,No,27,Yes,No,Fiber optic,No internet service,Yes,Yes,Yes,No,No,Month-to-month,No,Electronic check,55.37,1457.76,Yes
C-3f59ffb5,Female,0,Yes,No,21,Yes,Yes,DSL,No,Yes,No,No,No,Yes,Month-to-month,Yes,Bank transfer (automatic),36.19,736.25,No
C-7b8a3d26,Male,0,No,Yes,58,Yes,Yes,No,No internet service,No internet service,No internet service,No internet service,No internet service,No internet service,One year,Yes,Bank transfer (automatic),19.25,1137.06,No
C-99115c84,Male,0,No,No,20,Yes,No,DSL,No internet service,Yes,Yes,No,Yes,No,Two year,Yes,Electronic check,36.23,708.52,No
C-d39a5c4e,Male,0,No,Yes,47,Yes,No,Fiber optic,No,Yes,No,Yes,Yes,Yes,Month-to-month,Yes,Mailed check,61.24,2852.05,No
C-3825c454,Female,1,No,No,33,Yes,No,DSL,No,No,No internet service,No,Yes,Yes,Month-to-month,Yes,Mailed check,33.99,1123.86,No
C-15476dd2,Male,0,No,Yes,43,Yes,No phone service,Fiber optic,No internet service,Yes,Yes,Yes,No internet service,No,Month-to-month,Yes,Electronic check,49.81,2152.58,No
C-4ce53614,Female,0,Yes,No,53,Yes,Yes,No,No internet service,No internet service,No internet service,No internet service,No internet service,No internet service,Month-to-month,Yes,Electronic check,18.0,970.67,Yes
C-ab6667c4,Female,0,No,No,32,Yes,No,Fiber optic,No internet service,Yes,No,No,Yes,Yes,Month-to-month,Yes,Bank transfer (automatic),56.52,1783.29,Yes
C-2e45edc2,Male,0,Yes,Yes,33,Yes,No,Fiber optic,No,No,Yes,No,No,Yes,Month-to-month,Yes,Electronic check,52.64,1740.36,Yes
C-57e9222f,Male,0,No,No,6,Yes,Yes,No,No internet service,No internet service,No internet service,No internet service,No internet service,No internet service,Two year,No,Credit card (automatic),19.89,106.07,No
C-cb309427,Male,1,No,Yes,32,No,No phone service,DSL,No internet service,No internet service,No,No,Yes,No,One year,Yes,Electronic check,34.13,1067.39,No
C-ae962be5,Male,1,Yes,No,69,Yes,No phone service,No,No internet service,No internet service,No internet service,No internet service,No internet service,No internet service,One year,No,Electronic check,19.76,1359.49,No
C-e28580a0,Female,1,Yes,No,1,Yes,Yes,Fiber optic,No internet service,Yes,Yes,Yes,Yes,No,Two year,Yes,Credit card (automatic),66.78,81.92,No
C-1195d0d6,Female,0,Yes,Yes,51,Yes,No,Fiber optic,No,Yes,No,No,No,Yes,One year,No,Electronic check,53.39,2720.16,No
C-dd4f9f8d,Female,0,No,No,66,Yes,No phone service,No,No internet service,No internet service,No internet service,No internet service,No internet service,No internet service,Month-to-month,No,Electronic check,18.55,1235.19,No
C-b16fb694,Male,0,No,Yes,28,Yes,Yes,No,No internet service,No internet service,No internet service,No internet service,No internet service,No internet service,Two year,No,Bank transfer (automatic),21.52,626.75,No
C-978aeb7c,Female,0,Yes,No,43,Yes,No,DSL,No,No,Yes,Yes,Yes,No,One year,No,Electronic check,40.65,1744.39,No
C-e7865289,Female,0,Yes,No,47,Yes,No,DSL,No internet service,No internet service,No,No,Yes,Yes,Month-to-month,Yes,Electronic check,34.83,1633.71,Yes
C-64985e1d,Female,1,Yes,No,53,Yes,No phone service,No,No internet service,No internet service,No internet service,No internet service,No internet service,No internet service,One year,Yes,Credit card (automatic),20.52,1098.29,No
C-b8fea266,Female,0,Yes,No,49,Yes,No,No,No internet service,No internet service,No internet service,No internet service,No internet service,No internet service,One year,No,Bank transfer (automatic),21.96,1077.94,No
C-fbb99871,Male,1,Yes,Yes,48,Yes,No,No,No internet service,No internet service,No internet service,No internet service,No internet service,No internet service,Month-to-month,Yes,Credit card (automatic),21.15,1040.79,Yes
C-420ba6e1,Male,0,No,No,4,Yes,Yes,Fiber optic,No,Yes,Yes,No,No,No,One year,No,Bank transfer (automatic),48.86,201.5,Yes
C-370984ef,Female,0,Yes,Yes,28,Yes,Yes,DSL,No,No internet service,Yes,No internet service,No,No,Month-to-month,No,Bank transfer (automatic),25.9,671.87,No
C-6e3902e3,Female,0,No,Yes,18,No,No phone service,Fiber optic,Yes,No,No,No,Yes,No,Month-to-month,Yes,Mailed check,57.46,1036.33,Yes
C-58576366,Male,0,No,Yes,1,Yes,Yes,No,No internet service,No internet service,No internet service,No internet service,No internet service,No internet service,One year,No,Credit card (automatic),26.55,18.24,No
C-94904ac7,Male,0,No,No,3,Yes,Yes,Fiber optic,No,Yes,No,No internet service,Yes,No,Month-to-month,No,Electronic check,50.62,170.88,Yes
C-f6795104,Male,0,Yes,No,35,No,No phone service,Fiber optic,No,No,No,No,No,No,Month-to-month,Yes,Credit card (automatic),40.85,1439.87,Yes
C-9ce91c61,Female,0,No,Yes,15,Yes,Yes,DSL,Yes,No,Yes,No,Yes,No,Month-to-month,Yes,Mailed check,41.42,614.64,No
C-f80aa1a7,Female,0,Yes,No,63,Yes,No,DSL,No,No,No,Yes,No,No,One year,Yes,Credit card (automatic),27.91,1732.66,Yes
C-caae421f,Female,0,Yes,Yes,51,Yes,Yes,Fiber optic,No,No internet service,No,No,No,No internet service,Month-to-month,Yes,Bank transfer (automatic),36.76,1899.37,Yes
C-28e33a7d,Female,0,Yes,No,4,Yes,No,Fiber optic,Yes,No,No internet service,No,Yes,Yes,One year,No,Electronic check,55.78,213.69,Yes
C-6347be71,Male,0,No,No,61,Yes,No phone service,DSL,No internet service,Yes,No,No,No,No internet service,Month-to-month,Yes,Electronic check,33.61,2058.03,No
C-710af109,Female,0,No,Yes,63,Yes,No,DSL,No,Yes,Yes,Yes,No,Yes,One year,No,Credit card (automatic),50.57,3171.5,No
C-cdd00edd,Male,0,No,Yes,65,Yes,No phone service,Fiber optic,Yes,No,No,Yes,Yes,No,Two year,Yes,Electronic check,52.67,3400.27,No
C-f128be58,Female,1,Yes,No,18,Yes,No phone service,DSL,No,No,No,Yes,No internet service,Yes,One year,Yes,Electronic check,31.89,572.55,No
C-30d09600,Male,0,Yes,No,4,Yes,No,Fiber optic,Yes,Yes,No internet service,No,Yes,Yes,One year,No,Electronic check,63.85,225.22,Yes
C-b82ec0ed,Female,0,Yes,Yes,13,Yes,No,No,No internet service,No internet service,No internet service,No internet service,No internet service,No internet service,Month-to-month,Yes,Mailed check,18.0,216.74,No
C-b8732397,Male,0,Yes,No,39,Yes,Yes,DSL,No,No,Yes,Yes,Yes,No,One year,Yes,Electronic check,38.17,1500.2,No
C-6f2fce91,Female,0,Yes,No,33,Yes,Yes,DSL,No,Yes,No,Yes,No,Yes,Month-to-month,Yes,Credit card (automatic),45.27,1487.04,No
C-fefa8db4,Male,0,No,No,51,Yes,Yes,No,No internet service,No internet service,No internet service,No internet service,No internet service,No internet service,Two year,No,Electronic check,21.89,1128.57,No
C-042a131d,Female,0,No,No,15,Yes,Yes,Fiber optic,Yes,No,Yes,Yes,No,Yes,One year,Yes,Mailed check,58.67,853.07,No
C-dbf6c808,Female,0,No,No,64,Yes,Yes,Fiber optic,No,No,No,Yes,Yes,Yes,One year,Yes,Mailed check,57.08,3659.24,No
C-28dc4dcf,Male,0,No,No,60,No,No phone service,Fiber optic,Yes,Yes,No,No,No,No internet service,Month-to-month,Yes,Mailed check,47.33,2837.84,No
C-32be7afd,Male,0,Yes,No,29,Yes,No,Fiber optic,No internet service,No,No,No,No,No,Month-to-month,No,Electronic check,40.04,1155.75,Yes
C-900d62d2,Female,0,No,Yes,13,Yes,No phone service,No,No internet service,No internet service,No internet service,No internet service,No internet service,No internet service,Two year,No,Credit card (automatic),20.28,278.2,No
C-b5e60cf1,Male,0,No,Yes,28,Yes,No phone service,DSL,No,Yes,No internet service,Yes,No internet service,No,Month-to-month,Yes,Electronic check,36.11,1016.33,Yes
C-20f92e07,Female,0,No,Yes,68,Yes,No,DSL,No,Yes,No,No internet service,Yes,No,Month-to-month,Yes,Electronic check,35.31,2388.9,No
C-6ba680a6,Male,0,Yes,No,2,Yes,No,DSL,Yes,No,No,No,Yes,Yes,Month-to-month,Yes,Electronic check,42.49,101.44,No
C-bc20ab16,Male,0,Yes,Yes,27,No,No phone service,No,No internet service,No internet service,No internet service,No internet service,No internet service,No internet service,Month-to-month,No,Bank transfer (automatic),23.6,617.83,Yes
C-17f6f5ab,Male,1,Yes,No,46,Yes,Yes,DSL,No,Yes,No,No internet service,Yes,Yes,Month-to-month,No,Electronic check,39.02,1806.51,Yes
C-7d3bd54e,Male,0,No,No,44,Yes,No phone service,Fiber optic,No,No,No,No,No,Yes,Month-to-month,No,Electronic check,44.79,2002.27,No
C-0529bbd6,Female,0,No,No,17,No,No phone service,Fiber optic,Yes,No,No,No,Yes,No,Month-to-month,No,Electronic check,50.28,828.85,No
C-ffe51ea8,Female,0,No,No,34,No,No phone service,Fiber optic,Yes,Yes,No,No,No,No,Month-to-month,Yes,Credit card (automatic),50.22,1741.1,Yes
C-f2983268,Male,1,No,No,72,Yes,No,DSL,No,Yes,No internet service,No,No,No,One year,No,Credit card (automatic),28.02,2056.46,No
C-fc33e73f,Female,0,Yes,No,46,Yes,No,DSL,No,No,No,Yes,Yes,No,Month-to-month,No,Mailed check,41.21,1857.85,No
C-b608a5e9,Male,0,Yes,Yes,38,Yes,No,DSL,No,No internet service,No,Yes,No,Yes,Month-to-month,Yes,Mailed check,39.23,1520.48,No
C-2ea7b452,Male,0,Yes,No,12,Yes,Yes,No,No internet service,No internet service,No internet service,No internet service,No internet service,No internet service,One year,Yes,Electronic check,19.6,236.58,No
C-a2bf0fd9,Male,0,Yes,No,71,Yes,No phone service,Fiber optic,No,No,Yes,No,No,No,Two year,Yes,Electronic check,45.27,3209.87,No
C-82297368,Male,1,No,No,70,Yes,No,DSL,No,No,Yes,No internet service,No,No,Two year,Yes,Bank transfer (automatic),37.77,2639.39,No
C-baaa7dee,Male,0,No,No,6,Yes,No,Fiber optic,No internet service,Yes,No,No,Yes,Yes,Month-to-month,Yes,Electronic check,53.96,359.25,Yes
C-a1b58ea5,Female,0,No,No,13,No,No phone service,DSL,No internet service,No,No,No,No,Yes,Two year,No,Mailed check,24.63,326.8,No
C-4f586d69,Female,0,Yes,No,48,Yes,No phone service,DSL,Yes,No,Yes,No,No,Yes,Two year,Yes,Electronic check,42.87,2047.32,No
C-527614ef,Female,0,No,No,62,Yes,No,DSL,No,No,No,No,No,No,Month-to-month,Yes,Bank transfer (automatic),21.52,1329.83,No
C-06ad8cca,Male,0,Yes,Yes,57,Yes,No,Fiber optic,No,No,No,No internet service,Yes,No,Month-to-month,Yes,Bank transfer (automatic),45.19,2620.76,No
C-27d4efa3,Female,0,No,Yes,41,Yes,Yes,Fiber optic,Yes,Yes,No,Yes,No,No,Two year,No,Electronic check,60.12,2483.1,Yes
C-eb2eead2,Male,0,Yes,No,42,Yes,No,DSL,Yes,No,No,No internet service,No,No,Month-to-month,No,Mailed check,25.4,1082.9,Yes
C-7fd15b30,Male,0,Yes,No,43,Yes,No phone service,DSL,No,No,No,No,Yes,No,Month-to-month,Yes,Electronic check,31.44,1355.52,No
C-d75cc12b,Male,0,Yes,Yes,19,Yes,No,Fiber optic,No,No,No,No,No,No internet service,One year,No,Credit card (automatic),43.99,816.97,Yes
C-ea3856d2,Female,1,Yes,No,64,Yes,No,DSL,Yes,No,No,No,Yes,Yes,Month-to-month,Yes,Electronic check,45.49,2892.65,No
C-cae1a776,Female,0,Yes,No,11,Yes,Yes,DSL,Yes,No,No,No,Yes,No,Two year,Yes,Mailed check,36.44,402.18,No
C-2512eddf,Female,0,No,No,72,Yes,No,Fiber optic,No,Yes,No,No,Yes,No,Month-to-month,Yes,Bank transfer (automatic),52.86,3817.33,Yes
C-af3d3277,Male,0,Yes,Yes,57,Yes,No phone service,Fiber optic,No,Yes,No,No,No,Yes,Two year,Yes,Bank transfer (automatic),50.24,2858.06,No
C-2c4007e4,Male,0,Yes,No,6,Yes,No,Fiber optic,No,No,Yes,No,No,No internet service,Two year,Yes,Mailed check,47.67,269.4,Yes
C-14b829c8,Female,0,Yes,Yes,67,Yes,Yes,Fiber optic,No,No,Yes,No,No,No,One year,Yes,Credit card (automatic),47.47,3192.19,No
C-08745c42,Male,0,No,No,56,Yes,Yes,Fiber optic,No,Yes,Yes,No,No,No,Two year,Yes,Credit card (automatic),50.47,2844.46,No
C-bd6609d8,Male,0,No,Yes,15,Yes,No,Fiber optic,Yes,No internet service,Yes,No internet service,No internet service,No internet service,Month-to-month,Yes,Bank transfer (automatic),51.22,736.01,No
C-65787e10,Male,0,No,No,65,Yes,No,DSL,No,Yes,No,No,No,No,Month-to-month,No,Credit card (automatic),29.04,1898.92,Yes
C-c18fd2c4,Male,0,Yes,No,22,Yes,No,No,No internet service,No internet service,No internet service,No internet service,No internet service,No internet service,Month-to-month,No,Bank transfer (automatic),22.17,479.29,No
C-4c8eb850,Male,0,Yes,Yes,71,Yes,No,Fiber optic,Yes,No,No internet service,No,Yes,No,Month-to-month,No,Credit card (automatic),52.04,3695.75,Yes
C-8d45de97,Male,0,Yes,No,35,Yes,No,No,No internet service,No internet service,No internet service,No internet service,No internet service,No internet service,Month-to-month,Yes,Credit card (automatic),18.0,619.29,Yes
C-89b5a330,Male,1,Yes,No,46,Yes,Yes,DSL,Yes,No internet service,Yes,Yes,No,Yes,Month-to-month,No,Electronic check,43.12,1989.55,No
C-31e98727,Female,0,No,No,38,Yes,No phone service,No,No internet service,No internet service,No internet service,No internet service,No internet service,No internet service,Month-to-month,Yes,Bank transfer (automatic),21.36,799.77,No
C-760a1249,Male,0,Yes,Yes,65,Yes,No,No,No internet service,No internet service,No internet service,No internet service,No internet service,No internet service,One year,Yes,Electronic check,21.58,1418.6,Yes
C-87482a65,Female,0,Yes,Yes,13,Yes,No,No,No internet service,No internet service,No internet service,No internet service,No internet service,No internet service,Month-to-month,Yes,Bank transfer (automatic),19.44,250.8,Yes
C-3158e5a1,Female,0,Yes,Yes,6,No,No phone service,Fiber optic,Yes,No,No,No internet service,Yes,No,Two year,Yes,Electronic check,48.41,278.23,No
C-a32d3d94,Male,0,Yes,No,59,Yes,Yes,Fiber optic,No,No,Yes,No,No internet service,Yes,Two year,Yes,Mailed check,51.53,3020.16,No
C-27aa5eb3,Male,0,Yes,Yes,18,Yes,No,Fiber optic,Yes,No,Yes,No,Yes,Yes,Two year,Yes,Electronic check,68.08,1224.45,No
C-f52785a1,Female,0,No,No,18,Yes,Yes,DSL,No,No,No,Yes,No internet service,No,Month-to-month,No,Mailed check,29.95,562.89,No
C-7b22c021,Male,0,Yes,No,40,Yes,No,Fiber optic,Yes,No,No,No,No,No,Month-to-month,No,Electronic check,46.68,1908.83,Yes
C-16cbffe0,Male,0,Yes,No,16,Yes,No,Fiber optic,Yes,Yes,Yes,No,No,No internet service,Month-to-month,Yes,Electronic check,50.46,791.57,Yes
C-4f151afd,Male,0,Yes,No,0,Yes,No,Fiber optic,Yes,No,No,Yes,No,No,One year,Yes,Credit card (automatic),56.05,0.0,Yes
C-614d7949,Female,1,No,No,15,Yes,No,Fiber optic,Yes,No internet service,No,No,Yes,No internet service,Month-to-month,Yes,Bank transfer (automatic),56.92,853.29,Yes
C-114a3ad5,Male,0,Yes,Yes,10,Yes,Yes,No,No internet service,No internet service,No internet service,No internet service,No internet service,No internet service,Month-to-month,No,Bank transfer (automatic),22.78,254.54,Yes
C-6aa0cfa5,Male,0,Yes,No,41,Yes,No,Fiber optic,No,No,Yes,No,No,No,Two year,No,Bank transfer (automatic),43.52,1777.07,No
C-32daf017,Male,1,Yes,No,29,Yes,No,Fiber optic,No,No,No internet service,Yes,Yes,No,Month-to-month,Yes,Mailed check,50.45,1481.98,Yes
C-feb05a38,Male,0,No,No,39,No,No phone service,Fiber optic,Yes,No internet service,No,No,Yes,No,Two year,Yes,Mailed check,50.97,1963.98,No
C-49406e9c,Male,0,No,No,62,Yes,No,Fiber optic,No,Yes,Yes,No internet service,Yes,Yes,Month-to-month,Yes,Mailed check,62.68,3888.98,Yes
C-315325ea,Male,0,Yes,Yes,69,Yes,No,DSL,No,No,No,No,No internet service,No internet service,One year,No,Electronic check,22.9,1566.57,No
C-6eedc5a3,Male,0,Yes,No,25,Yes,No,Fiber optic,No internet service,No,Yes,No,No,Yes,Month-to-month,No,Electronic check,51.91,1255.88,Yes
C-63bcf508,Female,0,Yes,No,39,Yes,No,No,No internet service,No internet service,No internet service,No internet service,No internet service,No internet service,Month-to-month,Yes,Bank transfer (automatic),21.19,824.86,Yes
C-d1d53a2c,Male,1,No,No,4,Yes,Yes,Fiber optic,No,No,No,No,No,Yes,Two year,No,Electronic check,42.19,181.89,Yes
C-b3f3dc20,Male,0,No,Yes,56,Yes,Yes,Fiber optic,Yes,No,No,No,No internet service,No,Month-to-month,No,Credit card (automatic),46.25,2583.02,Yes
C-a9821fa9,Female,0,No,Yes,5,Yes,Yes,DSL,Yes,Yes,No,Yes,Yes,No,Month-to-month,No,Mailed check,52.42,207.17,Yes
C-1fd1910e,Female,0,Yes,No,23,No,No phone service,No,No internet service,No internet service,No internet service,No internet service,No internet service,No internet service,Two year,Yes,Credit card (automatic),21.53,491.04,No
C-08faeaab,Female,1,Yes,No,27,Yes,Yes,Fiber optic,No,No,No,No,No,No,Month-to-month,No,Electronic check,40.69,1085.72,Yes
C-8914fd96,Male,0,Yes,No,55,Yes,No phone service,DSL,Yes,No,Yes,No,No,No,Month-to-month,Yes,Credit card (automatic),35.44,1933.11,No
C-c650b4a3,Male,0,No,Yes,6,Yes,No,DSL,No,No,No internet service,Yes,No,No internet service,Month-to-month,No,Electronic check,28.52,159.75,No
C-4aa5df53,Male,0,No,No,25,Yes,Yes,No,No internet service,No internet service,No internet service,No internet service,No internet service,No internet service,Month-to-month,Yes,Bank transfer (automatic),18.0,430.89,No
C-8cfc92ff,Male,0,No,Yes,0,Yes,No,Fiber optic,No internet service,Yes,Yes,Yes,Yes,No,Month-to-month,Yes,Credit card (automatic),58.68,10.1,Yes
C-ac09bfca,Male,1,No,No,3,Yes,No,DSL,No,No,Yes,No,No,No,Month-to-month,Yes,Credit card (automatic),30.05,119.89,Yes
C-18167317,Female,0,No,No,3,Yes,No,Fiber optic,No,No,No,Yes,No,No,Month-to-month,No,Electronic check,45.94,162.69,Yes
C-97dd0333,Female,0,No,No,58,Yes,No,Fiber optic,No internet service,Yes,Yes,No,No,No,Two year,Yes,Mailed check,50.11,2892.09,No
C-ea7ed0c5,Male,1,Yes,No,59,Yes,No,Fiber optic,No internet service,No internet service,No,No,No,Yes,Two year,Yes,Mailed check,50.13,2983.96,No
C-ce279bed,Male,0,No,No,61,Yes,No,DSL,No,No,No,Yes,Yes,No,One year,No,Credit card (automatic),37.93,2296.45,No
C-afa1f974,Male,0,No,No,50,Yes,No,Fiber optic,No,No internet service,Yes,No,No internet service,Yes,Month-to-month,Yes,Electronic check,52.27,2607.84,No
C-9d83527e,Male,0,Yes,No,23,Yes,No,No,No internet service,No internet service,No internet service,No internet service,No internet service,No internet service,Month-to-month,No,Credit card (automatic),25.75,598.51,No
C-6ce14b58,Male,1,No,No,28,Yes,No phone service,DSL,No,Yes,Yes,No,No,No internet service,Month-to-month,No,Electronic check,30.05,804.03,Yes
C-857ac154,Male,0,No,No,60,Yes,No,Fiber optic,No internet service,No,Yes,No,Yes,No,Month-to-month,Yes,Electronic check,50.63,3012.07,No
C-6ec75364,Female,0,No,No,62,Yes,No,DSL,No,No,Yes,No,Yes,No internet service,One year,No,Electronic check,33.98,2112.01,No
C-e335da66,Male,0,Yes,Yes,46,Yes,Yes,No,No internet service,No internet service,No internet service,No internet service,No internet service,No internet service,One year,No,Electronic check,18.0,830.13,No
C-605b0eb7,Male,0,Yes,No,56,No,No phone service,Fiber optic,Yes,Yes,Yes,Yes,No,Yes,One year,Yes,Mailed check,67.1,3757.71,No
C-d5c22820,Female,0,No,No,46,No,No phone service,DSL,No,No,No,No,No internet service,Yes,Two year,Yes,Bank transfer (automatic),25.92,1187.72,No
C-88398e98,Female,0,Yes,No,34,Yes,Yes,Fiber optic,Yes,No,Yes,No,Yes,No,Two year,Yes,Electronic check,58.66,1981.97,No
C-936305ca,Male,0,Yes,No,20,Yes,No phone service,Fiber optic,Yes,No,No internet service,Yes,Yes,Yes,One year,No,Mailed check,63.81,1269.22,No
C-21331ac4,Male,0,Yes,No,11,Yes,No,No,No internet service,No internet service,No internet service,No internet service,No internet service,No internet service,Month-to-month,No,Bank transfer (automatic),21.59,227.18,No
C-55cedc00,Male,0,Yes,Yes,0,No,No phone service,Fiber optic,No internet service,Yes,No,No,No,Yes,Month-to-month,Yes,Electronic check,51.5,28.52,Yes
C-68be396c,Female,0,Yes,No,20,Yes,No,DSL,No,Yes,No,Yes,No,No,Month-to-month,Yes,Electronic check,35.21,691.19,Yes
C-2ef3bf38,Male,0,Yes,No,58,Yes,No,Fiber optic,Yes,No,No,Yes,Yes,No,Two year,Yes,Mailed check,57.04,3318.14,Yes
C-5240fd29,Male,0,No,Yes,54,Yes,Yes,DSL,No,Yes,No,No,No,No internet service,Month-to-month,No,Electronic check,27.71,1495.46,Yes
C-e062bb89,Male,0,Yes,No,67,Yes,No,DSL,No internet service,No,No,No,No,Yes,Two year,Yes,Bank transfer (automatic),27.81,1868.61,No
C-0a16e195,Male,0,Yes,No,45,Yes,No phone service,No,No internet service,No internet service,No internet service,No internet service,No internet service,No internet service,Month-to-month,Yes,Bank transfer (automatic),18.0,809.88,No
C-0faafbf9,Male,0,No,No,12,Yes,No,DSL,No,No,Yes,No,No,No,Two year,Yes,Bank transfer (automatic),25.57,269.71,No
C-e4a56d18,Male,0,Yes,No,44,Yes,Yes,Fiber optic,No,No,No,No,No internet service,No,One year,No,Mailed check,41.26,1835.57,No
C-b1bd84c4,Female,0,No,Yes,42,Yes,No phone service,Fiber optic,Yes,No,No,No,Yes,No,Month-to-month,No,Mailed check,47.17,1966.95,Yes
C-88451388,Male,0,Yes,Yes,64,Yes,Yes,DSL,Yes,No,No,No,No internet service,No internet service,Month-to-month,Yes,Bank transfer (automatic),31.12,1986.37,No
C-3fb1f84b,Female,0,No,Yes,55,Yes,No,DSL,Yes,No,No internet service,Yes,No internet service,No,Month-to-month,Yes,Electronic check,35.7,1984.94,No
C-d7d9c066,Male,0,No,No,14,Yes,No,Fiber optic,No,No,No internet service,No internet service,No internet service,Yes,Month-to-month,Yes,Electronic check,46.06,668.32,Yes
C-ab506392,Male,0,No,No,1,Yes,Yes,No,No internet service,No internet service,No internet service,No internet service,No internet service,No internet service,Month-to-month,Yes,Electronic check,22.39,33.02,Yes
C-66a725f9,Male,0,No,No,67,Yes,Yes,DSL,No,Yes,Yes,No,No internet service,No,One year,No,Electronic check,33.72,2236.31,No
C-c3174808,Male,0,Yes,No,67,Yes,No,Fiber optic,No,No internet service,No,No,No,No,Month-to-month,No,Electronic check,40.26,2732.93,Yes
C-c05ccf18,Female,0,No,Yes,70,Yes,Yes,Fiber optic,Yes,No,Yes,No,No,No,Month-to-month,No,Bank transfer (automatic),49.83,3497.81,No
C-3338e40d,Female,0,Yes,Yes,1,Yes,Yes,No,No internet service,No internet service,No internet service,No internet service,No internet service,No internet service,Two year,Yes,Electronic check,18.0,22.99,No
C-65c3c8c7,Female,1,Yes,No,72,Yes,Yes,Fiber optic,No,Yes,Yes,Yes,No,No,Month-to-month,Yes,Bank transfer (automatic),50.35,3638.55,No
C-d77459dc,Female,0,Yes,No,47,Yes,Yes,Fiber optic,Yes,Yes,Yes,No,No,No,Two year,Yes,Bank transfer (automatic),51.96,2455.54,No
C-558f14fe,Female,1,Yes,No,13,Yes,No,DSL,No,No,No,Yes,No,No,Month-to-month,Yes,Electronic check,26.31,338.29,No
C-3d814609,Female,0,Yes,Yes,43,Yes,Yes,Fiber optic,Yes,No,No,No,Yes,Yes,Month-to-month,Yes,Mailed check,58.36,2531.27,Yes
C-7c2ab46c,Female,0,No,No,36,Yes,No,Fiber optic,No,No,No,No,No,Yes,Two year,Yes,Credit card (automatic),48.76,1743.86,No
C-80a92c7d,Female,0,Yes,No,41,Yes,Yes,Fiber optic,No,Yes,Yes,No,No,No,Month-to-month,No,Credit card (automatic),51.29,2116.12,Yes
C-5ffe0490,Female,0,No,No,15,Yes,Yes,Fiber optic,No,No,No,No,Yes,No,Month-to-month,Yes,Mailed check,41.07,654.09,No
C-6e6aaae7,Male,0,Yes,No,46,Yes,No phone service,DSL,No,No,No,Yes,Yes,No,One year,Yes,Electronic check,38.86,1738.57,No
C-2f89cc8d,Male,1,No,Yes,15,Yes,Yes,No,No internet service,No internet service,No internet service,No internet service,No internet service,No internet service,Two year,Yes,Bank transfer (automatic),22.25,330.19,No
C-8f6de49a,Female,0,Yes,No,5,Yes,Yes,Fiber optic,No,No,Yes,Yes,No,No internet service,Two year,Yes,Electronic check,47.6,218.42,No
C-052aa87d,Female,1,No,No,17,Yes,No,No,No internet service,No internet service,No internet service,No internet service,No internet service,No internet service,Month-to-month,Yes,Electronic check,18.09,304.24,Yes
C-d06dade3,Female,1,No,No,28,Yes,Yes,DSL,No,Yes,No internet service,Yes,Yes,No,Month-to-month,Yes,Credit card (automatic),44.41,1282.96,No
C-a404d83c,Male,0,Yes,No,4,Yes,Yes,DSL,No,No,No,No,No,No,Month-to-month,Yes,Bank transfer (automatic),25.51,82.97,Yes
C-3b625059,Male,0,No,No,50,Yes,Yes,DSL,No,No,Yes,Yes,No,No,Two year,No,Bank transfer (automatic),36.21,1803.71,No
C-f3207df2,Female,0,No,No,47,Yes,Yes,Fiber optic,Yes,No,No,No,Yes,Yes,One year,No,Credit card (automatic),59.51,2824.85,No
C-b4f9b68c,Male,0,Yes,No,40,Yes,Yes,DSL,No,Yes,No,No,No,No,Month-to-month,No,Electronic check,30.88,1256.31,No
C-5790141c,Male,1,Yes,No,44,No,No phone service,No,No internet service,No internet service,No internet service,No internet service,No internet service,No internet service,One year,No,Bank transfer (automatic),26.27,1155.84,No
C-912f7475,Female,0,No,No,64,No,No phone service,DSL,No,No,Yes,Yes,Yes,Yes,Month-to-month,Yes,Electronic check,49.93,3201.15,Yes
C-06396329,Female,1,No,No,55,Yes,No,DSL,No,No,No,No,Yes,No,One year,No,Credit card (automatic),29.41,1629.34,No
C-8e3811c7,Female,0,No,No,9,Yes,Yes,No,No internet service,No internet service,No internet service,No internet service,No internet service,No internet service,Two year,Yes,Mailed check,19.5,182.02,No
C-107bdd8a,Female,0,Yes,Yes,36,Yes,Yes,Fiber optic,No,No,Yes,Yes,No internet service,Yes,One year,No,Electronic check,49.88,1793.84,No
C-0921685d,Female,0,Yes,No,64,No,No phone service,Fiber optic,No,Yes,No,No internet service,No internet service,Yes,Month-to-month,No,Credit card (automatic),46.05,2952.22,Yes
C-26fa2dff,Female,0,No,No,62,Yes,No phone service,Fiber optic,Yes,No,No,No,No,No,Month-to-month,Yes,Credit card (automatic),45.51,2838.85,No
C-19faf26b,Male,0,No,Yes,62,Yes,Yes,Fiber optic,No,Yes,Yes,Yes,No internet service,No,One year,Yes,Credit card (automatic),57.68,3602.82,No
C-f4bfd5f6,Male,0,Yes,No,49,Yes,Yes,Fiber optic,No,Yes,No,No,No,No,One year,No,Mailed check,41.06,1995.97,No
C-454c46d9,Female,0,No,No,57,No,No phone service,DSL,No,No,Yes,No,Yes,Yes,Month-to-month,No,Electronic check,40.98,2324.16,No
C-72c13404,Female,1,No,No,20,Yes,Yes,DSL,Yes,No,No,No,Yes,No,Month-to-month,Yes,Electronic check,34.25,634.84,Yes
C-664cac06,Female,1,Yes,Yes,72,Yes,No,No,No internet service,No internet service,No internet service,No internet service,No internet service,No internet service,Month-to-month,Yes,Bank transfer (automatic),20.31,1467.17,Yes
C-d88184f1,Female,0,No,Yes,33,No,No phone service,DSL,Yes,No,Yes,No,No,No,One year,Yes,Electronic check,36.46,1190.54,No
C-7daafccd,Male,0,Yes,No,48,Yes,No,Fiber optic,No,No,No,No internet service,No,No,Two year,Yes,Electronic check,39.55,1904.3,No
C-5be45d8c,Male,0,No,Yes,0,Yes,Yes,Fiber optic,No,Yes,No,No,Yes,No,One year,Yes,Mailed check,48.7,17.07,Yes
C-ee824fae,Female,1,Yes,Yes,54,Yes,No phone service,No,No internet service,No internet service,No internet service,No internet service,No internet service,No internet service,Two year,Yes,Credit card (automatic),21.35,1156.24,No
C-e65a840d,Male,0,No,Yes,31,Yes,Yes,Fiber optic,Yes,Yes,No,Yes,Yes,Yes,Two year,No,Mailed check,63.72,1960.08,No
C-36e200c1,Female,0,No,No,19,Yes,No,DSL,No,No,No,No,Yes,No,Two year,No,Electronic check,33.46,604.1,No
C-de1cad32,Female,0,Yes,No,40,Yes,No phone service,DSL,No,No internet service,No,No internet service,Yes,No,Month-to-month,Yes,Mailed check,28.84,1169.2,No
C-84dbd6c7,Female,1,No,No,41,No,No phone service,No,No internet service,No internet service,No internet service,No internet service,No internet service,No internet service,Month-to-month,Yes,Mailed check,21.59,891.63,Yes
C-b99bfcb9,Male,0,Yes,No,61,Yes,Yes,DSL,Yes,No,Yes,No,Yes,Yes,Month-to-month,Yes,Credit card (automatic),52.64,3213.45,No
C-7304a948,Male,0,Yes,Yes,2,No,No phone service,Fiber optic,No,No,No,Yes,Yes,No,Month-to-month,Yes,Electronic check,52.45,98.38,Yes
C-1d25a498,Male,0,Yes,Yes,25,Yes,Yes,Fiber optic,No,No,No internet service,No,Yes,Yes,One year,No,Electronic check,52.56,1302.07,Yes
C-b7f2d559,Male,1,Yes,No,66,Yes,No phone service,Fiber optic,No,Yes,No,No,Yes,Yes,Month-to-month,Yes,Credit card (automatic),54.83,3641.38,No
C-f9ca9df4,Male,0,No,Yes,29,Yes,No,Fiber optic,No internet service,No,No,No,Yes,No,Month-to-month,Yes,Credit card (automatic),49.02,1413.06,Yes
C-1615c307,Male,0,No,No,8,No,No phone service,DSL,Yes,No,No,Yes,Yes,No,Month-to-month,No,Credit card (automatic),40.62,311.25,No
C-34cdb6a0,Female,0,Yes,No,7,Yes,No,Fiber optic,No,No,No internet service,No,No,No internet service,Two year,Yes,Mailed check,37.12,250.51,No
C-65bda1b3,Male,0,No,No,19,Yes,No phone service,Fiber optic,No,Yes,No,No,Yes,No,Month-to-month,No,Mailed check,51.43,947.97,No
C-a38e82cb,Male,0,Yes,No,37,Yes,No,DSL,No internet service,No internet service,No,Yes,No internet service,No,Month-to-month,Yes,Electronic check,32.33,1188.87,No
C-e2ac1be7,Male,1,No,No,30,Yes,Yes,DSL,No,No,Yes,No,Yes,No,Month-to-month,Yes,Credit card (automatic),33.74,1037.31,No
C-902ff907,Female,0,No,No,34,No,No phone service,No,No internet service,No internet service,No internet service,No internet service,No internet service,No internet service,Month-to-month,Yes,Credit card (automatic),21.97,735.53,Yes
C-c816e829,Female,0,Yes,Yes,30,Yes,Yes,No,No internet service,No internet service,No internet service,No internet service,No internet service,No internet service,Month-to-month,Yes,Electronic check,18.75,571.82,No
C-ad8cc045,Male,0,No,Yes,10,Yes,No,No,No internet service,No internet service,No internet service,No internet service,No internet service,No internet service,One year,No,Electronic check,22.79,207.85,Yes
C-1b1939e8,Female,0,No,No,10,Yes,Yes,DSL,Yes,Yes,No,Yes,No,No internet service,Two year,No,Bank transfer (automatic),38.74,378.16,Yes
C-f93d7c88,Female,0,Yes,Yes,16,Yes,No,Fiber optic,Yes,Yes,No internet service,No,Yes,No,Month-to-month,Yes,Mailed check,57.04,894.81,No
C-05d59f8d,Female,0,Yes,No,2,No,No phone service,Fiber optic,Yes,No,No internet service,No,Yes,Yes,Month-to-month,No,Bank transfer (automatic),56.22,124.22,Yes
C-5a25d65e,Female,1,Yes,No,39,Yes,No phone service,DSL,No internet service,No,No,No,No,No,Month-to-month,Yes,Mailed check,20.86,789.51,No
C-57388bf8,Female,1,No,Yes,66,Yes,No,Fiber optic,No internet service,No,No,No internet service,No internet service,Yes,Month-to-month,Yes,Electronic check,43.92,2917.41,No
C-9b37bfb8,Male,0,No,No,63,No,No phone service,Fiber optic,No,No,No,Yes,Yes,No,Month-to-month,No,Bank transfer (automatic),51.36,3234.53,No
C-63a3695e,Female,0,No,No,32,Yes,No,Fiber optic,No,Yes,No,No,Yes,No,Two year,Yes,Credit card (automatic),52.92,1696.33,No
C-547c226c,Male,0,No,Yes,38,Yes,No,No,No internet service,No internet service,No internet service,No internet service,No internet service,No internet service,Two year,No,Mailed check,25.86,1004.21,No
C-ff4dbc73,Male,0,No,No,72,No,No phone service,Fiber optic,Yes,Yes,Yes,No internet service,No,Yes,Two year,Yes,Credit card (automatic),64.0,4589.92,No
C-c58f74fa,Female,1,No,Yes,54,Yes,Yes,Fiber optic,No,No,No,Yes,Yes,No,Month-to-month,No,Electronic check,52.59,2844.87,Yes
C-a3efb404,Female,1,No,No,47,Yes,No phone service,DSL,Yes,No,No,Yes,No internet service,No,Month-to-month,Yes,Bank transfer (automatic),33.82,1586.84,No
C-09ea14a7,Female,0,Yes,No,41,Yes,No,No,No internet service,No internet service,No internet service,No internet service,No internet service,No internet service,Month-to-month,Yes,Credit card (automatic),22.93,945.19,No
C-91e4c7a8,Male,0,Yes,No,3,Yes,Yes,Fiber optic,Yes,No,Yes,No,Yes,Yes,One year,No,Electronic check,67.13,222.3,No
C-af8680c6,Female,0,No,No,23,Yes,No,No,No internet service,No internet service,No internet service,No internet service,No internet service,No internet service,Month-to-month,Yes,Mailed check,18.1,432.51,Yes
C-0699ce09,Female,1,No,No,4,No,No phone service,DSL,Yes,No,Yes,Yes,Yes,No,Month-to-month,No,Electronic check,39.92,149.18,Yes
C-368fbdfe,Female,0,No,No,42,Yes,Yes,Fiber optic,No,Yes,No,No,Yes,No,Month-to-month,Yes,Mailed check,50.71,2119.16,No
C-3da48693,Male,1,No,Yes,72,Yes,Yes,No,No internet service,No internet service,No internet service,No internet service,No internet service,No internet service,Two year,Yes,Mailed check,21.95,1590.36,No
C-f4fd429a,Male,1,Yes,No,8,Yes,No phone service,DSL,Yes,No,No,No internet service,No,Yes,Month-to-month,No,Bank transfer (automatic),34.07,232.45,No
C-4f4ce148,Male,0,Yes,Yes,22,Yes,Yes,DSL,Yes,No,Yes,No,Yes,Yes,Month-to-month,Yes,Bank transfer (automatic),53.8,1176.91,Yes
C-546fd2bb,Male,0,No,Yes,16,Yes,No,No,No internet service,No internet service,No internet service,No internet service,No internet service,No internet service,One year,Yes,Electronic check,21.41,350.25,Yes
C-4efac318,Female,1,Yes,No,38,Yes,No,DSL,No,No,Yes,Yes,Yes,No,Month-to-month,No,Electronic check,34.86,1359.72,No
C-bcaccc06,Female,1,No,No,28,Yes,Yes,Fiber optic,No internet service,No,Yes,No,No,Yes,Month-to-month,Yes,Credit card (automatic),49.48,1357.41,Yes
C-539a22ef,Male,1,No,Yes,71,Yes,No,DSL,No,No,Yes,No,No,No,Month-to-month,Yes,Electronic check,31.12,2216.39,No
C-2fa4daa4,Male,0,Yes,Yes,14,Yes,Yes,No,No internet service,No internet service,No internet service,No internet service,No internet service,No internet service,Two year,No,Electronic check,19.86,263.4,No
C-64d5278e,Female,1,No,Yes,25,Yes,No,DSL,Yes,No internet service,No,No,Yes,Yes,One year,Yes,Electronic check,45.23,1133.54,No
C-e3086c3e,Male,0,No,No,41,Yes,Yes,Fiber optic,No,No,Yes,No,No,No internet service,Two year,Yes,Mailed check,38.72,1581.33,No
C-d5b8de65,Male,0,No,No,4,Yes,Yes,DSL,No,No,Yes,No,No,No,Month-to-month,Yes,Mailed check,34.61,159.17,Yes
C-404eb09e,Female,0,Yes,No,56,Yes,Yes,Fiber optic,No,Yes,No,Yes,Yes,Yes,Two year,No,Credit card (automatic),68.92,3853.69,No
C-64d9c012,Female,0,Yes,No,65,Yes,No phone service,Fiber optic,Yes,Yes,No,No internet service,No,No,One year,Yes,Electronic check,46.55,3022.38,No
C-878c2777,Male,0,Yes,No,56,Yes,No,DSL,No,No,No,No,Yes,Yes,Month-to-month,No,Electronic check,33.93,1922.58,No
C-087cf251,Male,0,No,No,19,Yes,Yes,DSL,Yes,No,No internet service,No,No,Yes,Month-to-month,Yes,Bank transfer (automatic),36.92,684.79,Yes
C-7e6e90d4,Female,0,Yes,No,24,Yes,No,Fiber optic,No,Yes,No,Yes,No,No,Month-to-month,No,Electronic check,58.16,1400.02,Yes
C-4f444f1a,Female,0,No,Yes,34,Yes,No,No,No internet service,No internet service,No internet service,No internet service,No internet service,No internet service,Month-to-month,Yes,Credit card (automatic),25.13,859.95,No
C-097f812a,Male,0,Yes,Yes,10,Yes,No,Fiber optic,Yes,No,Yes,No,No,No,Month-to-month,No,Mailed check,47.64,467.57,Yes
C-14284fb7,Female,0,Yes,Yes,43,Yes,No,Fiber optic,No internet service,No,No internet service,Yes,No,No,Month-to-month,No,Mailed check,42.14,1797.14,No
C-bb1121ef,Female,0,Yes,No,9,Yes,No,Fiber optic,No,No,No,No,No,No,Two year,Yes,Electronic check,36.58,313.8,No
C-e7f98a68,Male,0,No,No,59,Yes,No,Fiber optic,No,Yes,Yes,No,Yes,No,One year,No,Mailed check,48.63,2866.07,No
C-270ce7bc,Female,0,Yes,No,38,Yes,Yes,No,No internet service,No internet service,No internet service,No internet service,No internet service,No internet service,One year,No,Credit card (automatic),18.24,682.53,No
C-b97b3a72,Female,0,Yes,No,13,Yes,Yes,No,No internet service,No internet service,No internet service,No internet service,No internet service,No internet service,One year,No,Electronic check,18.0,246.89,No
C-40d1ca87,Male,0,Yes,No,19,Yes,No,Fiber optic,No,No,Yes,No,No,No,One year,No,Mailed check,47.95,910.36,No
C-dd14c3b5,Male,0,No,No,53,Yes,Yes,Fiber optic,No,No,No internet service,No,Yes,Yes,Month-to-month,Yes,Credit card (automatic),50.5,2674.29,Yes
C-faca3e47,Male,0,No,No,57,Yes,Yes,Fiber optic,No internet service,Yes,No internet service,No,No,No,Month-to-month,Yes,Electronic check,46.66,2657.32,Yes
C-6efd8718,Male,0,No,No,64,Yes,No phone service,DSL,No internet service,No,Yes,No,No,No internet service,Month-to-month,No,Credit card (automatic),31.3,1974.13,No
C-f6ca8bae,Male,0,No,No,63,Yes,No phone service,Fiber optic,No,Yes,No,No,Yes,Yes,Month-to-month,Yes,Electronic check,54.0,3416.69,Yes
C-63a156b2,Male,0,No,No,34,Yes,No phone service,Fiber optic,No internet service,No,Yes,No,No,Yes,One year,No,Bank transfer (automatic),46.95,1570.56,No
C-4b53d042,Female,0,Yes,No,8,Yes,No,DSL,Yes,No internet service,No internet service,No,Yes,No,One year,No,Bank transfer (automatic),35.37,298.92,No
C-ebd535d3,Female,0,Yes,Yes,30,Yes,No phone service,DSL,No,No,No,Yes,Yes,No,One year,No,Mailed check,32.96,1015.47,No
C-73c297b0,Female,0,No,No,53,Yes,No,Fiber optic,No,Yes,Yes,No,Yes,Yes,One year,Yes,Electronic check,59.68,3204.69,Yes
C-7857db1a,Male,0,Yes,No,5,Yes,No phone service,Fiber optic,Yes,No,No,No,Yes,Yes,Two year,Yes,Credit card (automatic),57.25,283.16,Yes
C-ab112904,Male,0,No,Yes,6,Yes,No,DSL,No,Yes,No,No,Yes,No,One year,Yes,Credit card (automatic),35.94,201.31,No
C-2b1efb6b,Male,1,Yes,No,28,Yes,No,No,No internet service,No internet service,No internet service,No internet service,No internet service,No internet service,Two year,No,Bank transfer (automatic),18.0,531.92,No
C-9f759a2f,Female,1,Yes,Yes,12,Yes,No,DSL,No,Yes,Yes,No,No,No,Month-to-month,No,Bank transfer (automatic),36.3,422.43,No
C-a25a786a,Female,0,Yes,No,0,Yes,Yes,DSL,Yes,No,No internet service,No,No,No,Month-to-month,Yes,Bank transfer (automatic),36.94,41.8,Yes
C-21842d48,Male,0,Yes,Yes,14,Yes,No,No,No internet service,No internet service,No internet service,No internet service,No internet service,No internet service,Month-to-month,No,Mailed check,21.63,324.01,Yes
C-fe3e3c64,Female,1,No,No,19,Yes,No,DSL,No,No,Yes,No,Yes,No,Month-to-month,No,Electronic check,35.68,675.52,No
C-82521750,Female,0,No,No,51,Yes,No,Fiber optic,No,No,No,Yes,No,No,Month-to-month,Yes,Mailed check,47.61,2427.98,No
C-be31b22a,Male,0,Yes,Yes,20,Yes,Yes,Fiber optic,Yes,No,Yes,No,Yes,No,Month-to-month,Yes,Bank transfer (automatic),57.87,1178.33,No
C-8e070d70,Female,0,No,Yes,42,Yes,No phone service,No,No internet service,No internet service,No internet service,No internet service,No internet service,No internet service,Month-to-month,No,Mailed check,20.55,854.58,No
C-2415537d,Male,0,Yes,Yes,18,Yes,No,Fiber optic,No,No,No,No,No,No,Month-to-month,No,Mailed check,36.59,675.67,No
C-6555d450,Female,1,No,No,25,Yes,No,DSL,Yes,No,No,No,No internet service,No,Two year,Yes,Electronic check,33.12,817.5,No
C-8adca07b,Female,0,Yes,Yes,13,Yes,No phone service,DSL,No,No,Yes,Yes,No,No,One year,Yes,Mailed check,34.71,442.94,No
C-201943e9,Female,0,No,Yes,3,Yes,Yes,DSL,Yes,Yes,No,No,No,Yes,Month-to-month,No,Mailed check,46.17,140.9,Yes
C-328238bd,Male,0,Yes,No,59,Yes,Yes,DSL,Yes,No internet service,No,No internet service,Yes,No,Month-to-month,Yes,Bank transfer (automatic),43.19,2524.81,No
C-55d06cbd,Female,1,No,No,27,No,No phone service,DSL,No,No,No,Yes,Yes,No,Month-to-month,No,Credit card (automatic),34.35,958.84,No
C-26136341,Male,0,Yes,No,64,Yes,No,Fiber optic,No,Yes,No,No,No,No internet service,Month-to-month,Yes,Mailed check,46.89,2996.88,No
C-08ec9fca,Female,0,No,No,18,Yes,No,Fiber optic,No,No,No internet service,No,No,No,Month-to-month,Yes,Electronic check,45.93,806.09,Yes
C-9d434b26,Female,0,No,No,45,Yes,Yes,Fiber optic,Yes,No,Yes,No,Yes,No,Month-to-month,Yes,Bank transfer (automatic),58.84,2639.37,Yes
C-25535412,Female,0,No,No,63,Yes,Yes,DSL,Yes,No,No,Yes,No,No,Two year,No,Bank transfer (automatic),38.68,2424.44,No
C-5c86f0e6,Male,1,No,No,72,Yes,No,DSL,Yes,No,Yes,No,No,No,Two year,No,Electronic check,37.96,2762.54,No
C-c60cb2ab,Male,1,No,Yes,16,Yes,No phone service,DSL,Yes,Yes,No internet service,No,No,No,One year,No,Mailed check,40.33,638.7,No
C-42351246,Female,0,No,Yes,7,Yes,No phone service,Fiber optic,No,Yes,Yes,No internet service,Yes,Yes,One year,Yes,Credit card (automatic),64.84,432.15,Yes
C-8a65ab41,Female,1,No,Yes,30,Yes,Yes,DSL,No,No,No,No,No,Yes,Month-to-month,Yes,Electronic check,32.67,979.84,No
C-18b5958c,Female,0,Yes,Yes,58,No,No phone service,Fiber optic,No,No,No internet service,Yes,No,No,One year,Yes,Credit card (automatic),42.35,2461.91,Yes
C-f4f3d331,Male,0,No,No,59,Yes,Yes,DSL,No,Yes,No,No,Yes,No internet service,Two year,Yes,Bank transfer (automatic),33.59,1992.86,No
C-9c05a943,Female,0,No,No,40,Yes,Yes,Fiber optic,No,No,No,No,Yes,No,Month-to-month,Yes,Credit card (automatic),48.03,1932.57,No
C-3cd5312e,Male,1,No,No,7,Yes,No,No,No internet service,No internet service,No internet service,No internet service,No internet service,No internet service,One year,No,Credit card (automatic),23.13,147.91,No
C-2c98fb5d,Female,0,Yes,No,19,Yes,No phone service,No,No internet service,No internet service,No internet service,No internet service,No internet service,No internet service,Month-to-month,Yes,Electronic check,18.0,353.91,No
C-61ea2563,Female,1,Yes,Yes,47,No,No phone service,DSL,Yes,No,No,No,No,No,Two year,Yes,Electronic check,33.9,1591.56,No
C-da015019,Female,0,Yes,No,60,Yes,Yes,DSL,Yes,No,No,Yes,Yes,No,Two year,Yes,Electronic check,45.13,2717.15,No
C-735e15a6,Female,0,No,No,30,Yes,No,Fiber optic,No,No,No internet service,No,No,No,Two year,Yes,Mailed check,39.16,1199.49,No
C-fc6f273b,Female,1,No,No,37,No,No phone service,DSL,Yes,No,Yes,No,Yes,Yes,Month-to-month,Yes,Electronic check,46.77,1713.26,Yes
C-eae195c5,Male,0,Yes,No,33,Yes,Yes,Fiber optic,No,Yes,No internet service,No,No,No,Month-to-month,Yes,Bank transfer (automatic),42.81,1442.46,No
C-31b4c7e3,Female,0,Yes,No,31,Yes,Yes,Fiber optic,No,No,No,No,No,Yes,Two year,Yes,Electronic check,48.81,1523.41,No
C-80c23bd3,Female,0,Yes,No,52,Yes,Yes,DSL,No,Yes,No internet service,No,Yes,Yes,One year,Yes,Credit card (automatic),42.25,2191.83,No
C-c17bb9de,Male,0,No,Yes,66,Yes,No,Fiber optic,No,No internet service,Yes,No,No,No,Month-to-month,Yes,Credit card (automatic),44.19,2914.14,Yes
C-da083a07,Female,0,Yes,Yes,26,Yes,Yes,Fiber optic,Yes,No internet service,No,Yes,Yes,No internet service,Month-to-month,No,Mailed check,58.35,1552.42,No
C-e75c34a9,Male,0,No,No,18,Yes,Yes,Fiber optic,No,No,No,No,No,No,Two year,Yes,Credit card (automatic),46.29,848.13,No
C-28cb9046,Female,0,Yes,No,59,Yes,Yes,Fiber optic,Yes,No,Yes,No,Yes,Yes,One year,No,Electronic check,61.34,3649.25,Yes
C-6cf0d6d5,Female,0,Yes,No,24,Yes,Yes,No,No internet service,No internet service,No internet service,No internet service,No internet service,No internet service,Month-to-month,Yes,Mailed check,18.0,437.46,Yes
C-55dc812c,Female,0,No,No,26,Yes,No,Fiber optic,No,Yes,No,No,No internet service,No,Month-to-month,Yes,Credit card (automatic),48.11,1243.26,No
C-1a13dcf5,Male,0,Yes,Yes,24,Yes,Yes,No,No internet service,No internet service,No internet service,No internet service,No internet service,No internet service,Month-to-month,No,Mailed check,20.21,471.64,No
C-ceebea33,Male,1,No,No,18,Yes,No,Fiber optic,No internet service,Yes,Yes,No,Yes,Yes,One year,Yes,Bank transfer (automatic),67.12,1169.17,No
C-f77797d6,Male,0,Yes,Yes,36,Yes,Yes,No,No internet service,No internet service,No internet service,No internet service,No internet service,No internet service,Two year,No,Bank transfer (automatic),18.0,651.63,No
C-ae3c708f,Male,0,Yes,Yes,53,Yes,No,Fiber optic,No,No,No,Yes,Yes,Yes,Month-to-month,No,Bank transfer (automatic),52.21,2784.05,Yes
C-ca3b2b34,Female,0,Yes,No,29,Yes,No,DSL,Yes,Yes,No internet service,No,No internet service,Yes,Month-to-month,No,Bank transfer (automatic),40.08,1118.22,No
C-69192a48,Female,0,No,No,52,Yes,Yes,DSL,No,No,No,No,No,No,Month-to-month,Yes,Electronic check,33.7,1753.07,No
C-b40a33a3,Female,0,Yes,No,29,Yes,No,DSL,No,No,No,Yes,Yes,Yes,One year,Yes,Credit card (automatic),41.3,1154.16,No
C-bd3d0a7c,Male,0,No,No,2,Yes,No phone service,DSL,No,No internet service,Yes,Yes,Yes,No,Month-to-month,Yes,Credit card (automatic),40.12,62.45,Yes
C-f8179d26,Female,1,No,Yes,1,Yes,Yes,Fiber optic,No,No,No,No,No,No internet service,Month-to-month,Yes,Mailed check,39.15,28.36,No
C-6b30a5cc,Female,0,No,No,60,Yes,No phone service,DSL,No,No,No,No internet service,Yes,No,One year,Yes,Credit card (automatic),31.82,1906.27,No
C-2ef972e9,Female,0,Yes,Yes,26,Yes,No,No,No internet service,No internet service,No internet service,No internet service,No internet service,No internet service,Month-to-month,No,Electronic check,20.6,539.44,No
C-ff188150,Female,0,No,No,0,Yes,Yes,DSL,No,Yes,Yes,Yes,No,No,Two year,Yes,Electronic check,37.57,0.0,No
C-d2be7944,Male,0,No,No,50,Yes,Yes,Fiber optic,Yes,Yes,No,No,No internet service,No,Month-to-month,Yes,Electronic check,52.85,2639.59,No
C-2409c11c,Male,1,Yes,No,69,Yes,No,No,No internet service,No internet service,No internet service,No internet service,No internet service,No internet service,One year,Yes,Credit card (automatic),21.92,1516.85,No
C-98c7e546,Female,0,No,No,43,Yes,Yes,Fiber optic,No,No,Yes,Yes,Yes,Yes,Month-to-month,No,Electronic check,61.98,2717.84,Yes
C-e9ed697d,Male,0,No,No,0,Yes,No phone service,Fiber optic,No internet service,Yes,Yes,No,Yes,No,One year,Yes,Electronic check,51.92,0.0,No
C-b964bc72,Female,1,No,No,47,Yes,No phone service,No,No internet service,No internet service,No internet service,No internet service,No internet service,No internet service,Month-to-month,Yes,Electronic check,18.75,866.68,No
C-3d7eb1ed,Male,0,No,No,8,Yes,Yes,Fiber optic,No,No,Yes,No,No,No,Month-to-month,No,Credit card (automatic),43.28,338.04,Yes
C-f30a60a1,Female,0,No,Yes,17,Yes,Yes,Fiber optic,Yes,No,Yes,No,Yes,Yes,Month-to-month,No,Mailed check,62.2,1076.45,Yes
C-ac65b469,Male,0,Yes,No,46,Yes,No,DSL,No,No,No,No,Yes,Yes,One year,Yes,Electronic check,34.71,1592.37,No
C-7b1a85a0,Male,0,Yes,Yes,47,Yes,No,DSL,Yes,Yes,No,No,Yes,No internet service,Month-to-month,Yes,Electronic check,51.65,2456.66,No
C-815eb5dc,Female,1,No,Yes,18,Yes,No,Fiber optic,No,No,Yes,No,No,Yes,Month-to-month,Yes,Electronic check,54.25,959.02,Yes
C-2bfe9862,Male,0,Yes,Yes,54,Yes,No,No,No internet service,No internet service,No internet service,No internet service,No internet service,No internet service,Month-to-month,Yes,Electronic check,19.38,1067.86,No
C-322a1cf3,Male,0,No,No,20,Yes,No,Fiber optic,No,No,Yes,No,Yes,Yes,Month-to-month,Yes,Electronic check,61.02,1223.68,Yes
C-8e1ae1ca,Male,0,No,No,42,Yes,No,Fiber optic,No,Yes,Yes,Yes,No,No,Month-to-month,No,Electronic check,53.2,2226.51,Yes
C-0ba07be1,Male,1,No,No,52,Yes,No,No,No internet service,No internet service,No internet service,No internet service,No internet service,No internet service,Month-to-month,No,Credit card (automatic),27.33,1416.88,No
C-df110d8a,Female,0,Yes,Yes,57,Yes,No,Fiber optic,No,No internet service,No,Yes,No internet service,Yes,Month-to-month,Yes,Bank transfer (automatic),53.35,3012.1,Yes
C-031ad5f8,Male,0,No,No,39,Yes,No phone service,Fiber optic,Yes,Yes,No,No,No,No,Month-to-month,Yes,Credit card (automatic),49.84,1943.56,Yes
C-e5fb11d3,Male,0,Yes,No,37,Yes,No,DSL,Yes,No,No,No internet service,Yes,No,Two year,Yes,Credit card (automatic),37.86,1411.95,No
C-57703047,Male,0,Yes,Yes,27,Yes,No,Fiber optic,No,No internet service,No,No,Yes,No,Month-to-month,Yes,Electronic check,45.54,1201.82,No
C-d28cb7b1,Male,0,Yes,Yes,32,Yes,Yes,No,No internet service,No internet service,No internet service,No internet service,No internet service,No internet service,Month-to-month,No,Mailed check,18.97,659.86,Yes
C-346c340d,Female,0,No,No,23,Yes,No,No,No internet service,No internet service,No internet service,No internet service,No internet service,No internet service,Month-to-month,Yes,Credit card (automatic),24.45,591.89,No
C-3fd61f25,Female,0,No,No,12,Yes,No,Fiber optic,No,No,Yes,No,No,No internet service,Two year,Yes,Mailed check,46.06,545.66,No
C-a8b08039,Male,0,No,Yes,57,No,No phone service,Fiber optic,No,No internet service,No,No,Yes,No,Month-to-month,Yes,Electronic check,45.77,2616.61,No
C-c26bc216,Male,0,No,No,18,Yes,No,Fiber optic,Yes,No,No,No,No,Yes,Month-to-month,Yes,Mailed check,52.91,934.79,Yes
C-8ade85ae,Male,0,No,No,15,Yes,Yes,No,No internet service,No internet service,No internet service,No internet service,No internet service,No internet service,Two year,Yes,Electronic check,18.27,283.62,No
C-7c970b2e,Female,1,No,No,45,No,No phone service,No,No internet service,No internet service,No internet service,No internet service,No internet service,No internet service,Month-to-month,No,Bank transfer (automatic),20.93,967.81,No
C-eac06a28,Female,0,Yes,No,19,Yes,Yes,DSL,Yes,No,Yes,No,No,No,Month-to-month,Yes,Mailed check,34.06,649.65,No
C-26836caf,Female,0,Yes,No,32,Yes,No,No,No internet service,No internet service,No internet service,No internet service,No internet service,No internet service,One year,Yes,Electronic check,22.09,683.85,No
C-acfc6eeb,Female,0,No,Yes,3,Yes,No,DSL,No,No,No,No,No internet service,Yes,Month-to-month,Yes,Bank transfer (automatic),32.37,80.17,Yes
C-69db9438,Female,0,Yes,Yes,34,No,No phone service,Fiber optic,Yes,Yes,No,No,Yes,Yes,Month-to-month,Yes,Mailed check,57.7,1978.1,No
C-51903e46,Female,0,Yes,No,60,Yes,Yes,DSL,Yes,No,No,No,No internet service,No,Month-to-month,No,Electronic check,27.87,1635.83,No
C-994ab3c8,Male,0,Yes,No,23,Yes,Yes,Fiber optic,Yes,No,No,No,No,No,One year,Yes,Bank transfer (automatic),42.75,996.09,No
C-5db866b9,Female,0,Yes,No,34,Yes,No,DSL,No,No,No,No,Yes,No,Month-to-month,No,Electronic check,31.37,1059.28,No
C-3c2b26d5,Female,0,No,Yes,55,Yes,No,No,No internet service,No internet service,No internet service,No internet service,No internet service,No internet service,Two year,No,Mailed check,18.0,982.51,No
C-0c856329,Female,0,Yes,No,26,No,No phone service,DSL,No,Yes,Yes,Yes,No,No internet service,Month-to-month,No,Mailed check,42.47,1118.46,No
C-a3667448,Male,0,Yes,No,72,No,No phone service,Fiber optic,No,No,Yes,No,No,Yes,Two year,No,Bank transfer (automatic),46.93,3378.61,No
C-2a073466,Female,0,No,Yes,61,Yes,No phone service,No,No internet service,No internet service,No internet service,No internet service,No internet service,No internet service,One year,Yes,Electronic check,18.0,1068.89,No
C-8c39e636,Female,0,Yes,No,59,Yes,No phone service,Fiber optic,No,Yes,No,No,No,No,Month-to-month,Yes,Electronic check,47.4,2806.27,No
C-b397de3c,Male,0,Yes,Yes,10,Yes,No phone service,No,No internet service,No internet service,No internet service,No internet service,No internet service,No internet service,Month-to-month,No,Bank transfer (automatic),23.72,240.49,Yes
C-ea2d9197,Male,0,Yes,No,55,No,No phone service,Fiber optic,No,No,No,Yes,Yes,No,Month-to-month,Yes,Mailed check,49.78,2730.32,Yes
C-bd2f5980,Female,0,No,Yes,23,Yes,No phone service,DSL,No,No,No,No,No,No internet service,Two year,No,Electronic check,22.33,550.78,No
C-26329c69,Female,1,No,No,52,Yes,No phone service,Fiber optic,No,No,Yes,Yes,No,No,Month-to-month,Yes,Mailed check,49.41,2575.94,Yes
C-64aa8f41,Female,1,No,Yes,60,Yes,Yes,Fiber optic,Yes,No,No,No internet service,No,No internet service,Month-to-month,Yes,Credit card (automatic),51.66,3069.78,Yes
C-edce3567,Male,0,Yes,Yes,22,Yes,Yes,DSL,No internet service,No,No,No,No,No,One year,Yes,Mailed check,25.06,547.97,No
C-d47089ea,Male,1,Yes,Yes,49,Yes,Yes,No,No internet service,No internet service,No internet service,No internet service,No internet service,No internet service,Month-to-month,No,Electronic check,22.99,1107.65,No
C-3f17037b,Female,0,Yes,No,66,Yes,Yes,No,No internet service,No internet service,No internet service,No internet service,No internet service,No internet service,Month-to-month,No,Electronic check,18.0,1175.89,No
C-6bf2eaf0,Female,0,Yes,Yes,4,Yes,No,DSL,Yes,No,No,Yes,No internet service,No,Month-to-month,No,Mailed check,33.38,127.87,Yes
C-dbf221da,Female,0,Yes,No,48,Yes,Yes,Fiber optic,No,No,Yes,No,Yes,Yes,Month-to-month,Yes,Electronic check,55.08,2621.1,Yes
C-4241a970,Female,0,No,No,45,Yes,Yes,Fiber optic,No,No,Yes,No,Yes,No,Month-to-month,Yes,Electronic check,47.71,2168.66,No
C-ef04f8b7,Female,0,No,Yes,71,No,No phone service,Fiber optic,No internet service,No,Yes,No,Yes,No,One year,Yes,Credit card (automatic),56.32,3990.72,No
C-d3a379d2,Male,0,No,No,37,Yes,No phone service,DSL,Yes,No,No,No,No,Yes,Month-to-month,Yes,Electronic check,37.91,1381.76,No
C-261ad648,Male,0,No,No,64,Yes,Yes,Fiber optic,No,No,No,No,No,No,Month-to-month,Yes,Electronic check,38.0,2428.91,No
C-b8adb6dd,Female,0,No,No,20,Yes,No,DSL,No internet service,No,No,No,Yes,Yes,One year,Yes,Mailed check,36.86,737.85,No
C-6480f57c,Female,0,Yes,No,3,Yes,No,Fiber optic,No,No,No internet service,No,Yes,No,Month-to-month,No,Electronic check,47.58,211.18,Yes
C-c119e89f,Male,1,No,No,26,Yes,Yes,Fiber optic,Yes,No,No,No,No,No internet service,Month-to-month,No,Bank transfer (automatic),46.62,1192.37,No
C-7140ba21,Female,0,No,Yes,12,Yes,No phone service,Fiber optic,No,Yes,No,No,No,Yes,Month-to-month,No,Electronic check,49.43,575.64,Yes
C-547e2b49,Male,0,No,No,59,Yes,Yes,Fiber optic,No,Yes,Yes,No,No,No,One year,Yes,Bank transfer (automatic),51.0,3026.49,No
C-c82a5c51,Female,0,No,No,52,Yes,Yes,DSL,No internet service,No internet service,No,No,Yes,Yes,One year,Yes,Mailed check,45.16,2357.14,No
C-77f51034,Male,0,Yes,No,8,Yes,No,Fiber optic,No,Yes,Yes,Yes,Yes,No,Two year,Yes,Mailed check,59.63,442.43,No
C-1ad91754,Male,1,Yes,No,18,Yes,No,Fiber optic,No internet service,No,Yes,No,No,No,Month-to-month,No,Credit card (automatic),48.38,862.57,Yes
C-ca482dfa,Female,1,No,Yes,4,No,No phone service,DSL,No internet service,No internet service,Yes,No,No,No,Month-to-month,Yes,Bank transfer (automatic),31.78,152.28,Yes
C-3f6a93e6,Male,1,Yes,No,63,Yes,No phone service,DSL,No,No,No,No,Yes,No,Month-to-month,Yes,Credit card (automatic),29.38,1841.85,No
C-a3edc145,Female,0,No,No,64,No,No phone service,No,No internet service,No internet service,No internet service,No internet service,No internet service,No internet service,Month-to-month,Yes,Credit card (automatic),18.0,1138.3,No
C-dad44422,Male,1,Yes,No,13,Yes,No,DSL,Yes,No,No,No,Yes,No,Month-to-month,Yes,Credit card (automatic),37.0,493.96,Yes
C-4b686785,Male,0,Yes,Yes,1,No,No phone service,Fiber optic,No,No,Yes,No internet service,Yes,Yes,Month-to-month,No,Bank transfer (automatic),56.31,58.45,Yes
C-d6d4080c,Female,1,Yes,No,23,Yes,Yes,No,No internet service,No internet service,No internet service,No internet service,No internet service,No internet service,Two year,Yes,Electronic check,21.42,473.03,No
C-1530b23d,Female,1,Yes,No,27,Yes,No,DSL,No,Yes,No internet service,No,Yes,Yes,One year,Yes,Mailed check,43.55,1172.48,Yes
C-dbd452cd,Male,0,Yes,No,3,Yes,No,DSL,No,No,No internet service,No,No,No,Month-to-month,Yes,Credit card (automatic),28.4,136.21,Yes
C-151cbff1,Male,1,No,No,60,Yes,Yes,Fiber optic,No,Yes,Yes,No,No,Yes,One year,Yes,Bank transfer (automatic),50.39,3009.78,No
C-88d75d25,Male,0,Yes,Yes,68,Yes,No phone service,No,No internet service,No internet service,No internet service,No internet service,No internet service,No internet service,Two year,Yes,Mailed check,22.81,1552.19,No
C-046328a9,Female,0,No,No,5,Yes,Yes,Fiber optic,Yes,No,No,Yes,Yes,No,Two year,Yes,Mailed check,55.62,267.39,No
C-ed50ca06,Female,1,No,No,70,No,No phone service,Fiber optic,Yes,No,No,No,Yes,No,One year,Yes,Electronic check,54.3,3790.65,No
C-1c0370cd,Male,0,No,No,14,Yes,No,DSL,No,Yes,No,No,No,No internet service,Two year,No,Bank transfer (automatic),31.4,413.55,No
C-94f62f9d,Female,0,Yes,No,16,Yes,Yes,No,No internet service,No internet service,No internet service,No internet service,No internet service,No internet service,Month-to-month,No,Electronic check,23.62,375.55,Yes
C-a9082cc0,Female,0,Yes,Yes,25,Yes,No,Fiber optic,No,No,No,No,No,No,Month-to-month,Yes,Electronic check,38.05,976.25,Yes
C-09da6dbe,Male,0,No,Yes,36,No,No phone service,Fiber optic,No,Yes,No,No,Yes,No,Two year,Yes,Credit card (automatic),56.43,2061.22,No
C-9d8592c8,Male,1,No,Yes,60,Yes,Yes,Fiber optic,No,Yes,No,Yes,No,Yes,Month-to-month,Yes,Electronic check,57.8,3478.65,Yes
C-a88db051,Female,0,Yes,No,67,No,No phone service,DSL,No internet service,No,No,No internet service,No,No internet service,Two year,No,Bank transfer (automatic),26.85,1768.89,No
C-22aae691,Female,0,Yes,No,72,Yes,Yes,No,No internet service,No internet service,No internet service,No internet service,No internet service,No internet service,One year,No,Bank transfer (automatic),20.33,1442.75,No
C-a453d6a4,Male,0,Yes,No,7,Yes,No,Fiber optic,Yes,No,Yes,Yes,No,Yes,One year,No,Electronic check,65.23,449.14,No
C-977cb077,Female,1,Yes,No,32,Yes,No,DSL,No,No,No,Yes,Yes,No,Month-to-month,Yes,Mailed check,36.64,1144.9,Yes
C-6728ee12,Male,0,Yes,No,62,Yes,Yes,No,No internet service,No internet service,No internet service,No internet service,No internet service,No internet service,One year,No,Credit card (automatic),20.83,1303.38,No
C-8d65d755,Male,0,No,No,39,Yes,Yes,No,No internet service,No internet service,No internet service,No internet service,No internet service,No internet service,Month-to-month,Yes,Electronic check,25.71,992.09,Yes
C-1c8f8545,Male,0,No,No,58,Yes,No,Fiber optic,No,Yes,No,Yes,No,Yes,Month-to-month,Yes,Mailed check,49.53,2880.41,Yes
C-6b78d9dd,Male,1,No,No,38,Yes,No,DSL,Yes,No,Yes,No,No,Yes,Month-to-month,Yes,Mailed check,44.67,1715.78,No
C-405f2a21,Male,0,Yes,No,70,Yes,Yes,No,No internet service,No internet service,No internet service,No internet service,No internet service,No internet service,One year,Yes,Credit card (automatic),19.93,1390.38,No
C-3fe90780,Female,1,Yes,No,51,Yes,No phone service,DSL,No,Yes,Yes,No,No,Yes,Two year,Yes,Electronic check,45.27,2289.41,No
C-94860db5,Male,0,No,No,67,Yes,No phone service,Fiber optic,No,No,No internet service,Yes,Yes,No,Month-to-month,No,Bank transfer (automatic),53.16,3573.84,No
C-b5ae3f29,Male,0,Yes,No,45,Yes,Yes,DSL,No,No,No internet service,Yes,No,No internet service,Month-to-month,Yes,Credit card (automatic),29.74,1328.07,No
C-80503acb,Male,1,No,No,67,Yes,No phone service,Fiber optic,Yes,No,No,No,No,No,Month-to-month,No,Credit card (automatic),46.24,3110.26,No
C-d451b189,Female,0,No,No,31,Yes,No,No,No internet service,No internet service,No internet service,No internet service,No internet service,No internet service,One year,No,Electronic check,29.17,906.11,No
C-044080ff,Female,0,Yes,Yes,18,Yes,Yes,No,No internet service,No internet service,No internet service,No internet service,No internet service,No internet service,Month-to-month,No,Electronic check,21.23,381.35,No
C-6928e94d,Male,0,No,Yes,48,Yes,Yes,Fiber optic,No,No,Yes,Yes,No,Yes,Two year,Yes,Credit card (automatic),55.45,2675.23,No
C-d79ef38f,Female,0,No,No,6,Yes,Yes,No,No internet service,No internet service,No internet service,No internet service,No internet service,No internet service,Month-to-month,Yes,Electronic check,25.78,148.82,No
C-4b965fa3,Male,0,Yes,No,55,Yes,Yes,Fiber optic,No,No internet service,No,Yes,No,No,Month-to-month,No,Bank transfer (automatic),46.54,2573.85,No
C-ae02e25b,Male,0,Yes,No,70,Yes,No,No,No internet service,No internet service,No internet service,No internet service,No internet service,No internet service,One year,Yes,Electronic check,24.36,1693.67,No
C-a85fc3ee,Male,0,Yes,No,53,Yes,No,Fiber optic,No,No,No,No,No,No,Month-to-month,Yes,Mailed check,37.92,2034.44,Yes
C-b2ee43eb,Male,1,Yes,No,59,Yes,No,DSL,Yes,Yes,No,Yes,No internet service,Yes,Two year,Yes,Electronic check,47.51,2797.68,No
C-5dce55d6,Female,0,Yes,No,70,Yes,No,Fiber optic,Yes,No,No internet service,No,Yes,Yes,Month-to-month,No,Bank transfer (automatic),58.18,4056.05,No
C-fc34c68a,Female,0,No,Yes,4,Yes,No phone service,Fiber optic,No,No,No,No,Yes,No,Two year,No,Electronic check,43.71,189.51,No
C-aeae5fcb,Female,0,Yes,No,15,Yes,Yes,No,No internet service,No internet service,No internet service,No internet service,No internet service,No internet service,One year,Yes,Electronic check,18.0,287.12,Yes
C-ae2de3bf,Male,1,Yes,No,63,Yes,Yes,No,No internet service,No internet service,No internet service,No internet service,No internet service,No internet service,Two year,No,Bank transfer (automatic),20.88,1312.1,No
C-ff986e11,Female,1,No,No,26,No,No phone service,No,No internet service,No internet service,No internet service,No internet service,No internet service,No internet service,Two year,Yes,Electronic check,18.0,419.36,No
C-758a65bb,Male,0,Yes,No,5,Yes,No,DSL,No,Yes,No,No,Yes,No,Month-to-month,Yes,Bank transfer (automatic),35.52,185.94,Yes
C-86fd773d,Female,0,Yes,No,30,Yes,Yes,DSL,Yes,No internet service,Yes,No,Yes,Yes,Month-to-month,Yes,Mailed check,47.83,1434.59,Yes
C-9fc5cb93,Male,0,No,No,44,Yes,No,No,No internet service,No internet service,No internet service,No internet service,No internet service,No internet service,Two year,No,Credit card (automatic),18.0,776.19,No
C-3f9d7aea,Female,1,Yes,No,50,Yes,Yes,No,No internet service,No internet service,No internet service,No internet service,No internet service,No internet service,Month-to-month,Yes,Electronic check,25.79,1301.14,No
C-2fac88be,Female,1,No,No,46,Yes,Yes,Fiber optic,No,Yes,No,No,Yes,No internet service,Month-to-month,Yes,Electronic check,55.38,2544.91,No
C-af4ad524,Male,0,No,No,3,Yes,Yes,Fiber optic,No,No,No internet service,No,No,No,Month-to-month,No,Electronic check,41.96,133.94,Yes
C-04a63296,Female,0,Yes,Yes,48,Yes,Yes,No,No internet service,No internet service,No internet service,No internet service,No internet service,No internet service,One year,Yes,Bank transfer (automatic),18.0,898.97,No
C-053c3f4c,Female,0,Yes,No,20,Yes,No phone service,Fiber optic,No,No,No,Yes,Yes,No,Month-to-month,No,Bank transfer (automatic),47.6,938.58,No
C-9de87dd7,Female,0,Yes,No,13,Yes,No phone service,DSL,No,No,Yes,No,No internet service,Yes,Month-to-month,Yes,Bank transfer (automatic),39.0,516.48,No
C-8dfafaed,Female,0,Yes,No,13,Yes,Yes,Fiber optic,No internet service,Yes,No,No,No,Yes,Two year,No,Credit card (automatic),47.42,587.45,No
C-0ce4799f,Male,0,No,No,63,Yes,Yes,No,No internet service,No internet service,No internet service,No internet service,No internet service,No internet service,Month-to-month,No,Bank transfer (automatic),18.0,1106.71,No
C-f62ed9cf,Male,0,No,No,60,Yes,Yes,No,No internet service,No internet service,No internet service,No internet service,No internet service,No internet service,Two year,Yes,Mailed check,20.74,1224.0,No
C-5fd7f1f9,Female,0,Yes,No,6,Yes,No phone service,Fiber optic,Yes,Yes,Yes,No internet service,No,Yes,Month-to-month,No,Bank transfer (automatic),62.78,372.97,Yes
C-fbbf520e,Female,0,No,No,48,Yes,No,Fiber optic,No,No,No,No,No,No,Month-to-month,Yes,Mailed check,32.27,1538.5,Yes
C-58fec1bb,Female,0,No,No,2,Yes,No,No,No internet service,No internet service,No internet service,No internet service,No internet service,No internet service,Two year,Yes,Bank transfer (automatic),19.15,38.81,No
C-c4af4cac,Female,0,Yes,Yes,11,No,No phone service,DSL,No,No,No,Yes,Yes,No,Two year,Yes,Mailed check,37.47,416.07,No
C-0d652e5a,Female,0,Yes,No,64,Yes,No,DSL,No internet service,No,Yes,No,No,Yes,One year,Yes,Electronic check,37.63,2422.5,No
C-e187c0d2,Female,0,Yes,Yes,34,Yes,Yes,Fiber optic,Yes,Yes,No,No,No,Yes,Two year,Yes,Bank transfer (automatic),57.17,1959.09,No
C-2edc8cde,Female,0,Yes,Yes,43,No,No phone service,Fiber optic,No,Yes,No,No,Yes,No,Month-to-month,Yes,Mailed check,54.24,2295.39,No
C-9c6b9039,Male,0,Yes,No,28,Yes,Yes,DSL,Yes,Yes,Yes,No internet service,No,No,Month-to-month,Yes,Credit card (automatic),41.07,1152.99,Yes
C-1c3519ac,Male,0,No,No,39,Yes,No,Fiber optic,No internet service,No,No internet service,No internet service,No,Yes,Month-to-month,No,Electronic check,44.97,1742.08,Yes
C-b9396625,Female,0,Yes,Yes,2,Yes,Yes,No,No internet service,No internet service,No internet service,No internet service,No internet service,No internet service,Month-to-month,Yes,Bank transfer (automatic),21.09,28.49,Yes
C-0795d911,Male,0,No,No,48,Yes,No,Fiber optic,Yes,No,No,No,No internet service,No,One year,Yes,Credit card (automatic),43.44,2109.93,No
C-2a41d30b,Female,0,Yes,No,22,Yes,Yes,DSL,Yes,No,No internet service,No,No,No internet service,Month-to-month,Yes,Electronic check,27.2,562.93,Yes
C-1e2f22da,Female,0,Yes,No,68,Yes,No phone service,Fiber optic,No,Yes,Yes,No,Yes,No,Month-to-month,Yes,Mailed check,55.31,3732.47,Yes
C-c6316bf9,Male,1,Yes,No,15,Yes,Yes,Fiber optic,No,No,No,No,Yes,Yes,Month-to-month,Yes,Electronic check,53.42,833.83,Yes
C-df4ff5a2,Male,0,No,No,57,Yes,No phone service,Fiber optic,Yes,No,Yes,Yes,No,No,Month-to-month,No,Mailed check,64.46,3665.98,Yes
C-2e445848,Female,0,No,No,14,No,No phone service,No,No internet service,No internet service,No internet service,No internet service,No internet service,No internet service,Two year,Yes,Electronic check,22.28,347.3,No
C-b2d616e0,Male,0,Yes,Yes,62,Yes,Yes,Fiber optic,Yes,No,No,No,Yes,Yes,Month-to-month,Yes,Electronic check,57.04,3548.45,Yes
C-770eadc4,Male,0,Yes,No,44,Yes,No,DSL,No,No,Yes,No,No,No,Month-to-month,No,Mailed check,30.03,1317.71,No
C-123d377c,Male,0,No,No,36,Yes,No phone service,Fiber optic,No,No,Yes,Yes,No,Yes,Month-to-month,Yes,Credit card (automatic),56.7,2024.14,No
C-a5c18aed,Female,0,Yes,No,35,Yes,Yes,DSL,No,No,Yes,No,No,No,Month-to-month,No,Mailed check,24.58,823.19,No
C-6b8dae11,Male,0,Yes,No,52,Yes,Yes,Fiber optic,Yes,No,No,No,Yes,No,One year,Yes,Electronic check,49.7,2573.06,No
C-9e8ef332,Male,0,No,No,18,Yes,No,DSL,Yes,Yes,Yes,No,No,Yes,Month-to-month,Yes,Electronic check,43.48,784.22,No
C-b68a0f56,Male,0,Yes,No,25,Yes,Yes,DSL,No,Yes,No,No,Yes,No internet service,Month-to-month,Yes,Mailed check,36.77,911.88,Yes
C-4c360e3f,Male,0,No,No,60,Yes,Yes,DSL,No,No,No,No,No,No internet service,Month-to-month,Yes,Bank transfer (automatic),26.95,1624.17,Yes
C-1f3cc4fe,Female,0,No,No,53,Yes,Yes,Fiber optic,No,No,Yes,No,No,No,One year,No,Credit card (automatic),45.91,2461.19,Yes
C-83ee56c2,Male,0,Yes,No,43,Yes,Yes,No,No internet service,No internet service,No internet service,No internet service,No internet service,No internet service,Month-to-month,Yes,Mailed check,19.39,853.9,No
C-8212857b,Male,0,No,Yes,26,Yes,Yes,DSL,Yes,No,Yes,Yes,No,No,One year,Yes,Bank transfer (automatic),39.6,1017.46,No
C-1369aa0b,Male,0,No,No,49,Yes,Yes,Fiber optic,No,Yes,No,No internet service,No,No,Month-to-month,Yes,Electronic check,45.97,2238.68,Yes
C-942d3e06,Female,0,Yes,No,41,Yes,Yes,Fiber optic,Yes,Yes,No,No,Yes,No,One year,Yes,Electronic check,52.31,2102.59,Yes
C-6261c2c3,Female,0,No,No,57,No,No phone service,DSL,Yes,Yes,No,No internet service,No,Yes,Month-to-month,Yes,Electronic check,38.88,2244.04,No
C-1365720f,Female,0,No,No,59,Yes,No,Fiber optic,No,Yes,Yes,No internet service,Yes,No,Month-to-month,No,Credit card (automatic),53.18,3108.12,Yes
C-9df847db,Male,0,No,No,70,Yes,No phone service,DSL,No,No,No,No,Yes,No,Two year,No,Electronic check,26.04,1836.41,Yes
C-501da25d,Male,0,Yes,No,64,Yes,No,Fiber optic,No,No,No,No,No,No,Month-to-month,No,Electronic check,41.91,2660.3,Yes
C-e8a921f4,Female,0,Yes,No,68,Yes,No phone service,Fiber optic,No,No,No,No internet service,No,No internet service,One year,No,Bank transfer (automatic),40.63,2749.91,Yes
C-545a4c22,Male,0,No,No,60,Yes,Yes,No,No internet service,No internet service,No internet service,No internet service,No internet service,No internet service,One year,Yes,Electronic check,18.0,1058.62,Yes
C-e0fae7db,Male,0,No,No,51,Yes,No,Fiber optic,Yes,No,No,No,No,No,Two year,No,Bank transfer (automatic),46.47,2353.75,No
C-b182d368,Female,0,Yes,Yes,7,Yes,No,Fiber optic,Yes,No internet service,Yes,No,No,Yes,Month-to-month,Yes,Electronic check,59.55,397.69,Yes
C-dea7a3d5,Male,0,No,No,20,Yes,No,DSL,No internet service,Yes,Yes,No internet service,No,No,Month-to-month,Yes,Electronic check,37.09,719.05,No
C-29555013,Female,0,No,Yes,17,No,No phone service,DSL,No,No,No,No,Yes,No,Month-to-month,No,Bank transfer (automatic),34.88,580.92,No
C-4f006e6f,Male,0,Yes,No,0,No,No phone service,DSL,Yes,No,No,No,No,No,One year,Yes,Bank transfer (automatic),27.51,15.52,Yes
C-64bfc513,Male,0,No,No,21,Yes,No,Fiber optic,No,No,No,Yes,Yes,Yes,Month-to-month,Yes,Credit card (automatic),61.23,1306.06,Yes
C-34dd15a8,Male,0,Yes,Yes,55,Yes,No phone service,DSL,No,Yes,No,Yes,No,No,Month-to-month,No,Electronic check,30.63,1680.54,No
C-cc956d51,Female,0,Yes,Yes,22,Yes,No,No,No internet service,No internet service,No internet service,No internet service,No internet service,No internet service,Two year,Yes,Mailed check,18.0,361.23,No
C-99d1dbe7,Female,0,No,Yes,14,Yes,Yes,Fiber optic,No,No,No,No internet service,Yes,No,Month-to-month,Yes,Bank transfer (automatic),48.87,689.39,Yes
C-ef0389eb,Male,0,Yes,Yes,24,Yes,Yes,DSL,No internet service,Yes,No,No,Yes,Yes,Month-to-month,No,Electronic check,44.02,1051.79,No
C-662435c7,Male,0,Yes,No,46,Yes,Yes,DSL,Yes,No,No,Yes,No,Yes,Month-to-month,No,Bank transfer (automatic),35.49,1617.23,No
C-d234682f,Male,0,No,No,14,Yes,No,No,No internet service,No internet service,No internet service,No internet service,No internet service,No internet service,Month-to-month,No,Mailed check,18.0,275.39,No
C-91cc9a0e,Male,0,Yes,No,7,Yes,Yes,DSL,No,No,No,Yes,No,Yes,Month-to-month,No,Mailed check,27.98,188.09,No
C-bd724453,Female,0,No,Yes,54,Yes,Yes,DSL,Yes,No,Yes,No,No,No,One year,No,Bank transfer (automatic),38.4,2101.74,No
C-6a9ca5a1,Female,0,Yes,No,20,Yes,Yes,Fiber optic,No,No internet service,No,No,Yes,Yes,Two year,Yes,Bank transfer (automatic),57.35,1136.99,No
C-acb34d5d,Female,1,Yes,No,4,Yes,No,DSL,No,No,No internet service,No,Yes,Yes,Two year,No,Credit card (automatic),36.94,138.59,No
C-cc698de3,Male,0,No,No,43,Yes,No,Fiber optic,No internet service,No,Yes,No,No,Yes,Month-to-month,Yes,Mailed check,53.22,2253.91,No
C-55a0cabc,Female,0,No,Yes,2,Yes,Yes,Fiber optic,No,Yes,No internet service,No,No,Yes,Two year,Yes,Credit card (automatic),48.57,86.75,No
C-3fcb112f,Male,0,No,No,40,Yes,No,No,No internet service,No internet service,No internet service,No internet service,No internet service,No internet service,Month-to-month,No,Electronic check,25.29,998.17,Yes
C-60c03326,Female,0,No,No,8,Yes,No phone service,Fiber optic,Yes,Yes,No internet service,No,Yes,No internet service,One year,Yes,Credit card (automatic),60.55,500.59,No
C-7653dd21,Male,0,No,No,44,Yes,Yes,No,No internet service,No internet service,No internet service,No internet service,No internet service,No internet service,Month-to-month,No,Electronic check,18.0,833.95,Yes
C-f89de9e2,Male,0,No,No,52,Yes,No,DSL,Yes,No,No,No,Yes,No,Month-to-month,Yes,Electronic check,35.12,1826.9,No
C-4307474c,Male,0,Yes,Yes,38,Yes,Yes,No,No internet service,No internet service,No internet service,No internet service,No internet service,No internet service,Month-to-month,Yes,Electronic check,24.76,936.15,No
C-e22a486a,Female,0,No,No,22,Yes,Yes,No,No internet service,No internet service,No internet service,No internet service,No internet service,No internet service,One year,Yes,Credit card (automatic),20.98,450.45,No
C-e3bc5da2,Male,0,Yes,No,39,Yes,No,Fiber optic,No,No internet service,No,Yes,Yes,No,Two year,Yes,Bank transfer (automatic),49.74,1911.86,No
C-fdb51f18,Male,0,Yes,Yes,19,Yes,Yes,No,No internet service,No internet service,No internet service,No internet service,No internet service,No internet service,Month-to-month,Yes,Electronic check,20.82,440.45,No
C-2c9f0b0f,Female,1,No,No,62,Yes,Yes,Fiber optic,Yes,No,No,Yes,No,No,Month-to-month,Yes,Mailed check,46.78,2876.71,No
C-f483b887,Female,0,No,No,25,Yes,Yes,DSL,No,Yes,Yes,Yes,Yes,No,One year,No,Mailed check,42.74,1064.23,No
C-b4926dda,Male,0,No,No,5,Yes,No,Fiber optic,No,No,No internet service,No,Yes,Yes,One year,No,Electronic check,46.25,217.09,Yes
C-60c80fa4,Male,0,No,No,50,Yes,No,DSL,Yes,No,No internet service,No,No,Yes,Two year,No,Credit card (automatic),34.5,1732.58,No
C-4b68a073,Male,0,No,No,42,Yes,Yes,No,No internet service,No internet service,No internet service,No internet service,No internet service,No internet service,Month-to-month,No,Credit card (automatic),18.0,772.58,No
C-cae165f1,Female,1,Yes,No,0,Yes,No phone service,Fiber optic,No,No,Yes,Yes,No,Yes,Two year,Yes,Bank transfer (automatic),55.54,0.0,Yes
C-6ff3b93b,Male,0,No,No,7,Yes,No,DSL,No,No internet service,No,Yes,Yes,Yes,Two year,Yes,Bank transfer (automatic),44.38,323.4,No
C-16e8d8cb,Female,0,Yes,Yes,37,Yes,No,Fiber optic,No,No,No internet service,No,Yes,Yes,One year,No,Electronic check,47.84,1798.32,No
C-40d46f37,Male,0,Yes,Yes,31,Yes,No phone service,Fiber optic,No,No,No,No,Yes,No,Month-to-month,Yes,Electronic check,46.91,1432.62,Yes
C-24d5ea3c,Male,0,No,No,4,Yes,No,Fiber optic,No internet service,No,No,Yes,No,No,Two year,Yes,Credit card (automatic),49.64,196.83,Yes
C-adcc7c9d,Male,0,Yes,No,39,Yes,No,Fiber optic,Yes,Yes,Yes,No,Yes,Yes,Month-to-month,Yes,Mailed check,68.87,2681.59,Yes
C-b5dbaddc,Male,0,No,Yes,69,Yes,Yes,Fiber optic,Yes,No,No,No,No,Yes,Month-to-month,No,Electronic check,50.63,3487.96,No
C-58d6b652,Female,0,Yes,No,33,Yes,No,DSL,Yes,Yes,Yes,No,No,No,One year,No,Credit card (automatic),46.04,1507.57,No
C-a4c0ea11,Female,0,No,No,32,Yes,Yes,Fiber optic,No,No,No,Yes,Yes,Yes,One year,No,Mailed check,57.85,1841.29,No
C-11c0beaf,Male,0,No,No,41,Yes,Yes,DSL,No,Yes,No,No,Yes,No,Two year,No,Bank transfer (automatic),32.25,1320.68,No
C-ace74734,Female,0,No,No,72,Yes,No,Fiber optic,Yes,No,Yes,Yes,Yes,No,Month-to-month,No,Mailed check,63.66,4608.76,No
C-0469aa53,Male,0,No,No,19,Yes,Yes,No,No internet service,No internet service,No internet service,No internet service,No internet service,No internet service,Month-to-month,No,Credit card (automatic),18.41,358.17,Yes
C-0d960062,Male,0,Yes,Yes,11,No,No phone service,No,No internet service,No internet service,No internet service,No internet service,No internet service,No internet service,Month-to-month,Yes,Electronic check,18.14,206.15,Yes
C-9e56c573,Female,0,Yes,No,34,Yes,Yes,Fiber optic,No,No,Yes,No,No,Yes,Month-to-month,Yes,Bank transfer (automatic),50.48,1696.24,Yes
C-3a07efcd,Female,0,Yes,No,69,Yes,No,Fiber optic,Yes,No,No,No,No,No,One year,Yes,Bank transfer (automatic),41.49,2858.4,No
C-31eecd5d,Female,0,Yes,No,30,Yes,No,Fiber optic,No,No,Yes,No,Yes,Yes,Month-to-month,No,Electronic check,61.47,1859.26,No
C-a2f9df0b,Male,0,No,Yes,21,Yes,Yes,DSL,No,Yes,No,No,Yes,No,Month-to-month,Yes,Credit card (automatic),36.53,753.02,No
C-80937a41,Female,0,No,No,18,Yes,No,DSL,Yes,No,Yes,Yes,Yes,Yes,Month-to-month,Yes,Credit card (automatic),56.53,1022.81,No
C-475bc1e1,Female,0,Yes,No,64,Yes,Yes,No,No internet service,No internet service,No internet service,No internet service,No internet service,No internet service,Month-to-month,Yes,Credit card (automatic),18.0,1135.37,No
C-8122f390,Female,0,Yes,Yes,45,Yes,Yes,DSL,No,Yes,Yes,No,Yes,No,Month-to-month,No,Electronic check,42.19,1898.11,No
C-a4fa52da,Male,0,Yes,Yes,25,Yes,Yes,No,No internet service,No internet service,No internet service,No internet service,No internet service,No internet service,Month-to-month,No,Electronic check,23.25,578.09,No
C-474d09f4,Male,1,Yes,Yes,47,Yes,No,No,No internet service,No internet service,No internet service,No internet service,No internet service,No internet service,Two year,No,Bank transfer (automatic),21.17,998.74,No
C-21b17325,Male,1,No,No,41,Yes,No phone service,Fiber optic,No internet service,Yes,No,No internet service,Yes,Yes,One year,Yes,Electronic check,66.1,2708.74,No
C-4f637d49,Male,0,No,No,44,Yes,Yes,Fiber optic,Yes,No internet service,No,No,No,No,Month-to-month,Yes,Bank transfer (automatic),50.1,2195.92,No
C-d85d7ac8,Female,0,No,No,34,Yes,No phone service,DSL,No,Yes,Yes,No,No,Yes,Month-to-month,Yes,Bank transfer (automatic),46.3,1582.32,No
C-6b8179c5,Female,1,Yes,Yes,27,Yes,No phone service,DSL,No internet service,Yes,No,No,No,No,Month-to-month,Yes,Bank transfer (automatic),24.05,660.11,No
C-e648384a,Female,0,No,No,43,Yes,Yes,Fiber optic,No,Yes,No,No,Yes,No,Month-to-month,No,Mailed check,59.09,2556.82,Yes
C-950a2a30,Female,1,Yes,No,27,Yes,No,No,No internet service,No internet service,No internet service,No internet service,No internet service,No internet service,Month-to-month,No,Bank transfer (automatic),20.01,536.9,No
C-414980f8,Female,0,No,No,45,Yes,No,DSL,No internet service,No,No internet service,No internet service,Yes,No internet service,One year,Yes,Mailed check,30.88,1350.59,No
C-b41522ee,Female,0,Yes,Yes,8,Yes,Yes,Fiber optic,Yes,Yes,Yes,No,No,Yes,Month-to-month,No,Bank transfer (automatic),57.29,424.26,No
C-42256179,Female,0,Yes,No,19,Yes,No,Fiber optic,No,No,Yes,No internet service,Yes,Yes,Month-to-month,Yes,Electronic check,58.39,1113.57,Yes
C-241220cb,Male,0,No,No,45,Yes,No phone service,Fiber optic,No,Yes,No,No,Yes,Yes,One year,Yes,Electronic check,56.58,2498.64,No
C-cdc9eb1d,Female,0,No,No,8,Yes,No,DSL,Yes,No,Yes,No,Yes,No,Month-to-month,No,Electronic check,39.75,294.66,Yes
C-336598fb,Male,0,No,No,34,Yes,No,No,No internet service,No internet service,No internet service,No internet service,No internet service,No internet service,Two year,No,Mailed check,23.94,822.68,No
C-f2a9b125,Female,0,Yes,No,20,Yes,Yes,DSL,No,No,No,Yes,No,Yes,Month-to-month,No,Electronic check,30.41,597.63,Yes
C-6aca9cd3,Male,0,No,No,63,Yes,No,DSL,No internet service,No,Yes,No,No,Yes,Month-to-month,Yes,Mailed check,35.95,2272.16,No
C-18d6ae5c,Male,0,No,No,17,Yes,No,DSL,Yes,Yes,Yes,No,Yes,No,Two year,Yes,Mailed check,47.32,760.26,No
C-6c19a758,Female,1,Yes,No,3,Yes,No phone service,Fiber optic,No,No,No,Yes,No,Yes,Month-to-month,No,Electronic check,49.78,154.36,Yes
C-630f8517,Female,1,No,No,46,Yes,No,DSL,No internet service,No,Yes,No,No,No,Two year,Yes,Electronic check,30.47,1387.08,No
C-8c8a4160,Female,0,No,No,40,Yes,No phone service,Fiber optic,No,Yes,No internet service,Yes,Yes,No,Month-to-month,Yes,Mailed check,55.7,2219.89,Yes
C-a6c0ca16,Male,0,Yes,Yes,46,Yes,Yes,No,No internet service,No internet service,No internet service,No internet service,No internet service,No internet service,Two year,Yes,Bank transfer (automatic),22.91,1084.26,No
C-87b725c1,Female,0,No,No,58,Yes,Yes,Fiber optic,No,Yes,No,No,No,Yes,Two year,No,Electronic check,52.04,3013.62,No
C-95aa514e,Female,0,No,No,61,Yes,Yes,Fiber optic,Yes,No,No,No,No,Yes,Two year,Yes,Bank transfer (automatic),53.42,3244.34,No
C-1cd2da8a,Female,0,No,No,55,Yes,Yes,No,No internet service,No internet service,No internet service,No internet service,No internet service,No internet service,Month-to-month,Yes,Bank transfer (automatic),18.0,1002.09,Yes
C-0b4d8d6e,Male,0,No,No,48,Yes,No,No,No internet service,No internet service,No internet service,No internet service,No internet service,No internet service,Month-to-month,No,Electronic check,20.92,999.64,No
C-aa6440d2,Female,0,No,No,27,Yes,Yes,Fiber optic,No,No,Yes,No,No,No,Month-to-month,No,Mailed check,45.36,1232.9,Yes
C-97f6fb45,Female,0,No,Yes,46,Yes,No phone service,Fiber optic,No,No,No,Yes,Yes,No internet service,One year,Yes,Bank transfer (automatic),49.53,2273.19,No
C-e1b15f83,Female,1,No,No,28,Yes,No,DSL,No,No,No,Yes,No,Yes,Month-to-month,No,Electronic check,39.35,1105.86,No
C-bb3e9a73,Male,0,No,No,26,Yes,No phone service,DSL,No,Yes,No,Yes,No,No,Month-to-month,No,Electronic check,35.77,908.59,No
C-1c7585bd,Male,0,No,No,18,Yes,No,Fiber optic,Yes,No,No,Yes,Yes,No,Month-to-month,Yes,Electronic check,53.72,975.38,Yes
C-d09dfd64,Female,0,Yes,Yes,16,Yes,Yes,DSL,No internet service,No,Yes,Yes,No,Yes,Month-to-month,No,Mailed check,42.74,691.78,Yes
C-a7cade3d,Male,0,No,Yes,71,Yes,No,DSL,Yes,No,Yes,Yes,No,No internet service,Month-to-month,Yes,Mailed check,36.85,2638.43,No
C-fdd76231,Female,0,Yes,Yes,44,Yes,Yes,DSL,No,No,Yes,No,Yes,Yes,Two year,Yes,Bank transfer (automatic),45.23,1988.12,No
C-c318d65d,Male,0,No,Yes,44,Yes,No,No,No internet service,No internet service,No internet service,No internet service,No internet service,No internet service,Two year,Yes,Mailed check,23.54,1052.67,No
C-16991c5b,Female,0,No,No,68,Yes,Yes,Fiber optic,No,Yes,No,Yes,No,Yes,Month-to-month,No,Mailed check,57.54,3915.37,Yes
C-05d70105,Male,0,No,No,62,Yes,No,DSL,No,No,Yes,No,Yes,Yes,One year,No,Electronic check,44.75,2814.44,No
C-6831fa5b,Male,1,Yes,Yes,38,Yes,No,DSL,No,No,No internet service,No,No internet service,No,Two year,Yes,Electronic check,28.43,1026.67,No
C-f7efc5d7,Male,0,No,No,10,Yes,No,DSL,No,Yes,Yes,Yes,Yes,Yes,Month-to-month,Yes,Mailed check,56.58,573.19,No
C-23f2127b,Female,0,Yes,No,72,No,No phone service,Fiber optic,No,No,No,No,Yes,Yes,Month-to-month,Yes,Electronic check,56.22,4085.57,Yes
C-94706562,Female,1,No,No,19,Yes,No,Fiber optic,Yes,No,No,No,No,No,Month-to-month,No,Credit card (automatic),40.51,781.38,Yes
C-2fbfb287,Male,0,No,No,52,Yes,Yes,DSL,No,Yes,Yes,No,No,No,Month-to-month,Yes,Bank transfer (automatic),32.59,1666.6,No
C-0e8e068d,Female,0,Yes,No,27,Yes,No phone service,No,No internet service,No internet service,No internet service,No internet service,No internet service,No internet service,Month-to-month,Yes,Credit card (automatic),18.0,476.58,No
C-a62704d9,Male,0,Yes,Yes,41,Yes,No phone service,No,No internet service,No internet service,No internet service,No internet service,No internet service,No internet service,Two year,Yes,Bank transfer (automatic),19.46,808.45,No
C-44bdce39,Male,0,Yes,Yes,61,Yes,Yes,DSL,No,No,Yes,No,No,Yes,Month-to-month,Yes,Credit card (automatic),36.6,2249.41,Yes
C-1e7a3a2f,Female,0,No,No,1,Yes,Yes,No,No internet service,No internet service,No internet service,No internet service,No internet service,No internet service,Month-to-month,Yes,Mailed check,20.64,10.21,Yes
C-03e56dac,Male,0,No,No,63,No,No phone service,Fiber optic,Yes,No,Yes,No,No,No,One year,Yes,Bank transfer (automatic),54.96,3467.62,No
C-f2743b65,Female,0,No,No,53,Yes,No,DSL,Yes,No,Yes,No,No,No,One year,No,Mailed check,38.7,2027.24,No
C-99fe42a5,Female,0,No,No,11,Yes,No,Fiber optic,No internet service,Yes,No internet service,No,Yes,Yes,Two year,Yes,Credit card (automatic),57.43,617.67,No
C-cb205df1,Male,0,Yes,No,21,No,No phone service,Fiber optic,No,No,No,No,No internet service,No,Two year,Yes,Electronic check,40.51,863.29,No
C-20522ebe,Male,0,Yes,No,70,No,No phone service,DSL,Yes,No,No,No,No,No,Month-to-month,Yes,Electronic check,30.01,2105.03,Yes
C-9b2143c4,Male,0,Yes,No,2,Yes,No phone service,Fiber optic,No,No,No,No,No internet service,Yes,Two year,Yes,Mailed check,42.04,76.91,Yes
C-20c420b4,Male,0,No,Yes,40,Yes,No,Fiber optic,No,Yes,No,No,No internet service,Yes,Month-to-month,Yes,Electronic check,54.07,2190.45,No
C-b385f28d,Female,1,Yes,Yes,11,Yes,Yes,DSL,No,No,No,No internet service,No internet service,No,Month-to-month,Yes,Bank transfer (automatic),27.25,296.69,Yes
C-ab423e8a,Female,1,Yes,No,8,Yes,Yes,Fiber optic,Yes,Yes,Yes,No,No,Yes,One year,No,Credit card (automatic),59.19,461.97,No
C-69e7dab2,Male,0,Yes,No,11,Yes,Yes,Fiber optic,No,Yes,No,No,No,No,Two year,No,Credit card (automatic),48.15,529.76,Yes
C-c346a104,Female,0,No,No,15,Yes,No,Fiber optic,No,No,No,No,No,No,Month-to-month,No,Electronic check,39.27,585.93,No
C-0a0d49da,Female,0,No,No,66,Yes,No phone service,Fiber optic,No,No internet service,No,Yes,No,Yes,Month-to-month,No,Electronic check,49.42,3246.9,Yes
C-b0865701,Male,0,No,Yes,45,Yes,Yes,Fiber optic,No internet service,No,No,No,No internet service,No,Month-to-month,No,Electronic check,40.15,1801.41,No
C-e3c5c489,Female,1,No,Yes,16,Yes,Yes,DSL,Yes,No,Yes,Yes,Yes,Yes,Two year,Yes,Mailed check,45.32,715.12,No
C-3940e541,Male,0,Yes,No,11,No,No phone service,DSL,Yes,No,Yes,Yes,Yes,No,Two year,Yes,Electronic check,48.9,547.12,No
C-123a0e5e,Male,0,No,No,61,Yes,Yes,DSL,No,No,No,No,No,No,One year,Yes,Mailed check,30.77,1876.64,Yes
C-f8f354c4,Male,0,Yes,No,30,No,No phone service,DSL,Yes,No,No,Yes,Yes,No,Month-to-month,Yes,Mailed check,39.38,1212.38,No
C-d3083e74,Male,0,No,No,20,Yes,No phone service,DSL,No,No,Yes,Yes,Yes,No,One year,Yes,Electronic check,42.25,861.84,No
C-7d0b7948,Female,0,No,No,65,Yes,Yes,No,No internet service,No internet service,No internet service,No internet service,No internet service,No internet service,Two year,Yes,Electronic check,18.07,1203.76,No
C-77a99ee4,Male,0,No,No,61,Yes,No,No,No internet service,No internet service,No internet service,No internet service,No internet service,No internet service,Month-to-month,No,Bank transfer (automatic),22.5,1320.84,Yes
C-690d9f48,Male,1,Yes,Yes,54,Yes,No phone service,DSL,No,No,Yes,No,No,No,One year,No,Bank transfer (automatic),34.09,1840.29,No
C-9ded6ee3,Male,0,No,Yes,58,Yes,Yes,Fiber optic,Yes,Yes,No internet service,No internet service,No,No,Month-to-month,No,Mailed check,47.55,2769.87,Yes
C-7ae574ec,Male,1,No,No,25,Yes,Yes,Fiber optic,Yes,No,No,Yes,Yes,No,Month-to-month,Yes,Electronic check,58.96,1503.61,Yes
C-78f435fa,Female,0,Yes,No,55,Yes,Yes,No,No internet service,No internet service,No internet service,No internet service,No internet service,No internet service,Month-to-month,No,Bank transfer (automatic),25.27,1399.69,No
C-98a0db98,Male,0,No,Yes,35,Yes,No,Fiber optic,No,Yes,No,Yes,No,Yes,One year,No,Credit card (automatic),58.56,2043.62,Yes
C-4f6c35d2,Male,1,No,No,52,Yes,Yes,DSL,No,No,No,Yes,No,No,Two year,Yes,Mailed check,30.52,1570.46,No
C-6f8c8e4f,Male,0,Yes,No,0,Yes,Yes,No,No internet service,No internet service,No internet service,No internet service,No internet service,No internet service,Month-to-month,No,Credit card (automatic),19.63,0.0,Yes
C-267ba33e,Male,0,No,No,36,Yes,No phone service,No,No internet service,No internet service,No internet service,No internet service,No internet service,No internet service,Month-to-month,No,Bank transfer (automatic),18.46,667.82,No
C-7bb02ba7,Male,1,Yes,No,2,Yes,Yes,Fiber optic,No,No,No,Yes,No,No,Month-to-month,No,Credit card (automatic),45.34,96.97,Yes
C-e9d2fe7c,Male,0,Yes,No,25,Yes,No phone service,Fiber optic,No,No internet service,Yes,Yes,Yes,No,Month-to-month,No,Electronic check,52.8,1301.88,Yes
C-0e6eebc1,Male,0,No,No,16,Yes,Yes,Fiber optic,Yes,Yes,Yes,No,No,No,Month-to-month,Yes,Electronic check,51.9,806.49,Yes
C-3756ffcf,Female,0,Yes,No,13,Yes,Yes,No,No internet service,No internet service,No internet service,No internet service,No internet service,No internet service,Month-to-month,Yes,Electronic check,18.79,248.97,No
C-83794ca8,Female,0,Yes,No,20,Yes,No,No,No internet service,No internet service,No internet service,No internet service,No internet service,No internet service,Month-to-month,Yes,Electronic check,28.79,557.03,Yes
C-6fd75b32,Male,0,No,Yes,35,Yes,No,Fiber optic,No,No,No,No,No internet service,No,Two year,Yes,Credit card (automatic),37.93,1323.12,No
C-312fee5c,Female,0,Yes,No,17,No,No phone service,DSL,Yes,Yes,No,No,Yes,Yes,Month-to-month,No,Electronic check,45.68,776.88,No
C-595b8916,Male,0,No,No,61,Yes,No,Fiber optic,No,Yes,No,No,Yes,Yes,Two year,Yes,Credit card (automatic),59.46,3641.99,No
C-2177d726,Female,0,No,No,5,Yes,No phone service,Fiber optic,No,No,No,No,No internet service,No internet service,Two year,No,Bank transfer (automatic),44.52,217.8,Yes
C-06018fd3,Male,0,No,No,22,Yes,Yes,DSL,No,No,No,No,No,Yes,One year,Yes,Electronic check,33.9,769.69,No
C-8dee77e4,Female,0,Yes,No,0,No,No phone service,Fiber optic,No,No internet service,No,No,Yes,Yes,One year,No,Electronic check,52.02,5.35,Yes
C-09431913,Female,0,No,No,3,Yes,No,DSL,No,Yes,Yes,No,Yes,Yes,One year,Yes,Bank transfer (automatic),44.86,155.65,No
C-61c750d8,Male,0,No,Yes,15,Yes,No,DSL,No internet service,Yes,No,Yes,Yes,No,One year,No,Electronic check,41.92,596.24,No
C-0581d356,Male,0,No,No,29,Yes,Yes,No,No internet service,No internet service,No internet service,No internet service,No internet service,No internet service,Month-to-month,No,Electronic check,18.0,499.88,No
C-c2c654b5,Male,1,Yes,No,64,Yes,Yes,Fiber optic,No,Yes,Yes,No,No,Yes,Month-to-month,No,Mailed check,60.0,3822.75,No
C-1dbfd2dc,Female,0,No,Yes,9,Yes,Yes,DSL,No,No internet service,No,No internet service,No internet service,No internet service,Month-to-month,No,Credit card (automatic),24.21,218.65,No
C-9837d3b7,Male,0,No,No,58,Yes,No,DSL,No,Yes,No internet service,No,No,Yes,Two year,Yes,Credit card (automatic),39.78,2346.65,No
C-1204750d,Male,1,No,No,36,Yes,Yes,Fiber optic,No,No,Yes,Yes,Yes,No internet service,One year,No,Credit card (automatic),61.51,2258.84,No
C-e0211aed,Male,0,No,No,53,Yes,Yes,No,No internet service,No internet service,No internet service,No internet service,No internet service,No internet service,Month-to-month,Yes,Mailed check,26.19,1369.39,Yes
C-fddfc533,Male,0,No,Yes,17,Yes,Yes,Fiber optic,No,Yes,No internet service,No internet service,Yes,Yes,Month-to-month,Yes,Bank transfer (automatic),56.37,982.26,Yes
C-5451bd0e,Male,1,Yes,No,23,Yes,Yes,Fiber optic,No,No,No,Yes,Yes,No,Month-to-month,No,Credit card (automatic),52.93,1207.69,Yes
C-4a326e7a,Male,0,Yes,Yes,14,Yes,Yes,Fiber optic,Yes,No,No,No,No,No,Month-to-month,No,Credit card (automatic),44.72,627.97,Yes
C-9f2a9f45,Female,0,Yes,Yes,66,Yes,No,No,No internet service,No internet service,No internet service,No internet service,No internet service,No internet service,Month-to-month,No,Electronic check,26.53,1723.19,No
C-03fb6df5,Female,0,No,No,37,Yes,Yes,Fiber optic,No,No,No,No,No internet service,No internet service,Two year,Yes,Electronic check,40.21,1490.27,No
C-07abfea7,Male,0,Yes,No,43,Yes,No phone service,No,No internet service,No internet service,No internet service,No internet service,No internet service,No internet service,One year,No,Bank transfer (automatic),18.0,785.96,No
C-d2010a92,Female,1,No,No,12,Yes,Yes,No,No internet service,No internet service,No internet service,No internet service,No internet service,No internet service,Month-to-month,Yes,Electronic check,18.35,250.19,No
C-27e3264c,Female,0,Yes,No,23,Yes,No,DSL,Yes,No,No,No internet service,No,Yes,One year,Yes,Mailed check,34.9,787.89,No
C-e2a0afb7,Female,0,Yes,Yes,26,Yes,No,No,No internet service,No internet service,No internet service,No internet service,No internet service,No internet service,Month-to-month,Yes,Electronic check,21.0,561.77,No
C-0d4027c4,Female,1,No,No,33,Yes,Yes,DSL,No internet service,No internet service,No,No internet service,No,No,Two year,No,Bank transfer (automatic),23.7,768.25,No
C-824de2d0,Male,0,No,Yes,19,No,No phone service,Fiber optic,No,No,Yes,No internet service,No,No,Month-to-month,No,Bank transfer (automatic),42.46,813.73,Yes
C-010dd271,Female,1,Yes,No,33,Yes,No,No,No internet service,No internet service,No internet service,No internet service,No internet service,No internet service,Month-to-month,No,Electronic check,21.04,695.46,Yes
C-d86beab9,Female,0,Yes,No,15,Yes,Yes,No,No internet service,No internet service,No internet service,No internet service,No internet service,No internet service,Month-to-month,No,Electronic check,20.58,284.3,No
C-5288a528,Male,0,Yes,No,13,Yes,Yes,DSL,No,No,No,No,No,Yes,Month-to-month,Yes,Mailed check,30.35,405.55,No
C-5807f9a3,Female,0,No,No,4,Yes,No,DSL,No internet service,Yes,No,No,No,No,Month-to-month,Yes,Credit card (automatic),32.51,135.29,Yes
C-19ba6092,Female,1,Yes,No,56,Yes,Yes,Fiber optic,Yes,No internet service,Yes,Yes,Yes,Yes,Month-to-month,No,Electronic check,65.0,3626.01,No
C-177ffaa0,Female,0,No,Yes,22,Yes,No phone service,No,No internet service,No internet service,No internet service,No internet service,No internet service,No internet service,Month-to-month,No,Electronic check,21.11,452.87,Yes
C-89d9d3ab,Male,0,Yes,No,28,Yes,No,DSL,No internet service,No,No,No internet service,Yes,No,Month-to-month,Yes,Credit card (automatic),35.41,999.84,No
C-9e44d3f8,Female,0,Yes,No,56,Yes,Yes,DSL,No,No internet service,Yes,Yes,Yes,Yes,Month-to-month,No,Electronic check,47.23,2638.49,Yes
C-a0f48d29,Male,0,No,No,56,Yes,Yes,Fiber optic,No,Yes,No internet service,No,No internet service,No internet service,Month-to-month,Yes,Electronic check,46.11,2554.92,No
C-e198b537,Female,1,No,No,30,Yes,No,DSL,No internet service,No internet service,No internet service,No internet service,Yes,No,One year,Yes,Electronic check,29.78,905.7,No
C-22bdc53f,Male,1,No,No,22,Yes,No,DSL,No,No,No,No,Yes,No,One year,No,Mailed check,31.1,723.56,No
C-24caf163,Male,0,No,Yes,24,Yes,No,No,No internet service,No internet service,No internet service,No internet service,No internet service,No internet service,Month-to-month,Yes,Credit card (automatic),24.18,559.39,Yes
C-5fa78b27,Female,0,No,Yes,48,Yes,No,DSL,No,No,No,Yes,No,No,Two year,Yes,Bank transfer (automatic),27.92,1390.66,No
C-ba451dd3,Male,0,No,No,31,No,No phone service,Fiber optic,No,No internet service,Yes,No,No,Yes,Two year,Yes,Electronic check,49.68,1560.66,No
C-2525f008,Female,0,No,No,45,Yes,No,DSL,No,No,No,Yes,Yes,No,Month-to-month,Yes,Bank transfer (automatic),35.92,1656.58,No
C-feff336f,Female,1,Yes,No,23,Yes,Yes,Fiber optic,No,No,Yes,Yes,No internet service,Yes,Month-to-month,Yes,Electronic check,60.31,1381.57,Yes
C-d8f464bf,Male,0,No,Yes,17,Yes,No,DSL,No internet service,No,Yes,No,Yes,No,Two year,Yes,Electronic check,35.99,622.92,No
C-8db27686,Female,0,No,No,57,Yes,No,DSL,No,Yes,No,Yes,Yes,Yes,Month-to-month,Yes,Electronic check,51.33,2941.62,Yes
C-e5ece821,Male,0,Yes,No,24,No,No phone service,Fiber optic,No,No,No,No,No,Yes,Two year,No,Credit card (automatic),46.71,1138.56,No
C-fca1de82,Female,0,No,Yes,15,Yes,Yes,No,No internet service,No internet service,No internet service,No internet service,No internet service,No internet service,Two year,Yes,Credit card (automatic),18.0,277.27,No
C-1a7e738a,Female,0,Yes,Yes,56,Yes,No,No,No internet service,No internet service,No internet service,No internet service,No internet service,No internet service,Month-to-month,Yes,Credit card (automatic),22.52,1275.98,No
C-b89a50bc,Female,0,No,No,20,No,No phone service,Fiber optic,No,No,No,No,No,No,One year,Yes,Credit card (automatic),41.87,824.21,No
C-e167dfb3,Male,0,Yes,Yes,17,Yes,Yes,DSL,Yes,No,No,No,Yes,Yes,Month-to-month,No,Credit card (automatic),39.0,652.44,No
C-f7bad899,Male,1,No,Yes,30,Yes,No phone service,Fiber optic,No,No,Yes,No,No,No,Month-to-month,Yes,Mailed check,48.6,1468.51,Yes
C-04389517,Male,0,Yes,Yes,53,No,No phone service,Fiber optic,Yes,Yes,No,No,No,No,One year,No,Credit card (automatic),51.88,2729.04,No
C-3b3a1029,Female,1,Yes,Yes,61,Yes,No,No,No internet service,No internet service,No internet service,No internet service,No internet service,No internet service,Month-to-month,No,Bank transfer (automatic),23.38,1446.74,Yes
C-33db0e91,Male,0,Yes,No,35,Yes,No,DSL,Yes,No internet service,Yes,No internet service,Yes,No,Month-to-month,Yes,Electronic check,39.36,1399.95,Yes
C-4e6dae8d,Female,0,No,No,45,No,No phone service,No,No internet service,No internet service,No internet service,No internet service,No internet service,No internet service,Month-to-month,Yes,Electronic check,18.0,812.19,No
C-8d55e6ad,Male,0,Yes,Yes,65,Yes,No,DSL,No,No,No internet service,Yes,No,No,Month-to-month,Yes,Electronic check,32.26,2063.38,No
C-50d82931,Male,0,No,Yes,15,Yes,No,DSL,No,No,No,No,Yes,No,Month-to-month,Yes,Mailed check,33.87,514.21,Yes
C-b26f88e3,Female,0,Yes,No,36,Yes,No,DSL,No,No,No,No,No internet service,Yes,Two year,No,Mailed check,29.65,1064.0,No
C-e42b991b,Female,0,No,Yes,37,Yes,Yes,Fiber optic,No,Yes,No,No,No,No,Month-to-month,No,Mailed check,44.28,1670.01,Yes
C-6036e5db,Male,0,No,No,64,No,No phone service,Fiber optic,Yes,Yes,No,No,Yes,No,One year,No,Credit card (automatic),56.46,3638.32,No
C-a0bead3f,Female,0,Yes,Yes,62,Yes,No phone service,DSL,No,Yes,Yes,Yes,Yes,Yes,One year,Yes,Credit card (automatic),43.22,2667.67,No
C-97d60b2a,Male,0,No,No,16,No,No phone service,DSL,No,No,No,Yes,No,No internet service,One year,No,Electronic check,34.53,526.42,Yes
C-487488d7,Male,0,No,No,40,Yes,No,No,No internet service,No internet service,No internet service,No internet service,No internet service,No internet service,One year,Yes,Electronic check,21.47,841.75,No
C-4fab9c0a,Female,0,Yes,Yes,63,Yes,Yes,No,No internet service,No internet service,No internet service,No internet service,No internet service,No internet service,Month-to-month,Yes,Credit card (automatic),23.01,1439.41,No
C-8391e2fc,Female,0,No,No,13,Yes,Yes,DSL,No,No,Yes,No,Yes,Yes,Month-to-month,No,Electronic check,48.4,661.59,Yes
C-1251bf6c,Female,0,No,No,66,Yes,No phone service,No,No internet service,No internet service,No internet service,No internet service,No internet service,No internet service,Two year,Yes,Credit card (automatic),18.0,1189.75,No
C-22a66767,Female,0,No,Yes,61,Yes,No,DSL,No,No,No,Yes,No internet service,No,One year,Yes,Mailed check,33.97,2054.5,No
C-e9071ebf,Female,0,No,No,23,Yes,Yes,DSL,No,No,No,No,No,No,Month-to-month,Yes,Electronic check,18.0,391.41,Yes
C-dbadda16,Male,0,Yes,No,26,Yes,Yes,Fiber optic,No,No,No,No,No,Yes,Month-to-month,Yes,Mailed check,46.18,1198.44,Yes
C-9d5d0ee5,Male,0,Yes,No,22,Yes,No,Fiber optic,No,Yes,Yes,Yes,Yes,No,One year,Yes,Mailed check,58.66,1299.57,No
C-55aab107,Male,0,No,No,22,Yes,Yes,No,No internet service,No internet service,No internet service,No internet service,No internet service,No internet service,Two year,Yes,Electronic check,18.13,412.48,Yes
C-577f5132,Male,1,Yes,No,48,No,No phone service,DSL,No,Yes,Yes,No,No,Yes,Two year,No,Electronic check,37.7,1826.78,No
C-0b74a997,Male,0,Yes,No,52,Yes,No,DSL,Yes,No,No,No,No internet service,No,Month-to-month,No,Electronic check,27.94,1448.07,No
C-d71b9234,Female,0,Yes,No,25,Yes,No,DSL,Yes,Yes,Yes,No,No,No,Month-to-month,Yes,Mailed check,36.55,934.34,No
C-4764d03d,Female,0,No,Yes,65,Yes,No,DSL,No,No,No,No,No,Yes,Month-to-month,Yes,Bank transfer (automatic),33.85,2232.35,No
C-a75655d0,Male,0,No,Yes,11,Yes,No,No,No internet service,No internet service,No internet service,No internet service,No internet service,No internet service,Month-to-month,No,Credit card (automatic),18.0,191.28,No
C-bb6dd684,Male,0,Yes,No,6,Yes,No,DSL,No,Yes,No,No,Yes,Yes,Month-to-month,Yes,Mailed check,47.13,315.9,Yes
C-6635d37d,Female,0,No,No,7,Yes,No,No,No internet service,No internet service,No internet service,No internet service,No internet service,No internet service,Month-to-month,Yes,Credit card (automatic),18.84,106.19,Yes
C-a0f74900,Female,0,Yes,Yes,54,Yes,No,No,No internet service,No internet service,No internet service,No internet service,No internet service,No internet service,Month-to-month,Yes,Electronic check,21.38,1181.11,No
C-2e2dd69d,Male,1,No,No,22,Yes,No,DSL,No,No internet service,Yes,No,No,No internet service,Two year,Yes,Bank transfer (automatic),32.54,726.45,No
C-bf1aab1b,Female,0,No,Yes,67,Yes,Yes,DSL,No,No,No,No,No,Yes,One year,No,Electronic check,31.01,2128.34,No
C-b00241db,Female,0,No,Yes,37,Yes,No phone service,Fiber optic,No,Yes,No,No,Yes,No,Two year,No,Electronic check,49.8,1875.64,No
C-248e5a80,Male,0,Yes,No,61,Yes,No,DSL,No,No,No,No,No,No,Month-to-month,Yes,Mailed check,25.49,1572.46,No
C-b7908441,Female,0,No,No,55,Yes,No phone service,Fiber optic,No,No,No internet service,Yes,No internet service,Yes,Two year,Yes,Mailed check,51.51,2835.01,No
C-432dd143,Male,0,Yes,No,46,Yes,No phone service,DSL,No internet service,Yes,Yes,No,No,No,One year,Yes,Electronic check,37.92,1777.46,No
C-b543db05,Male,0,Yes,Yes,0,No,No phone service,DSL,No internet service,No,Yes,No,No,No,Two year,Yes,Credit card (automatic),25.77,17.4,No
C-045bc845,Male,0,Yes,No,51,No,No phone service,No,No internet service,No internet service,No internet service,No internet service,No internet service,No internet service,Month-to-month,No,Electronic check,20.6,1036.44,No
C-e3c3cf26,Male,0,Yes,No,33,Yes,No,Fiber optic,No,Yes,Yes,No,Yes,Yes,Month-to-month,No,Credit card (automatic),63.15,2071.1,No
C-d263bf65,Female,0,No,No,2,Yes,No phone service,Fiber optic,Yes,No,No,No,Yes,No,Two year,Yes,Mailed check,55.08,94.8,No
C-f066d5cd,Female,0,Yes,No,63,Yes,No,DSL,No,No,Yes,Yes,Yes,No,Two year,Yes,Bank transfer (automatic),43.68,2734.07,No
C-a60edbdf,Male,0,No,No,61,Yes,No,No,No internet service,No internet service,No internet service,No internet service,No internet service,No internet service,Two year,No,Mailed check,18.0,1094.89,No
C-c60ca054,Male,0,No,Yes,64,Yes,No,DSL,Yes,Yes,Yes,No,Yes,No,Two year,Yes,Mailed check,48.36,3081.75,No
C-62429b12,Male,0,No,No,12,Yes,No,DSL,No,No,No,Yes,No,No,Month-to-month,Yes,Electronic check,30.6,368.1,Yes
C-457e24b9,Female,1,Yes,Yes,25,No,No phone service,DSL,No,Yes,Yes,No,No,No,Month-to-month,Yes,Bank transfer (automatic),34.56,884.26,No
C-24a85935,Female,0,Yes,Yes,26,Yes,No phone service,DSL,No,No,No,No,No internet service,Yes,Two year,No,Bank transfer (automatic),32.24,884.45,No
C-0539edde,Female,1,No,Yes,58,No,No phone service,No,No internet service,No internet service,No internet service,No internet service,No internet service,No internet service,Month-to-month,No,Bank transfer (automatic),24.75,1409.25,No
C-c87aa703,Female,0,No,Yes,45,Yes,No phone service,No,No internet service,No internet service,No internet service,No internet service,No internet service,No internet service,Two year,Yes,Mailed check,20.57,955.28,No
C-0691d050,Male,0,Yes,Yes,49,Yes,No,Fiber optic,Yes,No,Yes,No,No,Yes,Month-to-month,Yes,Electronic check,55.24,2736.56,No
C-e2bdcac2,Male,0,Yes,No,68,Yes,Yes,DSL,Yes,No,No,Yes,Yes,No,One year,Yes,Electronic check,39.03,2652.71,No
C-587966c6,Female,0,Yes,Yes,27,Yes,No phone service,Fiber optic,No,No,Yes,Yes,No,No,Two year,Yes,Mailed check,45.59,1279.1,No
C-2e6246b7,Female,0,No,No,48,Yes,No,No,No internet service,No internet service,No internet service,No internet service,No internet service,No internet service,One year,Yes,Mailed check,21.48,1026.57,No
C-a658d8c0,Female,0,No,Yes,50,Yes,No,Fiber optic,Yes,No,No,Yes,Yes,Yes,Month-to-month,No,Credit card (automatic),59.81,3010.27,No
C-ea8636f2,Female,0,No,Yes,53,Yes,No,DSL,No internet service,No,No,No internet service,Yes,Yes,Month-to-month,No,Credit card (automatic),34.21,1821.54,No
C-1d197490,Female,0,Yes,No,55,Yes,No phone service,Fiber optic,No,No,Yes,Yes,Yes,Yes,Month-to-month,Yes,Electronic check,71.1,3917.07,Yes
C-5e7559e2,Male,0,Yes,Yes,58,Yes,Yes,No,No internet service,No internet service,No internet service,No internet service,No internet service,No internet service,Two year,Yes,Bank transfer (automatic),18.0,1045.87,No
C-17d0c5cf,Female,0,No,No,54,Yes,Yes,DSL,No,No,Yes,No,Yes,Yes,Month-to-month,No,Electronic check,43.17,2302.51,No
C-b2e43922,Male,0,No,No,53,Yes,No phone service,DSL,Yes,No,Yes,No,No,No,Month-to-month,Yes,Mailed check,36.31,1917.12,No
C-7da50c51,Female,1,Yes,No,25,Yes,Yes,No,No internet service,No internet service,No internet service,No internet service,No internet service,No internet service,Month-to-month,No,Bank transfer (automatic),18.0,485.62,No
C-6635c427,Female,0,No,Yes,21,Yes,No,Fiber optic,No,No,No,No,Yes,No,Two year,Yes,Mailed check,45.51,963.8,No
C-e17a7b50,Female,1,No,No,36,Yes,No,Fiber optic,No,No,No,Yes,No internet service,No,Two year,No,Credit card (automatic),44.37,1613.33,Yes
C-ead537f6,Male,0,Yes,Yes,49,Yes,Yes,DSL,No,Yes,No,No,No,No,Month-to-month,No,Electronic check,29.73,1430.05,No
C-f49ac57f,Female,0,Yes,No,27,Yes,Yes,Fiber optic,No,No,No,No internet service,No internet service,Yes,Month-to-month,No,Electronic check,46.4,1213.47,Yes
C-115a34c5,Female,0,No,No,61,Yes,No,Fiber optic,Yes,No,No,Yes,Yes,Yes,Two year,No,Electronic check,65.85,4025.7,No
C-8f66926e,Female,0,No,No,60,Yes,No phone service,No,No internet service,No internet service,No internet service,No internet service,No internet service,No internet service,Month-to-month,Yes,Electronic check,24.25,1445.69,Yes
C-47d21d4d,Female,0,No,Yes,1,Yes,Yes,Fiber optic,No,No,No,No internet service,Yes,Yes,Month-to-month,No,Electronic check,54.34,58.87,Yes
C-9fa60c99,Female,0,Yes,No,28,Yes,No,DSL,Yes,Yes,No internet service,Yes,Yes,No,Month-to-month,Yes,Credit card (automatic),46.16,1311.1,No
C-45694e50,Female,0,No,No,37,Yes,No,Fiber optic,No,No,No,Yes,Yes,Yes,Two year,Yes,Bank transfer (automatic),48.74,1816.97,No
C-b13f982b,Male,0,Yes,No,67,Yes,No phone service,DSL,Yes,Yes,Yes,Yes,Yes,No,One year,No,Credit card (automatic),55.73,3729.62,No
C-cb379c79,Female,0,Yes,No,46,No,No phone service,Fiber optic,No,No,No,No internet service,No internet service,No,Month-to-month,Yes,Mailed check,38.63,1805.64,No
C-aa423b11,Male,0,Yes,No,15,Yes,No,No,No internet service,No internet service,No internet service,No internet service,No internet service,No internet service,Month-to-month,No,Mailed check,21.27,285.73,No
C-fcf75e24,Female,0,Yes,No,64,Yes,No,DSL,No,No internet service,No,No,No,No,One year,Yes,Bank transfer (automatic),23.73,1530.33,No
C-d242d221,Male,1,No,No,49,Yes,Yes,DSL,No,No,No,No,No,No,Two year,Yes,Mailed check,22.64,1101.38,No
C-f3d24958,Male,0,Yes,Yes,17,Yes,Yes,Fiber optic,Yes,No,No,No internet service,No,No,Two year,Yes,Credit card (automatic),42.27,693.55,No
C-aa1ecf08,Male,1,Yes,No,71,Yes,Yes,Fiber optic,Yes,No,No,No,Yes,No,Month-to-month,Yes,Mailed check,55.53,3922.36,Yes
C-c4bd7a66,Female,1,No,No,54,Yes,No phone service,DSL,No internet service,No,Yes,No,Yes,No internet service,Two year,No,Bank transfer (automatic),38.73,2044.13,No
C-9d840264,Male,0,No,No,59,Yes,No,Fiber optic,Yes,Yes,Yes,Yes,Yes,Yes,One year,No,Electronic check,73.3,4296.7,No
C-36d8f949,Male,0,No,No,64,Yes,Yes,DSL,No,Yes,No,No,Yes,No,One year,Yes,Credit card (automatic),37.62,2408.24,No
C-9a333b48,Male,0,No,No,2,Yes,No phone service,Fiber optic,No,Yes,Yes,No,Yes,Yes,One year,No,Mailed check,65.48,124.99,Yes
C-9dfd8be9,Female,0,No,Yes,30,Yes,Yes,Fiber optic,No internet service,Yes,Yes,No,No,Yes,One year,Yes,Electronic check,58.97,1760.63,Yes
C-2b8bad6d,Female,1,No,Yes,41,Yes,No,Fiber optic,No,No,Yes,No,No,Yes,Two year,No,Bank transfer (automatic),54.38,2210.57,No
C-f3e1ce14,Female,1,Yes,No,38,Yes,No phone service,Fiber optic,No,No,No,No,Yes,No,Two year,Yes,Bank transfer (automatic),51.57,1966.39,No
C-0cb6af50,Male,0,Yes,No,65,Yes,Yes,DSL,No,Yes,No,No,Yes,No,One year,Yes,Bank transfer (automatic),33.78,2153.71,No
C-52cba021,Male,0,Yes,Yes,9,Yes,Yes,Fiber optic,No,No,Yes,No internet service,Yes,Yes,One year,No,Bank transfer (automatic),59.6,526.16,No
C-a16d0ffa,Female,1,Yes,Yes,57,Yes,Yes,No,No internet service,No internet service,No internet service,No internet service,No internet service,No internet service,Month-to-month,Yes,Bank transfer (automatic),18.0,1059.9,No
C-c4029566,Male,0,No,No,35,Yes,No,DSL,Yes,No,No,No,No,No,Month-to-month,Yes,Bank transfer (automatic),28.66,1015.12,Yes
C-30e56bf5,Male,1,Yes,No,49,Yes,No,No,No internet service,No internet service,No internet service,No internet service,No internet service,No internet service,Month-to-month,Yes,Electronic check,18.64,914.9,Yes
C-99fdd287,Female,0,Yes,No,48,Yes,No phone service,Fiber optic,No,Yes,Yes,No,No,No,Month-to-month,No,Electronic check,50.67,2398.02,No
C-0fd0d0ab,Female,0,Yes,Yes,33,Yes,Yes,Fiber optic,Yes,Yes,No,Yes,No,No,Month-to-month,Yes,Credit card (automatic),57.84,1906.55,Yes
C-803ec01c,Female,0,No,No,48,Yes,No phone service,DSL,Yes,No internet service,No,No,No,No,Month-to-month,Yes,Bank transfer (automatic),30.64,1462.68,No
C-a645c532,Female,0,No,No,69,Yes,No phone service,Fiber optic,No,Yes,No,No,No,Yes,Month-to-month,Yes,Electronic check,45.65,3155.04,Yes
C-910babe0,Male,0,No,Yes,72,Yes,No,Fiber optic,No internet service,No,No,No,No,No,One year,No,Mailed check,41.97,3027.41,No
C-65c61667,Male,1,No,No,59,Yes,Yes,No,No internet service,No internet service,No internet service,No internet service,No internet service,No internet service,Month-to-month,Yes,Electronic check,18.0,1041.31,No
C-738aa0d1,Female,1,Yes,No,12,No,No phone service,Fiber optic,Yes,No,No internet service,No,No internet service,No,Month-to-month,No,Bank transfer (automatic),41.89,511.53,Yes
C-0b30db81,Male,1,Yes,Yes,66,Yes,Yes,Fiber optic,No,No,No,No internet service,No,No,Two year,Yes,Credit card (automatic),37.4,2475.49,No
C-eef54bee,Male,0,Yes,No,45,Yes,No phone service,DSL,Yes,No,No,No internet service,No,No,One year,Yes,Credit card (automatic),31.29,1396.9,No
C-b302be5c,Female,0,No,Yes,19,Yes,Yes,Fiber optic,No,No,Yes,No,Yes,No,Month-to-month,No,Electronic check,51.19,1020.74,Yes
C-5f8d3daa,Male,1,Yes,No,18,Yes,Yes,DSL,No,No,No,No,No,Yes,Month-to-month,No,Bank transfer (automatic),31.28,592.52,Yes
C-b726a400,Female,0,Yes,No,67,Yes,No phone service,Fiber optic,No,No,No,No,Yes,Yes,Month-to-month,Yes,Credit card (automatic),51.48,3450.47,Yes
C-70503f00,Female,0,No,No,54,Yes,No,DSL,No,No,No internet service,No,No,Yes,Two year,Yes,Bank transfer (automatic),29.42,1564.49,No
C-a0538480,Male,0,Yes,No,11,Yes,No,DSL,No,No,No,No,Yes,No,Month-to-month,No,Mailed check,29.16,344.32,Yes
C-15c76f6a,Female,1,No,No,45,Yes,No,DSL,Yes,No,No,Yes,No,No,Month-to-month,No,Credit card (automatic),37.36,1714.32,No
C-244ef640,Female,0,No,Yes,17,Yes,Yes,Fiber optic,No,No,Yes,No internet service,No,No internet service,Month-to-month,Yes,Electronic check,44.99,734.71,Yes
C-83e65a3f,Female,0,Yes,No,7,Yes,Yes,DSL,No,No,No,Yes,No,No internet service,Month-to-month,Yes,Mailed check,26.09,168.59,No
C-7cd696cc,Male,0,Yes,No,45,Yes,Yes,DSL,No,Yes,No,No,Yes,No,Month-to-month,No,Credit card (automatic),34.96,1545.9,No
C-be6e2c61,Male,0,Yes,Yes,17,Yes,No,DSL,No,No,Yes,No,No,No,Month-to-month,No,Electronic check,30.61,556.17,No
C-33065586,Male,0,Yes,No,21,Yes,Yes,Fiber optic,No,No internet service,No,No,No,No,Month-to-month,Yes,Bank transfer (automatic),44.51,929.46,Yes
C-bb15e28d,Female,0,No,Yes,21,Yes,No phone service,DSL,No,No,No internet service,No,No,No,Month-to-month,Yes,Bank transfer (automatic),25.43,504.53,No
C-13d1c29d,Female,0,No,Yes,48,Yes,No,DSL,No,Yes,Yes,Yes,No,No internet service,Month-to-month,Yes,Credit card (automatic),39.19,1882.43,Yes
C-a1e5830e,Female,1,No,No,62,Yes,No,No,No internet service,No internet service,No internet service,No internet service,No internet service,No internet service,Month-to-month,Yes,Credit card (automatic),21.19,1284.38,No
C-353fec6c,Male,0,No,No,22,Yes,No phone service,Fiber optic,No,Yes,Yes,No,Yes,No,Month-to-month,No,Electronic check,56.39,1205.42,Yes
C-970fec94,Male,0,Yes,No,23,No,No phone service,Fiber optic,Yes,No internet service,Yes,No,No,No,Month-to-month,Yes,Electronic check,52.44,1177.42,Yes
C-137aba53,Female,0,Yes,No,9,Yes,Yes,Fiber optic,No internet service,No,No,No internet service,No,No,Two year,No,Mailed check,40.41,378.57,No
C-8ff8caef,Male,0,Yes,No,60,Yes,Yes,No,No internet service,No internet service,No internet service,No internet service,No internet service,No internet service,Two year,Yes,Mailed check,20.88,1237.08,No
C-41c8d75e,Female,0,No,No,18,Yes,No,DSL,Yes,No internet service,No internet service,No,Yes,No,Month-to-month,No,Mailed check,40.11,734.81,No
C-83d40323,Male,0,Yes,No,52,Yes,Yes,Fiber optic,No,No internet service,No,Yes,No,No,Month-to-month,Yes,Bank transfer (automatic),43.49,2255.35,No
C-9745aa30,Female,0,No,No,60,Yes,No,DSL,Yes,No,No,Yes,No,No,Month-to-month,Yes,Mailed check,38.77,2342.57,Yes
C-05deaec4,Female,0,No,No,16,No,No phone service,DSL,Yes,No,No,No,No,No,One year,No,Mailed check,29.34,422.69,No
C-d687cba0,Male,0,Yes,No,45,Yes,No,Fiber optic,No,No internet service,Yes,No,No internet service,Yes,Two year,Yes,Electronic check,50.45,2288.19,No
C-7a3b92e9,Male,0,Yes,Yes,2,Yes,Yes,No,No internet service,No internet service,No internet service,No internet service,No internet service,No internet service,Month-to-month,No,Credit card (automatic),25.53,65.61,No
C-1214179d,Male,0,Yes,Yes,33,Yes,No phone service,DSL,Yes,No,Yes,No,No internet service,Yes,One year,Yes,Mailed check,42.35,1378.03,No
C-23d36923,Male,1,No,No,67,No,No phone service,DSL,No,Yes,Yes,No,Yes,No,Two year,Yes,Mailed check,43.58,2912.67,No
C-f18a041d,Female,0,Yes,No,40,Yes,Yes,DSL,Yes,No,Yes,No,No internet service,No,Month-to-month,Yes,Bank transfer (automatic),38.1,1529.05,No
C-edb94588,Female,1,No,No,50,Yes,Yes,Fiber optic,No,Yes,No,No,Yes,Yes,Month-to-month,No,Bank transfer (automatic),56.88,2819.49,Yes
C-53fe40c5,Female,1,No,Yes,23,Yes,Yes,DSL,Yes,Yes,Yes,No,Yes,No,Month-to-month,Yes,Electronic check,47.76,1065.44,No
C-cccb2667,Female,0,No,No,50,Yes,Yes,No,No internet service,No internet service,No internet service,No internet service,No internet service,No internet service,One year,No,Electronic check,19.39,954.72,No
C-f4839a3c,Female,0,No,Yes,28,Yes,No,Fiber optic,Yes,No,No,No,Yes,Yes,One year,No,Bank transfer (automatic),62.38,1721.19,No
C-e99f528f,Female,0,Yes,Yes,44,Yes,No,Fiber optic,No,Yes,Yes,Yes,Yes,No,Month-to-month,No,Credit card (automatic),60.84,2696.11,No
C-1d975368,Female,0,No,No,21,Yes,No phone service,Fiber optic,No,No,No,Yes,No,No,One year,Yes,Credit card (automatic),40.72,819.98,No
C-71b9dce7,Male,0,No,No,58,Yes,Yes,Fiber optic,Yes,Yes,No,No,No,Yes,One year,Yes,Mailed check,56.89,3307.58,No
C-1806317e,Male,1,No,No,26,Yes,No,DSL,Yes,Yes,Yes,No,No,Yes,Month-to-month,Yes,Electronic check,43.99,1126.89,No
C-c8317145,Female,0,No,No,29,Yes,No,Fiber optic,Yes,No,Yes,No,No,No internet service,One year,No,Bank transfer (automatic),52.9,1531.01,Yes
C-120a9283,Female,1,Yes,Yes,70,No,No phone service,DSL,No internet service,No internet service,No,No internet service,Yes,No internet service,Month-to-month,Yes,Electronic check,31.42,2184.31,No
C-6e97ef61,Female,0,Yes,Yes,66,Yes,Yes,DSL,No,No internet service,No,No,No,No internet service,Month-to-month,Yes,Mailed check,27.58,1862.43,Yes
C-1efd02e6,Female,0,Yes,No,25,Yes,Yes,Fiber optic,No,No,No,No,No,No,Month-to-month,Yes,Credit card (automatic),34.92,867.08,Yes
C-1afdd420,Female,0,No,No,13,No,No phone service,Fiber optic,No internet service,Yes,No,No,No,No,Month-to-month,Yes,Electronic check,48.44,653.55,Yes
C-427d8bb9,Male,0,No,No,3,Yes,No phone service,DSL,No internet service,Yes,No,No,No internet service,Yes,Two year,Yes,Mailed check,35.71,96.65,No
C-469d620d,Female,0,No,No,31,No,No phone service,Fiber optic,No,No,No internet service,No,No internet service,No,Month-to-month,No,Credit card (automatic),36.08,1126.89,Yes
C-53687f0b,Female,1,No,Yes,43,Yes,No,DSL,No,No internet service,No,Yes,No,No,Month-to-month,No,Credit card (automatic),31.05,1348.91,No
C-13fa4612,Female,0,Yes,No,46,Yes,No,DSL,No,Yes,Yes,No,Yes,No,One year,Yes,Electronic check,44.3,2046.61,No
C-1092155b,Male,0,Yes,Yes,26,No,No phone service,DSL,No internet service,No,No,No,Yes,Yes,Two year,Yes,Electronic check,36.9,955.59,No
C-e233632a,Female,1,Yes,No,72,Yes,No,Fiber optic,Yes,Yes,No,No,No,Yes,Month-to-month,Yes,Electronic check,52.2,3809.08,Yes
C-e006fff4,Female,0,Yes,No,45,No,No phone service,Fiber optic,Yes,No,No,No,No,Yes,Month-to-month,Yes,Credit card (automatic),50.93,2305.29,No
C-5dffd7b6,Female,0,Yes,No,65,Yes,No,DSL,No,Yes,No internet service,No,No,No,Month-to-month,No,Mailed check,27.41,1781.35,No
C-7571a5f5,Male,0,Yes,No,7,No,No phone service,No,No internet service,No internet service,No internet service,No internet service,No internet service,No internet service,Month-to-month,Yes,Electronic check,18.0,139.86,Yes
C-d55fee05,Male,1,No,Yes,16,Yes,No,No,No internet service,No internet service,No internet service,No internet service,No internet service,No internet service,Month-to-month,Yes,Electronic check,23.27,404.85,No
C-0dac756d,Female,0,No,Yes,67,Yes,Yes,DSL,No,No,No,No,No,No,One year,Yes,Bank transfer (automatic),25.5,1734.41,No
C-bab25d5a,Male,0,Yes,No,16,Yes,No,No,No internet service,No internet service,No internet service,No internet service,No internet service,No internet service,Two year,Yes,Mailed check,18.0,251.25,No
C-763fe511,Male,1,No,Yes,13,Yes,No phone service,DSL,No,No,Yes,No,Yes,No internet service,Month-to-month,No,Bank transfer (automatic),36.18,442.34,No
C-db82ed3a,Female,0,Yes,No,2,Yes,No phone service,Fiber optic,No,No internet service,No,No,No internet service,No,Month-to-month,Yes,Bank transfer (automatic),40.33,59.63,Yes
C-f7a47d73,Female,1,No,Yes,32,Yes,No,DSL,No,Yes,No,Yes,Yes,Yes,Month-to-month,Yes,Bank transfer (automatic),43.62,1370.84,No
C-622093ea,Female,1,Yes,Yes,69,Yes,No phone service,DSL,No,No,No,No,No,No,One year,Yes,Credit card (automatic),23.54,1638.98,No
C-d113d37c,Male,0,No,No,71,Yes,No,DSL,No,No,No,No,No,Yes,Month-to-month,Yes,Mailed check,27.26,1961.87,Yes
C-68c1e322,Female,0,Yes,No,10,Yes,No,DSL,No,Yes,No,No,No,No,One year,Yes,Mailed check,24.64,236.98,No
C-b1053e6a,Female,0,No,No,13,Yes,Yes,DSL,No,No,Yes,Yes,No,Yes,Month-to-month,No,Bank transfer (automatic),40.81,533.94,No
C-6b95db2b,Male,0,Yes,No,69,Yes,Yes,Fiber optic,No,No,No,Yes,Yes,No,One year,No,Electronic check,59.49,4115.15,No
C-9b509323,Female,0,Yes,No,51,No,No phone service,No,No internet service,No internet service,No internet service,No internet service,No internet service,No internet service,Two year,No,Electronic check,18.0,908.61,No
C-c8155e0b,Male,1,Yes,No,53,Yes,No,Fiber optic,Yes,No,No,No internet service,Yes,Yes,Month-to-month,No,Credit card (automatic),63.89,3355.62,Yes
C-63dd1964,Male,0,No,No,66,Yes,Yes,Fiber optic,No,No,Yes,No internet service,No,Yes,Month-to-month,No,Electronic check,53.25,3547.01,Yes
C-097f3d3c,Female,0,No,No,52,Yes,No phone service,Fiber optic,No,No,No internet service,No internet service,No,Yes,Month-to-month,No,Electronic check,45.7,2408.94,Yes
C-322026d2,Male,0,No,No,55,Yes,No phone service,DSL,No internet service,No,No,Yes,Yes,No,Month-to-month,No,Credit card (automatic),34.84,1933.47,No
C-3db6260f,Female,0,Yes,Yes,10,Yes,No,DSL,Yes,No,Yes,No,Yes,No,Month-to-month,Yes,Bank transfer (automatic),46.88,453.01,No
C-02d21d75,Male,0,No,No,60,Yes,No,DSL,No,No,No internet service,Yes,Yes,No,One year,No,Bank transfer (automatic),35.35,2142.5,No
C-f13b4473,Female,0,Yes,No,44,Yes,Yes,Fiber optic,Yes,No internet service,No,No internet service,No,No,Two year,No,Electronic check,42.73,1895.84,No
C-c381e453,Male,0,No,Yes,0,No,No phone service,Fiber optic,Yes,Yes,Yes,Yes,No,No internet service,Month-to-month,Yes,Electronic check,59.45,17.02,Yes
C-d59fc5d9,Male,0,Yes,No,47,Yes,No,DSL,No,No,Yes,No,No,Yes,Two year,Yes,Electronic check,34.38,1625.33,Yes
C-402550d2,Male,0,No,No,65,Yes,No,No,No internet service,No internet service,No internet service,No internet service,No internet service,No internet service,Month-to-month,Yes,Electronic check,23.74,1585.96,No
C-c30faf19,Female,0,Yes,Yes,61,Yes,No,No,No internet service,No internet service,No internet service,No internet service,No internet service,No internet service,Month-to-month,Yes,Bank transfer (automatic),19.24,1194.45,No
C-70860f6d,Female,0,No,No,31,Yes,No,DSL,No,No,No,Yes,Yes,Yes,Two year,No,Credit card (automatic),48.56,1498.08,No
C-3d088108,Female,0,No,No,25,Yes,Yes,Fiber optic,Yes,No,No,No,Yes,Yes,Month-to-month,Yes,Bank transfer (automatic),59.5,1492.7,Yes
C-478e686a,Male,0,Yes,No,6,Yes,No phone service,DSL,No internet service,Yes,Yes,No internet service,No internet service,No internet service,Month-to-month,Yes,Bank transfer (automatic),33.11,209.03,Yes
C-dd76b09a,Female,1,Yes,Yes,58,Yes,No,No,No internet service,No internet service,No internet service,No internet service,No internet service,No internet service,One year,No,Mailed check,19.93,1158.06,No
C-713973f0,Female,0,Yes,No,16,Yes,No,No,No internet service,No internet service,No internet service,No internet service,No internet service,No internet service,Month-to-month,No,Credit card (automatic),19.54,330.4,No
C-383de565,Male,0,No,No,7,Yes,No,No,No internet service,No internet service,No internet service,No internet service,No internet service,No internet service,Two year,No,Mailed check,18.0,128.1,No
C-5210971b,Male,0,Yes,No,31,Yes,Yes,DSL,No,No internet service,Yes,Yes,Yes,No,Month-to-month,No,Credit card (automatic),43.17,1325.51,Yes
C-0b5246a0,Female,0,No,No,51,Yes,Yes,No,No internet service,No internet service,No internet service,No internet service,No internet service,No internet service,Month-to-month,Yes,Bank transfer (automatic),18.43,925.3,Yes
C-8d5768d5,Male,0,Yes,No,71,Yes,No,Fiber optic,No,Yes,No,No,No,No internet service,Month-to-month,No,Bank transfer (automatic),41.86,2960.39,No
C-927d290b,Male,0,No,No,72,Yes,No phone service,Fiber optic,No,Yes,No internet service,No,Yes,No,Month-to-month,Yes,Credit card (automatic),52.05,3739.76,Yes
C-33d340d6,Female,0,Yes,No,37,Yes,No,DSL,No,No,No,No,No,Yes,Month-to-month,Yes,Credit card (automatic),31.57,1179.06,No
C-283bc7e7,Female,1,Yes,No,45,No,No phone service,DSL,No,Yes,No internet service,No,Yes,Yes,One year,Yes,Electronic check,43.34,1959.53,No
C-450baa3a,Female,0,Yes,No,16,Yes,Yes,No,No internet service,No internet service,No internet service,No internet service,No internet service,No internet service,Month-to-month,No,Bank transfer (automatic),23.78,404.11,Yes
C-0bce3d67,Female,0,Yes,Yes,39,Yes,No phone service,DSL,Yes,Yes,No,No,No,No,Month-to-month,Yes,Electronic check,36.1,1368.21,No
C-f0f0f1fe,Female,0,No,No,49,Yes,No phone service,Fiber optic,Yes,No,No,No,No,No,Two year,Yes,Electronic check,44.19,2171.37,No
C-733a8b29,Female,1,Yes,No,71,Yes,No phone service,No,No internet service,No internet service,No internet service,No internet service,No internet service,No internet service,Two year,No,Credit card (automatic),18.51,1280.88,No
C-572eecbf,Male,0,No,No,67,No,No phone service,Fiber optic,Yes,Yes,No,No internet service,No,No,Month-to-month,No,Electronic check,49.74,3340.31,Yes
C-e3c4415e,Female,0,No,No,0,Yes,Yes,No,No internet service,No internet service,No internet service,No internet service,No internet service,No internet service,Month-to-month,Yes,Electronic check,18.0,0.0,Yes
C-f6fa37a8,Female,0,No,No,54,Yes,Yes,Fiber optic,No,No,No,No internet service,No,Yes,Month-to-month,Yes,Electronic check,46.11,2493.97,Yes
C-ac5cbda8,Male,1,No,No,34,Yes,No,Fiber optic,No,Yes,No,No,No internet service,No,Two year,Yes,Credit card (automatic),47.73,1628.72,No
C-1532b272,Female,0,No,No,66,Yes,Yes,Fiber optic,No internet service,No,No internet service,No,Yes,No,Two year,Yes,Credit card (automatic),44.09,2945.61,No
C-20e566f9,Female,0,No,No,46,Yes,No,DSL,No,No,No,No,No,Yes,Month-to-month,No,Electronic check,31.93,1462.73,Yes
C-20fa9ab8,Female,0,No,No,47,Yes,Yes,Fiber optic,No,No,Yes,No,No,Yes,One year,Yes,Bank transfer (automatic),56.52,2639.64,No
C-0dda442d,Male,0,Yes,Yes,11,Yes,Yes,Fiber optic,No internet service,No,No,No,Yes,No internet service,Month-to-month,No,Mailed check,48.23,561.51,Yes
C-17f924ff,Male,0,No,No,40,Yes,No phone service,Fiber optic,No,No,Yes,Yes,No,No,Two year,Yes,Electronic check,54.49,2189.37,No
C-d1d4194e,Female,1,No,Yes,50,Yes,No,DSL,No,Yes,Yes,No,Yes,No,One year,Yes,Electronic check,38.66,1955.61,No
C-40c24c68,Male,0,Yes,Yes,13,Yes,No phone service,Fiber optic,No,No,No,No,No,No,Month-to-month,Yes,Mailed check,41.18,547.3,Yes
C-623a0561,Female,0,Yes,Yes,44,No,No phone service,Fiber optic,Yes,Yes,No,No,No,Yes,Month-to-month,Yes,Credit card (automatic),57.16,2557.11,Yes
C-c9636e9a,Male,1,No,No,58,Yes,No phone service,Fiber optic,Yes,No internet service,Yes,No,No,Yes,Month-to-month,Yes,Credit card (automatic),54.48,3192.92,Yes
C-b5001b9a,Male,0,No,No,16,Yes,Yes,Fiber optic,No internet service,No,No,No internet service,Yes,No,One year,No,Bank transfer (automatic),44.41,696.98,No
C-65592a5e,Male,0,No,No,42,Yes,No,DSL,Yes,No,Yes,No internet service,No internet service,No,Month-to-month,Yes,Electronic check,39.05,1637.69,Yes
C-42bf3481,Male,0,Yes,No,66,Yes,Yes,No,No internet service,No internet service,No internet service,No internet service,No internet service,No internet service,One year,Yes,Credit card (automatic),20.68,1383.55,No
C-7f817208,Male,1,Yes,Yes,30,Yes,No,DSL,No,No,No,Yes,Yes,No,Month-to-month,Yes,Bank transfer (automatic),33.42,995.91,No
C-3b5f15af,Female,1,No,No,0,Yes,Yes,DSL,No,Yes,Yes,No,Yes,Yes,Month-to-month,No,Bank transfer (automatic),46.99,0.0,Yes
C-818a837d,Female,0,No,No,26,Yes,Yes,DSL,No,No,Yes,No,No,No,Month-to-month,Yes,Mailed check,30.98,815.48,No
C-28abb047,Female,0,No,No,20,Yes,No,DSL,No internet service,No,No,No,Yes,No,One year,Yes,Electronic check,32.33,622.17,No
C-b6e3a3e5,Female,0,No,Yes,60,Yes,Yes,DSL,No internet service,Yes,No,No internet service,No internet service,No internet service,Two year,No,Mailed check,35.23,2077.93,No
C-4bdbc432,Male,0,Yes,No,48,Yes,Yes,DSL,No internet service,No,Yes,No internet service,No,No,One year,Yes,Mailed check,30.08,1444.3,No
C-c2435e59,Female,1,No,Yes,65,Yes,Yes,Fiber optic,No,No,No internet service,No internet service,Yes,Yes,Month-to-month,No,Bank transfer (automatic),50.72,3291.33,No
C-a0c420a2,Male,0,No,Yes,63,Yes,No phone service,No,No internet service,No internet service,No internet service,No internet service,No internet service,No internet service,Two year,No,Credit card (automatic),18.4,1170.81,No
C-bcbdc6fc,Male,0,No,Yes,38,Yes,Yes,No,No internet service,No internet service,No internet service,No internet service,No internet service,No internet service,Month-to-month,Yes,Bank transfer (automatic),21.38,818.78,No
C-bce7969d,Female,0,Yes,No,46,Yes,No phone service,Fiber optic,No,Yes,No,No,Yes,No internet service,Month-to-month,Yes,Credit card (automatic),52.12,2345.78,No
C-c555a81b,Male,0,No,No,52,Yes,Yes,DSL,No internet service,No internet service,No,No,Yes,Yes,Month-to-month,No,Credit card (automatic),33.49,1742.1,No
C-0fd537fd,Male,0,No,Yes,57,Yes,Yes,No,No internet service,No internet service,No internet service,No internet service,No internet service,No internet service,Two year,No,Electronic check,19.37,1085.66,No
C-3c728b04,Female,0,Yes,No,65,Yes,Yes,Fiber optic,Yes,Yes,No,No,Yes,No,Month-to-month,Yes,Electronic check,57.32,3735.21,No
C-e215c2a2,Female,0,No,Yes,69,Yes,No,Fiber optic,No,No,Yes,No,Yes,No,Month-to-month,No,Credit card (automatic),55.17,3796.98,No
C-285e6c01,Male,0,No,No,22,Yes,No,No,No internet service,No internet service,No internet service,No internet service,No internet service,No internet service,Two year,No,Credit card (automatic),19.75,421.4,No
C-7021a92c,Female,0,Yes,No,66,Yes,Yes,DSL,Yes,Yes,Yes,No internet service,No,Yes,Month-to-month,Yes,Credit card (automatic),48.86,3211.27,No
C-d68b4e9f,Female,1,Yes,No,27,Yes,No,DSL,No,Yes,Yes,No,Yes,Yes,One year,No,Mailed check,49.33,1319.89,No
C-f670116b,Female,0,No,Yes,47,Yes,Yes,No,No internet service,No internet service,No internet service,No internet service,No internet service,No internet service,Month-to-month,Yes,Electronic check,20.19,918.29,No
C-9400911a,Male,1,No,No,20,Yes,No,Fiber optic,No,Yes,No,No,No,No,Month-to-month,Yes,Credit card (automatic),41.74,822.92,Yes
C-245ecb03,Female,0,No,No,61,Yes,No phone service,Fiber optic,No,No,Yes,No,No,Yes,Month-to-month,No,Bank transfer (automatic),54.01,3256.14,Yes
C-dc47e0ce,Male,0,Yes,Yes,9,Yes,Yes,DSL,No,No,No,No,No,No,Month-to-month,No,Bank transfer (automatic),31.45,271.54,No
C-c9fbd2d8,Male,0,Yes,Yes,59,No,No phone service,Fiber optic,No,No,Yes,Yes,Yes,Yes,Month-to-month,No,Bank transfer (automatic),59.69,3485.83,No
C-cc8183e3,Female,0,Yes,No,37,Yes,Yes,DSL,Yes,No,Yes,No,No internet service,Yes,Month-to-month,Yes,Mailed check,49.21,1841.19,No
C-ee275102,Female,0,No,No,67,Yes,No phone service,Fiber optic,No,No,No,Yes,No internet service,Yes,Month-to-month,No,Electronic check,47.85,3217.08,Yes
C-965bf000,Female,0,Yes,Yes,25,Yes,Yes,Fiber optic,No,No internet service,Yes,Yes,Yes,Yes,Two year,No,Credit card (automatic),63.6,1618.57,No
C-3d1ad66d,Female,0,No,Yes,59,Yes,No,Fiber optic,Yes,No,No,No,No internet service,Yes,Month-to-month,Yes,Electronic check,50.51,2962.81,Yes
C-a3d76e0e,Female,0,No,No,23,Yes,Yes,Fiber optic,No,No,No,No,Yes,No,Month-to-month,No,Bank transfer (automatic),40.89,928.54,No
C-1ee117a7,Male,0,Yes,No,17,Yes,No,Fiber optic,Yes,Yes,No internet service,No,Yes,Yes,Two year,Yes,Mailed check,64.4,1111.31,No
C-4b85b698,Male,0,Yes,No,12,Yes,No,Fiber optic,Yes,Yes,Yes,Yes,No,No,One year,Yes,Electronic check,59.24,691.23,No
C-a41de8f8,Female,0,No,No,70,Yes,No,DSL,No,No internet service,No,No,No,No,Two year,Yes,Credit card (automatic),23.2,1615.78,No
C-b4515bbd,Male,0,Yes,No,6,Yes,Yes,Fiber optic,No,No,No,Yes,No internet service,Yes,Month-to-month,Yes,Bank transfer (automatic),49.24,299.26,Yes
C-c7b4ae84,Female,0,Yes,No,30,Yes,Yes,Fiber optic,Yes,Yes,No,No,No,No,One year,Yes,Mailed check,52.21,1555.27,No
C-da0cf263,Male,0,Yes,No,4,Yes,Yes,DSL,No,No,No internet service,No,No,No,Month-to-month,Yes,Mailed check,29.32,112.34,No
C-f17451d0,Male,0,Yes,Yes,15,Yes,Yes,DSL,Yes,No,No,Yes,Yes,No,Two year,Yes,Mailed check,46.06,710.19,No
C-377f1a99,Female,0,Yes,No,38,No,No phone service,No,No internet service,No internet service,No internet service,No internet service,No internet service,No internet service,One year,Yes,Electronic check,18.0,713.3,No
C-86d60c3b,Male,0,Yes,No,11,Yes,No,Fiber optic,No,No,No,No,No,Yes,Two year,No,Electronic check,47.72,515.48,No
C-3614fc37,Female,0,Yes,Yes,63,Yes,No,Fiber optic,No,No,No internet service,No,No,No,Month-to-month,No,Electronic check,36.52,2254.87,Yes
C-dd280f31,Male,0,Yes,Yes,72,Yes,Yes,DSL,No internet service,No,No,Yes,No,No,One year,Yes,Credit card (automatic),27.18,1925.07,No
C-d6f65a98,Female,0,Yes,Yes,47,Yes,No phone service,DSL,No,Yes,No internet service,No,No,No,Two year,No,Electronic check,32.95,1559.05,No
C-9a70cf93,Female,0,Yes,No,6,No,No phone service,DSL,No internet service,No,Yes,No internet service,No,Yes,Month-to-month,Yes,Electronic check,42.76,263.2,No
C-ec3cf4a5,Male,1,Yes,No,71,Yes,No,DSL,No,No,Yes,No,No,No,Two year,Yes,Bank transfer (automatic),32.97,2361.8,No
C-2282dc41,Male,0,No,Yes,35,Yes,No,DSL,Yes,No internet service,No,No,Yes,No,Month-to-month,Yes,Bank transfer (automatic),35.38,1222.91,No
C-32edacde,Male,1,No,No,27,Yes,No,Fiber optic,Yes,No,No,Yes,Yes,No,Month-to-month,Yes,Mailed check,54.86,1472.27,Yes
C-47884778,Male,0,Yes,No,68,No,No phone service,Fiber optic,No,Yes,No,No,No,Yes,One year,Yes,Bank transfer (automatic),52.06,3543.56,No
C-c1de698b,Female,0,No,No,3,No,No phone service,DSL,No,No,Yes,No,No,No,Month-to-month,Yes,Credit card (automatic),31.03,128.39,Yes
C-6dfdb312,Male,0,Yes,Yes,7,Yes,Yes,DSL,No,Yes,No,Yes,No,Yes,One year,No,Mailed check,35.5,249.41,No
C-c8ab4637,Male,0,No,Yes,46,Yes,No phone service,No,No internet service,No internet service,No internet service,No internet service,No internet service,No internet service,Month-to-month,Yes,Mailed check,18.0,858.36,No
C-b17b5ca1,Male,0,Yes,No,23,Yes,No,Fiber optic,No internet service,No,No,No,No,Yes,One year,Yes,Bank transfer (automatic),46.89,1080.68,No
C-c940c1f0,Female,0,Yes,Yes,69,Yes,No,Fiber optic,No,No internet service,Yes,Yes,No internet service,No,Month-to-month,Yes,Credit card (automatic),50.12,3459.19,No
C-0d4e5eaf,Female,0,Yes,No,14,Yes,No phone service,Fiber optic,Yes,No,Yes,No,Yes,Yes,Month-to-month,Yes,Mailed check,62.44,828.23,Yes
C-3323e108,Male,1,Yes,No,7,Yes,No,Fiber optic,No internet service,No internet service,No,Yes,Yes,No,Month-to-month,Yes,Mailed check,52.66,393.11,No
C-b3934c5d,Female,0,No,Yes,32,Yes,No,Fiber optic,No,Yes,No,Yes,No,No,Month-to-month,No,Credit card (automatic),43.76,1421.06,Yes
C-782d76b0,Female,0,Yes,No,6,Yes,Yes,Fiber optic,Yes,Yes,No,No,No,Yes,Month-to-month,No,Credit card (automatic),57.77,317.71,Yes
C-77e3646c,Male,1,Yes,No,8,Yes,Yes,Fiber optic,Yes,No,Yes,Yes,No,No,Two year,Yes,Mailed check,51.53,398.29,No
C-5f91a1f3,Male,0,Yes,No,58,Yes,Yes,Fiber optic,No,No,No internet service,Yes,No,No internet service,Month-to-month,Yes,Bank transfer (automatic),48.69,2851.43,Yes
C-1412102a,Female,0,No,Yes,39,Yes,Yes,DSL,No,No,No,Yes,No,No,One year,Yes,Mailed check,35.57,1409.17,No
C-a5627f78,Female,0,Yes,Yes,58,Yes,No,No,No internet service,No internet service,No internet service,No internet service,No internet service,No internet service,Month-to-month,No,Mailed check,19.98,1189.69,No
C-6f10c6ef,Female,1,No,No,44,Yes,Yes,Fiber optic,No,Yes,Yes,No,No,Yes,Month-to-month,No,Electronic check,54.92,2395.74,No
C-0ced5f77,Female,0,Yes,Yes,7,Yes,No,DSL,Yes,Yes,Yes,No,No,No,One year,Yes,Electronic check,40.98,212.84,No
C-28d06afe,Male,0,No,No,11,No,No phone service,Fiber optic,No,No internet service,Yes,No,No,No internet service,Month-to-month,Yes,Electronic check,51.01,551.76,Yes
C-0be93106,Female,0,No,No,7,Yes,No phone service,Fiber optic,Yes,No,Yes,No,No,No,Two year,No,Bank transfer (automatic),51.36,368.05,No
C-0bb3efe6,Male,0,Yes,No,72,Yes,No phone service,Fiber optic,Yes,No,Yes,Yes,Yes,No,Month-to-month,No,Electronic check,62.29,4470.68,Yes
C-d6ca3f01,Male,0,Yes,No,4,Yes,No,No,No internet service,No internet service,No internet service,No internet service,No internet service,No internet service,Two year,No,Bank transfer (automatic),21.79,86.61,Yes
C-47dec556,Female,0,Yes,No,15,Yes,No,Fiber optic,Yes,No,No,Yes,Yes,Yes,One year,Yes,Electronic check,59.94,911.55,No
C-61cb3257,Male,0,Yes,No,12,Yes,No,No,No internet service,No internet service,No internet service,No internet service,No internet service,No internet service,Month-to-month,No,Bank transfer (automatic),22.71,251.94,No
C-f4219eb3,Male,0,No,No,45,Yes,No phone service,DSL,No,No,No,Yes,Yes,No,One year,No,Bank transfer (automatic),32.06,1465.2,No
C-b6055e2f,Female,0,No,No,67,Yes,No,Fiber optic,No,No internet service,Yes,Yes,Yes,No,Two year,Yes,Electronic check,53.75,3583.51,No
C-d987e72b,Male,0,No,No,50,Yes,No,DSL,No,No,No,No,No,No internet service,One year,Yes,Credit card (automatic),23.85,1186.53,No
C-f4bd1f67,Male,1,Yes,No,60,Yes,No,Fiber optic,No,No,No,No internet service,No,Yes,Month-to-month,No,Electronic check,45.63,2734.61,Yes
C-34d2fbb8,Female,0,No,No,46,Yes,Yes,Fiber optic,Yes,No,No,No,No internet service,No internet service,Month-to-month,Yes,Mailed check,46.58,2109.16,No
C-b07feea2,Male,0,Yes,No,69,Yes,No,No,No internet service,No internet service,No internet service,No internet service,No internet service,No internet service,One year,No,Electronic check,18.82,1261.22,No
C-51866b13,Female,0,Yes,No,69,Yes,Yes,No,No internet service,No internet service,No internet service,No internet service,No internet service,No internet service,Two year,No,Mailed check,18.23,1270.69,No
C-42059461,Male,1,Yes,No,1,Yes,No,Fiber optic,No internet service,No,No,No,Yes,No,One year,Yes,Bank transfer (automatic),45.55,28.45,Yes
C-acc7ce26,Male,0,Yes,No,40,Yes,No phone service,Fiber optic,Yes,Yes,Yes,No,No,Yes,Month-to-month,Yes,Bank transfer (automatic),65.5,2618.81,No
C-3eb735c4,Female,1,Yes,No,27,Yes,Yes,Fiber optic,No,Yes,Yes,Yes,No,No,One year,No,Electronic check,53.06,1429.94,Yes
C-8d83b5f4,Male,1,Yes,No,28,Yes,No,DSL,No internet service,Yes,Yes,No,Yes,No,Month-to-month,Yes,Mailed check,43.06,1209.86,Yes
C-9522eb84,Male,1,Yes,No,56,Yes,No,Fiber optic,Yes,No,No,No,No,No,Two year,No,Credit card (automatic),45.35,2544.33,No
C-f7959471,Female,0,Yes,No,37,Yes,Yes,DSL,No,No internet service,No,No,Yes,No,One year,No,Mailed check,30.7,1165.52,No
C-0b13cc60,Female,1,Yes,No,12,Yes,No,Fiber optic,No,Yes,No,No,No,Yes,Month-to-month,No,Mailed check,53.15,601.38,No
C-1200cbc8,Male,0,No,No,69,Yes,Yes,Fiber optic,No,No,No,No,No,No,Month-to-month,Yes,Bank transfer (automatic),33.97,2329.85,No
C-6ee457f5,Female,0,Yes,No,24,Yes,No,Fiber optic,No,Yes,Yes,No,Yes,No,Month-to-month,Yes,Bank transfer (automatic),57.8,1400.14,Yes
C-21ec655f,Male,0,No,Yes,57,Yes,Yes,Fiber optic,Yes,No,Yes,No,Yes,No,Month-to-month,No,Credit card (automatic),57.42,3272.0,No
C-1a502109,Female,0,No,Yes,1,Yes,No phone service,No,No internet service,No internet service,No internet service,No internet service,No internet service,No internet service,Month-to-month,Yes,Credit card (automatic),23.24,37.16,Yes
C-67a495d1,Female,0,Yes,No,12,Yes,No,Fiber optic,No,No,No,Yes,No,No,Month-to-month,Yes,Electronic check,41.91,526.36,Yes
C-6dc69ed1,Female,0,Yes,No,5,Yes,Yes,Fiber optic,No,Yes,Yes,No,No,No,One year,Yes,Electronic check,51.48,237.61,Yes
C-7c4ade18,Female,1,No,No,7,Yes,Yes,DSL,No,No,No internet service,No,Yes,No,One year,No,Bank transfer (automatic),30.84,216.56,No
C-a95a446d,Female,0,Yes,No,38,Yes,No phone service,DSL,Yes,No,No,Yes,No,No,Two year,No,Electronic check,36.82,1389.85,No
C-23a4e789,Male,0,No,No,17,Yes,Yes,Fiber optic,No,No,Yes,No,No internet service,Yes,Month-to-month,Yes,Mailed check,50.53,853.83,Yes
C-f0e1bdef,Male,0,Yes,No,53,Yes,Yes,DSL,No,No,Yes,No,No,No,One year,Yes,Electronic check,29.18,1558.79,No
C-f054fab1,Male,0,No,No,49,Yes,No,Fiber optic,No,No,Yes,No internet service,No,Yes,Two year,No,Credit card (automatic),45.52,2267.56,No
C-8b3417f7,Male,0,Yes,Yes,28,Yes,No phone service,DSL,No,Yes,Yes,Yes,Yes,Yes,Month-to-month,Yes,Credit card (automatic),51.47,1459.28,Yes
C-8aa1d068,Female,1,Yes,No,3,No,No phone service,DSL,No,No,Yes,No,No,Yes,One year,No,Mailed check,39.68,107.49,Yes
C-6227172a,Female,0,Yes,No,10,Yes,Yes,Fiber optic,Yes,No,No,Yes,No,Yes,Month-to-month,No,Electronic check,56.75,610.47,Yes
C-687e36a5,Female,0,No,Yes,12,Yes,No,No,No internet service,No internet service,No internet service,No internet service,No internet service,No internet service,One year,No,Electronic check,20.48,233.13,Yes
C-17fa0943,Female,0,Yes,No,30,Yes,No,DSL,No,No,No,No,Yes,No,Month-to-month,Yes,Bank transfer (automatic),34.96,1072.71,No
C-67120edb,Female,1,Yes,No,58,Yes,No,No,No internet service,No internet service,No internet service,No internet service,No internet service,No internet service,One year,Yes,Credit card (automatic),25.59,1498.09,No
C-0cb61f31,Female,0,Yes,Yes,70,Yes,No,Fiber optic,No,No,Yes,No,No,Yes,One year,No,Credit card (automatic),55.48,3901.56,Yes
C-a6a154ef,Female,0,Yes,Yes,61,Yes,No,No,No internet service,No internet service,No internet service,No internet service,No internet service,No internet service,Month-to-month,No,Electronic check,19.09,1161.72,Yes
C-f310a06d,Female,0,No,Yes,43,Yes,No,DSL,No,No,No,No,Yes,No,Month-to-month,No,Bank transfer (automatic),30.08,1291.29,Yes
C-3f43cf4d,Female,0,No,No,65,Yes,Yes,Fiber optic,No,Yes,No internet service,Yes,No,No internet service,Month-to-month,Yes,Mailed check,48.9,3191.2,No
C-af1aecef,Male,0,No,No,7,Yes,No,DSL,No,No,Yes,No,Yes,No,Month-to-month,Yes,Credit card (automatic),40.03,310.65,No
C-372f8245,Male,1,No,Yes,64,Yes,No,DSL,No,Yes,No,No,No,No,One year,Yes,Electronic check,32.27,2064.35,No
C-2b63ed97,Female,0,Yes,No,55,Yes,Yes,Fiber optic,Yes,No,No,No,No,No,One year,Yes,Credit card (automatic),41.7,2327.93,No
C-294ab4d3,Male,0,Yes,Yes,46,Yes,Yes,Fiber optic,Yes,No,Yes,No,Yes,No,One year,Yes,Electronic check,56.71,2595.08,Yes
C-18a13f53,Male,0,No,Yes,0,Yes,No,DSL,No,Yes,Yes,Yes,No,Yes,Two year,Yes,Bank transfer (automatic),43.76,0.0,No
C-29fcfc3e,Male,1,No,No,72,Yes,No phone service,DSL,No internet service,Yes,Yes,No,No,No,Month-to-month,Yes,Electronic check,35.12,2518.44,Yes
C-a88faa29,Female,1,Yes,No,52,Yes,No,DSL,Yes,No,No,No,No internet service,No internet service,One year,No,Mailed check,34.47,1785.01,No
C-7335f9f2,Male,0,Yes,No,49,Yes,Yes,Fiber optic,No,Yes,No internet service,Yes,Yes,No,Month-to-month,No,Electronic check,58.44,2877.38,Yes
C-e058a5d7,Male,1,No,Yes,68,Yes,Yes,DSL,Yes,No,No,No,No,Yes,Month-to-month,No,Electronic check,39.47,2675.47,No
C-0c084157,Male,0,Yes,Yes,11,Yes,No,DSL,No,Yes,No,No,Yes,Yes,One year,No,Bank transfer (automatic),41.95,454.26,No
C-e954cc32,Female,0,Yes,Yes,29,Yes,Yes,Fiber optic,No,No,No,No,No internet service,Yes,One year,Yes,Bank transfer (automatic),48.06,1389.59,No
C-f603d712,Female,0,Yes,Yes,43,Yes,Yes,Fiber optic,Yes,No,No internet service,No,Yes,No,One year,No,Credit card (automatic),50.47,2141.4,No
C-ab5341a5,Male,0,Yes,No,9,Yes,No,Fiber optic,No,No,Yes,Yes,No,Yes,One year,Yes,Mailed check,56.1,492.71,No
C-5f5148ec,Female,1,No,No,50,Yes,No,Fiber optic,Yes,Yes,No,No internet service,No,No,Month-to-month,No,Mailed check,53.19,2708.61,Yes
C-5650fbeb,Male,0,No,No,27,Yes,No phone service,Fiber optic,No,No,No,No,No,Yes,Month-to-month,No,Credit card (automatic),45.76,1226.19,Yes
C-cd64ab19,Male,1,No,No,9,Yes,Yes,DSL,No internet service,No,No,Yes,No,No,Month-to-month,No,Mailed check,28.74,287.2,No
C-96100c68,Female,0,Yes,No,53,Yes,No phone service,Fiber optic,No,No,Yes,No,No,No,Month-to-month,No,Bank transfer (automatic),41.94,2215.0,Yes
C-6900248e,Male,0,No,No,71,Yes,Yes,Fiber optic,Yes,Yes,Yes,Yes,Yes,No internet service,One year,Yes,Electronic check,64.58,4612.01,No
C-01aeb88f,Female,0,No,No,57,Yes,Yes,Fiber optic,No,No internet service,No,Yes,Yes,No,Month-to-month,Yes,Mailed check,54.73,3133.51,No
C-65965f66,Female,0,No,No,40,No,No phone service,No,No internet service,No internet service,No internet service,No internet service,No internet service,No internet service,Month-to-month,Yes,Electronic check,25.8,1042.64,No
C-ad2e6771,Male,0,Yes,Yes,50,Yes,Yes,DSL,Yes,No,No internet service,No,Yes,No,Two year,Yes,Bank transfer (automatic),37.28,1900.82,No
C-b251e9ea,Male,0,Yes,No,45,Yes,No,DSL,No internet service,No,No,No,Yes,Yes,Month-to-month,Yes,Mailed check,39.21,1741.22,No
C-a186ab9d,Male,0,Yes,Yes,71,Yes,No,No,No internet service,No internet service,No internet service,No internet service,No internet service,No internet service,Month-to-month,Yes,Mailed check,21.68,1532.64,No
C-d7451e58,Male,0,No,No,6,Yes,Yes,Fiber optic,Yes,No,No,No,Yes,No,Month-to-month,No,Mailed check,59.32,344.17,Yes
C-9e1aae87,Male,0,No,Yes,48,Yes,No,DSL,No,No,No,Yes,No internet service,No,Two year,Yes,Electronic check,31.84,1545.44,No
C-784e7309,Male,0,Yes,No,19,Yes,Yes,Fiber optic,No,No,No,No,No,No,One year,No,Credit card (automatic),38.71,737.5,No
C-61546363,Female,0,Yes,No,22,Yes,Yes,DSL,No internet service,No,Yes,Yes,No,No,Month-to-month,Yes,Credit card (automatic),33.48,741.26,No
C-84d5160b,Female,0,Yes,Yes,23,Yes,Yes,Fiber optic,No,No,No,No,Yes,Yes,Month-to-month,No,Electronic check,50.93,1181.75,Yes
C-2505d5e6,Female,0,Yes,No,44,Yes,No,DSL,Yes,Yes,No,No,Yes,No,Month-to-month,Yes,Mailed check,40.88,1768.83,No
C-d3d639b9,Male,0,No,Yes,20,Yes,No,DSL,No,Yes,No,No,No,No,Month-to-month,No,Electronic check,28.88,552.88,Yes
C-1390fe73,Female,0,No,Yes,64,Yes,Yes,Fiber optic,No,Yes,Yes,Yes,Yes,Yes,Two year,No,Electronic check,70.3,4507.9,No
C-7caddc69,Female,1,No,No,34,Yes,Yes,No,No internet service,No internet service,No internet service,No internet service,No internet service,No internet service,Month-to-month,Yes,Bank transfer (automatic),18.0,604.95,Yes
C-0648ba5a,Male,1,No,No,0,Yes,Yes,No,No internet service,No internet service,No internet service,No internet service,No internet service,No internet service,Month-to-month,Yes,Electronic check,18.7,6.38,Yes
C-efab50d7,Male,0,No,No,13,Yes,Yes,DSL,Yes,No,Yes,Yes,Yes,No,Month-to-month,Yes,Credit card (automatic),46.42,605.81,Yes
C-e487e328,Male,0,No,Yes,19,Yes,No,Fiber optic,No,No internet service,Yes,Yes,No,Yes,Month-to-month,No,Bank transfer (automatic),61.61,1176.42,Yes
C-a600fe47,Female,0,Yes,Yes,66,Yes,Yes,Fiber optic,No,Yes,Yes,No,No,No,Month-to-month,Yes,Credit card (automatic),45.61,3039.58,No
C-a9702fa4,Female,0,Yes,No,36,Yes,No,No,No internet service,No internet service,No internet service,No internet service,No internet service,No internet service,One year,Yes,Electronic check,18.0,643.94,No
C-45ba6723,Female,0,Yes,No,36,Yes,Yes,No,No internet service,No internet service,No internet service,No internet service,No internet service,No internet service,Two year,Yes,Electronic check,18.0,619.8,No
C-9d7cf392,Male,0,Yes,Yes,65,Yes,No,DSL,Yes,No,No,No,Yes,No,Month-to-month,No,Electronic check,39.24,2552.55,Yes
C-18bdfa5e,Male,1,Yes,Yes,59,Yes,Yes,Fiber optic,No,No,Yes,Yes,No internet service,No internet service,Month-to-month,No,Bank transfer (automatic),46.86,2752.14,No
C-522bd91a,Male,1,No,No,71,Yes,No phone service,Fiber optic,No internet service,Yes,No,No,No,Yes,Month-to-month,No,Credit card (automatic),52.04,3705.03,Yes
C-50045a9c,Male,0,No,No,64,Yes,Yes,DSL,No,No,No,Yes,Yes,Yes,One year,No,Electronic check,43.78,2774.92,No
C-16785f7b,Male,0,No,No,48,Yes,Yes,DSL,No,No internet service,Yes,No,Yes,No,Month-to-month,No,Electronic check,33.39,1596.89,No
C-1168badb,Male,0,No,Yes,48,Yes,No,No,No internet service,No internet service,No internet service,No internet service,No internet service,No internet service,Month-to-month,Yes,Mailed check,18.0,859.13,No
C-4bc161c8,Male,1,No,No,7,No,No phone service,DSL,No internet service,No,No,No,No,No,One year,No,Credit card (automatic),23.76,162.85,No
C-d14b6101,Male,0,No,No,37,Yes,Yes,DSL,No,No internet service,No,No,No,Yes,Month-to-month,No,Bank transfer (automatic),32.9,1217.62,Yes
C-ee92c883,Female,1,No,No,27,Yes,No,Fiber optic,No,Yes,No,No internet service,No,Yes,Month-to-month,Yes,Mailed check,47.22,1251.74,Yes
C-0d0e840b,Male,0,Yes,No,33,Yes,Yes,Fiber optic,No,No,Yes,No,No,No,Month-to-month,No,Mailed check,45.13,1481.45,Yes
C-c06ab419,Male,0,Yes,No,8,Yes,Yes,DSL,No,No,No,No,Yes,Yes,One year,No,Electronic check,34.87,297.55,Yes
C-3029933c,Male,0,No,No,44,Yes,Yes,Fiber optic,No,No,Yes,Yes,Yes,Yes,Month-to-month,Yes,Electronic check,63.83,2802.66,Yes
C-4e1d0e9e,Female,1,No,No,27,Yes,No,Fiber optic,No,No,No,Yes,Yes,Yes,Two year,Yes,Electronic check,52.82,1409.85,Yes
C-8ee496e0,Female,0,No,No,69,Yes,No phone service,No,No internet service,No internet service,No internet service,No internet service,No internet service,No internet service,Two year,Yes,Bank transfer (automatic),20.12,1423.89,No
C-83f6f1a5,Female,0,Yes,No,22,Yes,Yes,DSL,No,No,No,No,No,Yes,Two year,No,Electronic check,35.93,790.79,No
C-4e3e4791,Female,0,Yes,No,16,Yes,No,DSL,No,No,No,Yes,No,No,Month-to-month,Yes,Bank transfer (automatic),27.59,442.98,No
C-720f8084,Female,0,No,No,51,Yes,Yes,No,No internet service,No internet service,No internet service,No internet service,No internet service,No internet service,Month-to-month,Yes,Credit card (automatic),18.63,942.06,No
C-b5233c10,Male,0,Yes,No,11,Yes,No phone service,DSL,No,No internet service,No internet service,No,Yes,Yes,Two year,Yes,Bank transfer (automatic),40.06,443.21,No
C-2b5f0e17,Male,0,Yes,No,46,Yes,No,Fiber optic,No,Yes,Yes,No internet service,Yes,No,One year,Yes,Bank transfer (automatic),48.42,2253.87,No
C-70e85aff,Male,0,Yes,No,24,Yes,No,Fiber optic,No,No,Yes,No,No,No,One year,No,Bank transfer (automatic),42.89,1002.55,Yes
C-e2137731,Male,0,Yes,No,18,Yes,Yes,Fiber optic,No,Yes,Yes,No,No,No,Two year,No,Bank transfer (automatic),42.88,780.92,No
C-a9d74b67,Female,0,Yes,Yes,35,Yes,Yes,Fiber optic,No,No,Yes,No,No,No,Two year,Yes,Mailed check,46.97,1641.89,No
C-47cae531,Female,0,Yes,Yes,45,Yes,Yes,Fiber optic,Yes,No,Yes,No,No,Yes,Month-to-month,Yes,Credit card (automatic),55.31,2487.46,Yes
C-11812c12,Female,0,No,No,56,Yes,Yes,DSL,No,No,No,No,Yes,No,One year,Yes,Electronic check,27.78,1579.46,No
C-e0601e9f,Male,0,Yes,No,41,Yes,No phone service,No,No internet service,No internet service,No internet service,No internet service,No internet service,No internet service,Month-to-month,Yes,Mailed check,20.87,858.98,No
C-4c84afed,Male,1,No,No,14,Yes,No phone service,No,No internet service,No internet service,No internet service,No internet service,No internet service,No internet service,Month-to-month,Yes,Electronic check,19.86,286.0,No
C-bf6f7e83,Female,1,No,No,29,Yes,Yes,DSL,Yes,No,No,No internet service,Yes,Yes,One year,No,Electronic check,45.88,1340.88,No
C-2c32844b,Male,0,Yes,Yes,20,Yes,Yes,No,No internet service,No internet service,No internet service,No internet service,No internet service,No internet service,Month-to-month,No,Credit card (automatic),20.35,397.45,No
C-90ca1ed1,Female,0,No,No,32,Yes,No,Fiber optic,No,Yes,No internet service,No,No,Yes,Month-to-month,Yes,Mailed check,49.25,1590.6,Yes
C-684bbf59,Male,1,No,No,44,Yes,Yes,DSL,Yes,No,No,Yes,Yes,Yes,Two year,No,Credit card (automatic),49.62,2212.34,No
C-36d57806,Male,1,Yes,No,3,Yes,No,DSL,No,No,No internet service,No,No,No,Two year,No,Electronic check,23.28,52.61,Yes
C-8398e54e,Male,1,No,No,46,No,No phone service,DSL,Yes,Yes,No,No,Yes,No,Month-to-month,Yes,Bank transfer (automatic),41.2,1881.67,Yes
C-93dc3b2a,Male,0,No,Yes,60,Yes,No,Fiber optic,Yes,No internet service,No,Yes,Yes,Yes,Month-to-month,No,Electronic check,65.82,3934.8,No
C-87e8e9a4,Male,0,No,No,30,Yes,No,No,No internet service,No internet service,No internet service,No internet service,No internet service,No internet service,Month-to-month,No,Credit card (automatic),22.85,639.49,No
C-65880d11,Female,0,Yes,No,31,Yes,No,No,No internet service,No internet service,No internet service,No internet service,No internet service,No internet service,One year,Yes,Credit card (automatic),20.1,586.54,No
C-086bb9ba,Female,0,Yes,No,21,Yes,Yes,Fiber optic,No internet service,No,No,No,No,No,Two year,Yes,Bank transfer (automatic),41.5,885.21,No
C-9f4b2890,Female,0,No,No,30,No,No phone service,DSL,Yes,No,No,No internet service,Yes,No,Two year,Yes,Bank transfer (automatic),39.99,1185.42,No
C-0f57d587,Female,0,Yes,No,32,No,No phone service,No,No internet service,No internet service,No internet service,No internet service,No internet service,No internet service,Two year,Yes,Credit card (automatic),18.95,607.4,No
C-3348ab9c,Female,0,Yes,No,39,Yes,No,Fiber optic,Yes,No internet service,No,Yes,No,No,One year,Yes,Mailed check,49.09,1906.89,Yes
C-48285c86,Male,0,No,No,11,Yes,No,No,No internet service,No internet service,No internet service,No internet service,No internet service,No internet service,One year,Yes,Bank transfer (automatic),18.77,198.44,Yes
C-0af8f187,Male,0,Yes,No,50,Yes,Yes,DSL,No,No,No internet service,No internet service,No,No,Two year,Yes,Electronic check,25.96,1312.37,No
C-0c100ff7,Female,0,Yes,No,23,Yes,No phone service,No,No internet service,No internet service,No internet service,No internet service,No internet service,No internet service,One year,Yes,Electronic check,22.26,516.29,No
C-759cbcbc,Male,0,No,No,10,No,No phone service,Fiber optic,No internet service,No,No,No,Yes,Yes,Two year,No,Electronic check,52.08,495.42,Yes
C-92a7c1d5,Female,0,Yes,No,24,Yes,Yes,No,No internet service,No internet service,No internet service,No internet service,No internet service,No internet service,Month-to-month,Yes,Electronic check,18.43,441.11,No
C-10693f70,Female,0,No,Yes,3,Yes,Yes,DSL,No,No,No,Yes,No,No,One year,No,Electronic check,27.44,69.37,Yes
C-1655b815,Female,1,Yes,Yes,5,Yes,Yes,No,No internet service,No internet service,No internet service,No internet service,No internet service,No internet service,One year,No,Mailed check,20.52,81.96,Yes
C-6f16ae82,Female,0,No,No,40,Yes,Yes,Fiber optic,Yes,No,No internet service,Yes,Yes,Yes,Two year,Yes,Mailed check,63.77,2521.5,No
C-03fa7adf,Female,0,Yes,No,23,Yes,No,DSL,Yes,No,No internet service,No,No,Yes,Two year,Yes,Electronic check,27.4,660.44,No
C-d26e5f6f,Male,0,No,Yes,35,Yes,No,DSL,Yes,No internet service,No internet service,No,Yes,No,One year,Yes,Credit card (automatic),36.53,1267.3,No
C-f0010115,Female,1,No,No,44,Yes,Yes,Fiber optic,No,Yes,No,Yes,No,No,Month-to-month,Yes,Credit card (automatic),54.69,2409.88,Yes
C-5329f083,Male,0,Yes,No,27,No,No phone service,Fiber optic,No,No,No,No,No,No,Month-to-month,Yes,Credit card (automatic),41.14,1114.54,Yes
C-e4fe3d71,Female,0,No,No,39,Yes,No,Fiber optic,No,Yes,Yes,No,No,No,Two year,Yes,Electronic check,47.93,1877.38,No
C-6752ee8d,Female,0,Yes,No,5,Yes,No,No,No internet service,No internet service,No internet service,No internet service,No internet service,No internet service,Month-to-month,Yes,Electronic check,21.78,111.42,Yes
C-2efc109e,Male,0,Yes,No,21,Yes,No,Fiber optic,No,No,Yes,Yes,Yes,No,Two year,Yes,Mailed check,60.38,1253.88,No
C-3298f241,Male,0,No,Yes,61,Yes,No,Fiber optic,Yes,Yes,No,Yes,No,No,Two year,Yes,Credit card (automatic),57.28,3487.79,No
C-ead6afa7,Female,0,Yes,No,23,Yes,No,DSL,No,Yes,No,Yes,Yes,Yes,Two year,No,Electronic check,48.83,1120.17,No
C-0ae323c9,Female,1,No,No,57,Yes,Yes,DSL,Yes,Yes,Yes,No,No,No,Month-to-month,No,Credit card (automatic),42.16,2395.71,Yes
C-27f7efd3,Female,0,Yes,No,58,Yes,No,Fiber optic,Yes,No,Yes,No,Yes,No,One year,Yes,Mailed check,58.43,3377.82,Yes
C-38aa0b39,Female,0,No,No,16,Yes,No,Fiber optic,No internet service,Yes,No,No,Yes,Yes,Month-to-month,No,Electronic check,58.54,962.08,Yes
C-c00fa13d,Male,0,Yes,No,43,Yes,Yes,DSL,Yes,Yes,Yes,Yes,No,No internet service,Month-to-month,Yes,Electronic check,46.99,2016.79,Yes
C-b62df544,Male,0,Yes,Yes,15,Yes,Yes,Fiber optic,No,No,No,Yes,No internet service,No,Two year,No,Mailed check,47.65,701.75,No
C-a822a971,Male,0,No,No,60,Yes,Yes,Fiber optic,No,No,Yes,No,No,No,One year,Yes,Bank transfer (automatic),44.86,2696.85,No
C-c2821796,Female,0,No,No,21,Yes,No phone service,Fiber optic,No,No,Yes,No,No,No internet service,Month-to-month,No,Electronic check,44.6,929.13,Yes
C-8bb11cfb,Female,0,Yes,No,2,No,No phone service,DSL,Yes,Yes,No,No,No,Yes,One year,Yes,Electronic check,44.85,87.5,No
C-fdff2e1c,Female,0,No,No,62,No,No phone service,Fiber optic,No,No,No,No,No,Yes,Month-to-month,No,Electronic check,48.87,3057.95,Yes
C-a4716167,Male,0,No,No,6,No,No phone service,DSL,Yes,No,No,No,No,No,Month-to-month,Yes,Mailed check,31.83,185.92,No
C-055b5b00,Female,0,No,No,58,Yes,No,No,No internet service,No internet service,No internet service,No internet service,No internet service,No internet service,Month-to-month,Yes,Electronic check,18.36,1063.71,No
C-55d5eac4,Female,1,Yes,Yes,21,Yes,Yes,Fiber optic,No internet service,No,No,Yes,Yes,No internet service,Two year,No,Bank transfer (automatic),46.03,939.76,No
C-f46735df,Female,0,No,Yes,56,Yes,Yes,DSL,No,Yes,Yes,Yes,Yes,No,Month-to-month,Yes,Electronic check,42.68,2367.13,No
C-4670fd0f,Male,0,Yes,Yes,67,Yes,No phone service,Fiber optic,No,Yes,Yes,No,No,Yes,Two year,No,Electronic check,60.95,4093.1,No
C-005ed9b9,Male,0,No,Yes,0,Yes,Yes,Fiber optic,No,Yes,Yes,No,No,No,Month-to-month,Yes,Mailed check,53.96,0.0,Yes
C-a94a2bcb,Female,0,Yes,No,56,Yes,No phone service,DSL,No,No,No,No,No,No,Month-to-month,No,Credit card (automatic),22.34,1239.33,No
C-45e1a7c1,Female,1,No,Yes,3,Yes,No,No,No internet service,No internet service,No internet service,No internet service,No internet service,No internet service,One year,No,Bank transfer (automatic),18.0,37.84,Yes
C-38640a59,Female,0,No,No,56,Yes,Yes,No,No internet service,No internet service,No internet service,No internet service,No internet service,No internet service,Month-to-month,No,Electronic check,24.07,1356.76,Yes
C-ebbc6a6d,Male,0,No,No,58,No,No phone service,No,No internet service,No internet service,No internet service,No internet service,No internet service,No internet service,Two year,Yes,Electronic check,18.0,1054.78,No
C-7c2a0956,Male,0,Yes,No,48,Yes,No,DSL,Yes,No,No internet service,No,No,Yes,Month-to-month,No,Mailed check,39.22,1871.03,No
C-3a1407b9,Female,0,No,No,54,Yes,No,No,No internet service,No internet service,No internet service,No internet service,No internet service,No internet service,One year,No,Bank transfer (automatic),27.78,1512.48,No
C-1bb6ffc0,Male,0,Yes,No,54,Yes,No,Fiber optic,No,Yes,No,No,Yes,Yes,Two year,No,Mailed check,60.17,3244.67,No
C-ee5b4849,Female,0,No,No,62,No,No phone service,Fiber optic,No,Yes,Yes,Yes,No,Yes,Month-to-month,No,Credit card (automatic),62.62,3887.67,No
C-919a515d,Male,0,Yes,No,6,Yes,No,Fiber optic,No,No,No internet service,Yes,No,Yes,Month-to-month,No,Credit card (automatic),48.24,274.65,Yes
C-b9b6c520,Male,0,Yes,No,25,No,No phone service,No,No internet service,No internet service,No internet service,No internet service,No internet service,No internet service,Month-to-month,No,Bank transfer (automatic),18.0,388.39,Yes
C-640733af,Male,1,No,No,63,Yes,No,Fiber optic,Yes,Yes,Yes,No,No,No,Two year,No,Bank transfer (automatic),52.34,3305.86,No
C-3b51e0a4,Female,0,No,No,39,Yes,No phone service,No,No internet service,No internet service,No internet service,No internet service,No internet service,No internet service,Month-to-month,Yes,Electronic check,22.24,889.63,No
C-dd82dd55,Male,0,No,Yes,49,Yes,Yes,No,No internet service,No internet service,No internet service,No internet service,No internet service,No internet service,Month-to-month,Yes,Credit card (automatic),24.63,1183.86,No
C-605c9d56,Female,0,No,No,26,Yes,Yes,No,No internet service,No internet service,No internet service,No internet service,No internet service,No internet service,Month-to-month,No,Electronic check,18.15,482.6,No
C-a2fbb41e,Male,0,No,No,54,Yes,No,DSL,Yes,Yes,No,No,No,No,Month-to-month,Yes,Mailed check,31.6,1694.58,No
C-f3ffb65f,Male,0,No,Yes,51,No,No phone service,No,No internet service,No internet service,No internet service,No internet service,No internet service,No internet service,Month-to-month,Yes,Electronic check,18.0,897.13,No
C-9597e0dd,Female,0,Yes,Yes,61,Yes,Yes,No,No internet service,No internet service,No internet service,No internet service,No internet service,No internet service,One year,No,Electronic check,21.37,1327.48,No
C-ee4ec024,Male,0,No,No,47,Yes,No phone service,Fiber optic,No,No,No,Yes,No,Yes,Two year,Yes,Mailed check,48.5,2295.74,No
C-56c448bb,Male,0,No,No,56,Yes,No,Fiber optic,No internet service,Yes,Yes,No,No,Yes,One year,Yes,Electronic check,61.3,3446.07,No
C-4f3d978d,Male,0,No,No,8,Yes,Yes,Fiber optic,No,Yes,Yes,No,Yes,Yes,Month-to-month,No,Mailed check,58.47,443.41,Yes
C-c51ac6c0,Female,0,Yes,No,63,No,No phone service,DSL,Yes,Yes,No,No,Yes,Yes,Two year,No,Mailed check,50.0,3184.57,No
C-8f470d42,Male,0,No,No,19,No,No phone service,Fiber optic,No,No,No,No,Yes,No,Month-to-month,Yes,Electronic check,43.29,814.44,Yes
C-41069812,Male,0,Yes,Yes,54,Yes,Yes,DSL,Yes,No,No internet service,No,No,No,Two year,No,Mailed check,32.74,1794.76,No
C-b3dd672e,Female,0,No,No,27,Yes,No,No,No internet service,No internet service,No internet service,No internet service,No internet service,No internet service,Month-to-month,Yes,Bank transfer (automatic),18.0,474.81,No
C-ee805b15,Male,0,Yes,No,15,Yes,Yes,Fiber optic,No,No,No,No,No,No,One year,Yes,Electronic check,44.65,636.69,No
C-e460f78b,Male,0,Yes,No,71,Yes,Yes,DSL,No,No,No,Yes,No,No,Two year,Yes,Electronic check,25.36,1800.56,No
C-62d0abd5,Male,0,Yes,Yes,33,Yes,Yes,Fiber optic,No,Yes,No internet service,No,Yes,No,One year,No,Bank transfer (automatic),50.22,1640.42,No
C-b1f1bf7a,Female,0,No,No,68,Yes,Yes,DSL,No,Yes,Yes,Yes,No,No,Month-to-month,No,Credit card (automatic),38.63,2621.46,No
C-da43dc32,Female,0,Yes,No,40,Yes,Yes,Fiber optic,No,Yes,No,Yes,Yes,Yes,Month-to-month,No,Bank transfer (automatic),68.02,2742.72,Yes
C-dc8416d8,Female,0,Yes,No,20,Yes,No,Fiber optic,No,No,No,Yes,Yes,No,Two year,Yes,Electronic check,51.45,1018.61,No
C-791868ca,Male,0,Yes,No,20,Yes,Yes,Fiber optic,No,Yes,Yes,No,No,No,Month-to-month,No,Electronic check,46.9,894.0,Yes
C-72ab5150,Male,0,Yes,No,35,No,No phone service,No,No internet service,No internet service,No internet service,No internet service,No internet service,No internet service,Month-to-month,No,Electronic check,23.09,859.7,Yes
C-64d98c8a,Female,0,Yes,No,36,Yes,Yes,DSL,No internet service,Yes,No,Yes,Yes,No,Month-to-month,Yes,Electronic check,37.58,1340.39,Yes
C-e516ddaa,Female,0,No,No,72,Yes,Yes,Fiber optic,No,No,No,No,No,Yes,One year,No,Electronic check,43.95,3152.75,No
C-296a68f3,Female,0,Yes,No,16,Yes,No phone service,Fiber optic,No,No,Yes,No internet service,No,No,Two year,Yes,Electronic check,44.86,717.09,Yes
C-a285aac3,Male,0,Yes,Yes,70,Yes,No,Fiber optic,No internet service,No,No,Yes,No,No,Two year,Yes,Bank transfer (automatic),46.32,3260.4,No
C-e5739e00,Female,0,Yes,No,69,Yes,No,DSL,No internet service,Yes,No,No,Yes,No,Month-to-month,No,Electronic check,35.95,2478.13,No
C-2408092a,Male,0,No,No,14,Yes,No phone service,Fiber optic,No,No,Yes,No,No internet service,No,Two year,Yes,Electronic check,49.0,699.53,No
C-2d016cec,Female,0,No,No,25,Yes,No,DSL,No,No,Yes,No internet service,No,Yes,One year,Yes,Electronic check,33.39,872.75,No
C-d673aa48,Male,0,Yes,No,2,Yes,No,DSL,No,Yes,No,Yes,Yes,Yes,Two year,No,Electronic check,39.41,70.56,No
C-dc3c8a29,Male,0,No,Yes,65,Yes,No,Fiber optic,No internet service,No,No,No internet service,No,Yes,One year,No,Electronic check,44.42,2920.18,Yes
C-4fb7bd0d,Male,0,Yes,Yes,0,Yes,No,No,No internet service,No internet service,No internet service,No internet service,No internet service,No internet service,Month-to-month,Yes,Electronic check,24.0,0.0,Yes
C-f58542a9,Male,0,Yes,No,24,Yes,Yes,Fiber optic,Yes,No,Yes,No,No,No internet service,Month-to-month,No,Electronic check,48.19,1135.78,Yes
C-d878bb37,Male,0,No,Yes,1,Yes,Yes,DSL,No,No internet service,No,Yes,Yes,No,One year,Yes,Credit card (automatic),37.72,44.28,No
C-7b6754ae,Female,1,No,Yes,44,Yes,Yes,Fiber optic,No,Yes,No,No internet service,Yes,Yes,One year,Yes,Credit card (automatic),50.52,2199.08,No
C-8a2ad3b0,Male,0,Yes,No,15,No,No phone service,Fiber optic,No,No,No internet service,Yes,No,No internet service,Two year,Yes,Electronic check,46.46,688.33,Yes
C-2a266648,Female,0,Yes,No,16,Yes,No phone service,No,No internet service,No internet service,No internet service,No internet service,No internet service,No internet service,Month-to-month,No,Mailed check,20.13,327.74,No
C-b5e07ccb,Female,0,No,No,18,Yes,Yes,Fiber optic,No,No,No,No,No,Yes,Month-to-month,No,Bank transfer (automatic),49.13,915.42,Yes
C-2d245302,Male,0,Yes,No,68,Yes,No,No,No internet service,No internet service,No internet service,No internet service,No internet service,No internet service,Two year,No,Electronic check,19.56,1300.07,No
C-82f18bc9,Female,0,No,No,38,Yes,Yes,Fiber optic,Yes,No internet service,Yes,No,Yes,No,Month-to-month,No,Electronic check,56.95,2138.37,Yes
C-c764de7d,Male,0,Yes,Yes,2,Yes,Yes,No,No internet service,No internet service,No internet service,No internet service,No internet service,No internet service,Month-to-month,Yes,Electronic check,18.0,27.16,No
C-cf85f019,Female,0,Yes,Yes,53,Yes,Yes,DSL,No internet service,No,No,No,Yes,No,Month-to-month,No,Mailed check,31.79,1684.93,No
C-26489c20,Male,0,No,No,45,Yes,No phone service,Fiber optic,No,No,No,No,No internet service,Yes,Month-to-month,Yes,Credit card (automatic),48.01,2128.58,Yes
C-f9d49df9,Female,0,Yes,No,8,No,No phone service,Fiber optic,Yes,Yes,Yes,Yes,Yes,Yes,Month-to-month,Yes,Mailed check,71.25,568.22,Yes
C-dc538104,Male,0,Yes,No,17,Yes,Yes,Fiber optic,Yes,No,No,No,No,No,Month-to-month,Yes,Mailed check,42.36,733.04,Yes
C-c569689c,Female,0,Yes,Yes,30,Yes,Yes,No,No internet service,No internet service,No internet service,No internet service,No internet service,No internet service,Month-to-month,Yes,Electronic check,18.59,546.36,Yes
C-9e9de67f,Male,0,No,No,62,Yes,No,DSL,No internet service,No,No,Yes,No,No,Month-to-month,Yes,Electronic check,31.9,1967.96,No
C-af69d145,Female,0,Yes,No,38,Yes,No,No,No internet service,No internet service,No internet service,No internet service,No internet service,No internet service,Month-to-month,Yes,Bank transfer (automatic),23.52,920.1,No
C-4d8960c8,Female,0,Yes,No,49,Yes,No phone service,Fiber optic,No,No,No,No,No,No internet service,Month-to-month,No,Mailed check,44.43,2144.98,Yes
C-7a51a90f,Male,0,No,Yes,47,Yes,No phone service,No,No internet service,No internet service,No internet service,No internet service,No internet service,No internet service,One year,Yes,Electronic check,23.31,1047.95,No
C-a7f535ea,Male,1,No,No,51,Yes,No phone service,DSL,Yes,Yes,No,Yes,No,Yes,Month-to-month,Yes,Credit card (automatic),44.75,2244.58,No
C-d705d113,Female,0,Yes,No,30,Yes,No phone service,Fiber optic,No,Yes,No,Yes,Yes,No,Two year,Yes,Bank transfer (automatic),56.0,1710.2,No
C-4b4f5643,Male,1,No,No,22,Yes,Yes,Fiber optic,No,No,Yes,Yes,Yes,No internet service,Month-to-month,Yes,Electronic check,55.14,1221.72,No
C-f2871c26,Male,0,No,Yes,30,Yes,No,DSL,No,Yes,Yes,Yes,Yes,No,Month-to-month,Yes,Bank transfer (automatic),47.57,1429.89,Yes
C-064e1fc5,Male,0,Yes,Yes,37,Yes,No,No,No internet service,No internet service,No internet service,No internet service,No internet service,No internet service,Month-to-month,Yes,Electronic check,22.69,841.4,No
C-436d356c,Female,0,No,Yes,53,Yes,Yes,No,No internet service,No internet service,No internet service,No internet service,No internet service,No internet service,One year,Yes,Mailed check,19.31,1034.19,No
C-60e49d6f,Male,0,Yes,No,17,Yes,Yes,DSL,No,No,No internet service,Yes,Yes,Yes,Month-to-month,Yes,Electronic check,46.3,767.72,No
C-b592c808,Female,0,Yes,No,2,Yes,Yes,No,No internet service,No internet service,No internet service,No internet service,No internet service,No internet service,Month-to-month,No,Electronic check,25.86,68.05,No
C-b3fb8c0b,Male,0,Yes,No,43,Yes,Yes,DSL,No,Yes,No,No,No,No,Two year,No,Bank transfer (automatic),32.96,1400.16,No
C-3806821e,Female,0,No,No,17,No,No phone service,No,No internet service,No internet service,No internet service,No internet service,No internet service,No internet service,Two year,No,Electronic check,24.71,454.58,No
C-c5849e7d,Female,0,No,No,40,Yes,Yes,DSL,No,Yes,No internet service,No,No,Yes,Month-to-month,Yes,Bank transfer (automatic),38.42,1557.34,Yes
C-8c908420,Female,1,No,No,43,Yes,No,DSL,No,No internet service,No,No,Yes,No,One year,No,Bank transfer (automatic),28.63,1247.92,No
C-6928930b,Male,0,No,Yes,3,Yes,No,DSL,No internet service,No,No,No,No,No internet service,One year,Yes,Credit card (automatic),26.29,58.86,No
C-b90d6146,Male,0,No,Yes,71,Yes,No phone service,DSL,No,No,No,No,No,Yes,Month-to-month,Yes,Electronic check,29.11,2072.05,Yes
C-142ce610,Male,0,No,Yes,52,Yes,No,No,No internet service,No internet service,No internet service,No internet service,No internet service,No internet service,Two year,Yes,Bank transfer (automatic),22.22,1156.74,No
C-45a13605,Male,0,Yes,No,13,Yes,No,Fiber optic,No internet service,No,No,No internet service,No,No,Month-to-month,Yes,Electronic check,33.56,397.23,Yes
C-060ac60c,Female,0,Yes,Yes,68,Yes,No,Fiber optic,No,No,Yes,Yes,Yes,No,Month-to-month,No,Credit card (automatic),60.41,4097.61,Yes
C-81a09916,Female,1,No,No,26,Yes,Yes,Fiber optic,Yes,Yes,No,No,Yes,No,Month-to-month,Yes,Mailed check,59.19,1520.65,Yes
C-247c8729,Female,0,No,No,4,Yes,No,DSL,Yes,No,No,No,No internet service,Yes,Two year,No,Mailed check,42.19,174.13,No
C-51f62ba5,Female,0,Yes,No,55,Yes,No,No,No internet service,No internet service,No internet service,No internet service,No internet service,No internet service,Month-to-month,No,Mailed check,21.81,1191.47,Yes
C-ee0e61d0,Male,0,Yes,No,9,Yes,No,DSL,No,Yes,No,No,No internet service,Yes,Month-to-month,Yes,Electronic check,37.85,348.54,Yes
C-b8018369,Male,0,No,No,47,Yes,No,No,No internet service,No internet service,No internet service,No internet service,No internet service,No internet service,Two year,Yes,Bank transfer (automatic),20.34,961.21,No
C-49658652,Female,0,Yes,No,63,Yes,No,Fiber optic,No,Yes,Yes,Yes,No,No internet service,Month-to-month,No,Electronic check,57.15,3614.81,Yes
C-423fde75,Male,0,Yes,No,0,Yes,No phone service,Fiber optic,No,No,No,No,No,Yes,One year,Yes,Mailed check,45.45,5.52,Yes
C-8a83c768,Female,0,No,No,49,Yes,No phone service,Fiber optic,Yes,Yes,No,No,No,No,Month-to-month,Yes,Mailed check,47.6,2317.33,Yes
C-f040f7ad,Female,0,Yes,No,28,Yes,Yes,DSL,No,Yes,No,Yes,No internet service,No,Month-to-month,No,Electronic check,30.15,854.23,No
C-4898c22f,Female,0,Yes,No,4,Yes,No,Fiber optic,No,No internet service,Yes,Yes,No,No,Two year,No,Electronic check,50.81,230.45,Yes
C-df44d767,Female,0,No,No,15,Yes,Yes,Fiber optic,No,No,No,Yes,Yes,No,Month-to-month,No,Mailed check,51.19,756.19,Yes
C-0e3f3eb7,Female,0,Yes,No,12,No,No phone service,Fiber optic,No,No internet service,Yes,No,No,No,Month-to-month,No,Electronic check,42.23,505.75,No
C-b98464eb,Female,0,Yes,No,42,Yes,No,No,No internet service,No internet service,No internet service,No internet service,No internet service,No internet service,Month-to-month,No,Mailed check,20.43,889.24,Yes
C-920bbc1b,Female,0,No,No,3,Yes,No,No,No internet service,No internet service,No internet service,No internet service,No internet service,No internet service,Month-to-month,No,Bank transfer (automatic),19.42,55.28,Yes
C-3ebfb0e5,Male,0,Yes,Yes,3,Yes,Yes,No,No internet service,No internet service,No internet service,No internet service,No internet service,No internet service,Month-to-month,No,Electronic check,21.28,65.43,Yes
C-4669cdd6,Male,0,Yes,Yes,58,Yes,Yes,No,No internet service,No internet service,No internet service,No internet service,No internet service,No internet service,Month-to-month,No,Bank transfer (automatic),22.74,1326.68,No
C-7a6ffccb,Female,1,Yes,Yes,29,Yes,No phone service,DSL,No,No,No,Yes,No,No,Two year,Yes,Electronic check,26.69,770.01,No
C-7317fa1a,Female,0,Yes,No,8,Yes,Yes,No,No internet service,No internet service,No internet service,No internet service,No internet service,No internet service,Month-to-month,No,Bank transfer (automatic),25.19,203.52,Yes
C-1e9969c3,Male,0,Yes,No,16,Yes,No phone service,DSL,No,No,No,No internet service,Yes,No internet service,Two year,Yes,Electronic check,33.3,526.76,No
C-e820d49e,Female,0,No,Yes,41,Yes,No,Fiber optic,No,Yes,Yes,No,No internet service,No,Month-to-month,No,Electronic check,51.97,2110.6,Yes
C-1e03a203,Male,0,No,No,25,Yes,No,DSL,Yes,No,No,Yes,No internet service,Yes,Month-to-month,No,Mailed check,48.25,1233.93,No
C-9e4c386b,Male,1,Yes,No,66,Yes,Yes,Fiber optic,No,Yes,Yes,Yes,No,No,Month-to-month,Yes,Bank transfer (automatic),50.25,3364.22,Yes
C-582bb8b2,Male,1,No,No,9,No,No phone service,Fiber optic,No,No,Yes,Yes,No,No,Two year,Yes,Mailed check,44.91,354.34,Yes
C-0381df8f,Male,0,Yes,No,35,Yes,Yes,DSL,No,No,No,No,No,No,Month-to-month,No,Credit card (automatic),25.42,910.71,No
C-6427e461,Male,0,No,No,41,Yes,Yes,Fiber optic,No internet service,No internet service,No,Yes,Yes,No,Month-to-month,No,Electronic check,52.31,2142.99,Yes
C-d59eb581,Female,0,Yes,No,21,No,No phone service,No,No internet service,No internet service,No internet service,No internet service,No internet service,No internet service,Month-to-month,No,Electronic check,18.27,387.61,Yes
C-db24882d,Male,0,Yes,No,54,Yes,No,DSL,Yes,No,No,No internet service,Yes,Yes,Month-to-month,Yes,Electronic check,38.2,2079.91,Yes
C-03e48656,Female,0,No,No,69,Yes,No,DSL,Yes,Yes,No internet service,No,Yes,No,Month-to-month,No,Electronic check,39.38,2719.57,Yes
C-76cc408c,Female,0,Yes,No,71,No,No phone service,DSL,Yes,No internet service,No,Yes,No,No,One year,No,Credit card (automatic),42.84,3051.69,No
C-28ec0e6c,Male,0,Yes,No,53,Yes,Yes,DSL,No,No,No,Yes,Yes,Yes,One year,No,Bank transfer (automatic),34.36,1805.99,No
C-8d952c9a,Male,0,Yes,No,51,Yes,Yes,DSL,No,Yes,No,No,Yes,Yes,Month-to-month,Yes,Credit card (automatic),40.98,2086.97,Yes
C-9d4d6613,Female,0,No,No,26,Yes,Yes,Fiber optic,No,No internet service,Yes,Yes,No internet service,No internet service,Month-to-month,Yes,Bank transfer (automatic),48.23,1273.84,No
C-ab39ac19,Male,0,No,No,54,Yes,Yes,Fiber optic,No,No,No,No,Yes,No,One year,No,Electronic check,45.87,2512.44,No
C-63d3fad6,Female,0,Yes,No,15,Yes,Yes,Fiber optic,No,No,No,No internet service,Yes,Yes,Two year,No,Credit card (automatic),56.02,835.74,No
C-47bf208d,Female,1,Yes,No,24,Yes,Yes,No,No internet service,No internet service,No internet service,No internet service,No internet service,No internet service,Month-to-month,No,Electronic check,18.0,439.99,Yes
C-078863a4,Male,0,No,No,25,Yes,Yes,DSL,No,Yes,No,No,Yes,No,Month-to-month,No,Electronic check,29.6,750.52,Yes
C-4bbe3286,Female,1,No,No,7,No,No phone service,DSL,No,Yes,No,No,Yes,No,Month-to-month,Yes,Bank transfer (automatic),35.13,222.72,Yes
C-84d807a7,Male,0,Yes,No,42,Yes,No,No,No internet service,No internet service,No internet service,No internet service,No internet service,No internet service,Month-to-month,Yes,Electronic check,21.37,892.89,Yes
C-859ec940,Female,0,Yes,No,49,Yes,No,Fiber optic,Yes,Yes,No,Yes,Yes,Yes,Month-to-month,Yes,Credit card (automatic),60.09,2917.61,No
C-aef4dc7a,Female,0,No,No,0,No,No phone service,No,No internet service,No internet service,No internet service,No internet service,No internet service,No internet service,Month-to-month,Yes,Mailed check,20.14,5.72,Yes
C-9adfac29,Male,0,Yes,Yes,47,Yes,Yes,DSL,No,No,No,No,No,Yes,Month-to-month,No,Credit card (automatic),34.49,1636.6,No
C-2fa926f9,Male,0,No,No,7,No,No phone service,Fiber optic,Yes,No,Yes,No internet service,No,No,Month-to-month,No,Bank transfer (automatic),47.02,306.26,Yes
C-7d5cdde5,Male,1,No,No,60,No,No phone service,DSL,No,No,No,Yes,No,Yes,Month-to-month,Yes,Electronic check,32.33,1912.59,No
C-3c76f71e,Female,1,Yes,No,16,Yes,No,DSL,No internet service,No,Yes,No,No,Yes,Month-to-month,No,Electronic check,43.79,656.22,No
C-25125a01,Male,0,Yes,No,61,Yes,No,Fiber optic,No,No,No,No,No,No,One year,No,Electronic check,42.45,2602.78,Yes
C-9f9d9660,Male,0,Yes,Yes,70,Yes,Yes,DSL,Yes,Yes,No,No,Yes,Yes,Month-to-month,Yes,Electronic check,52.98,3698.76,No
C-dae85ab3,Male,0,No,No,62,Yes,Yes,DSL,No,No,No,No,No,Yes,Month-to-month,Yes,Credit card (automatic),32.96,2064.87,No
C-6d5e7cb4,Male,0,Yes,No,48,Yes,No,Fiber optic,Yes,Yes,Yes,No internet service,No internet service,Yes,Two year,No,Electronic check,61.13,2944.47,No
C-e688798b,Male,0,Yes,No,24,No,No phone service,DSL,No,Yes,No,No,Yes,No,Month-to-month,No,Electronic check,37.33,914.73,No
C-77f99e48,Female,1,Yes,No,9,Yes,No,Fiber optic,No,No,No,No,No,Yes,Month-to-month,No,Electronic check,48.15,452.35,Yes
C-cefe84b1,Male,0,No,Yes,6,No,No phone service,DSL,Yes,No,No internet service,No,No,Yes,One year,No,Mailed check,37.22,223.38,Yes
C-15b458ae,Male,0,No,No,61,Yes,No,Fiber optic,No,Yes,No,No,No,No,Two year,No,Electronic check,43.64,2636.96,No
C-00870070,Female,0,No,Yes,23,Yes,Yes,No,No internet service,No internet service,No internet service,No internet service,No internet service,No internet service,One year,Yes,Mailed check,24.48,567.61,No
C-8592c772,Female,0,Yes,Yes,61,Yes,Yes,No,No internet service,No internet service,No internet service,No internet service,No internet service,No internet service,Month-to-month,Yes,Bank transfer (automatic),23.34,1431.36,No
C-ff6aa361,Female,0,No,No,55,Yes,Yes,DSL,No,No,Yes,No,Yes,Yes,One year,Yes,Mailed check,44.67,2456.41,Yes
C-fd763143,Female,1,Yes,No,8,Yes,Yes,Fiber optic,Yes,No,Yes,No,No,No internet service,Month-to-month,Yes,Credit card (automatic),47.58,401.22,Yes
C-087fa892,Male,0,No,No,9,Yes,Yes,DSL,No,No,No,No,Yes,No,One year,No,Credit card (automatic),26.26,246.26,No
C-243ba859,Female,1,No,Yes,38,Yes,No phone service,DSL,No internet service,No,No internet service,Yes,No,No,Two year,No,Electronic check,32.25,1246.96,No
C-7015aa57,Male,0,No,No,66,Yes,Yes,Fiber optic,Yes,No,Yes,No,Yes,No internet service,Month-to-month,Yes,Bank transfer (automatic),58.83,3883.83,No
C-4620d192,Male,0,No,No,31,Yes,Yes,DSL,Yes,Yes,No,No internet service,Yes,No,One year,No,Bank transfer (automatic),44.79,1370.35,Yes
C-9e2b363b,Male,0,No,No,67,Yes,No phone service,No,No internet service,No internet service,No internet service,No internet service,No internet service,No internet service,Month-to-month,Yes,Electronic check,25.32,1676.03,No
C-f2265d2f,Male,0,Yes,No,69,Yes,No phone service,Fiber optic,No,No internet service,No internet service,Yes,No,No,Month-to-month,Yes,Bank transfer (automatic),46.01,3165.83,Yes
C-8ea144cd,Male,0,No,No,5,Yes,No,DSL,No,No,No internet service,No,Yes,No internet service,Month-to-month,No,Credit card (automatic),31.37,158.54,Yes
C-556d2f8a,Female,0,No,No,42,Yes,No,Fiber optic,No,No internet service,No,No,Yes,Yes,Month-to-month,Yes,Electronic check,49.0,2093.38,Yes
C-7b3abfd5,Male,0,Yes,Yes,27,Yes,Yes,Fiber optic,No,No,Yes,Yes,Yes,Yes,Two year,No,Mailed check,58.77,1556.2,No
C-89ac5749,Female,0,No,No,7,Yes,No,DSL,Yes,Yes,No,No,Yes,Yes,Month-to-month,Yes,Electronic check,47.79,354.25,Yes
C-aa836fe4,Female,0,No,No,6,No,No phone service,DSL,Yes,Yes,No,Yes,No,Yes,Month-to-month,Yes,Bank transfer (automatic),43.28,249.72,No
C-d0d012a6,Male,0,Yes,No,37,Yes,Yes,No,No internet service,No internet service,No internet service,No internet service,No internet service,No internet service,Month-to-month,Yes,Bank transfer (automatic),22.03,795.76,No
C-15bd8276,Female,0,No,No,14,Yes,No,DSL,No,No internet service,No,Yes,Yes,No internet service,Two year,Yes,Mailed check,36.63,480.8,No
C-49572605,Female,0,No,Yes,43,Yes,No,DSL,No,Yes,No,No internet service,No,No,Month-to-month,Yes,Bank transfer (automatic),29.56,1274.27,No
C-6fbf1be0,Female,0,No,Yes,67,Yes,No,DSL,No,Yes,No,No,No,Yes,One year,Yes,Credit card (automatic),30.61,2070.87,No
C-d40485dc,Male,0,Yes,No,47,Yes,No,Fiber optic,No,No,Yes,No,Yes,No,Two year,Yes,Credit card (automatic),53.84,2542.23,No
C-af2c2aa2,Male,0,Yes,Yes,21,Yes,No phone service,DSL,No,No,No,Yes,Yes,Yes,Month-to-month,Yes,Mailed check,44.3,940.35,Yes
C-919785ad,Male,0,Yes,No,55,Yes,No,Fiber optic,No,No internet service,No internet service,No,No,No,Two year,Yes,Bank transfer (automatic),38.22,2085.16,No
C-87bc8511,Female,0,No,No,20,Yes,Yes,No,No internet service,No internet service,No internet service,No internet service,No internet service,No internet service,Two year,Yes,Electronic check,18.44,331.91,No
C-02715df8,Male,0,No,Yes,56,Yes,No,Fiber optic,Yes,No,No,No,No,No,Month-to-month,Yes,Electronic check,46.82,2639.89,No
C-1b8f0fa4,Female,0,No,Yes,41,Yes,No,Fiber optic,No,No,No,Yes,No,No,Month-to-month,Yes,Electronic check,46.11,1908.7,No
C-0831769c,Female,0,Yes,Yes,43,Yes,Yes,Fiber optic,Yes,No,Yes,No,Yes,Yes,Month-to-month,Yes,Bank transfer (automatic),61.51,2641.63,Yes
C-77001d6b,Male,1,No,No,10,Yes,No,No,No internet service,No internet service,No internet service,No internet service,No internet service,No internet service,Two year,Yes,Electronic check,18.0,204.56,No
C-38b58ace,Female,0,Yes,No,68,Yes,No,DSL,No,No,No,No internet service,No,No,Month-to-month,No,Electronic check,21.58,1486.47,No
C-f6aa7a73,Female,0,No,Yes,27,Yes,No phone service,DSL,Yes,Yes,No internet service,No internet service,Yes,No,Month-to-month,Yes,Bank transfer (automatic),42.93,1167.38,Yes
C-10d77240,Female,0,Yes,No,56,Yes,Yes,DSL,Yes,No,No,Yes,No internet service,Yes,Two year,No,Bank transfer (automatic),44.69,2508.23,No
C-097a9519,Female,0,No,Yes,21,Yes,No,Fiber optic,No,No,Yes,No,Yes,No,One year,Yes,Electronic check,48.18,1016.36,No
C-db42eb37,Female,0,No,Yes,18,Yes,No phone service,DSL,No,Yes,No,No,No,No,One year,Yes,Electronic check,29.72,529.67,No
C-15f7f4be,Male,0,Yes,No,28,Yes,Yes,No,No internet service,No internet service,No internet service,No internet service,No internet service,No internet service,Month-to-month,No,Mailed check,18.0,464.36,Yes
C-c98fce10,Female,1,No,No,71,Yes,No,Fiber optic,No,Yes,Yes,Yes,No,No internet service,Month-to-month,No,Electronic check,49.72,3545.37,Yes
C-399e476b,Female,0,Yes,Yes,1,Yes,Yes,No,No internet service,No internet service,No internet service,No internet service,No internet service,No internet service,Month-to-month,Yes,Bank transfer (automatic),19.51,19.61,No
C-d48d430e,Female,0,Yes,Yes,67,Yes,Yes,DSL,No,No,No,No,No,No,One year,No,Electronic check,26.53,1798.99,No
C-541baf06,Male,1,Yes,No,50,Yes,No,DSL,No,No internet service,Yes,No,No,Yes,Month-to-month,Yes,Bank transfer (automatic),36.21,1840.62,No
C-33271855,Male,0,Yes,No,25,Yes,Yes,Fiber optic,No,Yes,Yes,No,No,Yes,One year,Yes,Mailed check,54.28,1333.84,No
C-72248d5d,Female,1,No,No,1,Yes,No phone service,Fiber optic,No,No,Yes,No,No,No,Month-to-month,Yes,Electronic check,48.91,84.32,Yes
C-6e7e1232,Male,1,No,Yes,41,Yes,No phone service,DSL,No,No,No,No internet service,No,No,Two year,No,Credit card (automatic),22.56,942.95,No
C-efffe71c,Female,0,Yes,No,15,Yes,No,Fiber optic,Yes,No internet service,No,Yes,Yes,Yes,Month-to-month,Yes,Electronic check,63.95,947.65,Yes
C-3162a7b8,Male,0,Yes,No,53,Yes,No,No,No internet service,No internet service,No internet service,No internet service,No internet service,No internet service,One year,No,Bank transfer (automatic),18.94,1009.37,No
C-e35c4269,Female,0,Yes,Yes,30,Yes,Yes,No,No internet service,No internet service,No internet service,No internet service,No internet service,No internet service,Month-to-month,No,Mailed check,22.38,662.43,No
C-a517b7c7,Female,1,No,No,67,Yes,No phone service,Fiber optic,No,Yes,No,No,No,No,One year,Yes,Mailed check,45.88,3041.13,No
C-7bfc2666,Male,0,Yes,No,34,Yes,Yes,No,No internet service,No internet service,No internet service,No internet service,No internet service,No internet service,One year,No,Bank transfer (automatic),18.0,605.25,No
C-5a02b70e,Male,0,No,No,51,Yes,No phone service,DSL,No,No,Yes,No,Yes,Yes,Month-to-month,No,Bank transfer (automatic),39.97,2060.62,No
C-cf2c818e,Male,1,No,No,39,Yes,No,Fiber optic,No,Yes,No internet service,No,No internet service,Yes,Two year,Yes,Mailed check,45.05,1752.66,No
C-3ba62ae5,Male,1,Yes,Yes,9,Yes,No,DSL,No,No,No,No,No,No,One year,Yes,Mailed check,26.52,240.35,Yes
C-f49df881,Female,0,Yes,Yes,19,Yes,No,DSL,No internet service,No internet service,Yes,Yes,No internet service,No,Month-to-month,No,Credit card (automatic),35.01,638.52,Yes
C-16c91c0e,Female,1,Yes,Yes,19,Yes,No phone service,Fiber optic,Yes,No,Yes,No,No internet service,Yes,One year,No,Credit card (automatic),61.01,1161.58,No
C-b6b266e0,Male,1,Yes,No,18,Yes,Yes,DSL,Yes,Yes,Yes,No,No,Yes,Month-to-month,No,Electronic check,49.47,902.49,Yes
C-3342433b,Male,0,Yes,No,57,Yes,Yes,DSL,Yes,Yes,No,No,No,No,Month-to-month,No,Electronic check,35.37,2013.54,Yes
C-131943f0,Female,0,Yes,No,0,Yes,No,Fiber optic,Yes,No internet service,Yes,No,No,Yes,Month-to-month,No,Credit card (automatic),59.69,0.0,Yes
C-0fc48743,Male,0,No,No,46,Yes,Yes,DSL,No,Yes,Yes,Yes,Yes,Yes,One year,No,Mailed check,55.53,2586.83,No
C-64d15412,Female,0,Yes,Yes,20,Yes,No,Fiber optic,No,No,Yes,No,No,Yes,Month-to-month,Yes,Bank transfer (automatic),49.64,984.29,No
C-81eb2e68,Female,0,No,No,9,Yes,No,No,No internet service,No internet service,No internet service,No internet service,No internet service,No internet service,Two year,No,Electronic check,18.0,146.39,No
C-699c6301,Female,0,Yes,No,1,Yes,Yes,No,No internet service,No internet service,No internet service,No internet service,No internet service,No internet service,Two year,Yes,Bank transfer (automatic),21.05,9.44,No
C-306e50d7,Female,0,No,No,41,Yes,No phone service,Fiber optic,No,No,Yes,No,No,No,Month-to-month,No,Mailed check,41.48,1689.22,No
C-28e4abb0,Female,1,Yes,No,29,Yes,No phone service,DSL,No,Yes,No,Yes,No,No internet service,Month-to-month,Yes,Electronic check,32.4,912.43,Yes
C-554f45a0,Female,0,Yes,No,33,Yes,No,DSL,Yes,Yes,Yes,Yes,Yes,No,One year,Yes,Mailed check,51.68,1743.27,No
C-c797871e,Male,1,No,No,55,No,No phone service,Fiber optic,Yes,No,No,No,No internet service,Yes,Month-to-month,No,Credit card (automatic),53.23,2932.17,No
C-005aa7c3,Female,1,No,Yes,2,Yes,No,No,No internet service,No internet service,No internet service,No internet service,No internet service,No internet service,Two year,Yes,Electronic check,19.8,55.62,No
C-cf37ea13,Male,0,Yes,Yes,40,Yes,Yes,Fiber optic,No,No internet service,No,No,No,No internet service,Month-to-month,Yes,Credit card (automatic),45.44,1835.38,Yes
C-f211b142,Male,0,Yes,No,13,Yes,Yes,No,No internet service,No internet service,No internet service,No internet service,No internet service,No internet service,Two year,No,Credit card (automatic),19.39,272.49,No
C-5c4fcc6d,Male,0,Yes,Yes,53,Yes,No,Fiber optic,No,No,Yes,No,Yes,No,Month-to-month,No,Electronic check,51.15,2688.67,Yes
C-cf28f96b,Female,0,No,No,68,Yes,No,Fiber optic,No,No,Yes,No,No,Yes,Month-to-month,Yes,Electronic check,49.53,3363.72,Yes
C-17a11bf8,Female,0,Yes,Yes,69,Yes,No,Fiber optic,Yes,No,No,No,No,No internet service,Two year,No,Electronic check,45.55,3143.4,No
C-5b6eff1d,Male,0,Yes,No,31,Yes,Yes,No,No internet service,No internet service,No internet service,No internet service,No internet service,No internet service,Month-to-month,Yes,Credit card (automatic),18.0,529.61,No
C-dec4001f,Female,0,Yes,No,24,Yes,Yes,Fiber optic,No,No,No,Yes,No internet service,Yes,Month-to-month,Yes,Electronic check,51.8,1263.36,No
C-3227e748,Male,0,No,No,29,Yes,No,Fiber optic,No,No,Yes,No,No,No,Month-to-month,No,Electronic check,46.54,1383.59,Yes
C-6077faf7,Male,0,Yes,Yes,57,Yes,No,DSL,Yes,Yes,Yes,Yes,No,Yes,One year,Yes,Credit card (automatic),49.97,2854.1,No
C-8f40d03e,Male,0,No,Yes,13,Yes,Yes,Fiber optic,Yes,No,No,Yes,Yes,No,Two year,Yes,Bank transfer (automatic),51.34,705.16,No
C-54dd50fb,Female,0,No,No,2,Yes,Yes,DSL,No,No,No,No internet service,Yes,Yes,Month-to-month,Yes,Electronic check,37.42,77.33,Yes
C-7a31e3e8,Male,0,Yes,No,42,Yes,Yes,Fiber optic,No,No,No,Yes,No,No,One year,No,Bank transfer (automatic),44.13,1858.56,No
C-f2fcf73e,Male,1,No,No,36,No,No phone service,DSL,No,No,Yes,No,No,Yes,Month-to-month,Yes,Bank transfer (automatic),33.39,1205.65,No
C-162c720e,Female,0,No,Yes,15,Yes,No,DSL,No,No internet service,No internet service,Yes,Yes,Yes,One year,Yes,Electronic check,43.84,659.15,No
C-a549180a,Female,0,No,Yes,39,Yes,Yes,Fiber optic,Yes,Yes,No,No internet service,No,No,Month-to-month,Yes,Bank transfer (automatic),54.57,2135.73,Yes
C-7011a30a,Male,0,No,Yes,67,Yes,Yes,DSL,No,No,No,No,Yes,No,One year,No,Electronic check,33.63,2227.15,No
C-94e4673d,Male,0,No,Yes,14,No,No phone service,Fiber optic,Yes,No,No internet service,No,No internet service,Yes,Month-to-month,No,Bank transfer (automatic),51.23,729.89,Yes
C-b2e88ffc,Male,1,Yes,Yes,67,Yes,No,No,No internet service,No internet service,No internet service,No internet service,No internet service,No internet service,One year,Yes,Mailed check,21.09,1413.71,No
C-3afb607d,Male,0,No,No,14,Yes,No,No,No internet service,No internet service,No internet service,No internet service,No internet service,No internet service,Month-to-month,No,Electronic check,18.0,244.59,Yes
C-cfd24008,Male,0,Yes,No,35,Yes,Yes,DSL,No,No,No internet service,Yes,No,No,Month-to-month,No,Credit card (automatic),28.03,962.51,Yes
C-a7f97226,Male,0,No,No,38,Yes,Yes,Fiber optic,No,No,Yes,No,No,No,Month-to-month,No,Electronic check,44.48,1702.98,Yes
C-84898f74,Female,0,No,No,14,Yes,No,No,No internet service,No internet service,No internet service,No internet service,No internet service,No internet service,One year,Yes,Mailed check,19.19,255.45,No
C-71f8cbdd,Female,0,Yes,No,71,Yes,Yes,DSL,No,No,No,No,Yes,Yes,One year,No,Credit card (automatic),36.63,2620.43,No
C-48e03800,Female,0,Yes,No,20,Yes,Yes,DSL,Yes,No,Yes,No internet service,Yes,No,One year,Yes,Electronic check,40.93,830.58,No
C-ebc8a20e,Female,0,Yes,Yes,45,Yes,Yes,DSL,Yes,No internet service,No internet service,No,Yes,Yes,One year,Yes,Credit card (automatic),44.93,2050.07,No
C-a2e16214,Male,1,No,Yes,40,Yes,No,DSL,No,Yes,No,No,Yes,Yes,One year,Yes,Electronic check,38.19,1558.51,No
C-28664b3c,Male,0,No,No,20,Yes,No,No,No internet service,No internet service,No internet service,No internet service,No internet service,No internet service,One year,Yes,Credit card (automatic),22.09,445.17,Yes
C-013b5115,Female,0,No,No,31,No,No phone service,Fiber optic,Yes,No,Yes,Yes,Yes,No,Month-to-month,Yes,Mailed check,59.41,1838.08,No
C-11e2cbfe,Male,0,No,Yes,3,Yes,Yes,Fiber optic,No,Yes,No internet service,No,No,No,One year,No,Credit card (automatic),44.92,140.51,Yes
C-833344cc,Female,0,No,Yes,6,Yes,Yes,DSL,No,Yes,Yes,Yes,No,Yes,Month-to-month,No,Credit card (automatic),46.02,262.57,Yes
C-e1b34933,Female,0,No,Yes,44,Yes,No,No,No internet service,No internet service,No internet service,No internet service,No internet service,No internet service,One year,No,Electronic check,18.0,810.46,No
C-98f81e42,Male,0,No,No,64,No,No phone service,Fiber optic,No,Yes,No,No,No,No,Two year,Yes,Credit card (automatic),48.0,3076.44,No
C-ba5562cf,Male,0,No,Yes,32,Yes,No,No,No internet service,No internet service,No internet service,No internet service,No internet service,No internet service,Month-to-month,No,Electronic check,22.02,717.09,No
C-b67ae40c,Male,0,Yes,No,65,Yes,No,Fiber optic,Yes,Yes,No,No,Yes,Yes,Month-to-month,Yes,Electronic check,61.53,3990.79,No
C-3d959108,Female,0,No,No,26,Yes,No,Fiber optic,No,No,Yes,No,No,No,Month-to-month,No,Electronic check,46.09,1217.58,Yes
C-d5205669,Female,0,Yes,No,35,Yes,Yes,DSL,No,No,No,No,No,No,Month-to-month,Yes,Mailed check,22.56,778.84,Yes
C-8cb40213,Female,0,No,No,10,Yes,No phone service,DSL,Yes,No,Yes,Yes,No,No,One year,Yes,Mailed check,35.83,353.85,No
C-c5239d63,Female,0,No,No,8,Yes,Yes,Fiber optic,Yes,No,Yes,No,No,No,One year,Yes,Electronic check,57.05,468.33,No
C-f154d18f,Male,0,No,Yes,2,Yes,No,Fiber optic,Yes,Yes,Yes,Yes,No internet service,Yes,Month-to-month,Yes,Electronic check,66.58,127.58,Yes
C-b3f53ddf,Male,0,Yes,No,26,Yes,No phone service,No,No internet service,No internet service,No internet service,No internet service,No internet service,No internet service,Two year,Yes,Credit card (automatic),21.35,561.45,No
C-58078ec4,Male,0,No,No,9,Yes,Yes,Fiber optic,No,No internet service,Yes,Yes,No,Yes,Two year,Yes,Bank transfer (automatic),54.36,454.94,Yes
C-f648872c,Male,0,No,No,39,Yes,No phone service,Fiber optic,Yes,Yes,No,Yes,No,No,Month-to-month,Yes,Bank transfer (automatic),59.4,2304.8,No
C-5c231e9e,Male,0,Yes,No,39,Yes,No,DSL,Yes,Yes,Yes,No,No,Yes,Month-to-month,No,Mailed check,57.45,2241.08,No
C-a3a781ee,Female,1,Yes,Yes,45,Yes,Yes,No,No internet service,No internet service,No internet service,No internet service,No internet service,No internet service,Month-to-month,Yes,Mailed check,21.72,980.77,No
C-90c39cd9,Female,0,Yes,No,24,Yes,No phone service,Fiber optic,Yes,No,Yes,No,No,Yes,Month-to-month,No,Mailed check,56.51,1381.49,Yes
C-8d77d726,Female,0,Yes,No,65,Yes,Yes,Fiber optic,Yes,No,Yes,Yes,Yes,No,One year,Yes,Bank transfer (automatic),65.21,4238.02,No
C-d823d749,Male,0,Yes,No,0,Yes,No phone service,Fiber optic,No,No,Yes,Yes,Yes,No internet service,Month-to-month,Yes,Bank transfer (automatic),60.51,0.0,Yes
C-93d0dc88,Female,0,No,No,71,Yes,No phone service,Fiber optic,No,No,Yes,No,No,No,One year,Yes,Credit card (automatic),43.68,3084.19,Yes
C-d89dd98f,Male,0,No,No,14,Yes,No,Fiber optic,Yes,No,No,No internet service,No,No,Two year,Yes,Bank transfer (automatic),41.44,580.51,No
C-599791e8,Male,0,No,Yes,20,Yes,No,DSL,No,Yes,Yes,No,No,No internet service,Month-to-month,No,Electronic check,37.18,717.49,No
C-daf42a04,Male,0,No,Yes,20,Yes,No,No,No internet service,No internet service,No internet service,No internet service,No internet service,No internet service,Month-to-month,Yes,Mailed check,18.0,393.29,No
C-fd95b779,Female,1,Yes,No,53,Yes,No,DSL,No,Yes,Yes,Yes,No,Yes,Month-to-month,Yes,Credit card (automatic),45.12,2387.5,No
C-50ed32a7,Male,0,No,No,8,Yes,No phone service,DSL,No,No,Yes,No,No,Yes,Month-to-month,No,Bank transfer (automatic),37.91,301.94,No
C-1fcc51e8,Male,0,No,No,15,Yes,Yes,Fiber optic,No,No,Yes,Yes,Yes,Yes,Month-to-month,No,Electronic check,57.15,882.15,Yes
C-50802ede,Female,0,No,Yes,16,Yes,No,Fiber optic,No,No internet service,Yes,No,Yes,No,Month-to-month,No,Electronic check,50.77,820.85,Yes
C-11cc2105,Female,0,Yes,Yes,66,Yes,No,Fiber optic,No,No,No,Yes,No,No,Two year,Yes,Bank transfer (automatic),47.8,3144.89,Yes
C-e5009732,Female,0,No,No,37,No,No phone service,Fiber optic,Yes,Yes,No,No,No internet service,Yes,Two year,No,Credit card (automatic),57.81,2144.55,No
C-8c97f784,Female,0,No,Yes,2,Yes,No phone service,No,No internet service,No internet service,No internet service,No internet service,No internet service,No internet service,Two year,Yes,Electronic check,19.02,34.83,No
C-d2b6fdc3,Male,0,No,No,49,Yes,No,Fiber optic,Yes,Yes,Yes,No,Yes,No,Month-to-month,Yes,Electronic check,65.76,3236.19,Yes
C-a65c950e,Female,0,No,Yes,47,Yes,Yes,Fiber optic,No,No,No,No,No,No,Month-to-month,No,Bank transfer (automatic),43.38,2058.68,Yes
C-5540bdbd,Male,0,No,No,31,No,No phone service,Fiber optic,No,No,Yes,No,No,Yes,Month-to-month,Yes,Credit card (automatic),54.87,1702.48,Yes
C-9c4e432b,Male,0,No,Yes,15,Yes,Yes,No,No internet service,No internet service,No internet service,No internet service,No internet service,No internet service,Two year,Yes,Bank transfer (automatic),18.48,294.28,No
C-3f9e9694,Male,0,No,No,35,Yes,Yes,Fiber optic,No,No,Yes,No,Yes,No,Month-to-month,Yes,Mailed check,52.77,1878.64,No
C-a123843a,Female,0,Yes,Yes,70,Yes,No,DSL,Yes,No,No,No,Yes,No,Month-to-month,Yes,Credit card (automatic),37.8,2644.18,Yes
C-dfa315b9,Male,0,No,Yes,6,Yes,No,DSL,Yes,Yes,Yes,No,No,No,Two year,Yes,Credit card (automatic),42.48,261.05,No
C-513ba5c9,Male,1,No,No,13,Yes,No phone service,DSL,No,No,No,No,No,No,Two year,No,Mailed check,22.96,227.86,No
C-45b0151b,Male,0,Yes,Yes,24,Yes,No phone service,DSL,Yes,Yes,No internet service,Yes,No,No,Month-to-month,No,Mailed check,41.16,996.33,No
C-f8618da6,Male,0,Yes,No,65,Yes,Yes,DSL,No,No,No,No internet service,Yes,No internet service,Two year,Yes,Credit card (automatic),26.86,1731.67,No
C-cf8e16e2,Female,1,Yes,No,27,No,No phone service,DSL,No,No,Yes,No internet service,Yes,Yes,One year,No,Mailed check,39.46,1052.79,Yes
C-0043e5fe,Male,1,No,Yes,54,Yes,Yes,Fiber optic,Yes,No,No,No,No,No internet service,Month-to-month,No,Credit card (automatic),52.88,2876.6,No
C-ae0c750b,Female,0,No,No,67,Yes,No,Fiber optic,No,No,No internet service,No,No,No,Month-to-month,No,Bank transfer (automatic),39.31,2666.44,No
C-3c4dfa98,Female,0,No,No,32,Yes,Yes,Fiber optic,Yes,No,No,No,Yes,No,Month-to-month,No,Mailed check,53.01,1716.8,No
C-5853ec39,Female,0,No,No,13,Yes,No,DSL,No,No,No,No,No internet service,No internet service,One year,Yes,Bank transfer (automatic),25.69,337.67,No
C-86489e11,Male,0,No,Yes,7,Yes,Yes,Fiber optic,No,No,Yes,No,No,No,Month-to-month,Yes,Electronic check,43.29,312.21,Yes
C-cdde1555,Male,1,No,No,20,No,No phone service,DSL,Yes,No,No,No,No,Yes,Two year,No,Bank transfer (automatic),39.35,777.84,No
C-9e378192,Male,1,No,No,50,Yes,Yes,DSL,No,Yes,No,No,No,Yes,One year,Yes,Electronic check,31.68,1574.35,Yes
C-55bfed55,Male,0,No,No,38,Yes,No,DSL,No,Yes,No,No,Yes,No,Month-to-month,Yes,Bank transfer (automatic),31.76,1156.21,No
C-224195fb,Male,0,Yes,No,16,Yes,Yes,Fiber optic,No,No,No,Yes,No,No internet service,Month-to-month,No,Electronic check,43.7,682.44,Yes
C-7e5daf28,Male,0,No,No,11,Yes,No,Fiber optic,No,No,No,No,Yes,No,Month-to-month,Yes,Electronic check,47.89,510.24,Yes
C-3bb07b30,Female,0,Yes,No,68,Yes,No phone service,Fiber optic,No,No,Yes,No,No,Yes,Two year,Yes,Bank transfer (automatic),48.28,3256.2,Yes
C-d92e54a3,Female,0,No,No,3,Yes,No,DSL,Yes,Yes,Yes,No,No,No,One year,Yes,Electronic check,40.83,89.93,No
C-4d977fa3,Male,0,Yes,No,29,Yes,Yes,DSL,Yes,No,No,Yes,Yes,No,Two year,No,Mailed check,46.63,1365.12,No
C-17bea2ba,Female,0,Yes,No,44,Yes,No,No,No internet service,No internet service,No internet service,No internet service,No internet service,No internet service,Two year,No,Credit card (automatic),20.35,899.22,No
C-64157aad,Female,0,No,Yes,31,Yes,Yes,Fiber optic,Yes,No,No internet service,No,No internet service,No,Month-to-month,No,Electronic check,48.81,1517.32,Yes
C-fc89b436,Female,0,Yes,No,72,Yes,No,Fiber optic,No,No,No,No,Yes,No,Month-to-month,Yes,Electronic check,45.62,3283.48,Yes
C-11fd3f56,Male,0,No,No,20,Yes,No,Fiber optic,Yes,No,No,No,No,No,Month-to-month,Yes,Credit card (automatic),43.39,865.49,Yes
C-9a28fd4b,Female,0,Yes,Yes,50,Yes,Yes,DSL,No,Yes,No,No,Yes,No,Two year,Yes,Bank transfer (automatic),37.74,1897.87,Yes
C-ea5bf8e8,Female,0,Yes,Yes,4,Yes,No,Fiber optic,No,Yes,No,No,No,No,One year,Yes,Credit card (automatic),39.55,151.81,No
C-76df10e5,Female,0,No,No,28,Yes,Yes,Fiber optic,Yes,No,No,No,Yes,No,One year,Yes,Electronic check,50.57,1405.08,No
C-b341c881,Male,0,Yes,No,18,Yes,No phone service,Fiber optic,No,No,No,No,Yes,Yes,One year,Yes,Electronic check,52.74,922.54,No
C-79e607d4,Male,0,Yes,No,68,Yes,Yes,DSL,Yes,No,No internet service,Yes,No,No,Month-to-month,Yes,Electronic check,38.47,2600.29,No
C-9f58cf2c,Female,0,Yes,No,58,Yes,No,DSL,Yes,Yes,No,Yes,Yes,No,Month-to-month,Yes,Electronic check,47.46,2784.15,No
C-adbc298b,Female,0,No,No,71,Yes,Yes,No,No internet service,No internet service,No internet service,No internet service,No internet service,No internet service,Two year,No,Mailed check,21.09,1452.61,No
C-b8d4c9a7,Female,1,No,Yes,14,Yes,No phone service,Fiber optic,No,No,No,Yes,No,No internet service,Month-to-month,Yes,Electronic check,45.42,627.11,Yes
C-7dc4bf8e,Female,0,Yes,No,46,Yes,No,DSL,No,Yes,No,No,Yes,Yes,One year,No,Electronic check,44.67,2087.67,No
C-1d47e6b9,Male,0,No,Yes,10,Yes,No,No,No internet service,No internet service,No internet service,No internet service,No internet service,No internet service,Two year,No,Bank transfer (automatic),21.14,209.67,No
C-440bb956,Female,0,No,Yes,22,Yes,No,DSL,No,No,Yes,Yes,No,Yes,One year,No,Credit card (automatic),37.66,831.69,No
C-89a72bb9,Male,0,Yes,No,33,Yes,No phone service,DSL,No internet service,No,No,No,No,No,Month-to-month,Yes,Electronic check,23.9,798.1,Yes
C-74f4a783,Male,0,No,No,53,No,No phone service,Fiber optic,No,No internet service,Yes,No,No,Yes,Two year,Yes,Mailed check,53.54,2801.49,No
C-adfbea57,Male,0,No,No,61,Yes,No,Fiber optic,No,Yes,No internet service,No,Yes,No internet service,Month-to-month,No,Mailed check,46.94,2890.52,Yes
C-cf112f40,Female,0,Yes,No,67,Yes,Yes,Fiber optic,No,Yes,No,No,Yes,Yes,Month-to-month,Yes,Bank transfer (automatic),58.96,3955.3,No
C-747b0050,Male,0,Yes,No,7,Yes,Yes,No,No internet service,No internet service,No internet service,No internet service,No internet service,No internet service,One year,No,Electronic check,26.8,191.1,No
C-a3279b0a,Male,0,No,No,67,Yes,Yes,No,No internet service,No internet service,No internet service,No internet service,No internet service,No internet service,Month-to-month,Yes,Bank transfer (automatic),18.66,1289.69,No
C-9bf725a2,Female,0,No,No,18,Yes,Yes,Fiber optic,Yes,No internet service,No,No,No,Yes,Month-to-month,Yes,Bank transfer (automatic),53.72,966.09,No
C-f38fceb4,Male,0,No,No,23,Yes,Yes,Fiber optic,No,No,No,No,Yes,No,Month-to-month,Yes,Electronic check,43.0,1015.1,Yes
C-8f7c648f,Male,0,Yes,No,55,Yes,No,Fiber optic,No,Yes,No,Yes,Yes,Yes,One year,Yes,Credit card (automatic),61.4,3408.12,No
C-5b9c3764,Female,0,Yes,Yes,9,Yes,Yes,DSL,No internet service,No,No,No,No internet service,No,Month-to-month,No,Credit card (automatic),28.81,262.23,No
C-e8b0a4ec,Female,0,Yes,No,44,Yes,No,DSL,No,Yes,Yes,No internet service,Yes,No,Two year,No,Mailed check,42.12,1833.07,No
C-8a90dd93,Male,0,No,Yes,9,Yes,No,DSL,Yes,No,No,No,No,No,Month-to-month,Yes,Bank transfer (automatic),27.5,253.46,No
C-a044548e,Female,0,Yes,Yes,61,Yes,No phone service,DSL,Yes,Yes,Yes,No,No,No,Month-to-month,Yes,Electronic check,36.44,2250.84,No
C-7a5d294a,Male,0,No,No,17,Yes,No,Fiber optic,No,No,No,Yes,No,No,Month-to-month,Yes,Mailed check,38.47,700.0,Yes
C-70e42ca9,Male,0,No,Yes,16,Yes,No,DSL,No internet service,No internet service,No internet service,No,No,Yes,One year,No,Bank transfer (automatic),28.0,427.33,No
C-d26c7238,Female,0,No,No,10,Yes,No,No,No internet service,No internet service,No internet service,No internet service,No internet service,No internet service,Month-to-month,Yes,Mailed check,21.18,198.39,Yes
C-45ba30df,Male,0,No,No,67,Yes,Yes,Fiber optic,Yes,No,No,No,Yes,No,Month-to-month,No,Bank transfer (automatic),51.66,3493.3,Yes
C-dc45fb74,Male,0,No,Yes,58,Yes,No,No,No internet service,No internet service,No internet service,No internet service,No internet service,No internet service,Two year,No,Electronic check,19.74,1155.77,No
C-31088497,Female,0,Yes,No,70,Yes,No,Fiber optic,No,No,No,No,Yes,No,Month-to-month,No,Bank transfer (automatic),43.17,3002.49,Yes
C-d0e07ca6,Female,0,Yes,No,2,Yes,Yes,Fiber optic,No,No,No,Yes,No,Yes,One year,Yes,Credit card (automatic),57.98,79.78,No
C-ee1dff5d,Male,0,Yes,No,35,Yes,No,No,No internet service,No internet service,No internet service,No internet service,No internet service,No internet service,Two year,Yes,Bank transfer (automatic),18.0,620.9,No
C-f174f01c,Male,0,No,No,41,Yes,No,DSL,No internet service,Yes,No internet service,No,Yes,Yes,Two year,No,Credit card (automatic),36.63,1506.39,No
C-1d6280b9,Male,0,No,Yes,70,No,No phone service,Fiber optic,No,Yes,No,No,No,No,One year,Yes,Electronic check,48.53,3355.65,Yes
C-3c5be015,Female,0,No,No,72,Yes,Yes,Fiber optic,No internet service,Yes,Yes,Yes,Yes,Yes,Month-to-month,No,Electronic check,66.05,4768.28,Yes
C-5bd4ce89,Female,0,Yes,No,63,Yes,No,Fiber optic,Yes,No,No,No,Yes,Yes,Month-to-month,Yes,Credit card (automatic),57.42,3595.85,No
C-cdf1c790,Female,0,No,No,27,Yes,Yes,Fiber optic,Yes,Yes,No,No internet service,No,No,Two year,No,Credit card (automatic),51.41,1373.1,No
C-11821b2f,Female,0,No,No,72,Yes,Yes,Fiber optic,No internet service,Yes,No,No,Yes,No,Two year,No,Mailed check,52.6,3781.19,No
C-4c845e45,Male,1,Yes,No,44,Yes,Yes,Fiber optic,No,No,Yes,No,No,No,Month-to-month,Yes,Credit card (automatic),47.52,2119.06,No
C-04b5a84a,Male,0,No,Yes,50,Yes,No phone service,Fiber optic,No,No internet service,Yes,Yes,Yes,Yes,Month-to-month,No,Mailed check,56.58,2830.48,No
C-f6a241e7,Male,0,Yes,No,71,Yes,No phone service,Fiber optic,No internet service,No,Yes,No,Yes,Yes,Two year,No,Bank transfer (automatic),56.77,4032.66,No
C-1835deb6,Female,1,No,Yes,45,Yes,Yes,No,No internet service,No internet service,No internet service,No internet service,No internet service,No internet service,Month-to-month,Yes,Bank transfer (automatic),18.24,813.18,Yes
C-491bd5a1,Male,0,Yes,No,7,Yes,Yes,No,No internet service,No internet service,No internet service,No internet service,No internet service,No internet service,Month-to-month,Yes,Electronic check,21.7,156.53,Yes
C-fbdfc66f,Female,0,No,Yes,48,Yes,Yes,DSL,No,No,Yes,No,No,Yes,Two year,No,Mailed check,38.57,1866.82,No
C-ba0b19bf,Female,0,Yes,No,17,Yes,Yes,No,No internet service,No internet service,No internet service,No internet service,No internet service,No internet service,Month-to-month,Yes,Credit card (automatic),19.3,343.75,Yes
C-9a487aab,Female,0,Yes,No,68,Yes,No,Fiber optic,Yes,Yes,No,No,Yes,Yes,Month-to-month,No,Bank transfer (automatic),62.16,4206.47,No
C-c09e53ac,Female,0,Yes,No,13,Yes,No,Fiber optic,No,No,No internet service,No,Yes,No,Month-to-month,No,Mailed check,51.11,681.15,No
C-a32434f0,Male,0,Yes,Yes,32,Yes,No,Fiber optic,Yes,No,No internet service,Yes,No,Yes,Month-to-month,No,Electronic check,53.03,1688.92,No
C-959cf8db,Female,1,No,No,63,Yes,Yes,No,No internet service,No internet service,No internet service,No internet service,No internet service,No internet service,Month-to-month,Yes,Bank transfer (automatic),18.56,1150.12,No
C-376be6c8,Female,0,No,Yes,34,Yes,No,Fiber optic,Yes,No,No,Yes,Yes,Yes,Two year,No,Mailed check,64.53,2198.83,No
C-c2f703ae,Male,0,No,Yes,53,Yes,Yes,Fiber optic,No internet service,No,No,No internet service,Yes,No,Month-to-month,No,Electronic check,49.9,2641.41,Yes
C-d7bf955f,Male,0,No,No,65,Yes,Yes,DSL,Yes,No,No internet service,No,No,No,Month-to-month,No,Bank transfer (automatic),34.32,2191.47,No
C-dbf82dc8,Male,0,No,No,19,Yes,Yes,No,No internet service,No internet service,No internet service,No internet service,No internet service,No internet service,Two year,No,Credit card (automatic),24.03,468.11,No
C-dbd950ff,Female,0,No,No,31,Yes,No phone service,No,No internet service,No internet service,No internet service,No internet service,No internet service,No internet service,Two year,No,Electronic check,25.2,751.14,No
C-0f9a5d9a,Male,0,No,No,21,No,No phone service,DSL,No,No,No,No internet service,Yes,No,Two year,No,Bank transfer (automatic),31.23,659.23,No
C-02ed7a09,Female,0,Yes,Yes,39,Yes,No,Fiber optic,No,Yes,No,No,No internet service,No,Month-to-month,Yes,Mailed check,48.01,1846.07,No
C-8f048bdb,Female,0,No,Yes,11,Yes,Yes,Fiber optic,Yes,No,No,No internet service,No,No,Two year,Yes,Mailed check,53.11,583.08,No
C-e89e557b,Male,1,No,Yes,38,Yes,No,Fiber optic,Yes,No,No,No,Yes,No,Month-to-month,No,Mailed check,55.75,2121.35,Yes
C-e489fc4e,Male,0,No,No,21,Yes,No,Fiber optic,No,Yes,No,No,No,No,Month-to-month,Yes,Bank transfer (automatic),47.13,1004.95,Yes
C-87697783,Female,0,No,Yes,13,Yes,Yes,Fiber optic,No,No internet service,Yes,Yes,No,No,Month-to-month,Yes,Credit card (automatic),46.9,608.31,No
C-2d85cb3f,Male,0,No,Yes,48,Yes,Yes,DSL,No,Yes,Yes,Yes,No,Yes,One year,Yes,Credit card (automatic),46.33,2271.55,No
C-a9bfc157,Female,0,No,No,63,Yes,No,DSL,Yes,No,Yes,Yes,Yes,Yes,Month-to-month,Yes,Credit card (automatic),54.26,3437.52,Yes
C-678fb1f9,Male,0,Yes,Yes,70,Yes,No phone service,DSL,No,No,Yes,No,No,No,Two year,No,Electronic check,31.05,2171.04,No
C-16459478,Female,0,No,No,63,No,No phone service,Fiber optic,Yes,Yes,No,Yes,No,No,One year,Yes,Electronic check,57.4,3589.4,No
C-95046586,Male,0,Yes,No,29,No,No phone service,Fiber optic,No,No,No,No,No,Yes,Month-to-month,Yes,Electronic check,47.61,1407.07,No
C-87c3566c,Female,0,Yes,No,17,Yes,No,DSL,No,No,Yes,No,Yes,No,Two year,No,Electronic check,37.77,633.38,No
C-2d31db09,Female,0,Yes,No,24,Yes,No,Fiber optic,No,No,No,No,No,Yes,Two year,Yes,Electronic check,45.83,1097.76,Yes
C-d5e1b22f,Male,0,No,No,70,Yes,No,Fiber optic,No,No,No,No,Yes,Yes,Two year,Yes,Credit card (automatic),50.39,3572.74,No
C-30896c93,Female,0,Yes,No,28,No,No phone service,Fiber optic,No internet service,No,No,No,Yes,No,One year,No,Electronic check,47.65,1351.5,Yes
C-6030819e,Female,0,Yes,Yes,70,Yes,Yes,No,No internet service,No internet service,No internet service,No internet service,No internet service,No internet service,Month-to-month,Yes,Electronic check,18.0,1250.57,Yes
C-ef2585d7,Male,0,No,No,27,Yes,No,Fiber optic,No,No,No internet service,Yes,Yes,Yes,One year,No,Bank transfer (automatic),54.28,1478.62,No
C-66dc4e06,Male,0,Yes,No,68,No,No phone service,No,No internet service,No internet service,No internet service,No internet service,No internet service,No internet service,Month-to-month,No,Bank transfer (automatic),18.0,1221.18,No
C-742030e5,Female,0,No,No,14,Yes,No,Fiber optic,No,Yes,No,Yes,No,No,One year,Yes,Mailed check,46.61,625.27,Yes
C-d2a04231,Female,0,No,No,10,No,No phone service,DSL,No,Yes,No,Yes,No,No,One year,No,Credit card (automatic),41.01,433.51,No
C-1ba574d0,Male,0,Yes,No,23,Yes,Yes,Fiber optic,No,No,No internet service,No,Yes,No,Month-to-month,Yes,Bank transfer (automatic),40.27,910.42,No
C-9c289720,Female,0,No,No,38,Yes,Yes,Fiber optic,No,No,Yes,Yes,No,No,Month-to-month,Yes,Bank transfer (automatic),47.54,1848.08,No
C-a90439df,Male,0,No,No,47,Yes,No,No,No internet service,No internet service,No internet service,No internet service,No internet service,No internet service,Month-to-month,Yes,Bank transfer (automatic),22.53,1079.15,Yes
C-3546c6a6,Female,0,No,Yes,50,Yes,No,Fiber optic,No,No,No,No,Yes,No,Month-to-month,No,Credit card (automatic),46.32,2342.36,Yes
C-108380fe,Male,1,No,No,29,Yes,Yes,DSL,Yes,No,No,No,No,No,Two year,No,Bank transfer (automatic),28.39,862.04,No
C-28984fe1,Female,1,Yes,Yes,22,Yes,Yes,Fiber optic,No,No internet service,No,No internet service,No,No,Two year,Yes,Credit card (automatic),42.75,937.59,No
C-c93e0b92,Female,0,No,Yes,61,Yes,No,Fiber optic,No,No,No,No,No,No,One year,No,Credit card (automatic),34.66,2112.62,No
C-9ef7d57c,Female,0,No,No,44,Yes,No phone service,Fiber optic,No,No,Yes,No,No,No,One year,No,Electronic check,42.21,1861.95,No
C-b8c16dd4,Male,0,No,No,16,Yes,Yes,Fiber optic,No,Yes,Yes,Yes,Yes,Yes,Month-to-month,Yes,Bank transfer (automatic),64.58,1055.3,No
C-91e635b7,Male,0,Yes,No,69,No,No phone service,No,No internet service,No internet service,No internet service,No internet service,No internet service,No internet service,One year,Yes,Credit card (automatic),18.72,1293.06,No
C-f9aafe0d,Female,0,No,No,35,Yes,Yes,Fiber optic,No,No internet service,Yes,Yes,No internet service,Yes,One year,Yes,Electronic check,54.88,1917.03,No
C-0249a96d,Male,0,No,Yes,64,Yes,No phone service,Fiber optic,No,No,No,Yes,No internet service,Yes,One year,Yes,Bank transfer (automatic),51.96,3345.95,No
C-854226a0,Female,0,Yes,No,4,Yes,No,DSL,No internet service,No internet service,Yes,No,No,Yes,Month-to-month,No,Bank transfer (automatic),42.76,167.69,No
C-c6b66873,Female,0,No,Yes,44,Yes,Yes,No,No internet service,No internet service,No internet service,No internet service,No internet service,No internet service,Month-to-month,No,Mailed check,21.88,959.11,No
C-2efe7e6c,Female,0,No,Yes,10,Yes,No,DSL,No,No internet service,Yes,No,Yes,No internet service,Month-to-month,Yes,Electronic check,39.12,427.58,No
C-ac450862,Male,0,No,No,66,Yes,No,DSL,Yes,Yes,No internet service,Yes,Yes,No,Two year,No,Credit card (automatic),45.57,3042.36,No
C-0b72f589,Female,0,Yes,No,43,Yes,Yes,Fiber optic,No,No,No,No,No,Yes,Two year,Yes,Bank transfer (automatic),53.83,2323.3,No
C-26fd68b2,Female,1,Yes,No,57,Yes,No,Fiber optic,No,No,Yes,No,No,No,Two year,No,Bank transfer (automatic),44.38,2507.98,No
C-70848393,Male,1,No,No,0,Yes,No,DSL,No internet service,Yes,No,Yes,No,No,Two year,Yes,Mailed check,40.61,10.14,No
C-a6c7d1a6,Male,0,No,Yes,26,Yes,No phone service,Fiber optic,No,No,No,No internet service,No,Yes,Month-to-month,No,Bank transfer (automatic),47.53,1230.33,Yes
C-8330ba7a,Male,0,Yes,No,12,Yes,Yes,DSL,No,Yes,Yes,Yes,No internet service,No,Two year,No,Electronic check,37.84,415.58,Yes
C-1f693ff6,Male,0,No,No,42,Yes,No,No,No internet service,No internet service,No internet service,No internet service,No internet service,No internet service,Month-to-month,Yes,Credit card (automatic),22.86,967.44,Yes
C-b99e4add,Male,0,No,No,9,Yes,No phone service,Fiber optic,No,No,No,Yes,No,No,One year,No,Mailed check,45.45,395.2,No
C-3d904a3d,Male,0,Yes,No,20,Yes,No,Fiber optic,No,No,No,No,No,No,Two year,Yes,Bank transfer (automatic),47.48,947.76,Yes
C-9a0c0b8b,Male,0,Yes,Yes,54,Yes,No phone service,No,No internet service,No internet service,No internet service,No internet service,No internet service,No internet service,Two year,No,Electronic check,18.84,1015.2,No
C-aef69f0e,Male,0,No,No,56,Yes,No,DSL,No,No,No,No,No,No,Two year,No,Credit card (automatic),23.82,1305.64,No
C-18c7a1f2,Female,0,No,No,37,Yes,No,Fiber optic,No,No,Yes,No,Yes,No,Two year,No,Mailed check,50.44,1851.23,No
C-33fa4f5b,Male,0,No,No,40,Yes,Yes,DSL,No internet service,Yes,No,No,No,No,Two year,Yes,Credit card (automatic),32.98,1320.86,No
C-6600b342,Male,0,No,Yes,5,Yes,No phone service,DSL,Yes,No,No,No,Yes,No,Month-to-month,Yes,Credit card (automatic),33.06,143.98,Yes
C-4f8dfc27,Male,1,No,No,34,Yes,No phone service,Fiber optic,No,Yes,Yes,No,Yes,Yes,One year,Yes,Electronic check,57.9,1975.61,No
C-4276ead5,Male,0,Yes,Yes,48,Yes,Yes,No,No internet service,No internet service,No internet service,No internet service,No internet service,No internet service,Month-to-month,Yes,Credit card (automatic),21.75,1043.84,No
C-56de4991,Male,0,Yes,No,28,Yes,No,DSL,No,No internet service,No,No,No,No,Month-to-month,Yes,Electronic check,20.04,555.12,No
C-395f0fc2,Male,0,Yes,Yes,32,Yes,Yes,DSL,No,No,No,No,No,No,Month-to-month,Yes,Electronic check,25.59,828.04,No
C-e66257de,Male,0,No,Yes,34,Yes,Yes,Fiber optic,No,No internet service,No,No,No,No,Month-to-month,Yes,Mailed check,42.79,1436.27,No
C-c4415cd4,Female,0,No,No,20,Yes,Yes,DSL,Yes,No,Yes,Yes,No,Yes,Two year,Yes,Credit card (automatic),41.08,806.29,No
C-d7d99415,Male,0,Yes,No,45,No,No phone service,DSL,No,No,Yes,No,No internet service,No,Month-to-month,Yes,Mailed check,33.6,1479.73,No
C-fe63a332,Female,1,Yes,No,4,Yes,No,Fiber optic,No,Yes,No internet service,No internet service,No internet service,No,Month-to-month,Yes,Mailed check,42.72,188.39,Yes
C-765b4dcb,Male,1,Yes,No,21,Yes,No,DSL,No,No,No,No internet service,No internet service,Yes,Two year,No,Electronic check,24.51,530.42,No
C-9863613d,Female,0,Yes,No,68,Yes,Yes,Fiber optic,No,Yes,No,No,No,Yes,Month-to-month,No,Mailed check,53.29,3607.12,No
C-7f4302c3,Male,0,Yes,No,38,Yes,Yes,DSL,Yes,No,Yes,Yes,No,Yes,Two year,Yes,Electronic check,44.72,1719.34,No
C-4451ee59,Male,1,No,Yes,28,Yes,No,DSL,Yes,No,No,No,Yes,No internet service,Month-to-month,No,Electronic check,36.43,1017.94,Yes
C-1b4fd59d,Female,0,Yes,No,19,Yes,Yes,Fiber optic,No,No,No,No,No,Yes,Two year,Yes,Credit card (automatic),50.8,941.47,No
C-57937f90,Male,0,Yes,No,56,Yes,Yes,Fiber optic,Yes,No,No,No,No internet service,No,One year,No,Credit card (automatic),50.78,2844.88,Yes
C-4a10fd1b,Male,0,Yes,No,62,Yes,No,DSL,No,No,Yes,No,No,No,Two year,Yes,Electronic check,33.78,2047.57,No
C-7e27a6ea,Male,0,Yes,Yes,47,Yes,Yes,DSL,Yes,Yes,No,Yes,No,No,Two year,No,Electronic check,38.13,1772.6,No
C-6cc3a47c,Female,0,Yes,No,10,Yes,No,DSL,Yes,No,No,No,No,No,Month-to-month,No,Bank transfer (automatic),27.85,268.31,Yes
C-18f772c6,Male,1,No,No,13,Yes,Yes,No,No internet service,No internet service,No internet service,No internet service,No internet service,No internet service,Month-to-month,Yes,Credit card (automatic),20.69,247.25,Yes
C-e279efa7,Female,0,No,No,62,Yes,Yes,Fiber optic,No,No,No,No,No,No,Month-to-month,No,Electronic check,39.99,2457.58,Yes
C-07d59a58,Female,0,Yes,No,33,Yes,No,DSL,Yes,No,Yes,No,No,No,One year,Yes,Electronic check,34.97,1159.33,Yes
C-1392774b,Male,1,Yes,Yes,47,Yes,No,Fiber optic,No,No,No,No,No,Yes,One year,Yes,Mailed check,41.35,1927.57,No
C-cb9a1889,Male,1,Yes,No,0,Yes,No phone service,No,No internet service,No internet service,No internet service,No internet service,No internet service,No internet service,Month-to-month,Yes,Credit card (automatic),18.0,23.86,Yes
C-a1f084de,Male,0,Yes,No,34,Yes,Yes,No,No internet service,No internet service,No internet service,No internet service,No internet service,No internet service,Month-to-month,Yes,Electronic check,20.39,668.27,Yes
C-09396e96,Male,1,No,No,72,Yes,Yes,DSL,No,No,No internet service,No,No,Yes,Month-to-month,Yes,Mailed check,31.63,2273.94,Yes
C-101fef2f,Female,0,Yes,No,11,Yes,No,Fiber optic,No,No,Yes,No,No,Yes,Two year,Yes,Electronic check,51.08,591.87,No
C-43fd16c8,Female,0,No,No,11,Yes,No,DSL,No,No,Yes,No,No,Yes,Two year,Yes,Electronic check,34.77,386.18,No
C-2eda661a,Female,0,No,No,30,Yes,No,Fiber optic,No,No internet service,Yes,Yes,Yes,No,Month-to-month,Yes,Mailed check,57.16,1710.23,No
C-5c3792ab,Female,0,Yes,No,16,Yes,No,DSL,No,No,No,Yes,No,Yes,Month-to-month,Yes,Mailed check,39.82,653.62,No
C-f522c390,Male,0,Yes,No,34,Yes,No,Fiber optic,No,No internet service,No,No,Yes,No,Two year,Yes,Credit card (automatic),40.99,1417.77,No
C-4cd64101,Male,0,No,No,45,No,No phone service,No,No internet service,No internet service,No internet service,No internet service,No internet service,No internet service,Two year,No,Electronic check,23.34,1052.95,No
C-4947bf3d,Female,0,No,No,17,Yes,Yes,Fiber optic,No,No,Yes,No,No,No,Month-to-month,No,Electronic check,45.56,760.5,No
C-ed39847b,Female,0,Yes,No,48,Yes,Yes,No,No internet service,No internet service,No internet service,No internet service,No internet service,No internet service,One year,No,Mailed check,21.22,1041.48,No
C-546a456a,Male,0,No,No,11,Yes,Yes,Fiber optic,No,Yes,No,No,No,No internet service,Month-to-month,Yes,Electronic check,46.15,521.69,No
C-8d7d26dd,Female,0,Yes,No,2,No,No phone service,No,No internet service,No internet service,No internet service,No internet service,No internet service,No internet service,Month-to-month,Yes,Mailed check,22.96,74.25,Yes
C-f5d2cde2,Female,0,No,Yes,53,Yes,No phone service,Fiber optic,Yes,No internet service,Yes,No,No,Yes,Month-to-month,No,Credit card (automatic),60.31,3151.26,Yes
C-7dfdcd5f,Male,1,No,No,22,Yes,Yes,DSL,No,No,Yes,No,Yes,No internet service,Month-to-month,Yes,Bank transfer (automatic),33.24,732.45,Yes
C-04201109,Female,1,Yes,Yes,53,Yes,Yes,Fiber optic,No internet service,No,No,No,Yes,No,One year,Yes,Bank transfer (automatic),47.78,2537.86,Yes
C-e88db429,Male,0,No,No,10,Yes,No,Fiber optic,Yes,No,No,No,Yes,No,Month-to-month,No,Electronic check,51.75,518.5,Yes
C-8d074de9,Male,1,No,Yes,35,Yes,No phone service,Fiber optic,No,Yes,No,No internet service,Yes,No,One year,Yes,Credit card (automatic),51.35,1796.34,No
C-a1905df9,Male,0,Yes,Yes,0,Yes,No,Fiber optic,No internet service,Yes,No,Yes,Yes,No,Month-to-month,Yes,Mailed check,58.83,5.37,Yes
C-92d246b7,Male,1,No,No,29,Yes,Yes,DSL,No,No,Yes,Yes,No,Yes,One year,No,Electronic check,39.48,1171.66,No
C-d72c53d7,Male,0,No,No,31,Yes,No phone service,Fiber optic,No,Yes,Yes,No,No internet service,No,Two year,Yes,Electronic check,51.87,1551.75,No
C-8985fd90,Male,0,Yes,No,62,Yes,Yes,Fiber optic,No,No,No,No,No,No internet service,One year,Yes,Mailed check,38.17,2336.31,No
C-88123117,Male,1,Yes,Yes,15,Yes,Yes,Fiber optic,No,No,Yes,No internet service,No,No internet service,Month-to-month,No,Mailed check,41.96,613.56,Yes
C-8bca5c2c,Male,0,Yes,Yes,66,Yes,Yes,No,No internet service,No internet service,No internet service,No internet service,No internet service,No internet service,Month-to-month,Yes,Mailed check,21.38,1405.23,No
C-eb7cbba8,Female,0,Yes,No,37,Yes,No,No,No internet service,No internet service,No internet service,No internet service,No internet service,No internet service,Two year,No,Bank transfer (automatic),24.62,900.95,No
C-91765485,Female,0,No,Yes,6,Yes,Yes,Fiber optic,No,No,No,No,No,No,Month-to-month,Yes,Electronic check,42.54,289.55,Yes
C-e90c262f,Female,0,Yes,Yes,57,Yes,No phone service,Fiber optic,No,Yes,No,Yes,No internet service,No,One year,No,Electronic check,49.52,2805.01,No
C-4ab95417,Female,0,Yes,No,55,Yes,No,DSL,No,Yes,Yes,No,No,Yes,Two year,No,Electronic check,37.21,2056.31,No
C-3930db90,Male,0,No,No,0,Yes,Yes,Fiber optic,No,No,No,Yes,Yes,No internet service,Two year,Yes,Mailed check,49.43,0.0,No
C-742771f5,Female,0,No,No,35,Yes,No,DSL,Yes,No,No,No internet service,No,Yes,Month-to-month,No,Mailed check,38.53,1364.66,No
C-baf3b634,Male,0,No,No,58,Yes,Yes,Fiber optic,No,No internet service,Yes,Yes,No,No,Month-to-month,No,Credit card (automatic),51.57,2988.76,Yes
C-7f07d733,Male,0,Yes,Yes,15,Yes,Yes,DSL,No,No internet service,No internet service,No,No,No,Two year,Yes,Bank transfer (automatic),25.85,384.78,No
C-27ef1984,Male,1,Yes,No,3,Yes,Yes,No,No internet service,No internet service,No internet service,No internet service,No internet service,No internet service,One year,Yes,Bank transfer (automatic),21.83,38.85,No
C-22f0e372,Female,0,No,Yes,33,Yes,No,No,No internet service,No internet service,No internet service,No internet service,No internet service,No internet service,One year,Yes,Mailed check,20.33,667.35,No
C-009fb252,Male,0,No,Yes,35,Yes,No phone service,Fiber optic,No,No,No,No,Yes,Yes,One year,Yes,Credit card (automatic),52.47,1831.94,Yes
C-caf57647,Female,0,No,No,36,Yes,No phone service,Fiber optic,Yes,Yes,No,Yes,No,Yes,Month-to-month,Yes,Mailed check,60.13,2172.2,Yes
C-a4e91b82,Male,0,Yes,No,71,Yes,No phone service,Fiber optic,No,No internet service,Yes,Yes,No,No,Two year,Yes,Bank transfer (automatic),47.13,3380.96,No
C-21f933d6,Male,1,No,No,32,Yes,No phone service,Fiber optic,No,No,Yes,Yes,No,No,Month-to-month,No,Electronic check,55.28,1771.63,No
C-09ca3968,Female,0,No,No,19,Yes,Yes,DSL,No,Yes,Yes,No,No,No,Month-to-month,Yes,Credit card (automatic),30.56,545.25,No
C-209eadff,Female,1,No,No,45,Yes,No,Fiber optic,No,No,No,Yes,No,No,Month-to-month,Yes,Credit card (automatic),48.82,2194.83,No
C-b33d1fbc,Female,0,No,Yes,12,Yes,Yes,Fiber optic,Yes,Yes,Yes,No,Yes,No,Month-to-month,Yes,Electronic check,59.06,702.94,No
C-182bcd59,Female,0,No,No,70,No,No phone service,Fiber optic,No,No,No,No,No,No,Month-to-month,Yes,Electronic check,35.82,2488.41,Yes
C-caa808a3,Female,0,No,No,59,No,No phone service,DSL,Yes,No,No,Yes,No,No,Two year,Yes,Electronic check,33.53,1997.13,No
C-248753d6,Male,1,Yes,No,51,Yes,No phone service,No,No internet service,No internet service,No internet service,No internet service,No internet service,No internet service,Two year,Yes,Electronic check,22.71,1117.36,No
C-05cc3d54,Female,0,Yes,No,49,Yes,Yes,DSL,No,No,No,No,No,Yes,Two year,Yes,Electronic check,29.48,1418.84,No
C-67389a2a,Male,0,Yes,Yes,72,Yes,No phone service,Fiber optic,Yes,No,No,No internet service,No,No,Month-to-month,No,Mailed check,46.44,3319.39,No
C-d2e00eea,Male,0,Yes,Yes,13,Yes,No,No,No internet service,No internet service,No internet service,No internet service,No internet service,No internet service,Month-to-month,No,Bank transfer (automatic),19.53,245.01,Yes
C-c0eba538,Male,0,No,Yes,2,Yes,No,Fiber optic,No,No,No,Yes,No,Yes,Month-to-month,No,Credit card (automatic),48.76,80.02,Yes
C-81a654bd,Female,1,Yes,No,17,Yes,Yes,DSL,No,Yes,No,No internet service,Yes,Yes,Month-to-month,No,Electronic check,42.34,687.09,Yes
C-997e1518,Male,0,Yes,No,37,Yes,No,Fiber optic,Yes,No,Yes,Yes,No internet service,No,Two year,Yes,Electronic check,59.31,2200.13,No
C-abef9578,Female,0,No,No,65,Yes,No,DSL,Yes,No,No,No,No,No,Month-to-month,Yes,Mailed check,31.85,2083.16,No
C-98989faa,Female,0,No,Yes,42,Yes,No,Fiber optic,Yes,Yes,Yes,No,Yes,No,Month-to-month,Yes,Bank transfer (automatic),64.8,2739.82,No
C-784bc6c4,Male,0,No,No,46,Yes,No,DSL,No,No,No,Yes,Yes,No,Month-to-month,No,Electronic check,35.74,1617.68,Yes
C-d625c8cf,Male,0,Yes,Yes,25,Yes,No,Fiber optic,No internet service,No,No,No,No,No,Two year,Yes,Electronic check,37.62,953.64,No
C-d7f3a9aa,Male,0,No,Yes,12,Yes,No,Fiber optic,No internet service,No,No,Yes,No,No internet service,One year,No,Electronic check,39.29,447.54,No
C-ce48b75e,Male,0,No,No,39,Yes,Yes,DSL,No,Yes,Yes,No,Yes,No,Month-to-month,No,Bank transfer (automatic),39.66,1544.78,No
C-b95e9734,Male,0,No,Yes,47,Yes,No,DSL,No,No,No,No internet service,No,Yes,Month-to-month,Yes,Electronic check,32.64,1533.19,Yes
C-dc17d61f,Female,1,No,No,39,Yes,No,Fiber optic,No,No,No,No,No,Yes,Month-to-month,Yes,Credit card (automatic),48.63,1892.35,No
C-353a2faf,Female,0,No,Yes,58,Yes,No,Fiber optic,No,No,Yes,Yes,No,Yes,Month-to-month,No,Bank transfer (automatic),58.26,3411.16,No
C-030a334f,Female,0,Yes,No,12,Yes,No phone service,Fiber optic,No,No,Yes,No internet service,Yes,Yes,Month-to-month,Yes,Credit card (automatic),59.33,692.16,Yes
C-8e616a7c,Male,0,No,No,34,Yes,No,DSL,Yes,Yes,No internet service,No internet service,Yes,Yes,Two year,No,Mailed check,47.41,1599.74,No
C-19fdc149,Male,0,No,No,8,Yes,Yes,No,No internet service,No internet service,No internet service,No internet service,No internet service,No internet service,Month-to-month,Yes,Electronic check,24.49,200.5,Yes
C-9efb41ee,Male,0,No,No,6,Yes,No,DSL,No,Yes,Yes,No,No,No,Two year,No,Mailed check,31.68,181.21,No
C-c0983f87,Male,0,No,No,20,No,No phone service,DSL,No,No internet service,Yes,No,Yes,Yes,Month-to-month,No,Electronic check,41.55,828.43,No
C-ba1bf653,Male,0,Yes,No,35,Yes,Yes,No,No internet service,No internet service,No internet service,No internet service,No internet service,No internet service,Month-to-month,Yes,Credit card (automatic),25.6,895.13,Yes
C-f0de0227,Male,0,No,Yes,16,Yes,No,DSL,No,No internet service,Yes,No,Yes,No,Month-to-month,No,Electronic check,30.24,476.44,No
C-473604e3,Male,0,No,Yes,41,Yes,Yes,Fiber optic,No,No,Yes,No,No internet service,No,Two year,Yes,Electronic check,45.03,1844.6,No
C-18dbf073,Female,0,Yes,Yes,19,Yes,Yes,Fiber optic,No,No,No,Yes,No,Yes,One year,No,Electronic check,49.67,946.94,No
C-4af4b0a3,Male,0,No,Yes,27,Yes,Yes,No,No internet service,No internet service,No internet service,No internet service,No internet service,No internet service,Month-to-month,Yes,Electronic check,18.0,484.27,Yes
C-cafcb618,Male,0,No,Yes,64,Yes,No phone service,DSL,No,No,No,No,Yes,Yes,Month-to-month,No,Mailed check,33.92,2164.82,Yes
C-b6554f66,Male,0,No,No,40,Yes,Yes,No,No internet service,No internet service,No internet service,No internet service,No internet service,No internet service,Month-to-month,Yes,Electronic check,18.24,706.61,No
C-69e9f394,Female,0,Yes,No,35,Yes,No phone service,DSL,No,No,Yes,No,No,Yes,Two year,No,Mailed check,36.15,1250.33,No
C-573ed6c7,Female,0,No,Yes,23,Yes,No,DSL,Yes,No,Yes,No,Yes,No,One year,No,Credit card (automatic),39.37,916.07,No
C-354bea04,Female,0,No,No,68,Yes,No,Fiber optic,No,Yes,No,No,Yes,Yes,Month-to-month,Yes,Credit card (automatic),59.92,4074.06,Yes
C-cc9ee1f7,Male,1,No,No,59,Yes,Yes,DSL,No,Yes,Yes,No internet service,Yes,Yes,Two year,No,Mailed check,47.56,2813.99,No
C-3e598ae8,Male,0,Yes,No,46,Yes,No phone service,DSL,No,Yes,Yes,No,No,Yes,Month-to-month,No,Electronic check,44.6,2061.0,No
C-11758c94,Male,0,Yes,Yes,16,Yes,No phone service,DSL,No,Yes,No,Yes,No internet service,Yes,Month-to-month,Yes,Credit card (automatic),39.51,626.89,Yes
C-6008b0bb,Male,0,No,No,72,Yes,No phone service,No,No internet service,No internet service,No internet service,No internet service,No internet service,No internet service,One year,Yes,Electronic check,27.64,1984.94,No
C-cd62c5f2,Female,1,Yes,No,46,Yes,Yes,No,No internet service,No internet service,No internet service,No internet service,No internet service,No internet service,Month-to-month,Yes,Electronic check,18.0,828.58,No
C-71d31dfc,Male,0,Yes,No,42,Yes,Yes,DSL,No,Yes,Yes,No,Yes,No internet service,Month-to-month,No,Bank transfer (automatic),39.31,1591.21,Yes
C-cfe2972b,Female,0,Yes,No,34,Yes,Yes,No,No internet service,No internet service,No internet service,No internet service,No internet service,No internet service,One year,No,Electronic check,24.78,849.46,No
C-e9606b35,Male,0,No,Yes,34,Yes,Yes,Fiber optic,No,Yes,No,No,No,No internet service,One year,Yes,Credit card (automatic),44.25,1539.98,No
C-8c1a9453,Male,0,Yes,No,53,Yes,No phone service,Fiber optic,No,No,No,Yes,No,No internet service,Month-to-month,No,Bank transfer (automatic),44.58,2326.6,No
C-c4a4b170,Female,0,Yes,No,37,Yes,Yes,Fiber optic,No internet service,No,Yes,No,No,Yes,One year,Yes,Bank transfer (automatic),49.93,1857.5,No
C-a22c5c18,Male,0,Yes,No,7,Yes,No,DSL,No,No,No,Yes,Yes,No,One year,Yes,Electronic check,32.14,201.59,No
C-1983f1b2,Female,0,No,No,12,Yes,No,Fiber optic,No,No,No,No,Yes,No,Two year,Yes,Bank transfer (automatic),46.88,571.95,No
C-41705d31,Female,0,No,No,54,Yes,No,Fiber optic,No,Yes,Yes,No,No,No,Two year,Yes,Credit card (automatic),48.67,2639.21,No
C-d13990fb,Female,0,Yes,No,40,Yes,Yes,Fiber optic,Yes,No,Yes,Yes,Yes,Yes,Month-to-month,Yes,Bank transfer (automatic),66.59,2696.01,Yes
C-21e022ed,Female,0,Yes,No,51,Yes,No,Fiber optic,No,No internet service,No,No,Yes,No,Month-to-month,Yes,Credit card (automatic),47.64,2433.74,Yes
C-bf063551,Male,1,Yes,No,62,Yes,No,DSL,Yes,No,No,Yes,No,No,One year,No,Bank transfer (automatic),38.0,2376.06,No
C-cb480390,Female,0,Yes,Yes,52,Yes,Yes,Fiber optic,Yes,No,Yes,Yes,Yes,No,Month-to-month,Yes,Credit card (automatic),60.42,3134.65,No
C-f32790b2,Male,0,No,Yes,42,Yes,No,No,No internet service,No internet service,No internet service,No internet service,No internet service,No internet service,Month-to-month,Yes,Bank transfer (automatic),18.0,759.29,Yes
C-baa438ab,Male,0,No,Yes,30,Yes,Yes,No,No internet service,No internet service,No internet service,No internet service,No internet service,No internet service,Two year,No,Electronic check,18.55,554.36,No
C-eb2ecd91,Male,0,No,No,61,Yes,No phone service,Fiber optic,No,No,No internet service,No,No,No,Two year,Yes,Bank transfer (automatic),39.32,2399.73,No
C-d74e4718,Female,0,No,Yes,14,Yes,No phone service,Fiber optic,Yes,Yes,No,No,Yes,No,Month-to-month,Yes,Credit card (automatic),56.46,819.42,Yes
C-06e293ae,Female,0,No,No,5,Yes,No,DSL,No,No,No internet service,Yes,No internet service,No,Month-to-month,No,Credit card (automatic),32.67,163.32,Yes
C-40ba63b2,Female,1,Yes,No,4,No,No phone service,DSL,No,No,No,Yes,No,No internet service,Month-to-month,Yes,Bank transfer (automatic),31.14,113.43,Yes
C-4aa74edb,Male,0,No,No,36,Yes,Yes,Fiber optic,No,No,Yes,No internet service,No,Yes,Month-to-month,No,Bank transfer (automatic),53.07,1913.34,No
C-d6874435,Male,0,No,No,71,Yes,No,DSL,No,No,No,No,No,No,Two year,No,Electronic check,26.06,1831.57,No
C-73908530,Male,0,No,Yes,9,Yes,No,Fiber optic,No,No internet service,Yes,Yes,No,Yes,Month-to-month,Yes,Electronic check,54.19,510.04,Yes
C-859ce392,Male,0,Yes,Yes,5,Yes,Yes,DSL,No,No,No,No internet service,No,Yes,One year,Yes,Credit card (automatic),36.6,177.59,Yes
C-722374d4,Female,0,Yes,No,64,Yes,No,DSL,No internet service,Yes,No,No,No,Yes,One year,Yes,Bank transfer (automatic),28.52,1817.61,No
C-908e43d3,Female,0,No,No,4,Yes,No,Fiber optic,Yes,No,No,No,No,No,One year,No,Credit card (automatic),46.62,196.49,No
C-2433066f,Female,0,Yes,Yes,4,Yes,Yes,No,No internet service,No internet service,No internet service,No internet service,No internet service,No internet service,Two year,Yes,Mailed check,21.28,95.53,No
C-e406697b,Female,0,Yes,No,9,Yes,No phone service,DSL,No,No,Yes,No,Yes,No,Month-to-month,No,Bank transfer (automatic),36.97,320.34,Yes
C-d3e772ff,Female,0,Yes,No,72,Yes,Yes,Fiber optic,No,No,No,No,Yes,Yes,Month-to-month,No,Bank transfer (automatic),50.47,3669.79,Yes
C-44b41da5,Male,0,Yes,No,29,Yes,No,Fiber optic,Yes,No,Yes,Yes,Yes,No,Month-to-month,Yes,Credit card (automatic),66.64,1921.89,No
C-5faa7fdd,Female,0,Yes,No,35,Yes,No,No,No internet service,No internet service,No internet service,No internet service,No internet service,No internet service,Month-to-month,Yes,Electronic check,18.0,622.08,Yes
C-74c0890f,Female,0,Yes,No,48,Yes,No,Fiber optic,Yes,No,No,Yes,Yes,No,Month-to-month,No,Credit card (automatic),56.37,2720.21,No
C-23d04526,Female,0,Yes,No,23,Yes,No,No,No internet service,No internet service,No internet service,No internet service,No internet service,No internet service,Month-to-month,Yes,Mailed check,20.79,487.69,No
C-15044198,Female,1,No,No,27,No,No phone service,No,No internet service,No internet service,No internet service,No internet service,No internet service,No internet service,Month-to-month,No,Credit card (automatic),18.95,520.23,No
C-0a0245e7,Male,0,No,No,51,Yes,No phone service,No,No internet service,No internet service,No internet service,No internet service,No internet service,No internet service,One year,No,Credit card (automatic),18.0,905.33,No
C-6bb0d4a8,Male,1,No,No,40,No,No phone service,DSL,No,Yes,No,No internet service,No,No,Month-to-month,Yes,Mailed check,33.34,1359.34,No
C-a2ea1ebd,Male,0,No,Yes,14,No,No phone service,DSL,No,No internet service,Yes,No,No,Yes,One year,Yes,Credit card (automatic),37.09,512.75,No
C-a98dbdd7,Female,0,Yes,No,10,Yes,No,DSL,Yes,No,No internet service,No internet service,Yes,No,One year,No,Bank transfer (automatic),33.76,348.76,No
C-5decfac7,Male,0,No,Yes,14,Yes,No phone service,No,No internet service,No internet service,No internet service,No internet service,No internet service,No internet service,Month-to-month,Yes,Mailed check,22.6,356.53,No
C-1ba6a098,Female,0,No,No,7,Yes,No,DSL,No,No,Yes,Yes,No,Yes,Two year,Yes,Mailed check,41.4,303.71,No
C-77a10568,Female,1,No,No,67,Yes,No,Fiber optic,No,No,No,No internet service,No,No,Two year,No,Electronic check,39.45,2627.46,No
C-80aef447,Female,0,Yes,No,41,Yes,Yes,No,No internet service,No internet service,No internet service,No internet service,No internet service,No internet service,Two year,No,Mailed check,18.0,756.95,No
C-dfb59d31,Female,0,Yes,Yes,43,No,No phone service,DSL,No,No,Yes,No,Yes,Yes,One year,No,Electronic check,41.91,1804.19,No
C-9ac480f8,Male,0,No,No,16,No,No phone service,Fiber optic,No,No,No,No,Yes,Yes,Month-to-month,Yes,Electronic check,52.25,817.83,No
C-57de3494,Female,0,Yes,Yes,23,Yes,No phone service,DSL,No,No,No,No,No internet service,No,One year,Yes,Bank transfer (automatic),23.77,525.81,No
C-e9a0c386,Male,0,Yes,No,34,Yes,Yes,Fiber optic,Yes,No,No,No,Yes,No,Two year,No,Bank transfer (automatic),54.24,1824.71,No
C-82542bc9,Male,0,Yes,No,15,Yes,Yes,Fiber optic,Yes,Yes,No,No,No internet service,No,Month-to-month,Yes,Bank transfer (automatic),49.93,746.43,Yes
C-f6768023,Male,0,No,Yes,5,Yes,No,DSL,No,No internet service,No,No,No internet service,No,Month-to-month,Yes,Bank transfer (automatic),23.25,114.3,Yes
C-38655603,Female,0,No,No,68,Yes,No,DSL,No,Yes,No,No,Yes,No,Two year,Yes,Electronic check,37.69,2595.26,No
C-c62bf555,Female,0,No,No,49,Yes,No phone service,DSL,No,Yes,No,No,No,No,Month-to-month,Yes,Bank transfer (automatic),22.23,1054.49,No
C-d7c82cbf,Female,0,No,No,48,Yes,No,Fiber optic,No,No,No,No,No,No,One year,No,Electronic check,39.19,1860.62,No
C-be2d2f5a,Male,0,Yes,No,47,Yes,No,No,No internet service,No internet service,No internet service,No internet service,No internet service,No internet service,One year,No,Credit card (automatic),18.1,820.13,No
C-720cb375,Female,1,No,No,60,Yes,No,No,No internet service,No internet service,No internet service,No internet service,No internet service,No internet service,Two year,Yes,Mailed check,27.27,1597.56,No
C-e132d295,Female,0,No,No,50,Yes,Yes,DSL,Yes,Yes,No,Yes,No,No,One year,Yes,Electronic check,40.5,2061.97,No
C-cd253a1b,Female,0,Yes,No,28,Yes,Yes,DSL,No,No,No internet service,No,No,Yes,Month-to-month,Yes,Bank transfer (automatic),30.38,849.88,Yes
C-98ab6c3a,Female,0,Yes,Yes,11,Yes,No,DSL,Yes,Yes,No,No internet service,No,No,One year,No,Bank transfer (automatic),38.58,470.7,Yes
C-d400f952,Female,0,No,Yes,66,Yes,Yes,DSL,No,No,Yes,No internet service,Yes,Yes,Month-to-month,Yes,Bank transfer (automatic),44.11,2887.57,No
C-03f30f45,Female,0,Yes,No,70,Yes,No,No,No internet service,No internet service,No internet service,No internet service,No internet service,No internet service,Month-to-month,No,Bank transfer (automatic),23.32,1622.62,No
C-9f486940,Male,0,No,Yes,7,Yes,No phone service,DSL,No internet service,Yes,No,No,Yes,No,One year,Yes,Bank transfer (automatic),38.21,266.3,No
C-770b3476,Female,0,Yes,No,13,Yes,Yes,Fiber optic,No,Yes,Yes,Yes,Yes,No,One year,Yes,Electronic check,62.5,794.73,No
C-9941494f,Female,0,No,Yes,23,Yes,Yes,Fiber optic,No,No,No internet service,No,No internet service,Yes,Two year,Yes,Electronic check,44.9,1067.48,No
C-ef0791e6,Female,1,Yes,No,70,Yes,No,No,No internet service,No internet service,No internet service,No internet service,No internet service,No internet service,One year,Yes,Electronic check,20.55,1482.7,No
C-046289b8,Male,0,Yes,No,60,Yes,No,Fiber optic,No,Yes,No,No,No internet service,Yes,One year,Yes,Bank transfer (automatic),52.72,3163.24,No
C-f9e33150,Male,0,No,No,1,Yes,Yes,Fiber optic,No,Yes,No internet service,No,No internet service,Yes,Month-to-month,Yes,Mailed check,50.92,91.02,Yes
C-da53eb37,Female,0,No,No,20,Yes,No,Fiber optic,No internet service,No,No internet service,No,No,No,Two year,No,Bank transfer (automatic),42.61,872.0,No
C-228138a9,Female,1,No,No,9,Yes,No phone service,No,No internet service,No internet service,No internet service,No internet service,No internet service,No internet service,One year,No,Bank transfer (automatic),19.87,176.59,No
C-2613fc14,Male,0,Yes,Yes,12,Yes,Yes,Fiber optic,No,Yes,Yes,No,No,No,Two year,Yes,Credit card (automatic),52.13,612.13,No
C-770f9401,Male,0,No,No,39,Yes,No phone service,Fiber optic,No,No,Yes,No,Yes,Yes,Month-to-month,Yes,Electronic check,56.58,2234.21,Yes
C-0d63291c,Female,0,No,No,47,Yes,Yes,No,No internet service,No internet service,No internet service,No internet service,No internet service,No internet service,Month-to-month,No,Credit card (automatic),20.13,948.37,No
C-24096ecd,Male,0,Yes,No,30,Yes,No,DSL,Yes,No,No internet service,No,Yes,Yes,Two year,Yes,Electronic check,44.75,1299.25,No
C-f804e654,Male,0,Yes,No,71,Yes,No,DSL,No,No internet service,No,No internet service,No,Yes,Two year,No,Electronic check,31.88,2246.4,No
C-1e9d432b,Female,0,Yes,No,22,Yes,No phone service,Fiber optic,No,No,No,No,No,No,Month-to-month,Yes,Electronic check,43.57,964.66,No
C-c2b2c517,Female,0,Yes,No,68,No,No phone service,Fiber optic,Yes,No,No,Yes,Yes,No,One year,Yes,Electronic check,55.87,3807.54,No
C-e506f960,Female,0,No,No,30,Yes,No phone service,Fiber optic,No,No,No,No,Yes,Yes,Month-to-month,No,Bank transfer (automatic),48.55,1466.65,Yes
C-00ebe365,Female,0,No,No,22,Yes,No,DSL,No,Yes,Yes,No,No,No,Month-to-month,Yes,Electronic check,31.6,700.41,No
C-3aaa7c04,Male,0,Yes,No,52,Yes,Yes,Fiber optic,Yes,Yes,Yes,Yes,Yes,Yes,One year,No,Bank transfer (automatic),73.89,3807.7,No
C-4ef731f6,Male,0,No,Yes,28,Yes,No,DSL,No,Yes,No internet service,No,Yes,No,Month-to-month,No,Electronic check,34.7,967.25,No
C-fa0ca83d,Male,0,No,No,53,Yes,No,Fiber optic,No,Yes,No,Yes,No internet service,Yes,Month-to-month,No,Bank transfer (automatic),55.75,2955.48,No
C-1d340202,Female,0,No,No,13,Yes,Yes,No,No internet service,No internet service,No internet service,No internet service,No internet service,No internet service,One year,Yes,Mailed check,19.79,255.56,No
C-99f96e4b,Female,1,No,No,63,Yes,Yes,DSL,No,Yes,No,No,Yes,Yes,Month-to-month,Yes,Credit card (automatic),40.96,2568.82,Yes
C-d019c6c4,Male,0,Yes,No,34,Yes,Yes,DSL,No internet service,Yes,Yes,No internet service,No,No,One year,No,Bank transfer (automatic),31.67,1099.75,No
C-b27c3366,Male,0,Yes,No,12,Yes,No,Fiber optic,No,No,Yes,Yes,No,No,One year,Yes,Electronic check,48.3,582.89,No
C-d554f040,Female,0,No,Yes,14,Yes,Yes,DSL,No,No,No,No,Yes,No internet service,Two year,Yes,Electronic check,31.17,488.57,No
C-a5836411,Female,0,No,No,36,Yes,No,DSL,No,No,No,Yes,No,Yes,Two year,No,Electronic check,36.89,1337.18,No
C-12cc2c4e,Female,1,Yes,Yes,39,No,No phone service,DSL,No,Yes,No,No,Yes,No,Month-to-month,No,Electronic check,35.1,1358.35,Yes
C-cef06c8c,Male,0,Yes,No,37,Yes,No,Fiber optic,No internet service,No,No,Yes,Yes,No,Month-to-month,Yes,Mailed check,47.16,1737.95,No
C-d8f4a7ce,Female,0,No,No,52,Yes,No,Fiber optic,No,No,Yes,Yes,Yes,No,Month-to-month,No,Electronic check,58.2,3055.43,Yes
C-eb53b4db,Female,0,No,No,8,Yes,Yes,No,No internet service,No internet service,No internet service,No internet service,No internet service,No internet service,Month-to-month,Yes,Mailed check,21.43,182.39,Yes
C-0bb66b9a,Male,0,Yes,No,8,Yes,Yes,DSL,No,Yes,No,Yes,Yes,No,Month-to-month,No,Credit card (automatic),42.24,355.76,No
C-b54db44d,Female,0,Yes,No,13,Yes,Yes,DSL,Yes,No,No,Yes,Yes,Yes,Month-to-month,Yes,Bank transfer (automatic),46.07,596.89,No
C-f0b3ed77,Female,0,No,No,71,Yes,No,Fiber optic,Yes,Yes,No,Yes,No,No,One year,No,Electronic check,52.23,3741.4,No
C-29721dcb,Male,0,No,Yes,42,Yes,No phone service,No,No internet service,No internet service,No internet service,No internet service,No internet service,No internet service,Month-to-month,No,Electronic check,20.59,868.6,No
C-1a5b032e,Female,1,No,Yes,26,Yes,Yes,No,No internet service,No internet service,No internet service,No internet service,No internet service,No internet service,Month-to-month,Yes,Credit card (automatic),23.5,618.89,Yes
C-55c09b54,Female,0,No,Yes,44,Yes,No,Fiber optic,No,No,No,Yes,No internet service,No,Two year,No,Credit card (automatic),45.63,1987.48,No
C-92ae3210,Male,0,Yes,Yes,44,Yes,Yes,DSL,No,No,Yes,Yes,No internet service,No,One year,No,Bank transfer (automatic),40.04,1745.81,No
C-70a6043e,Male,0,No,No,64,Yes,Yes,Fiber optic,No,Yes,No,Yes,No,No,Month-to-month,Yes,Mailed check,43.92,2820.78,Yes
C-ddcafc18,Female,1,Yes,Yes,72,No,No phone service,No,No internet service,No internet service,No internet service,No internet service,No internet service,No internet service,Two year,No,Mailed check,27.76,1992.7,No
C-afb6f494,Male,0,Yes,No,66,Yes,No,Fiber optic,No,Yes,No,No,Yes,No,Month-to-month,No,Mailed check,52.99,3486.14,No
C-8dee5cef,Male,0,No,Yes,7,Yes,Yes,Fiber optic,No,No internet service,No,No,Yes,Yes,Month-to-month,Yes,Credit card (automatic),47.89,376.42,Yes
C-c60b83b3,Male,0,No,No,14,Yes,Yes,No,No internet service,No internet service,No internet service,No internet service,No internet service,No internet service,Month-to-month,Yes,Electronic check,19.25,244.87,No
C-d1cf918f,Male,0,No,Yes,4,Yes,No,DSL,No,No,Yes,No,No internet service,No,Month-to-month,No,Electronic check,25.27,79.06,Yes
C-6fd2a1aa,Female,0,Yes,No,36,No,No phone service,DSL,No,Yes,No,Yes,Yes,No,Month-to-month,Yes,Bank transfer (automatic),46.65,1684.28,Yes
C-3fc50749,Male,0,Yes,No,37,No,No phone service,DSL,No,No,Yes,Yes,No internet service,No,Month-to-month,No,Credit card (automatic),35.36,1291.7,No
C-0c4ff17b,Male,0,No,Yes,28,Yes,Yes,Fiber optic,No,No,No,No internet service,No,No,Month-to-month,No,Mailed check,42.03,1175.46,Yes
C-2ed6d435,Female,1,No,Yes,21,Yes,Yes,DSL,No internet service,No,No,No,No,No,Month-to-month,Yes,Mailed check,24.86,543.35,Yes
C-bbba64f5,Male,0,Yes,No,25,Yes,Yes,Fiber optic,No,No,Yes,No,No,No,One year,Yes,Mailed check,42.42,1080.9,No
C-e012a1bc,Male,0,No,No,0,Yes,No,Fiber optic,No,No,No internet service,Yes,No,No,Two year,No,Bank transfer (automatic),43.41,0.0,No
C-62285693,Male,1,Yes,No,69,Yes,No,DSL,Yes,No,No,Yes,No,No,Month-to-month,Yes,Bank transfer (automatic),32.81,2298.48,No
C-c5061022,Male,1,No,No,52,Yes,No,Fiber optic,No,Yes,No,No,Yes,Yes,Two year,Yes,Mailed check,57.23,2946.67,No
C-257250df,Male,0,Yes,No,40,Yes,Yes,Fiber optic,No,No,Yes,Yes,No,Yes,Two year,Yes,Credit card (automatic),54.96,2211.24,No
C-ef32c03c,Male,0,Yes,No,51,Yes,Yes,DSL,No,No,No,No,Yes,No,One year,Yes,Bank transfer (automatic),33.58,1698.65,No
C-43427c80,Female,0,Yes,No,20,Yes,No,Fiber optic,No,No,No,No,No,Yes,Month-to-month,No,Electronic check,51.87,1053.83,Yes
C-9029513a,Male,0,No,No,3,Yes,Yes,No,No internet service,No internet service,No internet service,No internet service,No internet service,No internet service,Month-to-month,No,Electronic check,21.14,88.87,Yes
C-f64495c0,Male,0,Yes,No,48,No,No phone service,DSL,Yes,Yes,Yes,No,No,No,One year,Yes,Electronic check,41.02,1943.51,No
C-bbf137a8,Female,0,Yes,Yes,4,Yes,No,DSL,No,No,Yes,Yes,No,Yes,Month-to-month,No,Mailed check,40.13,187.29,Yes
C-83e9cbb8,Male,0,No,No,22,Yes,Yes,DSL,No,Yes,No internet service,Yes,No internet service,No internet service,Two year,No,Mailed check,30.76,664.33,No
C-f08724eb,Male,1,No,Yes,56,Yes,Yes,No,No internet service,No internet service,No internet service,No internet service,No internet service,No internet service,Month-to-month,Yes,Mailed check,19.73,1129.83,No
C-041723b7,Male,0,Yes,No,26,Yes,No,No,No internet service,No internet service,No internet service,No internet service,No internet service,No internet service,Month-to-month,No,Mailed check,25.53,658.6,No
C-40153c5f,Male,0,Yes,Yes,61,Yes,No,No,No internet service,No internet service,No internet service,No internet service,No internet service,No internet service,Month-to-month,Yes,Credit card (automatic),20.55,1250.35,Yes
C-8e9e24ce,Male,0,No,Yes,9,Yes,No,Fiber optic,No,No,No internet service,Yes,No,Yes,Month-to-month,No,Bank transfer (automatic),53.47,489.72,Yes
C-0aa9e6ed,Female,1,Yes,Yes,32,Yes,Yes,No,No internet service,No internet service,No internet service,No internet service,No internet service,No internet service,One year,No,Bank transfer (automatic),18.0,582.31,No
C-10eca4bb,Male,0,Yes,No,48,Yes,Yes,No,No internet service,No internet service,No internet service,No internet service,No internet service,No internet service,Month-to-month,Yes,Electronic check,19.54,925.21,No
C-08fe078c,Female,0,Yes,No,0,Yes,Yes,Fiber optic,Yes,No,No,No,Yes,Yes,Month-to-month,Yes,Bank transfer (automatic),54.45,0.0,Yes
C-2264b49c,Male,0,No,No,31,Yes,No,Fiber optic,No,Yes,No,No,No,Yes,Month-to-month,Yes,Mailed check,44.91,1419.38,Yes
C-46db382c,Female,0,No,No,56,No,No phone service,Fiber optic,No,Yes,No,Yes,No,No,Month-to-month,Yes,Bank transfer (automatic),51.57,2871.63,Yes
C-015e40e0,Female,0,Yes,Yes,10,Yes,No,Fiber optic,No,No internet service,Yes,No,No,No internet service,Month-to-month,Yes,Mailed check,46.37,471.1,Yes
C-bc5a8bb9,Female,1,Yes,No,38,Yes,Yes,No,No internet service,No internet service,No internet service,No internet service,No internet service,No internet service,Month-to-month,Yes,Electronic check,18.52,717.47,No
C-d51a5310,Male,0,No,No,17,Yes,Yes,Fiber optic,No,No,No,Yes,No,Yes,One year,Yes,Bank transfer (automatic),54.67,922.02,Yes
C-bcddc0a5,Female,1,No,No,65,Yes,Yes,Fiber optic,No,Yes,No internet service,Yes,Yes,Yes,Month-to-month,Yes,Mailed check,63.94,4154.17,No
C-1a428195,Male,0,Yes,No,47,Yes,Yes,DSL,No internet service,Yes,No,No,No,No internet service,Two year,Yes,Mailed check,26.38,1231.61,No
C-1382af4f,Female,1,No,No,43,No,No phone service,No,No internet service,No internet service,No internet service,No internet service,No internet service,No internet service,Month-to-month,Yes,Mailed check,20.0,872.97,No
C-fc840fc4,Female,1,Yes,No,40,No,No phone service,Fiber optic,No,Yes,Yes,Yes,No internet service,No,Month-to-month,Yes,Electronic check,52.11,2100.63,Yes
C-1f8e2847,Female,0,No,No,39,Yes,No phone service,Fiber optic,No,Yes,Yes,No internet service,Yes,No,Two year,No,Credit card (automatic),49.45,1942.94,No
C-09ace286,Male,0,No,No,47,Yes,No,Fiber optic,No,Yes,Yes,No,Yes,No,Month-to-month,No,Credit card (automatic),54.16,2535.95,Yes
C-bd14f9eb,Female,0,Yes,No,64,Yes,No,Fiber optic,Yes,No,No internet service,No,No,Yes,Month-to-month,Yes,Credit card (automatic),54.46,3450.32,Yes
C-88ceae14,Male,0,No,No,36,Yes,Yes,DSL,Yes,Yes,Yes,Yes,No,Yes,Month-to-month,Yes,Electronic check,51.81,1872.28,No
C-40e98f0d,Male,0,Yes,No,5,Yes,No,DSL,Yes,No,Yes,No,Yes,Yes,Two year,Yes,Credit card (automatic),47.68,241.15,Yes
C-167e3811,Male,0,No,No,56,Yes,No,Fiber optic,No,No,Yes,No,No,No internet service,Month-to-month,No,Credit card (automatic),41.0,2280.22,No
C-7be667bd,Male,0,Yes,Yes,48,Yes,No phone service,DSL,No internet service,No internet service,No,No,Yes,No,Two year,Yes,Mailed check,32.69,1544.05,No
C-c8ead5ef,Male,0,No,Yes,14,Yes,Yes,Fiber optic,No,No,Yes,No,No,No,Month-to-month,Yes,Bank transfer (automatic),43.75,587.59,No
C-79fc8bb4,Female,0,Yes,Yes,59,Yes,No,DSL,No,No,No,Yes,No,No,Month-to-month,Yes,Mailed check,28.78,1708.69,No
C-c0688752,Female,0,No,No,66,Yes,No,DSL,Yes,No,Yes,No,Yes,No,Month-to-month,No,Mailed check,43.55,2859.63,Yes
C-ae8fba8a,Male,0,No,No,63,Yes,No,DSL,Yes,No,No,No,Yes,No,Month-to-month,Yes,Mailed check,40.14,2529.23,No
C-602420c4,Male,0,No,No,52,Yes,Yes,Fiber optic,Yes,No internet service,No,Yes,No,No internet service,One year,No,Mailed check,53.43,2763.84,No
C-4c98fde4,Male,0,No,No,45,Yes,Yes,Fiber optic,No,No,Yes,No,Yes,No,Month-to-month,Yes,Electronic check,51.88,2323.47,Yes
C-829c26f5,Female,0,No,Yes,30,Yes,No phone service,Fiber optic,No,No,Yes,Yes,No,No,Two year,Yes,Electronic check,45.2,1341.73,No
C-e594529d,Female,0,Yes,No,44,Yes,No,DSL,No,No,No internet service,No internet service,Yes,Yes,One year,Yes,Bank transfer (automatic),40.49,1789.09,No
C-fe1974f9,Male,0,No,No,2,Yes,No,Fiber optic,No,Yes,No,No internet service,Yes,No,Month-to-month,Yes,Electronic check,49.25,96.25,Yes
C-230a9adb,Male,0,No,Yes,46,Yes,Yes,No,No internet service,No internet service,No internet service,No internet service,No internet service,No internet service,Month-to-month,No,Bank transfer (automatic),18.0,840.97,No
C-96224524,Female,0,No,No,10,Yes,Yes,DSL,Yes,No,No,No,No,Yes,Month-to-month,Yes,Credit card (automatic),33.13,366.12,Yes
C-6e50d4ef,Male,0,No,No,41,Yes,No,DSL,No,No,Yes,No,No,No internet service,Two year,Yes,Bank transfer (automatic),27.67,1145.76,No
C-cf8000ca,Male,0,Yes,No,54,Yes,Yes,No,No internet service,No internet service,No internet service,No internet service,No internet service,No internet service,Month-to-month,Yes,Mailed check,20.08,1113.14,No
C-885a9fff,Male,0,Yes,No,37,Yes,No phone service,No,No internet service,No internet service,No internet service,No internet service,No internet service,No internet service,One year,Yes,Electronic check,18.14,687.07,No
C-81994cd8,Male,0,No,No,37,Yes,No phone service,No,No internet service,No internet service,No internet service,No internet service,No internet service,No internet service,Two year,Yes,Credit card (automatic),20.65,776.34,No
C-51fe120e,Female,1,Yes,Yes,9,Yes,Yes,No,No internet service,No internet service,No internet service,No internet service,No internet service,No internet service,Month-to-month,Yes,Mailed check,21.76,183.68,Yes
C-c599ebdf,Female,0,No,Yes,13,Yes,No phone service,No,No internet service,No internet service,No internet service,No internet service,No internet service,No internet service,One year,Yes,Electronic check,21.01,220.72,No
C-a55740fe,Male,0,Yes,Yes,43,Yes,No,DSL,Yes,Yes,Yes,No,Yes,No,Month-to-month,No,Credit card (automatic),43.15,1838.15,No
C-00e08ad0,Male,0,Yes,Yes,17,Yes,Yes,Fiber optic,No,No internet service,No,Yes,No,Yes,Month-to-month,Yes,Electronic check,50.69,846.51,Yes
C-2db72b16,Female,0,No,No,54,Yes,Yes,DSL,No,Yes,No,Yes,No,No,Month-to-month,No,Electronic check,34.35,1813.64,Yes
C-d80100db,Female,1,Yes,No,18,Yes,Yes,DSL,No,No,Yes,No internet service,No,No,Two year,Yes,Bank transfer (automatic),26.88,469.05,No
C-9de14d56,Female,1,No,Yes,62,Yes,No phone service,DSL,No,No,No,No internet service,No,Yes,One year,No,Credit card (automatic),33.16,2064.11,Yes
C-d34bca48,Male,1,No,No,32,Yes,Yes,Fiber optic,Yes,No,No,No,Yes,Yes,Month-to-month,No,Electronic check,59.62,1918.84,Yes
C-859557e0,Male,0,Yes,No,25,Yes,Yes,DSL,Yes,No internet service,No,Yes,No,No,Month-to-month,No,Electronic check,37.83,967.5,Yes
C-81f715c6,Female,0,Yes,Yes,19,Yes,No,DSL,No,Yes,Yes,Yes,Yes,No internet service,Month-to-month,Yes,Bank transfer (automatic),41.94,793.69,No
C-88950097,Male,1,No,Yes,32,Yes,Yes,Fiber optic,No internet service,No,No,Yes,No,No,Month-to-month,No,Bank transfer (automatic),47.09,1498.31,Yes
C-9e2ec941,Male,0,Yes,No,34,Yes,No phone service,DSL,No internet service,No,No,No,Yes,No,Month-to-month,Yes,Mailed check,29.94,1052.18,Yes
C-df81b689,Male,0,No,No,10,Yes,No,Fiber optic,No,No internet service,Yes,No,No,No,Month-to-month,No,Electronic check,40.88,442.72,Yes
C-fe8e5974,Male,0,Yes,No,9,Yes,Yes,Fiber optic,No internet service,No,No,Yes,Yes,No,Month-to-month,No,Mailed check,48.47,443.0,Yes
C-32272850,Male,0,No,No,66,No,No phone service,Fiber optic,No,No internet service,Yes,No,No,No,One year,No,Electronic check,44.78,2926.49,Yes
C-8afe6b49,Male,0,No,No,33,Yes,No,No,No internet service,No internet service,No internet service,No internet service,No internet service,No internet service,Month-to-month,No,Mailed check,19.97,665.68,No
C-de83acdd,Female,0,Yes,No,19,Yes,Yes,No,No internet service,No internet service,No internet service,No internet service,No internet service,No internet service,Month-to-month,Yes,Credit card (automatic),19.15,378.32,Yes
C-932f2883,Female,0,No,No,23,Yes,Yes,DSL,Yes,No,Yes,Yes,Yes,No,Two year,Yes,Electronic check,50.12,1153.6,No
C-ada22873,Female,0,No,No,28,Yes,No,DSL,Yes,Yes,Yes,No,No,No,Month-to-month,No,Credit card (automatic),41.75,1143.62,No
C-e3e22270,Male,0,Yes,Yes,50,No,No phone service,DSL,No,No,No,No,No,Yes,Month-to-month,No,Electronic check,26.21,1343.4,Yes
C-3df56139,Male,0,Yes,Yes,20,Yes,Yes,Fiber optic,No,No internet service,Yes,No,No,No,Month-to-month,No,Mailed check,44.97,917.77,No
C-943509e6,Female,0,Yes,No,65,Yes,Yes,DSL,No,Yes,No,No internet service,Yes,Yes,Month-to-month,Yes,Electronic check,42.53,2769.18,Yes
C-b6046669,Female,0,Yes,Yes,45,Yes,No,No,No internet service,No internet service,No internet service,No internet service,No internet service,No internet service,One year,No,Credit card (automatic),25.85,1168.29,No
C-487135e2,Female,0,No,No,71,Yes,No phone service,Fiber optic,No,No,No,Yes,No,No,Two year,No,Bank transfer (automatic),48.81,3472.93,No
C-b642b650,Female,0,Yes,Yes,5,Yes,Yes,No,No internet service,No internet service,No internet service,No internet service,No internet service,No internet service,One year,Yes,Credit card (automatic),19.48,88.16,No
C-9f5ae277,Female,0,No,Yes,56,Yes,No phone service,Fiber optic,No,No,No internet service,Yes,Yes,No,Month-to-month,No,Bank transfer (automatic),47.91,2650.17,No
C-baed3dc8,Female,1,No,No,45,Yes,No,No,No internet service,No internet service,No internet service,No internet service,No internet service,No internet service,Two year,Yes,Bank transfer (automatic),18.0,784.77,No
C-bfcec7e4,Female,0,No,No,27,Yes,Yes,DSL,No,No,No,No,No,No,One year,No,Electronic check,21.58,597.2,No
C-b98d28c1,Male,0,Yes,No,24,Yes,No,DSL,No,Yes,Yes,No,No,No internet service,Month-to-month,No,Electronic check,31.13,776.94,Yes
C-3ca37d0d,Female,0,Yes,No,46,Yes,Yes,No,No internet service,No internet service,No internet service,No internet service,No internet service,No internet service,Month-to-month,Yes,Mailed check,22.73,1066.27,No
C-66a63f8d,Female,0,Yes,Yes,67,Yes,Yes,DSL,No internet service,No,Yes,Yes,Yes,Yes,One year,Yes,Credit card (automatic),47.76,3224.95,No
C-324bc2bf,Female,0,No,No,3,Yes,Yes,Fiber optic,No,Yes,Yes,Yes,No,No internet service,Month-to-month,Yes,Electronic check,55.31,133.1,Yes
C-fc48fffc,Female,0,No,No,18,Yes,No,Fiber optic,No,Yes,No,No,Yes,Yes,One year,Yes,Electronic check,54.75,1000.0,No
C-62b6ff74,Male,0,No,Yes,58,Yes,No phone service,Fiber optic,No,No,No,No,No,No,Two year,No,Bank transfer (automatic),41.85,2430.94,No
C-efd97e1e,Male,0,Yes,Yes,13,Yes,No,DSL,Yes,No,Yes,No,No,No,Two year,Yes,Mailed check,37.02,501.76,No
C-3393af6e,Female,0,Yes,No,0,Yes,Yes,No,No internet service,No internet service,No internet service,No internet service,No internet service,No internet service,Month-to-month,Yes,Credit card (automatic),22.4,27.15,Yes
C-12238b4f,Male,0,Yes,No,32,Yes,Yes,Fiber optic,Yes,No,Yes,Yes,No,No internet service,Month-to-month,No,Electronic check,56.99,1833.7,No
C-1a738124,Female,0,Yes,No,57,Yes,Yes,No,No internet service,No internet service,No internet service,No internet service,No internet service,No internet service,Month-to-month,Yes,Electronic check,18.0,1005.14,No
C-22b7d182,Male,1,Yes,No,11,Yes,Yes,No,No internet service,No internet service,No internet service,No internet service,No internet service,No internet service,Two year,Yes,Electronic check,22.98,248.55,Yes
C-61f0c27c,Female,0,Yes,Yes,47,Yes,No,DSL,Yes,No,No internet service,No internet service,No internet service,No,Month-to-month,Yes,Electronic check,31.96,1538.34,Yes
C-63de23bb,Female,0,No,No,56,No,No phone service,Fiber optic,No internet service,No,Yes,No,Yes,No,Month-to-month,Yes,Credit card (automatic),50.25,2811.49,No
C-1732fbe1,Male,0,No,Yes,13,No,No phone service,No,No internet service,No internet service,No internet service,No internet service,No internet service,No internet service,Two year,Yes,Mailed check,21.8,300.74,No
C-a2b5c9db,Male,0,Yes,No,21,Yes,No,Fiber optic,No,No,No,No,Yes,No,One year,Yes,Electronic check,48.83,1026.09,No
C-cb0b4ac8,Female,1,Yes,No,34,Yes,No,Fiber optic,No,No,No,Yes,Yes,Yes,Two year,No,Credit card (automatic),58.51,1972.39,No
C-20b153ec,Female,1,Yes,No,56,Yes,No phone service,Fiber optic,No,Yes,No,No internet service,No,No,Month-to-month,Yes,Credit card (automatic),42.17,2320.63,Yes
C-b40f5d82,Female,0,No,No,13,Yes,Yes,Fiber optic,No,Yes,No,Yes,No,Yes,Month-to-month,No,Bank transfer (automatic),56.01,720.75,Yes
C-40737b72,Male,0,No,No,7,Yes,Yes,DSL,No internet service,No,Yes,No,No,No,Month-to-month,No,Bank transfer (automatic),30.96,213.2,No
C-8cf915aa,Male,0,No,No,26,No,No phone service,Fiber optic,Yes,Yes,Yes,Yes,No,Yes,Two year,No,Mailed check,62.23,1628.3,No
C-d24b01a2,Female,0,Yes,No,35,Yes,Yes,DSL,No,No,No internet service,Yes,No,No internet service,Month-to-month,Yes,Credit card (automatic),33.75,1163.74,Yes
C-627369f6,Female,0,Yes,No,72,Yes,No phone service,DSL,Yes,Yes,Yes,No,No,No internet service,Month-to-month,Yes,Bank transfer (automatic),37.69,2733.85,Yes
C-18899979,Male,0,No,No,44,Yes,No phone service,Fiber optic,No,No,No,No,No,No,One year,Yes,Electronic check,44.08,1958.45,No
C-d4910452,Male,0,Yes,No,5,Yes,Yes,Fiber optic,Yes,Yes,No,No,Yes,No,Month-to-month,Yes,Credit card (automatic),57.29,309.51,Yes
C-4fa25f90,Male,0,No,No,16,Yes,No,DSL,No,No,No,Yes,Yes,No,Two year,Yes,Electronic check,33.61,513.7,Yes
C-c10ba782,Male,0,No,No,18,Yes,Yes,No,No internet service,No internet service,No internet service,No internet service,No internet service,No internet service,Month-to-month,Yes,Electronic check,18.0,317.88,No
C-62a097dc,Male,0,No,Yes,27,Yes,Yes,No,No internet service,No internet service,No internet service,No internet service,No internet service,No internet service,Two year,Yes,Electronic check,19.7,554.1,No
C-1cf21d2a,Female,1,No,Yes,68,Yes,No,DSL,No,Yes,No,No,No internet service,Yes,Two year,No,Mailed check,31.63,2144.29,No
C-b8c17db0,Female,0,Yes,No,34,Yes,No phone service,Fiber optic,No,No,Yes,No,No,Yes,Two year,No,Electronic check,53.64,1815.38,No
C-fb868fb4,Female,1,No,No,59,Yes,No,DSL,No,No,Yes,No internet service,Yes,Yes,Two year,No,Credit card (automatic),45.73,2717.44,No
C-85f01b12,Male,0,Yes,Yes,65,No,No phone service,No,No internet service,No internet service,No internet service,No internet service,No internet service,No internet service,Month-to-month,Yes,Credit card (automatic),20.4,1326.27,No
C-d7626d43,Male,0,Yes,No,54,Yes,Yes,Fiber optic,Yes,No,Yes,Yes,Yes,No,Month-to-month,No,Mailed check,63.49,3414.42,No
C-c4293012,Female,1,No,No,53,Yes,Yes,Fiber optic,Yes,Yes,No internet service,No,No,No,Month-to-month,No,Bank transfer (automatic),52.59,2744.06,No
C-02e81554,Female,0,No,Yes,40,No,No phone service,Fiber optic,No,No,Yes,No,Yes,No,Month-to-month,No,Mailed check,50.72,2007.74,Yes
C-b266ec0e,Female,0,Yes,No,6,No,No phone service,Fiber optic,No,Yes,Yes,No,No,No,Month-to-month,No,Electronic check,46.63,281.74,Yes
C-e881cd38,Female,0,Yes,Yes,1,Yes,No,DSL,No,No,No,Yes,Yes,No internet service,Two year,Yes,Bank transfer (automatic),31.2,9.7,No
C-862acb98,Male,1,Yes,No,19,Yes,Yes,Fiber optic,No,No,No internet service,No,No internet service,Yes,Month-to-month,No,Mailed check,47.67,929.08,Yes
C-e5937a32,Male,0,Yes,No,48,Yes,Yes,DSL,Yes,No,No,No,No,No,One year,No,Bank transfer (automatic),30.93,1492.32,No
C-d7e5dd7a,Female,1,No,No,70,Yes,No,No,No internet service,No internet service,No internet service,No internet service,No internet service,No internet service,Month-to-month,Yes,Electronic check,18.0,1259.73,No
C-6cc07f1c,Male,0,No,No,13,Yes,Yes,No,No internet service,No internet service,No internet service,No internet service,No internet service,No internet service,One year,Yes,Bank transfer (automatic),23.0,267.88,No
C-bf32666d,Female,0,No,No,6,Yes,Yes,Fiber optic,Yes,No,No internet service,No,Yes,No internet service,Month-to-month,No,Electronic check,47.95,320.01,Yes
C-388f4e40,Male,0,No,Yes,72,Yes,No,No,No internet service,No internet service,No internet service,No internet service,No internet service,No internet service,One year,Yes,Mailed check,18.22,1303.5,No
C-9883e7d5,Female,0,Yes,No,10,Yes,Yes,Fiber optic,Yes,Yes,No,No,Yes,Yes,Two year,Yes,Credit card (automatic),61.73,642.78,No
C-700c9e4b,Female,1,Yes,No,12,Yes,No phone service,Fiber optic,Yes,Yes,No,No,No,No,One year,Yes,Bank transfer (automatic),50.76,614.67,No
C-392b9aeb,Male,1,No,No,11,Yes,No,Fiber optic,No internet service,No internet service,Yes,Yes,No,No,Month-to-month,Yes,Mailed check,51.09,555.61,Yes
C-e12c4a11,Male,0,No,Yes,32,No,No phone service,Fiber optic,No,No,No internet service,Yes,Yes,No,Month-to-month,Yes,Bank transfer (automatic),47.87,1533.88,No
C-c5df9d65,Male,0,No,No,48,Yes,No phone service,DSL,No,No,No,No internet service,No,No,Two year,Yes,Bank transfer (automatic),25.68,1223.77,No
C-80717b46,Female,0,Yes,No,27,Yes,No,DSL,Yes,No,Yes,Yes,No,No,Month-to-month,Yes,Credit card (automatic),40.06,1084.69,No
C-7381d2ee,Female,0,No,No,24,Yes,Yes,Fiber optic,No,No,No,No,No internet service,Yes,Two year,Yes,Mailed check,51.79,1229.2,No
C-7e304ede,Male,0,Yes,Yes,18,Yes,No,Fiber optic,No,No,No,No,No internet service,No,One year,Yes,Mailed check,39.22,735.62,No
C-d0a1f876,Male,0,Yes,No,56,Yes,No,No,No internet service,No internet service,No internet service,No internet service,No internet service,No internet service,Two year,No,Mailed check,18.0,1028.41,No
C-501731ca,Male,0,Yes,No,8,Yes,No,Fiber optic,No,Yes,No internet service,Yes,Yes,No,Two year,Yes,Bank transfer (automatic),58.36,432.46,No
C-2bac43ae,Male,0,No,No,1,Yes,Yes,No,No internet service,No internet service,No internet service,No internet service,No internet service,No internet service,Month-to-month,No,Mailed check,21.41,20.45,Yes
C-8638491d,Female,0,No,No,15,Yes,Yes,No,No internet service,No internet service,No internet service,No internet service,No internet service,No internet service,Month-to-month,No,Electronic check,18.0,323.11,Yes
C-f5c89e06,Female,0,Yes,No,34,No,No phone service,Fiber optic,No,No,Yes,Yes,No,Yes,Two year,Yes,Mailed check,52.79,1826.78,No
C-bc673c6c,Female,1,Yes,No,0,Yes,Yes,Fiber optic,No,No internet service,No,Yes,No,No,Month-to-month,No,Bank transfer (automatic),49.5,2.41,Yes
C-a11107b5,Female,0,Yes,No,0,No,No phone service,DSL,No,No,No,No,No,No internet service,One year,Yes,Electronic check,25.93,0.0,No
C-9a6b46ca,Male,0,Yes,No,61,Yes,No,Fiber optic,No,Yes,No,No,No internet service,No,Two year,Yes,Electronic check,45.02,2753.25,No
C-0692eb19,Female,0,Yes,No,44,Yes,No,Fiber optic,Yes,No,No,Yes,No,No,One year,No,Bank transfer (automatic),47.51,2072.13,No
C-35c308bc,Male,0,No,Yes,33,Yes,No phone service,Fiber optic,No,Yes,No,No internet service,Yes,No,Month-to-month,No,Credit card (automatic),53.71,1757.87,No
C-861897e1,Female,0,Yes,Yes,27,Yes,Yes,Fiber optic,Yes,No,No,No,No internet service,Yes,Month-to-month,No,Electronic check,50.24,1345.09,Yes
C-9f22a707,Male,0,Yes,Yes,7,Yes,Yes,Fiber optic,No internet service,Yes,No,Yes,No,Yes,Month-to-month,Yes,Mailed check,48.9,342.21,No
C-e64754ea,Male,1,Yes,Yes,71,Yes,No,DSL,No,No,Yes,Yes,No,No,One year,Yes,Electronic check,34.48,2442.12,No
C-8769b2e2,Female,0,No,No,16,Yes,No phone service,Fiber optic,No,Yes,No,No,Yes,No,Two year,No,Bank transfer (automatic),54.0,867.78,No
C-57ad1e0c,Female,1,No,No,36,Yes,Yes,Fiber optic,No,Yes,No,No,Yes,No,One year,Yes,Bank transfer (automatic),53.19,1936.4,No
C-ec700b62,Male,0,No,No,53,Yes,Yes,DSL,Yes,No,No,No,Yes,Yes,One year,No,Mailed check,37.3,1984.21,No
C-6242fdb4,Male,0,No,No,35,Yes,Yes,DSL,Yes,Yes,No,No,No,Yes,Month-to-month,Yes,Electronic check,37.5,1321.91,No
C-3b85b9ef,Male,0,No,No,44,Yes,No,DSL,No,No internet service,No,No,Yes,No internet service,Two year,Yes,Bank transfer (automatic),28.36,1243.36,No
C-aa7f9aaa,Female,0,Yes,No,5,Yes,No,Fiber optic,No,No,No,No,No,Yes,Month-to-month,No,Bank transfer (automatic),43.07,223.43,Yes
C-5bbfe14a,Female,1,Yes,No,40,Yes,No,Fiber optic,Yes,Yes,No,No,Yes,Yes,One year,No,Credit card (automatic),64.53,2600.68,Yes
C-1f36d06c,Female,1,Yes,No,54,Yes,No,No,No internet service,No internet service,No internet service,No internet service,No internet service,No internet service,Two year,No,Mailed check,18.0,962.99,No
C-b83c9016,Female,0,Yes,No,37,Yes,No,Fiber optic,Yes,No,No,Yes,No,No,Month-to-month,Yes,Mailed check,50.04,1849.16,No
C-ddafedc9,Female,0,No,Yes,25,Yes,No,DSL,No,No,Yes,No internet service,No,Yes,Month-to-month,Yes,Electronic check,32.66,814.41,Yes
C-a9ce4130,Male,0,No,No,72,Yes,Yes,Fiber optic,No,Yes,No internet service,Yes,Yes,No,Two year,Yes,Mailed check,56.28,4052.89,No
C-2e702bc5,Female,0,No,No,12,Yes,Yes,Fiber optic,No,No internet service,Yes,Yes,Yes,No,Two year,Yes,Mailed check,51.33,588.64,No
C-701dfbf2,Female,1,No,No,43,Yes,No,Fiber optic,No,No,No,No,No,Yes,Month-to-month,Yes,Electronic check,48.19,2079.45,Yes
C-8d36be5e,Female,0,No,No,17,Yes,No,Fiber optic,Yes,Yes,Yes,No,Yes,Yes,Two year,Yes,Mailed check,70.47,1196.71,No
C-c866b9cd,Male,0,No,No,68,Yes,Yes,Fiber optic,No,No internet service,No internet service,No,No,No,Two year,No,Credit card (automatic),35.78,2406.5,No
C-fa074e90,Male,0,No,No,69,Yes,No,Fiber optic,Yes,No,Yes,No,Yes,Yes,One year,No,Mailed check,63.94,4430.55,No
C-f4f77755,Male,0,Yes,No,34,Yes,Yes,DSL,No,Yes,Yes,No internet service,Yes,No,Two year,Yes,Bank transfer (automatic),47.4,1633.28,No
C-65a4dadb,Female,1,Yes,No,17,Yes,No,Fiber optic,Yes,No,No,Yes,No internet service,Yes,Month-to-month,Yes,Bank transfer (automatic),55.42,946.43,Yes
C-d0c5d310,Male,0,No,Yes,65,Yes,No,DSL,No,No,No,No,Yes,Yes,One year,No,Electronic check,36.93,2404.17,No
C-389a6ee5,Male,0,Yes,No,61,Yes,No,No,No internet service,No internet service,No internet service,No internet service,No internet service,No internet service,Two year,No,Bank transfer (automatic),18.38,1121.76,No
C-d9815a12,Male,0,Yes,Yes,48,Yes,Yes,No,No internet service,No internet service,No internet service,No internet service,No internet service,No internet service,Two year,Yes,Electronic check,19.85,982.72,No
C-59f76737,Female,1,No,No,33,Yes,No,Fiber optic,No,No,No,Yes,Yes,No,Two year,Yes,Bank transfer (automatic),53.27,1744.03,Yes
C-d3e2f991,Male,0,Yes,No,37,Yes,Yes,Fiber optic,No,No internet service,No,No,No,Yes,Month-to-month,Yes,Credit card (automatic),46.0,1676.15,No
C-e2465baf,Female,0,Yes,No,13,Yes,Yes,Fiber optic,Yes,No,No,No,No,No,Two year,Yes,Mailed check,44.65,597.72,No
C-7c1e0924,Female,0,No,No,62,Yes,No,Fiber optic,No,Yes,Yes,No,No,No,Month-to-month,Yes,Credit card (automatic),52.37,3237.68,Yes
C-f208d8aa,Female,0,Yes,No,65,Yes,No phone service,DSL,No,No,No,Yes,No internet service,No,Two year,No,Electronic check,34.36,2204.81,No
C-bf995c7e,Female,0,Yes,No,38,Yes,No,Fiber optic,Yes,Yes,No,No,Yes,No internet service,Month-to-month,No,Bank transfer (automatic),54.09,2026.25,Yes
C-2e00692e,Male,0,Yes,No,44,No,No phone service,DSL,No,No,No,Yes,No,No internet service,Month-to-month,Yes,Electronic check,31.91,1434.96,Yes
C-43efcf70,Female,0,No,Yes,57,Yes,No,Fiber optic,Yes,No,No internet service,No,No,No internet service,One year,Yes,Credit card (automatic),45.07,2575.65,Yes
C-73e17b9b,Female,0,Yes,Yes,5,Yes,Yes,Fiber optic,No,Yes,Yes,Yes,No,No,One year,Yes,Electronic check,52.96,227.88,Yes
C-e161ee5e,Male,0,Yes,No,54,Yes,No phone service,Fiber optic,Yes,Yes,No,No,Yes,No,Two year,Yes,Electronic check,58.29,3142.66,No
C-8830afb4,Female,0,No,Yes,1,Yes,Yes,DSL,Yes,No,Yes,No,No,No,Month-to-month,No,Mailed check,30.66,70.9,Yes
C-39206d05,Female,0,No,Yes,11,Yes,No,Fiber optic,No,Yes,No,No internet service,No,Yes,One year,Yes,Electronic check,48.74,536.27,No
C-0ad36f7f,Male,0,Yes,Yes,38,Yes,Yes,Fiber optic,No,Yes,Yes,No,Yes,Yes,Two year,No,Electronic check,65.57,2486.29,No
C-ccee0aa4,Male,0,No,Yes,46,Yes,No phone service,DSL,Yes,No,Yes,Yes,Yes,Yes,Two year,No,Electronic check,50.94,2346.07,No
C-e20bd7a8,Male,0,No,No,26,Yes,Yes,DSL,No,No,No,No,No,No,Month-to-month,No,Credit card (automatic),21.08,547.82,No
C-b3aa0eff,Male,1,Yes,No,18,Yes,No phone service,Fiber optic,Yes,No internet service,Yes,Yes,Yes,No,Month-to-month,No,Credit card (automatic),61.6,1094.9,No
C-5136df4f,Male,0,No,No,20,Yes,No,DSL,No,No internet service,No,No,Yes,No,Month-to-month,Yes,Mailed check,28.4,565.74,No
C-6d39e197,Male,0,Yes,Yes,43,Yes,Yes,Fiber optic,No,No,No internet service,No internet service,No internet service,Yes,Month-to-month,Yes,Bank transfer (automatic),45.46,1948.82,Yes
C-baa79f01,Male,0,Yes,No,52,Yes,Yes,DSL,Yes,No,No,No,Yes,No,One year,No,Mailed check,46.37,2411.75,No
C-d7ec38ad,Male,0,Yes,No,5,Yes,No,Fiber optic,No,Yes,No internet service,No,Yes,Yes,Month-to-month,No,Credit card (automatic),56.71,265.12,Yes
C-ca397a1a,Female,0,Yes,No,35,Yes,Yes,No,No internet service,No internet service,No internet service,No internet service,No internet service,No internet service,Month-to-month,No,Mailed check,19.73,677.91,No
C-8d898ea7,Male,0,No,No,3,Yes,Yes,DSL,Yes,No,Yes,Yes,No,No,Month-to-month,Yes,Mailed check,43.14,123.45,No
C-a5616756,Female,0,Yes,No,42,Yes,No phone service,No,No internet service,No internet service,No internet service,No internet service,No internet service,No internet service,Month-to-month,Yes,Credit card (automatic),22.1,915.61,Yes
C-8cb6570b,Male,0,Yes,No,36,Yes,Yes,DSL,No internet service,Yes,No,No,No,No,One year,No,Bank transfer (automatic),29.83,1026.13,No
C-eb2d44b9,Male,1,No,No,31,Yes,No,Fiber optic,No,No,No,No,No,Yes,One year,Yes,Mailed check,47.37,1482.44,No
C-d13d8ea7,Male,0,Yes,No,39,Yes,No,Fiber optic,Yes,No internet service,Yes,No,No,No internet service,Month-to-month,No,Electronic check,52.26,2077.75,Yes
C-cf6938b2,Female,0,Yes,No,58,Yes,No,DSL,No internet service,No internet service,No,No,No,Yes,One year,No,Mailed check,35.66,2027.57,No
C-d0076b30,Female,1,No,No,48,Yes,Yes,Fiber optic,No,No,No,No internet service,Yes,No,One year,Yes,Bank transfer (automatic),44.5,2148.72,No
C-f406d2c4,Female,0,Yes,No,68,Yes,Yes,Fiber optic,No internet service,No,Yes,No,Yes,No,Month-to-month,Yes,Bank transfer (automatic),57.42,3874.07,Yes
C-1b43fc4b,Male,0,No,Yes,30,Yes,Yes,No,No internet service,No internet service,No internet service,No internet service,No internet service,No internet service,Month-to-month,No,Bank transfer (automatic),18.3,541.79,No
C-8a7d4f1c,Female,1,Yes,No,40,Yes,No,Fiber optic,No,Yes,No,No,No,No,Month-to-month,No,Credit card (automatic),48.15,1912.74,Yes
C-79c5b15a,Male,0,No,Yes,62,Yes,Yes,Fiber optic,Yes,No,No,No internet service,Yes,Yes,Two year,Yes,Mailed check,52.13,3238.38,Yes
C-ed43662a,Male,0,No,Yes,16,Yes,Yes,No,No internet service,No internet service,No internet service,No internet service,No internet service,No internet service,Month-to-month,Yes,Mailed check,18.0,271.02,Yes
C-f97b7151,Female,0,No,No,13,Yes,Yes,DSL,No,No,No,No,Yes,No,Two year,No,Electronic check,30.53,420.63,No
C-f75465b1,Female,0,No,No,58,Yes,No phone service,DSL,No,No,No internet service,No,Yes,No,Month-to-month,No,Mailed check,32.18,1878.23,No
C-c6b50186,Female,0,Yes,No,51,Yes,No,DSL,No,Yes,Yes,No,No,No,Month-to-month,Yes,Mailed check,36.3,1851.32,Yes
C-63d0b378,Female,1,Yes,Yes,52,Yes,No,Fiber optic,No,No,Yes,No,No,No,Month-to-month,Yes,Credit card (automatic),46.46,2404.7,Yes
C-056f472a,Female,0,No,No,50,Yes,Yes,Fiber optic,No,No internet service,No,Yes,No,No,Month-to-month,No,Mailed check,39.6,1970.28,Yes
C-a728f743,Male,0,Yes,No,37,Yes,Yes,No,No internet service,No internet service,No internet service,No internet service,No internet service,No internet service,Month-to-month,No,Mailed check,19.98,733.32,Yes
C-0a805cbd,Male,0,No,No,43,Yes,Yes,No,No internet service,No internet service,No internet service,No internet service,No internet service,No internet service,One year,Yes,Credit card (automatic),20.85,881.02,No
C-2319d339,Male,0,Yes,No,28,Yes,No phone service,Fiber optic,No,Yes,No,Yes,No,No,Month-to-month,Yes,Bank transfer (automatic),45.07,1220.58,Yes
C-e633283c,Male,0,Yes,No,17,Yes,No phone service,No,No internet service,No internet service,No internet service,No internet service,No internet service,No internet service,Month-to-month,Yes,Bank transfer (automatic),23.7,361.68,Yes
C-5d6ecc40,Female,0,No,No,65,Yes,Yes,No,No internet service,No internet service,No internet service,No internet service,No internet service,No internet service,Month-to-month,Yes,Mailed check,19.29,1255.04,No
C-702deb6e,Male,1,No,Yes,23,Yes,Yes,Fiber optic,Yes,Yes,No,Yes,No,No internet service,Two year,Yes,Credit card (automatic),58.87,1308.39,No
C-2d921c5b,Male,0,No,No,18,Yes,Yes,Fiber optic,No,No,No,Yes,No,No internet service,Month-to-month,Yes,Bank transfer (automatic),44.86,827.5,No
C-2992d9cc,Female,0,No,No,40,Yes,Yes,DSL,No internet service,Yes,No,No,No internet service,No,Month-to-month,Yes,Bank transfer (automatic),30.59,1229.19,No
C-00e268cd,Male,0,No,No,47,Yes,Yes,Fiber optic,No,No internet service,No,No,Yes,No,Two year,Yes,Bank transfer (automatic),53.03,2529.36,No
C-fa997705,Male,0,Yes,Yes,40,Yes,Yes,DSL,No,Yes,No,No,No,No,Month-to-month,Yes,Mailed check,32.03,1262.19,No
C-2121e1eb,Male,0,Yes,No,48,Yes,No phone service,DSL,Yes,No,No,No internet service,Yes,No,Month-to-month,Yes,Bank transfer (automatic),39.73,1916.41,No
C-83c5c411,Male,0,Yes,Yes,44,Yes,No phone service,No,No internet service,No internet service,No internet service,No internet service,No internet service,No internet service,Two year,Yes,Bank transfer (automatic),18.0,788.76,No
C-c5812ca5,Male,0,No,No,30,Yes,Yes,Fiber optic,No,No,No,Yes,No,No,One year,Yes,Mailed check,46.52,1375.57,No
C-aaaaa1e5,Male,0,Yes,No,31,No,No phone service,Fiber optic,Yes,No,No,No,Yes,No,One year,Yes,Bank transfer (automatic),57.88,1789.12,No
C-d26ac027,Female,1,No,No,51,Yes,No,Fiber optic,No,Yes,Yes,No,No,No,Two year,Yes,Mailed check,55.47,2843.1,No
C-39ce39b5,Female,0,Yes,No,67,Yes,No,DSL,No,No,No,No internet service,Yes,No internet service,Month-to-month,No,Credit card (automatic),30.88,2031.17,No
C-4f1a6ede,Male,1,Yes,Yes,54,Yes,No,Fiber optic,No,No,No internet service,No,Yes,Yes,One year,Yes,Mailed check,48.65,2609.03,No
C-c2ea5d75,Male,0,No,No,3,Yes,No,No,No internet service,No internet service,No internet service,No internet service,No internet service,No internet service,One year,No,Bank transfer (automatic),21.64,80.6,No
C-b2ed2057,Female,1,Yes,No,7,Yes,Yes,Fiber optic,No,No,No,Yes,Yes,Yes,Two year,Yes,Bank transfer (automatic),56.58,382.18,No
C-9e36dcbb,Male,0,No,No,8,Yes,No,DSL,Yes,No,No,No,No,No,One year,No,Electronic check,33.17,267.76,No
C-11f93e9e,Female,0,Yes,No,42,Yes,No,DSL,No,No internet service,Yes,No,Yes,Yes,Month-to-month,Yes,Bank transfer (automatic),41.03,1761.44,No
C-2a34bea7,Male,0,No,No,7,Yes,Yes,Fiber optic,No,Yes,No,Yes,No,Yes,Two year,No,Electronic check,54.74,367.44,No
C-5122b0af,Female,0,Yes,No,26,Yes,Yes,DSL,Yes,No,Yes,No,Yes,No,Month-to-month,Yes,Bank transfer (automatic),41.3,1082.11,No
C-28739482,Male,0,Yes,No,58,Yes,No phone service,DSL,No,No,Yes,No,No,Yes,Month-to-month,Yes,Bank transfer (automatic),38.16,2175.31,No
C-dc4dc508,Female,1,No,No,2,Yes,Yes,DSL,No,No,Yes,No,No,Yes,Month-to-month,Yes,Electronic check,32.99,53.12,Yes
C-4936efbb,Male,0,No,No,20,Yes,Yes,No,No internet service,No internet service,No internet service,No internet service,No internet service,No internet service,Month-to-month,Yes,Electronic check,18.0,347.21,Yes
C-4be3f2dd,Male,0,Yes,No,10,Yes,No,Fiber optic,No,Yes,No,Yes,No,No,Month-to-month,Yes,Mailed check,49.99,477.03,No
C-f3b1e981,Female,0,Yes,No,63,Yes,No,Fiber optic,No,Yes,No,No internet service,No,Yes,Month-to-month,Yes,Credit card (automatic),50.97,3205.97,Yes
C-732c9cc7,Male,0,Yes,No,13,Yes,Yes,Fiber optic,No,No,No,No,No internet service,No,One year,Yes,Mailed check,39.54,530.71,No
C-38b4f3bc,Male,0,No,No,32,Yes,Yes,No,No internet service,No internet service,No internet service,No internet service,No internet service,No internet service,Month-to-month,Yes,Bank transfer (automatic),19.01,613.52,No
C-750df4ec,Male,0,No,No,0,Yes,No,Fiber optic,No,No,Yes,Yes,No internet service,Yes,Month-to-month,No,Mailed check,53.92,1.01,Yes
C-cc7b9d61,Male,1,No,No,62,Yes,Yes,Fiber optic,Yes,Yes,No,No,Yes,No,Two year,Yes,Electronic check,57.0,3539.59,No
C-f84fdd05,Male,0,No,No,37,Yes,No,Fiber optic,No,Yes,No internet service,No,Yes,Yes,Month-to-month,Yes,Electronic check,54.33,2007.42,No
C-7c8cab32,Male,0,Yes,No,43,Yes,No,Fiber optic,No,No,No,No,Yes,No,Month-to-month,Yes,Electronic check,47.4,2048.96,Yes
C-6348f5fe,Female,0,Yes,No,15,Yes,Yes,DSL,Yes,Yes,Yes,No,No,Yes,One year,Yes,Electronic check,45.61,695.17,No
C-58a7b54c,Male,0,No,No,45,No,No phone service,DSL,No,No,No,No internet service,No,No,Month-to-month,No,Bank transfer (automatic),18.0,796.98,No
C-42b91f95,Female,0,No,No,64,Yes,Yes,Fiber optic,No,No,Yes,Yes,Yes,No,Month-to-month,Yes,Bank transfer (automatic),59.55,3784.23,Yes
C-eb3f22dd,Male,0,No,Yes,29,Yes,Yes,Fiber optic,Yes,Yes,No,No,No internet service,No internet service,One year,Yes,Electronic check,47.44,1412.06,Yes
C-ba93fbb0,Male,0,No,No,28,Yes,No,No,No internet service,No internet service,No internet service,No internet service,No internet service,No internet service,Two year,Yes,Credit card (automatic),18.45,506.53,No
C-a8c86d4c,Female,0,Yes,Yes,72,Yes,No,DSL,No,Yes,Yes,Yes,No,No,Month-to-month,Yes,Bank transfer (automatic),45.59,3240.24,No
C-431cff33,Female,0,Yes,No,24,Yes,No,Fiber optic,No,Yes,No,No,No,No,One year,Yes,Electronic check,47.97,1178.58,Yes
C-8cb30f60,Female,0,Yes,No,50,Yes,Yes,No,No internet service,No internet service,No internet service,No internet service,No internet service,No internet service,Two year,Yes,Mailed check,18.0,904.1,No
C-3f5d081c,Female,0,Yes,No,23,Yes,No,Fiber optic,Yes,No,No,No,No,No,Month-to-month,Yes,Electronic check,46.78,1066.48,Yes
C-a2dcf9cb,Female,1,No,No,18,Yes,Yes,Fiber optic,No internet service,Yes,No,Yes,Yes,No,Month-to-month,Yes,Electronic check,56.09,1017.09,No
C-6f803eae,Male,1,No,No,68,Yes,No phone service,Fiber optic,No,No internet service,No,Yes,Yes,No,Two year,Yes,Credit card (automatic),54.83,3742.57,No
C-46369aeb,Female,1,Yes,No,64,Yes,Yes,Fiber optic,No,Yes,No,Yes,No,No,Month-to-month,Yes,Bank transfer (automatic),45.28,2900.59,No
C-a8516e3b,Female,0,Yes,No,43,Yes,Yes,Fiber optic,No,No,No internet service,Yes,No,No,One year,Yes,Mailed check,46.82,2022.25,No
C-641f8bed,Female,0,No,No,68,Yes,Yes,No,No internet service,No internet service,No internet service,No internet service,No internet service,No internet service,Month-to-month,Yes,Credit card (automatic),18.0,1249.25,No
C-8424e7f0,Male,0,Yes,Yes,1,No,No phone service,Fiber optic,Yes,Yes,No,Yes,No,No,One year,Yes,Credit card (automatic),55.39,35.27,Yes
C-c2dafa4a,Female,0,No,Yes,40,Yes,No,DSL,No internet service,No internet service,Yes,No,No,No internet service,Two year,Yes,Electronic check,26.61,1060.41,No
C-266b6254,Female,0,No,No,52,Yes,No phone service,DSL,Yes,No,Yes,No internet service,No,No,Month-to-month,Yes,Electronic check,34.76,1818.6,No
C-78bd37ff,Female,0,No,No,22,Yes,Yes,Fiber optic,No,No,No,No,No,Yes,Month-to-month,No,Credit card (automatic),42.17,929.47,Yes
C-65e889e3,Female,0,No,No,21,Yes,Yes,DSL,No,Yes,No,No,No internet service,Yes,One year,Yes,Electronic check,34.12,696.23,No
C-04cf115c,Male,0,Yes,No,68,Yes,No,DSL,No internet service,No,Yes,No,No,No,Month-to-month,No,Electronic check,29.03,1981.05,No
C-23ee70ea,Male,0,No,No,59,Yes,No,No,No internet service,No internet service,No internet service,No internet service,No internet service,No internet service,Month-to-month,Yes,Electronic check,28.69,1702.39,Yes
C-d00b5689,Male,1,Yes,No,36,Yes,Yes,Fiber optic,No,Yes,No,Yes,No,Yes,One year,Yes,Credit card (automatic),54.61,1957.11,No
C-8ca2bfe8,Female,0,Yes,No,6,Yes,No,No,No internet service,No internet service,No internet service,No internet service,No internet service,No internet service,Two year,No,Mailed check,18.0,101.44,No
C-258259a5,Male,0,Yes,No,31,Yes,No,Fiber optic,No,No,No,Yes,No,No,Month-to-month,No,Electronic check,42.78,1332.67,No
C-56b2d99e,Female,0,Yes,Yes,4,Yes,No phone service,Fiber optic,No,Yes,No,No,Yes,Yes,Month-to-month,Yes,Mailed check,58.3,234.73,Yes
C-f2e4e452,Male,0,Yes,Yes,65,Yes,Yes,No,No internet service,No internet service,No internet service,No internet service,No internet service,No internet service,Month-to-month,No,Electronic check,20.89,1329.55,No
C-72092b72,Female,0,Yes,No,57,Yes,Yes,DSL,No,No,No internet service,No,No,No,Month-to-month,Yes,Bank transfer (automatic),23.98,1328.37,Yes
C-7962fa20,Female,0,No,No,34,Yes,Yes,Fiber optic,No,Yes,Yes,No,No,No,Two year,No,Mailed check,46.29,1580.73,No
C-38e55274,Female,0,Yes,No,41,Yes,No,No,No internet service,No internet service,No internet service,No internet service,No internet service,No internet service,One year,Yes,Credit card (automatic),22.98,941.03,No
C-b50cd598,Male,1,No,Yes,57,Yes,Yes,Fiber optic,Yes,No,No,No,No,No,One year,Yes,Mailed check,42.72,2448.9,No
C-ad5d2501,Female,0,No,No,27,Yes,No,DSL,No,No,No,No,No internet service,No,Month-to-month,Yes,Mailed check,21.59,621.6,No
C-8bb2079e,Female,0,No,No,66,Yes,No,Fiber optic,No,No,No,No internet service,No,Yes,Month-to-month,No,Credit card (automatic),45.46,2967.75,Yes
C-9f852fdf,Female,0,No,No,29,Yes,No,DSL,No,No,Yes,No,No,Yes,One year,Yes,Mailed check,38.28,1108.42,No
C-585e1a46,Female,0,Yes,Yes,64,Yes,Yes,DSL,Yes,No,Yes,Yes,Yes,Yes,Two year,Yes,Bank transfer (automatic),47.91,3088.5,No
C-8f5cd8dc,Female,1,No,No,71,Yes,No,No,No internet service,No internet service,No internet service,No internet service,No internet service,No internet service,Month-to-month,Yes,Credit card (automatic),20.56,1463.99,Yes
C-7e0d1366,Male,0,Yes,Yes,69,Yes,No phone service,Fiber optic,Yes,No,No,No internet service,Yes,Yes,Two year,Yes,Electronic check,59.61,4089.34,No
C-24614731,Female,0,Yes,No,13,Yes,No,Fiber optic,No,No,No,No,Yes,No,One year,Yes,Credit card (automatic),52.95,691.41,No
C-bd88bedf,Female,0,Yes,No,60,Yes,No phone service,Fiber optic,No,No,Yes,No internet service,No,Yes,Month-to-month,No,Credit card (automatic),53.07,3193.4,No
C-82a16146,Male,0,No,No,45,Yes,No,Fiber optic,No,Yes,No,No,Yes,No,Two year,Yes,Credit card (automatic),50.64,2300.66,No
C-b90e37ef,Female,0,No,No,25,Yes,Yes,Fiber optic,No,No,No internet service,Yes,Yes,Yes,Month-to-month,No,Mailed check,58.65,1460.3,Yes
C-0d918362,Male,0,No,Yes,57,Yes,No,DSL,No,Yes,Yes,No,No internet service,No,One year,Yes,Electronic check,36.12,2068.06,No
C-7045fd87,Male,1,No,No,7,No,No phone service,DSL,No,No,No internet service,No,No internet service,No,Month-to-month,Yes,Mailed check,25.13,172.78,Yes
C-1d033003,Male,0,Yes,Yes,48,No,No phone service,No,No internet service,No internet service,No internet service,No internet service,No internet service,No internet service,One year,Yes,Bank transfer (automatic),21.64,1023.96,No
C-b1cdca12,Male,0,Yes,No,57,Yes,Yes,DSL,Yes,No,No,No,No,Yes,Two year,Yes,Electronic check,39.66,2287.34,No
C-c79ccba0,Male,0,No,Yes,37,Yes,No,No,No internet service,No internet service,No internet service,No internet service,No internet service,No internet service,Month-to-month,Yes,Credit card (automatic),24.95,928.28,No
C-f552e255,Female,0,Yes,No,27,Yes,Yes,DSL,Yes,No,Yes,Yes,No,Yes,Two year,Yes,Credit card (automatic),49.95,1339.67,No
C-c8040ecc,Male,1,No,Yes,6,Yes,Yes,DSL,No,No internet service,No,Yes,No,Yes,Month-to-month,No,Mailed check,34.61,203.14,No
C-3819a3a1,Male,0,Yes,No,54,Yes,Yes,No,No internet service,No internet service,No internet service,No internet service,No internet service,No internet service,Month-to-month,No,Credit card (automatic),23.92,1280.8,No
C-6e12366d,Female,0,No,No,46,Yes,Yes,Fiber optic,Yes,No,No,No,Yes,Yes,Month-to-month,Yes,Bank transfer (automatic),53.5,2489.94,No
C-2c0afe2c,Male,0,No,Yes,32,Yes,Yes,No,No internet service,No internet service,No internet service,No internet service,No internet service,No internet service,Two year,No,Electronic check,22.22,699.72,No
C-9e3fb25b,Male,0,Yes,No,52,Yes,No,Fiber optic,No,Yes,No,No,Yes,No,One year,No,Electronic check,53.55,2739.81,No
C-e20de6d3,Female,0,Yes,No,38,Yes,No phone service,Fiber optic,No,Yes,No,Yes,No,Yes,Month-to-month,No,Bank transfer (automatic),57.05,2189.0,Yes
C-06aaf653,Male,0,No,No,20,Yes,No,DSL,No,No,No,No internet service,Yes,Yes,Month-to-month,No,Credit card (automatic),35.22,673.54,Yes
C-43cf3e03,Male,0,No,No,7,Yes,Yes,DSL,No,Yes,No,Yes,No,No,Month-to-month,Yes,Electronic check,35.13,261.35,No
C-354d9dc7,Male,0,Yes,No,61,Yes,No phone service,No,No internet service,No internet service,No internet service,No internet service,No internet service,No internet service,One year,No,Electronic check,18.0,1103.79,No
C-cb24aece,Male,1,No,No,54,Yes,No,No,No internet service,No internet service,No internet service,No internet service,No internet service,No internet service,Month-to-month,Yes,Electronic check,20.75,1140.65,Yes
C-aa9b46c0,Female,0,No,No,50,Yes,No,DSL,No,No,Yes,No,No,No internet service,Month-to-month,Yes,Electronic check,30.89,1533.47,No
C-cc3dfa3a,Female,0,Yes,No,22,Yes,No,No,No internet service,No internet service,No internet service,No internet service,No internet service,No internet service,Two year,No,Electronic check,21.32,430.09,No
C-8e6e8664,Male,0,No,No,19,Yes,Yes,No,No internet service,No internet service,No internet service,No internet service,No internet service,No internet service,One year,Yes,Credit card (automatic),22.25,406.09,No
C-6905e26a,Male,0,No,No,71,Yes,No phone service,Fiber optic,No,Yes,No,No,Yes,Yes,Two year,No,Electronic check,59.53,4220.31,No
C-4e60c100,Male,0,No,Yes,49,Yes,Yes,No,No internet service,No internet service,No internet service,No internet service,No internet service,No internet service,Month-to-month,Yes,Credit card (automatic),21.95,1105.99,No
C-14386e2e,Female,0,No,No,20,Yes,No phone service,No,No internet service,No internet service,No internet service,No internet service,No internet service,No internet service,Two year,Yes,Bank transfer (automatic),19.81,382.99,No
C-63295922,Female,0,No,No,21,Yes,No,DSL,No,No,No,Yes,No,No,Month-to-month,Yes,Credit card (automatic),30.18,634.65,No
C-56ba9f87,Female,0,No,No,25,Yes,Yes,DSL,No,No,No,No,No,No,Month-to-month,Yes,Credit card (automatic),27.63,687.93,No
C-50ebcf1e,Female,0,No,No,32,Yes,Yes,Fiber optic,No,Yes,Yes,No,Yes,Yes,Two year,No,Electronic check,60.7,1936.48,No
C-61e845b0,Female,1,No,No,35,Yes,No,DSL,No,Yes,No,No,No internet service,Yes,Month-to-month,Yes,Credit card (automatic),33.03,1177.87,No
C-6facdc00,Female,0,Yes,No,65,Yes,Yes,Fiber optic,No,No,No,No,No,No,Month-to-month,No,Credit card (automatic),41.19,2668.27,No
C-fa485a7a,Female,1,Yes,No,55,Yes,Yes,DSL,No,No,No internet service,Yes,No internet service,Yes,One year,No,Credit card (automatic),36.16,1998.27,No
C-8cee3c14,Male,0,Yes,Yes,49,Yes,Yes,DSL,Yes,No,Yes,No,No,Yes,One year,Yes,Mailed check,43.29,2132.87,No
C-451c6da2,Male,1,No,Yes,6,Yes,No,DSL,No,No,No,Yes,No,No,Month-to-month,No,Electronic check,30.07,204.62,No
C-5dbafd1d,Female,0,No,No,57,Yes,Yes,Fiber optic,No,No,Yes,No,Yes,No,One year,Yes,Bank transfer (automatic),56.33,3195.0,No
C-aa9e2c51,Male,1,Yes,No,10,Yes,No phone service,Fiber optic,No,Yes,Yes,No,Yes,Yes,Month-to-month,Yes,Credit card (automatic),54.27,554.16,Yes
C-1de186cd,Male,0,No,No,5,Yes,Yes,Fiber optic,No internet service,No,No,No internet service,No,Yes,One year,No,Electronic check,43.41,204.97,No
C-c5d9d504,Female,0,No,No,23,No,No phone service,DSL,No,No,No internet service,Yes,Yes,No,Month-to-month,No,Electronic check,33.41,763.42,Yes
C-251cb49f,Female,0,No,No,18,Yes,Yes,DSL,Yes,Yes,No,Yes,Yes,Yes,Month-to-month,Yes,Electronic check,51.39,943.37,No
C-0ad8439c,Male,0,Yes,No,23,Yes,Yes,Fiber optic,No,No,No,Yes,No,No,Month-to-month,No,Credit card (automatic),45.33,1067.41,Yes
C-16f7249a,Female,0,Yes,No,63,Yes,No,Fiber optic,Yes,No,No,No,Yes,Yes,Month-to-month,No,Electronic check,54.65,3468.24,Yes
C-a71b0718,Female,0,No,Yes,7,Yes,No phone service,Fiber optic,No internet service,No internet service,Yes,No,Yes,No,Month-to-month,No,Credit card (automatic),44.27,336.0,Yes
C-3cb9e577,Female,0,Yes,No,30,No,No phone service,No,No internet service,No internet service,No internet service,No internet service,No internet service,No internet service,Two year,Yes,Bank transfer (automatic),18.16,565.15,No
C-cbaf688c,Female,1,Yes,No,4,Yes,No,Fiber optic,No,Yes,Yes,No,Yes,Yes,Two year,No,Electronic check,59.57,209.7,Yes
C-7e8155f2,Male,0,Yes,No,20,Yes,No,No,No internet service,No internet service,No internet service,No internet service,No internet service,No internet service,Month-to-month,Yes,Electronic check,23.23,459.26,No
C-ea07d0f1,Male,0,No,No,42,Yes,Yes,No,No internet service,No internet service,No internet service,No internet service,No internet service,No internet service,Month-to-month,No,Mailed check,19.6,779.83,No
C-1efc6269,Male,1,Yes,No,62,Yes,Yes,Fiber optic,No,No,No,No,No,No,Month-to-month,Yes,Electronic check,42.94,2634.64,Yes
C-916135af,Male,1,Yes,Yes,49,Yes,Yes,Fiber optic,No,No,No,No,No,Yes,Two year,No,Credit card (automatic),54.54,2685.46,No
C-3b53dfd4,Male,0,Yes,No,4,Yes,Yes,DSL,Yes,Yes,Yes,Yes,Yes,No,One year,Yes,Credit card (automatic),52.91,198.4,No
C-f7a0b1be,Male,0,No,No,8,Yes,No,Fiber optic,No,No,No,No,No,Yes,Month-to-month,No,Electronic check,49.76,405.05,Yes
C-4e4e33a1,Female,0,No,Yes,54,Yes,Yes,DSL,No,No,Yes,No,No,Yes,Month-to-month,Yes,Electronic check,39.53,2135.67,No
C-705f60ed,Female,0,No,Yes,43,Yes,No phone service,No,No internet service,No internet service,No internet service,No internet service,No internet service,No internet service,Month-to-month,No,Bank transfer (automatic),18.0,742.84,No
C-790d9ca8,Male,0,Yes,No,2,Yes,No phone service,DSL,Yes,No,Yes,No,No,Yes,One year,No,Credit card (automatic),44.5,88.72,Yes
C-f8a7ea84,Male,0,Yes,No,63,Yes,No,No,No internet service,No internet service,No internet service,No internet service,No internet service,No internet service,Month-to-month,Yes,Electronic check,18.34,1170.43,No
C-1b9aae61,Male,0,No,Yes,27,Yes,Yes,No,No internet service,No internet service,No internet service,No internet service,No internet service,No internet service,Month-to-month,Yes,Credit card (automatic),18.0,508.85,No
C-51c14e2c,Male,0,Yes,No,63,Yes,No,DSL,No,No,No,Yes,Yes,No,Month-to-month,No,Bank transfer (automatic),36.28,2303.68,No
C-8d2fdb95,Female,1,No,No,65,No,No phone service,DSL,No internet service,No,Yes,No internet service,No,Yes,Month-to-month,Yes,Credit card (automatic),37.09,2403.09,No
C-1fd37b8e,Male,0,Yes,No,38,Yes,No,No,No internet service,No internet service,No internet service,No internet service,No internet service,No internet service,Two year,Yes,Mailed check,22.25,837.7,No
C-8d7dd826,Female,0,No,No,12,Yes,Yes,Fiber optic,No,No internet service,No internet service,Yes,No,No,Month-to-month,Yes,Electronic check,51.51,578.62,Yes
C-3a3f2157,Female,0,Yes,No,24,Yes,No,DSL,No,Yes,No,No,No,No internet service,One year,No,Electronic check,30.91,746.41,No
C-d88caab1,Male,1,Yes,No,68,Yes,No phone service,Fiber optic,No,No,No,No,No,No,One year,Yes,Bank transfer (automatic),37.94,2579.86,Yes
C-8a42e478,Male,0,Yes,No,51,Yes,No phone service,DSL,No,No,No,No,No,No,Month-to-month,Yes,Bank transfer (automatic),20.52,1030.57,No
C-52232a41,Male,1,No,Yes,57,Yes,Yes,No,No internet service,No internet service,No internet service,No internet service,No internet service,No internet service,Two year,No,Electronic check,22.23,1271.67,No
C-953ca3cb,Male,0,Yes,Yes,27,Yes,Yes,Fiber optic,Yes,No internet service,Yes,Yes,No,Yes,One year,No,Credit card (automatic),60.61,1638.08,No
C-b52b7fb3,Female,0,Yes,Yes,32,Yes,No phone service,No,No internet service,No internet service,No internet service,No internet service,No internet service,No internet service,Month-to-month,Yes,Credit card (automatic),18.96,632.94,No
C-dde16efb,Male,0,No,No,29,Yes,No,DSL,Yes,Yes,Yes,No,No,Yes,Month-to-month,No,Bank transfer (automatic),45.39,1287.94,No
C-a06b4c35,Male,1,Yes,No,47,Yes,No phone service,Fiber optic,No,Yes,Yes,No,Yes,No,Month-to-month,Yes,Mailed check,50.95,2395.66,Yes
C-a3512eb9,Female,0,No,No,5,Yes,No phone service,DSL,No,No,No,Yes,No,No,Month-to-month,Yes,Electronic check,28.73,145.4,Yes
C-9a5a50fa,Male,1,Yes,Yes,69,Yes,Yes,No,No internet service,No internet service,No internet service,No internet service,No internet service,No internet service,Month-to-month,Yes,Electronic check,19.48,1316.5,No
C-e7b50ab9,Female,0,No,Yes,58,Yes,No phone service,DSL,Yes,Yes,No,No internet service,No,No,Two year,Yes,Bank transfer (automatic),36.17,2061.08,No
C-eeeaee9a,Male,0,No,Yes,35,No,No phone service,No,No internet service,No internet service,No internet service,No internet service,No internet service,No internet service,Month-to-month,No,Electronic check,24.0,849.94,Yes
C-849c054a,Male,1,No,No,52,Yes,No,DSL,No internet service,Yes,No,No,No,No,One year,No,Mailed check,31.93,1661.76,No
C-89b68565,Male,1,No,No,72,Yes,No phone service,DSL,No internet service,No,No,No,Yes,Yes,One year,Yes,Bank transfer (automatic),35.35,2545.09,No
C-9eb57f50,Male,0,No,No,0,Yes,No phone service,Fiber optic,Yes,Yes,No internet service,Yes,No internet service,No internet service,Month-to-month,No,Electronic check,54.07,27.16,Yes
C-0f515d5b,Female,0,Yes,Yes,3,Yes,No,Fiber optic,Yes,No,No,No,No,No,Month-to-month,Yes,Bank transfer (automatic),40.64,135.88,Yes
C-924a7adb,Male,0,Yes,No,12,Yes,Yes,No,No internet service,No internet service,No internet service,No internet service,No internet service,No internet service,Month-to-month,No,Electronic check,25.36,300.34,No
C-3d1fdbf1,Female,0,No,Yes,40,Yes,Yes,DSL,Yes,No,Yes,No internet service,No,No internet service,One year,No,Electronic check,34.71,1356.87,No
C-356bac98,Male,0,Yes,No,72,Yes,No phone service,DSL,Yes,Yes,Yes,No,No,No,Month-to-month,No,Bank transfer (automatic),39.81,2884.69,No
C-48ece9bc,Female,0,Yes,No,31,Yes,No phone service,Fiber optic,No,No,No,No,Yes,Yes,One year,Yes,Credit card (automatic),50.88,1583.88,No
C-99e1e6e3,Female,0,Yes,No,0,Yes,Yes,Fiber optic,No,No,Yes,No,No,No,Month-to-month,No,Electronic check,43.03,4.3,Yes
C-42e00644,Female,0,Yes,No,28,Yes,No,No,No internet service,No internet service,No internet service,No internet service,No internet service,No internet service,Month-to-month,Yes,Bank transfer (automatic),18.46,502.88,No
C-88f80586,Female,0,No,No,30,No,No phone service,DSL,No,No,Yes,No internet service,No,Yes,Two year,Yes,Electronic check,34.68,1004.2,No
C-ed1ff17f,Male,0,No,No,33,Yes,Yes,No,No internet service,No internet service,No internet service,No internet service,No internet service,No internet service,Month-to-month,Yes,Mailed check,21.78,712.5,No
C-6576d00b,Female,0,No,Yes,56,Yes,Yes,DSL,No,No,Yes,No,Yes,No,Month-to-month,No,Credit card (automatic),33.44,1923.6,No
C-e77cfaa5,Male,0,No,No,40,Yes,No,Fiber optic,Yes,Yes,No,No internet service,No,Yes,Month-to-month,Yes,Electronic check,51.31,2040.26,Yes
C-1d5b4abe,Male,0,No,No,28,Yes,No,No,No internet service,No internet service,No internet service,No internet service,No internet service,No internet service,One year,No,Mailed check,19.09,567.32,No
C-ca14439e,Female,1,Yes,No,7,Yes,No phone service,Fiber optic,No,Yes,Yes,No,Yes,Yes,Month-to-month,No,Mailed check,62.07,446.7,Yes
C-36ca56ad,Male,0,Yes,No,10,Yes,Yes,No,No internet service,No internet service,No internet service,No internet service,No internet service,No internet service,Month-to-month,Yes,Bank transfer (automatic),18.0,181.76,Yes
C-999d24a6,Male,0,Yes,No,39,Yes,Yes,No,No internet service,No internet service,No internet service,No internet service,No internet service,No internet service,Two year,No,Bank transfer (automatic),18.55,727.54,No
C-76766264,Female,0,No,No,48,Yes,Yes,Fiber optic,No internet service,No,No,No,No,Yes,Month-to-month,Yes,Mailed check,49.52,2358.26,No
C-b134c171,Female,1,No,No,37,Yes,No,Fiber optic,No,No,No,No,No,No internet service,Month-to-month,Yes,Electronic check,39.83,1449.8,No
C-594a2c4c,Male,0,Yes,No,30,Yes,Yes,Fiber optic,Yes,No,No,Yes,No,No internet service,Two year,No,Electronic check,52.83,1586.28,No
C-3628666f,Male,0,Yes,Yes,58,No,No phone service,DSL,No,No internet service,No,No,No,Yes,Month-to-month,Yes,Electronic check,28.76,1653.65,No
C-eba5d315,Male,0,Yes,Yes,33,Yes,No,Fiber optic,No,No,No,No internet service,Yes,Yes,Month-to-month,Yes,Electronic check,56.66,1856.54,Yes
C-95815c04,Female,1,Yes,No,51,Yes,Yes,Fiber optic,Yes,No,Yes,Yes,No,No,Month-to-month,No,Mailed check,55.41,2806.29,No
C-c3b2d377,Female,0,No,No,72,Yes,No,No,No internet service,No internet service,No internet service,No internet service,No internet service,No internet service,Two year,Yes,Mailed check,19.55,1403.4,No
C-771e9547,Male,0,Yes,No,48,Yes,Yes,Fiber optic,Yes,Yes,No,Yes,No,Yes,One year,Yes,Electronic check,62.09,2959.89,No
C-63731f70,Male,0,No,No,12,Yes,No,Fiber optic,No,No,Yes,No internet service,No,Yes,Two year,No,Bank transfer (automatic),57.73,681.21,No
C-ca843605,Male,0,No,No,12,Yes,No phone service,No,No internet service,No internet service,No internet service,No internet service,No internet service,No internet service,One year,Yes,Electronic check,20.81,273.0,No
C-458eee66,Male,0,No,No,27,Yes,Yes,Fiber optic,No,No internet service,No,No internet service,Yes,No,Month-to-month,Yes,Bank transfer (automatic),45.84,1261.5,Yes
C-092011e8,Female,0,No,No,5,No,No phone service,No,No internet service,No internet service,No internet service,No internet service,No internet service,No internet service,Month-to-month,Yes,Bank transfer (automatic),22.87,104.46,No
C-a355357e,Male,0,Yes,No,4,Yes,Yes,DSL,No,No,No,No internet service,No internet service,Yes,Month-to-month,No,Electronic check,29.0,148.96,Yes
C-538174a8,Male,0,Yes,No,27,Yes,No,DSL,Yes,No,Yes,No,Yes,Yes,Month-to-month,Yes,Credit card (automatic),44.67,1232.2,No
C-556aebaf,Male,1,Yes,Yes,48,Yes,No,DSL,No,Yes,No,No,Yes,No internet service,Month-to-month,No,Electronic check,35.26,1681.04,No
C-52ae3fc8,Female,0,No,Yes,55,Yes,Yes,Fiber optic,No internet service,Yes,Yes,Yes,Yes,Yes,Month-to-month,No,Electronic check,66.73,3675.34,Yes
C-aedd6a36,Male,0,No,No,31,Yes,No,Fiber optic,Yes,Yes,Yes,No,No,Yes,Two year,No,Mailed check,67.92,2077.97,No
C-d05bac9a,Female,0,Yes,No,1,Yes,No phone service,Fiber optic,No,No,Yes,Yes,Yes,Yes,Two year,No,Electronic check,60.8,58.29,Yes
C-3bf109b9,Male,0,No,Yes,8,No,No phone service,Fiber optic,No,No,No,No internet service,No,No,Two year,Yes,Electronic check,44.47,335.94,No
C-e4753998,Male,1,Yes,Yes,29,Yes,No,Fiber optic,No,No,No internet service,No internet service,No,No internet service,One year,Yes,Electronic check,39.73,1162.91,No
C-d3892964,Male,0,Yes,No,3,Yes,No phone service,Fiber optic,No,Yes,No internet service,No,No,No,Two year,Yes,Bank transfer (automatic),47.1,143.17,No
C-8155c6c3,Male,0,No,No,41,Yes,No phone service,DSL,No,No,Yes,No,Yes,Yes,Month-to-month,Yes,Electronic check,38.52,1595.78,Yes
C-e4140bd4,Female,0,No,No,2,No,No phone service,DSL,No,No,No,Yes,No,No internet service,Month-to-month,No,Electronic check,28.49,52.84,Yes
C-2917b997,Male,0,No,No,23,Yes,No,No,No internet service,No internet service,No internet service,No internet service,No internet service,No internet service,Two year,Yes,Bank transfer (automatic),24.01,569.01,No
C-ab8e6953,Female,0,No,No,65,Yes,No,Fiber optic,Yes,No,Yes,Yes,Yes,Yes,One year,No,Credit card (automatic),72.81,4737.19,No
C-b5c255e6,Male,0,Yes,Yes,61,Yes,Yes,DSL,Yes,No,Yes,No,Yes,No internet service,Month-to-month,Yes,Electronic check,39.63,2395.43,Yes
C-39108ff1,Male,0,No,No,59,Yes,Yes,No,No internet service,No internet service,No internet service,No internet service,No internet service,No internet service,Two year,No,Bank transfer (automatic),18.0,1050.87,No
C-9608d53b,Male,0,Yes,Yes,34,Yes,Yes,Fiber optic,No,No,Yes,No,Yes,No,Two year,No,Mailed check,47.79,1622.56,No
C-f104d334,Female,1,Yes,Yes,55,No,No phone service,Fiber optic,No,Yes,Yes,No,Yes,Yes,Two year,Yes,Electronic check,60.73,3343.59,Yes
C-7b8605de,Female,0,Yes,Yes,22,Yes,No,DSL,No,Yes,Yes,No,No,No,Month-to-month,No,Credit card (automatic),33.55,752.79,Yes
C-842c4c10,Female,1,Yes,No,57,Yes,No phone service,Fiber optic,No,No internet service,No,No,Yes,Yes,Month-to-month,Yes,Mailed check,49.31,2820.88,No
C-e057cac0,Male,1,No,No,20,Yes,Yes,Fiber optic,No,Yes,No internet service,No,No internet service,Yes,Month-to-month,Yes,Electronic check,52.59,1017.78,Yes
C-e898c04b,Female,1,Yes,Yes,43,Yes,Yes,DSL,No,Yes,No,Yes,Yes,Yes,Two year,No,Credit card (automatic),40.3,1741.61,No
C-c0b812fd,Female,0,Yes,No,51,Yes,No,Fiber optic,Yes,No,No internet service,No,No,No,Month-to-month,Yes,Mailed check,48.02,2445.22,No
C-38034838,Female,1,Yes,No,64,Yes,No phone service,Fiber optic,Yes,Yes,Yes,No internet service,Yes,Yes,Two year,No,Bank transfer (automatic),71.93,4610.86,Yes
C-9e025a27,Female,0,No,No,47,Yes,No,DSL,No,No,No,No,Yes,No,Month-to-month,Yes,Credit card (automatic),31.9,1493.31,No
C-f5aaeb9d,Male,0,Yes,No,63,Yes,No,Fiber optic,No,No,No,No,No internet service,No,Two year,Yes,Electronic check,44.1,2756.67,No
C-01d9d2e5,Female,1,Yes,Yes,32,Yes,No,Fiber optic,Yes,No,No,No,No,No,Two year,No,Bank transfer (automatic),41.93,1402.76,No
C-e329824a,Male,0,No,No,57,No,No phone service,Fiber optic,No,No,No,Yes,Yes,No internet service,Month-to-month,Yes,Mailed check,52.52,3014.35,No
C-9048ff7a,Male,0,Yes,Yes,49,Yes,No phone service,Fiber optic,Yes,Yes,No,No,Yes,Yes,One year,Yes,Bank transfer (automatic),58.08,2838.74,No
C-e55cd929,Male,0,Yes,No,60,Yes,No phone service,DSL,No,Yes,No internet service,No,No,No,One year,No,Electronic check,28.98,1733.56,No
C-b1a28c54,Male,0,Yes,No,40,Yes,No phone service,No,No internet service,No internet service,No internet service,No internet service,No internet service,No internet service,Month-to-month,No,Mailed check,20.8,856.8,No
C-683f293b,Male,0,No,Yes,35,Yes,No,Fiber optic,No,Yes,No,Yes,No,No,Month-to-month,Yes,Electronic check,50.04,1742.53,No
C-c31da249,Female,0,No,No,20,Yes,Yes,No,No internet service,No internet service,No internet service,No internet service,No internet service,No internet service,Month-to-month,No,Electronic check,20.56,385.3,Yes
C-092e0604,Male,1,Yes,Yes,13,No,No phone service,DSL,No,No,No internet service,Yes,No,No internet service,Month-to-month,Yes,Mailed check,24.85,313.57,Yes
C-c9258ec5,Male,0,No,Yes,49,Yes,No phone service,Fiber optic,No,Yes,Yes,No,No,No,Month-to-month,Yes,Credit card (automatic),54.02,2668.78,No
C-718ba7c3,Male,0,Yes,No,21,Yes,No,No,No internet service,No internet service,No internet service,No internet service,No internet service,No internet service,Month-to-month,Yes,Bank transfer (automatic),21.89,470.6,No
C-764047b5,Male,1,Yes,No,61,No,No phone service,DSL,Yes,No,Yes,No internet service,No internet service,No,Month-to-month,Yes,Bank transfer (automatic),36.99,2249.18,Yes
C-17dcf08a,Male,0,No,No,30,No,No phone service,DSL,No,Yes,Yes,No,No,No,Two year,Yes,Electronic check,36.51,1067.08,No
C-6efd3635,Female,0,No,Yes,13,Yes,Yes,DSL,No,No internet service,No,Yes,Yes,No,Month-to-month,Yes,Credit card (automatic),35.85,471.46,No
C-9692a0e3,Male,0,No,No,55,Yes,Yes,Fiber optic,No,No,Yes,No,No,Yes,Two year,Yes,Credit card (automatic),51.83,2853.57,No
C-7ddae7ab,Female,0,No,No,19,Yes,No,Fiber optic,Yes,No,Yes,No,No,Yes,One year,No,Bank transfer (automatic),58.14,1153.48,No
C-162d6fa5,Male,1,No,No,61,Yes,No,No,No internet service,No internet service,No internet service,No internet service,No internet service,No internet service,Month-to-month,Yes,Bank transfer (automatic),23.85,1447.38,No
C-25789e0d,Male,0,No,No,43,Yes,No,No,No internet service,No internet service,No internet service,No internet service,No internet service,No internet service,Month-to-month,No,Credit card (automatic),20.57,862.76,No
C-6e97e157,Male,0,No,No,57,No,No phone service,DSL,No,Yes,No,No,No internet service,Yes,Two year,No,Bank transfer (automatic),40.11,2261.67,No
C-a4a37450,Male,0,No,Yes,12,Yes,No,Fiber optic,No,Yes,Yes,No,No,No,Two year,Yes,Bank transfer (automatic),49.9,600.92,No
C-b6d4a2d6,Female,0,No,No,3,Yes,No,DSL,No,No,No,Yes,No,Yes,One year,Yes,Bank transfer (automatic),35.45,102.23,No
C-5c8be3d9,Female,0,Yes,No,19,Yes,No,Fiber optic,Yes,No internet service,No,Yes,No,No,One year,Yes,Electronic check,49.03,943.86,No
C-a42a2f49,Male,0,Yes,No,14,Yes,No,DSL,No internet service,No,Yes,No internet service,Yes,Yes,One year,Yes,Bank transfer (automatic),46.08,637.35,Yes
C-75125fb2,Male,0,No,Yes,56,Yes,Yes,Fiber optic,Yes,No,Yes,No,No,No internet service,Month-to-month,Yes,Electronic check,51.45,2894.13,No
C-2e4a04ef,Male,0,Yes,No,29,Yes,Yes,DSL,No,No,No,No internet service,No,No,Month-to-month,Yes,Credit card (automatic),21.94,641.85,No
C-3019ed13,Male,0,No,Yes,40,No,No phone service,DSL,No,No internet service,Yes,No,No,No,Month-to-month,No,Bank transfer (automatic),29.32,1165.82,No
C-b0cd7085,Male,0,Yes,No,16,Yes,Yes,Fiber optic,No,No,No internet service,Yes,No,No,One year,Yes,Electronic check,42.76,672.02,No
C-ca251e02,Female,1,Yes,Yes,15,Yes,Yes,Fiber optic,No,Yes,No,No,No,Yes,Month-to-month,Yes,Electronic check,53.28,790.76,Yes
C-60a2bc35,Male,0,Yes,Yes,61,Yes,Yes,DSL,Yes,No internet service,No,No,No internet service,No,Two year,No,Electronic check,33.69,2042.73,No
C-1ee97a72,Male,0,Yes,No,4,No,No phone service,Fiber optic,Yes,No internet service,No,No,No,No internet service,One year,Yes,Electronic check,45.19,188.24,No
C-32f3b277,Female,0,No,Yes,5,Yes,No,DSL,No,No,No,No,No,No,Month-to-month,Yes,Credit card (automatic),26.99,122.18,No
C-687ed249,Female,0,No,No,49,Yes,No,No,No internet service,No internet service,No internet service,No internet service,No internet service,No internet service,Month-to-month,Yes,Credit card (automatic),19.78,977.83,Yes
C-34b9f2e2,Male,0,Yes,No,39,Yes,No phone service,Fiber optic,No internet service,No,Yes,No,Yes,Yes,Month-to-month,Yes,Mailed check,56.71,2209.77,No
C-796d5bc4,Male,0,Yes,Yes,6,Yes,No,No,No internet service,No internet service,No internet service,No internet service,No internet service,No internet service,Two year,Yes,Credit card (automatic),23.01,161.06,No
C-a605b5c3,Male,0,Yes,No,64,No,No phone service,Fiber optic,No,Yes,Yes,No,No,No,Month-to-month,Yes,Bank transfer (automatic),50.26,3186.47,Yes
C-72f5285a,Male,1,Yes,Yes,71,Yes,No phone service,DSL,No,No,Yes,No,No,Yes,Month-to-month,Yes,Electronic check,39.23,2775.88,No
C-0c9a38c0,Male,1,No,No,12,Yes,Yes,DSL,Yes,Yes,No,Yes,No internet service,No,Month-to-month,Yes,Bank transfer (automatic),43.66,510.09,No
C-d76601f6,Male,0,Yes,No,34,Yes,No,Fiber optic,Yes,No,No,No,No,No,One year,Yes,Electronic check,46.84,1581.92,Yes
C-94dd462f,Female,0,No,Yes,16,Yes,Yes,Fiber optic,No,Yes,No,No,No internet service,No,One year,Yes,Bank transfer (automatic),48.87,792.1,Yes
C-c1025e11,Female,0,No,No,55,Yes,No,No,No internet service,No internet service,No internet service,No internet service,No internet service,No internet service,Month-to-month,Yes,Mailed check,20.01,1119.77,No
C-5fc8a869,Female,1,No,Yes,31,Yes,Yes,Fiber optic,Yes,Yes,Yes,Yes,No,Yes,Month-to-month,Yes,Electronic check,74.11,2288.58,Yes
C-342573a8,Female,1,Yes,No,61,Yes,Yes,Fiber optic,No,Yes,Yes,No,Yes,No,Month-to-month,No,Electronic check,54.99,3338.38,Yes
C-e4df290a,Male,0,Yes,No,39,Yes,Yes,DSL,No,No,No,No,No,No,Two year,Yes,Mailed check,25.08,959.67,No
C-c02076ce,Male,1,No,No,33,Yes,Yes,DSL,No,No internet service,No,No,No,Yes,Month-to-month,Yes,Credit card (automatic),29.03,953.37,No
C-5faa1621,Female,0,Yes,No,26,Yes,No,Fiber optic,Yes,No,No,Yes,No,No,Month-to-month,Yes,Electronic check,48.67,1237.76,Yes
C-73b54b12,Male,1,No,No,36,Yes,No phone service,No,No internet service,No internet service,No internet service,No internet service,No internet service,No internet service,Two year,Yes,Credit card (automatic),18.0,620.77,No
C-5955f974,Male,0,No,No,34,Yes,No,No,No internet service,No internet service,No internet service,No internet service,No internet service,No internet service,Month-to-month,Yes,Credit card (automatic),19.19,655.42,No
C-387d0965,Female,0,No,Yes,62,Yes,Yes,Fiber optic,No,No,No,No,Yes,No internet service,Month-to-month,Yes,Mailed check,47.24,2977.58,Yes
C-c3ee18f9,Female,0,Yes,Yes,47,Yes,Yes,DSL,No,No,No,Yes,Yes,No,Month-to-month,No,Mailed check,41.74,1929.16,Yes
C-db5907b7,Female,0,Yes,No,46,No,No phone service,DSL,No,No,No,No,No,No,Month-to-month,No,Electronic check,25.15,1127.86,Yes
C-bc879bee,Female,0,No,No,37,Yes,No phone service,Fiber optic,Yes,No,No internet service,No,No,Yes,Month-to-month,Yes,Mailed check,52.63,1950.08,No
C-27d7c9a2,Male,0,Yes,No,0,Yes,No,Fiber optic,Yes,Yes,No,No,Yes,Yes,Month-to-month,No,Mailed check,60.0,0.0,Yes
C-148c435a,Female,0,No,No,57,Yes,Yes,No,No internet service,No internet service,No internet service,No internet service,No internet service,No internet service,One year,Yes,Electronic check,19.36,1072.92,No
C-c173219f,Male,0,Yes,No,63,Yes,No,No,No internet service,No internet service,No internet service,No internet service,No internet service,No internet service,Two year,Yes,Electronic check,18.0,1150.72,No
C-e7b05af9,Male,1,Yes,No,40,Yes,Yes,No,No internet service,No internet service,No internet service,No internet service,No internet service,No internet service,Month-to-month,Yes,Electronic check,20.5,799.64,No
C-8fe4ffae,Male,0,No,No,37,Yes,No,Fiber optic,No,No,No internet service,No internet service,No,No,Month-to-month,No,Electronic check,39.2,1456.25,Yes
C-8887efc4,Male,0,Yes,No,39,Yes,No phone service,Fiber optic,No,No,No,Yes,No,No,One year,Yes,Credit card (automatic),46.8,1819.87,No
C-a23247ec,Male,0,No,Yes,44,Yes,Yes,Fiber optic,Yes,Yes,Yes,Yes,Yes,No,Month-to-month,No,Electronic check,65.28,2853.82,No
C-e3fcadb9,Male,0,No,No,62,Yes,No phone service,No,No internet service,No internet service,No internet service,No internet service,No internet service,No internet service,One year,Yes,Credit card (automatic),22.38,1403.66,No
C-ac384679,Female,1,No,No,67,Yes,Yes,No,No internet service,No internet service,No internet service,No internet service,No internet service,No internet service,Month-to-month,Yes,Mailed check,18.85,1280.73,No
C-dd2c95e1,Male,0,No,Yes,71,No,No phone service,Fiber optic,No,Yes,Yes,No,No,No internet service,Two year,Yes,Credit card (automatic),53.2,3752.72,No
C-eb83deea,Female,0,Yes,No,9,Yes,Yes,DSL,No,No internet service,No,No,No,No,Two year,Yes,Electronic check,27.25,222.25,No
C-c321f87d,Male,0,Yes,No,29,Yes,Yes,DSL,Yes,No internet service,No,Yes,No,No internet service,Month-to-month,No,Mailed check,34.07,996.55,No
C-3cf7f62f,Female,0,No,No,43,Yes,No,DSL,No,No,Yes,Yes,No,Yes,Month-to-month,Yes,Electronic check,42.11,1814.82,Yes
C-b7448aa4,Female,1,Yes,No,7,Yes,Yes,DSL,No,Yes,Yes,Yes,No,No,Two year,No,Mailed check,40.7,267.25,No
C-9ff906a6,Female,1,No,No,60,Yes,No phone service,Fiber optic,No internet service,No,Yes,No,No,Yes,Month-to-month,Yes,Bank transfer (automatic),52.99,3169.65,No
C-33c41d18,Female,0,No,Yes,42,Yes,Yes,No,No internet service,No internet service,No internet service,No internet service,No internet service,No internet service,Two year,No,Credit card (automatic),23.76,1024.23,No
C-5c0b4a54,Male,0,No,No,60,No,No phone service,No,No internet service,No internet service,No internet service,No internet service,No internet service,No internet service,One year,Yes,Credit card (automatic),26.06,1569.66,No
C-7948cc04,Female,1,Yes,No,47,Yes,No,Fiber optic,No,No,No,No,No,No,One year,Yes,Mailed check,46.35,2209.76,No
C-8f19e8e1,Male,1,Yes,No,21,Yes,Yes,Fiber optic,No,Yes,Yes,No,No,No,Month-to-month,No,Credit card (automatic),48.07,1006.89,No
C-a7148b27,Male,1,Yes,Yes,41,Yes,Yes,No,No internet service,No internet service,No internet service,No internet service,No internet service,No internet service,Month-to-month,Yes,Credit card (automatic),20.55,827.83,No
C-6257da7b,Female,0,No,No,13,Yes,No,No,No internet service,No internet service,No internet service,No internet service,No internet service,No internet service,Two year,Yes,Bank transfer (automatic),18.0,246.7,No
C-d1da672c,Male,0,No,Yes,30,Yes,No,Fiber optic,No,No,Yes,No,No,No,Month-to-month,No,Mailed check,44.74,1335.09,Yes
C-49fd9cbb,Female,0,No,No,61,Yes,Yes,Fiber optic,No,No,No,No,No,No,Month-to-month,No,Mailed check,37.52,2312.35,No
C-ed47a6e0,Male,0,No,Yes,39,Yes,No,DSL,No,Yes,Yes,No,No,Yes,One year,Yes,Mailed check,40.54,1586.63,No
C-523adcb3,Female,0,Yes,No,61,Yes,No,DSL,No,No,No,No,No,No,Month-to-month,Yes,Bank transfer (automatic),25.2,1538.62,No
C-2524fd29,Female,0,No,No,65,Yes,Yes,Fiber optic,Yes,No,No,Yes,No,Yes,Two year,Yes,Mailed check,48.63,3145.17,No
C-b0807320,Male,0,Yes,Yes,55,Yes,No,Fiber optic,No,No,Yes,No,No,Yes,One year,Yes,Electronic check,55.01,3008.69,No
C-c37ed63d,Female,0,No,No,39,Yes,No phone service,DSL,No,No,No internet service,Yes,No,No,Month-to-month,Yes,Credit card (automatic),30.9,1196.01,Yes
C-1d14125c,Female,0,No,No,61,Yes,No,DSL,No,Yes,No,No internet service,Yes,Yes,Month-to-month,Yes,Bank transfer (automatic),45.71,2788.4,Yes
C-dea51651,Male,0,Yes,No,59,Yes,Yes,DSL,No,No internet service,No,No internet service,No,No,Month-to-month,Yes,Mailed check,27.97,1664.71,No
C-b2437693,Male,1,Yes,No,55,Yes,No,DSL,No internet service,Yes,No internet service,No,Yes,No internet service,Month-to-month,Yes,Mailed check,39.9,2185.36,Yes
C-9ae1784d,Female,0,Yes,No,53,Yes,Yes,No,No internet service,No internet service,No internet service,No internet service,No internet service,No internet service,One year,No,Bank transfer (automatic),21.93,1143.61,No
C-87f95780,Female,1,No,No,23,No,No phone service,Fiber optic,Yes,Yes,No,No,No,Yes,Two year,No,Credit card (automatic),59.18,1360.47,No
C-c2d0e007,Male,1,Yes,No,69,Yes,No,DSL,No,Yes,Yes,No,No,No,Month-to-month,Yes,Bank transfer (automatic),35.82,2460.5,Yes
C-1973c993,Female,0,No,No,3,No,No phone service,DSL,No,Yes,No internet service,No,Yes,No,One year,No,Credit card (automatic),41.22,104.08,Yes
C-90bdcc5d,Female,0,Yes,Yes,61,Yes,Yes,Fiber optic,No,No,Yes,Yes,No,No,Two year,Yes,Mailed check,54.85,3345.93,No
C-9f662b7c,Male,1,Yes,No,21,Yes,Yes,DSL,No,No,No internet service,Yes,Yes,No internet service,Month-to-month,No,Bank transfer (automatic),31.49,675.9,No
C-7a9eae56,Female,0,Yes,No,5,Yes,Yes,DSL,No,Yes,Yes,No,Yes,Yes,One year,Yes,Electronic check,47.45,282.96,No
C-faf3513f,Male,0,Yes,No,9,Yes,No,DSL,No internet service,No,No,Yes,No,No internet service,Month-to-month,Yes,Credit card (automatic),33.68,238.52,No
C-8d86f0e2,Male,0,Yes,No,56,Yes,No,Fiber optic,Yes,No,No,No,No internet service,No,Two year,No,Credit card (automatic),43.4,2436.29,No
C-dbacfb16,Female,0,No,Yes,42,Yes,No phone service,Fiber optic,Yes,No,No,Yes,Yes,No,Two year,No,Mailed check,61.28,2541.06,No
C-1e9a8c78,Female,0,No,Yes,24,Yes,No,No,No internet service,No internet service,No internet service,No internet service,No internet service,No internet service,Month-to-month,No,Electronic check,21.23,511.3,No
C-4a039c59,Female,0,Yes,No,4,Yes,Yes,DSL,No,Yes,No,No,No,Yes,Month-to-month,No,Credit card (automatic),37.97,151.47,Yes
C-6a250c0a,Female,0,Yes,No,13,Yes,No phone service,Fiber optic,No,No,Yes,No,No,Yes,Month-to-month,No,Electronic check,53.9,717.57,Yes
C-f6fb6640,Female,0,Yes,No,24,Yes,Yes,DSL,No,No internet service,No,No,No,No internet service,Month-to-month,No,Electronic check,23.59,602.19,Yes
C-a3dad5b9,Female,0,No,No,0,Yes,No phone service,DSL,No,Yes,No,No internet service,No,No,Month-to-month,No,Electronic check,26.24,12.64,Yes
C-5b98c4e7,Male,0,No,Yes,26,Yes,No,Fiber optic,No,Yes,No internet service,No,No,No,Two year,Yes,Mailed check,40.86,1079.56,No
C-f5b046c6,Female,1,Yes,No,69,Yes,Yes,No,No internet service,No internet service,No internet service,No internet service,No internet service,No internet service,Two year,Yes,Credit card (automatic),20.38,1386.57,No
C-38d6dcbd,Female,0,No,No,64,Yes,No,DSL,No internet service,Yes,Yes,Yes,Yes,No internet service,Month-to-month,No,Mailed check,49.26,3146.4,Yes
C-cae98db9,Female,1,Yes,No,70,Yes,Yes,Fiber optic,No,No,No,Yes,No,Yes,Month-to-month,Yes,Electronic check,53.23,3733.22,Yes
C-54e2ebb3,Female,0,No,No,59,Yes,No,Fiber optic,Yes,No,Yes,No,No,Yes,Month-to-month,No,Credit card (automatic),55.38,3256.14,Yes
C-d7525af6,Female,0,Yes,No,52,Yes,No,Fiber optic,Yes,No,No,Yes,No,Yes,Month-to-month,Yes,Electronic check,58.73,3015.34,No
C-8bfc41a6,Male,1,Yes,No,20,Yes,Yes,Fiber optic,No,Yes,Yes,Yes,No,No,Month-to-month,Yes,Bank transfer (automatic),57.84,1154.26,Yes
C-ffc1b27e,Female,0,No,Yes,5,Yes,No phone service,DSL,No,No,Yes,No,No,Yes,Month-to-month,Yes,Credit card (automatic),42.04,200.08,No
C-48c20fa1,Male,1,No,No,35,Yes,No,Fiber optic,No internet service,No internet service,No,Yes,No,No,Month-to-month,Yes,Credit card (automatic),47.97,1702.49,No
C-07df1120,Male,0,No,No,11,Yes,No,No,No internet service,No internet service,No internet service,No internet service,No internet service,No internet service,Month-to-month,Yes,Mailed check,19.19,251.03,No
C-c2fa532e,Female,0,Yes,No,2,Yes,No phone service,DSL,No internet service,Yes,No,Yes,No internet service,No internet service,One year,No,Credit card (automatic),35.2,87.53,No
C-fb7db39a,Female,1,No,No,16,No,No phone service,Fiber optic,Yes,Yes,Yes,No,No,Yes,Two year,Yes,Electronic check,60.82,984.18,No
C-887b22b7,Female,0,No,No,13,Yes,No phone service,DSL,No internet service,Yes,No,No,No,No,One year,Yes,Bank transfer (automatic),30.88,395.73,No
C-be6e7443,Male,0,Yes,No,55,Yes,No,No,No internet service,No internet service,No internet service,No internet service,No internet service,No internet service,Two year,No,Credit card (automatic),19.93,1121.9,No
C-a483318f,Male,0,Yes,No,70,Yes,No,Fiber optic,Yes,No,No,No internet service,No,No,Month-to-month,Yes,Electronic check,46.5,3223.82,Yes
C-37e97521,Male,0,No,No,52,Yes,No,DSL,No,No,No,No,Yes,No,Month-to-month,Yes,Credit card (automatic),33.61,1791.39,No
C-374a321a,Male,0,No,No,37,Yes,Yes,No,No internet service,No internet service,No internet service,No internet service,No internet service,No internet service,Two year,Yes,Bank transfer (automatic),23.62,899.18,No
C-4c3e7d55,Female,0,Yes,No,33,Yes,Yes,No,No internet service,No internet service,No internet service,No internet service,No internet service,No internet service,Two year,No,Bank transfer (automatic),22.08,726.71,No
C-544b3f11,Male,0,Yes,No,39,Yes,No,No,No internet service,No internet service,No internet service,No internet service,No internet service,No internet service,One year,Yes,Electronic check,23.02,885.91,No
C-fc265396,Male,0,Yes,No,41,Yes,No phone service,No,No internet service,No internet service,No internet service,No internet service,No internet service,No internet service,One year,No,Electronic check,20.0,818.52,No
C-3a9969dd,Female,1,Yes,No,69,Yes,No phone service,No,No internet service,No internet service,No internet service,No internet service,No internet service,No internet service,Month-to-month,Yes,Bank transfer (automatic),19.66,1354.01,No
C-c2eeff24,Female,0,Yes,No,26,Yes,Yes,No,No internet service,No internet service,No internet service,No internet service,No internet service,No internet service,Month-to-month,Yes,Mailed check,21.89,558.99,No
C-5e2334c7,Male,0,No,Yes,27,Yes,No,Fiber optic,No,No,No,No internet service,No,No,Month-to-month,No,Bank transfer (automatic),38.5,1067.93,No
C-2bbd4c47,Female,0,No,No,51,Yes,Yes,Fiber optic,Yes,Yes,No,No,Yes,No,Month-to-month,Yes,Electronic check,53.02,2677.62,Yes
C-d42d07fe,Female,0,Yes,No,32,Yes,No phone service,Fiber optic,No,Yes,Yes,No internet service,No,No,Month-to-month,Yes,Electronic check,50.81,1649.55,Yes
C-4c201141,Female,1,No,Yes,11,Yes,No,DSL,No,Yes,Yes,No,No internet service,Yes,One year,Yes,Credit card (automatic),41.94,480.48,No
C-8c8f4cef,Female,0,No,No,36,No,No phone service,Fiber optic,No internet service,No,Yes,Yes,No,No,Month-to-month,No,Electronic check,44.79,1608.75,Yes
C-6ea75439,Female,0,Yes,No,43,Yes,Yes,No,No internet service,No internet service,No internet service,No internet service,No internet service,No internet service,Month-to-month,Yes,Mailed check,21.71,949.39,No
C-1f49f02e,Female,0,Yes,Yes,16,Yes,Yes,Fiber optic,No,Yes,No,Yes,No,No,One year,Yes,Credit card (automatic),48.85,758.87,No
C-7e1fb79e,Male,1,Yes,No,43,Yes,No,DSL,No,No,Yes,Yes,No internet service,No,Month-to-month,Yes,Bank transfer (automatic),36.94,1608.16,No
C-62ffaa6f,Female,1,No,No,54,Yes,Yes,DSL,No internet service,No,No,No,No,Yes,One year,No,Bank transfer (automatic),31.78,1686.67,No
C-d7fc3971,Female,0,Yes,No,20,Yes,Yes,Fiber optic,No,No,No,No,No,No,Two year,No,Bank transfer (automatic),39.21,778.28,No
C-a05f2760,Male,0,No,No,48,Yes,No,DSL,No,No internet service,No,Yes,No,Yes,One year,No,Credit card (automatic),38.19,1840.35,No
C-70711c1c,Male,0,No,No,22,Yes,Yes,Fiber optic,No,No,No,No,No internet service,No,Month-to-month,No,Electronic check,36.37,806.58,Yes
C-cec3ac45,Female,0,Yes,No,24,Yes,No,DSL,Yes,Yes,No,No,Yes,Yes,One year,Yes,Mailed check,46.83,1141.14,Yes
C-6546368f,Female,0,No,No,61,Yes,No phone service,DSL,No,No,Yes,No,Yes,No,One year,No,Bank transfer (automatic),37.52,2297.15,No
C-2b40db7c,Female,1,Yes,No,7,No,No phone service,DSL,No,Yes,Yes,Yes,No,No,Month-to-month,Yes,Mailed check,45.2,298.77,Yes
C-725e3696,Female,0,Yes,Yes,9,Yes,No phone service,Fiber optic,Yes,No internet service,No,No,No,Yes,Month-to-month,No,Credit card (automatic),49.67,443.14,Yes
C-012649d0,Male,1,Yes,No,61,Yes,Yes,Fiber optic,No,No internet service,No,No,Yes,Yes,Month-to-month,No,Electronic check,50.16,3091.68,Yes
C-2cab039a,Female,0,Yes,Yes,53,Yes,Yes,Fiber optic,No,Yes,No,Yes,No,Yes,Month-to-month,No,Electronic check,53.54,2853.67,No
C-f8e0ba09,Female,1,No,No,43,Yes,Yes,DSL,No,No internet service,No,No,No internet service,Yes,Month-to-month,No,Mailed check,26.82,1149.34,Yes
C-2ac55b5f,Female,0,Yes,Yes,0,Yes,Yes,Fiber optic,No internet service,No,No,Yes,Yes,Yes,Two year,Yes,Credit card (automatic),58.55,9.89,Yes
C-ba660778,Female,0,Yes,Yes,26,Yes,No phone service,No,No internet service,No internet service,No internet service,No internet service,No internet service,No internet service,Month-to-month,Yes,Electronic check,23.59,618.89,Yes
C-1ba55c61,Female,0,Yes,No,31,Yes,Yes,Fiber optic,No,No,No,Yes,Yes,No,Two year,No,Electronic check,51.84,1560.71,No
C-44021da5,Female,0,No,No,0,Yes,Yes,Fiber optic,No,No,No,No internet service,Yes,No,Month-to-month,Yes,Bank transfer (automatic),48.93,20.57,Yes
C-efb2bcfe,Male,0,No,Yes,33,Yes,No,DSL,Yes,Yes,Yes,Yes,No,No,Two year,No,Electronic check,48.63,1624.49,No
C-d892ada8,Female,0,No,No,47,Yes,No,Fiber optic,No,No internet service,No,Yes,No,Yes,Month-to-month,Yes,Credit card (automatic),53.33,2508.42,No
C-78a1eda5,Male,0,Yes,No,36,Yes,Yes,Fiber optic,No internet service,No,No,No,Yes,No,Month-to-month,No,Electronic check,42.52,1534.62,Yes
C-70439b7b,Male,0,No,No,70,Yes,No,DSL,Yes,No,Yes,No,Yes,No,One year,Yes,Bank transfer (automatic),39.38,2754.01,No
C-f6210884,Male,0,Yes,Yes,33,Yes,No,No,No internet service,No internet service,No internet service,No internet service,No internet service,No internet service,One year,No,Mailed check,23.19,753.98,No
C-6a8a137f,Male,1,Yes,No,57,Yes,No,No,No internet service,No internet service,No internet service,No internet service,No internet service,No internet service,One year,Yes,Credit card (automatic),18.0,1072.95,No
C-b001ba4f,Male,0,Yes,Yes,45,Yes,Yes,DSL,No,Yes,Yes,No,No,Yes,Two year,Yes,Bank transfer (automatic),37.47,1705.02,No
C-e1e3bc59,Male,0,Yes,No,9,Yes,No,Fiber optic,No,Yes,No,No,Yes,No internet service,Month-to-month,Yes,Credit card (automatic),45.91,418.09,Yes
C-f3affeb1,Female,0,No,No,67,Yes,Yes,No,No internet service,No internet service,No internet service,No internet service,No internet service,No internet service,Month-to-month,Yes,Credit card (automatic),22.28,1488.84,No
C-dff8e6bd,Male,0,Yes,Yes,29,Yes,No,DSL,Yes,Yes,Yes,Yes,Yes,No,Month-to-month,Yes,Electronic check,50.69,1484.56,No
C-7b671d6b,Female,0,Yes,No,44,Yes,No phone service,No,No internet service,No internet service,No internet service,No internet service,No internet service,No internet service,Month-to-month,Yes,Bank transfer (automatic),19.45,869.61,No
C-4d30cba5,Male,0,No,Yes,31,Yes,No phone service,No,No internet service,No internet service,No internet service,No internet service,No internet service,No internet service,One year,No,Electronic check,18.0,547.03,No
C-777e9826,Female,0,No,No,30,Yes,Yes,DSL,No,Yes,No,No,Yes,No internet service,Month-to-month,Yes,Mailed check,40.58,1199.27,No
C-f19f5e83,Female,1,Yes,No,44,Yes,Yes,No,No internet service,No internet service,No internet service,No internet service,No internet service,No internet service,Two year,No,Credit card (automatic),25.26,1116.31,No
C-71bc53e2,Male,0,Yes,No,31,Yes,Yes,Fiber optic,No,Yes,Yes,Yes,Yes,Yes,Month-to-month,No,Mailed check,68.31,2101.32,No
C-91ff9c62,Male,0,Yes,No,27,Yes,No,DSL,No,Yes,No internet service,No,No,Yes,Month-to-month,Yes,Credit card (automatic),37.56,1041.82,No
C-225ca879,Female,0,Yes,No,4,Yes,Yes,Fiber optic,No,Yes,Yes,No,No internet service,Yes,Month-to-month,Yes,Electronic check,53.34,184.97,Yes
C-4d1058b1,Female,0,Yes,No,42,Yes,No,DSL,No,No,No internet service,No internet service,No,No,Month-to-month,Yes,Credit card (automatic),26.75,1136.31,No
C-75fd54a8,Female,0,No,No,19,Yes,No phone service,DSL,No,No,Yes,No,No,Yes,Month-to-month,No,Bank transfer (automatic),37.53,695.74,Yes
C-cea374f1,Female,0,Yes,No,9,Yes,No phone service,Fiber optic,No,Yes,No,No,No,No,Two year,Yes,Credit card (automatic),43.07,365.58,No
C-af4854f1,Female,0,No,Yes,14,Yes,No,Fiber optic,Yes,No,No,No,No,Yes,One year,No,Credit card (automatic),52.51,737.14,No
C-0d34ad61,Female,0,Yes,Yes,39,Yes,No,DSL,No,No,No,No,No internet service,No,Two year,Yes,Bank transfer (automatic),26.85,1071.1,No
C-e37978bb,Female,0,No,No,42,Yes,No,No,No internet service,No internet service,No internet service,No internet service,No internet service,No internet service,Month-to-month,Yes,Mailed check,18.0,773.03,No
C-5a001d30,Female,0,No,No,30,No,No phone service,No,No internet service,No internet service,No internet service,No internet service,No internet service,No internet service,Month-to-month,No,Bank transfer (automatic),18.0,540.37,No
C-2a053fe3,Male,0,Yes,No,60,Yes,No,No,No internet service,No internet service,No internet service,No internet service,No internet service,No internet service,Month-to-month,Yes,Electronic check,21.11,1280.27,No
C-207fe4ba,Male,0,Yes,Yes,27,Yes,No,Fiber optic,No,No,No,No,No internet service,No,Month-to-month,Yes,Credit card (automatic),39.17,1017.78,Yes
C-3cc486a9,Female,0,Yes,Yes,72,Yes,Yes,No,No internet service,No internet service,No internet service,No internet service,No internet service,No internet service,Month-to-month,Yes,Electronic check,21.03,1520.84,No
C-9c3052d7,Male,0,Yes,No,34,Yes,Yes,No,No internet service,No internet service,No internet service,No internet service,No internet service,No internet service,Month-to-month,Yes,Mailed check,18.0,569.64,Yes
C-21aa2867,Female,0,Yes,No,11,Yes,No phone service,DSL,No internet service,No,Yes,No,No,Yes,Month-to-month,Yes,Mailed check,36.99,351.79,No
C-037a6768,Male,0,Yes,No,26,Yes,Yes,No,No internet service,No internet service,No internet service,No internet service,No internet service,No internet service,One year,Yes,Credit card (automatic),18.52,484.42,No
C-49495a15,Male,0,Yes,Yes,36,Yes,No phone service,DSL,No,No,No,No,Yes,No internet service,Month-to-month,Yes,Electronic check,28.92,1018.45,No
C-9004f9fa,Female,0,Yes,Yes,49,No,No phone service,DSL,No,No,Yes,No,Yes,No,Month-to-month,No,Bank transfer (automatic),36.57,1812.03,No
C-92950a84,Male,0,Yes,Yes,27,Yes,Yes,Fiber optic,No,Yes,No,Yes,Yes,No,Month-to-month,No,Bank transfer (automatic),54.39,1490.21,Yes
C-7b31335c,Male,0,No,No,22,No,No phone service,Fiber optic,No internet service,No,No,No,Yes,No internet service,Two year,No,Mailed check,48.64,1063.27,Yes
C-f90edc25,Female,0,No,No,27,Yes,Yes,DSL,No,No,Yes,No,No,No,Month-to-month,Yes,Bank transfer (automatic),35.82,972.64,No
C-ababa6ae,Male,0,No,No,65,Yes,Yes,Fiber optic,No,No,Yes,No,No,No,Month-to-month,Yes,Credit card (automatic),45.18,2941.16,Yes
C-bc7ee9ae,Female,0,Yes,No,7,Yes,Yes,DSL,No,No,Yes,No,Yes,No,Month-to-month,No,Electronic check,40.48,264.75,No
C-f4b7e74c,Female,0,Yes,Yes,61,Yes,No,DSL,Yes,No,No,No,Yes,No,One year,Yes,Credit card (automatic),44.62,2727.62,No
C-7818b5a4,Male,0,Yes,No,28,Yes,No,No,No internet service,No internet service,No internet service,No internet service,No internet service,No internet service,Month-to-month,Yes,Mailed check,21.66,640.33,Yes
C-b3b2fa42,Female,1,Yes,Yes,7,Yes,No phone service,Fiber optic,No,Yes,No,No,No,Yes,Month-to-month,Yes,Credit card (automatic),49.64,349.1,Yes
C-7065fc3e,Male,1,Yes,No,68,Yes,Yes,Fiber optic,No internet service,No,Yes,No,No internet service,No,Two year,Yes,Electronic check,48.55,3322.45,No
C-661f7642,Male,0,Yes,No,42,Yes,Yes,Fiber optic,No,Yes,Yes,No,No,Yes,Month-to-month,No,Mailed check,54.7,2314.92,Yes
C-4d43a1a0,Male,0,Yes,Yes,48,Yes,Yes,DSL,No,No,No,Yes,No internet service,Yes,Month-to-month,No,Credit card (automatic),33.19,1603.73,No
C-b7201186,Male,0,No,No,68,Yes,Yes,No,No internet service,No internet service,No internet service,No internet service,No internet service,No internet service,Month-to-month,Yes,Credit card (automatic),19.08,1308.6,No
C-fe248a56,Female,0,Yes,No,70,Yes,Yes,No,No internet service,No internet service,No internet service,No internet service,No internet service,No internet service,Two year,Yes,Credit card (automatic),19.65,1412.22,No
C-0edf7e2f,Male,0,No,Yes,34,Yes,Yes,No,No internet service,No internet service,No internet service,No internet service,No internet service,No internet service,Month-to-month,Yes,Bank transfer (automatic),18.0,584.76,No
C-f14b36d5,Female,1,No,No,62,Yes,Yes,Fiber optic,No,Yes,Yes,No,No,Yes,Two year,Yes,Electronic check,55.6,3437.13,No
C-04f74e9e,Female,0,Yes,No,6,No,No phone service,DSL,Yes,No,Yes,No,Yes,Yes,Two year,Yes,Electronic check,46.56,251.48,No
C-a77e4345,Female,1,No,No,64,Yes,Yes,No,No internet service,No internet service,No internet service,No internet service,No internet service,No internet service,One year,No,Electronic check,19.35,1239.96,No
C-84cbe0fd,Female,0,Yes,No,39,Yes,No phone service,Fiber optic,No,No,No,No,No,Yes,One year,Yes,Electronic check,41.92,1640.26,No
C-efa4f4f0,Female,0,Yes,No,36,Yes,Yes,Fiber optic,No internet service,No,No,No,No internet service,Yes,One year,No,Mailed check,47.72,1717.92,Yes
C-a2b1182c,Male,1,No,Yes,57,Yes,No phone service,No,No internet service,No internet service,No internet service,No internet service,No internet service,No internet service,Month-to-month,Yes,Electronic check,24.99,1422.58,Yes
C-67a3c098,Male,1,No,No,72,Yes,No phone service,Fiber optic,No,Yes,Yes,No internet service,Yes,No,Two year,Yes,Electronic check,61.61,4466.35,No
C-4a097da2,Female,0,Yes,No,65,Yes,No,Fiber optic,No,Yes,No internet service,Yes,No,Yes,Month-to-month,Yes,Electronic check,55.32,3605.14,Yes
C-e797175b,Male,0,No,No,71,Yes,No,Fiber optic,No internet service,No,Yes,No,No,Yes,Month-to-month,Yes,Credit card (automatic),50.5,3590.06,No
C-e44ab8e0,Female,0,No,Yes,63,Yes,Yes,No,No internet service,No internet service,No internet service,No internet service,No internet service,No internet service,Two year,No,Mailed check,23.33,1459.39,No
C-5c5b155f,Female,0,No,No,10,No,No phone service,No,No internet service,No internet service,No internet service,No internet service,No internet service,No internet service,Month-to-month,Yes,Electronic check,18.0,197.88,No
C-62e501ed,Female,0,No,No,36,Yes,Yes,No,No internet service,No internet service,No internet service,No internet service,No internet service,No internet service,Two year,Yes,Electronic check,18.0,666.62,No
C-dffeb405,Female,0,Yes,No,12,Yes,Yes,Fiber optic,Yes,No,Yes,No,Yes,Yes,Month-to-month,No,Electronic check,61.58,702.65,Yes
C-69e7d959,Female,1,No,No,28,Yes,Yes,No,No internet service,No internet service,No internet service,No internet service,No internet service,No internet service,One year,Yes,Electronic check,23.02,622.83,No
C-66296ad7,Female,0,No,No,7,Yes,Yes,Fiber optic,No,Yes,Yes,Yes,Yes,No,Month-to-month,No,Credit card (automatic),62.23,436.98,Yes
C-63446930,Female,0,No,Yes,29,Yes,Yes,DSL,Yes,No,No internet service,No internet service,Yes,No internet service,Month-to-month,Yes,Mailed check,39.73,1148.06,No
C-2db0b7ca,Male,0,Yes,No,25,Yes,Yes,DSL,Yes,No,No,No,Yes,Yes,Month-to-month,Yes,Bank transfer (automatic),47.95,1206.64,Yes
C-cbad888a,Female,0,No,No,52,Yes,Yes,DSL,No internet service,Yes,No,No,No,Yes,Two year,Yes,Bank transfer (automatic),34.69,1808.95,No
C-194b71a1,Male,0,No,Yes,7,Yes,No,DSL,No,No,Yes,Yes,No,No,Month-to-month,Yes,Bank transfer (automatic),37.5,211.16,Yes
C-cfe8f2f3,Male,0,No,No,14,No,No phone service,Fiber optic,No,Yes,Yes,No,No,Yes,Month-to-month,No,Bank transfer (automatic),53.13,739.98,Yes
C-359c76cd,Male,0,No,No,35,Yes,Yes,DSL,No,No,No,No,Yes,Yes,Month-to-month,Yes,Mailed check,34.15,1224.61,No
C-62b4f024,Male,0,Yes,No,3,Yes,Yes,Fiber optic,No,No,No,Yes,Yes,Yes,Month-to-month,No,Bank transfer (automatic),60.09,181.97,No
C-419578ba,Female,0,Yes,Yes,12,Yes,No phone service,Fiber optic,Yes,No,Yes,No,No,Yes,Month-to-month,Yes,Mailed check,55.62,657.35,Yes
C-bea32b42,Female,0,Yes,Yes,35,Yes,Yes,No,No internet service,No internet service,No internet service,No internet service,No internet service,No internet service,One year,No,Bank transfer (automatic),18.0,619.52,No
C-396ef1d0,Male,0,Yes,Yes,52,Yes,No phone service,Fiber optic,No,Yes,No,Yes,No internet service,No,Month-to-month,Yes,Credit card (automatic),54.27,2863.07,No
C-8f91425a,Male,0,Yes,Yes,46,Yes,No,DSL,No,No,No internet service,Yes,No,Yes,Month-to-month,Yes,Electronic check,31.55,1440.99,No
C-7e2c8f20,Female,0,No,Yes,5,Yes,No,No,No internet service,No internet service,No internet service,No internet service,No internet service,No internet service,Month-to-month,Yes,Electronic check,22.9,110.17,Yes
C-8d0610b0,Male,0,No,Yes,66,Yes,Yes,Fiber optic,Yes,No,No,No,No,Yes,Month-to-month,Yes,Mailed check,52.13,3409.35,Yes
C-41776d15,Male,0,Yes,No,28,Yes,No,Fiber optic,No,No,No,No,No,Yes,Month-to-month,Yes,Mailed check,46.33,1293.44,Yes
C-ff53dde2,Female,0,No,Yes,41,No,No phone service,DSL,Yes,Yes,No,Yes,Yes,Yes,One year,Yes,Mailed check,49.72,2073.94,No
C-d6150553,Male,1,Yes,Yes,15,Yes,Yes,DSL,No,No internet service,No,No,No,Yes,Month-to-month,Yes,Mailed check,29.4,444.0,Yes
C-466c948f,Female,0,Yes,No,33,No,No phone service,DSL,No,No,No,No,Yes,No,Month-to-month,No,Electronic check,26.6,856.38,No
C-b01ddc75,Male,0,No,No,5,Yes,No phone service,Fiber optic,No,Yes,No internet service,No,No internet service,No,Month-to-month,Yes,Electronic check,49.45,221.8,Yes
C-df5c6f52,Male,1,No,No,50,Yes,No,Fiber optic,No,Yes,Yes,Yes,Yes,Yes,Two year,No,Bank transfer (automatic),64.3,3203.75,No
C-e73cf00c,Male,0,No,No,38,Yes,Yes,Fiber optic,No,No,No internet service,No,No,No internet service,Month-to-month,Yes,Mailed check,31.24,1172.71,Yes
C-a4e0d3da,Female,0,Yes,Yes,69,Yes,No,Fiber optic,No,No,No,No,Yes,No internet service,One year,No,Credit card (automatic),39.22,2703.3,Yes
C-824c14aa,Male,0,Yes,No,4,Yes,No,Fiber optic,No,No,No,No,No,No,Month-to-month,Yes,Bank transfer (automatic),32.59,172.29,Yes
C-ac37fcf1,Female,0,No,No,20,Yes,No phone service,DSL,No,No,No,No internet service,No,No,Month-to-month,No,Electronic check,22.59,433.46,No
C-527dcbcd,Female,0,No,Yes,57,No,No phone service,DSL,No,No,No,Yes,No,No,Month-to-month,Yes,Credit card (automatic),35.05,2000.25,No
C-52dd45a7,Female,0,No,No,64,No,No phone service,DSL,No,No,No,No,No,No,Month-to-month,Yes,Bank transfer (automatic),25.61,1631.76,No
C-f8fc9ce3,Male,0,No,No,28,Yes,Yes,Fiber optic,No,Yes,No,No internet service,Yes,No,Two year,No,Mailed check,46.62,1313.65,No
C-b310e832,Male,0,No,No,43,Yes,No,No,No internet service,No internet service,No internet service,No internet service,No internet service,No internet service,Month-to-month,Yes,Bank transfer (automatic),23.55,1025.51,No
C-7ed2a490,Male,0,No,No,16,Yes,No,Fiber optic,No,Yes,No,No internet service,Yes,No,Month-to-month,No,Electronic check,50.23,801.2,Yes
C-065f08fb,Female,0,Yes,Yes,0,Yes,Yes,DSL,Yes,Yes,Yes,Yes,No,No,Two year,No,Bank transfer (automatic),44.6,8.76,No
C-25b77db4,Male,0,Yes,No,4,Yes,Yes,DSL,No,No,Yes,No,Yes,No internet service,Month-to-month,Yes,Credit card (automatic),37.43,98.98,Yes
C-465ac61a,Male,0,Yes,No,58,Yes,Yes,Fiber optic,No,Yes,No,Yes,No internet service,No,Month-to-month,Yes,Electronic check,46.12,2636.77,Yes
C-be9242b4,Female,0,Yes,No,51,Yes,No phone service,Fiber optic,No,No,No,No,No,No,Month-to-month,Yes,Electronic check,39.72,2047.75,Yes
C-33053dc0,Female,0,Yes,No,32,Yes,Yes,No,No internet service,No internet service,No internet service,No internet service,No internet service,No internet service,Two year,Yes,Credit card (automatic),18.0,543.77,No
C-d7839afe,Female,1,No,No,31,Yes,No,No,No internet service,No internet service,No internet service,No internet service,No internet service,No internet service,Month-to-month,Yes,Mailed check,19.77,604.06,Yes
C-6eb9dbdd,Female,0,Yes,No,63,Yes,No,DSL,No,No,No,Yes,Yes,No,Month-to-month,No,Mailed check,40.85,2620.71,No
C-56fc51dc,Female,0,No,No,54,Yes,No,DSL,No,Yes,Yes,Yes,Yes,Yes,Month-to-month,Yes,Credit card (automatic),47.2,2570.3,No
C-905e01e7,Female,0,Yes,No,55,Yes,Yes,Fiber optic,No internet service,No,No,No,No,Yes,Two year,Yes,Mailed check,46.86,2555.39,No
C-d231be39,Female,1,Yes,Yes,36,No,No phone service,Fiber optic,No,No,No,No,No,Yes,Two year,Yes,Bank transfer (automatic),41.24,1483.67,No
C-e420661a,Male,0,Yes,Yes,51,Yes,No,Fiber optic,No,No,Yes,No,No,No,Month-to-month,Yes,Mailed check,46.55,2389.12,No
C-6cee13b3,Female,0,Yes,No,23,No,No phone service,Fiber optic,Yes,No,Yes,No,Yes,No,One year,No,Electronic check,52.89,1218.0,No
C-0ee63e1d,Male,0,Yes,No,67,Yes,Yes,Fiber optic,Yes,Yes,No,No,Yes,No,One year,Yes,Bank transfer (automatic),56.65,3795.35,No
C-15c08c05,Male,0,Yes,Yes,64,Yes,No,No,No internet service,No internet service,No internet service,No internet service,No internet service,No internet service,One year,Yes,Bank transfer (automatic),22.36,1416.56,No
C-099732e4,Male,1,Yes,Yes,44,No,No phone service,DSL,No,No,No,No internet service,No,No,Month-to-month,No,Credit card (automatic),19.97,869.78,Yes
C-a37f80b4,Female,0,No,No,41,Yes,Yes,Fiber optic,No,No,No internet service,No,No,Yes,Month-to-month,No,Electronic check,45.2,1844.99,Yes
C-c1a9ea61,Male,0,No,Yes,46,Yes,No,Fiber optic,Yes,No,No,No,Yes,No internet service,Month-to-month,No,Electronic check,53.75,2486.08,No
C-9bf7c823,Female,0,No,No,4,Yes,Yes,No,No internet service,No internet service,No internet service,No internet service,No internet service,No internet service,Month-to-month,Yes,Bank transfer (automatic),20.68,83.98,Yes
C-1fbb94cd,Female,0,No,No,33,Yes,No,Fiber optic,No,No,No,No,No,No internet service,Two year,Yes,Bank transfer (automatic),40.38,1350.25,No
C-8725d379,Female,0,Yes,No,29,Yes,Yes,DSL,Yes,No,No,No,No,No,Month-to-month,No,Electronic check,36.61,1081.91,Yes
C-add96a72,Female,0,Yes,No,7,Yes,No,Fiber optic,No,Yes,No,No,No,No,Two year,No,Credit card (automatic),45.47,306.64,No
C-7a4023fa,Male,0,Yes,No,18,Yes,No,Fiber optic,No,No,No,No,Yes,No,Two year,No,Electronic check,49.46,882.35,No
C-a11ffa8c,Male,0,No,Yes,45,Yes,Yes,No,No internet service,No internet service,No internet service,No internet service,No internet service,No internet service,Month-to-month,No,Mailed check,18.0,797.75,No
C-5055f15d,Male,0,No,Yes,72,No,No phone service,Fiber optic,Yes,No,Yes,No,No,Yes,Month-to-month,No,Mailed check,63.6,4548.47,No
C-1288aebc,Female,0,Yes,Yes,7,Yes,No,Fiber optic,No,Yes,No internet service,No,No,No,Two year,Yes,Credit card (automatic),48.74,346.37,No
C-6238007a,Male,1,No,No,63,Yes,Yes,Fiber optic,No,No,No,Yes,Yes,No,Month-to-month,No,Mailed check,47.95,3052.89,No
C-02f4f67e,Male,0,Yes,No,35,Yes,No,Fiber optic,No internet service,No,No internet service,No,No,Yes,One year,Yes,Mailed check,41.31,1434.71,Yes
C-60e9f9ae,Male,1,No,No,36,Yes,No,Fiber optic,No,Yes,Yes,Yes,Yes,No,One year,No,Bank transfer (automatic),59.51,2124.75,No
C-c01cc199,Male,0,No,No,68,Yes,Yes,Fiber optic,Yes,Yes,No internet service,No,Yes,Yes,One year,Yes,Mailed check,63.21,4287.95,No
C-b8f217b6,Female,0,No,No,72,Yes,No,No,No internet service,No internet service,No internet service,No internet service,No internet service,No internet service,Month-to-month,No,Bank transfer (automatic),24.87,1781.93,No
C-8e8a99d5,Male,1,Yes,No,49,Yes,Yes,Fiber optic,No,Yes,Yes,No,Yes,Yes,One year,Yes,Electronic check,66.17,3227.75,No
C-8936b115,Female,1,Yes,No,55,Yes,No phone service,Fiber optic,No,No,Yes,Yes,No,No,Month-to-month,Yes,Electronic check,48.58,2686.06,No
C-7b64c464,Male,1,No,No,8,Yes,No,DSL,No,Yes,No,No internet service,No,No,Two year,No,Mailed check,30.29,215.18,No
C-c7d4d66d,Male,0,Yes,No,17,Yes,Yes,No,No internet service,No internet service,No internet service,No internet service,No internet service,No internet service,Month-to-month,Yes,Credit card (automatic),24.82,412.76,No
C-5eb5d556,Male,0,Yes,No,64,Yes,Yes,Fiber optic,Yes,No,No,No internet service,No,No internet service,Month-to-month,No,Electronic check,43.09,2763.74,Yes
C-dc2ea0a8,Male,0,No,Yes,48,Yes,No,No,No internet service,No internet service,No internet service,No internet service,No internet service,No internet service,Month-to-month,No,Mailed check,23.18,1094.46,Yes
C-1aa658c9,Male,0,Yes,No,41,Yes,No phone service,DSL,No internet service,Yes,Yes,Yes,Yes,Yes,Month-to-month,Yes,Electronic check,49.78,2017.42,No
C-b4c7c73b,Male,0,No,No,41,Yes,No,Fiber optic,No,Yes,Yes,No,No,No,Month-to-month,No,Electronic check,47.45,1943.04,Yes
C-b8b4a636,Male,1,Yes,No,32,No,No phone service,No,No internet service,No internet service,No internet service,No internet service,No internet service,No internet service,One year,No,Electronic check,22.68,717.25,No
C-ba0ceec1,Female,0,Yes,No,67,Yes,No,Fiber optic,No,No,Yes,No,No,No internet service,Two year,Yes,Credit card (automatic),42.58,2860.03,No
C-04e87f7d,Female,0,Yes,No,52,Yes,Yes,Fiber optic,No,No,No,No,Yes,No,Month-to-month,Yes,Electronic check,46.57,2453.58,Yes
C-123d14e3,Male,0,Yes,No,0,Yes,No,DSL,No,No internet service,No,No,No internet service,Yes,Two year,Yes,Electronic check,29.03,0.0,No
C-4e95bb36,Male,1,Yes,No,72,Yes,Yes,DSL,Yes,No,No,Yes,No,No,Month-to-month,Yes,Electronic check,30.03,2152.68,No
C-29af5838,Female,0,Yes,Yes,52,Yes,Yes,Fiber optic,Yes,Yes,No,No,Yes,Yes,Two year,No,Bank transfer (automatic),60.2,3117.72,No
C-38fa30e1,Female,0,Yes,No,45,Yes,No,No,No internet service,No internet service,No internet service,No internet service,No internet service,No internet service,One year,No,Bank transfer (automatic),27.91,1200.32,No
C-88418b69,Male,0,Yes,No,50,Yes,Yes,DSL,No,No internet service,No,No,Yes,Yes,Two year,No,Mailed check,34.78,1705.89,No
C-76e4eae3,Female,0,No,No,15,Yes,Yes,DSL,Yes,Yes,Yes,No,No,No,Month-to-month,No,Mailed check,42.32,668.87,No
C-c2e45ca3,Male,1,Yes,No,7,Yes,No,No,No internet service,No internet service,No internet service,No internet service,No internet service,No internet service,Two year,Yes,Electronic check,18.0,108.83,No
C-bf824ea8,Male,0,No,No,35,Yes,Yes,No,No internet service,No internet service,No internet service,No internet service,No internet service,No internet service,Month-to-month,Yes,Mailed check,18.0,621.59,No
C-ccda08ed,Male,0,No,No,29,Yes,Yes,Fiber optic,No,Yes,Yes,Yes,Yes,Yes,One year,Yes,Bank transfer (automatic),69.14,1984.58,Yes
C-df887f75,Male,0,No,Yes,44,Yes,Yes,Fiber optic,No,No,Yes,No,Yes,Yes,One year,Yes,Credit card (automatic),52.58,2279.62,No
C-12883d82,Female,0,No,Yes,62,Yes,Yes,Fiber optic,No,No internet service,No,Yes,No internet service,No,One year,Yes,Credit card (automatic),44.99,2779.81,No
C-c892ee80,Female,0,Yes,No,43,Yes,No,Fiber optic,Yes,Yes,No,Yes,Yes,Yes,Two year,Yes,Bank transfer (automatic),66.48,2858.42,No
C-0bfe39b6,Female,1,Yes,No,30,Yes,No,DSL,No,No internet service,No,No,No,Yes,Month-to-month,No,Electronic check,28.62,866.99,No
C-8ee721c4,Female,0,No,No,25,Yes,No,DSL,No,Yes,No,No,No,Yes,Two year,No,Electronic check,35.74,904.33,No
C-a5134439,Female,0,No,No,58,Yes,Yes,DSL,No,Yes,No,No,No internet service,No,Month-to-month,No,Mailed check,28.69,1623.09,No
C-51511809,Male,0,No,Yes,0,Yes,Yes,DSL,Yes,Yes,Yes,No,No,No,Two year,Yes,Bank transfer (automatic),33.43,26.29,No
C-418b0b9f,Female,0,Yes,Yes,46,Yes,No,Fiber optic,No,No,Yes,No,No,No internet service,Two year,Yes,Bank transfer (automatic),47.46,2181.66,No
C-3e2e9b69,Female,1,Yes,No,61,Yes,No,Fiber optic,No,No,No,Yes,No internet service,Yes,Two year,No,Mailed check,49.57,3022.6,No
C-1f205a96,Female,1,No,No,37,Yes,No,Fiber optic,No internet service,No,No,No,Yes,No internet service,One year,Yes,Electronic check,46.9,1772.04,Yes
C-ba52dee5,Female,0,No,No,55,No,No phone service,Fiber optic,No,Yes,Yes,No,No,Yes,Two year,No,Electronic check,63.11,3476.73,No
C-571f3b6c,Male,0,No,Yes,57,Yes,No,DSL,No,No,Yes,Yes,Yes,Yes,Two year,Yes,Electronic check,47.04,2696.26,No
C-19e5a212,Female,0,No,No,58,Yes,Yes,Fiber optic,No,Yes,No,No,No,No,One year,No,Credit card (automatic),45.23,2607.0,No
C-bd9c13fe,Female,0,No,Yes,33,Yes,Yes,No,No internet service,No internet service,No internet service,No internet service,No internet service,No internet service,Two year,Yes,Mailed check,19.74,642.02,No
C-a0d66e22,Male,0,Yes,No,14,Yes,No,Fiber optic,Yes,Yes,No internet service,Yes,No,No,Month-to-month,No,Bank transfer (automatic),56.49,765.14,Yes
C-b76ee76d,Female,0,No,No,49,No,No phone service,No,No internet service,No internet service,No internet service,No internet service,No internet service,No internet service,Month-to-month,Yes,Electronic check,20.66,1012.23,Yes
C-8ce76405,Male,0,No,No,20,Yes,Yes,DSL,Yes,No,No,Yes,Yes,Yes,Month-to-month,No,Bank transfer (automatic),51.25,1047.9,Yes
C-d2732cec,Female,1,Yes,No,50,No,No phone service,DSL,No,Yes,No,No,Yes,Yes,Two year,No,Credit card (automatic),43.69,2158.73,No
C-172ab400,Female,0,No,No,53,Yes,Yes,DSL,Yes,No,No,Yes,Yes,No,Month-to-month,Yes,Mailed check,47.09,2495.26,Yes
C-a7896a15,Female,0,Yes,Yes,7,Yes,Yes,Fiber optic,No,Yes,No,Yes,Yes,Yes,Two year,Yes,Electronic check,64.35,485.13,Yes
C-f9d14a08,Female,0,Yes,No,66,Yes,No,No,No internet service,No internet service,No internet service,No internet service,No internet service,No internet service,Month-to-month,Yes,Electronic check,18.21,1225.14,No
C-bc2e4489,Male,1,Yes,No,23,Yes,Yes,DSL,No,No,No,No internet service,No,No,Two year,No,Credit card (automatic),22.0,550.42,No
C-d9056b21,Male,1,Yes,Yes,61,Yes,No,Fiber optic,No,Yes,No,No,Yes,No,One year,Yes,Bank transfer (automatic),52.68,3222.21,No
C-40c328a2,Female,0,No,Yes,25,Yes,Yes,Fiber optic,No,No,No,No,No internet service,No,One year,Yes,Electronic check,35.89,918.54,No
C-ebebb01f,Male,0,Yes,Yes,69,Yes,No,Fiber optic,No,No,No internet service,No,No internet service,No internet service,Month-to-month,Yes,Electronic check,40.34,2774.39,Yes
C-f6ddf2b4,Male,0,Yes,No,16,Yes,No,DSL,No internet service,No,Yes,Yes,Yes,Yes,Month-to-month,No,Electronic check,50.0,811.31,No
C-db325db3,Male,0,Yes,No,41,Yes,Yes,Fiber optic,No,Yes,No internet service,No,Yes,Yes,One year,No,Mailed check,51.88,2142.52,No
C-8ed7e277,Female,1,Yes,No,52,Yes,Yes,DSL,No,No,Yes,No,Yes,Yes,Month-to-month,No,Electronic check,41.52,2140.21,Yes
C-6bf00eab,Male,0,Yes,Yes,58,Yes,No,DSL,No,No,Yes,Yes,Yes,No,Month-to-month,Yes,Electronic check,38.5,2225.55,Yes
C-dc1c47d0,Female,0,Yes,No,25,Yes,No phone service,Fiber optic,Yes,No,Yes,No,No,Yes,One year,Yes,Credit card (automatic),56.2,1417.04,No
C-d91a569a,Female,0,No,No,16,Yes,No,DSL,No,Yes,No,No,No,No,Month-to-month,Yes,Electronic check,29.9,510.47,No
C-83b28f8d,Female,0,No,No,56,Yes,Yes,No,No internet service,No internet service,No internet service,No internet service,No internet service,No internet service,Month-to-month,Yes,Bank transfer (automatic),18.0,984.71,No
C-2912327b,Female,1,No,No,45,Yes,No,Fiber optic,No,No,Yes,No,Yes,Yes,One year,Yes,Mailed check,57.57,2572.62,No
C-febecfc1,Female,0,Yes,Yes,29,Yes,No,Fiber optic,No,No,No,No,Yes,No,One year,No,Bank transfer (automatic),44.36,1288.82,No
C-24c9304e,Female,0,No,No,9,No,No phone service,No,No internet service,No internet service,No internet service,No internet service,No internet service,No internet service,One year,No,Credit card (automatic),18.43,175.75,No
C-075f67b3,Female,0,No,No,2,Yes,Yes,DSL,No,Yes,No,No internet service,No,No internet service,One year,No,Bank transfer (automatic),23.14,66.19,No
C-687c02dd,Female,1,Yes,Yes,6,Yes,No,Fiber optic,No,Yes,No,Yes,Yes,Yes,Two year,No,Bank transfer (automatic),61.94,355.93,No
C-2e530888,Male,0,Yes,No,59,Yes,No,DSL,No,No,No,No,No,Yes,Month-to-month,Yes,Credit card (automatic),32.3,1897.74,No
C-fdda7109,Female,1,Yes,No,12,Yes,No,No,No internet service,No internet service,No internet service,No internet service,No internet service,No internet service,Month-to-month,Yes,Electronic check,21.12,269.1,Yes
C-5ae9e64b,Female,0,Yes,No,24,Yes,No phone service,Fiber optic,No,No internet service,No internet service,No,Yes,No,One year,Yes,Bank transfer (automatic),43.86,1065.29,Yes
C-2ca96b2b,Male,0,Yes,No,10,Yes,No phone service,DSL,No internet service,No,No,No,No internet service,No,Month-to-month,Yes,Electronic check,28.78,319.54,Yes
C-3ff9f5a0,Female,0,Yes,No,39,Yes,No,Fiber optic,No,Yes,No internet service,Yes,Yes,No,Month-to-month,Yes,Electronic check,56.02,2179.06,Yes
C-97b2d05f,Female,0,Yes,No,38,Yes,No,Fiber optic,No,No,No,No,Yes,Yes,Two year,Yes,Mailed check,49.47,1904.96,No
C-4fea9984,Female,1,Yes,Yes,14,Yes,Yes,DSL,No internet service,No internet service,No,No,No,No,Two year,No,Electronic check,20.81,303.14,No
C-e8ab5345,Female,0,No,No,49,Yes,Yes,DSL,No,No internet service,Yes,No internet service,Yes,No,Month-to-month,Yes,Electronic check,38.69,1938.89,No
C-2897578b,Female,0,No,Yes,53,Yes,Yes,Fiber optic,Yes,Yes,Yes,No,Yes,Yes,One year,No,Bank transfer (automatic),68.14,3623.36,No
C-b0711610,Female,0,No,No,62,Yes,No,Fiber optic,Yes,No,Yes,No,No,No,Month-to-month,Yes,Mailed check,47.05,2923.47,No
C-d9139262,Male,0,Yes,No,60,Yes,No,No,No internet service,No internet service,No internet service,No internet service,No internet service,No internet service,One year,Yes,Mailed check,18.23,1101.35,No
C-e36eaf0c,Male,0,Yes,No,0,Yes,No,Fiber optic,No,No internet service,No,No,Yes,No,One year,Yes,Bank transfer (automatic),40.12,21.0,Yes
C-7dda8577,Male,0,No,No,67,Yes,No phone service,DSL,No,Yes,No,No,Yes,Yes,Month-to-month,Yes,Bank transfer (automatic),44.21,3024.33,Yes
C-4b522de1,Female,0,Yes,No,5,Yes,No phone service,DSL,No,No internet service,Yes,No,Yes,No,Month-to-month,Yes,Mailed check,35.1,199.19,Yes
C-9fc98d0a,Female,0,Yes,No,45,Yes,No phone service,Fiber optic,No internet service,Yes,Yes,Yes,Yes,No,Month-to-month,Yes,Bank transfer (automatic),62.74,2819.89,No
C-44df263d,Male,0,No,No,11,Yes,Yes,Fiber optic,Yes,No,Yes,No,No,No,Two year,No,Credit card (automatic),53.17,558.0,No
C-67af4f43,Male,0,No,No,40,Yes,No,DSL,No,Yes,No,No,No,Yes,Two year,Yes,Bank transfer (automatic),37.71,1492.18,No
C-3aea6d21,Female,0,No,Yes,44,Yes,No phone service,Fiber optic,Yes,No internet service,Yes,No,No,No internet service,Month-to-month,Yes,Credit card (automatic),50.38,2202.46,Yes
C-d6ec0fd5,Female,0,No,Yes,7,Yes,Yes,DSL,No,Yes,Yes,Yes,No,Yes,Month-to-month,Yes,Credit card (automatic),44.95,320.78,Yes
C-47bfd697,Male,0,No,Yes,65,Yes,No phone service,Fiber optic,No,No,No,No,No,No,Month-to-month,Yes,Credit card (automatic),40.56,2603.28,Yes
C-32e98aee,Male,0,Yes,No,23,Yes,No,DSL,No,No,No,Yes,Yes,No,One year,Yes,Electronic check,35.16,834.38,Yes
C-fa1b3e78,Male,0,No,No,31,No,No phone service,Fiber optic,No,No,No,No,No internet service,No,Two year,Yes,Bank transfer (automatic),41.02,1278.24,No
C-a462fd75,Female,0,Yes,No,21,Yes,Yes,DSL,No,No,No,Yes,No,No,Month-to-month,Yes,Bank transfer (automatic),32.97,710.39,No
C-d8c9e41c,Female,0,No,No,69,No,No phone service,DSL,No,No,Yes,No,Yes,No,Month-to-month,Yes,Electronic check,36.93,2550.86,No
C-57676bea,Male,0,Yes,Yes,0,Yes,Yes,Fiber optic,Yes,No,No,No,No,No,Month-to-month,No,Credit card (automatic),39.3,6.67,No
C-c0edc708,Female,0,No,No,8,Yes,No,DSL,No internet service,Yes,No,No,Yes,No,Month-to-month,Yes,Electronic check,31.34,242.6,Yes
C-82eb7316,Female,0,Yes,No,53,Yes,No,No,No internet service,No internet service,No internet service,No internet service,No internet service,No internet service,Month-to-month,No,Mailed check,18.84,1006.13,No
C-3f4a8fcb,Female,0,Yes,No,25,Yes,No,DSL,No,No,Yes,No,No,No,Month-to-month,Yes,Mailed check,31.81,787.11,Yes
C-df0ca6c0,Female,0,Yes,No,16,Yes,No,DSL,No,No internet service,No,Yes,Yes,No,Month-to-month,Yes,Credit card (automatic),31.03,529.15,Yes
C-4eaf6603,Male,0,Yes,No,6,Yes,Yes,DSL,No,No,No,No,No,Yes,Month-to-month,Yes,Credit card (automatic),33.35,182.27,No
C-ac602fd2,Female,0,No,Yes,43,Yes,Yes,No,No internet service,No internet service,No internet service,No internet service,No internet service,No internet service,Month-to-month,Yes,Mailed check,20.49,887.62,No
C-3d7c9e14,Male,0,Yes,No,5,Yes,Yes,No,No internet service,No internet service,No internet service,No internet service,No internet service,No internet service,Month-to-month,Yes,Bank transfer (automatic),18.65,104.45,Yes
C-6b07204b,Male,0,Yes,Yes,56,Yes,No,Fiber optic,Yes,No,No,Yes,Yes,No,Month-to-month,No,Electronic check,56.27,3158.9,No
C-d744f9d3,Female,0,No,No,50,Yes,No,DSL,No,No,No,No,No,Yes,Month-to-month,Yes,Electronic check,35.04,1746.33,No
C-56983e55,Female,0,Yes,No,53,Yes,No phone service,No,No internet service,No internet service,No internet service,No internet service,No internet service,No internet service,One year,No,Mailed check,22.61,1215.66,No
C-84fcb3cb,Female,1,No,No,64,Yes,Yes,Fiber optic,No,No internet service,No,No,No,No,One year,Yes,Mailed check,41.43,2671.02,No
C-a9063aef,Female,0,No,No,64,Yes,Yes,Fiber optic,No,No,Yes,Yes,No internet service,Yes,Two year,Yes,Electronic check,55.32,3523.03,No
C-9c0f5722,Female,1,No,No,10,Yes,Yes,DSL,No,No,No,No,No,No,Two year,No,Credit card (automatic),24.52,266.73,No
C-db5cafd2,Male,0,No,No,22,Yes,Yes,Fiber optic,No,No,No,No,Yes,No,Month-to-month,No,Electronic check,39.51,846.91,Yes
C-8c510332,Male,0,No,No,67,Yes,No,Fiber optic,Yes,No,No,No internet service,No,Yes,One year,No,Electronic check,52.75,3558.87,No
C-d3ae6fd8,Female,1,Yes,No,43,Yes,No,DSL,No,Yes,No,Yes,No,No,Month-to-month,Yes,Electronic check,37.46,1614.43,No
C-71ad0ed6,Female,0,Yes,No,33,Yes,No phone service,No,No internet service,No internet service,No internet service,No internet service,No internet service,No internet service,Month-to-month,Yes,Electronic check,21.37,708.23,Yes
C-f66c2695,Male,0,Yes,Yes,24,Yes,No,DSL,No,No,Yes,No,No,Yes,Month-to-month,Yes,Mailed check,38.12,945.69,Yes
C-76a50d57,Male,0,Yes,No,56,Yes,No,No,No internet service,No internet service,No internet service,No internet service,No internet service,No internet service,Two year,Yes,Bank transfer (automatic),21.15,1190.67,No
C-d28f92e5,Female,0,Yes,Yes,53,Yes,Yes,Fiber optic,Yes,No,Yes,No internet service,No,No,Month-to-month,Yes,Electronic check,51.17,2719.03,No
C-0d1dce3f,Female,1,Yes,Yes,59,Yes,Yes,No,No internet service,No internet service,No internet service,No internet service,No internet service,No internet service,One year,No,Electronic check,22.54,1341.26,No
C-ac2fc6e1,Female,0,No,No,21,Yes,Yes,Fiber optic,No,Yes,No internet service,No,Yes,No,Two year,No,Electronic check,50.0,1032.11,Yes
C-1841e2de,Female,0,Yes,No,44,Yes,Yes,Fiber optic,Yes,No,No,No,No,Yes,Month-to-month,Yes,Electronic check,49.9,2168.06,Yes
C-df453b6c,Male,0,Yes,No,42,Yes,Yes,Fiber optic,No,No,No,No internet service,No,Yes,One year,No,Credit card (automatic),43.39,1816.78,No
C-fd12f356,Female,0,Yes,No,36,Yes,No,DSL,Yes,No,Yes,No,No internet service,No,Month-to-month,No,Bank transfer (automatic),36.06,1296.31,No
C-77ab8112,Male,0,Yes,Yes,52,Yes,No,No,No internet service,No internet service,No internet service,No internet service,No internet service,No internet service,Two year,Yes,Electronic check,20.27,1088.54,No
C-29a969dd,Male,0,Yes,Yes,27,Yes,Yes,DSL,No,Yes,No internet service,No,No,No internet service,Month-to-month,Yes,Bank transfer (automatic),30.41,825.1,Yes
C-05fc97df,Female,0,Yes,No,67,Yes,Yes,Fiber optic,No,Yes,Yes,Yes,No,No,Two year,Yes,Mailed check,55.89,3722.99,No
C-9e4a701e,Male,0,No,No,1,Yes,Yes,DSL,No,No,Yes,Yes,No,No,One year,Yes,Credit card (automatic),30.03,44.72,No
C-e013c881,Male,0,Yes,No,5,Yes,No,DSL,No,Yes,No,Yes,No,No,Month-to-month,Yes,Electronic check,36.96,154.2,Yes
C-7c0e1e3e,Female,0,Yes,No,45,Yes,No,Fiber optic,No,No internet service,No,No internet service,Yes,No,Two year,Yes,Credit card (automatic),44.37,1972.18,No
C-164f0730,Female,0,Yes,Yes,38,Yes,No,Fiber optic,No,No,No,No,No internet service,Yes,Month-to-month,No,Credit card (automatic),46.36,1746.84,Yes
C-e788bf42,Female,0,Yes,No,24,Yes,Yes,No,No internet service,No internet service,No internet service,No internet service,No internet service,No internet service,Two year,No,Credit card (automatic),18.0,434.67,No
C-16d8652c,Male,0,No,No,7,Yes,Yes,No,No internet service,No internet service,No internet service,No internet service,No internet service,No internet service,Month-to-month,Yes,Electronic check,20.08,154.28,Yes
C-2b570305,Female,0,Yes,No,3,No,No phone service,No,No internet service,No internet service,No internet service,No internet service,No internet service,No internet service,Month-to-month,Yes,Bank transfer (automatic),25.05,83.07,Yes
C-74cb60a3,Female,0,No,No,13,Yes,Yes,Fiber optic,No,No internet service,No,No,No,No,Month-to-month,Yes,Electronic check,40.52,542.95,Yes
C-e115da94,Female,0,Yes,No,63,Yes,No phone service,Fiber optic,No internet service,No,No,No,Yes,Yes,Month-to-month,Yes,Bank transfer (automatic),48.02,3027.56,No
C-007ef1a3,Female,0,Yes,No,13,No,No phone service,No,No internet service,No internet service,No internet service,No internet service,No internet service,No internet service,Month-to-month,Yes,Mailed check,20.29,245.57,No
C-3f42e8c4,Female,0,No,Yes,45,Yes,No,Fiber optic,No,Yes,No,No,No,No internet service,Two year,No,Credit card (automatic),46.31,2068.88,No
C-06d375d1,Female,1,No,No,17,Yes,Yes,No,No internet service,No internet service,No internet service,No internet service,No internet service,No internet service,Month-to-month,No,Credit card (automatic),19.07,327.35,No
C-6ed334a1,Female,0,Yes,No,66,Yes,No,No,No internet service,No internet service,No internet service,No internet service,No internet service,No internet service,Month-to-month,No,Bank transfer (automatic),22.31,1514.9,No
C-9ac02285,Female,0,Yes,Yes,51,Yes,Yes,Fiber optic,Yes,No internet service,Yes,No,No internet service,No,Two year,Yes,Mailed check,47.5,2435.89,No
C-ef7db59b,Female,0,No,Yes,57,Yes,No,Fiber optic,No,Yes,Yes,No,No,No internet service,One year,Yes,Electronic check,47.32,2710.94,Yes
C-2101a71b,Female,0,No,No,66,Yes,Yes,DSL,No,No,No,No,No,No,Month-to-month,Yes,Electronic check,29.26,1955.92,Yes
C-add72006,Male,0,No,Yes,10,Yes,No,Fiber optic,Yes,No,Yes,No,Yes,No internet service,Month-to-month,No,Credit card (automatic),56.64,561.12,No
C-48f338b7,Female,1,Yes,Yes,39,Yes,Yes,Fiber optic,No,Yes,Yes,No,No,No internet service,Month-to-month,Yes,Mailed check,50.44,1975.88,Yes
C-91211648,Female,1,Yes,Yes,65,Yes,No phone service,Fiber optic,No,Yes,No,No,No,No,Month-to-month,Yes,Credit card (automatic),45.06,2908.09,Yes
C-b9057653,Male,0,Yes,No,1,Yes,Yes,DSL,No,No,No internet service,No,Yes,Yes,Two year,No,Credit card (automatic),36.56,15.24,No
C-eeb5bbd2,Female,0,No,No,55,Yes,No,DSL,No,No,No,No,Yes,No,Month-to-month,No,Mailed check,27.82,1565.21,Yes
C-d4cdc531,Male,0,No,No,26,Yes,Yes,DSL,Yes,Yes,No internet service,Yes,No,Yes,Two year,Yes,Bank transfer (automatic),44.01,1138.71,No
C-8db45ecd,Male,0,Yes,No,47,Yes,Yes,DSL,No,No,No,No,No,No,Month-to-month,Yes,Credit card (automatic),29.09,1366.9,No
C-864de424,Female,0,Yes,No,40,Yes,Yes,Fiber optic,No,No,No,No,No,No internet service,Two year,Yes,Electronic check,36.76,1477.0,Yes
C-b10528a3,Male,0,Yes,No,7,Yes,No,DSL,Yes,No internet service,No,No,Yes,Yes,Two year,Yes,Credit card (automatic),36.31,266.34,No
C-6507a3c0,Male,0,No,No,51,Yes,Yes,DSL,No internet service,No,No,No internet service,Yes,No,Two year,No,Mailed check,32.63,1657.0,No
C-f6e1637f,Female,0,No,Yes,41,Yes,Yes,DSL,No,No,No,Yes,No,Yes,Month-to-month,Yes,Mailed check,36.47,1486.82,No
C-f98533a6,Female,0,Yes,No,10,Yes,Yes,No,No internet service,No internet service,No internet service,No internet service,No internet service,No internet service,Month-to-month,No,Bank transfer (automatic),19.12,209.45,Yes
C-cfef0136,Female,0,Yes,No,72,Yes,Yes,No,No internet service,No internet service,No internet service,No internet service,No internet service,No internet service,Month-to-month,Yes,Bank transfer (automatic),18.0,1308.77,No
C-11caf5bb,Female,0,Yes,No,71,Yes,No,No,No internet service,No internet service,No internet service,No internet service,No internet service,No internet service,Two year,No,Electronic check,18.0,1253.32,No
C-70367ca9,Female,0,Yes,No,10,Yes,Yes,DSL,No,No,No internet service,No internet service,No,No,Month-to-month,Yes,Bank transfer (automatic),28.0,289.8,No
C-dff3c536,Male,0,No,Yes,45,Yes,Yes,No,No internet service,No internet service,No internet service,No internet service,No internet service,No internet service,Month-to-month,Yes,Electronic check,19.88,916.39,No
C-05e15af1,Male,0,No,No,6,Yes,No,No,No internet service,No internet service,No internet service,No internet service,No internet service,No internet service,Month-to-month,No,Bank transfer (automatic),21.02,103.8,No
C-8315e23e,Male,0,No,No,1,Yes,No,Fiber optic,No,Yes,No,No,No internet service,No internet service,Month-to-month,Yes,Credit card (automatic),44.35,39.05,Yes
C-9d17bd63,Male,0,Yes,No,54,Yes,No,DSL,Yes,Yes,No,No,No internet service,No,Month-to-month,Yes,Electronic check,32.56,1752.43,No
C-a2d67ef0,Female,1,No,No,45,Yes,No phone service,DSL,No,No internet service,No internet service,No,No,Yes,Two year,No,Mailed check,28.58,1305.96,No
C-de1fe3e2,Female,0,Yes,No,23,Yes,Yes,DSL,No,No,No,No internet service,No internet service,No,One year,Yes,Bank transfer (automatic),20.07,440.15,No
C-decbeaaa,Female,0,No,No,45,Yes,Yes,Fiber optic,Yes,No internet service,Yes,No,No,No,Month-to-month,No,Mailed check,55.72,2506.0,Yes
C-d44d8510,Male,0,No,No,26,Yes,No,DSL,Yes,No,No,No,No,Yes,Two year,Yes,Bank transfer (automatic),38.16,993.03,No
C-c12c7efe,Female,0,Yes,No,37,Yes,Yes,No,No internet service,No internet service,No internet service,No internet service,No internet service,No internet service,One year,No,Electronic check,26.92,982.8,Yes
C-82399b1d,Male,1,Yes,No,34,Yes,No,No,No internet service,No internet service,No internet service,No internet service,No internet service,No internet service,Two year,Yes,Bank transfer (automatic),20.11,699.25,No
C-a913c2b4,Female,0,No,No,57,Yes,Yes,DSL,No,No,Yes,No,No internet service,Yes,Month-to-month,No,Mailed check,41.59,2384.77,No
C-9b2040d1,Male,0,No,No,9,Yes,No,No,No internet service,No internet service,No internet service,No internet service,No internet service,No internet service,Two year,No,Bank transfer (automatic),18.0,158.04,No
C-99df7ce2,Male,0,No,No,14,Yes,Yes,DSL,No,No internet service,No,No,No,No,Month-to-month,No,Credit card (automatic),28.71,408.73,Yes
C-ac9fbb2a,Female,0,No,No,16,Yes,No,No,No internet service,No internet service,No internet service,No internet service,No internet service,No internet service,Month-to-month,No,Electronic check,18.0,313.38,No
C-72cda5ed,Male,0,No,Yes,46,Yes,No phone service,Fiber optic,No,Yes,Yes,Yes,No internet service,Yes,Month-to-month,Yes,Credit card (automatic),62.57,2898.77,No
C-9930fe92,Male,0,Yes,No,49,No,No phone service,Fiber optic,No,No internet service,No,Yes,Yes,No,Month-to-month,Yes,Credit card (automatic),55.51,2705.96,Yes
C-8b3163cf,Female,1,Yes,No,57,Yes,No,Fiber optic,No,No,No,Yes,No,No,Month-to-month,No,Mailed check,43.57,2472.27,Yes
C-71986be1,Male,0,Yes,No,55,Yes,No,Fiber optic,No,No,No,Yes,Yes,No internet service,Two year,Yes,Bank transfer (automatic),53.76,2948.53,No
C-1274fa01,Male,0,No,No,12,Yes,No,Fiber optic,Yes,No,No,Yes,Yes,Yes,Two year,No,Mailed check,68.34,829.48,No
C-f2c095f2,Female,0,Yes,No,71,Yes,No,Fiber optic,No,Yes,No,Yes,No,Yes,Month-to-month,No,Electronic check,55.91,3944.8,Yes
C-2404964b,Male,0,No,No,57,Yes,Yes,DSL,No,No,Yes,Yes,No,No,Two year,Yes,Bank transfer (automatic),38.5,2203.37,No
C-97ce0c03,Female,0,Yes,No,3,Yes,No,DSL,Yes,No internet service,Yes,No,No,No,One year,Yes,Bank transfer (automatic),34.47,65.98,Yes
C-2c8cda3c,Female,1,Yes,No,11,Yes,No,No,No internet service,No internet service,No internet service,No internet service,No internet service,No internet service,Two year,Yes,Mailed check,18.0,200.64,No
C-7e3f7689,Male,1,Yes,Yes,44,Yes,Yes,DSL,Yes,No,No,No,No,Yes,Two year,No,Credit card (automatic),36.96,1611.13,No
C-3739e473,Female,0,No,No,31,Yes,Yes,No,No internet service,No internet service,No internet service,No internet service,No internet service,No internet service,Two year,Yes,Bank transfer (automatic),18.0,540.88,No
C-e392e930,Male,1,No,Yes,50,Yes,No phone service,DSL,No,No,No,No,Yes,Yes,Month-to-month,Yes,Electronic check,39.24,1997.89,Yes
C-3d7504d1,Female,0,No,No,52,Yes,No,Fiber optic,No,No,No,Yes,No,No,Two year,Yes,Mailed check,42.51,2206.46,No
C-ec28cf0f,Male,0,Yes,No,26,Yes,No phone service,DSL,No internet service,No,No,No,No,Yes,Two year,Yes,Mailed check,29.52,782.15,No
C-df34d60e,Male,0,No,No,1,Yes,No,DSL,No,No,No,Yes,Yes,No,One year,No,Electronic check,38.02,66.99,No
C-f37b3b08,Female,0,No,No,6,Yes,No,No,No internet service,No internet service,No internet service,No internet service,No internet service,No internet service,Month-to-month,Yes,Electronic check,21.69,164.27,No
C-42583eca,Male,0,No,Yes,52,Yes,No phone service,Fiber optic,No,No,Yes,Yes,No,No,One year,Yes,Bank transfer (automatic),51.23,2678.76,No
C-c9f3b4a7,Male,0,No,Yes,30,Yes,No,DSL,No,No,Yes,No,No,No,Month-to-month,No,Mailed check,28.44,855.69,No
C-7eea884f,Male,0,Yes,Yes,65,Yes,Yes,Fiber optic,Yes,Yes,No,No,Yes,No,One year,Yes,Electronic check,56.57,3683.37,No
C-f538df1e,Male,0,No,Yes,10,No,No phone service,DSL,No internet service,No,No,No,Yes,Yes,Month-to-month,Yes,Credit card (automatic),32.05,287.29,Yes
C-3a93d6cc,Female,0,No,No,39,Yes,No,Fiber optic,No,No internet service,No,Yes,Yes,Yes,Two year,Yes,Mailed check,58.83,2301.36,No
C-c2bb4627,Female,0,Yes,No,12,Yes,Yes,DSL,No,No,Yes,No,Yes,Yes,Two year,No,Electronic check,41.0,469.35,No
C-dc48d1ab,Male,0,Yes,Yes,7,Yes,No,No,No internet service,No internet service,No internet service,No internet service,No internet service,No internet service,Month-to-month,No,Credit card (automatic),18.0,97.65,Yes
C-15c0d33f,Male,0,Yes,No,10,Yes,Yes,DSL,No,No,No,Yes,No,No,Two year,Yes,Bank transfer (automatic),33.79,344.73,No
C-7802e554,Female,1,No,No,44,No,No phone service,Fiber optic,No,No,No,Yes,No,No,Month-to-month,No,Mailed check,49.21,2146.23,Yes
C-1e7cb11c,Female,1,No,No,50,Yes,No,DSL,No internet service,No,No,No,Yes,No,Month-to-month,Yes,Credit card (automatic),31.11,1544.82,Yes
C-12dcfd60,Male,1,Yes,Yes,61,Yes,No phone service,Fiber optic,No internet service,Yes,No,No,No,No internet service,Month-to-month,Yes,Electronic check,40.81,2444.34,Yes
C-f4281979,Female,0,No,No,27,Yes,No,DSL,No,No,No,No,No internet service,No internet service,Month-to-month,Yes,Electronic check,25.82,674.35,Yes
C-b72e1997,Female,0,Yes,Yes,4,Yes,No,DSL,No internet service,No internet service,Yes,No,No internet service,No,One year,Yes,Credit card (automatic),30.64,121.05,No
C-45834ef8,Female,0,Yes,No,12,Yes,Yes,Fiber optic,No,No,No,No,No,No,Month-to-month,Yes,Bank transfer (automatic),42.01,489.75,Yes
C-96d77788,Male,1,Yes,Yes,39,No,No phone service,Fiber optic,No,No,Yes,No,Yes,No,Month-to-month,Yes,Credit card (automatic),47.29,1844.62,Yes
C-f071047a,Male,0,Yes,Yes,16,Yes,No,DSL,Yes,No,No,Yes,No,Yes,Two year,Yes,Credit card (automatic),44.9,713.42,No
C-6e024e01,Male,0,No,Yes,41,Yes,No phone service,DSL,No,Yes,No,No internet service,Yes,Yes,Month-to-month,Yes,Credit card (automatic),43.95,1808.74,No
C-a6659150,Male,0,No,No,64,Yes,Yes,Fiber optic,No,Yes,Yes,No,No,Yes,Month-to-month,Yes,Bank transfer (automatic),56.33,3590.9,Yes
C-ab4293dc,Female,0,No,Yes,67,Yes,Yes,No,No internet service,No internet service,No internet service,No internet service,No internet service,No internet service,Month-to-month,Yes,Bank transfer (automatic),19.57,1302.98,No
C-efbfae1d,Female,0,Yes,No,12,Yes,Yes,DSL,No,No,No,No internet service,Yes,No,Month-to-month,Yes,Bank transfer (automatic),29.4,342.95,No
C-84deeee3,Female,0,No,No,32,Yes,Yes,DSL,No,No,No,No,No,No,Month-to-month,Yes,Electronic check,22.36,690.04,No
C-2e71889b,Female,0,Yes,Yes,53,Yes,No,Fiber optic,No,Yes,Yes,No,No,No,Two year,Yes,Credit card (automatic),48.78,2574.81,No
C-14c90e60,Male,0,Yes,Yes,59,No,No phone service,No,No internet service,No internet service,No internet service,No internet service,No internet service,No internet service,One year,No,Mailed check,20.31,1194.85,No
C-fef02fc3,Female,0,No,Yes,5,Yes,Yes,No,No internet service,No internet service,No internet service,No internet service,No internet service,No internet service,Month-to-month,Yes,Bank transfer (automatic),18.0,52.88,Yes
C-72fbf04d,Male,1,No,No,9,Yes,No phone service,Fiber optic,No,Yes,Yes,No internet service,No,No internet service,Two year,Yes,Electronic check,47.59,440.95,Yes
C-3bd32b6b,Female,0,Yes,Yes,17,Yes,Yes,Fiber optic,Yes,No,Yes,Yes,No,No,One year,Yes,Credit card (automatic),57.76,1003.95,No
C-a22998ff,Female,0,No,Yes,0,Yes,Yes,No,No internet service,No internet service,No internet service,No internet service,No internet service,No internet service,One year,Yes,Electronic check,19.87,0.0,Yes
C-50a82357,Male,0,No,No,51,Yes,No,Fiber optic,No internet service,No,No,No,No,Yes,One year,Yes,Mailed check,43.33,2183.82,No
C-37a3b5db,Female,0,No,No,52,Yes,Yes,No,No internet service,No internet service,No internet service,No internet service,No internet service,No internet service,Month-to-month,No,Credit card (automatic),24.02,1226.46,Yes
C-88108268,Female,1,Yes,Yes,59,Yes,No phone service,Fiber optic,No,Yes,No internet service,No,Yes,No,Month-to-month,Yes,Mailed check,56.52,3342.04,No
C-e3da76c5,Male,0,No,No,5,Yes,Yes,DSL,Yes,Yes,Yes,Yes,No,No,Two year,Yes,Electronic check,50.0,214.4,No
C-d1c31fb3,Male,0,Yes,No,55,Yes,Yes,Fiber optic,No internet service,No,No,No,No,Yes,Month-to-month,No,Mailed check,47.82,2628.81,Yes
C-1cf34f32,Male,0,No,Yes,55,No,No phone service,No,No internet service,No internet service,No internet service,No internet service,No internet service,No internet service,Month-to-month,Yes,Mailed check,18.0,961.69,Yes
C-5bf6ca63,Male,0,No,No,52,Yes,No phone service,Fiber optic,No,Yes,No internet service,No,Yes,Yes,Month-to-month,Yes,Credit card (automatic),58.46,3055.61,Yes
C-dbbcf4f1,Female,0,Yes,Yes,30,Yes,Yes,DSL,No,No,Yes,No,No,Yes,Month-to-month,Yes,Electronic check,41.79,1236.64,Yes
C-29394447,Male,0,Yes,Yes,57,Yes,No,Fiber optic,No,No,Yes,No,Yes,Yes,Month-to-month,No,Mailed check,58.84,3365.55,Yes
C-6f945c26,Female,0,No,No,27,Yes,Yes,Fiber optic,No internet service,Yes,No,Yes,No,No,Month-to-month,Yes,Credit card (automatic),48.04,1306.64,No
C-c94f06b3,Female,0,No,No,15,No,No phone service,No,No internet service,No internet service,No internet service,No internet service,No internet service,No internet service,One year,No,Electronic check,19.36,304.83,Yes
C-6b521329,Male,0,No,No,22,Yes,No,Fiber optic,No,No,No,No,No,Yes,Month-to-month,No,Credit card (automatic),48.03,1074.11,No
C-337f2716,Male,0,No,No,6,Yes,Yes,Fiber optic,No,No internet service,No internet service,Yes,No internet service,Yes,Two year,Yes,Credit card (automatic),53.43,354.58,No
C-38361c80,Female,0,Yes,Yes,53,Yes,No,Fiber optic,No internet service,No,Yes,No internet service,No,No,One year,Yes,Credit card (automatic),44.99,2378.99,No
C-32562a68,Male,0,Yes,No,70,Yes,Yes,Fiber optic,No,No,No,Yes,Yes,No,One year,Yes,Electronic check,48.36,3374.9,No
C-050898cc,Male,0,No,No,19,Yes,Yes,Fiber optic,Yes,No,No,No,No,Yes,Month-to-month,Yes,Electronic check,52.34,1003.91,Yes
C-ad887e8a,Male,0,Yes,No,64,Yes,Yes,DSL,Yes,No,No,No,No,No internet service,Month-to-month,Yes,Electronic check,30.1,1960.69,Yes
C-65ad0223,Female,0,Yes,No,44,Yes,Yes,DSL,No,Yes,Yes,No,No,No,Month-to-month,Yes,Electronic check,34.54,1542.65,Yes
C-fe8af125,Male,1,No,No,39,Yes,No,DSL,Yes,No,Yes,No,Yes,No,Month-to-month,Yes,Bank transfer (automatic),46.77,1849.94,No
C-bfa7a9b4,Female,0,Yes,Yes,2,Yes,Yes,Fiber optic,Yes,No,Yes,No,Yes,Yes,Month-to-month,Yes,Credit card (automatic),61.85,101.7,Yes
C-6dcb9e87,Female,1,No,No,43,Yes,No phone service,Fiber optic,Yes,No,Yes,No,No,No internet service,One year,No,Electronic check,52.13,2242.65,No
C-59cdbd1d,Male,0,Yes,No,19,Yes,No,No,No internet service,No internet service,No internet service,No internet service,No internet service,No internet service,One year,No,Electronic check,19.86,403.48,No
C-5a314fd5,Male,0,Yes,No,17,Yes,No,DSL,No,No internet service,No,No,Yes,No,Month-to-month,Yes,Electronic check,25.32,391.61,No
C-6bc9eb74,Female,0,No,Yes,44,Yes,No phone service,DSL,No,No,Yes,No,Yes,Yes,Month-to-month,Yes,Electronic check,42.64,1881.07,Yes
C-c8d66143,Male,0,Yes,No,48,Yes,No phone service,No,No internet service,No internet service,No internet service,No internet service,No internet service,No internet service,One year,Yes,Bank transfer (automatic),21.1,989.66,No
C-15fd8093,Female,0,No,No,61,Yes,Yes,No,No internet service,No internet service,No internet service,No internet service,No internet service,No internet service,One year,Yes,Credit card (automatic),18.0,1085.1,No
C-26d01710,Male,0,No,No,20,Yes,Yes,Fiber optic,No,No,No,Yes,Yes,No,Month-to-month,Yes,Electronic check,48.97,992.8,Yes
C-873b7f5c,Male,0,No,Yes,56,Yes,Yes,No,No internet service,No internet service,No internet service,No internet service,No internet service,No internet service,Two year,No,Bank transfer (automatic),22.86,1320.44,No
C-662bb818,Female,0,No,Yes,60,Yes,Yes,Fiber optic,No,No,No,No,No,Yes,One year,No,Mailed check,53.58,3226.08,No
C-f20d9efe,Female,0,No,No,44,No,No phone service,DSL,No,No,Yes,Yes,No,No,Two year,Yes,Credit card (automatic),36.74,1628.64,No
C-dde47884,Female,0,No,No,65,Yes,Yes,Fiber optic,No internet service,No,Yes,Yes,No,Yes,Month-to-month,No,Electronic check,58.57,3801.97,Yes
C-8db5630e,Male,0,Yes,No,63,Yes,Yes,Fiber optic,No,No,No,No,No,Yes,Month-to-month,Yes,Credit card (automatic),47.66,3018.46,Yes
C-3aae6875,Female,0,Yes,No,56,Yes,No,No,No internet service,No internet service,No internet service,No internet service,No internet service,No internet service,Month-to-month,No,Mailed check,18.9,1057.68,No
C-3baa5b8f,Male,0,No,No,10,Yes,Yes,Fiber optic,No,Yes,Yes,No,No internet service,No,One year,Yes,Bank transfer (automatic),54.45,550.03,Yes
C-cc91bc57,Female,0,No,No,14,Yes,Yes,No,No internet service,No internet service,No internet service,No internet service,No internet service,No internet service,Month-to-month,No,Mailed check,21.1,334.5,No
C-a46388b9,Male,0,Yes,No,19,Yes,No,No,No internet service,No internet service,No internet service,No internet service,No internet service,No internet service,Month-to-month,Yes,Bank transfer (automatic),19.17,322.55,No
C-2a92e19a,Male,0,Yes,No,38,Yes,Yes,No,No internet service,No internet service,No internet service,No internet service,No internet service,No internet service,Month-to-month,Yes,Electronic check,20.75,745.99,No
C-7b7905ec,Male,0,No,Yes,46,Yes,Yes,No,No internet service,No internet service,No internet service,No internet service,No internet service,No internet service,Month-to-month,Yes,Bank transfer (automatic),25.31,1176.55,No
C-627cc7ce,Female,0,No,No,44,Yes,No,Fiber optic,No,No,No,Yes,Yes,No internet service,Month-to-month,Yes,Credit card (automatic),51.98,2301.31,No
C-30bcdeb3,Male,1,No,Yes,4,Yes,Yes,Fiber optic,No internet service,No,No,No,Yes,No,Month-to-month,Yes,Mailed check,45.62,151.74,Yes
C-4b4ecc5f,Male,0,Yes,No,54,Yes,No,DSL,Yes,No,No internet service,No,Yes,Yes,Month-to-month,No,Electronic check,47.22,2590.65,No
C-9c6b8921,Female,0,Yes,No,20,No,No phone service,DSL,No,No,No,No,No,No,Month-to-month,No,Mailed check,20.5,386.66,No
C-2ec2571c,Male,0,No,No,70,Yes,No phone service,No,No internet service,No internet service,No internet service,No internet service,No internet service,No internet service,Two year,No,Mailed check,18.0,1266.63,No
C-d92437e2,Male,0,Yes,Yes,55,Yes,No,Fiber optic,No,No,No,Yes,No,No,Two year,Yes,Mailed check,47.13,2616.32,No
C-da18277e,Male,0,Yes,No,32,No,No phone service,Fiber optic,No,Yes,Yes,Yes,No,No,Two year,Yes,Bank transfer (automatic),54.13,1748.66,No
C-d394f8a2,Male,0,Yes,No,52,No,No phone service,DSL,No internet service,No,Yes,No,No,Yes,Month-to-month,No,Electronic check,40.41,2120.43,Yes
C-6931c081,Female,0,Yes,Yes,6,Yes,Yes,Fiber optic,No,No,No,No,No,No,Two year,Yes,Bank transfer (automatic),38.5,244.49,No
C-189b7836,Female,0,No,No,1,Yes,Yes,Fiber optic,Yes,Yes,Yes,No,Yes,No,Two year,No,Bank transfer (automatic),66.53,87.84,Yes
C-85787460,Female,0,No,No,20,Yes,Yes,DSL,Yes,No,No,No,No,No,Two year,No,Bank transfer (automatic),35.77,719.62,No
C-1ecea1ff,Female,0,No,No,17,Yes,Yes,DSL,No,Yes,Yes,No,Yes,Yes,Two year,No,Electronic check,43.63,729.32,No
C-bdc72175,Female,0,No,No,1,Yes,Yes,DSL,Yes,No internet service,No internet service,No,No,No internet service,Month-to-month,No,Mailed check,31.38,47.28,Yes
C-6208a7f0,Male,0,No,Yes,27,No,No phone service,Fiber optic,Yes,No,Yes,Yes,No,No,Two year,Yes,Credit card (automatic),58.68,1590.6,No
C-6488e4a6,Female,0,No,No,26,Yes,No,DSL,No,Yes,No,Yes,No,Yes,One year,Yes,Electronic check,39.26,1018.28,No
C-087cf3bd,Female,0,No,No,36,Yes,No,DSL,No,Yes,No,Yes,No,No,Two year,No,Electronic check,35.85,1317.85,No
C-80d6fb8f,Female,0,No,No,46,Yes,Yes,Fiber optic,No,Yes,No,No,No,Yes,One year,No,Electronic check,51.1,2323.62,No
C-43ef66fd,Female,0,No,No,6,Yes,No,Fiber optic,No,No,No,Yes,Yes,No internet service,Month-to-month,Yes,Electronic check,54.37,300.6,Yes
C-a1b2f169,Female,0,No,No,36,Yes,No phone service,No,No internet service,No internet service,No internet service,No internet service,No internet service,No internet service,Month-to-month,No,Credit card (automatic),21.77,790.59,No
C-4dab4c33,Female,0,Yes,No,35,Yes,No,Fiber optic,No internet service,Yes,No,Yes,No,No,Two year,No,Electronic check,51.43,1773.15,No
C-4b9ec318,Female,0,Yes,No,14,Yes,No,Fiber optic,No internet service,No internet service,No,No,Yes,No internet service,Two year,Yes,Bank transfer (automatic),49.5,660.38,No
C-b0f4624b,Male,0,No,No,42,No,No phone service,Fiber optic,No,Yes,No internet service,No,No,No,Month-to-month,Yes,Credit card (automatic),42.15,1764.74,Yes
C-ed33ea62,Female,1,No,No,57,Yes,No,Fiber optic,Yes,Yes,Yes,No,No,Yes,Two year,No,Bank transfer (automatic),60.24,3451.55,No
C-40197edc,Female,1,No,No,62,No,No phone service,No,No internet service,No internet service,No internet service,No internet service,No internet service,No internet service,Month-to-month,No,Credit card (automatic),20.18,1253.24,Yes
C-02927487,Female,0,Yes,No,14,No,No phone service,DSL,Yes,No,No,No,Yes,No internet service,Two year,Yes,Credit card (automatic),42.67,560.01,No
C-c4ed4dc3,Male,1,Yes,No,72,Yes,Yes,DSL,Yes,Yes,No,Yes,Yes,Yes,Month-to-month,No,Electronic check,48.69,3527.61,Yes
C-a9519b9b,Male,0,No,No,39,Yes,No,Fiber optic,No internet service,Yes,Yes,No,Yes,Yes,Month-to-month,Yes,Mailed check,57.94,2258.23,Yes
C-e8a9bbc8,Female,0,Yes,No,53,Yes,No,DSL,Yes,No,No,No,No,Yes,Two year,Yes,Electronic check,37.77,2027.35,No
C-af26f088,Male,0,No,Yes,67,Yes,Yes,DSL,No,No,Yes,No,No,No internet service,One year,Yes,Bank transfer (automatic),27.56,1840.73,No
C-501dd621,Male,0,No,No,35,No,No phone service,No,No internet service,No internet service,No internet service,No internet service,No internet service,No internet service,Two year,Yes,Electronic check,20.77,721.31,No
C-2d985cf6,Female,0,Yes,Yes,67,Yes,No phone service,Fiber optic,Yes,Yes,No internet service,Yes,Yes,No,Month-to-month,No,Electronic check,64.06,4270.33,No
C-f1d2277f,Female,0,Yes,Yes,16,Yes,No,Fiber optic,No,Yes,No internet service,Yes,No,No,Month-to-month,Yes,Bank transfer (automatic),57.89,901.63,No
C-dd7b3a72,Female,0,No,Yes,15,Yes,No phone service,Fiber optic,No,No,No,No,No,No,Month-to-month,Yes,Electronic check,39.26,635.45,Yes
C-e7597479,Male,0,No,Yes,18,No,No phone service,DSL,No,Yes,No internet service,No,No,Yes,One year,Yes,Mailed check,32.13,597.41,No
C-faa77138,Female,1,Yes,No,59,Yes,Yes,Fiber optic,Yes,No,Yes,No internet service,No,Yes,Two year,Yes,Credit card (automatic),57.91,3423.51,No
C-eca71899,Female,1,Yes,No,3,No,No phone service,No,No internet service,No internet service,No internet service,No internet service,No internet service,No internet service,One year,Yes,Electronic check,18.0,77.29,No
C-763204ed,Male,0,Yes,No,55,Yes,No,No,No internet service,No internet service,No internet service,No internet service,No internet service,No internet service,Month-to-month,Yes,Bank transfer (automatic),20.06,1093.29,No
C-49632224,Male,0,No,Yes,52,No,No phone service,DSL,No,No,No,No,Yes,No,Month-to-month,Yes,Bank transfer (automatic),29.92,1569.6,No
C-6f3bb8bc,Male,0,No,No,48,No,No phone service,Fiber optic,No,No,No,Yes,No,Yes,Two year,Yes,Bank transfer (automatic),48.64,2343.32,No
C-f26ebae8,Male,0,No,No,68,Yes,No,DSL,Yes,Yes,No,No,No,No internet service,Month-to-month,No,Credit card (automatic),37.18,2549.38,No
C-8346e66d,Female,0,Yes,No,33,Yes,No,No,No internet service,No internet service,No internet service,No internet service,No internet service,No internet service,Two year,No,Electronic check,20.73,687.09,No
C-886f964f,Male,1,No,No,53,Yes,Yes,Fiber optic,No,No,No,Yes,Yes,Yes,Month-to-month,Yes,Bank transfer (automatic),50.28,2659.98,Yes
C-a3324d20,Male,0,No,No,56,No,No phone service,DSL,No,Yes,Yes,No,No,No,Month-to-month,Yes,Credit card (automatic),32.54,1825.91,No
C-34338819,Female,0,Yes,Yes,61,Yes,No phone service,No,No internet service,No internet service,No internet service,No internet service,No internet service,No internet service,One year,Yes,Electronic check,21.02,1289.8,No
C-3dac1890,Female,0,No,No,29,Yes,Yes,No,No internet service,No internet service,No internet service,No internet service,No internet service,No internet service,One year,Yes,Electronic check,18.0,520.45,No
C-1a212069,Male,0,Yes,Yes,10,Yes,No,Fiber optic,No,Yes,No,No,No,Yes,Month-to-month,Yes,Electronic check,52.28,511.25,Yes
C-26c19b81,Male,0,No,No,57,Yes,Yes,DSL,No,Yes,No,Yes,Yes,Yes,Month-to-month,Yes,Electronic check,50.35,2853.36,Yes
C-29ddf0cb,Female,0,Yes,No,44,Yes,No,Fiber optic,No internet service,No,No internet service,Yes,Yes,Yes,Month-to-month,Yes,Electronic check,58.18,2592.15,No
C-2649094f,Male,0,No,Yes,53,Yes,No,No,No internet service,No internet service,No internet service,No internet service,No internet service,No internet service,One year,Yes,Electronic check,18.0,961.24,No
C-5ffe1186,Female,0,Yes,No,8,No,No phone service,DSL,Yes,No,No,No,Yes,No,Month-to-month,No,Mailed check,34.4,294.92,No
C-61147c70,Male,1,No,No,17,No,No phone service,No,No internet service,No internet service,No internet service,No internet service,No internet service,No internet service,Two year,No,Electronic check,21.08,346.19,No
C-f2aa19b4,Male,0,Yes,No,71,Yes,No,Fiber optic,No internet service,Yes,Yes,No,No,Yes,Month-to-month,No,Electronic check,53.96,3845.64,No
C-07d8b516,Male,0,No,No,11,Yes,No,Fiber optic,No,Yes,No,Yes,No internet service,Yes,One year,No,Credit card (automatic),53.23,568.3,Yes
C-13db109a,Male,1,No,Yes,72,Yes,Yes,DSL,No,No internet service,No internet service,No internet service,Yes,Yes,Month-to-month,Yes,Bank transfer (automatic),34.46,2488.98,No
C-921a460b,Female,0,Yes,No,2,Yes,No phone service,Fiber optic,No,Yes,No internet service,Yes,No,Yes,Month-to-month,No,Electronic check,53.48,76.48,Yes
C-0f7508e7,Male,0,No,No,49,Yes,Yes,DSL,No,No,No internet service,Yes,No,No,Month-to-month,Yes,Electronic check,28.31,1383.06,Yes
C-2c40cf3f,Male,0,Yes,No,26,Yes,Yes,DSL,No,No,No,No,Yes,Yes,Month-to-month,No,Electronic check,36.98,955.88,No
C-919a35fa,Male,0,Yes,No,47,Yes,No phone service,No,No internet service,No internet service,No internet service,No internet service,No internet service,No internet service,Two year,No,Bank transfer (automatic),21.27,1012.32,No
C-55297454,Male,0,No,No,0,No,No phone service,DSL,No,Yes,No,No,Yes,Yes,One year,No,Mailed check,40.08,25.42,Yes
C-cae64953,Female,1,No,Yes,38,Yes,No phone service,DSL,Yes,Yes,No,No,No,No,Two year,No,Electronic check,36.32,1355.79,No
C-881fe5ca,Female,0,No,Yes,69,Yes,Yes,No,No internet service,No internet service,No internet service,No internet service,No internet service,No internet service,One year,No,Electronic check,23.81,1637.52,No
C-3d73d599,Female,0,No,Yes,50,Yes,No,Fiber optic,No,Yes,No,No,Yes,No,Two year,Yes,Mailed check,46.96,2341.61,No
C-70c52279,Female,0,Yes,No,39,Yes,Yes,DSL,No,No,Yes,Yes,Yes,No,Month-to-month,No,Bank transfer (automatic),39.58,1541.71,Yes
C-61757967,Female,0,No,No,23,Yes,Yes,Fiber optic,No internet service,Yes,Yes,No,No,Yes,Two year,Yes,Bank transfer (automatic),56.58,1343.05,Yes
C-44f3ae9a,Female,0,Yes,No,59,Yes,No,Fiber optic,No,Yes,Yes,Yes,Yes,Yes,Month-to-month,No,Electronic check,69.92,4107.59,Yes
C-0ef9beee,Male,1,Yes,Yes,20,Yes,Yes,No,No internet service,No internet service,No internet service,No internet service,No internet service,No internet service,Month-to-month,No,Electronic check,18.0,374.49,No
C-91146047,Female,0,No,No,72,Yes,No phone service,DSL,No,Yes,No,No,No,No,Two year,Yes,Electronic check,32.77,2365.9,No
C-0113977b,Female,0,Yes,No,17,Yes,No,Fiber optic,No internet service,No internet service,Yes,No,Yes,No,One year,No,Electronic check,56.72,977.68,No
C-b5b993d2,Male,0,No,Yes,18,Yes,No,Fiber optic,No,No,No,No,No,No,Month-to-month,Yes,Credit card (automatic),41.86,738.16,Yes
C-c46f3fb3,Female,0,No,No,24,Yes,Yes,DSL,No,No,No,No,No,No,Month-to-month,Yes,Electronic check,22.63,535.71,Yes
C-3585faca,Male,0,Yes,Yes,22,Yes,Yes,Fiber optic,Yes,No internet service,No,Yes,No,Yes,One year,Yes,Electronic check,56.79,1228.53,Yes
C-72287983,Female,0,No,No,27,Yes,Yes,No,No internet service,No internet service,No internet service,No internet service,No internet service,No internet service,Month-to-month,No,Bank transfer (automatic),18.0,479.12,Yes
C-de261ebb,Female,0,No,No,70,Yes,Yes,Fiber optic,No,Yes,Yes,No internet service,Yes,Yes,Month-to-month,No,Electronic check,60.78,4273.71,No
C-7de4c34e,Female,0,No,Yes,4,Yes,No phone service,No,No internet service,No internet service,No internet service,No internet service,No internet service,No internet service,Two year,No,Bank transfer (automatic),21.68,72.0,No
C-5fec601d,Male,0,No,No,68,Yes,No,Fiber optic,No,Yes,Yes,Yes,No,No,One year,Yes,Mailed check,54.26,3714.26,No
C-1ab315ca,Male,0,Yes,Yes,71,Yes,Yes,Fiber optic,No,No,No,No,No internet service,No,Two year,Yes,Electronic check,40.24,2843.39,No
C-2913934d,Male,0,Yes,Yes,14,Yes,No,DSL,Yes,No,No,Yes,Yes,No,Month-to-month,Yes,Mailed check,31.85,451.28,No
C-7b71395d,Male,1,No,Yes,32,Yes,No,DSL,Yes,No internet service,No,No,No,Yes,One year,Yes,Bank transfer (automatic),39.04,1253.01,No
C-f3313b3a,Male,0,No,Yes,52,Yes,Yes,DSL,No,No,No,No internet service,Yes,Yes,One year,No,Mailed check,37.34,1903.38,Yes
C-8a86d3d4,Male,0,Yes,Yes,41,Yes,No,Fiber optic,No,Yes,Yes,No,No,No,Month-to-month,No,Mailed check,47.82,1980.59,Yes
C-4399b5f2,Male,0,Yes,No,32,No,No phone service,DSL,No,No,No,No,No,No,Month-to-month,No,Mailed check,24.56,781.17,Yes
C-8894b777,Female,0,Yes,No,3,Yes,Yes,DSL,No,No,Yes,No,No,No,Two year,Yes,Bank transfer (automatic),24.59,85.15,No
C-3dc07193,Female,0,No,No,13,Yes,No,No,No internet service,No internet service,No internet service,No internet service,No internet service,No internet service,Month-to-month,No,Electronic check,20.0,234.92,No
C-b0c05e00,Male,0,No,No,47,Yes,No,Fiber optic,No,No internet service,No,Yes,No,No,Month-to-month,Yes,Electronic check,51.29,2446.03,No
C-b58d21dd,Male,0,No,No,69,Yes,Yes,DSL,No,No,No,No,Yes,No,Month-to-month,No,Mailed check,29.76,2089.57,No
C-aa943eae,Male,0,Yes,Yes,65,Yes,No,DSL,No,No,No,Yes,No,Yes,Month-to-month,Yes,Bank transfer (automatic),36.99,2369.49,No
C-d5c9f043,Female,0,Yes,Yes,18,Yes,Yes,Fiber optic,No,Yes,No,No,No,No,Two year,No,Mailed check,43.98,792.99,Yes
C-3938aa24,Female,1,No,No,47,No,No phone service,DSL,No,Yes,No,No,No internet service,Yes,Two year,Yes,Mailed check,30.68,1417.34,No
C-88b83a3b,Male,0,Yes,No,61,Yes,Yes,DSL,No,Yes,Yes,No internet service,No,Yes,Month-to-month,No,Credit card (automatic),39.27,2373.4,No
C-f712cb3e,Male,0,Yes,No,44,Yes,No,Fiber optic,No,Yes,No,Yes,No internet service,Yes,Two year,Yes,Credit card (automatic),52.76,2303.33,Yes
C-c2ff6611,Female,0,No,No,4,Yes,Yes,Fiber optic,No,Yes,Yes,No,Yes,Yes,Month-to-month,No,Electronic check,63.49,215.73,Yes
C-02ed3044,Male,0,No,No,12,Yes,Yes,DSL,Yes,No internet service,Yes,No,Yes,No,Two year,Yes,Credit card (automatic),35.12,429.04,No
C-c741a2a9,Female,0,No,No,14,Yes,Yes,Fiber optic,No,No,No,No internet service,No,No,Month-to-month,Yes,Mailed check,42.1,582.79,Yes
C-e390e191,Male,0,No,No,6,No,No phone service,Fiber optic,No,No,Yes,No,Yes,No,Month-to-month,Yes,Electronic check,50.79,266.38,Yes
C-d6024431,Male,0,No,Yes,28,Yes,No phone service,DSL,No,No internet service,No,Yes,Yes,No,One year,Yes,Mailed check,33.92,946.03,No
C-ce77c456,Female,0,No,No,7,Yes,Yes,Fiber optic,Yes,No,No,No,No internet service,Yes,One year,Yes,Mailed check,53.22,348.15,Yes
C-f579e927,Male,0,No,Yes,55,Yes,No,DSL,No,No,No internet service,No,No,No,Month-to-month,Yes,Bank transfer (automatic),27.26,1534.09,Yes
C-54cdf549,Male,0,Yes,No,4,Yes,No,Fiber optic,No,Yes,No,No,No,Yes,Two year,No,Mailed check,47.24,191.16,No
C-0ad4af7b,Female,0,Yes,No,4,Yes,No,Fiber optic,No,No,No internet service,No,No,Yes,One year,Yes,Credit card (automatic),47.93,226.4,Yes
C-7090a663,Female,0,Yes,No,45,Yes,Yes,No,No internet service,No internet service,No internet service,No internet service,No internet service,No internet service,Two year,No,Mailed check,20.34,914.58,No
C-079f801f,Male,0,No,Yes,72,Yes,No,Fiber optic,Yes,No,No,No,Yes,No,One year,Yes,Electronic check,53.48,3842.35,No
C-d3984cd4,Female,0,No,Yes,8,Yes,No,DSL,No,No,Yes,No internet service,No,Yes,Month-to-month,No,Credit card (automatic),34.09,280.7,Yes
C-19d2fed8,Male,0,Yes,No,3,Yes,No,Fiber optic,No,No internet service,No internet service,No,No,Yes,One year,Yes,Mailed check,46.41,138.08,No
C-c203912d,Female,0,Yes,No,4,No,No phone service,Fiber optic,No,No,No,Yes,Yes,No,Month-to-month,Yes,Electronic check,48.69,187.05,Yes
C-a714c647,Female,0,No,No,12,Yes,Yes,Fiber optic,No,No,No,Yes,No internet service,Yes,Month-to-month,Yes,Mailed check,55.26,682.48,Yes
C-6089cdeb,Male,1,Yes,No,68,Yes,No,No,No internet service,No internet service,No internet service,No internet service,No internet service,No internet service,Two year,No,Bank transfer (automatic),20.07,1383.88,No
C-014507a3,Male,0,No,No,6,Yes,Yes,Fiber optic,Yes,No,Yes,No,Yes,Yes,Two year,No,Electronic check,62.62,359.21,No
C-8b992c42,Female,1,Yes,Yes,12,No,No phone service,No,No internet service,No internet service,No internet service,No internet service,No internet service,No internet service,Month-to-month,Yes,Electronic check,20.05,247.19,Yes
C-73e8904a,Male,0,Yes,Yes,69,Yes,No,Fiber optic,No,Yes,Yes,Yes,Yes,No,One year,No,Electronic check,66.19,4545.73,No
C-e4cf68b5,Female,0,Yes,No,52,Yes,No,DSL,Yes,No,No internet service,No,No,Yes,Month-to-month,Yes,Mailed check,37.77,1964.2,No
C-162e0bc0,Male,0,No,Yes,23,Yes,No,Fiber optic,No,Yes,No,No,No,No,Month-to-month,Yes,Credit card (automatic),43.98,1015.46,No
C-372729e9,Male,0,Yes,Yes,21,Yes,No phone service,No,No internet service,No internet service,No internet service,No internet service,No internet service,No internet service,Month-to-month,No,Electronic check,23.07,474.24,No
C-4174cf83,Female,0,Yes,No,7,Yes,No,Fiber optic,No,No,No,Yes,No,Yes,Month-to-month,No,Bank transfer (automatic),51.03,360.95,Yes
C-e49a5d00,Male,1,No,No,55,Yes,No,DSL,No,No internet service,No,No,No internet service,No,Month-to-month,Yes,Electronic check,28.0,1529.96,Yes
C-dc31f81f,Female,0,Yes,No,60,Yes,No,Fiber optic,No,No internet service,Yes,No,No,No,One year,No,Mailed check,46.2,2755.72,No
C-79c15a83,Female,1,Yes,No,67,Yes,No phone service,No,No internet service,No internet service,No internet service,No internet service,No internet service,No internet service,Month-to-month,No,Credit card (automatic),24.68,1675.77,No
C-d9cba043,Male,0,No,Yes,45,Yes,No,DSL,No,No internet service,No,No internet service,No,No,One year,No,Credit card (automatic),23.56,1051.45,No
C-d68530c2,Male,0,Yes,No,56,Yes,No phone service,No,No internet service,No internet service,No internet service,No internet service,No internet service,No internet service,Month-to-month,Yes,Electronic check,18.0,1042.61,No
C-6deb32e8,Male,1,No,No,25,Yes,Yes,DSL,No,No,Yes,No,Yes,Yes,Month-to-month,Yes,Bank transfer (automatic),45.0,1095.8,Yes
C-2a63d473,Female,0,Yes,Yes,0,Yes,No phone service,DSL,No,No,No internet service,Yes,Yes,No,Two year,Yes,Electronic check,34.15,0.0,No
C-db923024,Male,0,No,No,17,Yes,Yes,DSL,No,No,Yes,No internet service,No,Yes,Two year,No,Credit card (automatic),34.55,563.79,No
C-712e9855,Male,0,Yes,Yes,4,No,No phone service,DSL,No,Yes,Yes,No,Yes,Yes,One year,No,Bank transfer (automatic),46.24,175.05,No
C-bc980de1,Male,0,Yes,No,49,Yes,No,Fiber optic,Yes,No,No,No,No,Yes,One year,Yes,Electronic check,51.41,2522.22,No
C-1bc3a193,Male,1,No,No,45,Yes,Yes,No,No internet service,No internet service,No internet service,No internet service,No internet service,No internet service,Month-to-month,Yes,Mailed check,25.07,1155.18,Yes
C-edbf9c53,Female,0,No,No,57,Yes,No,No,No internet service,No internet service,No internet service,No internet service,No internet service,No internet service,One year,Yes,Mailed check,20.48,1164.16,No
C-c184b520,Male,0,No,No,52,Yes,No,Fiber optic,Yes,No internet service,No internet service,No,No,No,Month-to-month,Yes,Electronic check,42.32,2196.09,Yes
C-296c43d9,Male,0,Yes,Yes,28,No,No phone service,No,No internet service,No internet service,No internet service,No internet service,No internet service,No internet service,Two year,Yes,Credit card (automatic),19.05,558.32,No
C-c77d6a3c,Female,0,Yes,No,21,Yes,No,No,No internet service,No internet service,No internet service,No internet service,No internet service,No internet service,Month-to-month,Yes,Electronic check,18.0,385.71,Yes
C-4e6dbea9,Male,0,Yes,Yes,12,Yes,No,DSL,No,No,No,Yes,No,No,Two year,Yes,Credit card (automatic),32.52,394.41,No
C-2c56eed0,Female,0,Yes,No,29,No,No phone service,Fiber optic,Yes,No internet service,No,No,Yes,No,Month-to-month,Yes,Credit card (automatic),53.16,1569.75,Yes
C-5c2d9f60,Female,0,No,Yes,44,Yes,Yes,Fiber optic,Yes,No internet service,Yes,No,No internet service,Yes,Month-to-month,Yes,Electronic check,55.83,2446.52,Yes
C-8f06b650,Male,0,Yes,No,22,Yes,No phone service,DSL,Yes,Yes,Yes,No,No,Yes,Two year,Yes,Credit card (automatic),49.58,1102.87,No
C-79e4fe9f,Male,0,No,No,25,Yes,No,Fiber optic,No,No internet service,No,Yes,Yes,No,One year,Yes,Electronic check,53.34,1302.34,No
C-77546bf3,Female,0,Yes,No,55,Yes,No,DSL,No,Yes,Yes,No,Yes,No,One year,No,Bank transfer (automatic),39.69,2184.05,No
C-4d882af6,Male,1,Yes,No,23,Yes,Yes,Fiber optic,No,No,No,No,Yes,Yes,Month-to-month,Yes,Bank transfer (automatic),51.2,1180.92,Yes
C-3efc32fb,Female,1,No,No,27,Yes,No,DSL,Yes,Yes,No,No internet service,No internet service,No,Month-to-month,Yes,Bank transfer (automatic),42.68,1192.38,No
C-197af6fa,Female,0,Yes,Yes,48,Yes,Yes,Fiber optic,No internet service,No,No,No,No,Yes,Two year,No,Electronic check,52.2,2493.31,No
C-0edcc272,Male,0,Yes,Yes,65,Yes,No,Fiber optic,Yes,No internet service,No internet service,No internet service,No,No internet service,Month-to-month,No,Bank transfer (automatic),42.48,2770.58,No
C-eb7aa0b6,Male,0,No,Yes,23,Yes,Yes,Fiber optic,Yes,No,No,No internet service,No,No,Two year,No,Bank transfer (automatic),48.37,1120.49,No
C-2cd4ab2a,Female,0,Yes,Yes,8,Yes,Yes,No,No internet service,No internet service,No internet service,No internet service,No internet service,No internet service,Month-to-month,Yes,Bank transfer (automatic),23.26,206.79,Yes
C-4227e9ea,Male,0,No,No,27,Yes,No phone service,Fiber optic,No internet service,No,Yes,No internet service,No,Yes,Month-to-month,No,Credit card (automatic),49.26,1334.87,Yes
C-76d13a26,Male,0,No,Yes,2,Yes,Yes,Fiber optic,No,No,No,No internet service,Yes,No internet service,Month-to-month,Yes,Bank transfer (automatic),41.47,97.58,Yes
C-0571f1f8,Male,0,No,No,18,No,No phone service,Fiber optic,No internet service,No,No,Yes,No,No internet service,Two year,Yes,Electronic check,43.56,787.29,No
C-041949c8,Male,0,No,Yes,58,Yes,No phone service,Fiber optic,No,No,No,No,No,No,One year,No,Electronic check,40.52,2344.24,No
C-2e66b99c,Female,1,No,Yes,11,Yes,No,Fiber optic,No,Yes,Yes,Yes,No,Yes,One year,No,Electronic check,62.88,666.72,No
C-37aea597,Male,0,No,Yes,2,Yes,No,Fiber optic,No internet service,No,Yes,No,Yes,No,Two year,No,Credit card (automatic),48.94,51.65,No
C-2239a230,Female,0,No,No,45,Yes,No phone service,Fiber optic,No internet service,No,No,No,No,No,Month-to-month,Yes,Mailed check,42.11,1875.05,No
C-d70cb8af,Male,0,No,No,9,Yes,Yes,Fiber optic,Yes,No,No,Yes,No,Yes,Month-to-month,Yes,Electronic check,59.14,578.98,Yes
C-7e54659f,Male,0,Yes,Yes,19,Yes,Yes,Fiber optic,No,Yes,No,Yes,No,No,Month-to-month,Yes,Mailed check,54.73,1056.33,Yes
C-b2484792,Female,0,No,Yes,3,Yes,Yes,Fiber optic,No,Yes,No,No,No,No,Two year,Yes,Bank transfer (automatic),42.79,87.25,Yes
C-a8b63985,Male,0,No,No,10,Yes,No,DSL,No,No,Yes,No internet service,Yes,No,Two year,Yes,Credit card (automatic),33.11,350.95,No
C-a38cc8b9,Female,0,No,No,38,Yes,No,Fiber optic,Yes,No,No internet service,No,Yes,No,One year,Yes,Credit card (automatic),49.24,1906.81,No
C-7c4fa647,Male,1,Yes,No,32,Yes,No,No,No internet service,No internet service,No internet service,No internet service,No internet service,No internet service,Month-to-month,Yes,Mailed check,20.59,677.7,Yes
C-15a0af4e,Male,0,No,No,46,Yes,Yes,Fiber optic,No,No,No internet service,No,Yes,No,One year,No,Mailed check,45.17,2064.69,No
C-1ea81164,Male,0,No,Yes,6,Yes,No,Fiber optic,No internet service,Yes,Yes,No,No,No,Two year,Yes,Electronic check,49.25,266.17,Yes
C-41aea26d,Male,0,Yes,Yes,1,Yes,Yes,DSL,Yes,No,Yes,No internet service,No internet service,No,Two year,No,Bank transfer (automatic),31.85,11.68,No
C-d1f90b77,Male,0,No,No,14,Yes,No,DSL,No,No,No,No,Yes,No,Month-to-month,No,Electronic check,32.45,459.51,No
C-a39c5f85,Male,0,No,No,47,No,No phone service,No,No internet service,No internet service,No internet service,No internet service,No internet service,No internet service,One year,Yes,Bank transfer (automatic),23.22,1095.1,No
C-216123ec,Female,0,No,Yes,12,Yes,No,Fiber optic,No,Yes,No,No,No,Yes,Two year,No,Credit card (automatic),50.41,586.15,No
C-7c84ecd9,Male,0,No,Yes,43,Yes,No,Fiber optic,No,Yes,No,Yes,No internet service,No,Month-to-month,No,Credit card (automatic),52.14,2241.9,Yes
C-f03557e7,Female,0,No,Yes,36,Yes,No,Fiber optic,Yes,No,No,No,No,No,One year,Yes,Mailed check,41.94,1492.46,No
C-ccb63406,Female,0,Yes,No,48,Yes,Yes,DSL,No,Yes,No,No,No,No,Month-to-month,Yes,Mailed check,29.73,1445.95,No
C-5b53dee8,Female,0,Yes,Yes,32,No,No phone service,Fiber optic,Yes,No internet service,No,Yes,No,No,Month-to-month,No,Credit card (automatic),49.91,1606.57,Yes
C-94681678,Male,0,Yes,No,11,Yes,No,DSL,Yes,Yes,No internet service,No,No,Yes,Month-to-month,Yes,Bank transfer (automatic),45.77,496.14,Yes
C-4f6fcfee,Male,0,Yes,No,22,Yes,Yes,DSL,Yes,No,No,No,No,Yes,One year,Yes,Credit card (automatic),35.2,770.8,No
C-d50e5f6d,Male,1,Yes,Yes,56,Yes,No,DSL,No,Yes,No,No,No,No internet service,Month-to-month,No,Credit card (automatic),28.88,1612.44,Yes
C-a864dd32,Female,0,No,Yes,33,No,No phone service,No,No internet service,No internet service,No internet service,No internet service,No internet service,No internet service,Two year,No,Credit card (automatic),18.0,583.65,No
C-c6d9af0b,Male,0,No,No,12,Yes,No,Fiber optic,No,No,Yes,No,No,Yes,Month-to-month,No,Bank transfer (automatic),49.55,600.76,Yes
C-eea1267f,Male,1,No,Yes,51,Yes,No,Fiber optic,Yes,No,Yes,No,Yes,No,Month-to-month,No,Mailed check,52.5,2670.72,No
C-605029f1,Male,0,No,Yes,2,Yes,Yes,Fiber optic,No,No,Yes,No,Yes,No,Two year,Yes,Credit card (automatic),46.59,112.34,Yes
C-28ae40d7,Male,0,Yes,No,67,Yes,No,DSL,No,Yes,Yes,Yes,No,Yes,One year,No,Bank transfer (automatic),45.37,3049.99,No
C-ea36d941,Male,1,No,Yes,38,Yes,No,DSL,Yes,Yes,No,No,Yes,Yes,Two year,Yes,Credit card (automatic),47.03,1787.64,No
C-22669af0,Male,0,Yes,No,43,Yes,Yes,Fiber optic,No,No,No,No,No,No,Two year,Yes,Electronic check,42.48,1807.91,No
C-45e90334,Male,0,No,No,66,Yes,No,DSL,No,No,No,No internet service,Yes,No,Month-to-month,Yes,Mailed check,29.88,1984.15,No
C-aa5af18b,Female,0,Yes,No,70,Yes,Yes,No,No internet service,No internet service,No internet service,No internet service,No internet service,No internet service,Month-to-month,Yes,Credit card (automatic),19.39,1362.0,No
C-cd9926a3,Female,0,No,Yes,17,Yes,No phone service,Fiber optic,No,No,No,Yes,Yes,Yes,One year,Yes,Credit card (automatic),56.31,973.91,No
C-e707c59a,Male,0,No,Yes,71,Yes,No,Fiber optic,No,Yes,Yes,Yes,No,Yes,Month-to-month,Yes,Credit card (automatic),64.49,4589.71,Yes
C-204e11ce,Female,0,No,No,44,Yes,No,Fiber optic,No,Yes,No,No internet service,No,No,Two year,No,Credit card (automatic),46.88,2067.63,No
C-9d406448,Female,0,No,Yes,71,Yes,Yes,No,No internet service,No internet service,No internet service,No internet service,No internet service,No internet service,Month-to-month,No,Electronic check,18.0,1284.93,No
C-8725eaa2,Male,0,No,Yes,67,No,No phone service,DSL,No internet service,No internet service,No,No internet service,Yes,No,One year,Yes,Electronic check,26.64,1811.64,No
C-e0b51675,Female,1,No,No,27,Yes,Yes,Fiber optic,No,No,No,Yes,Yes,Yes,Month-to-month,Yes,Credit card (automatic),56.27,1553.17,Yes
C-bee91062,Male,0,No,No,12,Yes,Yes,No,No internet service,No internet service,No internet service,No internet service,No internet service,No internet service,Month-to-month,No,Mailed check,21.46,272.91,No
C-fb5ef0d9,Male,1,No,No,46,Yes,Yes,Fiber optic,No,No,No,No,No,No internet service,Month-to-month,No,Electronic check,38.18,1732.22,Yes
C-d241b518,Female,0,Yes,Yes,11,Yes,No,No,No internet service,No internet service,No internet service,No internet service,No internet service,No internet service,One year,No,Credit card (automatic),18.0,206.02,No
C-716ceccf,Female,0,Yes,No,1,Yes,No,Fiber optic,No,No,No,No,Yes,No internet service,Month-to-month,No,Electronic check,44.31,72.91,Yes
C-9067be9d,Male,0,No,No,4,Yes,No,No,No internet service,No internet service,No internet service,No internet service,No internet service,No internet service,Two year,No,Mailed check,18.77,94.33,No
C-462201c2,Female,0,Yes,No,35,Yes,No,Fiber optic,No internet service,No,No,No,Yes,Yes,Month-to-month,Yes,Electronic check,52.93,1842.39,Yes
C-f67c0bc5,Female,1,No,Yes,30,Yes,No phone service,Fiber optic,No,Yes,Yes,Yes,Yes,No,Month-to-month,Yes,Mailed check,60.03,1779.21,Yes
C-f850517f,Female,0,Yes,Yes,40,Yes,Yes,Fiber optic,No,No,No,Yes,No internet service,No internet service,One year,No,Credit card (automatic),41.64,1681.27,No
C-9d1cf906,Female,0,Yes,Yes,20,No,No phone service,Fiber optic,No,No,No,Yes,Yes,Yes,Month-to-month,Yes,Electronic check,51.93,1040.41,Yes
C-c616e1d7,Female,1,Yes,No,4,Yes,No,DSL,No,No,No,Yes,No,Yes,Two year,Yes,Mailed check,43.04,187.14,No
C-b66eec80,Female,0,No,No,71,Yes,No,Fiber optic,Yes,No,No,No,Yes,No internet service,Month-to-month,No,Bank transfer (automatic),51.77,3671.06,No
C-c03575f5,Male,0,No,No,63,Yes,No,Fiber optic,No,Yes,Yes,No,No,No,Two year,Yes,Bank transfer (automatic),53.57,3438.4,Yes
C-bccf5650,Female,0,Yes,Yes,11,Yes,Yes,DSL,No,Yes,No,Yes,Yes,No,Month-to-month,Yes,Electronic check,41.4,447.08,No
C-1bb74572,Female,0,Yes,No,69,No,No phone service,Fiber optic,Yes,No,No,No,No,No,Month-to-month,Yes,Electronic check,44.9,3088.49,No
C-478e3634,Female,1,No,Yes,7,Yes,Yes,DSL,No,Yes,No,No,Yes,No,Two year,Yes,Mailed check,33.44,245.55,Yes
C-2fc07804,Male,0,No,Yes,41,Yes,No phone service,DSL,No,No,No,Yes,No internet service,Yes,Two year,Yes,Mailed check,38.97,1587.0,No
C-b64a3c0d,Female,0,No,Yes,68,Yes,No,Fiber optic,No,No internet service,Yes,No,Yes,Yes,Two year,Yes,Electronic check,54.51,3743.42,No
C-786de41f,Male,0,No,Yes,47,Yes,Yes,DSL,Yes,Yes,No internet service,Yes,Yes,Yes,Two year,Yes,Bank transfer (automatic),51.92,2425.66,No
C-ee200a90,Female,0,Yes,No,69,Yes,Yes,DSL,Yes,No,No,No,No internet service,No,One year,No,Mailed check,35.45,2435.42,No
C-e9008177,Female,0,No,No,5,Yes,Yes,Fiber optic,No,No internet service,No,Yes,No internet service,No,Month-to-month,Yes,Electronic check,43.53,222.95,Yes
C-5895cb5d,Male,1,Yes,No,29,No,No phone service,Fiber optic,Yes,Yes,No,No,Yes,Yes,Month-to-month,Yes,Bank transfer (automatic),60.21,1732.48,Yes
C-9c7a4edd,Male,0,No,No,36,Yes,No,Fiber optic,No,Yes,No,No,No,No,Month-to-month,No,Credit card (automatic),47.99,1696.05,Yes
C-fe65c71b,Male,0,Yes,No,24,Yes,Yes,Fiber optic,No,No,Yes,No,Yes,No,One year,Yes,Bank transfer (automatic),51.69,1231.8,No
C-a1762c47,Male,0,Yes,No,1,Yes,Yes,DSL,No,No,No,Yes,No,No,Month-to-month,Yes,Credit card (automatic),23.23,56.71,No
C-971bf7a2,Female,0,Yes,Yes,31,Yes,Yes,Fiber optic,No internet service,No,No,Yes,No internet service,Yes,Month-to-month,No,Credit card (automatic),46.25,1443.2,No
C-7946ca13,Male,0,Yes,Yes,28,No,No phone service,DSL,Yes,No,No,Yes,No,Yes,Month-to-month,No,Credit card (automatic),40.83,1165.9,No
C-ccd3ef8e,Female,0,Yes,Yes,19,Yes,No,Fiber optic,No internet service,No,Yes,Yes,Yes,No,Month-to-month,Yes,Bank transfer (automatic),56.92,1114.59,No
C-cdbdc241,Male,0,Yes,Yes,0,Yes,No,DSL,No,Yes,No,No,No,No,Month-to-month,Yes,Credit card (automatic),34.31,0.0,No
C-bc5c6430,Male,0,No,Yes,72,No,No phone service,DSL,No,No,Yes,No,Yes,No,Month-to-month,Yes,Mailed check,41.66,2972.37,No
C-a0f69f84,Male,0,No,No,12,No,No phone service,DSL,No,No,No,Yes,Yes,No,Month-to-month,Yes,Electronic check,41.82,504.02,Yes
C-bcecb11f,Female,0,No,No,26,Yes,No phone service,No,No internet service,No internet service,No internet service,No internet service,No internet service,No internet service,Month-to-month,Yes,Mailed check,18.0,462.7,Yes
C-b39ca4c2,Male,0,No,Yes,64,Yes,Yes,DSL,No,No,Yes,No,Yes,Yes,Two year,No,Mailed check,36.4,2343.62,No
C-a6c1c3f4,Female,1,No,No,61,Yes,Yes,No,No internet service,No internet service,No internet service,No internet service,No internet service,No internet service,One year,Yes,Mailed check,18.86,1142.77,No
C-5dfff6b7,Female,0,No,Yes,52,Yes,Yes,DSL,No,Yes,No internet service,No internet service,No,No,Month-to-month,No,Mailed check,23.36,1224.89,Yes
C-d98231a7,Male,0,Yes,No,17,Yes,Yes,Fiber optic,No,No,No,No,No,No,Month-to-month,No,Bank transfer (automatic),40.85,675.56,Yes
C-c4debd69,Male,0,No,No,52,Yes,No phone service,No,No internet service,No internet service,No internet service,No internet service,No internet service,No internet service,Two year,Yes,Mailed check,20.41,1020.37,No
C-0cfe9072,Male,0,Yes,Yes,59,Yes,Yes,Fiber optic,No,No,No,No,No,No,Month-to-month,No,Credit card (automatic),39.87,2329.65,Yes
C-05467e1e,Male,0,No,No,32,Yes,No phone service,DSL,Yes,No,Yes,Yes,No,No,Month-to-month,No,Mailed check,39.98,1267.78,Yes
C-f92a9c4a,Female,1,Yes,No,4,Yes,No phone service,No,No internet service,No internet service,No internet service,No internet service,No internet service,No internet service,Month-to-month,No,Bank transfer (automatic),20.53,58.37,Yes
C-492d22e8,Female,1,No,No,38,Yes,No phone service,DSL,No,No,No,Yes,No,Yes,Month-to-month,Yes,Electronic check,37.17,1405.21,No
C-92c975db,Female,0,Yes,No,30,Yes,No,Fiber optic,No,No,No,No,No,No,Month-to-month,No,Electronic check,40.34,1188.33,No
C-53cf0248,Male,0,No,Yes,60,Yes,No,DSL,No,No,Yes,No internet service,No,No,One year,Yes,Bank transfer (automatic),26.38,1606.77,No
C-56cc792a,Male,0,No,No,22,Yes,Yes,DSL,No,Yes,No,No internet service,No internet service,No internet service,Two year,Yes,Electronic check,31.85,703.38,No
C-27db3309,Female,0,No,Yes,19,Yes,No phone service,DSL,No,No,Yes,No,No,Yes,Month-to-month,Yes,Credit card (automatic),38.79,760.55,No
C-a305d77f,Female,1,Yes,Yes,50,Yes,Yes,DSL,Yes,Yes,No,No,No internet service,No internet service,Month-to-month,No,Mailed check,33.38,1684.07,Yes
C-959a00f7,Male,0,Yes,Yes,37,Yes,No phone service,Fiber optic,Yes,No,No,No,No,No internet service,Two year,Yes,Electronic check,46.77,1730.11,No
C-1759da85,Female,0,Yes,Yes,66,No,No phone service,DSL,No,Yes,No,Yes,No internet service,No,Two year,Yes,Electronic check,38.58,2535.29,No
C-4ecc31c0,Female,0,Yes,No,26,Yes,No phone service,DSL,No,No,Yes,Yes,Yes,Yes,One year,Yes,Bank transfer (automatic),46.65,1211.8,No
C-7e38217f,Male,0,Yes,No,36,Yes,No,Fiber optic,Yes,No internet service,Yes,No,No,No,Month-to-month,Yes,Bank transfer (automatic),49.25,1778.11,Yes
C-1e77fa61,Female,0,No,Yes,43,Yes,Yes,No,No internet service,No internet service,No internet service,No internet service,No internet service,No internet service,One year,Yes,Bank transfer (automatic),18.71,798.29,No
C-9f684594,Male,1,No,Yes,64,Yes,Yes,DSL,No,Yes,No,Yes,No,Yes,Month-to-month,No,Mailed check,42.66,2751.54,No
C-f4eb11fc,Female,1,Yes,No,2,Yes,No,Fiber optic,No,No,No,No,No,Yes,Two year,Yes,Credit card (automatic),38.6,72.52,No
C-215fe24b,Male,0,Yes,No,48,Yes,Yes,Fiber optic,Yes,Yes,Yes,Yes,Yes,No,Two year,Yes,Bank transfer (automatic),68.32,3282.97,No
C-ede7feae,Female,0,No,No,36,Yes,No phone service,No,No internet service,No internet service,No internet service,No internet service,No internet service,No internet service,Month-to-month,No,Mailed check,21.88,845.31,No
C-26794a58,Female,1,Yes,No,49,Yes,No,No,No internet service,No internet service,No internet service,No internet service,No internet service,No internet service,Month-to-month,Yes,Mailed check,21.14,1042.0,Yes
C-dab8cf60,Female,0,No,No,42,No,No phone service,Fiber optic,No,No,No,No internet service,No,Yes,Month-to-month,Yes,Bank transfer (automatic),43.47,1857.9,Yes
C-46b92a3c,Female,0,Yes,No,68,No,No phone service,DSL,Yes,No,No,No,No internet service,Yes,One year,Yes,Bank transfer (automatic),35.25,2395.22,No
C-015eb727,Male,0,No,No,30,Yes,No,No,No internet service,No internet service,No internet service,No internet service,No internet service,No internet service,Month-to-month,Yes,Mailed check,18.42,550.93,No
C-adf5fa57,Male,1,Yes,No,48,Yes,Yes,DSL,No,Yes,Yes,No,Yes,Yes,One year,No,Electronic check,48.12,2335.12,No
C-615d8787,Female,0,Yes,No,44,No,No phone service,Fiber optic,No,No,No,Yes,No,No,Two year,No,Bank transfer (automatic),47.17,2083.14,No
C-ee681c62,Female,0,Yes,Yes,7,Yes,No,Fiber optic,No,No,No,No,No internet service,No,Month-to-month,No,Bank transfer (automatic),35.64,239.84,No
C-d0792b92,Female,0,No,Yes,70,Yes,No phone service,No,No internet service,No internet service,No internet service,No internet service,No internet service,No internet service,One year,No,Bank transfer (automatic),18.76,1317.71,No
C-89d4adea,Female,0,Yes,No,43,Yes,No,Fiber optic,No,No,Yes,No,No,Yes,Month-to-month,No,Mailed check,53.91,2308.8,No
C-66a038f1,Male,0,No,No,68,Yes,Yes,DSL,No,No,Yes,No,No,Yes,Two year,No,Electronic check,34.35,2319.99,No
C-484ffbd2,Female,0,Yes,No,55,Yes,No phone service,No,No internet service,No internet service,No internet service,No internet service,No internet service,No internet service,Month-to-month,No,Electronic check,18.0,1003.91,No
C-d8273b30,Female,0,No,No,39,Yes,No,No,No internet service,No internet service,No internet service,No internet service,No internet service,No internet service,Month-to-month,Yes,Bank transfer (automatic),20.94,843.7,Yes
C-78531514,Male,0,Yes,No,70,Yes,No,Fiber optic,Yes,No,Yes,No,No,No,One year,Yes,Bank transfer (automatic),53.37,3709.72,No
C-54c9c552,Male,0,No,Yes,1,No,No phone service,Fiber optic,No,No,No internet service,No,No,No,Month-to-month,Yes,Mailed check,38.95,59.27,Yes
C-0843905e,Female,0,No,No,30,Yes,No,DSL,Yes,Yes,No,No,Yes,No,Month-to-month,No,Bank transfer (automatic),45.07,1324.91,No
C-04a692da,Female,0,No,Yes,17,Yes,No,No,No internet service,No internet service,No internet service,No internet service,No internet service,No internet service,Month-to-month,Yes,Bank transfer (automatic),18.0,294.13,No
C-d5c686c1,Male,0,No,Yes,72,Yes,No phone service,Fiber optic,No,No,No,No,No,No,Month-to-month,Yes,Electronic check,39.11,2788.98,No
C-15def90e,Female,0,Yes,No,7,Yes,Yes,Fiber optic,No,Yes,No internet service,No,No,No,One year,Yes,Bank transfer (automatic),51.53,357.12,No
C-202ecdfa,Male,0,Yes,No,11,Yes,Yes,Fiber optic,No internet service,No,No,No internet service,Yes,Yes,Month-to-month,Yes,Electronic check,50.1,563.28,Yes
C-174be282,Male,0,Yes,Yes,6,Yes,Yes,DSL,No,No,Yes,No,No,No,Month-to-month,No,Electronic check,24.65,134.58,Yes
C-5c9365cb,Male,1,No,No,23,Yes,Yes,DSL,No,No,No,Yes,Yes,No,Month-to-month,No,Mailed check,36.86,808.52,No
C-b7558ef4,Male,0,Yes,Yes,61,Yes,No,Fiber optic,No,No,No,No,Yes,No,Month-to-month,No,Electronic check,45.6,2751.18,Yes
C-022e31bc,Male,0,No,No,39,Yes,No,DSL,Yes,No,No,No internet service,Yes,No,One year,Yes,Credit card (automatic),30.39,1178.17,No
C-822b8d4f,Male,0,Yes,Yes,50,Yes,Yes,Fiber optic,No,No,Yes,No,No internet service,No internet service,Month-to-month,No,Mailed check,45.23,2244.43,No
C-c079cd0d,Female,0,No,No,16,Yes,No,DSL,Yes,No,No,No,No,No,Month-to-month,Yes,Mailed check,31.76,513.93,Yes
C-7a7a18b8,Male,0,Yes,Yes,54,Yes,Yes,DSL,No,No,No internet service,No,Yes,No internet service,One year,Yes,Mailed check,36.52,1954.84,No
C-7d083aff,Male,1,No,No,66,Yes,No phone service,DSL,No internet service,No,Yes,No,No,No,Two year,No,Credit card (automatic),25.61,1669.77,No
C-fd2e3678,Male,0,No,No,23,Yes,Yes,DSL,No,Yes,No,No,No,No,Two year,No,Bank transfer (automatic),28.15,657.79,No
C-5895147b,Female,1,No,Yes,52,Yes,Yes,No,No internet service,No internet service,No internet service,No internet service,No internet service,No internet service,Two year,Yes,Bank transfer (automatic),18.9,979.09,No
C-b7c5614c,Female,0,Yes,No,40,Yes,Yes,No,No internet service,No internet service,No internet service,No internet service,No internet service,No internet service,Month-to-month,No,Bank transfer (automatic),23.54,959.17,No
C-b6f74c40,Male,0,No,No,22,Yes,No,No,No internet service,No internet service,No internet service,No internet service,No internet service,No internet service,Month-to-month,No,Credit card (automatic),20.86,479.33,Yes
C-d2d67579,Female,1,No,Yes,12,Yes,Yes,Fiber optic,Yes,No,No,No,No,No,Month-to-month,Yes,Mailed check,49.93,611.92,No
C-b2e87ee8,Female,0,Yes,No,8,Yes,Yes,Fiber optic,No,Yes,No,Yes,No,No,Month-to-month,No,Mailed check,51.13,417.45,No
C-fe289d0a,Male,0,Yes,Yes,6,No,No phone service,No,No internet service,No internet service,No internet service,No internet service,No internet service,No internet service,Month-to-month,Yes,Bank transfer (automatic),23.09,121.8,No
C-2a3ef54d,Female,0,Yes,No,61,Yes,No,DSL,Yes,No,No,No,Yes,Yes,Month-to-month,Yes,Mailed check,42.74,2588.2,No
C-c56239be,Male,0,No,No,18,Yes,Yes,DSL,No internet service,Yes,No internet service,No,No,No,Month-to-month,Yes,Electronic check,29.03,498.38,Yes
C-9c67340a,Male,0,No,No,67,Yes,No,No,No internet service,No internet service,No internet service,No internet service,No internet service,No internet service,Two year,Yes,Bank transfer (automatic),18.0,1181.62,No
C-6cd99b58,Female,0,No,No,37,Yes,Yes,No,No internet service,No internet service,No internet service,No internet service,No internet service,No internet service,Month-to-month,No,Electronic check,22.0,834.12,No
C-f0d5d3e8,Female,0,Yes,Yes,53,Yes,Yes,DSL,Yes,No,No,No,No,Yes,Month-to-month,Yes,Bank transfer (automatic),35.73,1898.14,No
C-570b10bf,Male,1,No,Yes,54,Yes,No,No,No internet service,No internet service,No internet service,No internet service,No internet service,No internet service,One year,Yes,Bank transfer (automatic),23.83,1303.24,No
C-0b3b3ab1,Female,0,No,No,33,Yes,No,Fiber optic,No,No,No,No,No,No,Month-to-month,No,Credit card (automatic),35.46,1180.27,Yes
C-4b55406a,Male,0,No,No,61,Yes,No,DSL,No,Yes,Yes,No,No,No,Month-to-month,Yes,Electronic check,32.03,1942.87,No
C-35a10dd7,Male,0,Yes,No,71,Yes,No,DSL,No,Yes,No,No,No internet service,No internet service,Month-to-month,Yes,Mailed check,26.81,1900.27,No
C-47d46d82,Female,0,Yes,No,71,Yes,No,DSL,No,No internet service,No,No,Yes,No,Month-to-month,Yes,Electronic check,32.74,2283.44,No
C-a4a3b9db,Male,1,Yes,No,34,Yes,No,Fiber optic,No,Yes,No,No,Yes,Yes,Month-to-month,No,Mailed check,50.28,1756.88,Yes
C-2d6094c4,Male,0,No,No,11,Yes,Yes,DSL,No internet service,No,No,No internet service,Yes,No,Two year,No,Electronic check,30.4,325.84,No
C-cf69a7c4,Female,0,No,No,26,Yes,No,Fiber optic,No internet service,No,No,Yes,No,Yes,Month-to-month,Yes,Electronic check,47.41,1258.43,Yes
C-2c90c34b,Female,0,Yes,No,7,Yes,No phone service,DSL,Yes,No,Yes,No,Yes,No,One year,No,Electronic check,45.22,306.41,No
C-d88f0308,Female,1,No,Yes,45,Yes,Yes,DSL,No,No,No internet service,No,Yes,Yes,Two year,Yes,Electronic check,37.29,1671.42,No
C-9dd1113e,Female,0,Yes,Yes,12,Yes,No,DSL,No internet service,No,No,Yes,Yes,Yes,Two year,Yes,Mailed check,44.29,508.39,No
C-f0ebe4f1,Male,0,Yes,Yes,48,Yes,Yes,DSL,No,Yes,No,No,No,Yes,Two year,Yes,Mailed check,36.77,1774.29,No
C-c02a329e,Female,0,No,No,57,Yes,Yes,No,No internet service,No internet service,No internet service,No internet service,No internet service,No internet service,Month-to-month,Yes,Electronic check,23.64,1383.36,No
C-eb8ed635,Male,0,No,Yes,48,Yes,Yes,Fiber optic,Yes,No,Yes,Yes,No,No internet service,Month-to-month,Yes,Credit card (automatic),55.5,2672.07,No
C-a0464c24,Female,0,No,No,56,Yes,Yes,Fiber optic,Yes,No,No internet service,No,Yes,No,Month-to-month,No,Electronic check,50.21,2802.86,No
C-a0caed6f,Male,1,Yes,No,71,Yes,Yes,DSL,No,Yes,No,No,Yes,No,Month-to-month,Yes,Electronic check,30.76,2188.54,Yes
C-3ec64839,Male,0,Yes,Yes,70,No,No phone service,Fiber optic,No internet service,Yes,No,No,No,Yes,One year,Yes,Credit card (automatic),48.11,3356.48,No
C-53852625,Female,0,No,No,9,Yes,No phone service,DSL,No,No,No,No,Yes,No internet service,One year,Yes,Bank transfer (automatic),33.03,314.11,Yes
C-cef5731b,Female,0,No,No,71,Yes,No,Fiber optic,No internet service,Yes,No,Yes,No,No,Month-to-month,Yes,Mailed check,52.4,3707.69,Yes
C-510b426b,Female,1,Yes,No,24,Yes,Yes,DSL,Yes,No,Yes,Yes,Yes,No internet service,Month-to-month,Yes,Credit card (automatic),45.68,1086.68,Yes
C-2fc4447f,Male,0,No,No,48,Yes,Yes,Fiber optic,No,Yes,No,No,Yes,No,Two year,No,Credit card (automatic),53.55,2568.77,No
C-953ee195,Male,0,No,Yes,9,Yes,No,Fiber optic,No,No,No,Yes,No,Yes,Month-to-month,Yes,Mailed check,47.31,417.37,Yes
C-01e9ac11,Female,0,Yes,No,15,Yes,No,No,No internet service,No internet service,No internet service,No internet service,No internet service,No internet service,Month-to-month,Yes,Mailed check,18.55,293.91,No
C-787223be,Male,0,No,Yes,58,Yes,Yes,Fiber optic,No internet service,No,No internet service,Yes,Yes,Yes,Month-to-month,Yes,Electronic check,58.34,3366.81,No
C-9d3ca412,Male,0,No,No,57,Yes,Yes,Fiber optic,No,No,No,No,Yes,No,One year,No,Electronic check,42.77,2418.17,No
C-a70cc531,Male,1,No,No,53,Yes,Yes,Fiber optic,No,No,No,No,No,Yes,Month-to-month,Yes,Mailed check,43.44,2291.5,No
C-c074326f,Male,0,No,Yes,41,Yes,Yes,DSL,Yes,Yes,Yes,No,No,No,Month-to-month,Yes,Electronic check,41.85,1728.88,Yes
C-87f2e59c,Male,0,Yes,No,10,Yes,Yes,DSL,No internet service,No internet service,Yes,No,Yes,Yes,Two year,Yes,Credit card (automatic),38.38,347.38,No
C-5838f30f,Male,0,No,No,55,Yes,No,No,No internet service,No internet service,No internet service,No internet service,No internet service,No internet service,Two year,No,Credit card (automatic),22.32,1185.07,No
C-20dd60be,Female,0,Yes,No,19,Yes,Yes,DSL,No,Yes,Yes,No,Yes,Yes,One year,Yes,Mailed check,51.86,936.38,No
C-1e84c1c8,Female,0,No,No,51,No,No phone service,Fiber optic,No,No,No,No,Yes,Yes,Two year,No,Electronic check,52.17,2665.74,No
C-9dd2b30b,Male,1,No,No,17,Yes,No,DSL,Yes,Yes,No,No,Yes,No,Month-to-month,No,Bank transfer (automatic),45.85,742.88,No
C-09d1f34c,Female,0,No,No,46,Yes,No,No,No internet service,No internet service,No internet service,No internet service,No internet service,No internet service,Month-to-month,Yes,Electronic check,24.41,1104.33,No
C-d49e6d25,Female,1,No,No,22,Yes,No,DSL,Yes,No,No,No,No,No,Month-to-month,Yes,Credit card (automatic),28.57,601.47,Yes
C-b166207c,Female,0,Yes,No,62,No,No phone service,DSL,No,No,No,No,Yes,No,Month-to-month,Yes,Mailed check,29.27,1790.03,Yes
C-9e6b19d2,Female,0,No,No,43,Yes,No phone service,No,No internet service,No internet service,No internet service,No internet service,No internet service,No internet service,Two year,Yes,Credit card (automatic),18.31,787.89,No
C-8339bd62,Male,1,Yes,No,58,Yes,No,DSL,Yes,No,No,No,Yes,No,Two year,Yes,Credit card (automatic),35.94,2041.98,No
C-fbe96489,Female,1,Yes,Yes,33,Yes,No,Fiber optic,No,Yes,No,No,Yes,No,Month-to-month,No,Bank transfer (automatic),53.5,1744.76,No
C-f5e34b16,Male,1,No,No,46,No,No phone service,No,No internet service,No internet service,No internet service,No internet service,No internet service,No internet service,One year,Yes,Electronic check,18.96,867.81,No
C-8b2bc03c,Male,1,No,No,58,Yes,No,No,No internet service,No internet service,No internet service,No internet service,No internet service,No internet service,Two year,No,Mailed check,18.27,1025.65,No
C-5a9f7b56,Female,0,Yes,No,16,Yes,No,DSL,No internet service,No,No,No,No,No,Month-to-month,Yes,Mailed check,24.78,405.26,No
C-4add459f,Female,0,No,No,65,Yes,No,DSL,No,No internet service,Yes,Yes,No,Yes,Month-to-month,Yes,Bank transfer (automatic),37.23,2415.64,No
C-bcd9c970,Male,0,Yes,Yes,61,Yes,No phone service,DSL,Yes,No internet service,Yes,No,No internet service,No,Month-to-month,Yes,Bank transfer (automatic),33.93,2070.06,No
C-47af11f2,Female,0,No,No,46,Yes,Yes,Fiber optic,No,No,Yes,Yes,No,No,One year,No,Bank transfer (automatic),48.03,2219.55,No
C-80934b3b,Male,1,Yes,Yes,28,Yes,Yes,DSL,Yes,Yes,No,No,Yes,No,Month-to-month,Yes,Bank transfer (automatic),40.44,1167.21,Yes
C-b7e283a6,Female,0,No,No,6,Yes,Yes,DSL,No,No,Yes,Yes,No,Yes,Two year,Yes,Mailed check,42.13,275.57,No
C-91472f54,Male,1,Yes,Yes,3,Yes,Yes,No,No internet service,No internet service,No internet service,No internet service,No internet service,No internet service,Month-to-month,Yes,Bank transfer (automatic),21.01,112.23,Yes
C-fd718d9e,Male,1,No,Yes,25,Yes,Yes,No,No internet service,No internet service,No internet service,No internet service,No internet service,No internet service,Month-to-month,Yes,Electronic check,23.15,594.81,Yes
C-cc09f084,Female,0,No,No,50,Yes,Yes,No,No internet service,No internet service,No internet service,No internet service,No internet service,No internet service,Two year,Yes,Electronic check,21.45,1064.06,No
C-5cec71b0,Male,0,Yes,No,21,Yes,Yes,No,No internet service,No internet service,No internet service,No internet service,No internet service,No internet service,Two year,No,Credit card (automatic),22.78,497.56,No
C-b71cd6ed,Male,0,Yes,No,25,Yes,No phone service,No,No internet service,No internet service,No internet service,No internet service,No internet service,No internet service,Month-to-month,No,Bank transfer (automatic),20.68,538.96,No
C-95cca9f4,Male,1,Yes,Yes,17,Yes,Yes,No,No internet service,No internet service,No internet service,No internet service,No internet service,No internet service,One year,Yes,Credit card (automatic),18.0,287.39,No
C-e069d125,Female,0,No,No,8,Yes,Yes,Fiber optic,No,No,Yes,No,Yes,Yes,One year,No,Mailed check,54.0,412.81,Yes
C-4cea3aa0,Female,0,No,No,29,Yes,No,Fiber optic,No,No,Yes,No,No internet service,No,Month-to-month,Yes,Electronic check,47.1,1365.05,Yes
C-a09afd9e,Female,0,Yes,No,7,Yes,No phone service,No,No internet service,No internet service,No internet service,No internet service,No internet service,No internet service,One year,Yes,Bank transfer (automatic),22.3,179.94,No
C-d9d7aca1,Male,0,No,No,68,Yes,No phone service,Fiber optic,Yes,Yes,Yes,No,No,No internet service,Month-to-month,Yes,Mailed check,58.74,4010.39,Yes
C-68d87ae5,Female,0,Yes,Yes,32,Yes,No,Fiber optic,Yes,No,No,No,Yes,No,Two year,Yes,Electronic check,56.11,1799.64,Yes
C-e2047402,Male,0,Yes,No,60,Yes,Yes,No,No internet service,No internet service,No internet service,No internet service,No internet service,No internet service,One year,Yes,Bank transfer (automatic),18.69,1095.55,No
C-a3744ab2,Male,0,No,No,12,Yes,Yes,Fiber optic,No,No internet service,Yes,No,No,No,Two year,Yes,Mailed check,42.12,526.46,No
C-02a98d82,Male,0,Yes,No,63,No,No phone service,Fiber optic,No,Yes,No,No,No,Yes,Month-to-month,Yes,Mailed check,53.29,3367.16,Yes
C-54a7df5c,Female,0,Yes,No,11,Yes,Yes,DSL,No internet service,Yes,Yes,No,No,No,One year,Yes,Mailed check,35.28,388.68,No
C-7597567e,Female,0,Yes,Yes,24,Yes,Yes,No,No internet service,No internet service,No internet service,No internet service,No internet service,No internet service,One year,Yes,Bank transfer (automatic),21.5,532.43,No
C-0389733f,Male,0,Yes,No,40,Yes,No,Fiber optic,No,Yes,No,No,No,Yes,Month-to-month,No,Mailed check,56.16,2276.33,Yes
C-e09ef80a,Male,0,No,No,1,Yes,No,Fiber optic,No,No internet service,No,Yes,No,No internet service,Two year,No,Credit card (automatic),47.42,47.75,Yes
C-a2865555,Male,0,Yes,Yes,33,Yes,Yes,DSL,No,No internet service,Yes,No,No,No,One year,Yes,Bank transfer (automatic),28.2,919.12,No
C-ea02aafa,Male,0,No,No,28,Yes,No,Fiber optic,No,Yes,No,No,No,Yes,One year,No,Credit card (automatic),51.27,1447.59,No
C-9785a2c9,Female,0,Yes,No,22,Yes,No,Fiber optic,No,No,No,Yes,Yes,Yes,Two year,No,Mailed check,59.62,1324.41,No
C-bd36ea8f,Male,0,Yes,No,53,No,No phone service,Fiber optic,No,Yes,No,Yes,No,No,Two year,No,Credit card (automatic),55.3,2929.08,No
C-ab073aca,Male,0,Yes,No,34,Yes,No,No,No internet service,No internet service,No internet service,No internet service,No internet service,No internet service,Month-to-month,Yes,Electronic check,18.0,595.67,No
C-ae35e142,Male,0,No,Yes,21,Yes,No,Fiber optic,No,Yes,No,Yes,Yes,Yes,One year,Yes,Mailed check,55.75,1193.24,Yes
C-81c6a692,Female,0,Yes,Yes,20,Yes,No phone service,Fiber optic,Yes,No,Yes,No,No,No,Month-to-month,Yes,Electronic check,50.18,990.94,Yes
C-3b589696,Female,0,Yes,No,52,Yes,Yes,DSL,No,Yes,No,No,No,Yes,Month-to-month,No,Mailed check,37.4,1927.31,No
C-c4f7b659,Male,1,Yes,No,52,Yes,No,DSL,No,No,Yes,Yes,Yes,No,Month-to-month,Yes,Bank transfer (automatic),38.27,2003.6,No
C-c3d14633,Female,0,Yes,Yes,32,Yes,No,Fiber optic,No internet service,Yes,Yes,No,No internet service,No,Month-to-month,No,Credit card (automatic),49.47,1573.97,Yes
C-c5d0592b,Male,0,Yes,No,2,Yes,Yes,Fiber optic,Yes,No,No,Yes,No internet service,Yes,Month-to-month,Yes,Electronic check,59.89,131.13,Yes
C-93d33c18,Male,0,Yes,Yes,66,No,No phone service,DSL,No internet service,Yes,No,No,No,Yes,One year,Yes,Credit card (automatic),39.77,2641.43,No
C-14e44e38,Female,0,No,No,45,Yes,No phone service,No,No internet service,No internet service,No internet service,No internet service,No internet service,No internet service,Month-to-month,No,Electronic check,20.26,909.37,No
C-2a648256,Male,0,No,Yes,29,Yes,No phone service,Fiber optic,No,No internet service,No,Yes,No internet service,No,Month-to-month,No,Electronic check,41.21,1183.54,Yes
C-d313f1dd,Male,0,Yes,No,48,Yes,No,DSL,Yes,No internet service,No internet service,No,No internet service,No,Month-to-month,No,Mailed check,28.3,1379.34,Yes
C-9978025b,Male,0,No,No,56,Yes,Yes,Fiber optic,Yes,No,No,Yes,No,Yes,Month-to-month,No,Electronic check,53.59,2990.77,No
C-5970c56d,Male,0,No,No,44,Yes,Yes,Fiber optic,No,No internet service,No,No,Yes,No,Two year,Yes,Bank transfer (automatic),51.63,2274.54,No
C-275c12d9,Male,0,Yes,No,21,Yes,Yes,Fiber optic,No,Yes,No,No,No,Yes,Month-to-month,Yes,Mailed check,56.27,1184.93,Yes
C-3196c21e,Male,0,No,Yes,62,Yes,No phone service,No,No internet service,No internet service,No internet service,No internet service,No internet service,No internet service,Two year,Yes,Bank transfer (automatic),20.42,1253.22,No
C-d0237a4c,Female,0,Yes,No,61,Yes,Yes,Fiber optic,No internet service,No internet service,No,No,Yes,No,Month-to-month,No,Bank transfer (automatic),41.99,2540.84,Yes
C-c62c41cf,Male,0,No,No,71,Yes,No phone service,Fiber optic,No,Yes,Yes,No,Yes,No internet service,One year,Yes,Credit card (automatic),52.95,3766.7,No
C-6c11ce43,Male,1,No,No,67,Yes,No,DSL,No,No,No,No,No,Yes,One year,Yes,Electronic check,30.14,1983.04,No
C-013bb08f,Female,1,No,Yes,65,Yes,Yes,No,No internet service,No internet service,No internet service,No internet service,No internet service,No internet service,Month-to-month,No,Electronic check,18.0,1160.65,No
C-2b26e6a4,Male,1,No,No,63,Yes,Yes,No,No internet service,No internet service,No internet service,No internet service,No internet service,No internet service,Month-to-month,Yes,Electronic check,20.26,1275.04,Yes
C-aacf72d2,Male,1,Yes,Yes,7,Yes,No phone service,Fiber optic,No,No,Yes,No internet service,No,No internet service,Month-to-month,Yes,Bank transfer (automatic),45.52,340.33,Yes
C-245c4687,Female,0,No,No,10,No,No phone service,DSL,No,Yes,Yes,No,No internet service,No internet service,One year,No,Bank transfer (automatic),32.56,324.1,No
C-f17abbaf,Male,1,No,No,36,Yes,No,DSL,No,Yes,No,No internet service,No,Yes,Two year,Yes,Bank transfer (automatic),39.81,1460.49,No
C-8755ffef,Male,1,Yes,No,46,Yes,No,Fiber optic,Yes,Yes,Yes,No,No,No,Two year,Yes,Bank transfer (automatic),63.88,2928.17,No
C-8737a38c,Male,0,Yes,No,53,Yes,No,No,No internet service,No internet service,No internet service,No internet service,No internet service,No internet service,Month-to-month,Yes,Electronic check,19.35,999.9,No
C-8c827112,Female,0,No,No,58,Yes,No,No,No internet service,No internet service,No internet service,No internet service,No internet service,No internet service,Month-to-month,Yes,Mailed check,20.29,1151.8,Yes
C-03575a6f,Female,0,Yes,No,72,Yes,Yes,DSL,Yes,No,No,No,No,No,Month-to-month,Yes,Mailed check,32.49,2321.27,No
C-9802b6c4,Female,0,No,No,53,Yes,Yes,DSL,No,No,No,No,No,No,Two year,Yes,Bank transfer (automatic),28.68,1523.01,No
C-e307bda0,Female,0,Yes,No,72,Yes,No,DSL,No,Yes,No,Yes,No,Yes,Month-to-month,No,Electronic check,40.12,2913.99,No
C-bb103acb,Male,0,Yes,No,34,Yes,Yes,DSL,Yes,No,No internet service,No,No,No,Two year,Yes,Electronic check,31.66,1093.43,No
C-3f858106,Female,0,No,Yes,18,Yes,No,DSL,Yes,No internet service,No,No,No,Yes,Month-to-month,Yes,Mailed check,39.13,703.5,Yes
C-42e486d5,Male,0,Yes,No,50,Yes,Yes,No,No internet service,No internet service,No internet service,No internet service,No internet service,No internet service,Two year,No,Electronic check,24.8,1233.3,No
C-ddeea5ac,Male,0,Yes,Yes,61,No,No phone service,Fiber optic,Yes,No internet service,Yes,No,Yes,Yes,Two year,Yes,Mailed check,60.77,3700.49,No
C-4efba459,Male,1,Yes,Yes,45,Yes,Yes,Fiber optic,No,Yes,No,No,No,No,Two year,Yes,Electronic check,43.81,1962.03,No
C-131b344d,Female,0,Yes,Yes,30,Yes,Yes,DSL,No,Yes,Yes,No,No,No,Month-to-month,Yes,Electronic check,30.82,916.21,Yes
C-582b2995,Male,0,No,No,10,Yes,No,Fiber optic,No internet service,No,No,No,No internet service,No internet service,Month-to-month,No,Electronic check,39.69,396.73,Yes
C-67786288,Male,0,Yes,No,29,Yes,No phone service,No,No internet service,No internet service,No internet service,No internet service,No internet service,No internet service,Month-to-month,No,Mailed check,22.03,667.49,Yes
C-290ba350,Female,0,Yes,Yes,62,Yes,No,Fiber optic,Yes,No,Yes,No,No,No internet service,Month-to-month,Yes,Bank transfer (automatic),46.93,2884.73,No
C-c4df889e,Male,0,Yes,No,9,Yes,No,DSL,No internet service,Yes,No,Yes,Yes,Yes,Month-to-month,Yes,Electronic check,45.97,423.85,No
C-1bb626ec,Male,0,Yes,No,40,Yes,No,Fiber optic,Yes,No,No,No,Yes,No,Month-to-month,Yes,Credit card (automatic),56.92,2315.34,No
C-08b95c8d,Male,0,Yes,Yes,37,Yes,No phone service,Fiber optic,No,No,Yes,No,No,No,Month-to-month,Yes,Mailed check,47.68,1777.15,No
C-d68cf315,Female,1,Yes,Yes,31,Yes,No,No,No internet service,No internet service,No internet service,No internet service,No internet service,No internet service,Month-to-month,Yes,Bank transfer (automatic),18.0,547.32,Yes
C-3cad2b6e,Male,0,No,No,12,Yes,Yes,DSL,No internet service,No,No,No,Yes,No,Month-to-month,Yes,Credit card (automatic),26.51,329.3,No
C-519987de,Male,0,No,No,59,Yes,Yes,Fiber optic,No,No,Yes,No,Yes,No,Two year,No,Bank transfer (automatic),51.04,2990.05,No
C-23b8d496,Male,0,Yes,No,52,No,No phone service,DSL,No,Yes,No,No,No,No,Month-to-month,No,Bank transfer (automatic),25.63,1342.79,No
C-1f1ea80a,Female,0,Yes,No,26,Yes,Yes,Fiber optic,Yes,Yes,No,No,Yes,No,Two year,Yes,Electronic check,57.71,1487.67,Yes
C-dcfca61a,Female,0,No,No,64,Yes,No,Fiber optic,Yes,Yes,Yes,No,Yes,No internet service,Two year,Yes,Bank transfer (automatic),63.48,4083.45,No
C-ceb2e291,Female,0,No,Yes,56,Yes,Yes,Fiber optic,No,No,No,No,No,No,Two year,Yes,Mailed check,38.86,2195.22,No
C-8629c120,Female,0,Yes,Yes,22,No,No phone service,Fiber optic,Yes,No,No,No,No,No,Month-to-month,Yes,Electronic check,40.18,876.96,Yes
C-7da6f2ca,Female,0,No,No,64,Yes,Yes,DSL,No,No,Yes,Yes,Yes,No,Two year,No,Bank transfer (automatic),38.66,2467.28,No
C-b010dadd,Male,0,Yes,No,11,Yes,Yes,No,No internet service,No internet service,No internet service,No internet service,No internet service,No internet service,Two year,Yes,Credit card (automatic),18.0,164.5,No
C-75ccce04,Female,0,No,Yes,15,Yes,Yes,Fiber optic,No,Yes,No,Yes,No,Yes,Month-to-month,Yes,Electronic check,55.24,867.65,Yes
C-3a3d11d4,Female,0,Yes,Yes,15,Yes,No,Fiber optic,No internet service,Yes,Yes,No,No,No,Two year,Yes,Mailed check,51.54,763.59,No
C-4af3d092,Female,0,Yes,No,70,Yes,No,Fiber optic,Yes,No,No,No,No,Yes,Month-to-month,Yes,Credit card (automatic),52.03,3648.18,Yes
C-00e424ee,Male,0,No,No,50,Yes,No,Fiber optic,No internet service,Yes,No,Yes,No,Yes,Two year,Yes,Mailed check,50.92,2534.92,No
C-ec661734,Male,0,Yes,No,29,Yes,No phone service,Fiber optic,No,No,Yes,No,No,No,Month-to-month,No,Bank transfer (automatic),39.34,1154.68,No
C-28e1b961,Male,0,No,No,16,Yes,No,No,No internet service,No internet service,No internet service,No internet service,No internet service,No internet service,Month-to-month,No,Mailed check,18.0,258.42,Yes
C-75f4f2e6,Female,0,No,Yes,72,Yes,No,Fiber optic,No,No,Yes,No,Yes,No internet service,Month-to-month,No,Electronic check,47.27,3446.98,Yes
C-37e56f0c,Male,0,No,No,8,No,No phone service,DSL,No,No internet service,No,No,Yes,No,One year,Yes,Mailed check,27.55,203.53,No
C-fbff9617,Female,0,No,Yes,42,Yes,No,DSL,Yes,Yes,Yes,No,Yes,Yes,Month-to-month,No,Electronic check,53.46,2261.21,No
C-d5a95fac,Female,0,No,No,56,Yes,Yes,DSL,No,Yes,No,Yes,No internet service,No,Month-to-month,No,Electronic check,40.66,2281.58,No
C-7ee79e56,Male,0,No,Yes,13,Yes,No phone service,No,No internet service,No internet service,No internet service,No internet service,No internet service,No internet service,One year,Yes,Electronic check,20.39,280.56,No
C-7549c18e,Female,0,Yes,No,68,Yes,Yes,Fiber optic,No,No,No,No,No,No internet service,One year,Yes,Credit card (automatic),42.88,2916.93,No
C-c48d42a8,Female,0,No,Yes,70,Yes,Yes,DSL,Yes,Yes,Yes,Yes,Yes,No,Month-to-month,No,Mailed check,47.34,3286.35,No
C-37761016,Female,0,Yes,No,12,Yes,No phone service,DSL,No,No internet service,Yes,Yes,Yes,Yes,Month-to-month,Yes,Credit card (automatic),48.65,580.63,No
C-bf06086c,Male,0,Yes,No,70,Yes,No,Fiber optic,Yes,Yes,Yes,No,No,No,Month-to-month,No,Mailed check,59.42,4123.55,Yes
C-2f4b3872,Male,0,No,No,13,Yes,No,DSL,No,No internet service,No,No,No,Yes,One year,No,Bank transfer (automatic),30.57,401.96,No
C-6d657a12,Female,0,Yes,No,34,Yes,No,Fiber optic,Yes,No,Yes,Yes,Yes,No,Month-to-month,No,Mailed check,70.22,2383.89,Yes
C-f9122a78,Male,0,Yes,No,66,Yes,No,No,No internet service,No internet service,No internet service,No internet service,No internet service,No internet service,One year,Yes,Mailed check,18.0,1201.83,No
C-c28e6d8d,Female,0,Yes,No,43,Yes,No phone service,No,No internet service,No internet service,No internet service,No internet service,No internet service,No internet service,Month-to-month,No,Credit card (automatic),25.22,1068.09,No
C-bb011971,Male,0,Yes,Yes,6,Yes,No,No,No internet service,No internet service,No internet service,No internet service,No internet service,No internet service,Month-to-month,No,Mailed check,26.77,152.08,No
C-aebbc154,Female,1,No,Yes,19,No,No phone service,Fiber optic,No,No internet service,No,No,Yes,No,Month-to-month,No,Electronic check,47.41,904.63,No
C-a5a53bd4,Female,0,No,Yes,12,Yes,No,Fiber optic,No,No,No,Yes,No,Yes,Month-to-month,No,Mailed check,51.48,641.26,Yes
C-fb31f5c2,Female,0,No,Yes,43,Yes,No phone service,Fiber optic,No internet service,Yes,No,No,Yes,Yes,One year,No,Bank transfer (automatic),55.27,2401.33,No
C-6248cfee,Female,0,Yes,No,9,Yes,No,Fiber optic,No,No,No,No,Yes,Yes,Month-to-month,Yes,Electronic check,55.66,492.55,Yes
C-21237abe,Male,0,Yes,No,38,Yes,No,No,No internet service,No internet service,No internet service,No internet service,No internet service,No internet service,Month-to-month,No,Mailed check,18.0,652.29,No
C-d8fbf757,Female,0,No,No,20,No,No phone service,DSL,Yes,No,Yes,No,No,No,Month-to-month,Yes,Electronic check,30.23,599.61,No
C-0e95bc5a,Male,0,No,No,35,Yes,Yes,Fiber optic,No,Yes,No,Yes,Yes,No,One year,Yes,Credit card (automatic),53.18,1859.61,No
C-d0fc74b2,Female,0,No,No,37,Yes,No,Fiber optic,No,No,Yes,No,No internet service,Yes,Two year,Yes,Electronic check,46.02,1723.21,No
C-a32504ca,Male,0,No,Yes,17,Yes,No,Fiber optic,Yes,No,Yes,No,No,No,Month-to-month,Yes,Bank transfer (automatic),49.34,819.45,Yes
C-ad93df2b,Female,0,No,No,62,Yes,No,Fiber optic,No,No,No,Yes,No,Yes,Two year,Yes,Electronic check,42.91,2646.23,No
C-3e91520f,Female,0,Yes,Yes,66,Yes,No phone service,Fiber optic,Yes,No,Yes,No,No,No,Two year,No,Electronic check,43.92,2878.69,No
C-7bbf9a61,Female,0,No,No,64,Yes,Yes,Fiber optic,No,Yes,No,Yes,No,Yes,Month-to-month,No,Electronic check,59.62,3824.46,Yes
C-127b91d5,Male,0,No,Yes,46,Yes,No,No,No internet service,No internet service,No internet service,No internet service,No internet service,No internet service,Two year,No,Electronic check,18.0,855.02,No
C-fc00b7c2,Female,0,No,Yes,50,Yes,Yes,Fiber optic,No,No,No internet service,No,No,No internet service,Month-to-month,Yes,Credit card (automatic),44.44,2227.13,Yes
C-ac3f834c,Female,0,No,No,25,Yes,Yes,DSL,No,No,No,Yes,No,No,Two year,Yes,Credit card (automatic),30.09,775.25,No
C-07e1deeb,Male,0,No,No,44,Yes,No,No,No internet service,No internet service,No internet service,No internet service,No internet service,No internet service,Month-to-month,No,Electronic check,20.07,869.3,No
C-3f97172e,Male,0,No,No,16,Yes,Yes,Fiber optic,Yes,No,No,No,No,No internet service,Two year,Yes,Mailed check,45.28,711.75,No
C-34bf0e83,Male,0,No,No,11,Yes,No phone service,Fiber optic,No,No,No internet service,No,No,No,Month-to-month,Yes,Electronic check,39.01,423.09,Yes
C-a45080d1,Female,0,Yes,No,37,Yes,No,Fiber optic,No,No,Yes,No,Yes,Yes,Month-to-month,Yes,Bank transfer (automatic),55.94,2074.23,No
C-b970688d,Male,0,Yes,Yes,56,Yes,Yes,DSL,Yes,No,Yes,No,Yes,No,Month-to-month,No,Electronic check,44.62,2451.69,No
C-2d15d8c2,Male,0,Yes,Yes,50,No,No phone service,Fiber optic,No,No,No,No,Yes,Yes,Two year,Yes,Electronic check,52.65,2629.73,No
C-e8bd2e36,Female,0,Yes,No,64,Yes,No,DSL,No internet service,No,No,No,Yes,No,Month-to-month,No,Electronic check,33.7,2169.75,No
C-1892a33d,Female,0,Yes,Yes,1,Yes,No,Fiber optic,No,No,No,No internet service,No internet service,Yes,Month-to-month,Yes,Electronic check,50.5,58.31,Yes
C-70fcf516,Female,1,No,No,52,Yes,Yes,DSL,No,Yes,No,No,No,Yes,Two year,Yes,Mailed check,34.48,1807.07,No
C-fc908f24,Male,0,Yes,No,31,Yes,Yes,DSL,No,Yes,Yes,No,Yes,No,Month-to-month,Yes,Bank transfer (automatic),41.61,1285.21,No
C-25f3acaf,Male,0,Yes,No,17,Yes,No,DSL,Yes,No,No,Yes,Yes,No internet service,Month-to-month,Yes,Electronic check,37.37,631.57,Yes
C-5e880432,Male,0,Yes,Yes,31,Yes,No phone service,DSL,No,No internet service,Yes,No,No,Yes,Two year,Yes,Electronic check,34.3,1078.96,No
C-f28d5c19,Male,0,Yes,Yes,8,Yes,Yes,DSL,No,No,Yes,Yes,No,No,Month-to-month,Yes,Electronic check,38.48,281.88,Yes
C-db5684f8,Female,0,No,No,33,Yes,No,Fiber optic,No internet service,No internet service,Yes,Yes,No,Yes,One year,Yes,Bank transfer (automatic),58.06,1956.66,No
C-8b605812,Male,0,No,No,49,Yes,No,No,No internet service,No internet service,No internet service,No internet service,No internet service,No internet service,Month-to-month,Yes,Mailed check,23.06,1109.76,No
C-09a95089,Male,0,No,No,53,Yes,Yes,Fiber optic,No,No,Yes,Yes,Yes,No,Month-to-month,No,Bank transfer (automatic),58.31,3105.03,No
C-5bd7d757,Female,0,No,No,35,Yes,No,Fiber optic,No,Yes,No,No,Yes,No,One year,No,Bank transfer (automatic),53.8,1883.56,Yes
C-6661e7ca,Female,1,No,No,57,Yes,No,DSL,No internet service,No,No,Yes,Yes,Yes,Month-to-month,No,Credit card (automatic),44.85,2566.38,No
C-b753a8f1,Female,0,No,No,19,Yes,No,DSL,No,No,Yes,Yes,No,Yes,Two year,Yes,Bank transfer (automatic),41.52,747.34,No
C-b1016435,Female,1,Yes,Yes,49,Yes,No,Fiber optic,No internet service,No,Yes,No,No,No,One year,Yes,Mailed check,40.79,1996.01,No
C-c53865f9,Female,0,Yes,No,42,Yes,Yes,Fiber optic,No,Yes,Yes,Yes,No,No,Two year,Yes,Electronic check,54.3,2284.05,No
C-554e5c85,Female,1,No,No,23,Yes,No,No,No internet service,No internet service,No internet service,No internet service,No internet service,No internet service,Month-to-month,No,Electronic check,18.83,461.79,Yes
C-774941f4,Female,1,Yes,Yes,62,Yes,Yes,DSL,No internet service,No internet service,Yes,Yes,Yes,No,Two year,Yes,Bank transfer (automatic),42.5,2629.35,No
C-f1d0bd7e,Female,0,No,Yes,12,Yes,No phone service,Fiber optic,No,No,Yes,No,Yes,Yes,Month-to-month,No,Credit card (automatic),54.02,658.83,Yes
C-ffb3852a,Male,0,No,Yes,50,Yes,No phone service,Fiber optic,No,No,No,No,Yes,No,Month-to-month,No,Electronic check,49.58,2499.1,No
C-3fd2b87a,Male,0,No,Yes,11,Yes,No,Fiber optic,No,No,No,No,Yes,No,One year,Yes,Mailed check,46.44,556.24,No
C-14adf5e5,Male,0,Yes,Yes,24,Yes,Yes,DSL,Yes,No,Yes,No,No,No,Month-to-month,Yes,Electronic check,40.03,966.64,No
C-216e9505,Male,0,No,No,28,No,No phone service,Fiber optic,Yes,No internet service,No,Yes,Yes,Yes,Month-to-month,Yes,Bank transfer (automatic),63.97,1784.7,Yes
C-2b51c052,Male,0,Yes,No,60,Yes,Yes,No,No internet service,No internet service,No internet service,No internet service,No internet service,No internet service,Month-to-month,No,Credit card (automatic),22.86,1353.55,No
C-8640b4d8,Male,0,No,No,24,Yes,No,DSL,Yes,No internet service,No,No,No,No,Month-to-month,No,Electronic check,31.64,767.54,Yes
C-337fc781,Female,0,Yes,No,5,No,No phone service,Fiber optic,No,No internet service,No,No,No internet service,No,Month-to-month,No,Electronic check,37.96,225.73,Yes
C-31c0377f,Male,0,Yes,No,41,Yes,No,DSL,No,No internet service,No,No internet service,No internet service,Yes,Month-to-month,Yes,Bank transfer (automatic),25.45,1009.92,No
C-27ed77ac,Female,0,Yes,No,57,Yes,No,DSL,No,No,No,Yes,No internet service,No,Two year,No,Bank transfer (automatic),29.68,1684.67,No
C-702f885f,Female,0,No,No,34,Yes,No,DSL,No,Yes,No internet service,No internet service,Yes,No internet service,Two year,Yes,Electronic check,44.26,1510.89,No
C-4f43dbfa,Female,1,Yes,Yes,70,Yes,No,No,No internet service,No internet service,No internet service,No internet service,No internet service,No internet service,Two year,Yes,Electronic check,18.75,1293.46,Yes
C-36f3afad,Male,1,Yes,No,57,Yes,Yes,Fiber optic,Yes,No internet service,No,No,No,No,Two year,No,Electronic check,48.69,2757.3,No
C-965d38d8,Male,0,Yes,Yes,61,Yes,Yes,DSL,No,Yes,No internet service,No,Yes,Yes,Month-to-month,No,Bank transfer (automatic),41.43,2532.93,No
C-996f666c,Male,0,Yes,No,53,Yes,Yes,DSL,No,No,Yes,No internet service,No internet service,No,Month-to-month,Yes,Electronic check,26.99,1462.94,No
C-a135f72d,Female,0,No,No,25,Yes,No,No,No internet service,No internet service,No internet service,No internet service,No internet service,No internet service,One year,Yes,Electronic check,22.42,560.04,No
C-167882dd,Female,0,No,No,48,No,No phone service,DSL,No,No,No,No,No,Yes,Two year,Yes,Mailed check,28.79,1397.99,No
C-2faaab3a,Female,0,No,No,44,Yes,No phone service,Fiber optic,No,No,No,No internet service,No,No,One year,Yes,Electronic check,36.97,1613.92,No
C-c7a6d84c,Male,0,Yes,No,51,Yes,Yes,DSL,Yes,No,Yes,Yes,No,Yes,One year,Yes,Credit card (automatic),52.56,2643.12,No
C-4f81f0c0,Female,0,Yes,No,30,Yes,No,Fiber optic,No,Yes,No,Yes,No,No,Month-to-month,Yes,Electronic check,49.39,1475.85,Yes
C-89109539,Male,0,Yes,No,66,Yes,No,No,No internet service,No internet service,No internet service,No internet service,No internet service,No internet service,Month-to-month,Yes,Electronic check,18.03,1184.01,No
C-39f906e7,Male,0,No,Yes,37,Yes,No,Fiber optic,Yes,No,No internet service,Yes,No,No,Month-to-month,Yes,Bank transfer (automatic),50.42,1882.14,Yes
C-3846383d,Female,0,Yes,Yes,8,No,No phone service,No,No internet service,No internet service,No internet service,No internet service,No internet service,No internet service,Month-to-month,Yes,Bank transfer (automatic),19.75,170.09,Yes
C-fe6dd39d,Male,0,Yes,No,35,Yes,Yes,Fiber optic,No,Yes,No,Yes,Yes,Yes,Two year,Yes,Bank transfer (automatic),64.29,2236.73,No
C-d3b40b3a,Female,0,No,No,10,Yes,Yes,Fiber optic,No internet service,Yes,No internet service,No,No internet service,No,Month-to-month,Yes,Bank transfer (automatic),45.04,462.44,Yes
C-9dc3a18d,Female,0,No,No,33,No,No phone service,No,No internet service,No internet service,No internet service,No internet service,No internet service,No internet service,Month-to-month,Yes,Credit card (automatic),20.1,685.31,No
C-a61186b4,Female,0,No,Yes,64,Yes,Yes,Fiber optic,Yes,No internet service,Yes,No,No internet service,No,Month-to-month,Yes,Bank transfer (automatic),54.04,3398.48,No
C-f222ada8,Male,0,No,No,63,Yes,Yes,DSL,No,No,No internet service,No,No,No,Two year,Yes,Electronic check,23.53,1456.01,No
C-ad974d48,Male,0,No,No,12,Yes,No,DSL,Yes,No,Yes,Yes,No,No internet service,Month-to-month,Yes,Credit card (automatic),41.15,510.63,No
C-4061fa09,Female,1,No,No,34,Yes,No,No,No internet service,No internet service,No internet service,No internet service,No internet service,No internet service,Two year,No,Mailed check,21.75,725.12,No
C-d47b0c3e,Female,0,Yes,No,40,No,No phone service,DSL,No,Yes,Yes,No internet service,No,Yes,Month-to-month,No,Mailed check,36.89,1496.32,No
C-92737a52,Female,0,No,No,28,Yes,No,Fiber optic,No,Yes,No,No,Yes,No internet service,Two year,No,Electronic check,57.64,1617.71,No
C-12d70a63,Male,0,No,No,2,No,No phone service,No,No internet service,No internet service,No internet service,No internet service,No internet service,No internet service,Month-to-month,Yes,Bank transfer (automatic),23.36,37.73,Yes
C-c2a0fe0f,Female,0,Yes,No,67,Yes,Yes,Fiber optic,Yes,No,Yes,No,No,No,Two year,Yes,Electronic check,54.29,3634.27,No
C-ce9a924e,Female,0,No,No,48,Yes,No phone service,Fiber optic,Yes,No,No,No,Yes,Yes,One year,No,Mailed check,62.34,3008.47,No
C-d548acbc,Female,0,No,No,15,Yes,Yes,No,No internet service,No internet service,No internet service,No internet service,No internet service,No internet service,Month-to-month,Yes,Mailed check,18.0,246.67,No
C-f2376ba1,Male,0,Yes,No,7,Yes,Yes,DSL,No,Yes,Yes,No,No,No,Month-to-month,Yes,Electronic check,29.77,198.45,Yes
C-17dc0a87,Female,0,Yes,No,38,No,No phone service,DSL,No,No internet service,No,No,Yes,No internet service,One year,Yes,Mailed check,25.11,951.43,No
C-6860c1cf,Female,0,Yes,No,22,Yes,Yes,Fiber optic,Yes,Yes,No internet service,No,No,No,Month-to-month,No,Credit card (automatic),53.29,1205.81,No
C-d28cb7d7,Female,0,No,No,52,Yes,No,Fiber optic,No internet service,No,No,Yes,No internet service,No,Two year,Yes,Electronic check,40.89,2140.74,No
C-c713a2d5,Male,1,No,No,7,Yes,No,DSL,No,No,Yes,Yes,No internet service,Yes,Month-to-month,Yes,Bank transfer (automatic),35.81,249.78,Yes
C-80b2dd90,Female,1,Yes,Yes,15,Yes,Yes,No,No internet service,No internet service,No internet service,No internet service,No internet service,No internet service,Month-to-month,No,Mailed check,25.73,386.64,Yes
C-a8d17f98,Female,0,Yes,No,23,Yes,Yes,DSL,No,No,No,Yes,No internet service,No,Month-to-month,No,Electronic check,28.66,669.2,No
C-b9f9a5bd,Male,0,Yes,No,29,Yes,No,Fiber optic,No,Yes,No,Yes,No,No,Month-to-month,Yes,Electronic check,50.04,1480.21,No
C-f7c88245,Female,0,Yes,Yes,65,Yes,Yes,Fiber optic,No,No,No,No,No internet service,Yes,Two year,Yes,Bank transfer (automatic),42.08,2730.25,No
C-f69e00c9,Male,0,No,Yes,29,No,No phone service,No,No internet service,No internet service,No internet service,No internet service,No internet service,No internet service,Month-to-month,No,Bank transfer (automatic),18.0,495.15,No
C-c2dc8caf,Female,0,No,No,40,Yes,Yes,Fiber optic,Yes,No,No,No,No,No,Two year,No,Bank transfer (automatic),45.42,1810.93,No
C-d3678f34,Male,0,No,No,2,Yes,No,Fiber optic,No,No,No,No,No,No,One year,No,Mailed check,36.03,64.11,No
C-9dbfac30,Male,0,No,Yes,5,No,No phone service,Fiber optic,No,Yes,No,Yes,No,No,Two year,Yes,Credit card (automatic),45.22,260.58,Yes
C-a0009743,Male,0,Yes,No,35,No,No phone service,DSL,No,No,No,No,Yes,Yes,Month-to-month,No,Electronic check,39.38,1397.39,Yes
C-0cb4044f,Female,0,Yes,Yes,59,Yes,Yes,No,No internet service,No internet service,No internet service,No internet service,No internet service,No internet service,Month-to-month,Yes,Bank transfer (automatic),23.02,1357.26,No
C-32221711,Female,0,No,No,15,Yes,No phone service,Fiber optic,Yes,No internet service,No internet service,Yes,No,No,Month-to-month,Yes,Bank transfer (automatic),50.46,740.12,Yes
C-aa9c51fd,Male,0,No,No,7,Yes,No,Fiber optic,Yes,No,No internet service,Yes,No,Yes,One year,Yes,Electronic check,60.35,437.07,No
C-19511f0a,Male,1,No,No,45,No,No phone service,Fiber optic,No,No,No,Yes,Yes,Yes,Month-to-month,Yes,Electronic check,58.51,2666.24,Yes
C-a3d15405,Male,0,No,No,71,Yes,Yes,DSL,Yes,Yes,No,Yes,No,No,Month-to-month,Yes,Mailed check,38.41,2698.85,No
C-5c5eeab3,Male,0,No,No,41,Yes,Yes,Fiber optic,No,No internet service,No,No internet service,No,No,Month-to-month,No,Mailed check,41.73,1687.16,No
C-33496dee,Female,0,No,Yes,48,Yes,No,DSL,No,No,Yes,Yes,No,Yes,One year,Yes,Mailed check,37.66,1825.46,No
C-5af0e727,Male,0,Yes,Yes,8,Yes,Yes,Fiber optic,Yes,Yes,Yes,Yes,No,Yes,Month-to-month,No,Mailed check,64.41,529.96,Yes
C-bc674da7,Female,1,Yes,No,47,Yes,No,DSL,Yes,Yes,No,No internet service,Yes,No,Two year,Yes,Credit card (automatic),40.66,1912.63,No
C-780b3c1e,Female,0,No,Yes,25,Yes,No,DSL,Yes,Yes,No,No,No,Yes,Two year,Yes,Credit card (automatic),48.3,1196.7,No
C-c6d90e79,Female,0,Yes,No,56,Yes,No,No,No internet service,No internet service,No internet service,No internet service,No internet service,No internet service,Two year,No,Electronic check,20.55,1141.65,No
C-35b177d4,Female,0,No,No,8,Yes,Yes,Fiber optic,Yes,No internet service,No,No,No,No internet service,Month-to-month,Yes,Mailed check,46.3,357.12,Yes
C-56d0cc26,Female,0,Yes,No,50,Yes,No phone service,Fiber optic,Yes,No,No internet service,No,No,No,One year,Yes,Electronic check,46.45,2324.96,No
C-93af7888,Female,0,No,Yes,58,No,No phone service,Fiber optic,No,No,No internet service,Yes,No,Yes,Month-to-month,No,Mailed check,54.97,3186.12,No
C-f1db2cb3,Male,0,Yes,No,25,Yes,Yes,DSL,No,No,No,Yes,Yes,No,Month-to-month,Yes,Electronic check,38.65,982.82,No
C-4d3f78a6,Female,0,Yes,Yes,20,Yes,No,No,No internet service,No internet service,No internet service,No internet service,No internet service,No internet service,Month-to-month,No,Electronic check,20.63,395.04,No
C-41d2696b,Female,0,No,No,64,Yes,No,Fiber optic,No,No,No,No,Yes,Yes,One year,Yes,Mailed check,47.67,3047.63,No
C-debde89e,Female,0,No,Yes,5,Yes,Yes,DSL,No,No,No,Yes,Yes,Yes,Month-to-month,Yes,Electronic check,42.53,223.62,Yes
C-09347e3f,Male,0,Yes,No,50,Yes,Yes,DSL,Yes,No,No,Yes,No,Yes,Month-to-month,No,Electronic check,43.98,2218.39,Yes
C-f73918b6,Female,0,Yes,Yes,41,Yes,Yes,DSL,No,Yes,No,No,No,No,Month-to-month,Yes,Mailed check,31.71,1274.58,Yes
C-45b0e9e9,Female,0,Yes,Yes,19,Yes,No phone service,DSL,Yes,Yes,Yes,Yes,No,No,Month-to-month,Yes,Mailed check,47.76,952.25,No
C-ba4dedbe,Male,0,Yes,No,55,Yes,Yes,DSL,No,Yes,No,Yes,Yes,No,Month-to-month,Yes,Credit card (automatic),38.55,2091.71,Yes
C-8ad88a09,Male,0,Yes,No,27,Yes,No phone service,DSL,No,Yes,No,Yes,No,No internet service,Two year,Yes,Bank transfer (automatic),38.19,996.2,No
C-4b604a65,Male,0,Yes,No,54,Yes,No,Fiber optic,Yes,No,No internet service,Yes,Yes,Yes,Month-to-month,Yes,Electronic check,60.65,3261.64,Yes
C-05f6e0d7,Male,1,No,No,49,Yes,Yes,No,No internet service,No internet service,No internet service,No internet service,No internet service,No internet service,One year,Yes,Electronic check,18.66,930.21,No
C-a68989d5,Female,0,No,Yes,48,No,No phone service,Fiber optic,No,Yes,No,No,No,No,Month-to-month,Yes,Mailed check,39.33,1877.46,Yes
C-8e2b522f,Male,0,Yes,Yes,59,Yes,Yes,No,No internet service,No internet service,No internet service,No internet service,No internet service,No internet service,Month-to-month,Yes,Electronic check,20.04,1156.07,Yes
C-3100b578,Male,0,No,No,39,Yes,Yes,DSL,No,No,Yes,No,Yes,Yes,Month-to-month,No,Bank transfer (automatic),43.04,1681.14,No
C-d85e175a,Male,0,Yes,No,59,Yes,No,No,No internet service,No internet service,No internet service,No internet service,No internet service,No internet service,One year,Yes,Mailed check,20.37,1239.81,No
C-82069a6c,Male,0,No,No,21,Yes,Yes,Fiber optic,No,Yes,Yes,No,No,No internet service,Month-to-month,Yes,Electronic check,47.66,1031.86,Yes
C-6f3f6edd,Male,0,Yes,No,12,Yes,No,Fiber optic,Yes,Yes,Yes,No,Yes,Yes,Two year,No,Bank transfer (automatic),63.7,762.92,No
C-0066bf3c,Female,0,Yes,No,15,Yes,Yes,Fiber optic,No,No,No internet service,Yes,No,No,One year,Yes,Bank transfer (automatic),43.89,665.11,No
C-8e91bb97,Male,0,No,No,7,Yes,Yes,DSL,No,No,No,Yes,No,No,Month-to-month,Yes,Electronic check,32.01,247.42,No
C-e0740f23,Female,1,No,No,52,Yes,Yes,DSL,No internet service,Yes,Yes,No,Yes,No,Month-to-month,Yes,Credit card (automatic),41.03,2145.5,No
C-21dbd56a,Female,0,Yes,No,53,Yes,No,Fiber optic,Yes,Yes,No,Yes,No internet service,Yes,Two year,Yes,Bank transfer (automatic),60.06,3211.06,No
C-57290dd2,Male,0,Yes,Yes,63,Yes,No phone service,Fiber optic,Yes,No,Yes,Yes,No,Yes,One year,Yes,Credit card (automatic),61.61,3889.52,No
C-719423a1,Male,0,No,No,11,Yes,Yes,DSL,No,Yes,No,No,No,Yes,Two year,No,Electronic check,37.19,411.16,No
C-d19ea69d,Male,1,No,Yes,27,Yes,No,Fiber optic,No,No,No,Yes,Yes,No,Month-to-month,Yes,Bank transfer (automatic),49.02,1323.52,Yes
C-9e43c9dd,Female,1,No,No,68,Yes,Yes,DSL,Yes,No internet service,Yes,No,No,No,Two year,Yes,Mailed check,36.98,2468.36,No
C-52fa79ea,Female,0,No,No,69,Yes,No,Fiber optic,No,No,Yes,No,Yes,No,One year,Yes,Credit card (automatic),53.93,3711.04,No
C-82c1a230,Female,0,No,Yes,69,No,No phone service,DSL,No,No,No,No,Yes,Yes,Month-to-month,Yes,Credit card (automatic),33.31,2286.07,No
C-b9a3db1a,Female,0,No,No,55,Yes,Yes,DSL,No,No,No,No,Yes,No,Month-to-month,Yes,Electronic check,29.9,1652.91,Yes
C-4155ad68,Male,1,Yes,No,63,Yes,Yes,Fiber optic,Yes,No,No,Yes,No,No,Month-to-month,Yes,Electronic check,47.89,2991.21,No
C-7857393e,Male,0,Yes,No,8,Yes,Yes,Fiber optic,No,No,No,No,No,Yes,One year,No,Electronic check,42.09,348.22,No
C-3844c518,Female,0,No,No,14,Yes,Yes,Fiber optic,No,Yes,No,No,Yes,No,One year,Yes,Credit card (automatic),45.11,616.41,No
C-9f93624e,Male,0,Yes,Yes,67,No,No phone service,DSL,No,Yes,No,No internet service,No,No,One year,No,Electronic check,28.1,1883.29,No
C-d5f5c7b6,Female,0,No,No,72,Yes,Yes,No,No internet service,No internet service,No internet service,No internet service,No internet service,No internet service,Month-to-month,No,Credit card (automatic),23.79,1743.81,No
C-84bbb7a2,Male,0,Yes,Yes,18,Yes,No,Fiber optic,No,No,Yes,No internet service,No,No,Two year,No,Credit card (automatic),44.33,794.98,No
C-1ea49806,Male,1,No,No,39,Yes,Yes,Fiber optic,No,Yes,Yes,No,No,Yes,Two year,No,Mailed check,54.73,2112.66,Yes
C-4e17ff65,Female,0,Yes,No,37,No,No phone service,Fiber optic,No internet service,No,No internet service,No,No,No internet service,One year,Yes,Bank transfer (automatic),37.28,1385.0,No
C-2b6ce78b,Male,0,Yes,No,58,Yes,No,DSL,Yes,No,No,No,Yes,Yes,Month-to-month,No,Mailed check,41.6,2385.12,No
C-3d7ea097,Female,1,No,No,21,Yes,No,Fiber optic,No internet service,No,Yes,Yes,Yes,No,Two year,Yes,Credit card (automatic),53.34,1120.88,No
C-afac88b1,Female,0,No,Yes,38,Yes,Yes,No,No internet service,No internet service,No internet service,No internet service,No internet service,No internet service,Two year,Yes,Electronic check,18.0,663.68,No
C-d4493891,Female,0,Yes,No,49,Yes,No phone service,DSL,Yes,Yes,No internet service,No,No,Yes,Month-to-month,No,Bank transfer (automatic),36.82,1827.8,No
C-72ba96ff,Female,0,Yes,No,71,No,No phone service,DSL,No,No,No,No internet service,No internet service,No,One year,No,Credit card (automatic),25.32,1768.63,No
C-57e078a6,Male,0,No,No,71,Yes,No,No,No internet service,No internet service,No internet service,No internet service,No internet service,No internet service,Two year,No,Bank transfer (automatic),20.94,1492.45,No
C-d217df7a,Female,0,Yes,Yes,60,Yes,No phone service,Fiber optic,No,No,No,No,Yes,No,Month-to-month,Yes,Credit card (automatic),56.54,3392.56,No
C-2c27ab68,Male,0,No,No,8,Yes,No,Fiber optic,Yes,Yes,No,Yes,No,Yes,One year,Yes,Mailed check,65.55,519.54,No
C-9d008d11,Male,0,No,No,38,Yes,No,DSL,Yes,No,No,Yes,Yes,No,Month-to-month,Yes,Mailed check,46.18,1736.06,No
C-9650f87b,Female,0,Yes,No,40,Yes,No phone service,No,No internet service,No internet service,No internet service,No internet service,No internet service,No internet service,Month-to-month,Yes,Electronic check,24.35,989.71,No
C-c8eaedd9,Female,0,Yes,Yes,13,Yes,Yes,DSL,No,No,No,No,No,No internet service,Two year,No,Mailed check,25.13,319.56,No
C-217c1897,Female,0,No,No,0,Yes,No,DSL,Yes,No internet service,Yes,No,Yes,Yes,Two year,No,Electronic check,56.23,0.0,Yes
C-ce942e97,Female,0,Yes,No,4,Yes,No,DSL,Yes,Yes,Yes,No,Yes,No,Month-to-month,No,Mailed check,47.63,162.2,Yes
C-dce5d026,Male,0,Yes,No,2,Yes,No,No,No internet service,No internet service,No internet service,No internet service,No internet service,No internet service,Two year,Yes,Bank transfer (automatic),20.33,23.77,No
C-8079aee3,Female,0,No,No,26,Yes,No phone service,Fiber optic,Yes,Yes,Yes,No,No,Yes,Two year,Yes,Electronic check,61.02,1577.14,No
C-2284578f,Male,0,Yes,No,0,No,No phone service,DSL,No,No,Yes,No,No internet service,No,Month-to-month,Yes,Electronic check,31.34,0.0,Yes
C-21dafd22,Male,0,Yes,No,8,Yes,No,DSL,No,No,No,No,Yes,Yes,One year,No,Electronic check,35.7,256.2,No
C-c47b58f6,Female,0,Yes,No,44,Yes,No,DSL,No,Yes,Yes,No,Yes,No,Month-to-month,Yes,Electronic check,37.45,1621.48,Yes
C-defcd046,Female,0,Yes,No,51,Yes,No,DSL,No,No internet service,Yes,No,Yes,No,Month-to-month,No,Electronic check,34.6,1770.44,No
C-dc725021,Female,0,Yes,No,1,Yes,No,DSL,No internet service,Yes,Yes,Yes,Yes,Yes,Two year,No,Electronic check,48.93,12.55,Yes
C-30d89ea6,Female,0,Yes,No,14,Yes,Yes,Fiber optic,No,Yes,No internet service,No,Yes,Yes,Month-to-month,No,Bank transfer (automatic),55.91,776.85,No
C-13a99a51,Female,0,Yes,No,39,Yes,No,Fiber optic,No,No,No,No,Yes,No,Month-to-month,Yes,Electronic check,47.49,1851.9,Yes
C-3e2cb061,Female,0,Yes,Yes,33,Yes,No,Fiber optic,No,Yes,No internet service,Yes,No,No,One year,Yes,Electronic check,47.53,1575.7,No
C-be8e4c8b,Female,0,Yes,No,26,Yes,Yes,No,No internet service,No internet service,No internet service,No internet service,No internet service,No internet service,Two year,Yes,Electronic check,25.36,686.75,No
C-ffdce3fd,Male,0,No,Yes,45,Yes,No,Fiber optic,No,No,No,Yes,No internet service,Yes,One year,Yes,Bank transfer (automatic),50.73,2279.41,No
C-24d3f46b,Male,0,Yes,No,5,Yes,Yes,DSL,No,No,Yes,No,No,No,One year,No,Bank transfer (automatic),23.14,152.68,No
C-9a05b9ba,Male,0,Yes,No,8,Yes,No,Fiber optic,Yes,Yes,Yes,No,No,No,One year,Yes,Mailed check,58.8,497.75,No
C-2673bfa5,Male,1,Yes,No,38,Yes,No,Fiber optic,No,No,No,No,No,No,Month-to-month,No,Electronic check,40.21,1519.67,Yes
C-f8da3246,Male,0,Yes,No,13,Yes,Yes,Fiber optic,No,No internet service,Yes,No,No,No,Month-to-month,Yes,Mailed check,42.28,543.04,Yes
C-1519054e,Female,0,No,No,60,Yes,No,DSL,No internet service,Yes,Yes,No,No,No internet service,Month-to-month,Yes,Electronic check,40.11,2396.25,No
C-d85414ff,Male,0,Yes,No,27,Yes,No,Fiber optic,Yes,No,No internet service,No,Yes,No,Two year,No,Credit card (automatic),54.17,1465.09,No
C-9fbce151,Male,0,Yes,No,33,Yes,Yes,Fiber optic,Yes,No,No,No,Yes,No internet service,Two year,No,Electronic check,50.66,1670.69,No
C-2d8f9910,Male,0,No,No,54,Yes,Yes,Fiber optic,No,No,No,No,No,No,Month-to-month,No,Electronic check,37.87,2061.62,Yes
C-27a9f807,Female,1,No,No,15,Yes,No,DSL,No,Yes,No,Yes,No,No,One year,No,Electronic check,31.07,493.93,No
C-ce09999d,Male,0,Yes,No,13,Yes,Yes,No,No internet service,No internet service,No internet service,No internet service,No internet service,No internet service,One year,No,Electronic check,20.53,276.17,Yes
C-4cbc505b,Male,0,No,No,28,Yes,No phone service,Fiber optic,No,Yes,No,No,No,No internet service,Month-to-month,Yes,Bank transfer (automatic),40.72,1121.02,Yes
C-a1afe653,Female,0,No,No,24,Yes,No,DSL,Yes,Yes,No,No,No internet service,Yes,Month-to-month,Yes,Mailed check,40.73,996.01,Yes
C-f9e1f956,Female,0,Yes,Yes,7,Yes,Yes,DSL,No,Yes,No internet service,No,Yes,No,Month-to-month,No,Credit card (automatic),34.31,244.87,No
C-6592d7c7,Female,0,Yes,Yes,52,Yes,No,Fiber optic,No,Yes,No,Yes,Yes,No,Month-to-month,Yes,Electronic check,55.37,2847.14,No
C-5b9b1ad8,Male,0,No,No,40,Yes,No,DSL,Yes,No,No internet service,No,Yes,Yes,One year,Yes,Electronic check,42.58,1698.06,No
C-a32c5d2a,Male,0,No,Yes,27,Yes,No phone service,DSL,Yes,No,No,Yes,No,No,Month-to-month,No,Electronic check,36.75,1002.79,No
C-ddc5f006,Female,0,Yes,No,63,Yes,Yes,No,No internet service,No internet service,No internet service,No internet service,No internet service,No internet service,Two year,Yes,Bank transfer (automatic),21.61,1380.35,No
C-cd96bad9,Male,0,Yes,No,64,Yes,Yes,No,No internet service,No internet service,No internet service,No internet service,No internet service,No internet service,One year,Yes,Credit card (automatic),18.0,1201.8,No
C-b2f87844,Female,0,No,Yes,27,Yes,No,No,No internet service,No internet service,No internet service,No internet service,No internet service,No internet service,Month-to-month,Yes,Mailed check,18.0,467.27,No
C-dfac8119,Male,0,Yes,No,32,Yes,Yes,Fiber optic,No internet service,Yes,No,Yes,Yes,Yes,Month-to-month,No,Mailed check,61.0,1979.9,No
C-3a02cd96,Female,0,Yes,No,54,Yes,No,Fiber optic,No,Yes,Yes,No,No,No,Month-to-month,Yes,Credit card (automatic),51.43,2743.72,No
C-dfaf7330,Male,0,No,No,67,Yes,No phone service,Fiber optic,No,Yes,Yes,Yes,No,Yes,Two year,Yes,Electronic check,58.12,3911.29,No
C-96e7cdd5,Female,0,No,No,51,Yes,No,DSL,No,No,Yes,No,Yes,Yes,Month-to-month,Yes,Credit card (automatic),45.54,2322.93,No
C-fc3cc778,Female,0,Yes,Yes,42,Yes,No,Fiber optic,No,No,Yes,No,Yes,No,Month-to-month,No,Bank transfer (automatic),50.99,2147.68,No
C-7fb9061d,Female,0,No,Yes,65,Yes,Yes,Fiber optic,No internet service,No,No,No,No,Yes,Two year,No,Electronic check,42.17,2760.89,No
C-967c1857,Female,1,Yes,Yes,41,Yes,No,Fiber optic,No internet service,No,No internet service,No,No,No,Month-to-month,Yes,Mailed check,40.34,1646.15,Yes
C-8d977ce7,Female,0,Yes,Yes,3,Yes,Yes,No,No internet service,No internet service,No internet service,No internet service,No internet service,No internet service,One year,Yes,Mailed check,20.49,66.59,No
C-43363261,Male,1,No,No,25,Yes,No phone service,DSL,Yes,No,Yes,No,No,No,Month-to-month,No,Credit card (automatic),35.92,911.72,No
C-60609c32,Male,0,Yes,No,52,Yes,Yes,DSL,No,No,No,No,No,No,Month-to-month,Yes,Electronic check,25.35,1322.84,No
C-f97d5931,Female,0,No,Yes,37,Yes,Yes,No,No internet service,No internet service,No internet service,No internet service,No internet service,No internet service,Month-to-month,No,Electronic check,18.23,696.16,No
C-cdc33351,Female,0,No,No,65,Yes,Yes,No,No internet service,No internet service,No internet service,No internet service,No internet service,No internet service,One year,Yes,Mailed check,20.42,1301.39,No
C-93328136,Female,1,Yes,No,31,Yes,Yes,Fiber optic,No,Yes,Yes,No,Yes,No,Two year,Yes,Mailed check,57.43,1788.46,No
C-cb213a16,Male,0,Yes,No,43,Yes,No phone service,DSL,No,No,No,No,Yes,Yes,Two year,No,Credit card (automatic),35.71,1542.23,No
C-f59c7c2c,Female,0,Yes,No,23,Yes,Yes,Fiber optic,No,Yes,No,Yes,Yes,No,Month-to-month,Yes,Bank transfer (automatic),56.56,1300.74,Yes
C-53f72c7f,Male,1,No,No,36,Yes,No,Fiber optic,No,Yes,No,Yes,Yes,No,Two year,Yes,Bank transfer (automatic),55.62,2015.23,No
C-28fab79d,Male,0,No,No,13,Yes,No phone service,DSL,No,No,No,No,Yes,Yes,Month-to-month,Yes,Bank transfer (automatic),35.5,492.27,No
C-25372709,Female,0,Yes,No,24,Yes,Yes,Fiber optic,No internet service,No,No,No,Yes,Yes,One year,No,Credit card (automatic),52.42,1245.46,Yes
C-299be773,Female,0,No,No,57,Yes,Yes,DSL,Yes,Yes,No,No,Yes,No,Month-to-month,Yes,Mailed check,41.67,2401.27,No
C-4c203223,Male,0,No,Yes,29,Yes,Yes,Fiber optic,Yes,No,Yes,Yes,Yes,No internet service,One year,Yes,Credit card (automatic),63.5,1861.77,No
C-283d7b16,Female,0,Yes,Yes,53,Yes,No,Fiber optic,No,No,No internet service,No,Yes,No internet service,Two year,No,Electronic check,46.67,2495.0,Yes
C-d2b88b7d,Male,0,No,No,24,Yes,No,DSL,No,No,No,Yes,No,No,Month-to-month,Yes,Electronic check,31.58,742.3,No
C-fc16a40f,Female,0,No,No,40,Yes,No,No,No internet service,No internet service,No internet service,No internet service,No internet service,No internet service,Month-to-month,No,Bank transfer (automatic),18.0,719.11,No
C-773921b8,Male,0,No,Yes,39,Yes,No phone service,No,No internet service,No internet service,No internet service,No internet service,No internet service,No internet service,Month-to-month,No,Bank transfer (automatic),27.13,1049.43,No
C-5cc07aa1,Male,0,No,Yes,58,Yes,No,Fiber optic,Yes,Yes,No,No,No internet service,No,Month-to-month,No,Mailed check,47.92,2809.34,No
C-37a578aa,Female,0,Yes,No,69,Yes,Yes,Fiber optic,No,Yes,No internet service,Yes,No internet service,Yes,One year,No,Mailed check,54.03,3707.66,No
C-17aa939e,Male,0,No,Yes,36,Yes,No,Fiber optic,No,No,No internet service,No,No,No internet service,Month-to-month,Yes,Bank transfer (automatic),42.9,1537.38,No
C-c4ed918c,Male,0,No,Yes,39,Yes,Yes,Fiber optic,No,Yes,Yes,No internet service,Yes,No,Two year,No,Mailed check,50.79,2003.17,No
C-76188909,Female,1,Yes,No,65,Yes,No,Fiber optic,No,No,No internet service,No,No,No,Month-to-month,No,Credit card (automatic),44.58,2901.07,No
C-ab8be8b0,Female,0,No,No,13,Yes,No,Fiber optic,No,No internet service,No,No,Yes,No,Two year,Yes,Credit card (automatic),48.78,628.98,No
C-a44e0410,Female,0,Yes,No,19,Yes,No,No,No internet service,No internet service,No internet service,No internet service,No internet service,No internet service,Month-to-month,No,Credit card (automatic),20.56,368.79,No
C-e0967f7a,Male,0,No,No,59,Yes,Yes,DSL,Yes,Yes,Yes,No,Yes,Yes,Two year,Yes,Bank transfer (automatic),52.96,3145.29,No
C-dbe3cd79,Male,1,No,No,61,Yes,Yes,No,No internet service,No internet service,No internet service,No internet service,No internet service,No internet service,Month-to-month,Yes,Mailed check,18.06,1114.12,No
C-96e3078c,Female,1,No,No,59,Yes,Yes,Fiber optic,No,Yes,No,No,No,Yes,Month-to-month,No,Mailed check,54.23,3214.39,Yes
C-4fdccc1d,Male,1,Yes,Yes,51,Yes,No,No,No internet service,No internet service,No internet service,No internet service,No internet service,No internet service,One year,No,Credit card (automatic),18.0,932.11,No
C-a7a2b263,Male,0,No,No,7,Yes,Yes,No,No internet service,No internet service,No internet service,No internet service,No internet service,No internet service,Two year,Yes,Electronic check,19.1,113.69,Yes
C-15eda4be,Male,0,No,No,34,Yes,No,No,No internet service,No internet service,No internet service,No internet service,No internet service,No internet service,One year,Yes,Electronic check,22.49,750.5,No
C-258ba91b,Female,1,Yes,No,25,Yes,Yes,Fiber optic,No,No,No,No,Yes,No internet service,One year,No,Bank transfer (automatic),49.21,1222.57,Yes
C-17376f11,Female,1,No,No,11,Yes,No,Fiber optic,Yes,No,No,Yes,No,No,Two year,No,Bank transfer (automatic),52.59,553.48,No
C-887b32d5,Female,0,Yes,No,65,Yes,No,DSL,No,No,Yes,No,Yes,No,Two year,Yes,Electronic check,42.81,2790.58,No
C-2088bcbf,Female,0,No,No,40,Yes,Yes,Fiber optic,Yes,No,Yes,Yes,No,Yes,One year,Yes,Electronic check,66.63,2671.68,No
C-4ecb3fd6,Female,0,No,No,12,Yes,No,Fiber optic,No,No,Yes,No,No,No,One year,No,Electronic check,42.11,506.8,No
C-a33dc579,Male,0,No,Yes,8,Yes,Yes,Fiber optic,Yes,No,Yes,Yes,Yes,No,Month-to-month,No,Electronic check,59.96,521.92,Yes
C-40198ff0,Female,0,Yes,Yes,38,Yes,No phone service,Fiber optic,No,No internet service,No,No,No,Yes,Two year,No,Bank transfer (automatic),50.94,1949.88,No
C-4bbcee7c,Female,0,No,No,64,Yes,No phone service,No,No internet service,No internet service,No internet service,No internet service,No internet service,No internet service,Two year,Yes,Mailed check,20.34,1328.96,No
C-613f2cf0,Female,0,No,No,55,Yes,No,No,No internet service,No internet service,No internet service,No internet service,No internet service,No internet service,Two year,No,Bank transfer (automatic),19.74,1120.81,No
C-71977ae5,Male,0,No,No,29,No,No phone service,DSL,No,No internet service,No,No,No internet service,No,Month-to-month,Yes,Mailed check,23.57,730.01,Yes
C-75ddc21d,Male,0,No,No,2,Yes,Yes,DSL,No,No,Yes,No,No internet service,No,Month-to-month,No,Credit card (automatic),30.08,74.71,Yes
C-bf3b3ea3,Male,0,No,Yes,36,Yes,Yes,Fiber optic,Yes,Yes,Yes,No,Yes,No,Month-to-month,Yes,Bank transfer (automatic),64.77,2352.76,Yes
C-b1399574,Male,0,No,No,16,Yes,No,No,No internet service,No internet service,No internet service,No internet service,No internet service,No internet service,Month-to-month,No,Bank transfer (automatic),19.05,304.59,No
C-20e54292,Male,0,Yes,Yes,65,Yes,No,DSL,No,No internet service,No,No,No internet service,Yes,Two year,Yes,Credit card (automatic),30.33,1987.51,No
C-68567ebe,Female,1,Yes,No,70,No,No phone service,DSL,No internet service,No,Yes,No,Yes,Yes,Two year,No,Electronic check,40.1,2786.88,No
C-4f70ac79,Female,0,No,No,15,Yes,No,DSL,No,No,Yes,No,No,Yes,One year,Yes,Electronic check,37.97,558.91,No
C-e7330c93,Female,0,Yes,Yes,27,Yes,Yes,Fiber optic,No internet service,Yes,No,No,Yes,Yes,Month-to-month,Yes,Electronic check,58.47,1540.17,Yes
C-8c9c363e,Female,0,Yes,No,57,Yes,No,DSL,Yes,No,No,No,No,No internet service,Month-to-month,No,Electronic check,38.55,2178.6,No
C-9992c16f,Male,1,Yes,No,35,Yes,Yes,Fiber optic,No,Yes,No,No internet service,No,No,One year,Yes,Electronic check,50.83,1754.72,Yes
C-9f3cd577,Female,0,No,No,1,No,No phone service,DSL,No,No,No,No,No,Yes,Month-to-month,Yes,Credit card (automatic),33.03,7.44,Yes
C-a35fb2ac,Male,0,No,No,23,Yes,Yes,DSL,No,Yes,Yes,No,Yes,No,Month-to-month,No,Electronic check,41.91,949.82,Yes
C-d57859c1,Male,1,No,No,52,Yes,No,No,No internet service,No internet service,No internet service,No internet service,No internet service,No internet service,Month-to-month,No,Bank transfer (automatic),22.74,1189.97,No
C-a76fad23,Female,1,Yes,No,10,No,No phone service,Fiber optic,No internet service,Yes,Yes,No,No internet service,No,Month-to-month,No,Electronic check,47.01,451.34,Yes
C-e72bb7fe,Female,0,No,No,40,Yes,No,DSL,No,No internet service,No,No,Yes,No,One year,Yes,Electronic check,27.15,1105.61,No
C-d804f9f0,Male,0,No,No,70,Yes,No,DSL,No,Yes,No,No,No,Yes,Two year,No,Credit card (automatic),31.98,2213.66,No
C-c9563be2,Female,0,No,No,22,Yes,Yes,Fiber optic,No,No internet service,No,No,Yes,Yes,Month-to-month,No,Bank transfer (automatic),52.2,1126.66,Yes
C-410fa741,Male,0,Yes,Yes,50,No,No phone service,Fiber optic,No,Yes,No,No,No,No,One year,Yes,Bank transfer (automatic),40.88,2034.91,Yes
C-489e01a7,Male,0,Yes,Yes,22,Yes,Yes,DSL,No,No,No,No,Yes,No,Month-to-month,Yes,Credit card (automatic),40.32,895.53,Yes
C-52d3ed09,Male,0,No,No,6,Yes,No,Fiber optic,No internet service,No,No,No,No internet service,Yes,One year,Yes,Electronic check,50.19,326.47,No
C-e7637eaa,Female,0,Yes,No,15,Yes,No,Fiber optic,No internet service,No internet service,No internet service,No,Yes,No,Month-to-month,Yes,Mailed check,42.49,627.87,Yes
C-f91de3c6,Male,0,Yes,No,0,Yes,Yes,Fiber optic,No internet service,Yes,Yes,No,No,Yes,One year,No,Electronic check,56.96,0.0,No
C-c5f583c5,Male,0,No,Yes,64,Yes,Yes,Fiber optic,Yes,No,Yes,No,No,Yes,Month-to-month,Yes,Electronic check,59.38,3772.75,No
C-ed0ffdf4,Female,0,Yes,No,70,Yes,No phone service,No,No internet service,No internet service,No internet service,No internet service,No internet service,No internet service,Month-to-month,Yes,Bank transfer (automatic),18.0,1225.65,No
C-c1f95e88,Female,0,No,No,45,Yes,No,Fiber optic,Yes,No,Yes,No,Yes,Yes,Month-to-month,No,Bank transfer (automatic),67.95,3047.59,Yes
C-618ac20f,Female,0,No,No,26,Yes,No,Fiber optic,Yes,No,No,No,Yes,No,Month-to-month,Yes,Mailed check,54.06,1401.58,Yes
C-da581cb7,Female,0,No,No,37,Yes,No,DSL,Yes,No,Yes,Yes,No,No,Two year,Yes,Mailed check,39.53,1461.45,No
C-b6b1cfba,Female,0,Yes,No,36,Yes,Yes,Fiber optic,Yes,Yes,No,Yes,No,Yes,Month-to-month,No,Credit card (automatic),64.87,2276.94,Yes
C-1eba7e29,Female,0,Yes,No,62,No,No phone service,Fiber optic,No,Yes,Yes,No internet service,Yes,No internet service,Month-to-month,No,Electronic check,61.42,3794.98,Yes
C-8e0db231,Female,1,No,No,57,Yes,No,Fiber optic,No,No,Yes,Yes,Yes,No,One year,No,Bank transfer (automatic),58.94,3364.01,Yes
C-b8d546b2,Male,0,Yes,No,69,Yes,Yes,No,No internet service,No internet service,No internet service,No internet service,No internet service,No internet service,Month-to-month,Yes,Electronic check,18.0,1202.08,No
C-f0f74056,Female,0,Yes,No,23,Yes,No,Fiber optic,No,No,No internet service,Yes,No,No,Month-to-month,Yes,Bank transfer (automatic),46.03,1079.6,Yes
C-8a700e1b,Female,1,Yes,Yes,43,No,No phone service,DSL,No,Yes,Yes,Yes,Yes,Yes,Month-to-month,Yes,Mailed check,53.49,2318.08,Yes
C-8be2f9b3,Female,0,No,No,70,Yes,No,DSL,Yes,No,Yes,Yes,No,No internet service,Month-to-month,Yes,Electronic check,40.81,2844.96,No
C-c7bd3ff4,Female,0,No,No,8,Yes,Yes,Fiber optic,No,No,Yes,No,Yes,Yes,One year,Yes,Bank transfer (automatic),55.62,430.05,No
C-40f6a82b,Female,0,No,Yes,58,Yes,Yes,Fiber optic,No,Yes,No,No,No,No,Two year,No,Mailed check,47.25,2769.54,No
C-78767128,Female,0,Yes,No,49,Yes,No,DSL,No internet service,No,No internet service,No,No,Yes,Month-to-month,No,Credit card (automatic),31.49,1532.84,No
C-44b3ca35,Male,0,No,Yes,51,Yes,No phone service,No,No internet service,No internet service,No internet service,No internet service,No internet service,No internet service,Two year,Yes,Mailed check,24.8,1269.19,No
C-8418cf1c,Male,0,No,Yes,52,Yes,No,DSL,No internet service,No,No,Yes,No,No,Month-to-month,No,Mailed check,30.45,1577.95,No
C-0386e1d0,Male,1,Yes,Yes,32,Yes,Yes,DSL,Yes,No,Yes,Yes,No internet service,No,One year,No,Credit card (automatic),42.49,1346.84,No
C-31c58823,Male,0,Yes,No,68,Yes,Yes,Fiber optic,Yes,No,Yes,Yes,No,No,Month-to-month,No,Bank transfer (automatic),54.82,3732.26,Yes
C-d89f7ccd,Male,0,Yes,No,38,Yes,No,No,No internet service,No internet service,No internet service,No internet service,No internet service,No internet service,Month-to-month,Yes,Bank transfer (automatic),20.24,748.13,No
C-7a569c1d,Male,1,No,No,50,Yes,Yes,Fiber optic,Yes,No,No,Yes,No,Yes,Month-to-month,Yes,Electronic check,53.57,2691.81,No
C-53cd8b56,Female,0,No,No,64,No,No phone service,DSL,No,No,No,No,No,Yes,Month-to-month,Yes,Electronic check,28.73,1805.31,No
C-249c6301,Male,0,No,Yes,13,Yes,Yes,Fiber optic,No,Yes,No,Yes,Yes,Yes,Two year,No,Credit card (automatic),63.76,810.41,No
C-962a1e8b,Female,0,Yes,No,69,Yes,No,No,No internet service,No internet service,No internet service,No internet service,No internet service,No internet service,Month-to-month,Yes,Bank transfer (automatic),18.0,1242.82,No
C-f466a596,Female,0,Yes,No,23,Yes,Yes,Fiber optic,No,No,No,No,Yes,No,Month-to-month,Yes,Electronic check,46.55,1080.05,Yes
C-da9a0a0b,Female,0,Yes,Yes,16,Yes,No,DSL,Yes,No,No,No,No,Yes,Two year,No,Mailed check,36.27,559.39,No
C-e8ceb69b,Female,0,Yes,No,26,Yes,Yes,Fiber optic,No,No internet service,Yes,Yes,No,Yes,Month-to-month,Yes,Credit card (automatic),52.24,1350.54,No
C-5f92577d,Female,0,Yes,No,56,Yes,No,No,No internet service,No internet service,No internet service,No internet service,No internet service,No internet service,Month-to-month,No,Mailed check,18.73,1040.25,No
C-79b4a8f5,Male,0,No,No,67,Yes,Yes,Fiber optic,Yes,Yes,Yes,Yes,Yes,No,One year,No,Credit card (automatic),63.65,4263.04,No
C-cf775ac7,Female,0,Yes,No,5,Yes,No,Fiber optic,No,Yes,Yes,No,No,Yes,Month-to-month,Yes,Bank transfer (automatic),55.53,278.23,Yes
C-0d9e5dba,Male,1,Yes,No,39,Yes,Yes,Fiber optic,Yes,No,Yes,No,Yes,No,One year,No,Electronic check,60.11,2324.08,No
C-90b19716,Male,0,No,No,20,Yes,Yes,Fiber optic,No,Yes,No,Yes,No,No,Month-to-month,Yes,Bank transfer (automatic),51.43,984.63,No
C-f52635a2,Female,0,Yes,No,19,Yes,No,No,No internet service,No internet service,No internet service,No internet service,No internet service,No internet service,Month-to-month,Yes,Electronic check,18.0,324.92,No
C-e555ff5b,Male,1,Yes,Yes,7,Yes,No,Fiber optic,Yes,No,No internet service,Yes,Yes,Yes,Two year,Yes,Mailed check,61.85,435.21,No
C-439c40a6,Male,0,Yes,No,61,Yes,No,No,No internet service,No internet service,No internet service,No internet service,No internet service,No internet service,Two year,No,Credit card (automatic),19.25,1203.25,No
C-221a431f,Female,0,Yes,No,40,Yes,No,Fiber optic,Yes,No,Yes,No,No,No,Month-to-month,No,Mailed check,50.17,2016.27,Yes
C-c0786535,Female,0,Yes,Yes,1,Yes,No,Fiber optic,No,No,Yes,No,No,No,Month-to-month,Yes,Electronic check,48.56,79.11,Yes
C-bf2cde25,Male,0,No,Yes,58,No,No phone service,No,No internet service,No internet service,No internet service,No internet service,No internet service,No internet service,Month-to-month,Yes,Bank transfer (automatic),23.65,1352.9,No
C-f8577ecc,Female,0,No,Yes,49,Yes,Yes,DSL,No internet service,No internet service,No,Yes,No,Yes,Month-to-month,Yes,Bank transfer (automatic),38.82,1888.77,Yes
C-8b96089c,Male,1,No,No,30,Yes,Yes,Fiber optic,Yes,No,Yes,No,No,No,Month-to-month,Yes,Mailed check,55.42,1687.73,Yes
C-f73bfb5a,Male,0,No,No,71,Yes,No,DSL,No,No,No,No,No,No internet service,Month-to-month,No,Electronic check,26.76,1877.39,No
C-99b68756,Female,0,Yes,Yes,65,Yes,No,DSL,No,No internet service,Yes,Yes,No,Yes,Month-to-month,No,Electronic check,46.19,2965.13,No
C-927d2706,Male,0,Yes,No,20,Yes,Yes,Fiber optic,Yes,No,Yes,No internet service,No,No,Two year,No,Electronic check,54.07,1042.98,No
C-5bb9c812,Male,0,No,No,71,Yes,Yes,Fiber optic,No,Yes,No,No,No,No,Month-to-month,Yes,Electronic check,43.27,3076.5,Yes
C-4e1288cf,Male,0,No,No,5,Yes,No,Fiber optic,No,No internet service,No,Yes,Yes,No,Two year,No,Bank transfer (automatic),50.0,239.2,Yes
C-b0302535,Male,0,Yes,No,66,Yes,No,DSL,No,No,No internet service,Yes,No,Yes,Month-to-month,No,Electronic check,37.51,2514.76,No
C-1282f74e,Female,0,No,Yes,36,Yes,Yes,No,No internet service,No internet service,No internet service,No internet service,No internet service,No internet service,Month-to-month,Yes,Electronic check,18.0,672.88,No
C-c013223c,Male,0,No,No,36,Yes,No,DSL,Yes,No,No,No internet service,No,Yes,Month-to-month,Yes,Bank transfer (automatic),33.23,1238.09,Yes
C-3aaacd1e,Female,0,No,No,71,Yes,No phone service,Fiber optic,No,No internet service,No,No,No,Yes,Month-to-month,No,Electronic check,45.96,3289.74,Yes
C-301de707,Male,0,No,No,63,Yes,No,DSL,Yes,No internet service,No,No,No,Yes,Two year,No,Credit card (automatic),40.06,2514.8,No
C-34b08a50,Female,0,No,No,62,Yes,No,No,No internet service,No internet service,No internet service,No internet service,No internet service,No internet service,Month-to-month,Yes,Bank transfer (automatic),23.72,1463.28,No
C-5805b09d,Male,0,Yes,No,57,Yes,Yes,DSL,No,Yes,No internet service,No,No,No,Two year,No,Mailed check,29.78,1693.27,No
C-1aad2b36,Female,0,No,No,30,Yes,No,Fiber optic,Yes,No,No,No,Yes,No,One year,Yes,Electronic check,48.61,1456.94,No
C-a1ee1b8d,Male,0,No,No,67,Yes,No,Fiber optic,No,No internet service,Yes,No,No,Yes,Month-to-month,No,Bank transfer (automatic),50.59,3389.52,Yes
C-d242b293,Male,0,No,Yes,17,No,No phone service,No,No internet service,No internet service,No internet service,No internet service,No internet service,No internet service,Two year,No,Bank transfer (automatic),18.13,320.07,No
C-22f88bdc,Male,0,No,No,52,Yes,Yes,DSL,No,Yes,No,No,No,No,Month-to-month,No,Electronic check,27.42,1459.78,Yes
C-62222d0c,Female,0,Yes,No,12,No,No phone service,Fiber optic,No,Yes,No,Yes,Yes,No,Month-to-month,No,Mailed check,57.98,702.41,No
C-134da5eb,Female,0,No,No,34,Yes,Yes,Fiber optic,No,No,No,No,No,No,Month-to-month,Yes,Bank transfer (automatic),38.37,1312.64,Yes
C-a7fff828,Female,1,No,Yes,14,Yes,Yes,DSL,No,Yes,Yes,No internet service,Yes,No,One year,No,Bank transfer (automatic),39.48,557.6,No
C-88ef961a,Female,0,Yes,No,58,Yes,No phone service,No,No internet service,No internet service,No internet service,No internet service,No internet service,No internet service,One year,Yes,Bank transfer (automatic),22.51,1294.72,No
C-6f235460,Female,0,No,No,31,Yes,No,No,No internet service,No internet service,No internet service,No internet service,No internet service,No internet service,Month-to-month,Yes,Bank transfer (automatic),18.0,555.13,No
C-6b3e5b73,Female,0,No,No,61,Yes,No,Fiber optic,Yes,Yes,Yes,No,No,Yes,Month-to-month,Yes,Credit card (automatic),62.48,3801.0,No
C-a29e1b8c,Male,0,No,No,65,Yes,No,Fiber optic,No,No,Yes,No,Yes,No,Month-to-month,Yes,Electronic check,51.23,3314.8,Yes
C-681e002c,Female,0,Yes,No,39,Yes,No phone service,Fiber optic,No,No internet service,Yes,No,No,Yes,One year,Yes,Electronic check,51.22,2013.02,No
C-5bb4b942,Male,0,No,No,12,No,No phone service,Fiber optic,No,Yes,No internet service,Yes,No internet service,Yes,One year,Yes,Mailed check,57.43,705.21,No
C-e4c4bc60,Male,0,Yes,No,11,Yes,No,No,No internet service,No internet service,No internet service,No internet service,No internet service,No internet service,Month-to-month,Yes,Electronic check,19.57,217.72,Yes
C-3a8a5e32,Female,0,No,Yes,24,Yes,No,Fiber optic,Yes,Yes,Yes,No,No,Yes,Month-to-month,No,Bank transfer (automatic),57.75,1371.59,Yes
C-4b1b2503,Male,0,No,No,40,Yes,No,DSL,Yes,No,No,No internet service,No,No,One year,Yes,Electronic check,33.83,1351.82,No
C-56c2c939,Male,1,Yes,No,11,Yes,No phone service,DSL,No,Yes,Yes,No internet service,Yes,Yes,One year,Yes,Credit card (automatic),47.87,489.22,No
C-86e90206,Female,0,No,No,30,No,No phone service,DSL,No,No,No,No,No,Yes,Month-to-month,Yes,Electronic check,28.17,862.87,Yes
C-b02a1c87,Female,0,Yes,No,34,Yes,No,DSL,No,Yes,No,No,Yes,No,One year,Yes,Credit card (automatic),36.91,1267.49,No
C-d4b1c9cd,Male,0,No,No,67,Yes,Yes,No,No internet service,No internet service,No internet service,No internet service,No internet service,No internet service,Month-to-month,No,Bank transfer (automatic),20.91,1419.8,No
C-5d905afc,Female,0,No,No,24,Yes,No,DSL,No internet service,No,No internet service,No,Yes,No,Two year,Yes,Mailed check,29.84,695.08,No
C-ea00a19d,Male,0,Yes,No,35,Yes,Yes,Fiber optic,Yes,Yes,Yes,No,No,No,Two year,No,Mailed check,57.42,2024.33,No
C-24d816b0,Male,0,No,No,25,Yes,No,DSL,No,No,No internet service,No,Yes,Yes,Month-to-month,Yes,Bank transfer (automatic),29.14,689.67,No
C-ab8c945c,Male,0,Yes,No,70,Yes,Yes,Fiber optic,No,Yes,No,No,No internet service,Yes,Month-to-month,Yes,Bank transfer (automatic),49.82,3489.07,Yes
C-9e80466a,Male,1,No,No,32,Yes,Yes,No,No internet service,No internet service,No internet service,No internet service,No internet service,No internet service,Month-to-month,Yes,Electronic check,18.0,560.59,Yes
C-b52b2d9a,Female,0,No,No,56,Yes,No,Fiber optic,No,Yes,Yes,No,No,No,One year,Yes,Credit card (automatic),48.78,2734.97,No
C-537e7232,Female,0,No,No,30,No,No phone service,Fiber optic,No,No,No,Yes,No,No,Two year,No,Bank transfer (automatic),46.01,1372.67,No
C-f09b567c,Male,0,No,No,35,Yes,Yes,Fiber optic,Yes,No internet service,No,No,No,Yes,Month-to-month,Yes,Bank transfer (automatic),50.02,1760.67,No
C-5ab327aa,Male,0,Yes,Yes,2,Yes,Yes,DSL,Yes,No,Yes,Yes,No,Yes,Month-to-month,Yes,Bank transfer (automatic),50.19,97.71,Yes
C-a5b38731,Male,0,Yes,No,61,Yes,No,Fiber optic,No,No,No internet service,No,No internet service,No,Two year,Yes,Credit card (automatic),41.82,2531.26,No
C-e8bbaa4f,Male,0,Yes,Yes,19,Yes,Yes,DSL,No,No,No,No,No,Yes,Month-to-month,No,Credit card (automatic),32.58,609.33,No
C-cb755d8e,Male,0,Yes,No,37,Yes,No,Fiber optic,Yes,Yes,No,No,Yes,No,Month-to-month,Yes,Electronic check,53.88,2011.5,Yes
C-759cbb22,Female,0,No,No,72,Yes,Yes,Fiber optic,No,No,Yes,No,Yes,No,Two year,Yes,Credit card (automatic),52.98,3809.83,No
C-ad460450,Female,0,Yes,Yes,21,Yes,Yes,DSL,No,Yes,No,No internet service,No,Yes,One year,No,Electronic check,32.2,685.6,No
C-4dc4aee8,Female,0,Yes,Yes,58,No,No phone service,DSL,Yes,No,No internet service,No internet service,Yes,No internet service,Month-to-month,No,Bank transfer (automatic),37.19,2143.31,No
C-6ae1f8f3,Male,0,No,No,71,Yes,No phone service,DSL,Yes,Yes,No internet service,No,Yes,No,Month-to-month,Yes,Mailed check,34.07,2442.96,No
C-2a114964,Female,0,No,No,49,Yes,No,Fiber optic,No,No,Yes,No,Yes,No,Two year,Yes,Bank transfer (automatic),48.34,2377.52,No
C-fd254379,Female,0,Yes,No,12,Yes,No phone service,No,No internet service,No internet service,No internet service,No internet service,No internet service,No internet service,Month-to-month,Yes,Electronic check,21.26,254.12,No
C-8dcd2c84,Female,0,No,Yes,29,Yes,Yes,DSL,No internet service,No,No,No,No,No,One year,Yes,Electronic check,24.57,693.68,No
C-1b052d42,Male,0,Yes,No,1,Yes,No phone service,Fiber optic,No,Yes,No internet service,No,No,No,Two year,No,Electronic check,44.12,50.51,Yes
C-af95a16e,Female,0,Yes,Yes,48,Yes,No,No,No internet service,No internet service,No internet service,No internet service,No internet service,No internet service,Two year,No,Mailed check,21.21,990.52,Yes
C-55807207,Male,0,No,Yes,49,No,No phone service,DSL,Yes,No,No,No,No,No,Two year,Yes,Credit card (automatic),31.98,1578.33,No
C-c46ecd10,Male,0,Yes,No,49,Yes,No,DSL,No,No,Yes,Yes,Yes,Yes,Month-to-month,Yes,Electronic check,45.31,2247.32,No
C-31ac5714,Male,0,Yes,Yes,2,Yes,Yes,Fiber optic,Yes,No,No,No,No,No,Month-to-month,Yes,Credit card (automatic),48.87,82.44,No
C-a3a6a210,Male,0,No,No,29,Yes,No phone service,No,No internet service,No internet service,No internet service,No internet service,No internet service,No internet service,One year,Yes,Electronic check,22.92,677.86,Yes
C-f4b9431d,Male,0,No,No,49,Yes,Yes,No,No internet service,No internet service,No internet service,No internet service,No internet service,No internet service,Month-to-month,Yes,Bank transfer (automatic),19.57,923.59,No
C-4d7d1cdd,Female,0,No,No,29,Yes,Yes,No,No internet service,No internet service,No internet service,No internet service,No internet service,No internet service,Month-to-month,Yes,Bank transfer (automatic),22.4,644.35,No
C-2eb9f4d1,Female,0,No,Yes,9,No,No phone service,DSL,Yes,No,Yes,No,No internet service,No,Two year,Yes,Mailed check,37.99,356.9,No
C-25e1cbb8,Male,0,Yes,No,8,Yes,No,DSL,No,Yes,No,Yes,Yes,No,Month-to-month,Yes,Bank transfer (automatic),43.06,320.62,Yes
C-772fe7a6,Male,0,Yes,No,62,No,No phone service,DSL,Yes,Yes,No,No,No,No,Month-to-month,No,Credit card (automatic),37.86,2373.64,No
C-72003e89,Male,0,Yes,Yes,50,Yes,No phone service,Fiber optic,No,No,No,No,No,No,Two year,Yes,Mailed check,36.85,1826.86,No
C-e4a32aa1,Female,0,No,No,6,Yes,No phone service,No,No internet service,No internet service,No internet service,No internet service,No internet service,No internet service,Month-to-month,Yes,Electronic check,20.15,161.5,Yes
C-db23971a,Male,0,No,No,54,Yes,Yes,No,No internet service,No internet service,No internet service,No internet service,No internet service,No internet service,Month-to-month,No,Electronic check,20.67,1113.8,Yes
C-668b62c9,Male,1,Yes,No,46,Yes,No,DSL,No,No,Yes,Yes,No,No,Month-to-month,Yes,Mailed check,34.25,1580.14,No
C-040af987,Female,1,Yes,No,56,No,No phone service,Fiber optic,No,No,Yes,No,Yes,Yes,Month-to-month,No,Electronic check,58.88,3318.8,Yes
C-3757d529,Male,0,No,No,57,Yes,Yes,Fiber optic,No,No,No,No internet service,Yes,No,Two year,No,Bank transfer (automatic),45.04,2601.34,No
C-46fa4b76,Female,0,No,No,14,No,No phone service,No,No internet service,No internet service,No internet service,No internet service,No internet service,No internet service,Two year,Yes,Electronic check,18.0,258.75,No
C-00bf95a5,Male,0,No,No,53,Yes,No phone service,Fiber optic,No,Yes,No,No internet service,No,Yes,Month-to-month,Yes,Electronic check,54.8,2889.07,Yes
C-ce2971b1,Female,1,No,No,26,Yes,Yes,Fiber optic,No,Yes,No,No,Yes,No,Two year,Yes,Mailed check,48.28,1251.21,No
C-e0a1eff2,Female,0,No,Yes,8,Yes,No phone service,No,No internet service,No internet service,No internet service,No internet service,No internet service,No internet service,One year,Yes,Electronic check,18.0,152.12,No
C-d7e84d09,Male,1,Yes,No,44,Yes,Yes,No,No internet service,No internet service,No internet service,No internet service,No internet service,No internet service,Month-to-month,Yes,Mailed check,18.98,824.68,No
C-a4aef403,Male,0,No,No,40,Yes,No,No,No internet service,No internet service,No internet service,No internet service,No internet service,No internet service,Month-to-month,Yes,Bank transfer (automatic),20.29,868.58,No
C-a8043081,Female,0,No,Yes,8,Yes,Yes,DSL,No internet service,Yes,No internet service,No,No,Yes,Month-to-month,No,Bank transfer (automatic),33.55,296.21,Yes
C-73c2fca4,Male,0,Yes,No,59,Yes,No,Fiber optic,No,No,Yes,Yes,No,No,Two year,No,Bank transfer (automatic),49.78,2900.64,No
C-472ddd89,Male,0,Yes,No,36,Yes,No phone service,DSL,No,No internet service,No,Yes,Yes,No,Month-to-month,No,Bank transfer (automatic),36.56,1345.28,Yes
C-0fee4bda,Male,0,Yes,No,10,Yes,No,Fiber optic,No internet service,No,No,No,No,No,Month-to-month,Yes,Credit card (automatic),44.42,416.38,No
C-010dc95c,Male,0,No,Yes,29,Yes,Yes,Fiber optic,No internet service,Yes,No,No,No,No,Two year,Yes,Mailed check,39.91,1153.18,No
C-8894d078,Male,0,No,Yes,18,Yes,Yes,Fiber optic,No,No,No,No,Yes,Yes,Month-to-month,Yes,Electronic check,55.52,999.86,Yes
C-2c4ce746,Male,1,No,Yes,65,Yes,Yes,DSL,No internet service,No,Yes,No,No,No,Month-to-month,Yes,Bank transfer (automatic),27.3,1778.97,Yes
C-15eb394d,Female,0,No,Yes,35,Yes,No,DSL,No,Yes,Yes,No,No,No,One year,No,Credit card (automatic),41.86,1465.14,No
C-33f137ef,Female,0,No,No,50,Yes,Yes,Fiber optic,No internet service,No,Yes,No,No,No,One year,Yes,Electronic check,48.29,2399.64,No
C-969e904c,Female,0,No,No,36,Yes,No,DSL,No,No,No,Yes,No,No,Month-to-month,Yes,Mailed check,30.65,1099.71,No
C-0a4364c7,Female,0,Yes,Yes,46,Yes,Yes,No,No internet service,No internet service,No internet service,No internet service,No internet service,No internet service,Month-to-month,No,Bank transfer (automatic),18.49,818.74,No
C-9b37c8d0,Male,0,Yes,No,19,Yes,Yes,No,No internet service,No internet service,No internet service,No internet service,No internet service,No internet service,One year,Yes,Credit card (automatic),18.0,346.57,No
C-5bf938e3,Male,0,Yes,No,15,Yes,Yes,Fiber optic,Yes,No,No,No internet service,No,No,Two year,Yes,Electronic check,48.35,725.25,No
C-ddc1c0f8,Female,1,No,No,31,Yes,Yes,Fiber optic,No,Yes,Yes,No,No,No,Two year,Yes,Mailed check,49.37,1515.27,Yes
C-09a2d1c0,Female,0,Yes,No,17,Yes,Yes,Fiber optic,No internet service,No,No internet service,Yes,Yes,No,Month-to-month,No,Bank transfer (automatic),51.42,882.36,No
C-2a0ebabf,Male,0,No,Yes,16,Yes,Yes,Fiber optic,No,No,Yes,Yes,Yes,No,One year,Yes,Electronic check,51.41,809.66,No
C-cb87d6c7,Female,1,No,No,54,Yes,No,Fiber optic,No,Yes,No internet service,No,No,Yes,Two year,Yes,Mailed check,50.34,2733.6,No
C-a8e8940d,Female,0,No,No,29,Yes,No,Fiber optic,No,No,Yes,No,No,Yes,Month-to-month,Yes,Electronic check,50.04,1446.91,Yes
C-40671065,Male,0,Yes,Yes,17,Yes,No,DSL,No,No internet service,Yes,No,No,No internet service,Month-to-month,Yes,Electronic check,25.4,457.32,No
C-1d5161c7,Male,0,Yes,No,26,No,No phone service,DSL,Yes,Yes,No,Yes,No,Yes,One year,Yes,Electronic check,44.96,1160.49,No
C-282fe6a1,Male,0,Yes,No,13,Yes,No,Fiber optic,Yes,No,No internet service,No,No internet service,No,Month-to-month,Yes,Bank transfer (automatic),44.43,574.3,Yes
C-327be2bd,Female,0,Yes,No,54,Yes,No phone service,DSL,No,Yes,Yes,Yes,No internet service,Yes,Two year,Yes,Electronic check,47.34,2575.23,No
C-54eb487a,Female,0,Yes,No,53,Yes,Yes,Fiber optic,No internet service,Yes,No,Yes,No,No,One year,No,Bank transfer (automatic),47.21,2494.95,No
C-6af1aa8d,Male,1,Yes,No,57,Yes,Yes,DSL,No,No,No,No,No,Yes,Month-to-month,No,Mailed check,27.89,1619.45,No
C-366dd8ce,Male,1,Yes,No,17,Yes,No phone service,DSL,No,No internet service,No internet service,No,No,No,One year,No,Mailed check,23.09,401.25,No
C-3020c893,Male,0,Yes,No,16,Yes,Yes,Fiber optic,Yes,Yes,Yes,No,No,No,Two year,No,Electronic check,56.06,867.48,No
C-d698071f,Male,0,No,No,49,Yes,No phone service,DSL,Yes,No,Yes,Yes,Yes,No internet service,Month-to-month,Yes,Bank transfer (automatic),45.08,2205.93,No
C-87f5d8f2,Male,1,No,No,40,Yes,No,DSL,No,No,No,No,No,Yes,Month-to-month,No,Mailed check,30.95,1240.43,No
C-80b84a68,Male,1,No,No,9,Yes,No,No,No internet service,No internet service,No internet service,No internet service,No internet service,No internet service,Two year,No,Mailed check,19.1,153.1,No
C-ee929f0b,Male,0,No,No,39,Yes,No,DSL,No,No,Yes,No,Yes,No,Month-to-month,Yes,Bank transfer (automatic),39.01,1538.22,No
C-74e2f612,Female,0,No,No,2,Yes,No,No,No internet service,No internet service,No internet service,No internet service,No internet service,No internet service,Month-to-month,No,Electronic check,18.5,59.71,Yes
C-cb3be861,Female,0,Yes,Yes,2,Yes,No,DSL,No,No,No,No,No internet service,Yes,Month-to-month,Yes,Electronic check,32.13,93.47,Yes
C-35386691,Male,0,No,No,70,Yes,Yes,No,No internet service,No internet service,No internet service,No internet service,No internet service,No internet service,Month-to-month,Yes,Credit card (automatic),22.61,1584.52,No
C-c88a8777,Female,1,No,Yes,49,Yes,No phone service,Fiber optic,Yes,No internet service,Yes,No internet service,No,Yes,Month-to-month,Yes,Bank transfer (automatic),57.25,2781.96,Yes
C-6e521941,Male,0,No,Yes,43,Yes,No phone service,DSL,Yes,No,No,No,No,No,Month-to-month,Yes,Electronic check,29.99,1288.56,No
C-5f2d71d9,Male,0,Yes,Yes,70,Yes,No phone service,No,No internet service,No internet service,No internet service,No internet service,No internet service,No internet service,One year,No,Electronic check,21.73,1526.88,No
C-3dcb6004,Male,0,Yes,Yes,65,Yes,Yes,No,No internet service,No internet service,No internet service,No internet service,No internet service,No internet service,Two year,Yes,Mailed check,22.56,1495.98,No
C-414083c4,Female,0,Yes,Yes,44,Yes,No,No,No internet service,No internet service,No internet service,No internet service,No internet service,No internet service,Two year,Yes,Bank transfer (automatic),20.82,915.59,No
C-e94b75de,Male,1,Yes,Yes,26,Yes,Yes,Fiber optic,No internet service,No internet service,Yes,No,No internet service,Yes,Two year,No,Electronic check,54.66,1418.49,No
C-c79fd56d,Female,0,Yes,Yes,14,Yes,Yes,No,No internet service,No internet service,No internet service,No internet service,No internet service,No internet service,One year,No,Electronic check,22.26,303.75,No
C-498f1d31,Female,0,No,No,46,Yes,Yes,DSL,No,Yes,No,Yes,No,Yes,Month-to-month,Yes,Electronic check,44.6,2043.38,No
C-7483261f,Male,0,Yes,No,26,Yes,No phone service,Fiber optic,Yes,Yes,Yes,Yes,Yes,No,Two year,No,Mailed check,62.77,1633.25,No
C-0ad3dedd,Female,0,No,No,20,Yes,Yes,No,No internet service,No internet service,No internet service,No internet service,No internet service,No internet service,Month-to-month,No,Mailed check,18.0,373.52,No
C-26fef708,Male,0,No,Yes,20,Yes,No,No,No internet service,No internet service,No internet service,No internet service,No internet service,No internet service,Month-to-month,No,Bank transfer (automatic),23.65,472.24,Yes
C-e0382d1a,Female,1,No,No,32,Yes,No,Fiber optic,No,Yes,No,No,Yes,No,Month-to-month,Yes,Mailed check,50.04,1617.16,Yes
C-aa129e7f,Male,0,Yes,No,34,Yes,No,Fiber optic,No internet service,No,Yes,No,Yes,No,Month-to-month,Yes,Bank transfer (automatic),45.41,1544.78,Yes
C-81465227,Female,0,Yes,No,5,Yes,Yes,Fiber optic,Yes,No internet service,No,No,No,Yes,Month-to-month,No,Electronic check,53.24,254.56,Yes
C-320dffe2,Female,0,Yes,No,6,Yes,Yes,No,No internet service,No internet service,No internet service,No internet service,No internet service,No internet service,One year,Yes,Mailed check,21.17,152.44,No
C-c8c4d183,Male,0,No,No,54,Yes,Yes,DSL,No,No,No internet service,No,Yes,No,Two year,Yes,Electronic check,28.57,1542.04,No
C-3b154aee,Female,0,Yes,No,4,Yes,Yes,Fiber optic,No,No,No,No,Yes,Yes,Month-to-month,Yes,Mailed check,53.94,214.71,Yes
C-6c525031,Female,1,Yes,No,5,Yes,No phone service,Fiber optic,No,Yes,Yes,No,No,Yes,Two year,Yes,Bank transfer (automatic),57.41,285.4,Yes
C-c5450cfd,Female,1,No,No,69,Yes,No,No,No internet service,No internet service,No internet service,No internet service,No internet service,No internet service,Month-to-month,No,Mailed check,22.88,1577.42,Yes
C-4e7b6c48,Male,0,Yes,No,16,Yes,No phone service,Fiber optic,No,No,Yes,No,No,No,Month-to-month,Yes,Bank transfer (automatic),51.47,795.22,No
C-fa7f7fb0,Male,0,No,No,48,Yes,Yes,Fiber optic,Yes,No,No,No internet service,No,No,Month-to-month,Yes,Electronic check,45.22,2156.95,Yes
C-a3f8c656,Male,0,No,Yes,30,Yes,No,Fiber optic,No internet service,No,Yes,No,No,No,Month-to-month,No,Electronic check,45.98,1372.72,Yes
C-eab150ac,Male,0,No,No,0,Yes,No,DSL,No,Yes,No internet service,No internet service,Yes,No internet service,Two year,No,Credit card (automatic),33.33,37.77,No
C-24965066,Male,0,Yes,Yes,63,Yes,Yes,No,No internet service,No internet service,No internet service,No internet service,No internet service,No internet service,Two year,Yes,Mailed check,18.92,1199.18,No
C-8a5e8e02,Female,0,No,No,70,No,No phone service,Fiber optic,No,No internet service,Yes,Yes,No,No,Month-to-month,Yes,Bank transfer (automatic),52.04,3661.41,Yes
C-cdb7f1ac,Female,1,Yes,Yes,56,Yes,Yes,DSL,No internet service,No,Yes,No,No internet service,No,Month-to-month,No,Bank transfer (automatic),29.01,1615.44,Yes
C-15b6f2cc,Male,0,No,No,68,Yes,No,Fiber optic,No,Yes,No,No,No internet service,No,Two year,Yes,Bank transfer (automatic),49.23,3362.25,No
C-f2ac08d8,Female,0,No,No,64,No,No phone service,DSL,No,No,No,Yes,No,No,Month-to-month,Yes,Mailed check,28.86,1849.41,No
C-da46c7f5,Male,0,No,No,66,Yes,Yes,DSL,Yes,No,Yes,No,No,No,One year,No,Mailed check,38.4,2492.73,No
C-f2f931e8,Male,1,Yes,No,26,Yes,Yes,DSL,No,No,Yes,Yes,No,No internet service,Month-to-month,No,Bank transfer (automatic),34.79,879.11,No
C-f31005e3,Female,0,No,Yes,18,Yes,No,DSL,No,Yes,No,Yes,No internet service,No,Month-to-month,Yes,Credit card (automatic),33.92,560.83,No
C-b19fc288,Male,0,Yes,No,69,Yes,Yes,Fiber optic,No,No,No,No,No,Yes,Month-to-month,Yes,Bank transfer (automatic),47.57,3290.1,Yes
C-da7b8112,Female,0,No,No,47,Yes,No phone service,No,No internet service,No internet service,No internet service,No internet service,No internet service,No internet service,Month-to-month,No,Mailed check,18.0,849.04,No
C-5b1d1640,Female,1,Yes,No,25,Yes,No phone service,No,No internet service,No internet service,No internet service,No internet service,No internet service,No internet service,Two year,Yes,Electronic check,20.67,509.59,No
C-a974386d,Female,1,Yes,No,56,Yes,Yes,Fiber optic,Yes,Yes,Yes,No,Yes,No,Month-to-month,No,Mailed check,63.35,3518.64,No
C-d97718ea,Male,1,No,No,28,Yes,No,Fiber optic,No,Yes,No,No,Yes,No,Month-to-month,Yes,Mailed check,47.92,1357.04,Yes
C-bc9c73b4,Male,0,No,Yes,62,Yes,No,DSL,Yes,No,No internet service,No,Yes,Yes,Two year,Yes,Electronic check,41.38,2517.45,No
C-530dce4e,Male,0,Yes,Yes,64,Yes,Yes,Fiber optic,No,Yes,No,Yes,No,Yes,Two year,No,Mailed check,60.04,3801.15,No
C-e25d5096,Male,0,No,No,72,Yes,Yes,Fiber optic,No,Yes,No,No internet service,Yes,No,One year,Yes,Credit card (automatic),57.21,4083.08,No
C-6a5426dd,Female,0,No,No,72,Yes,No,Fiber optic,No,No,No,No,No,Yes,Two year,No,Electronic check,47.12,3421.1,No
C-81fd30ae,Male,0,No,No,65,Yes,No phone service,No,No internet service,No internet service,No internet service,No internet service,No internet service,No internet service,Month-to-month,No,Bank transfer (automatic),24.06,1577.89,No
C-6bf4c308,Male,0,Yes,Yes,33,Yes,No,DSL,No,Yes,No internet service,Yes,Yes,No internet service,Month-to-month,Yes,Mailed check,39.18,1290.18,Yes
C-ffe6982c,Female,0,Yes,No,29,No,No phone service,DSL,Yes,No,Yes,Yes,Yes,Yes,Two year,Yes,Electronic check,55.68,1590.64,No
C-445b3860,Female,0,No,No,13,Yes,No phone service,DSL,No internet service,No internet service,No,Yes,Yes,Yes,Two year,No,Mailed check,44.35,592.76,No
C-8143666e,Female,0,Yes,Yes,13,Yes,No phone service,Fiber optic,Yes,No,No,No,Yes,Yes,Two year,Yes,Bank transfer (automatic),53.37,723.43,No
C-b68860ed,Female,1,No,No,70,Yes,Yes,No,No internet service,No internet service,No internet service,No internet service,No internet service,No internet service,Month-to-month,No,Credit card (automatic),20.81,1471.51,Yes
C-05788441,Female,0,Yes,No,32,No,No phone service,Fiber optic,No,No,No,Yes,No,No internet service,Two year,Yes,Credit card (automatic),45.87,1489.92,No
C-92391a48,Female,0,No,No,69,Yes,No phone service,DSL,No,Yes,Yes,No,No,Yes,One year,Yes,Bank transfer (automatic),39.29,2724.64,Yes
C-3d210e46,Female,0,No,No,37,Yes,Yes,Fiber optic,No,No,No,Yes,Yes,Yes,Month-to-month,Yes,Credit card (automatic),62.51,2289.49,No
C-b783b8c8,Female,0,No,No,23,Yes,No,DSL,No,No,Yes,No,No,No,Month-to-month,Yes,Electronic check,32.97,729.64,No
C-18c82edc,Male,0,No,No,12,Yes,No,No,No internet service,No internet service,No internet service,No internet service,No internet service,No internet service,Two year,Yes,Electronic check,22.83,293.87,No
C-d0dd57c2,Female,0,Yes,Yes,63,Yes,No phone service,Fiber optic,No,No,No,No internet service,Yes,No,Month-to-month,Yes,Bank transfer (automatic),42.48,2686.59,No
C-55d6ca6e,Female,0,No,Yes,17,Yes,No,Fiber optic,No,No internet service,Yes,Yes,No internet service,Yes,Month-to-month,Yes,Electronic check,54.51,880.64,Yes
C-682edb3d,Female,0,No,Yes,44,Yes,Yes,Fiber optic,No,No,No,No,No internet service,No,Month-to-month,Yes,Electronic check,44.3,1967.04,Yes
C-e25c09ae,Female,0,No,Yes,25,Yes,No,Fiber optic,No,No internet service,No,No,No,No internet service,Month-to-month,No,Electronic check,43.24,1065.83,Yes
C-6a059a65,Female,0,No,No,54,Yes,Yes,No,No internet service,No internet service,No internet service,No internet service,No internet service,No internet service,Month-to-month,Yes,Electronic check,23.99,1277.38,No
C-8ccd4f08,Female,0,Yes,No,63,Yes,No,DSL,No,Yes,Yes,No,Yes,Yes,One year,Yes,Credit card (automatic),43.89,2767.87,No
C-1a214496,Male,0,Yes,No,10,Yes,Yes,DSL,No internet service,Yes,No,No,No,No internet service,Two year,Yes,Electronic check,29.01,296.45,No
C-59e4eba7,Male,0,No,No,37,Yes,Yes,Fiber optic,No internet service,No,No,No,No internet service,Yes,Month-to-month,Yes,Credit card (automatic),42.96,1588.02,Yes
C-6d0dcb67,Male,0,No,No,25,Yes,No phone service,Fiber optic,Yes,No,Yes,No,Yes,No,Month-to-month,No,Bank transfer (automatic),51.74,1321.11,No
C-dbc3771a,Male,1,No,No,25,Yes,No,DSL,No,No internet service,No,No,No,No,Month-to-month,No,Electronic check,27.23,665.44,No
C-04f44b1f,Female,0,No,No,29,Yes,No,DSL,Yes,No,Yes,No,No,No,Two year,Yes,Electronic check,28.8,841.54,No
C-242fd0a9,Male,0,Yes,No,27,Yes,Yes,Fiber optic,No,Yes,Yes,Yes,Yes,Yes,Month-to-month,Yes,Credit card (automatic),71.3,1897.94,Yes
C-54db7948,Male,0,Yes,No,46,Yes,No,Fiber optic,Yes,Yes,Yes,No,No,Yes,Month-to-month,No,Electronic check,70.62,3234.9,Yes
C-f3021894,Female,0,No,No,34,Yes,No,DSL,No internet service,Yes,Yes,No,Yes,No,Month-to-month,Yes,Credit card (automatic),36.0,1221.05,Yes
C-fe6102b2,Female,0,Yes,No,40,Yes,Yes,DSL,No,No,No,No,Yes,Yes,Month-to-month,No,Mailed check,39.56,1559.57,Yes
C-4fa6cc90,Male,0,No,Yes,19,Yes,Yes,No,No internet service,No internet service,No internet service,No internet service,No internet service,No internet service,One year,No,Bank transfer (automatic),25.21,466.69,No
C-d3db7bad,Female,1,Yes,No,19,No,No phone service,DSL,No,No,No,No,No,Yes,Month-to-month,Yes,Electronic check,31.11,582.52,No
C-c20a8690,Male,0,Yes,No,61,Yes,No phone service,Fiber optic,Yes,No internet service,Yes,No,Yes,No,Month-to-month,Yes,Bank transfer (automatic),58.29,3541.35,Yes
C-a7530954,Male,0,Yes,No,49,Yes,No,DSL,Yes,No,No,No,No,No,Two year,No,Credit card (automatic),32.04,1597.66,No
C-33f0a275,Female,0,No,No,32,Yes,No phone service,Fiber optic,Yes,Yes,No,No,Yes,No internet service,Two year,Yes,Electronic check,58.11,1860.18,No
C-fd74a022,Male,1,No,Yes,5,Yes,No,Fiber optic,Yes,Yes,Yes,Yes,Yes,Yes,Two year,No,Electronic check,68.8,353.6,No
C-b7a2c975,Female,0,No,Yes,60,Yes,Yes,Fiber optic,No internet service,No,No,No,No,Yes,Two year,Yes,Electronic check,49.76,2962.61,No
C-0a830fc5,Male,0,No,No,31,Yes,No,DSL,Yes,No internet service,No,No,No,Yes,Month-to-month,No,Electronic check,35.24,1096.91,No
C-38716cf2,Male,0,Yes,No,64,Yes,No,DSL,No,No,No,No,No,No,Two year,Yes,Mailed check,33.24,2126.56,No
C-614d271f,Male,1,Yes,No,27,Yes,Yes,Fiber optic,Yes,Yes,Yes,No internet service,Yes,No,Month-to-month,Yes,Bank transfer (automatic),60.42,1630.64,Yes
C-44bc1157,Female,0,Yes,No,27,Yes,No,Fiber optic,Yes,Yes,Yes,No,No,No,Month-to-month,No,Bank transfer (automatic),58.7,1570.73,Yes
C-711e4bfb,Male,1,No,No,48,Yes,No,No,No internet service,No internet service,No internet service,No internet service,No internet service,No internet service,Month-to-month,Yes,Credit card (automatic),23.32,1143.27,No
C-468f74b1,Male,0,No,No,64,Yes,No,Fiber optic,No,No internet service,No,No,No,No,Month-to-month,Yes,Credit card (automatic),44.97,2867.59,Yes
C-eae96dd6,Male,0,No,Yes,32,Yes,Yes,DSL,No,Yes,No,No,No internet service,No,One year,Yes,Electronic check,28.19,888.62,No
C-48988dbf,Male,0,Yes,No,34,Yes,No,No,No internet service,No internet service,No internet service,No internet service,No internet service,No internet service,Two year,Yes,Electronic check,18.36,612.38,No
C-41fff816,Male,0,Yes,No,53,Yes,Yes,DSL,Yes,Yes,No,No,No,Yes,Month-to-month,Yes,Bank transfer (automatic),41.66,2226.36,Yes
C-fa089c8b,Male,0,Yes,No,11,Yes,No phone service,Fiber optic,No,No,No internet service,No,Yes,No,Month-to-month,Yes,Credit card (automatic),42.71,459.46,Yes
C-1d83c79b,Female,0,No,No,66,Yes,No,DSL,Yes,Yes,No,No,No,No,Two year,No,Bank transfer (automatic),34.97,2250.4,No
C-38e0e480,Male,0,No,No,40,Yes,No,No,No internet service,No internet service,No internet service,No internet service,No internet service,No internet service,Month-to-month,Yes,Electronic check,19.61,792.92,No
C-d543ffb6,Female,0,No,No,0,Yes,Yes,Fiber optic,No,No,No,Yes,No internet service,No,Month-to-month,Yes,Electronic check,50.77,3.9,Yes
C-d61f0f19,Female,0,No,No,61,Yes,Yes,No,No internet service,No internet service,No internet service,No internet service,No internet service,No internet service,Two year,No,Electronic check,19.36,1152.01,No
C-4f49d405,Male,0,No,No,15,Yes,No phone service,Fiber optic,No,Yes,Yes,No,No,No,Month-to-month,Yes,Credit card (automatic),51.61,763.19,No
C-565a7a7e,Male,0,No,No,44,Yes,No,Fiber optic,No,Yes,Yes,No,Yes,Yes,Month-to-month,Yes,Mailed check,63.81,2844.83,No
C-22897e5f,Female,0,No,No,69,Yes,Yes,DSL,Yes,No,Yes,No,No,Yes,One year,Yes,Electronic check,43.51,2989.38,No
C-7e666820,Male,0,Yes,No,5,Yes,No,Fiber optic,No,No,Yes,No,No,Yes,Month-to-month,Yes,Electronic check,50.68,259.06,Yes
C-4c1f14b4,Female,0,Yes,Yes,12,Yes,No phone service,Fiber optic,Yes,No,No,No,Yes,No,One year,Yes,Electronic check,53.93,604.23,No
C-5a2016d3,Female,1,Yes,No,56,Yes,Yes,Fiber optic,No,No,Yes,No,Yes,No,Month-to-month,Yes,Credit card (automatic),55.23,3090.77,No
C-ec4f21f0,Male,0,No,Yes,38,Yes,No phone service,Fiber optic,Yes,No,No,Yes,No,No,One year,No,Mailed check,52.7,2013.68,No
C-735512f7,Female,0,Yes,No,6,Yes,No,DSL,No,No,No,No,No,Yes,Month-to-month,No,Mailed check,37.81,229.35,No
C-77a71dee,Male,0,No,Yes,13,Yes,Yes,DSL,No,No,Yes,Yes,No,No internet service,Two year,Yes,Mailed check,35.86,467.76,No
C-633600a2,Female,0,Yes,No,68,No,No phone service,DSL,No,No,Yes,Yes,No internet service,Yes,Two year,Yes,Electronic check,47.29,3231.01,No
C-1e2f768c,Male,1,No,No,4,Yes,Yes,Fiber optic,No,No,Yes,Yes,No,No,Two year,Yes,Mailed check,50.43,188.22,No
C-ef1144da,Female,0,Yes,No,72,Yes,No,Fiber optic,No internet service,No,No,No,Yes,No,Two year,No,Bank transfer (automatic),50.85,3667.75,No
C-2a08a967,Male,0,Yes,Yes,37,Yes,No,DSL,Yes,No,Yes,No,No,No,Month-to-month,No,Bank transfer (automatic),39.67,1438.84,No
C-bc348168,Male,0,No,No,3,Yes,No phone service,Fiber optic,Yes,Yes,No,No,Yes,No,Month-to-month,Yes,Bank transfer (automatic),60.49,149.08,Yes
C-9e52ea65,Male,0,No,No,17,Yes,Yes,Fiber optic,Yes,Yes,No internet service,No internet service,No,No,Two year,No,Electronic check,54.15,916.04,No
C-c1102dce,Male,0,No,No,31,Yes,No,Fiber optic,No,No internet service,Yes,No internet service,Yes,No,Month-to-month,No,Electronic check,54.09,1664.1,Yes
C-a2e87870,Female,0,No,No,64,Yes,No,No,No internet service,No internet service,No internet service,No internet service,No internet service,No internet service,Month-to-month,No,Mailed check,22.13,1413.73,No
C-7ea11ddb,Female,0,No,No,23,Yes,Yes,No,No internet service,No internet service,No internet service,No internet service,No internet service,No internet service,Month-to-month,Yes,Electronic check,18.0,433.68,No
C-12837b79,Male,0,Yes,No,45,Yes,No,Fiber optic,No,No,Yes,No internet service,No,No,One year,No,Mailed check,48.95,2178.86,Yes
C-4af66706,Male,0,No,No,37,Yes,No,DSL,No,Yes,Yes,No,Yes,Yes,Month-to-month,No,Mailed check,47.54,1727.2,Yes
C-b0cb4b4b,Male,0,No,No,50,Yes,Yes,DSL,Yes,Yes,No,No internet service,No,Yes,Month-to-month,No,Mailed check,43.26,2155.4,No
C-91706317,Male,0,Yes,No,1,Yes,Yes,DSL,No,Yes,No,No,Yes,Yes,Two year,Yes,Bank transfer (automatic),42.94,30.73,No
C-d388cc94,Male,0,No,No,54,Yes,No,Fiber optic,Yes,No,No,No internet service,Yes,No internet service,Two year,No,Bank transfer (automatic),51.84,2804.32,No
C-490a9abd,Female,0,No,No,50,Yes,Yes,DSL,Yes,No,No,No,No,No,One year,No,Mailed check,35.19,1730.01,No
C-552460bb,Male,0,No,No,70,No,No phone service,Fiber optic,Yes,No,Yes,Yes,Yes,Yes,Two year,No,Mailed check,66.4,4629.16,No
C-96904ec3,Male,0,No,No,51,Yes,Yes,DSL,Yes,No,No,No internet service,No internet service,Yes,Month-to-month,Yes,Mailed check,36.52,1865.74,No
C-76c00f18,Female,0,Yes,No,21,Yes,No,DSL,Yes,No,Yes,No,No,Yes,Month-to-month,Yes,Bank transfer (automatic),40.02,863.31,Yes
C-4391785b,Male,0,No,Yes,70,Yes,No,No,No internet service,No internet service,No internet service,No internet service,No internet service,No internet service,Month-to-month,Yes,Bank transfer (automatic),19.65,1337.22,No
C-8ca05953,Female,0,No,Yes,21,Yes,No,Fiber optic,Yes,No,Yes,No,Yes,No,Month-to-month,No,Credit card (automatic),59.28,1245.91,Yes
C-6252f058,Male,0,No,Yes,49,Yes,Yes,No,No internet service,No internet service,No internet service,No internet service,No internet service,No internet service,One year,No,Electronic check,19.82,948.89,No
C-0cb0035f,Male,0,No,Yes,39,No,No phone service,DSL,No internet service,Yes,Yes,No,Yes,No,Month-to-month,Yes,Bank transfer (automatic),41.35,1599.96,No
C-e8563fb2,Male,0,No,Yes,12,Yes,No phone service,Fiber optic,No,No,No,Yes,No,No internet service,One year,No,Electronic check,40.12,502.41,No
C-0a1cd671,Female,0,No,Yes,51,Yes,No,DSL,No internet service,Yes,No,Yes,No,No,Two year,Yes,Credit card (automatic),34.93,1801.37,No
C-15bd87a3,Female,0,Yes,No,22,Yes,No phone service,DSL,No,No,Yes,No,No,No,Month-to-month,Yes,Mailed check,26.06,578.28,Yes
C-f39f8258,Male,0,Yes,No,42,Yes,No,Fiber optic,No,No,Yes,No internet service,Yes,No,Two year,Yes,Bank transfer (automatic),48.64,2015.95,No
C-eae087c8,Male,0,No,Yes,1,Yes,No,Fiber optic,No,Yes,No internet service,No internet service,Yes,Yes,Month-to-month,Yes,Credit card (automatic),56.43,63.47,Yes
C-3b984596,Male,1,Yes,No,70,Yes,No phone service,No,No internet service,No internet service,No internet service,No internet service,No internet service,No internet service,Month-to-month,No,Electronic check,18.27,1265.29,No
C-52a9913d,Female,0,No,No,21,Yes,No,Fiber optic,No,Yes,Yes,No,Yes,No,Month-to-month,No,Bank transfer (automatic),57.08,1237.34,Yes
C-4092eed7,Female,0,No,No,54,Yes,No,Fiber optic,Yes,No,Yes,No,No,Yes,One year,No,Bank transfer (automatic),54.37,2943.31,Yes
C-fc1bafa3,Female,0,No,Yes,27,Yes,No phone service,DSL,No,No,No,Yes,No,No,One year,Yes,Bank transfer (automatic),32.48,882.77,No
C-5da8aa5b,Female,1,No,No,44,Yes,No,Fiber optic,No,No,No,No,Yes,No,Month-to-month,No,Mailed check,48.37,2153.17,Yes
C-c166596b,Male,0,Yes,No,43,No,No phone service,Fiber optic,Yes,No,No,No,No,No internet service,Month-to-month,Yes,Electronic check,40.69,1743.81,Yes
C-ead99389,Male,0,Yes,Yes,12,Yes,No,No,No internet service,No internet service,No internet service,No internet service,No internet service,No internet service,Month-to-month,Yes,Mailed check,21.52,283.66,No
C-9bcef769,Female,0,No,Yes,30,Yes,No,DSL,No,No,No,No,No,No,One year,Yes,Mailed check,30.06,926.74,No
C-32051d51,Male,0,Yes,No,30,Yes,Yes,DSL,No,Yes,Yes,No,Yes,No,Month-to-month,Yes,Mailed check,39.15,1194.7,No
C-9cfa91ec,Female,0,Yes,Yes,32,Yes,No,Fiber optic,No,No,No,Yes,No,No,Month-to-month,Yes,Mailed check,43.36,1388.18,No
C-56e940ef,Male,0,No,No,24,Yes,No,Fiber optic,No,No,No,Yes,No,No,Month-to-month,Yes,Electronic check,47.07,1130.64,Yes
C-a41d4331,Male,0,Yes,No,27,Yes,No phone service,Fiber optic,No,Yes,No,Yes,No,Yes,One year,No,Credit card (automatic),50.85,1329.26,No
C-d74371de,Male,0,Yes,Yes,67,Yes,No,Fiber optic,No,No internet service,No internet service,No,Yes,No,Month-to-month,Yes,Electronic check,44.59,2999.76,No
C-3c07827a,Female,0,No,No,34,No,No phone service,Fiber optic,No,No,No,No,No,No,Month-to-month,No,Electronic check,36.74,1236.95,Yes
C-554ce442,Male,0,No,No,22,Yes,Yes,No,No internet service,No internet service,No internet service,No internet service,No internet service,No internet service,Month-to-month,No,Credit card (automatic),25.45,569.43,No
C-beb18add,Female,1,Yes,No,18,Yes,No,Fiber optic,No,Yes,No,Yes,Yes,Yes,Month-to-month,No,Bank transfer (automatic),61.09,1129.42,Yes
C-5ea922f8,Male,0,No,No,36,Yes,Yes,Fiber optic,No,Yes,No,No,No,Yes,One year,Yes,Electronic check,49.74,1774.38,No
C-8f381ffa,Male,0,No,No,53,Yes,Yes,No,No internet service,No internet service,No internet service,No internet service,No internet service,No internet service,Month-to-month,No,Credit card (automatic),18.0,989.09,No
C-613ef43e,Female,1,No,No,53,Yes,No phone service,DSL,No,No,Yes,No,No,No,Month-to-month,No,Credit card (automatic),30.92,1652.82,No
C-1fadbcf4,Female,1,No,No,11,Yes,Yes,DSL,No,Yes,Yes,No,No,Yes,Month-to-month,Yes,Mailed check,44.08,515.68,No
C-38af6894,Male,0,No,No,3,Yes,No,Fiber optic,No,Yes,No,No,No,No,Month-to-month,Yes,Bank transfer (automatic),42.0,137.24,Yes
C-d3ef0fa7,Female,0,No,Yes,21,No,No phone service,Fiber optic,No,Yes,No,No,Yes,No,Two year,Yes,Bank transfer (automatic),52.21,1092.61,No
C-dff6b802,Male,0,Yes,No,29,Yes,No phone service,Fiber optic,No,Yes,Yes,No,Yes,No,Two year,No,Mailed check,57.8,1673.95,No
C-6bca7f21,Male,0,Yes,Yes,51,Yes,No phone service,Fiber optic,Yes,Yes,Yes,No internet service,No,Yes,Month-to-month,Yes,Mailed check,66.27,3354.88,No
C-972124ab,Male,0,No,No,44,Yes,No,No,No internet service,No internet service,No internet service,No internet service,No internet service,No internet service,One year,No,Electronic check,23.93,1047.34,No
C-cc02573f,Male,0,No,No,71,No,No phone service,No,No internet service,No internet service,No internet service,No internet service,No internet service,No internet service,Month-to-month,No,Electronic check,21.21,1526.55,No
C-0b45a989,Female,0,Yes,Yes,29,Yes,No phone service,Fiber optic,No,Yes,Yes,No,No internet service,No,One year,No,Electronic check,51.82,1505.83,No
C-1a8d794b,Male,0,No,Yes,63,Yes,No,Fiber optic,No,Yes,No,Yes,No internet service,No,Month-to-month,No,Electronic check,50.95,3189.36,No
C-c130edaf,Male,0,Yes,Yes,46,Yes,Yes,DSL,Yes,No,No,No,Yes,Yes,Month-to-month,Yes,Electronic check,46.96,2180.95,No
C-8ace6e8a,Female,0,No,No,42,Yes,No,No,No internet service,No internet service,No internet service,No internet service,No internet service,No internet service,Two year,Yes,Electronic check,21.18,906.75,Yes
C-c0160a29,Male,0,No,No,12,Yes,Yes,No,No internet service,No internet service,No internet service,No internet service,No internet service,No internet service,Month-to-month,No,Credit card (automatic),18.0,203.03,Yes
C-7aabbaa1,Male,0,No,No,38,Yes,Yes,No,No internet service,No internet service,No internet service,No internet service,No internet service,No internet service,One year,Yes,Electronic check,18.0,700.66,No
C-511ef0d0,Male,0,No,Yes,13,Yes,No,No,No internet service,No internet service,No internet service,No internet service,No internet service,No internet service,Month-to-month,Yes,Mailed check,20.25,251.6,Yes
C-f7a685ca,Male,0,Yes,No,35,Yes,No,Fiber optic,No,No,Yes,No internet service,No,No,Month-to-month,Yes,Electronic check,49.84,1749.42,Yes
C-23dea931,Female,0,No,Yes,55,Yes,No,Fiber optic,Yes,No internet service,No,Yes,No,No internet service,One year,Yes,Credit card (automatic),47.07,2582.21,No
C-cf74b205,Male,0,Yes,No,13,Yes,Yes,No,No internet service,No internet service,No internet service,No internet service,No internet service,No internet service,Month-to-month,Yes,Credit card (automatic),24.56,335.07,No
C-3d66699f,Male,0,Yes,Yes,56,Yes,Yes,Fiber optic,No,No,No,Yes,No internet service,No,Month-to-month,No,Electronic check,49.32,2776.51,Yes
C-06f97f9e,Male,0,Yes,No,28,No,No phone service,DSL,No,No,No,Yes,No,Yes,One year,Yes,Bank transfer (automatic),35.52,1014.3,No
C-9cab7c18,Female,0,Yes,Yes,63,Yes,No,No,No internet service,No internet service,No internet service,No internet service,No internet service,No internet service,One year,Yes,Bank transfer (automatic),19.29,1200.78,No
C-c57941e8,Female,1,Yes,No,63,Yes,Yes,Fiber optic,No,No,Yes,Yes,No internet service,Yes,Month-to-month,Yes,Electronic check,57.46,3637.74,Yes
C-a21b7e26,Female,1,No,No,17,Yes,Yes,Fiber optic,No,No,No,No internet service,No internet service,No,Month-to-month,Yes,Electronic check,37.73,603.64,No
C-00074fe2,Female,0,Yes,Yes,41,Yes,Yes,Fiber optic,No,No,No,No,Yes,No,Two year,No,Electronic check,46.89,1963.2,No
C-ed19cc12,Female,1,Yes,No,3,Yes,No,DSL,No,No,No,No internet service,Yes,No,Month-to-month,Yes,Bank transfer (automatic),34.15,93.9,Yes
C-323735dc,Female,0,Yes,No,21,Yes,No phone service,No,No internet service,No internet service,No internet service,No internet service,No internet service,No internet service,One year,Yes,Electronic check,18.0,358.64,No
C-15c99db9,Male,0,No,No,28,Yes,Yes,Fiber optic,No,Yes,Yes,Yes,No,Yes,Two year,Yes,Mailed check,61.98,1732.34,No
C-b33901c7,Male,0,No,No,31,Yes,No,Fiber optic,Yes,No,No,No,Yes,Yes,One year,No,Mailed check,55.51,1683.56,No
C-171bb913,Male,0,Yes,Yes,55,Yes,Yes,Fiber optic,Yes,Yes,No internet service,No,Yes,No internet service,One year,Yes,Mailed check,54.87,3009.99,No
C-8a714c02,Male,0,No,No,60,Yes,Yes,Fiber optic,Yes,Yes,No,No,Yes,Yes,Month-to-month,Yes,Electronic check,65.34,3895.14,Yes
C-11d43683,Male,0,Yes,No,57,Yes,No phone service,Fiber optic,No internet service,No,No,No,No,Yes,One year,No,Electronic check,44.12,2502.95,Yes
C-daf5be97,Male,0,Yes,No,10,Yes,Yes,DSL,Yes,No,Yes,No,Yes,No,One year,No,Electronic check,41.96,424.9,Yes
C-d97a5a06,Male,0,Yes,No,53,Yes,No,DSL,Yes,No,No internet service,No internet service,No,No,Two year,Yes,Credit card (automatic),30.91,1608.47,No
C-8b2a52a3,Female,0,Yes,No,25,Yes,No phone service,Fiber optic,No,No,No,No,No,Yes,Two year,Yes,Credit card (automatic),42.92,1040.04,No
C-80604c27,Male,0,No,Yes,25,Yes,No,No,No internet service,No internet service,No internet service,No internet service,No internet service,No internet service,Month-to-month,Yes,Mailed check,18.4,463.74,Yes
C-c6cafd51,Female,0,No,No,14,Yes,Yes,Fiber optic,No,Yes,No,Yes,No,No,Month-to-month,Yes,Electronic check,50.17,673.98,Yes
C-e6b48938,Female,0,No,No,53,Yes,No,Fiber optic,No,Yes,Yes,No internet service,Yes,No,Two year,Yes,Credit card (automatic),57.44,3055.7,No
C-9807dbf1,Male,0,No,Yes,1,Yes,No,DSL,No,No,No,No,No,No,Month-to-month,Yes,Bank transfer (automatic),29.01,19.74,Yes
C-3ae57afc,Male,0,No,Yes,62,Yes,No,Fiber optic,No,No,No internet service,No internet service,No,No,Month-to-month,No,Bank transfer (automatic),37.6,2374.86,No
C-b639c069,Male,1,Yes,No,15,No,No phone service,DSL,Yes,No,No,No,Yes,Yes,Month-to-month,No,Credit card (automatic),42.99,684.12,Yes
C-f53c6427,Female,0,No,No,6,Yes,Yes,DSL,Yes,No internet service,Yes,No,Yes,Yes,One year,No,Electronic check,51.1,271.18,No
C-c7a7b20f,Female,0,No,Yes,58,Yes,No,Fiber optic,No,Yes,No,Yes,No,No,One year,Yes,Electronic check,54.2,3128.8,No
C-4b880057,Female,0,No,Yes,42,Yes,No,No,No internet service,No internet service,No internet service,No internet service,No internet service,No internet service,Month-to-month,No,Bank transfer (automatic),18.0,769.18,Yes
C-40079573,Male,0,Yes,Yes,10,Yes,No,DSL,No,No,No,Yes,No,Yes,Month-to-month,Yes,Electronic check,37.36,369.56,Yes
C-401f5a61,Female,0,Yes,Yes,61,Yes,No,DSL,No,No,No,Yes,No,Yes,Month-to-month,Yes,Electronic check,32.32,1961.15,Yes
C-d67ed43c,Male,0,No,No,64,Yes,No,Fiber optic,Yes,No,No,No,Yes,No,Month-to-month,No,Electronic check,56.46,3617.56,No
C-421790dc,Male,0,Yes,No,46,Yes,No,No,No internet service,No internet service,No internet service,No internet service,No internet service,No internet service,Two year,Yes,Mailed check,18.0,885.43,No
C-08194b67,Female,0,No,Yes,21,Yes,No,Fiber optic,No,No,No internet service,No,Yes,No,Two year,Yes,Bank transfer (automatic),48.39,999.52,No
C-1d5c1935,Male,0,Yes,Yes,59,Yes,No,DSL,No,No,Yes,Yes,Yes,No,One year,Yes,Credit card (automatic),42.14,2467.4,No
C-4144a272,Female,0,No,Yes,7,Yes,Yes,Fiber optic,Yes,Yes,Yes,No,No,Yes,One year,Yes,Mailed check,62.89,433.36,No
C-94ce64b3,Male,0,Yes,Yes,66,Yes,Yes,Fiber optic,Yes,Yes,Yes,No,Yes,No,Month-to-month,Yes,Electronic check,60.2,3971.28,Yes
C-6130049f,Female,0,Yes,No,57,Yes,Yes,Fiber optic,No,No,No,Yes,No,No,Month-to-month,No,Mailed check,47.2,2717.18,Yes
C-c6da60d6,Male,0,No,No,64,Yes,No,Fiber optic,Yes,No,Yes,No,Yes,No,Month-to-month,Yes,Credit card (automatic),50.41,3205.27,No
C-8f292850,Female,0,No,No,55,Yes,Yes,No,No internet service,No internet service,No internet service,No internet service,No internet service,No internet service,Month-to-month,Yes,Credit card (automatic),21.18,1166.48,Yes
C-d4ac24dc,Male,0,Yes,No,61,Yes,Yes,Fiber optic,Yes,No,No,No,No,Yes,Two year,Yes,Credit card (automatic),51.06,3140.59,Yes
C-9a70cd73,Male,0,Yes,No,63,Yes,No phone service,Fiber optic,Yes,No,No,No,No internet service,No internet service,Month-to-month,Yes,Electronic check,48.0,3037.44,No
C-8f532c84,Female,0,Yes,No,9,Yes,No,DSL,No,Yes,No,No internet service,No,Yes,Month-to-month,No,Mailed check,37.98,320.37,No
C-fdae1db8,Male,0,No,Yes,68,Yes,No phone service,No,No internet service,No internet service,No internet service,No internet service,No internet service,No internet service,Month-to-month,Yes,Electronic check,18.0,1207.18,Yes
C-faa16125,Male,0,Yes,No,51,Yes,Yes,DSL,Yes,Yes,No internet service,No,No,No,Two year,No,Bank transfer (automatic),34.76,1792.51,No
C-87708778,Female,0,No,No,49,Yes,Yes,Fiber optic,No,No,No,No,No,No,Month-to-month,No,Electronic check,37.48,1829.34,Yes
C-df4db328,Female,1,No,Yes,8,Yes,No,Fiber optic,No internet service,Yes,No,No,No,Yes,Month-to-month,No,Electronic check,46.48,400.13,Yes
C-b412bcfa,Female,0,No,No,27,Yes,Yes,No,No internet service,No internet service,No internet service,No internet service,No internet service,No internet service,One year,No,Electronic check,18.0,476.38,No
C-b0d61399,Male,0,No,No,59,Yes,Yes,DSL,No,Yes,No internet service,Yes,No,Yes,Month-to-month,Yes,Credit card (automatic),38.64,2261.46,No
C-a52f664a,Male,0,No,Yes,11,Yes,No phone service,No,No internet service,No internet service,No internet service,No internet service,No internet service,No internet service,One year,No,Bank transfer (automatic),18.54,203.34,No
C-d96aaf48,Male,0,Yes,No,52,No,No phone service,Fiber optic,No,No,No,No,No,No,One year,Yes,Credit card (automatic),40.29,2082.97,No
C-065247e3,Female,0,No,Yes,64,Yes,No,No,No internet service,No internet service,No internet service,No internet service,No internet service,No internet service,One year,No,Bank transfer (automatic),24.15,1544.3,No
C-85df4b5b,Female,0,No,Yes,60,No,No phone service,No,No internet service,No internet service,No internet service,No internet service,No internet service,No internet service,Month-to-month,No,Mailed check,18.0,1098.85,No
C-b51ee34f,Female,0,Yes,No,22,Yes,Yes,DSL,Yes,No,No,No,No,No,Month-to-month,Yes,Mailed check,31.36,685.55,No
C-3cf4b5df,Male,0,Yes,No,49,Yes,Yes,Fiber optic,No,No internet service,Yes,No,No,Yes,Two year,No,Credit card (automatic),53.85,2625.98,No
C-a65de9e0,Male,0,No,Yes,5,No,No phone service,Fiber optic,Yes,No,Yes,Yes,Yes,Yes,Two year,Yes,Credit card (automatic),66.15,325.29,Yes
C-baf8e0b4,Male,1,No,No,38,Yes,Yes,Fiber optic,Yes,No,No,No,No,Yes,One year,No,Credit card (automatic),56.75,2192.37,No
C-e3a36464,Female,1,No,No,38,Yes,No,No,No internet service,No internet service,No internet service,No internet service,No internet service,No internet service,Month-to-month,Yes,Mailed check,23.88,896.85,No
C-21e42dcf,Male,0,No,Yes,67,Yes,No phone service,DSL,Yes,No,Yes,No,Yes,No,Month-to-month,Yes,Mailed check,33.16,2232.41,No
C-059a1c01,Female,0,No,No,40,Yes,No,DSL,No,No,No,Yes,No,No,Month-to-month,Yes,Bank transfer (automatic),31.13,1246.54,No
C-8617fa79,Female,0,Yes,No,56,Yes,Yes,Fiber optic,No,No,No internet service,Yes,No,No internet service,Month-to-month,Yes,Mailed check,44.31,2478.29,Yes
C-cbdd296b,Female,1,No,No,59,Yes,Yes,No,No internet service,No internet service,No internet service,No internet service,No internet service,No internet service,One year,No,Mailed check,18.0,1076.77,No
C-3ab3f1f8,Female,0,No,No,19,Yes,Yes,DSL,No,Yes,Yes,No,No,No,Month-to-month,No,Credit card (automatic),34.69,684.97,Yes
C-8d0504b3,Female,1,No,Yes,51,Yes,No,Fiber optic,No,Yes,No,No,No internet service,Yes,Month-to-month,Yes,Electronic check,50.18,2549.35,No
C-ddcd6ac0,Female,0,No,No,57,No,No phone service,DSL,Yes,No,No,No,Yes,Yes,Two year,Yes,Mailed check,40.52,2335.18,No
C-89375f8e,Female,0,Yes,No,18,Yes,Yes,Fiber optic,No,No,Yes,No,No,Yes,Month-to-month,No,Electronic check,46.64,840.0,Yes
C-c9ca5f8a,Female,0,No,No,15,Yes,Yes,DSL,No,No,No,Yes,Yes,No internet service,Month-to-month,No,Credit card (automatic),37.94,557.99,Yes
C-f970d345,Male,0,Yes,No,16,No,No phone service,Fiber optic,No,No,No internet service,No internet service,Yes,Yes,Month-to-month,No,Mailed check,53.91,852.36,Yes
C-cd4ddeb5,Male,1,No,No,45,Yes,Yes,DSL,No,No internet service,Yes,No,No,No,Month-to-month,No,Mailed check,29.49,1355.55,Yes
C-010dc49f,Female,0,Yes,Yes,11,Yes,No,Fiber optic,Yes,Yes,No,No,Yes,No,Month-to-month,Yes,Bank transfer (automatic),58.24,644.82,Yes
