customerID,gender,SeniorCitizen,Partner,Dependents,tenure,PhoneService,MultipleLines,InternetService,OnlineSecurity,OnlineBackup,DeviceProtection,TechSupport,StreamingTV,StreamingMovies,Contract,PaperlessBilling,PaymentMethod,MonthlyCharges,TotalCharges,Churn
C-150d6f0c,Male,0,Yes,No,8,No,No phone service,DSL,Yes,No,No,Yes,No,No,Two year,Yes,Credit card (automatic),35.69,232.14,No
C-089d004f,Female,0,Yes,Yes,33,Yes,Yes,DSL,No,No,Yes,Yes,Yes,No,Two year,No,Electronic check,45.92,1506.05,No
C-9c7b5d36,Female,0,No,Yes,70,Yes,Yes,No,No internet service,No internet service,No internet service,No internet service,No internet service,No internet service,One year,Yes,Electronic check,23.03,1619.16,No
C-84a664ca,Female,0,Yes,No,47,Yes,No,Fiber optic,No,No,No,Yes,No,No,Two year,Yes,Mailed check,50.25,2346.86,No
C-42659085,Male,0,No,No,42,No,No phone service,No,No internet service,No internet service,No internet service,No internet service,No internet service,No internet service,Month-to-month,No,Electronic check,20.08,830.49,Yes
C-ecdf6269,Male,0,Yes,No,33,Yes,No phone service,DSL,No,Yes,Yes,Yes,No,No,Month-to-month,Yes,Credit card (automatic),43.49,1422.15,Yes
C-9b7042f9,Female,0,No,No,25,Yes,No,Fiber optic,No,No internet service,No,No,No internet service,No internet service,Month-to-month,No,Credit card (automatic),42.14,1071.0,Yes
C-1998430c,Female,0,No,Yes,8,Yes,No,Fiber optic,No,Yes,Yes,Yes,Yes,No,One year,Yes,Electronic check,65.71,540.82,No
C-b1c66e6a,Male,0,Yes,Yes,67,No,No phone service,Fiber optic,Yes,Yes,No,No,No,No,Month-to-month,No,Bank transfer (automatic),49.13,3284.55,No
C-5355028a,Male,1,No,Yes,55,Yes,No,DSL,No,No,Yes,No,No internet service,No,Month-to-month,Yes,Credit card (automatic),27.92,1514.64,No
C-00870900,Female,0,No,No,12,Yes,Yes,DSL,No,Yes,No,No,Yes,No,Two year,No,Credit card (automatic),35.03,386.93,No
C-bd9779d9,Male,0,Yes,Yes,11,Yes,No phone service,No,No internet service,No internet service,No internet service,No internet service,No internet service,No internet service,Month-to-month,Yes,Electronic check,24.56,256.87,Yes
C-45c3f7c3,Male,1,Yes,No,28,Yes,Yes,Fiber optic,No,No,No,Yes,No,Yes,One year,Yes,Bank transfer (automatic),52.55,1487.1,No
C-ba554856,Female,1,Yes,Yes,22,Yes,Yes,DSL,No,No,Yes,No,No,No,Month-to-month,Yes,Electronic check,28.92,619.23,Yes
C-e4599f0b,Male,0,No,No,53,Yes,Yes,DSL,Yes,No internet service,No,Yes,No,No,One year,No,Electronic check,39.47,2075.58,No
C-ed5d5ef7,Male,0,No,No,24,Yes,No,DSL,No,No,Yes,No,No,Yes,Two year,No,Electronic check,38.28,916.57,No
C-d862c9b9,Female,0,Yes,No,15,Yes,Yes,Fiber optic,Yes,No,No,No,No,Yes,Month-to-month,Yes,Mailed check,50.93,768.14,No
C-c9da00de,Female,0,No,No,23,Yes,No,No,No internet service,No internet service,No internet service,No internet service,No internet service,No internet service,Month-to-month,Yes,Electronic check,24.82,605.55,No
C-90436357,Male,1,Yes,Yes,35,Yes,Yes,DSL,No,No,No,Yes,No,Yes,One year,No,Electronic check,29.96,1040.25,Yes
C-c1c5d90e,Male,0,Yes,No,67,Yes,No,Fiber optic,No internet service,Yes,No,Yes,Yes,Yes,Month-to-month,Yes,Mailed check,62.14,4159.64,Yes
C-14096f47,Female,1,No,No,35,No,No phone service,Fiber optic,No internet service,No,No,No internet service,Yes,No internet service,Month-to-month,Yes,Mailed check,46.06,1598.5,Yes
C-ef48d261,Female,0,No,Yes,37,Yes,No phone service,DSL,No,No,No,No,No,No,One year,Yes,Mailed check,24.67,893.97,No
C-18528f0f,Female,0,No,No,52,Yes,Yes,Fiber optic,No,No,No,Yes,No,No internet service,Month-to-month,Yes,Mailed check,47.66,2470.95,No
C-2f9fc45d,Female,0,No,No,42,Yes,Yes,Fiber optic,No,No internet service,No,No,No,No,Two year,No,Mailed check,35.36,1476.87,No
C-d2cf9f62,Female,0,Yes,No,9,Yes,Yes,Fiber optic,No,Yes,No,No,Yes,Yes,Month-to-month,Yes,Bank transfer (automatic),58.54,543.18,No
C-23bcfb4c,Male,0,Yes,Yes,3,Yes,No,Fiber optic,No,No,Yes,No,Yes,No,Month-to-month,Yes,Electronic check,47.61,140.94,Yes
C-c9d0d3d0,Male,0,No,No,20,Yes,Yes,Fiber optic,No,No,No,Yes,Yes,No,Two year,Yes,Credit card (automatic),51.15,1039.49,Yes
C-2ed1c9a9,Female,1,No,Yes,65,No,No phone service,Fiber optic,Yes,No,Yes,Yes,No,No,One year,Yes,Mailed check,55.79,3605.92,No
C-6b409616,Male,0,No,No,18,No,No phone service,DSL,No,No,No,Yes,No,No,Month-to-month,Yes,Electronic check,29.65,554.82,No
C-7cba6c9e,Male,0,No,No,72,Yes,Yes,DSL,No,Yes,Yes,No,No,Yes,Month-to-month,Yes,Bank transfer (automatic),43.94,3150.23,No
C-3911ff9a,Male,0,No,Yes,50,Yes,No,Fiber optic,Yes,No,No,No internet service,No,Yes,Month-to-month,Yes,Electronic check,50.33,2549.35,Yes
C-ecd92c9a,Male,0,Yes,Yes,32,Yes,No,Fiber optic,No,No,No,No internet service,No internet service,No,Two year,Yes,Electronic check,41.27,1312.6,Yes
C-5229fb7f,Female,0,Yes,No,20,Yes,No phone service,Fiber optic,Yes,Yes,Yes,Yes,No,No,Month-to-month,Yes,Bank transfer (automatic),66.39,1311.85,Yes
C-5c901004,Male,0,Yes,No,36,Yes,No phone service,DSL,No internet service,No,No,No,No internet service,No internet service,Month-to-month,No,Bank transfer (automatic),24.93,879.51,No
C-f98092e6,Male,0,Yes,No,7,Yes,No,No,No internet service,No internet service,No internet service,No internet service,No internet service,No internet service,Month-to-month,Yes,Bank transfer (automatic),24.53,187.27,Yes
C-68fbea90,Male,1,No,No,21,Yes,No,Fiber optic,No,Yes,No,No,Yes,Yes,Two year,Yes,Bank transfer (automatic),56.25,1185.1,No
C-ce21cb25,Female,0,No,No,25,Yes,Yes,DSL,No,Yes,No internet service,No,No,Yes,Month-to-month,No,Mailed check,33.1,849.01,Yes
C-0a7f9861,Male,0,Yes,No,49,Yes,Yes,Fiber optic,Yes,Yes,Yes,Yes,No,Yes,Month-to-month,No,Bank transfer (automatic),64.02,3148.48,Yes
C-477d7752,Female,0,Yes,No,18,Yes,No phone service,DSL,Yes,Yes,No,No,Yes,Yes,Two year,Yes,Credit card (automatic),45.49,799.84,No
C-5db763d9,Male,0,No,Yes,7,Yes,No phone service,Fiber optic,No internet service,No,No,Yes,Yes,No,One year,Yes,Bank transfer (automatic),48.34,332.63,No
C-37647ccb,Male,0,No,No,64,Yes,No,Fiber optic,Yes,No,No,No,No internet service,No,Month-to-month,Yes,Mailed check,42.35,2718.05,Yes
C-8636a677,Female,1,No,No,37,No,No phone service,DSL,No internet service,No,No,No,Yes,No internet service,Month-to-month,Yes,Credit card (automatic),36.17,1358.53,Yes
C-1e752b31,Male,0,No,No,33,Yes,Yes,Fiber optic,Yes,No,No,No,No,No,Month-to-month,No,Electronic check,43.81,1437.47,Yes
C-8d6560fc,Male,1,No,No,49,Yes,No,DSL,No,Yes,Yes,No,Yes,No,One year,Yes,Bank transfer (automatic),33.5,1621.18,No
C-40a8db29,Male,0,No,No,15,Yes,No,Fiber optic,No,Yes,No internet service,No,No,No internet service,Month-to-month,No,Electronic check,47.42,678.71,Yes
C-0a53ef8f,Male,0,Yes,No,43,Yes,No,DSL,No,No,Yes,No internet service,No,Yes,One year,Yes,Credit card (automatic),37.18,1576.86,No
C-1a6d65fe,Male,0,Yes,No,60,Yes,No,Fiber optic,No,No,No,No,Yes,No internet service,One year,Yes,Credit card (automatic),41.8,2522.87,No
C-81c2c06c,Female,1,Yes,No,4,Yes,No,DSL,No,No,No,No,No,No,Month-to-month,Yes,Credit card (automatic),29.7,150.64,Yes
C-e2c53876,Female,0,No,Yes,59,Yes,No,No,No internet service,No internet service,No internet service,No internet service,No internet service,No internet service,Month-to-month,Yes,Electronic check,18.16,1054.43,No
C-6d835a39,Female,0,No,Yes,57,Yes,No,Fiber optic,No,No,Yes,No,No internet service,Yes,Two year,Yes,Electronic check,50.96,2911.87,No
C-d5ce01d6,Male,1,No,Yes,11,Yes,No,Fiber optic,Yes,Yes,No internet service,Yes,No,No,Month-to-month,Yes,Mailed check,51.9,575.37,Yes
C-00dc5e88,Female,0,No,No,26,Yes,No phone service,Fiber optic,Yes,No,No,No,No internet service,Yes,Month-to-month,Yes,Bank transfer (automatic),49.65,1267.42,Yes
C-8816d556,Male,0,No,No,24,Yes,Yes,No,No internet service,No internet service,No internet service,No internet service,No internet service,No internet service,Month-to-month,No,Mailed check,20.84,492.52,No
C-3415b107,Female,0,Yes,No,22,Yes,Yes,Fiber optic,No,No,No,No,No,No,Two year,No,Electronic check,36.4,800.12,No
C-850ac4f3,Female,0,Yes,No,42,Yes,Yes,Fiber optic,No,Yes,No,No,Yes,No,One year,No,Bank transfer (automatic),54.87,2268.41,No
C-db13cb20,Male,0,Yes,No,17,Yes,Yes,No,No internet service,No internet service,No internet service,No internet service,No internet service,No internet service,Month-to-month,No,Credit card (automatic),25.49,426.06,No
C-bc7422bc,Female,1,No,No,67,Yes,Yes,Fiber optic,No,No,Yes,No,No,No,Month-to-month,Yes,Bank transfer (automatic),42.99,2851.75,Yes
C-009a7138,Male,0,Yes,No,63,Yes,No phone service,Fiber optic,Yes,Yes,Yes,No,No,Yes,Month-to-month,No,Credit card (automatic),56.82,3581.97,No
C-9e039a91,Male,0,No,No,13,Yes,No phone service,Fiber optic,No internet service,Yes,Yes,No,Yes,Yes,One year,Yes,Electronic check,60.28,764.11,No
C-26a11dd6,Female,0,Yes,No,15,Yes,Yes,DSL,No,Yes,Yes,No internet service,Yes,No,Month-to-month,Yes,Mailed check,41.84,608.79,No
C-c7ef92bb,Male,0,No,Yes,37,Yes,Yes,Fiber optic,No,Yes,No internet service,No,Yes,No,Month-to-month,No,Electronic check,57.43,2099.52,No
C-2d96bd91,Female,0,No,No,16,Yes,No phone service,No,No internet service,No internet service,No internet service,No internet service,No internet service,No internet service,Two year,Yes,Electronic check,18.68,294.28,No
C-d7b274e6,Male,0,Yes,Yes,65,Yes,Yes,DSL,No,No,No internet service,No,No,No,One year,No,Bank transfer (automatic),25.39,1632.81,No
C-76ed1db2,Male,0,No,No,61,Yes,Yes,Fiber optic,Yes,No,Yes,No,No,Yes,One year,Yes,Bank transfer (automatic),60.58,3700.18,No
C-164b9fa9,Male,0,No,Yes,44,Yes,Yes,DSL,No,No,No,No,Yes,No,Month-to-month,Yes,Electronic check,31.97,1445.22,No
C-5ef053ee,Female,0,No,No,23,Yes,Yes,No,No internet service,No internet service,No internet service,No internet service,No internet service,No internet service,Month-to-month,No,Mailed check,18.67,441.93,No
C-6f6e824f,Male,0,No,No,5,Yes,No phone service,DSL,No internet service,Yes,Yes,Yes,No,No internet service,Two year,Yes,Electronic check,41.14,226.57,No
C-3069c91c,Female,0,No,No,56,Yes,Yes,DSL,Yes,No internet service,No,No,No,No,One year,No,Credit card (automatic),34.05,1895.84,No
C-5be09e27,Male,0,Yes,No,23,Yes,Yes,Fiber optic,No,Yes,Yes,Yes,No,No,Month-to-month,Yes,Electronic check,59.4,1425.87,No
C-2c6eb29f,Female,0,Yes,No,38,Yes,No,Fiber optic,No,No,Yes,No,No,Yes,Month-to-month,Yes,Bank transfer (automatic),54.24,2012.52,Yes
C-c0efe4b1,Female,0,Yes,No,14,Yes,No phone service,Fiber optic,No,No,Yes,No,Yes,No,Two year,Yes,Electronic check,53.23,727.34,Yes
C-6195b95a,Female,0,Yes,No,51,Yes,No phone service,Fiber optic,No,Yes,No internet service,Yes,No,No,Month-to-month,No,Electronic check,53.49,2728.87,No
C-1c5127b6,Male,0,Yes,No,14,Yes,No,DSL,No,Yes,No,Yes,No,Yes,Two year,No,Mailed check,36.72,508.08,No
C-6e2037a1,Male,0,No,No,34,Yes,No phone service,Fiber optic,No internet service,Yes,Yes,No,Yes,Yes,Month-to-month,Yes,Mailed check,64.59,2215.54,Yes
C-8396f9ed,Female,0,No,No,13,Yes,Yes,Fiber optic,Yes,Yes,Yes,No,No,Yes,Two year,Yes,Bank transfer (automatic),63.31,800.2,No
C-d311a2aa,Female,0,Yes,No,30,Yes,No,DSL,No,Yes,No,No,No,Yes,Two year,Yes,Electronic check,32.54,960.41,No
C-7deb262e,Female,0,No,No,60,Yes,No,No,No internet service,No internet service,No internet service,No internet service,No internet service,No internet service,Two year,No,Mailed check,18.0,1080.15,No
C-b37ebd92,Male,0,No,No,32,Yes,No,Fiber optic,No,No,Yes,No,Yes,No,Month-to-month,No,Electronic check,48.24,1531.73,Yes
C-13189f19,Male,0,No,No,53,Yes,No,Fiber optic,No,No,No,No,Yes,Yes,Two year,Yes,Bank transfer (automatic),54.35,2902.0,No
C-b2ce6f65,Male,0,No,Yes,12,Yes,No,DSL,Yes,Yes,No,No,No,Yes,Two year,No,Bank transfer (automatic),40.74,474.93,No
C-7dfe2d2b,Male,0,Yes,Yes,30,Yes,Yes,DSL,No,Yes,No,Yes,No,No,Two year,Yes,Electronic check,34.7,1037.08,No
C-a6783cb0,Female,0,Yes,No,1,Yes,No,Fiber optic,No,No internet service,Yes,No,Yes,No,Two year,No,Electronic check,46.04,63.79,Yes
C-5a996eed,Female,0,Yes,No,53,Yes,No phone service,Fiber optic,No internet service,Yes,No,No,No,Yes,Month-to-month,No,Credit card (automatic),48.84,2622.95,No
C-20a58c04,Female,0,No,No,40,Yes,Yes,DSL,Yes,Yes,Yes,No,Yes,Yes,One year,Yes,Mailed check,53.4,2109.77,No
C-7279dd87,Male,1,No,Yes,65,Yes,Yes,Fiber optic,No,Yes,Yes,No internet service,No internet service,Yes,Month-to-month,No,Credit card (automatic),57.07,3727.98,Yes
C-82d3760d,Female,0,No,No,52,Yes,No,Fiber optic,No,No internet service,No internet service,No,No,Yes,One year,No,Bank transfer (automatic),41.66,2190.36,Yes
C-cd91405e,Female,1,No,Yes,2,Yes,Yes,DSL,No,No,Yes,No,Yes,No,Month-to-month,Yes,Electronic check,28.78,35.62,Yes
C-a82e40e1,Male,0,Yes,No,72,Yes,No phone service,Fiber optic,No internet service,Yes,Yes,No,No,Yes,One year,No,Electronic check,56.46,4055.34,No
C-675118fa,Male,0,Yes,No,36,Yes,No,DSL,No,Yes,No,Yes,Yes,No,One year,Yes,Mailed check,41.4,1506.49,No
C-5c452b58,Female,0,Yes,No,48,Yes,No,No,No internet service,No internet service,No internet service,No internet service,No internet service,No internet service,Month-to-month,Yes,Electronic check,20.13,945.37,No
C-9632caf9,Female,1,Yes,Yes,44,Yes,Yes,No,No internet service,No internet service,No internet service,No internet service,No internet service,No internet service,One year,No,Electronic check,20.05,873.42,No
C-f58f9e4d,Female,0,Yes,Yes,34,Yes,No phone service,DSL,No,No internet service,No,No,Yes,No,Month-to-month,Yes,Electronic check,36.03,1212.86,No
C-dfd1da9c,Female,0,No,Yes,2,Yes,No,DSL,Yes,Yes,No,No,Yes,Yes,One year,Yes,Mailed check,50.78,101.33,No
C-57def737,Female,1,Yes,No,12,No,No phone service,No,No internet service,No internet service,No internet service,No internet service,No internet service,No internet service,Month-to-month,No,Bank transfer (automatic),18.0,219.77,Yes
C-ab07c7c2,Female,0,Yes,No,10,Yes,No,Fiber optic,No,No,No,Yes,No,No,Month-to-month,Yes,Electronic check,45.47,452.86,No
C-a24952a2,Female,0,Yes,No,31,Yes,No,Fiber optic,No,Yes,Yes,No,No,Yes,Month-to-month,Yes,Credit card (automatic),61.05,1908.65,Yes
C-c279a699,Male,0,Yes,No,62,No,No phone service,Fiber optic,No,No internet service,Yes,No,Yes,Yes,Two year,Yes,Electronic check,57.24,3549.47,No
C-eec2e6d4,Male,0,Yes,No,72,Yes,Yes,DSL,No,No internet service,Yes,Yes,No,Yes,One year,No,Credit card (automatic),38.64,2772.64,No
C-5cf16194,Female,0,Yes,No,11,No,No phone service,Fiber optic,No,No,No,No,No,No,One year,Yes,Bank transfer (automatic),40.45,455.41,No
C-6cafa54d,Female,0,No,Yes,65,Yes,No phone service,No,No internet service,No internet service,No internet service,No internet service,No internet service,No internet service,Two year,Yes,Bank transfer (automatic),19.89,1287.74,No
C-e4e53023,Male,0,No,No,56,No,No phone service,Fiber optic,Yes,No,Yes,Yes,No,No,Month-to-month,No,Credit card (automatic),53.09,2995.49,Yes
C-adcfb2c1,Female,0,Yes,No,38,Yes,No,No,No internet service,No internet service,No internet service,No internet service,No internet service,No internet service,Month-to-month,Yes,Credit card (automatic),21.26,769.08,No
C-d9454d72,Female,0,No,No,23,Yes,No,DSL,Yes,Yes,No,Yes,Yes,No,Month-to-month,Yes,Electronic check,44.6,1015.03,No
C-01ba16f5,Female,0,No,No,1,Yes,Yes,DSL,Yes,No,No internet service,Yes,Yes,Yes,Month-to-month,Yes,Bank transfer (automatic),45.68,37.39,Yes
C-daf4bb6f,Female,1,No,Yes,47,Yes,Yes,No,No internet service,No internet service,No internet service,No internet service,No internet service,No internet service,One year,No,Electronic check,21.98,996.99,No
C-470b1389,Male,1,No,No,70,Yes,No,DSL,Yes,Yes,No,No,No,No,Two year,Yes,Mailed check,39.35,2753.21,No
C-5e743d11,Female,0,No,No,31,Yes,Yes,Fiber optic,No,No,No,No internet service,No,Yes,Two year,No,Bank transfer (automatic),45.74,1397.54,No
C-648143be,Female,0,No,No,59,Yes,No,Fiber optic,No,No,Yes,No,Yes,No,Two year,Yes,Electronic check,49.1,2913.6,No
C-30479171,Male,0,No,No,25,Yes,No phone service,DSL,No,No,Yes,No,No,Yes,One year,No,Credit card (automatic),39.21,1010.81,No
C-1374b01b,Male,0,No,No,64,Yes,Yes,DSL,Yes,Yes,No internet service,Yes,No,Yes,Month-to-month,Yes,Mailed check,46.88,3012.03,No
C-e3da7133,Male,0,No,No,25,Yes,Yes,Fiber optic,No,No,No,No,No,No,Two year,Yes,Bank transfer (automatic),41.16,1055.1,No
C-a82c3c7d,Male,0,No,No,57,No,No phone service,Fiber optic,No,No,Yes,No internet service,No,No,Two year,Yes,Credit card (automatic),43.21,2438.13,No
C-cd5de4f5,Male,0,No,No,27,Yes,No,DSL,Yes,No,Yes,No,No,No,Month-to-month,Yes,Mailed check,34.77,960.68,No
C-dffefc21,Female,0,Yes,Yes,32,Yes,No phone service,DSL,No,Yes,Yes,No internet service,Yes,No,Month-to-month,Yes,Credit card (automatic),38.72,1215.35,No
C-becb9b67,Female,0,Yes,No,70,No,No phone service,DSL,No,No,Yes,Yes,No internet service,No,Two year,No,Credit card (automatic),32.86,2273.24,No
C-8bb9dc93,Female,0,No,No,25,Yes,Yes,Fiber optic,No,No,No,Yes,No,No,Two year,Yes,Electronic check,48.31,1252.78,No
C-d076c39e,Female,0,Yes,No,37,Yes,No,No,No internet service,No internet service,No internet service,No internet service,No internet service,No internet service,Two year,Yes,Electronic check,21.36,815.71,No
C-394490db,Female,0,Yes,Yes,48,Yes,No,DSL,No,No,No,No,Yes,No,One year,No,Bank transfer (automatic),34.29,1676.32,No
C-66d1c522,Male,0,No,No,56,Yes,Yes,Fiber optic,No,No internet service,Yes,No,No,No,Month-to-month,Yes,Credit card (automatic),42.92,2411.58,Yes
C-2b2a8957,Male,0,No,No,1,Yes,No,Fiber optic,Yes,No,Yes,Yes,Yes,No,One year,Yes,Electronic check,61.55,59.22,Yes
C-498fdb05,Female,0,No,Yes,72,No,No phone service,Fiber optic,No,No,Yes,No,No,Yes,One year,Yes,Electronic check,51.28,3683.96,No
C-d1f1c718,Male,0,Yes,No,20,No,No phone service,No,No internet service,No internet service,No internet service,No internet service,No internet service,No internet service,Two year,Yes,Credit card (automatic),19.34,393.58,No
C-78583b03,Female,0,No,No,17,Yes,No,No,No internet service,No internet service,No internet service,No internet service,No internet service,No internet service,Month-to-month,No,Bank transfer (automatic),21.82,375.17,Yes
C-b91fa7af,Male,1,No,Yes,14,Yes,No,Fiber optic,No,No internet service,No,No,Yes,Yes,Two year,Yes,Credit card (automatic),51.42,703.71,Yes
C-ab47fd53,Female,0,No,Yes,72,Yes,Yes,No,No internet service,No internet service,No internet service,No internet service,No internet service,No internet service,Month-to-month,Yes,Bank transfer (automatic),19.38,1414.47,No
C-010e190f,Female,0,No,Yes,54,Yes,No,Fiber optic,Yes,Yes,No,Yes,Yes,Yes,Two year,Yes,Bank transfer (automatic),63.13,3395.72,No
C-29019d7b,Male,1,Yes,Yes,12,Yes,No,DSL,No,No,No,No,No internet service,Yes,Month-to-month,Yes,Electronic check,28.99,339.52,Yes
C-671ee8fd,Female,1,No,No,45,Yes,No,Fiber optic,No,No,Yes,Yes,No,No,Month-to-month,Yes,Electronic check,47.64,2107.53,No
C-5be35d4c,Male,0,Yes,No,30,Yes,Yes,Fiber optic,No,No,Yes,Yes,No,No,One year,No,Bank transfer (automatic),54.07,1601.19,No
C-5a784ae8,Female,0,No,Yes,9,Yes,No,Fiber optic,Yes,Yes,Yes,Yes,No,Yes,One year,No,Credit card (automatic),71.68,657.25,No
C-ef234fe8,Female,0,No,Yes,46,No,No phone service,Fiber optic,Yes,No internet service,No,No,No internet service,Yes,Month-to-month,No,Electronic check,53.67,2453.47,No
C-49d59e7e,Male,0,Yes,No,60,Yes,No phone service,No,No internet service,No internet service,No internet service,No internet service,No internet service,No internet service,Month-to-month,Yes,Credit card (automatic),18.8,1117.17,Yes
C-6bc4eb07,Male,1,Yes,No,17,Yes,No,DSL,No,Yes,No,No,No,Yes,Month-to-month,Yes,Bank transfer (automatic),38.78,712.86,Yes
C-4b3ac3fa,Male,0,No,No,49,Yes,No,Fiber optic,Yes,No,No,No,No,No,Month-to-month,No,Bank transfer (automatic),45.43,2198.01,Yes
C-963bad11,Female,0,No,No,20,Yes,Yes,Fiber optic,No internet service,Yes,No,No,Yes,No,Two year,No,Mailed check,50.65,1006.29,No
C-5c03e167,Female,0,Yes,No,27,Yes,Yes,DSL,No,Yes,No,Yes,No,Yes,Month-to-month,No,Electronic check,42.1,1114.84,Yes
C-228ce44b,Female,0,Yes,No,48,Yes,No,Fiber optic,No,Yes,No,No,Yes,No,Month-to-month,Yes,Electronic check,41.03,1987.34,Yes
C-9057eb3e,Female,0,No,No,15,Yes,No,Fiber optic,Yes,No,No,No,No,No,One year,No,Electronic check,47.79,719.09,Yes
C-b58b00e5,Female,0,Yes,No,35,Yes,No,No,No internet service,No internet service,No internet service,No internet service,No internet service,No internet service,Month-to-month,No,Mailed check,18.0,628.73,No
C-4c60e1ce,Female,0,No,No,13,Yes,Yes,Fiber optic,Yes,No,No,Yes,No internet service,Yes,Month-to-month,No,Mailed check,65.16,847.41,Yes
C-62d9d58e,Female,1,Yes,No,72,Yes,No phone service,Fiber optic,No,No,No,Yes,No,Yes,Month-to-month,No,Electronic check,50.96,3694.12,Yes
C-cc19ce1e,Male,0,Yes,Yes,1,Yes,No phone service,DSL,No,Yes,No,No,No internet service,Yes,Two year,Yes,Bank transfer (automatic),42.13,28.12,No
C-a1efb113,Male,0,No,Yes,39,Yes,Yes,Fiber optic,No,No,Yes,No internet service,No,Yes,One year,No,Electronic check,50.27,1966.38,No
C-e5c88cfc,Male,0,Yes,No,37,Yes,Yes,DSL,No,No internet service,Yes,No,Yes,Yes,Month-to-month,No,Credit card (automatic),43.35,1640.59,Yes
C-192fb2ca,Male,0,No,Yes,66,Yes,No,DSL,No,No,Yes,Yes,No internet service,Yes,Month-to-month,No,Mailed check,36.81,2425.89,No
C-ba682271,Female,0,Yes,No,64,Yes,No,DSL,No,No,Yes,No,Yes,Yes,Two year,No,Electronic check,39.04,2492.67,No
C-9822018b,Female,0,No,No,68,Yes,Yes,Fiber optic,No,Yes,No,Yes,No,Yes,One year,No,Electronic check,55.28,3759.58,No
C-521f08b4,Male,0,No,No,17,Yes,Yes,DSL,Yes,No,Yes,No,No,Yes,Two year,No,Electronic check,40.09,647.23,No
C-e0f5746d,Female,0,No,No,68,Yes,Yes,No,No internet service,No internet service,No internet service,No internet service,No internet service,No internet service,Month-to-month,No,Mailed check,21.85,1457.61,No
C-b90ff23b,Female,0,Yes,No,2,Yes,Yes,Fiber optic,Yes,Yes,No,No,No,Yes,One year,Yes,Bank transfer (automatic),54.38,106.14,No
C-4163327b,Female,0,No,Yes,65,Yes,No phone service,Fiber optic,No,No,No,No internet service,Yes,No internet service,Month-to-month,Yes,Bank transfer (automatic),44.18,2891.34,No
C-04e6bb02,Male,0,No,No,61,Yes,Yes,No,No internet service,No internet service,No internet service,No internet service,No internet service,No internet service,Month-to-month,No,Mailed check,18.0,1103.46,No
C-20bf00f0,Male,0,Yes,No,9,Yes,Yes,No,No internet service,No internet service,No internet service,No internet service,No internet service,No internet service,Month-to-month,Yes,Electronic check,20.06,146.92,Yes
C-c3657074,Female,0,No,No,69,Yes,No,DSL,No,No,No,No,No internet service,No,Month-to-month,Yes,Electronic check,23.13,1575.68,No
C-aeb8c906,Male,0,No,No,3,Yes,No,Fiber optic,Yes,No,Yes,No,Yes,Yes,Month-to-month,Yes,Electronic check,63.64,202.13,No
C-282ca66b,Female,0,Yes,No,22,Yes,No,Fiber optic,No,No internet service,No,No,No,No,Month-to-month,Yes,Mailed check,40.51,880.77,No
C-7d2d5074,Female,0,No,Yes,57,No,No phone service,No,No internet service,No internet service,No internet service,No internet service,No internet service,No internet service,Month-to-month,No,Bank transfer (automatic),20.71,1194.19,Yes
C-29bbd4b5,Female,1,No,No,21,No,No phone service,Fiber optic,No,No,No,No,No internet service,No internet service,Month-to-month,Yes,Bank transfer (automatic),39.43,842.97,Yes
C-d84b578a,Male,0,Yes,No,0,Yes,Yes,Fiber optic,No,No,No,No internet service,No internet service,Yes,Month-to-month,Yes,Bank transfer (automatic),46.55,0.0,No
C-6867de75,Female,0,Yes,No,3,Yes,No,DSL,No,Yes,No,Yes,Yes,No,Two year,No,Credit card (automatic),39.54,130.7,No
C-bbdbfdf1,Male,0,Yes,Yes,41,Yes,No,Fiber optic,No,No internet service,No,Yes,No,No,One year,No,Electronic check,46.6,1923.68,No
C-0ebd91e2,Female,0,Yes,Yes,44,Yes,Yes,DSL,No internet service,No,Yes,No,No,No,One year,No,Electronic check,31.97,1408.88,No
C-4e56fa51,Male,0,No,Yes,23,Yes,Yes,DSL,No,Yes,No internet service,No,No,Yes,Two year,Yes,Mailed check,35.97,830.45,No
C-d0a4a4c9,Male,0,No,Yes,31,Yes,No,No,No internet service,No internet service,No internet service,No internet service,No internet service,No internet service,Month-to-month,Yes,Electronic check,19.87,607.4,No
C-62a75c37,Female,0,Yes,No,5,Yes,No phone service,Fiber optic,Yes,No,No,No,Yes,No,Month-to-month,Yes,Bank transfer (automatic),46.86,253.91,Yes
C-ffd87fea,Female,0,Yes,No,50,Yes,No phone service,No,No internet service,No internet service,No internet service,No internet service,No internet service,No internet service,One year,Yes,Mailed check,18.57,913.03,No
C-88d94061,Female,0,No,No,54,Yes,No phone service,No,No internet service,No internet service,No internet service,No internet service,No internet service,No internet service,One year,Yes,Electronic check,18.0,969.68,No
C-d8d64d73,Male,0,No,No,4,Yes,No phone service,No,No internet service,No internet service,No internet service,No internet service,No internet service,No internet service,One year,No,Electronic check,19.49,84.81,No
C-4c308230,Female,0,No,No,70,Yes,Yes,Fiber optic,No,No,No,No,Yes,Yes,Two year,Yes,Electronic check,52.78,3659.79,Yes
C-26bff6ba,Female,0,Yes,No,26,Yes,No,DSL,Yes,Yes,No,No,No,No,Month-to-month,No,Mailed check,37.03,986.62,No
C-5dab9e43,Male,0,No,Yes,33,Yes,Yes,No,No internet service,No internet service,No internet service,No internet service,No internet service,No internet service,Two year,Yes,Credit card (automatic),20.52,717.27,No
C-160653c0,Male,0,Yes,No,68,Yes,Yes,Fiber optic,Yes,Yes,No,Yes,Yes,No,Two year,Yes,Electronic check,56.2,3839.43,No
C-49bf3d78,Female,0,No,Yes,17,Yes,Yes,Fiber optic,No,Yes,No,No internet service,Yes,Yes,One year,Yes,Mailed check,56.1,950.08,No
C-cf7fbeb7,Female,0,No,No,12,Yes,No phone service,Fiber optic,No internet service,No,Yes,No,No,No,Month-to-month,Yes,Electronic check,43.29,513.93,No
C-c6b96d2a,Male,0,Yes,No,56,Yes,No,No,No internet service,No internet service,No internet service,No internet service,No internet service,No internet service,Two year,No,Electronic check,23.36,1296.43,No
C-ee40e999,Male,0,No,No,54,Yes,No,Fiber optic,No,Yes,No internet service,Yes,No internet service,No,One year,No,Credit card (automatic),48.85,2645.48,No
C-52e2771c,Male,1,No,No,72,Yes,No phone service,Fiber optic,Yes,Yes,Yes,Yes,Yes,No,Month-to-month,No,Electronic check,68.25,4933.5,Yes
C-ec17c962,Male,0,No,No,12,Yes,Yes,Fiber optic,No,No,Yes,No internet service,Yes,No,Month-to-month,No,Mailed check,49.46,598.1,Yes
C-db4d6ec0,Female,0,Yes,No,43,Yes,Yes,Fiber optic,Yes,No,No,No,No,Yes,Month-to-month,No,Electronic check,48.2,2066.93,No
C-af492da1,Male,0,Yes,Yes,33,Yes,Yes,Fiber optic,Yes,No internet service,No internet service,Yes,No,Yes,Two year,Yes,Mailed check,58.68,1927.18,No
C-c5bd5ee9,Male,0,Yes,No,59,Yes,No,No,No internet service,No internet service,No internet service,No internet service,No internet service,No internet service,Month-to-month,No,Credit card (automatic),23.4,1389.14,No
C-aaf293cf,Female,0,Yes,Yes,8,Yes,No phone service,Fiber optic,No,No,No,No,No,No,Two year,No,Credit card (automatic),41.31,346.62,Yes
C-6a8c6256,Female,0,No,Yes,29,Yes,Yes,No,No internet service,No internet service,No internet service,No internet service,No internet service,No internet service,Two year,No,Bank transfer (automatic),22.62,617.0,No
C-f54790be,Male,0,Yes,Yes,0,Yes,No,No,No internet service,No internet service,No internet service,No internet service,No internet service,No internet service,Two year,Yes,Mailed check,21.53,2.16,No
C-c355ae6f,Female,0,Yes,No,65,Yes,Yes,DSL,Yes,Yes,No,No,No,No,One year,Yes,Credit card (automatic),35.85,2328.42,No
C-7c80dd55,Male,0,No,No,30,Yes,No,Fiber optic,Yes,Yes,No,Yes,Yes,Yes,Month-to-month,No,Electronic check,72.79,2175.99,No
C-ec161109,Female,1,No,Yes,25,Yes,No phone service,Fiber optic,No,Yes,Yes,Yes,No,No internet service,Two year,Yes,Electronic check,54.66,1383.83,No
C-9a3ffd45,Male,0,No,No,38,Yes,Yes,Fiber optic,Yes,Yes,No,No,No,No internet service,Two year,Yes,Credit card (automatic),53.22,2005.55,No
C-f4118bdb,Female,0,No,No,21,Yes,No,DSL,Yes,No,No,No,No,Yes,Two year,Yes,Bank transfer (automatic),33.83,683.18,No
C-934aa7e3,Male,0,No,Yes,11,Yes,Yes,DSL,No,No,No internet service,No,No,No,Month-to-month,Yes,Mailed check,23.77,277.09,No
C-3407d3c5,Female,1,No,No,65,Yes,Yes,DSL,Yes,Yes,Yes,No,No,Yes,Two year,No,Bank transfer (automatic),45.0,2909.13,No
C-fc59b7e6,Male,0,No,No,59,Yes,No,Fiber optic,No,Yes,No,Yes,No,No,Month-to-month,No,Mailed check,45.36,2688.45,Yes
C-734b4a67,Female,1,Yes,No,56,No,No phone service,No,No internet service,No internet service,No internet service,No internet service,No internet service,No internet service,Month-to-month,No,Mailed check,24.46,1359.99,Yes
C-fdd9cfd7,Male,0,Yes,No,12,Yes,No,Fiber optic,No,No,Yes,No,Yes,No,Two year,Yes,Electronic check,50.62,598.28,No
C-74353643,Male,0,No,No,54,Yes,No,No,No internet service,No internet service,No internet service,No internet service,No internet service,No internet service,Month-to-month,Yes,Electronic check,18.0,967.29,No
C-beb97869,Female,0,No,No,47,Yes,Yes,DSL,Yes,Yes,Yes,Yes,No,Yes,Month-to-month,Yes,Mailed check,52.27,2415.83,No
C-d6a7a988,Female,1,Yes,No,57,Yes,No,No,No internet service,No internet service,No internet service,No internet service,No internet service,No internet service,One year,No,Mailed check,18.0,1006.44,No
C-f0c7f4e4,Male,1,No,No,12,Yes,No,DSL,Yes,No,No,Yes,No,No,Month-to-month,Yes,Credit card (automatic),33.92,370.63,Yes
C-754704bb,Male,0,No,No,3,Yes,Yes,No,No internet service,No internet service,No internet service,No internet service,No internet service,No internet service,Month-to-month,Yes,Electronic check,18.0,31.38,Yes
C-c4369bc3,Female,0,No,No,59,Yes,No,Fiber optic,No,No,Yes,No internet service,No,No,Two year,Yes,Electronic check,48.72,2871.72,Yes
C-7b5ea589,Female,0,No,No,56,Yes,Yes,Fiber optic,No,No,No,No,No internet service,No,One year,No,Credit card (automatic),42.85,2410.89,No
C-617bb21e,Female,1,No,No,28,Yes,No,Fiber optic,Yes,No,Yes,No,Yes,Yes,Month-to-month,Yes,Electronic check,63.52,1757.0,Yes
C-30d30430,Male,0,Yes,Yes,3,Yes,No,No,No internet service,No internet service,No internet service,No internet service,No internet service,No internet service,Two year,Yes,Mailed check,18.0,45.98,No
C-40602c26,Male,0,No,No,10,Yes,No,DSL,No,No,No,No,No internet service,No,Month-to-month,Yes,Mailed check,24.62,263.75,Yes
C-20fbf914,Female,0,No,Yes,17,Yes,No phone service,DSL,No,No,No,No,No,No,One year,Yes,Bank transfer (automatic),25.82,448.39,No
C-f916928b,Female,0,Yes,Yes,20,Yes,No,Fiber optic,No,No,Yes,No,Yes,No,Month-to-month,Yes,Electronic check,54.41,1058.75,Yes
C-f891b81f,Male,0,Yes,No,64,Yes,No phone service,DSL,No,No,No,No,Yes,No,One year,Yes,Mailed check,27.06,1726.61,No
C-0e40e2ee,Female,0,Yes,Yes,23,Yes,No,Fiber optic,No,Yes,Yes,No,Yes,No internet service,Month-to-month,Yes,Electronic check,54.02,1282.99,Yes
C-3be04568,Male,0,No,No,72,Yes,No,Fiber optic,No internet service,No,No,No,No,No,One year,No,Credit card (automatic),36.88,2675.96,No
C-f6ff4374,Female,0,Yes,No,24,No,No phone service,DSL,No internet service,Yes,Yes,No,No,Yes,Month-to-month,Yes,Electronic check,41.75,1000.76,Yes
C-e2ac05be,Male,1,No,Yes,44,Yes,Yes,Fiber optic,Yes,No,Yes,No,Yes,No,Month-to-month,Yes,Credit card (automatic),62.21,2729.41,Yes
C-c3dbb10c,Male,0,No,No,47,Yes,No phone service,DSL,No,No internet service,No internet service,No internet service,No,No,Month-to-month,Yes,Credit card (automatic),24.89,1164.15,No
C-2dbf8c25,Female,0,No,No,57,Yes,No,Fiber optic,No,Yes,Yes,No,No,No internet service,Two year,Yes,Electronic check,45.94,2601.59,No
C-b48a470a,Female,0,No,No,5,Yes,No,DSL,No,No internet service,Yes,Yes,No,No,Two year,No,Mailed check,40.92,178.91,Yes
C-71c8dea3,Female,0,No,No,20,Yes,No,Fiber optic,No,No,No,Yes,Yes,No,Month-to-month,Yes,Electronic check,50.37,1025.6,Yes
C-adb7fb55,Male,0,No,Yes,56,Yes,Yes,Fiber optic,No,No,No,No,Yes,No,Month-to-month,Yes,Mailed check,47.99,2699.41,No
C-7359c043,Female,0,No,No,48,Yes,Yes,Fiber optic,Yes,Yes,Yes,Yes,No,No,One year,No,Credit card (automatic),62.92,3041.66,No
C-ca1c3c14,Female,0,No,No,45,Yes,No,No,No internet service,No internet service,No internet service,No internet service,No internet service,No internet service,One year,No,Electronic check,18.0,795.12,No
C-a18103dd,Male,0,No,No,63,Yes,Yes,Fiber optic,Yes,No,No internet service,No,No internet service,No,Month-to-month,Yes,Bank transfer (automatic),45.57,2873.43,No
C-58a053b7,Male,0,Yes,Yes,10,No,No phone service,Fiber optic,No,Yes,No,Yes,No internet service,Yes,Month-to-month,Yes,Electronic check,57.13,563.37,Yes
C-28ccff1c,Male,0,No,No,25,Yes,Yes,Fiber optic,No internet service,No,No,Yes,No internet service,No,Month-to-month,Yes,Mailed check,47.25,1172.2,Yes
C-1ffc6c32,Male,0,No,No,30,Yes,Yes,No,No internet service,No internet service,No internet service,No internet service,No internet service,No internet service,Month-to-month,Yes,Electronic check,23.56,751.1,No
C-522b4fa2,Male,0,Yes,No,61,Yes,Yes,DSL,No,No internet service,Yes,No,No,No,Month-to-month,No,Bank transfer (automatic),34.97,2114.3,No
C-7105366f,Male,0,No,Yes,37,Yes,No,DSL,No,No,No,No,No internet service,No,Month-to-month,Yes,Electronic check,24.98,950.99,No
C-3cacc3eb,Female,0,Yes,Yes,42,Yes,Yes,Fiber optic,No,No,Yes,Yes,No,Yes,Month-to-month,No,Credit card (automatic),59.2,2507.49,No
C-4c03a1a4,Male,0,Yes,Yes,7,Yes,No,Fiber optic,No,No,Yes,No,No,No,Two year,Yes,Electronic check,44.65,335.93,No
C-e25cc5a9,Female,0,No,No,22,Yes,Yes,Fiber optic,Yes,No,No,Yes,No,Yes,Month-to-month,Yes,Credit card (automatic),60.5,1339.56,No
C-63923a41,Female,0,No,No,9,Yes,Yes,No,No internet service,No internet service,No internet service,No internet service,No internet service,No internet service,Two year,Yes,Bank transfer (automatic),20.74,192.54,No
C-b4938d28,Male,0,No,No,44,Yes,Yes,DSL,No,Yes,No,No,No,No,Month-to-month,Yes,Electronic check,28.01,1219.74,No
C-6c4221ff,Female,0,No,Yes,12,Yes,No,DSL,No,No,No,Yes,No,Yes,Month-to-month,No,Electronic check,33.55,379.91,No
C-c6266fe0,Female,0,No,Yes,64,Yes,Yes,DSL,No,No,No,No,No,No,Month-to-month,Yes,Mailed check,25.64,1640.33,No
C-fb4e4d7b,Male,0,No,No,54,Yes,Yes,No,No internet service,No internet service,No internet service,No internet service,No internet service,No internet service,Two year,No,Bank transfer (automatic),18.0,982.65,No
C-6be098e8,Male,0,Yes,No,12,Yes,No,No,No internet service,No internet service,No internet service,No internet service,No internet service,No internet service,Two year,Yes,Electronic check,29.72,361.25,No
C-361b47d0,Male,0,No,No,27,Yes,Yes,No,No internet service,No internet service,No internet service,No internet service,No internet service,No internet service,Two year,No,Mailed check,21.18,600.22,No
C-917e5f97,Male,0,No,No,57,No,No phone service,DSL,No,No,No,Yes,No,No,One year,Yes,Credit card (automatic),23.06,1324.25,No
C-6c503a52,Male,1,Yes,No,0,Yes,Yes,Fiber optic,No internet service,Yes,Yes,Yes,No,Yes,Month-to-month,No,Bank transfer (automatic),66.15,0.46,Yes
C-d4d579d8,Male,0,Yes,No,6,Yes,Yes,No,No internet service,No internet service,No internet service,No internet service,No internet service,No internet service,Month-to-month,Yes,Credit card (automatic),18.7,79.98,No
C-c652bf7b,Female,0,No,No,18,Yes,No,DSL,No internet service,No,No,Yes,No,No,Month-to-month,Yes,Bank transfer (automatic),32.38,574.84,No
C-e339eb45,Female,0,Yes,No,10,Yes,Yes,DSL,No,No,No,No,No,Yes,Month-to-month,Yes,Credit card (automatic),34.23,363.01,Yes
C-3b4d8405,Male,0,Yes,No,28,Yes,Yes,DSL,No,No,No,No,No,Yes,Two year,No,Credit card (automatic),30.54,850.82,No
C-caee9b4e,Male,0,Yes,No,45,Yes,No,Fiber optic,Yes,No,No,No,Yes,Yes,Month-to-month,Yes,Credit card (automatic),65.6,2959.2,Yes
C-1147a550,Female,1,Yes,No,2,Yes,Yes,DSL,No,Yes,Yes,No,No,Yes,Month-to-month,No,Mailed check,40.37,77.23,Yes
C-36fd7987,Male,0,No,No,18,Yes,Yes,Fiber optic,No,No internet service,No,No,No internet service,No,Two year,Yes,Mailed check,39.79,709.28,No
C-789be32d,Female,0,No,No,68,Yes,No,Fiber optic,No internet service,No,No internet service,Yes,Yes,Yes,Month-to-month,Yes,Credit card (automatic),59.82,4067.38,Yes
C-a25abe84,Female,0,Yes,No,23,Yes,Yes,Fiber optic,No,No internet service,No,No,Yes,No,Two year,Yes,Credit card (automatic),48.19,1113.63,No
C-3363b1db,Female,1,Yes,No,49,Yes,No,DSL,No,No,No,No,No,No internet service,Month-to-month,No,Electronic check,25.29,1223.65,No
C-3a9146d2,Female,1,No,Yes,45,Yes,No,Fiber optic,No,Yes,No,No,Yes,No,Month-to-month,No,Electronic check,51.69,2357.35,No
C-f121276f,Male,0,No,No,1,Yes,Yes,DSL,Yes,Yes,No,No,Yes,Yes,Month-to-month,Yes,Credit card (automatic),44.41,66.95,Yes
C-881b9d1d,Male,1,Yes,No,41,Yes,No,Fiber optic,No,Yes,No,No,No,Yes,Month-to-month,No,Electronic check,52.76,2175.46,No
C-2e3c2d2d,Male,0,No,No,36,Yes,Yes,DSL,No,Yes,No,Yes,No,Yes,Month-to-month,No,Credit card (automatic),37.77,1357.47,Yes
C-5646fb1f,Female,1,No,Yes,14,Yes,No phone service,DSL,No,Yes,No internet service,No internet service,No,No,One year,No,Bank transfer (automatic),30.0,406.69,No
C-7cb81b9d,Male,0,Yes,No,13,Yes,No,DSL,No,No,Yes,No,No,No,Month-to-month,Yes,Credit card (automatic),30.11,397.08,Yes
C-be55fbd6,Male,0,No,No,40,Yes,No,DSL,No,Yes,No,No,Yes,No,Two year,No,Credit card (automatic),33.4,1341.05,No
C-67048138,Male,1,Yes,No,30,No,No phone service,No,No internet service,No internet service,No internet service,No internet service,No internet service,No internet service,Month-to-month,Yes,Electronic check,20.71,659.07,No
C-af72e579,Male,0,Yes,No,10,No,No phone service,DSL,No,Yes,No,No,No,Yes,Month-to-month,No,Credit card (automatic),35.4,352.47,No
C-c6f354e9,Male,1,Yes,No,64,Yes,No,DSL,No,No internet service,Yes,No,No internet service,No,Two year,Yes,Mailed check,28.06,1769.21,No
C-ce52383b,Male,1,Yes,No,71,Yes,No phone service,Fiber optic,No internet service,No,Yes,Yes,No,Yes,Month-to-month,Yes,Credit card (automatic),58.67,4138.95,Yes
C-28566452,Male,0,No,No,49,Yes,Yes,DSL,No,No,No,No,No,No internet service,Month-to-month,No,Electronic check,25.7,1238.9,Yes
C-f9cee994,Male,0,Yes,Yes,28,Yes,No phone service,DSL,No internet service,No,No,No,No internet service,No,One year,Yes,Bank transfer (automatic),25.72,713.67,No
C-c5c4def4,Male,1,Yes,No,20,Yes,Yes,Fiber optic,No internet service,Yes,No,Yes,Yes,No internet service,Month-to-month,No,Credit card (automatic),58.89,1137.93,No
C-3e6670a5,Female,0,No,No,15,Yes,Yes,Fiber optic,Yes,No,No internet service,No,Yes,No,Month-to-month,Yes,Mailed check,50.07,763.51,No
C-a935bb1e,Male,0,No,Yes,19,Yes,No,Fiber optic,No,Yes,No,No,Yes,Yes,Month-to-month,Yes,Credit card (automatic),54.82,1038.25,No
C-df6fdac3,Female,0,Yes,No,56,Yes,No phone service,Fiber optic,No internet service,Yes,Yes,Yes,Yes,No,One year,Yes,Bank transfer (automatic),60.19,3371.41,No
C-b735544c,Female,1,Yes,No,7,Yes,Yes,DSL,No,No,Yes,Yes,Yes,No,Month-to-month,No,Mailed check,38.19,271.01,No
C-4b174209,Male,0,Yes,No,9,Yes,No,DSL,No,No,No,No,No,No,Two year,Yes,Credit card (automatic),28.4,249.98,No
C-58d6d820,Female,0,No,No,61,Yes,Yes,No,No internet service,No internet service,No internet service,No internet service,No internet service,No internet service,One year,Yes,Electronic check,18.0,1090.66,No
C-c5498496,Female,0,No,No,45,Yes,No,DSL,No,No,No,No,No,No,Month-to-month,No,Credit card (automatic),26.66,1207.81,No
C-12923db9,Female,1,No,No,10,Yes,No,No,No internet service,No internet service,No internet service,No internet service,No internet service,No internet service,Month-to-month,No,Credit card (automatic),18.0,185.19,Yes
C-a26860af,Male,0,No,No,6,Yes,Yes,No,No internet service,No internet service,No internet service,No internet service,No internet service,No internet service,Two year,No,Bank transfer (automatic),20.67,99.23,No
C-1f01c03d,Female,1,Yes,No,2,Yes,Yes,Fiber optic,No,Yes,No,No internet service,Yes,No,Two year,Yes,Bank transfer (automatic),50.33,103.36,Yes
C-0b219ae1,Female,1,Yes,Yes,34,Yes,Yes,Fiber optic,Yes,No,No,No,Yes,Yes,Month-to-month,No,Electronic check,56.83,1924.9,Yes
C-a2a8a194,Female,0,Yes,No,10,No,No phone service,DSL,No,No,No,No,No,No,Two year,No,Mailed check,27.34,284.16,No
C-95e66345,Female,1,No,No,33,Yes,Yes,Fiber optic,No,Yes,No,No,No,Yes,Month-to-month,Yes,Electronic check,53.99,1777.49,Yes
C-2b48abe7,Female,0,No,No,48,Yes,Yes,Fiber optic,Yes,No internet service,Yes,Yes,Yes,No,One year,Yes,Mailed check,63.64,3063.42,No
C-19918241,Male,0,Yes,Yes,57,Yes,Yes,Fiber optic,Yes,Yes,No,No,No,No,Month-to-month,Yes,Mailed check,49.64,2804.47,Yes
C-cccff814,Female,0,No,No,7,Yes,Yes,No,No internet service,No internet service,No internet service,No internet service,No internet service,No internet service,Month-to-month,No,Bank transfer (automatic),18.0,133.57,Yes
C-9e2b5350,Female,0,No,No,10,Yes,No,Fiber optic,No,No internet service,No,No,No,No,Month-to-month,Yes,Electronic check,42.4,419.59,No
C-5afe6dd8,Female,0,Yes,No,5,Yes,Yes,Fiber optic,Yes,No,Yes,Yes,No internet service,Yes,One year,Yes,Mailed check,61.13,274.6,No
C-89550b7e,Male,0,Yes,No,4,Yes,No,Fiber optic,No,No,No,No,No internet service,No,Month-to-month,Yes,Mailed check,42.68,160.43,Yes
C-e3559cc5,Female,0,No,Yes,22,No,No phone service,No,No internet service,No internet service,No internet service,No internet service,No internet service,No internet service,Month-to-month,No,Bank transfer (automatic),19.35,399.87,Yes
C-9d06d507,Female,0,Yes,No,30,No,No phone service,Fiber optic,Yes,No,Yes,No,No,No,One year,No,Mailed check,49.79,1495.86,No
C-109d2275,Male,1,Yes,No,37,Yes,Yes,Fiber optic,Yes,No,Yes,No,Yes,No,Month-to-month,No,Bank transfer (automatic),59.26,2203.1,Yes
C-35301be7,Male,0,Yes,No,54,Yes,No phone service,No,No internet service,No internet service,No internet service,No internet service,No internet service,No internet service,One year,No,Electronic check,21.57,1123.66,No
C-c37a57bb,Male,0,Yes,No,12,Yes,Yes,Fiber optic,No,No,Yes,No,Yes,No,Month-to-month,Yes,Credit card (automatic),50.23,592.83,No
C-8ed0822f,Female,1,No,No,58,Yes,Yes,No,No internet service,No internet service,No internet service,No internet service,No internet service,No internet service,Month-to-month,No,Electronic check,18.0,1035.53,No
C-e88dd759,Male,0,Yes,No,25,Yes,No phone service,Fiber optic,No,Yes,No,No,No,No,Month-to-month,Yes,Mailed check,49.63,1254.59,No
C-5a49a771,Male,0,Yes,Yes,19,Yes,Yes,Fiber optic,Yes,Yes,No,No internet service,No,No,Month-to-month,No,Bank transfer (automatic),47.84,900.41,Yes
C-86d50143,Male,0,Yes,No,16,Yes,No,DSL,Yes,No,No,No,No,No,Two year,Yes,Electronic check,33.7,572.48,No
C-89d6baf3,Female,0,Yes,No,32,Yes,Yes,No,No internet service,No internet service,No internet service,No internet service,No internet service,No internet service,Month-to-month,Yes,Electronic check,23.31,702.46,No
C-caecf9b7,Female,0,Yes,No,70,Yes,Yes,No,No internet service,No internet service,No internet service,No internet service,No internet service,No internet service,Month-to-month,Yes,Bank transfer (automatic),21.49,1504.16,No
C-0806d9e6,Male,0,Yes,Yes,56,Yes,No,Fiber optic,No,Yes,No,Yes,No,Yes,One year,Yes,Electronic check,59.12,3324.07,No
C-16997801,Female,0,Yes,No,58,Yes,Yes,DSL,No internet service,No,No,No,Yes,No,One year,No,Electronic check,31.3,1809.09,No
C-db4e7566,Female,0,No,No,23,Yes,Yes,No,No internet service,No internet service,No internet service,No internet service,No internet service,No internet service,One year,No,Electronic check,21.26,533.37,No
C-77b5c428,Male,0,Yes,No,39,Yes,Yes,Fiber optic,Yes,No,No,No internet service,Yes,No internet service,Month-to-month,Yes,Electronic check,55.25,2161.81,Yes
C-a7f5a51d,Female,0,Yes,Yes,40,Yes,No,No,No internet service,No internet service,No internet service,No internet service,No internet service,No internet service,Two year,Yes,Bank transfer (automatic),18.97,757.0,No
C-36044dc2,Female,0,Yes,No,18,No,No phone service,DSL,Yes,Yes,No,Yes,Yes,No,Month-to-month,No,Electronic check,48.68,917.47,No
C-509e6a16,Female,0,Yes,Yes,52,Yes,Yes,Fiber optic,No,No internet service,No,No,Yes,No,Month-to-month,Yes,Credit card (automatic),48.89,2541.47,Yes
C-29decbf8,Female,0,Yes,No,60,Yes,No,Fiber optic,No internet service,Yes,No,No,No,Yes,Two year,Yes,Bank transfer (automatic),52.37,3179.2,No
C-fddff5b4,Female,0,No,No,37,Yes,No,Fiber optic,No,No,No internet service,Yes,Yes,No,Two year,No,Mailed check,47.4,1769.89,No
C-16ce4858,Male,0,Yes,Yes,23,Yes,Yes,Fiber optic,No internet service,No,Yes,No,Yes,No,One year,Yes,Credit card (automatic),51.25,1188.57,No
C-0f40a574,Male,0,Yes,Yes,52,Yes,Yes,No,No internet service,No internet service,No internet service,No internet service,No internet service,No internet service,One year,No,Credit card (automatic),20.54,1037.48,No
C-9728d3a0,Female,0,No,No,24,Yes,Yes,DSL,Yes,No,No,No internet service,No internet service,No,One year,Yes,Mailed check,29.49,712.24,No
C-015881b1,Male,0,No,No,44,Yes,Yes,No,No internet service,No internet service,No internet service,No internet service,No internet service,No internet service,Month-to-month,Yes,Electronic check,21.46,967.75,No
C-332032c8,Male,0,No,No,23,Yes,No phone service,Fiber optic,Yes,No,No,No,No internet service,No,One year,No,Bank transfer (automatic),46.59,1056.27,No
C-0f525bcd,Female,1,Yes,Yes,8,No,No phone service,Fiber optic,No,Yes,Yes,No,No,No,One year,No,Credit card (automatic),50.34,370.86,No
C-44a989ad,Male,0,Yes,No,65,Yes,Yes,Fiber optic,No,No,No,No,No,No,Two year,No,Electronic check,37.05,2397.91,Yes
C-f73f8384,Female,0,No,No,49,Yes,Yes,DSL,No,No internet service,Yes,No,No,Yes,Month-to-month,Yes,Credit card (automatic),35.47,1746.35,No
C-a704421d,Female,0,No,No,13,Yes,Yes,Fiber optic,No,No,No internet service,No internet service,No,Yes,Month-to-month,Yes,Bank transfer (automatic),42.96,547.77,No
C-f60c1729,Female,0,Yes,No,72,Yes,No,Fiber optic,Yes,No,No,No,Yes,Yes,Two year,No,Electronic check,57.63,4152.65,No
C-35431956,Male,0,No,Yes,4,Yes,No phone service,Fiber optic,No,Yes,No,Yes,No,No,Month-to-month,Yes,Electronic check,52.82,177.24,Yes
C-005aa66f,Female,0,No,No,9,Yes,No,DSL,No,No,Yes,No internet service,No,No,One year,Yes,Electronic check,33.71,319.46,No
C-6e1d6b74,Female,0,No,No,64,Yes,No,DSL,No,No,No,Yes,No,No,Month-to-month,Yes,Mailed check,30.99,1967.12,Yes
C-92e6b2af,Female,0,No,No,49,Yes,No,No,No internet service,No internet service,No internet service,No internet service,No internet service,No internet service,Two year,Yes,Electronic check,18.22,915.19,No
C-b77edea7,Male,0,No,No,40,Yes,Yes,DSL,No,No,Yes,No,Yes,Yes,One year,No,Electronic check,40.55,1610.1,No
C-8e422c8f,Female,0,No,No,30,Yes,Yes,Fiber optic,No,Yes,Yes,No,No,No,Month-to-month,No,Mailed check,48.27,1470.21,No
C-92ca306c,Male,0,Yes,Yes,64,Yes,No phone service,Fiber optic,No,Yes,No,No,No,No,Month-to-month,No,Electronic check,43.68,2841.73,Yes
C-a9eb6ebe,Female,0,No,No,27,Yes,Yes,Fiber optic,No,Yes,No internet service,Yes,Yes,Yes,One year,Yes,Electronic check,57.18,1533.36,No
C-a65b6da0,Male,0,No,No,23,Yes,Yes,Fiber optic,No,No,No,No,Yes,No internet service,Two year,No,Mailed check,42.07,968.53,No
C-8f84c4da,Male,0,Yes,No,68,Yes,No phone service,No,No internet service,No internet service,No internet service,No internet service,No internet service,No internet service,Two year,No,Electronic check,21.11,1444.98,No
C-7e9e1830,Female,0,No,Yes,12,Yes,No,No,No internet service,No internet service,No internet service,No internet service,No internet service,No internet service,Two year,No,Electronic check,18.0,203.15,No
C-8ce43c1d,Female,1,Yes,No,48,Yes,No,Fiber optic,No,No,Yes,No,No,No,Two year,Yes,Electronic check,44.27,2130.19,No
C-3ffe0080,Male,0,Yes,Yes,30,Yes,No,No,No internet service,No internet service,No internet service,No internet service,No internet service,No internet service,Month-to-month,Yes,Bank transfer (automatic),20.8,641.09,No
C-f797bc7b,Female,1,Yes,No,71,Yes,Yes,Fiber optic,No,No,No,No,No,No internet service,Month-to-month,No,Credit card (automatic),37.09,2651.94,Yes
C-9f37cfb2,Female,0,Yes,Yes,25,No,No phone service,DSL,No,No,Yes,No,Yes,No,Month-to-month,No,Electronic check,36.95,947.83,No
C-1ffce0d1,Male,0,Yes,No,24,Yes,Yes,Fiber optic,No internet service,Yes,No,Yes,No,Yes,Two year,Yes,Mailed check,55.59,1336.0,No
C-036c3581,Female,0,Yes,No,9,Yes,No,No,No internet service,No internet service,No internet service,No internet service,No internet service,No internet service,Month-to-month,Yes,Credit card (automatic),21.11,202.47,Yes
C-f3b52dc8,Female,0,Yes,No,29,Yes,No,DSL,Yes,No,Yes,No,Yes,No internet service,Month-to-month,Yes,Bank transfer (automatic),42.39,1226.09,No
C-b3da91ba,Female,0,Yes,No,67,Yes,Yes,Fiber optic,No,Yes,No,No,No,Yes,Two year,Yes,Electronic check,50.55,3408.62,No
C-0f5d5ba5,Female,0,Yes,No,32,Yes,Yes,Fiber optic,No,No internet service,Yes,No,No,No,One year,No,Credit card (automatic),49.54,1591.47,No
C-4d0e9149,Female,0,No,Yes,39,Yes,No,DSL,No,No,No,No,Yes,No,Month-to-month,No,Bank transfer (automatic),31.12,1233.39,No
C-f2d865d7,Female,0,No,No,22,Yes,No phone service,DSL,No,No,No internet service,Yes,No,No,Month-to-month,No,Bank transfer (automatic),29.03,652.59,No
C-3a537b1e,Male,0,Yes,Yes,3,No,No phone service,DSL,No,No,No internet service,No,Yes,No,One year,No,Mailed check,27.51,120.71,Yes
C-877fe275,Male,0,No,No,24,Yes,Yes,Fiber optic,Yes,Yes,No internet service,No,No,No,Month-to-month,No,Electronic check,48.91,1144.73,Yes
C-cea454b3,Male,0,Yes,Yes,65,Yes,No,Fiber optic,No,No,No,No,No internet service,No,One year,No,Bank transfer (automatic),35.56,2294.1,No
C-c366de55,Female,0,Yes,Yes,37,Yes,No,No,No internet service,No internet service,No internet service,No internet service,No internet service,No internet service,Two year,No,Bank transfer (automatic),18.0,684.04,No
C-ee0eed85,Female,0,Yes,Yes,3,Yes,Yes,DSL,No internet service,No,Yes,No,Yes,No internet service,Month-to-month,Yes,Credit card (automatic),32.94,90.04,Yes
C-44787161,Female,0,No,No,31,Yes,Yes,DSL,No,No,Yes,No,No,No,Month-to-month,Yes,Electronic check,25.04,744.63,Yes
C-1d3799b1,Male,0,No,No,51,Yes,Yes,No,No internet service,No internet service,No internet service,No internet service,No internet service,No internet service,One year,No,Electronic check,23.74,1211.69,No
C-aa9b52fa,Male,0,No,No,68,Yes,No,No,No internet service,No internet service,No internet service,No internet service,No internet service,No internet service,Month-to-month,Yes,Bank transfer (automatic),19.07,1301.68,No
C-a6425a77,Female,0,No,Yes,45,Yes,No phone service,Fiber optic,Yes,No,No,No,No,No,Month-to-month,Yes,Credit card (automatic),44.91,2011.1,Yes
C-4f199a0a,Female,0,No,No,35,Yes,No phone service,Fiber optic,No,No,No,No,No,No internet service,Month-to-month,Yes,Bank transfer (automatic),37.81,1336.03,Yes
C-6ad7de8c,Female,0,Yes,No,0,Yes,No phone service,Fiber optic,Yes,Yes,No internet service,No,No,No internet service,Month-to-month,Yes,Electronic check,53.22,15.01,Yes
C-f24df003,Female,0,No,No,62,Yes,No,DSL,Yes,Yes,Yes,No,Yes,Yes,One year,Yes,Mailed check,51.94,3211.86,No
C-abcef607,Male,0,Yes,No,38,Yes,Yes,DSL,No,No internet service,No,Yes,No,Yes,Month-to-month,Yes,Mailed check,35.58,1389.08,No
C-1237c8a3,Female,0,Yes,No,23,No,No phone service,DSL,No,No,Yes,Yes,No,No internet service,Month-to-month,Yes,Electronic check,38.0,896.39,Yes
C-3dab40dd,Female,0,Yes,No,58,Yes,Yes,DSL,No,No,No,Yes,No,Yes,Two year,Yes,Mailed check,34.59,2014.75,No
C-3addcb50,Female,1,Yes,Yes,9,Yes,Yes,DSL,No,Yes,No,No internet service,Yes,No,Two year,Yes,Mailed check,41.56,370.19,No
C-66f1803c,Male,0,Yes,No,3,Yes,Yes,Fiber optic,No,No,No internet service,No,No,No,One year,Yes,Electronic check,42.06,136.65,Yes
C-4d34fda1,Male,0,No,No,40,Yes,Yes,Fiber optic,No,No,No,No internet service,No,No,One year,Yes,Electronic check,42.82,1720.25,No
C-603866a3,Male,0,No,No,33,Yes,Yes,DSL,Yes,No,Yes,No,Yes,No,Month-to-month,No,Electronic check,41.48,1332.1,Yes
C-e8cc9d23,Female,0,Yes,Yes,15,Yes,No,DSL,Yes,No,No,No,Yes,Yes,Month-to-month,Yes,Electronic check,42.67,631.61,No
C-defce64b,Female,0,Yes,Yes,18,Yes,Yes,DSL,Yes,No internet service,Yes,No,Yes,No internet service,Month-to-month,No,Credit card (automatic),37.1,688.73,No
C-91266054,Male,0,Yes,No,21,Yes,Yes,No,No internet service,No internet service,No internet service,No internet service,No internet service,No internet service,One year,No,Credit card (automatic),18.0,382.24,Yes
C-bdb02844,Male,0,No,No,10,Yes,No,DSL,No internet service,Yes,Yes,Yes,No,No,Month-to-month,No,Mailed check,36.53,364.23,Yes
C-8d239495,Male,1,Yes,No,72,Yes,No,DSL,Yes,Yes,No,No,Yes,No,Month-to-month,No,Credit card (automatic),38.58,2743.04,No
C-09014bc0,Male,0,No,No,0,Yes,No,DSL,No,No,No,No internet service,No,Yes,Two year,No,Electronic check,29.34,0.0,No
C-187510a1,Female,0,Yes,Yes,26,Yes,No phone service,No,No internet service,No internet service,No internet service,No internet service,No internet service,No internet service,Two year,Yes,Electronic check,22.63,608.42,No
C-6f344cea,Female,0,No,Yes,62,Yes,Yes,DSL,No internet service,No,No,No,No,No,Two year,Yes,Credit card (automatic),24.85,1545.14,No
C-177f2d0a,Female,0,No,No,25,No,No phone service,DSL,No,No,Yes,Yes,No internet service,Yes,Month-to-month,No,Electronic check,43.0,1097.15,No
C-2fd53195,Male,0,No,No,67,Yes,Yes,DSL,Yes,No,No internet service,No,No,No,Month-to-month,No,Bank transfer (automatic),36.0,2389.44,No
C-c730ec08,Female,0,No,No,36,Yes,No,DSL,No,No,No,No,No,Yes,Two year,No,Credit card (automatic),32.69,1175.46,No
C-b00a3296,Female,0,No,Yes,30,No,No phone service,Fiber optic,No,No,No,No,No,No,One year,No,Mailed check,41.87,1229.43,No
C-3ecf0271,Female,0,Yes,Yes,56,Yes,Yes,DSL,No,No internet service,Yes,No,Yes,No,Month-to-month,Yes,Credit card (automatic),36.03,2009.17,No
C-da9a3375,Male,0,Yes,No,26,Yes,No phone service,Fiber optic,No,No,No,No,No,Yes,Month-to-month,No,Electronic check,43.17,1118.39,Yes
C-98929a32,Female,0,No,Yes,9,Yes,No,Fiber optic,Yes,No internet service,No,No,Yes,No,Month-to-month,Yes,Electronic check,47.61,447.25,No
C-0236a1f6,Male,1,Yes,No,18,Yes,No,Fiber optic,No internet service,No,Yes,No,Yes,No,Two year,No,Electronic check,54.05,976.64,No
C-b4411c04,Male,0,Yes,No,35,No,No phone service,DSL,No,Yes,No,No,Yes,No internet service,One year,Yes,Bank transfer (automatic),33.16,1195.57,No
C-ec1d31f6,Female,0,No,No,58,Yes,No phone service,Fiber optic,Yes,No,No,No,No,No,Month-to-month,No,Credit card (automatic),46.78,2679.7,No
C-fb032767,Male,0,Yes,No,64,Yes,No,Fiber optic,Yes,No,No internet service,Yes,Yes,Yes,Month-to-month,Yes,Electronic check,61.78,3975.43,Yes
C-de1b5f25,Male,0,Yes,No,69,Yes,Yes,DSL,Yes,No,No,No,Yes,Yes,Two year,Yes,Mailed check,44.95,3076.74,No
C-af0e7d3f,Female,0,Yes,Yes,33,Yes,No,DSL,Yes,No,No,Yes,No,No,Month-to-month,Yes,Bank transfer (automatic),36.33,1199.94,Yes
C-2b9f77e4,Male,0,Yes,Yes,64,Yes,No phone service,Fiber optic,No,No,Yes,Yes,Yes,Yes,Month-to-month,Yes,Mailed check,61.09,3910.58,No
C-dd765c35,Male,0,Yes,No,59,Yes,No,DSL,Yes,No,No,No,No,Yes,Two year,Yes,Mailed check,33.15,1924.02,No
C-0abf3c58,Female,0,No,Yes,13,Yes,Yes,DSL,No,No,Yes,No,No internet service,No,Month-to-month,No,Mailed check,26.15,331.11,No
C-99bb6616,Male,0,Yes,No,22,Yes,Yes,Fiber optic,No,Yes,Yes,No,No,No,Two year,Yes,Credit card (automatic),56.65,1256.89,No
C-84cb8213,Male,0,Yes,Yes,34,No,No phone service,DSL,No internet service,No,Yes,No internet service,No,No,Month-to-month,Yes,Bank transfer (automatic),31.23,1060.84,No
C-7fd83a21,Male,0,No,No,21,No,No phone service,Fiber optic,No,Yes,No,Yes,No,No,Month-to-month,Yes,Credit card (automatic),50.76,1038.99,No
C-4e2d2fa2,Female,0,Yes,No,26,Yes,No,Fiber optic,Yes,Yes,No,No,No,Yes,Two year,Yes,Electronic check,55.25,1420.72,No
C-2de1f2d3,Male,1,No,No,4,Yes,Yes,No,No internet service,No internet service,No internet service,No internet service,No internet service,No internet service,Month-to-month,Yes,Electronic check,19.62,78.55,Yes
C-b3572516,Female,0,Yes,Yes,42,Yes,No phone service,DSL,No internet service,No,No,Yes,No,No,Month-to-month,No,Mailed check,29.65,1224.56,No
C-617f48f7,Male,0,Yes,No,59,Yes,No phone service,Fiber optic,Yes,No,No,No,Yes,Yes,One year,Yes,Bank transfer (automatic),57.47,3367.02,No
C-9b5dc54e,Female,0,No,No,29,Yes,No,Fiber optic,No,No,No,No,Yes,No,Month-to-month,No,Credit card (automatic),43.44,1258.59,Yes
C-e9ba1d7f,Female,1,No,No,67,Yes,No,Fiber optic,Yes,No,No internet service,No,No,No,Two year,No,Credit card (automatic),43.28,2901.53,No
C-f11ac6bf,Female,0,No,No,39,Yes,Yes,DSL,No,Yes,No,No,Yes,No,Month-to-month,Yes,Bank transfer (automatic),39.11,1502.1,No
C-f1891250,Male,0,No,Yes,60,Yes,Yes,No,No internet service,No internet service,No internet service,No internet service,No internet service,No internet service,Month-to-month,No,Credit card (automatic),22.79,1362.06,No
C-7f3d7d9a,Male,1,Yes,Yes,15,No,No phone service,Fiber optic,No,No internet service,Yes,No,Yes,No,Two year,No,Electronic check,49.19,750.08,No
C-75f93523,Female,0,Yes,Yes,20,Yes,No,DSL,Yes,No,No,No,No,No,Month-to-month,Yes,Mailed check,28.73,572.25,No
C-c04e6a4e,Female,0,No,Yes,62,Yes,No phone service,Fiber optic,Yes,Yes,No internet service,No internet service,No,Yes,Two year,Yes,Credit card (automatic),57.3,3557.29,No
C-07490c03,Male,0,Yes,No,52,Yes,No,No,No internet service,No internet service,No internet service,No internet service,No internet service,No internet service,One year,No,Mailed check,19.39,1003.95,No
C-9a567231,Male,0,Yes,No,70,Yes,No phone service,DSL,No internet service,Yes,No,Yes,No,No,Month-to-month,Yes,Electronic check,37.16,2616.96,No
C-1c44f173,Male,0,No,No,17,Yes,No,DSL,Yes,No,No,Yes,No,Yes,Month-to-month,Yes,Mailed check,40.32,699.22,No
C-3c9592a6,Male,0,No,No,11,Yes,Yes,DSL,Yes,Yes,Yes,Yes,No,No,Month-to-month,No,Mailed check,45.76,507.22,Yes
C-b54be9b7,Male,0,Yes,Yes,56,Yes,Yes,No,No internet service,No internet service,No internet service,No internet service,No internet service,No internet service,Month-to-month,Yes,Bank transfer (automatic),20.54,1182.47,No
C-447fce0a,Male,1,Yes,No,61,No,No phone service,Fiber optic,No,Yes,No,No,No,No,Month-to-month,Yes,Electronic check,45.08,2727.85,Yes
C-d6cd20d5,Female,0,No,Yes,29,Yes,No,DSL,Yes,No,Yes,No,No,No,Month-to-month,No,Electronic check,35.54,1039.02,No
C-6b764562,Male,1,No,No,22,Yes,Yes,Fiber optic,No,No internet service,Yes,No,No,No internet service,Month-to-month,No,Mailed check,48.97,1090.71,Yes
C-94b65d3a,Female,0,No,No,64,Yes,Yes,DSL,Yes,Yes,No,No,No,No,Month-to-month,No,Mailed check,36.84,2359.96,No
C-b065b55a,Male,0,Yes,No,42,Yes,Yes,DSL,No,No,Yes,No,No internet service,Yes,Two year,Yes,Credit card (automatic),35.22,1478.64,No
C-80c3afa8,Male,0,Yes,No,61,Yes,No,DSL,No,Yes,No internet service,No,Yes,Yes,Month-to-month,No,Mailed check,42.23,2575.2,No
C-7472bed2,Male,0,No,No,44,No,No phone service,Fiber optic,No,No,Yes,Yes,Yes,No,One year,No,Bank transfer (automatic),57.53,2505.41,No
C-d748b10d,Male,0,Yes,No,26,Yes,Yes,DSL,Yes,No,Yes,Yes,No internet service,No,Month-to-month,Yes,Mailed check,41.2,1067.28,No
C-ac81a680,Female,0,Yes,No,9,Yes,No,DSL,No,Yes,No,No,Yes,Yes,One year,No,Electronic check,46.11,403.35,Yes
C-7ad20090,Male,0,Yes,No,14,Yes,No phone service,DSL,No,No internet service,No,Yes,No,No,Month-to-month,Yes,Credit card (automatic),26.98,402.95,Yes
C-af386adc,Male,0,Yes,Yes,28,Yes,Yes,Fiber optic,No,No,No internet service,No,No,No,One year,Yes,Credit card (automatic),42.36,1174.24,No
C-abb3d3ce,Female,0,No,No,23,Yes,No,DSL,No,No,Yes,Yes,No,No,Two year,No,Credit card (automatic),32.09,760.52,No
C-5bafef76,Female,0,No,No,18,Yes,Yes,Fiber optic,No,No,No,No internet service,No,No internet service,Two year,No,Credit card (automatic),40.82,715.72,No
C-5cda2623,Female,1,No,No,63,No,No phone service,Fiber optic,No,Yes,No internet service,No,Yes,Yes,Two year,No,Credit card (automatic),58.14,3657.54,No
C-7c9e46ee,Female,0,No,No,71,Yes,Yes,No,No internet service,No internet service,No internet service,No internet service,No internet service,No internet service,Two year,Yes,Credit card (automatic),18.0,1295.29,No
C-061275e3,Male,0,Yes,No,63,No,No phone service,DSL,Yes,No,Yes,No,No,No,One year,Yes,Bank transfer (automatic),36.65,2307.86,No
C-13f1d220,Female,0,No,Yes,67,Yes,Yes,Fiber optic,No,No,No,Yes,Yes,No,Month-to-month,No,Bank transfer (automatic),51.05,3413.1,Yes
C-6815f80b,Male,0,Yes,Yes,49,Yes,No phone service,DSL,No internet service,Yes,Yes,Yes,No,No,Month-to-month,Yes,Mailed check,38.59,1905.85,No
C-37c08009,Female,0,No,Yes,23,Yes,Yes,Fiber optic,Yes,No internet service,Yes,Yes,Yes,No,Two year,Yes,Mailed check,62.31,1430.19,No
C-79c88369,Male,0,Yes,No,70,Yes,Yes,No,No internet service,No internet service,No internet service,No internet service,No internet service,No internet service,Month-to-month,No,Electronic check,22.24,1574.93,Yes
C-bca1b7f2,Female,1,No,Yes,20,Yes,No,No,No internet service,No internet service,No internet service,No internet service,No internet service,No internet service,Month-to-month,Yes,Electronic check,21.24,440.46,Yes
C-a7c3ea53,Male,0,Yes,No,31,Yes,Yes,No,No internet service,No internet service,No internet service,No internet service,No internet service,No internet service,Month-to-month,Yes,Mailed check,19.36,615.55,No
C-39413111,Male,0,Yes,No,27,No,No phone service,No,No internet service,No internet service,No internet service,No internet service,No internet service,No internet service,One year,Yes,Mailed check,25.31,640.76,Yes
C-8528338b,Male,0,No,No,5,Yes,Yes,DSL,No,No,No,No,Yes,No,Two year,No,Electronic check,39.42,194.15,No
C-10a030f1,Female,0,Yes,No,46,No,No phone service,DSL,No,No,No,Yes,Yes,Yes,Month-to-month,Yes,Electronic check,44.73,2048.72,No
C-06b16dea,Female,1,Yes,No,47,Yes,Yes,Fiber optic,Yes,No internet service,No,No,No,Yes,One year,No,Mailed check,53.31,2507.25,No
C-0eb3a2f8,Male,0,No,No,22,Yes,Yes,Fiber optic,Yes,No,No,No,No internet service,No internet service,Month-to-month,No,Electronic check,46.66,1018.21,No
C-6e7972ac,Female,0,No,Yes,37,Yes,No phone service,DSL,No,Yes,Yes,No,Yes,No,Month-to-month,Yes,Electronic check,37.88,1408.12,Yes
C-c703f828,Male,0,No,No,37,Yes,No,DSL,No,Yes,No,No,No,No,Two year,No,Bank transfer (automatic),31.93,1186.17,No
C-c6ae2eca,Female,0,Yes,No,53,Yes,Yes,Fiber optic,Yes,No,No,Yes,No internet service,No,One year,No,Electronic check,49.39,2640.94,No
C-ed5f386f,Female,0,No,Yes,49,Yes,Yes,Fiber optic,No,No,No internet service,No,No,No internet service,Two year,Yes,Credit card (automatic),37.08,1786.4,No
C-16115823,Male,1,No,No,72,Yes,No,Fiber optic,No,No,Yes,No,No,No,One year,No,Credit card (automatic),45.11,3274.37,No
C-e7e876c2,Female,0,No,No,25,Yes,Yes,DSL,Yes,No,No,No,No internet service,No,One year,No,Electronic check,30.42,768.85,No
C-97a23945,Female,0,Yes,No,3,Yes,Yes,DSL,Yes,No,Yes,No,No,Yes,Month-to-month,No,Bank transfer (automatic),42.77,165.42,Yes
C-36a531fa,Female,0,No,Yes,20,Yes,Yes,DSL,No,No,No,Yes,No,Yes,One year,Yes,Electronic check,37.16,758.19,No
C-1e8e04bf,Male,0,No,No,6,Yes,No,DSL,No,No,No,No,No,Yes,One year,No,Bank transfer (automatic),29.41,133.93,No
C-874b1b9e,Female,0,No,No,23,No,No phone service,DSL,Yes,Yes,Yes,Yes,Yes,Yes,Two year,No,Mailed check,52.4,1195.27,No
C-489929ae,Female,0,No,No,60,Yes,No phone service,DSL,Yes,No,No internet service,No internet service,No,No,Two year,No,Electronic check,32.33,1947.82,No
C-26956e54,Female,1,No,No,67,Yes,Yes,DSL,No,No,No,No,No,Yes,Two year,Yes,Mailed check,28.05,1895.79,No
C-1214d519,Female,0,No,Yes,52,Yes,No,No,No internet service,No internet service,No internet service,No internet service,No internet service,No internet service,Month-to-month,No,Electronic check,23.75,1233.42,Yes
C-b50b3335,Male,0,No,Yes,1,Yes,No,Fiber optic,Yes,No,No,No,Yes,Yes,One year,No,Bank transfer (automatic),59.95,25.6,No
C-3fdcdce5,Female,1,Yes,No,5,Yes,No,Fiber optic,No,Yes,Yes,No internet service,Yes,No,Two year,No,Mailed check,54.95,268.49,Yes
C-d1711e3f,Male,0,No,No,57,Yes,No,DSL,No,No,No,No internet service,No,Yes,Month-to-month,No,Mailed check,30.73,1772.52,Yes
C-82e09426,Male,0,No,No,1,Yes,Yes,Fiber optic,No internet service,Yes,No,No,No,Yes,Two year,Yes,Electronic check,46.76,56.94,Yes
C-eba9d979,Female,1,Yes,No,42,Yes,No,Fiber optic,No,Yes,No,No,No,Yes,Month-to-month,Yes,Electronic check,47.23,1978.91,Yes
C-461e3ae6,Male,0,Yes,Yes,1,Yes,No phone service,Fiber optic,Yes,No,No,No,Yes,Yes,Two year,No,Bank transfer (automatic),50.26,26.71,No
C-8b0995f6,Female,0,Yes,Yes,21,Yes,Yes,Fiber optic,No,No internet service,No internet service,No,No,Yes,Two year,No,Electronic check,42.28,886.17,No
C-c3eb6528,Female,0,No,No,25,Yes,No phone service,DSL,Yes,No,No,No,No,No internet service,One year,Yes,Credit card (automatic),30.42,735.98,No
C-ad6d818f,Male,1,Yes,No,10,No,No phone service,No,No internet service,No internet service,No internet service,No internet service,No internet service,No internet service,Two year,No,Electronic check,18.0,177.52,No
C-5c86bf56,Male,0,No,No,61,Yes,No phone service,DSL,No,No,Yes,No,No,No,Month-to-month,No,Mailed check,34.07,2122.77,No
C-3fc50958,Female,0,Yes,No,33,Yes,Yes,Fiber optic,No,No,No,No internet service,No,No,Month-to-month,Yes,Electronic check,38.66,1267.62,No
C-7b34cc1d,Female,0,Yes,No,29,Yes,Yes,Fiber optic,No,Yes,No,No,No,No,Month-to-month,Yes,Credit card (automatic),39.75,1133.02,Yes
C-dbd0a420,Male,0,Yes,No,25,Yes,Yes,Fiber optic,Yes,No,No,Yes,Yes,No,Month-to-month,Yes,Credit card (automatic),52.35,1321.66,No
C-ef54347f,Female,1,Yes,No,19,Yes,Yes,DSL,No,Yes,No,No,No,Yes,Two year,Yes,Electronic check,34.56,631.57,No
C-3a032690,Female,1,No,No,6,Yes,No,Fiber optic,Yes,No,No internet service,No,No,No,Month-to-month,Yes,Mailed check,45.55,280.52,No
C-40b647a4,Female,1,Yes,Yes,6,Yes,No,Fiber optic,No,No,Yes,Yes,Yes,No,Month-to-month,Yes,Mailed check,56.26,280.99,Yes
C-223b1184,Male,0,Yes,No,33,Yes,No phone service,DSL,No,No,Yes,No,Yes,Yes,Month-to-month,Yes,Credit card (automatic),40.94,1355.96,Yes
C-2fc3cd5c,Female,0,Yes,No,31,Yes,No,DSL,No,No,No internet service,No internet service,No,No,Month-to-month,Yes,Electronic check,22.2,692.94,No
C-d9e3ed31,Female,0,Yes,No,41,Yes,Yes,DSL,Yes,Yes,No internet service,No,Yes,No,Two year,Yes,Mailed check,48.28,1982.27,No
C-54f9dc4a,Female,0,No,No,12,Yes,No phone service,Fiber optic,No,Yes,No,No,Yes,No,Two year,Yes,Electronic check,49.34,602.28,Yes
C-c25c81d3,Male,1,Yes,Yes,18,Yes,Yes,No,No internet service,No internet service,No internet service,No internet service,No internet service,No internet service,Month-to-month,No,Bank transfer (automatic),21.13,354.95,Yes
C-a3acceb3,Male,0,No,Yes,64,Yes,No,Fiber optic,No internet service,Yes,No,Yes,No,No,Month-to-month,Yes,Bank transfer (automatic),45.69,2919.6,Yes
C-684cbb19,Male,0,No,No,4,Yes,Yes,No,No internet service,No internet service,No internet service,No internet service,No internet service,No internet service,One year,Yes,Bank transfer (automatic),21.76,57.11,Yes
C-61618f9a,Male,0,No,No,69,Yes,Yes,DSL,Yes,No,No,Yes,No,Yes,One year,Yes,Electronic check,47.99,3320.44,Yes
C-094cf42a,Male,0,No,Yes,60,Yes,Yes,Fiber optic,Yes,Yes,No,No,No,No,Month-to-month,Yes,Mailed check,52.62,3151.63,No
C-82151d2c,Male,0,No,Yes,47,Yes,No,No,No internet service,No internet service,No internet service,No internet service,No internet service,No internet service,Month-to-month,Yes,Bank transfer (automatic),20.96,1005.95,Yes
C-c68bb7cf,Male,1,Yes,Yes,40,Yes,No phone service,Fiber optic,No,No,No,No,No,Yes,One year,Yes,Mailed check,49.46,2003.77,No
C-dd30648a,Female,0,No,No,11,Yes,Yes,DSL,No,Yes,No,No,No,No,Two year,No,Credit card (automatic),31.85,329.67,No
C-92211273,Male,0,Yes,No,46,Yes,No,DSL,No,No,No,Yes,No internet service,No,Month-to-month,No,Mailed check,30.16,1404.01,No
C-4de51b71,Female,0,No,Yes,34,Yes,Yes,Fiber optic,Yes,No internet service,No,No,No,No,Month-to-month,No,Mailed check,40.6,1369.62,No
C-b53a7fd2,Female,0,Yes,No,8,Yes,No,Fiber optic,No,Yes,No,Yes,No,No,Month-to-month,No,Credit card (automatic),49.71,411.3,Yes
C-fb081744,Male,0,No,No,35,Yes,No,DSL,Yes,No,No internet service,No,No,No,One year,No,Electronic check,38.35,1321.33,No
C-77c72414,Male,1,No,No,70,Yes,No,DSL,Yes,No,No,No,No internet service,No,Two year,Yes,Electronic check,32.09,2243.22,No
C-f7919870,Female,0,Yes,Yes,41,Yes,No,No,No internet service,No internet service,No internet service,No internet service,No internet service,No internet service,Two year,No,Credit card (automatic),18.0,756.4,No
C-043ec9f3,Female,0,No,No,38,Yes,No,No,No internet service,No internet service,No internet service,No internet service,No internet service,No internet service,Month-to-month,No,Mailed check,18.32,687.14,No
C-b343e229,Male,0,No,No,57,Yes,Yes,DSL,No,No,No,Yes,No,Yes,Month-to-month,Yes,Electronic check,36.82,2125.7,Yes
C-3e20ade7,Female,0,No,Yes,32,Yes,No,DSL,Yes,No,Yes,No internet service,No,No,Month-to-month,No,Electronic check,32.57,1097.15,Yes
C-cb62187e,Male,0,No,No,0,Yes,No,No,No internet service,No internet service,No internet service,No internet service,No internet service,No internet service,Month-to-month,Yes,Electronic check,20.75,0.0,Yes
C-fdc86827,Female,0,No,Yes,60,Yes,No,DSL,No internet service,No,Yes,No,No,Yes,One year,No,Credit card (automatic),35.5,2164.56,No
C-5a5bfb0a,Male,1,Yes,No,55,Yes,Yes,Fiber optic,No,No,No,No internet service,No,Yes,Two year,Yes,Mailed check,49.46,2736.99,No
C-5d5baad5,Female,0,No,No,54,Yes,No,DSL,No internet service,No,No,No,No internet service,Yes,Month-to-month,No,Electronic check,35.4,1920.72,No
C-886bf974,Female,0,Yes,No,41,Yes,No,Fiber optic,No,No internet service,No,No,No,Yes,Month-to-month,Yes,Electronic check,53.75,2232.88,Yes
C-93922213,Female,0,No,No,32,Yes,Yes,No,No internet service,No internet service,No internet service,No internet service,No internet service,No internet service,Month-to-month,Yes,Credit card (automatic),19.36,652.95,No
C-b6d68264,Male,0,Yes,No,53,Yes,Yes,DSL,No,Yes,No,No internet service,Yes,No,Month-to-month,No,Mailed check,38.32,2004.93,Yes
C-1ae72476,Female,0,Yes,No,5,No,No phone service,Fiber optic,No,Yes,Yes,No,No,No internet service,Month-to-month,No,Mailed check,48.51,259.75,Yes
C-ebbb41a3,Female,0,No,No,66,Yes,No phone service,No,No internet service,No internet service,No internet service,No internet service,No internet service,No internet service,Month-to-month,Yes,Credit card (automatic),19.16,1260.75,No
C-9cc2762c,Male,0,Yes,Yes,8,Yes,Yes,DSL,No,Yes,Yes,Yes,No,Yes,One year,Yes,Mailed check,51.73,405.69,Yes
C-7bc0d13e,Male,0,No,No,13,Yes,Yes,DSL,No,Yes,No,No,Yes,No internet service,Month-to-month,Yes,Electronic check,40.23,506.82,Yes
C-1dc3eda1,Male,0,Yes,No,40,Yes,No phone service,Fiber optic,No,No,Yes,No,No internet service,Yes,Month-to-month,No,Mailed check,44.57,1797.12,No
C-b4a33231,Female,0,No,Yes,19,Yes,Yes,DSL,No internet service,Yes,No,No,No,Yes,Month-to-month,Yes,Bank transfer (automatic),32.61,648.58,Yes
C-f3440856,Male,0,No,No,40,Yes,Yes,DSL,No,No,Yes,No,No internet service,Yes,Two year,Yes,Mailed check,37.99,1544.9,No
C-aedecdc2,Male,0,Yes,No,43,Yes,No,Fiber optic,Yes,No,Yes,No internet service,Yes,No internet service,Month-to-month,No,Credit card (automatic),58.22,2493.84,Yes
C-d03bb667,Male,0,Yes,No,16,No,No phone service,Fiber optic,No,Yes,No,Yes,Yes,No,One year,Yes,Credit card (automatic),56.18,902.63,No
C-0f507c50,Female,0,No,No,36,Yes,No,Fiber optic,No,No,No,No,No internet service,Yes,Two year,No,Bank transfer (automatic),41.01,1459.24,No
C-3e0464d1,Female,0,No,No,6,Yes,No,DSL,No internet service,Yes,Yes,No internet service,No,No,One year,Yes,Credit card (automatic),40.65,248.42,No
C-28c8b7eb,Male,0,No,No,69,Yes,Yes,Fiber optic,No,Yes,No,No,No,No,One year,No,Bank transfer (automatic),47.12,3276.16,Yes
C-058d28d7,Male,0,Yes,Yes,6,Yes,Yes,No,No internet service,No internet service,No internet service,No internet service,No internet service,No internet service,One year,Yes,Bank transfer (automatic),18.6,66.64,No
C-18832481,Female,0,No,No,52,Yes,No phone service,DSL,No,No,No,Yes,No internet service,Yes,Month-to-month,No,Bank transfer (automatic),32.69,1708.28,Yes
C-27a8d6ea,Male,0,Yes,No,35,Yes,No,No,No internet service,No internet service,No internet service,No internet service,No internet service,No internet service,Month-to-month,No,Electronic check,18.0,649.19,Yes
C-930601ca,Female,0,No,Yes,1,Yes,No,DSL,No,Yes,No internet service,No,No internet service,No,Month-to-month,No,Electronic check,33.42,5.6,Yes
C-3db9bc0a,Male,0,Yes,No,52,Yes,No,DSL,Yes,No,Yes,No,Yes,No,Month-to-month,No,Electronic check,43.14,2235.88,Yes
C-704e3cd8,Female,1,No,Yes,3,Yes,Yes,Fiber optic,No,No,No,Yes,No,No,Month-to-month,Yes,Mailed check,46.68,147.02,Yes
C-4ee346bd,Male,0,No,No,60,Yes,No,DSL,Yes,Yes,No,No,No internet service,No internet service,Month-to-month,No,Bank transfer (automatic),32.02,1893.42,Yes
C-dd064221,Female,0,Yes,No,42,Yes,Yes,Fiber optic,Yes,Yes,Yes,Yes,Yes,Yes,Two year,No,Mailed check,72.59,3073.3,No
C-d9c64094,Female,0,No,No,70,Yes,No,Fiber optic,Yes,Yes,No,No,Yes,No,Two year,No,Mailed check,61.13,4260.95,Yes
C-a9f6a10f,Female,0,No,No,31,Yes,No,Fiber optic,No,Yes,No,No,No,Yes,Month-to-month,Yes,Mailed check,47.84,1522.81,Yes
C-2a3b1b13,Female,0,No,No,21,Yes,No,DSL,No internet service,No,Yes,No,Yes,No,Month-to-month,No,Credit card (automatic),36.34,790.02,No
C-8b08a8f2,Male,0,No,No,43,Yes,No,DSL,Yes,No,No,No,No,No,One year,No,Bank transfer (automatic),33.88,1466.54,No
C-2b723ea8,Female,0,No,No,62,Yes,Yes,No,No internet service,No internet service,No internet service,No internet service,No internet service,No internet service,One year,Yes,Bank transfer (automatic),19.86,1231.23,No
C-00e728be,Male,0,No,No,10,Yes,Yes,DSL,No,No,No,No,No,No,Month-to-month,No,Mailed check,26.12,274.02,Yes
C-b1dda0e6,Male,1,No,No,29,Yes,Yes,DSL,No,No,No,Yes,Yes,Yes,One year,No,Bank transfer (automatic),41.4,1195.57,No
C-03323a77,Male,1,Yes,Yes,16,No,No phone service,DSL,No,No,No,No,No,No,Month-to-month,Yes,Mailed check,20.63,321.15,No
C-a99b49e8,Male,0,No,No,24,Yes,Yes,Fiber optic,Yes,No,No,No,Yes,Yes,One year,No,Mailed check,57.55,1411.42,No
C-17b91084,Female,1,No,No,54,Yes,Yes,Fiber optic,No,Yes,No internet service,No,Yes,Yes,Month-to-month,No,Bank transfer (automatic),56.99,3048.58,Yes
C-1cd56b71,Female,0,No,Yes,0,Yes,No,No,No internet service,No internet service,No internet service,No internet service,No internet service,No internet service,Month-to-month,Yes,Bank transfer (automatic),19.09,0.0,Yes
C-24a00c6a,Male,0,No,No,48,Yes,No phone service,DSL,No,No,No,No,No,Yes,Month-to-month,Yes,Credit card (automatic),30.67,1479.43,No
C-9924bd63,Male,0,Yes,No,14,Yes,No,DSL,Yes,No,Yes,No internet service,No,Yes,Month-to-month,Yes,Electronic check,43.42,612.48,Yes
C-2fe67e3e,Male,0,No,No,39,Yes,Yes,No,No internet service,No internet service,No internet service,No internet service,No internet service,No internet service,Month-to-month,No,Mailed check,18.4,720.77,No
C-f6b18e17,Male,0,No,Yes,69,Yes,Yes,No,No internet service,No internet service,No internet service,No internet service,No internet service,No internet service,Month-to-month,No,Credit card (automatic),19.56,1378.6,No
C-2001c586,Male,0,Yes,No,71,Yes,Yes,Fiber optic,Yes,No,Yes,No,No,No,Two year,Yes,Mailed check,45.45,3194.04,No
C-beb2597f,Male,0,Yes,No,43,Yes,No,Fiber optic,No,No,No internet service,No internet service,No,Yes,Month-to-month,Yes,Electronic check,46.5,2000.27,Yes
C-63fa4c4d,Male,0,No,No,23,No,No phone service,Fiber optic,No,No,No,No,Yes,No,Two year,Yes,Bank transfer (automatic),45.25,1056.45,No
C-2413d1c3,Male,1,No,No,4,Yes,Yes,DSL,Yes,Yes,No,No,Yes,Yes,Two year,No,Mailed check,49.75,176.18,No
C-a48c4aae,Male,0,No,No,9,Yes,No,DSL,Yes,Yes,Yes,No,Yes,Yes,Month-to-month,No,Credit card (automatic),52.8,494.06,No
C-3a615448,Male,0,Yes,No,59,Yes,No,Fiber optic,No,No,No,No,No,Yes,Two year,Yes,Credit card (automatic),48.64,2853.41,No
C-a0e5278c,Male,1,No,No,18,Yes,No phone service,DSL,No,No,No,No,Yes,No,Month-to-month,Yes,Electronic check,36.08,680.41,Yes
C-c6e052b5,Male,0,Yes,No,18,Yes,Yes,Fiber optic,Yes,Yes,Yes,Yes,No,Yes,Month-to-month,Yes,Electronic check,62.82,1123.96,Yes
C-963a2a1a,Male,0,No,No,66,Yes,Yes,Fiber optic,No,No,Yes,No,No,No,Month-to-month,Yes,Electronic check,43.93,2894.59,Yes
C-c9e9ce7b,Male,0,Yes,No,72,No,No phone service,DSL,Yes,No,Yes,No,No,No,One year,Yes,Credit card (automatic),37.23,2675.76,No
C-cf62d787,Female,0,Yes,No,64,Yes,No,DSL,No,Yes,No,Yes,No,Yes,Two year,Yes,Mailed check,40.44,2576.29,No
C-b354c6a0,Female,1,Yes,No,7,Yes,No phone service,No,No internet service,No internet service,No internet service,No internet service,No internet service,No internet service,Month-to-month,No,Mailed check,18.0,111.53,No
C-a543ed7b,Male,0,No,No,2,Yes,Yes,No,No internet service,No internet service,No internet service,No internet service,No internet service,No internet service,Two year,Yes,Mailed check,20.44,25.43,No
C-f6dde2c9,Male,0,Yes,No,16,Yes,Yes,Fiber optic,No internet service,Yes,No,No,No,No,Month-to-month,Yes,Mailed check,42.3,684.24,Yes
C-38242ba3,Female,0,No,No,11,Yes,No,Fiber optic,Yes,No,No,No,Yes,Yes,One year,Yes,Mailed check,58.04,629.82,No
C-911b6db4,Male,0,Yes,No,69,No,No phone service,No,No internet service,No internet service,No internet service,No internet service,No internet service,No internet service,One year,Yes,Bank transfer (automatic),24.7,1691.87,No
C-1fd18950,Female,1,No,No,34,Yes,No,DSL,No,No,No internet service,Yes,Yes,Yes,Two year,Yes,Bank transfer (automatic),36.88,1251.0,No
C-4f65c05e,Female,1,Yes,No,23,Yes,No,Fiber optic,No,Yes,No,Yes,Yes,Yes,Two year,No,Credit card (automatic),58.31,1333.19,No
C-0a1d43b9,Female,0,No,No,5,Yes,No,Fiber optic,No,No,No,No,Yes,Yes,Two year,Yes,Electronic check,52.56,300.28,Yes
C-8ea53c23,Male,0,Yes,No,16,Yes,Yes,No,No internet service,No internet service,No internet service,No internet service,No internet service,No internet service,Month-to-month,No,Credit card (automatic),26.72,412.07,No
C-4a5eb4dd,Male,0,Yes,No,10,Yes,Yes,Fiber optic,Yes,No,No,No,No,No,Month-to-month,No,Credit card (automatic),49.62,484.33,No
C-49713104,Male,1,No,No,24,Yes,No,DSL,No,No,Yes,No,No,No internet service,Month-to-month,No,Credit card (automatic),35.14,841.52,Yes
C-9673ecf7,Female,0,Yes,Yes,37,Yes,No,Fiber optic,Yes,Yes,No internet service,No,No,No,Month-to-month,No,Bank transfer (automatic),49.09,1807.98,Yes
C-32232d1f,Female,0,No,No,33,Yes,No,DSL,No,No,No,No,No,Yes,Month-to-month,No,Electronic check,29.68,982.66,No
C-77f37fb7,Female,0,Yes,No,22,Yes,No,Fiber optic,No,Yes,No,Yes,Yes,No internet service,Month-to-month,Yes,Bank transfer (automatic),53.73,1177.29,Yes
C-b623c15a,Female,0,Yes,No,16,Yes,Yes,DSL,Yes,No,Yes,No,No,No,Two year,No,Bank transfer (automatic),33.95,554.71,No
C-71ba1154,Female,0,No,No,44,Yes,No,Fiber optic,No,No,Yes,No,Yes,Yes,Month-to-month,Yes,Bank transfer (automatic),56.23,2443.71,Yes
C-17554b98,Male,0,No,No,58,No,No phone service,No,No internet service,No internet service,No internet service,No internet service,No internet service,No internet service,Month-to-month,No,Electronic check,21.64,1243.18,No
C-d74bb430,Female,1,No,No,65,Yes,No,Fiber optic,No,No,No,No internet service,Yes,No,Month-to-month,No,Electronic check,49.35,3194.92,Yes
C-180473ad,Male,0,Yes,No,44,Yes,Yes,Fiber optic,No,No,No internet service,Yes,Yes,No internet service,One year,No,Bank transfer (automatic),51.4,2265.03,No
C-63f223c5,Male,0,Yes,No,8,Yes,No,Fiber optic,No,Yes,Yes,No internet service,No,Yes,Two year,No,Bank transfer (automatic),54.03,416.77,No
C-48b51998,Male,0,No,No,33,Yes,Yes,DSL,Yes,Yes,Yes,No,No,No internet service,Two year,Yes,Bank transfer (automatic),42.58,1378.34,No
C-4bbd1a96,Male,1,Yes,No,69,Yes,No,Fiber optic,Yes,Yes,No internet service,No,No,Yes,One year,No,Credit card (automatic),58.34,4017.27,No
C-9a59457f,Male,0,No,No,15,Yes,No,DSL,Yes,Yes,No,Yes,No internet service,No,Two year,No,Credit card (automatic),36.89,595.73,No
C-70586f1b,Male,0,Yes,No,16,Yes,No,Fiber optic,Yes,No,No,No,No,No,Two year,Yes,Credit card (automatic),41.14,651.95,No
C-2e05d687,Female,0,Yes,No,28,Yes,Yes,Fiber optic,No,Yes,No,No,No,Yes,Month-to-month,No,Credit card (automatic),50.49,1422.43,Yes
C-a185a144,Male,1,No,No,36,Yes,No,DSL,No,No,No,No internet service,Yes,No,One year,Yes,Mailed check,27.66,971.99,No
C-57cdee25,Male,0,Yes,No,6,Yes,No phone service,Fiber optic,No internet service,No,No internet service,No,No,No internet service,Two year,No,Electronic check,41.65,230.0,No
C-41028b9b,Female,0,Yes,No,58,Yes,No,No,No internet service,No internet service,No internet service,No internet service,No internet service,No internet service,Month-to-month,Yes,Mailed check,19.29,1122.33,No
C-deaa92ea,Male,0,Yes,No,68,Yes,Yes,Fiber optic,No internet service,No,Yes,No,Yes,No,One year,Yes,Electronic check,50.45,3424.49,No
C-167f278c,Female,0,No,No,65,Yes,No phone service,DSL,No internet service,No,No internet service,No,Yes,No,One year,Yes,Electronic check,32.24,2063.04,Yes
C-1fbfbe5b,Female,0,No,No,22,Yes,No,Fiber optic,No,No,No,Yes,No,No internet service,Month-to-month,Yes,Bank transfer (automatic),43.54,910.76,Yes
C-58af58e6,Male,0,No,No,33,No,No phone service,No,No internet service,No internet service,No internet service,No internet service,No internet service,No internet service,Month-to-month,Yes,Mailed check,22.89,753.42,No
C-381b344e,Female,1,Yes,Yes,2,Yes,No,Fiber optic,No internet service,Yes,No,Yes,No,Yes,Month-to-month,Yes,Bank transfer (automatic),59.79,152.38,Yes
C-e5bf5029,Female,1,No,No,48,Yes,No phone service,Fiber optic,Yes,No,No,No internet service,No,Yes,Month-to-month,Yes,Mailed check,53.63,2562.52,Yes
C-b308c5b7,Male,0,No,No,38,Yes,Yes,No,No internet service,No internet service,No internet service,No internet service,No internet service,No internet service,Month-to-month,No,Electronic check,21.69,855.22,No
C-1f28df36,Male,0,Yes,Yes,42,Yes,Yes,Fiber optic,Yes,Yes,No,Yes,No,No internet service,Month-to-month,Yes,Electronic check,54.12,2303.64,Yes
C-548aabcb,Male,0,Yes,No,67,No,No phone service,No,No internet service,No internet service,No internet service,No internet service,No internet service,No internet service,Month-to-month,Yes,Credit card (automatic),18.79,1250.25,No
C-b4ab1786,Female,0,No,No,17,Yes,Yes,DSL,No,Yes,No,Yes,Yes,No,Month-to-month,No,Credit card (automatic),37.83,622.36,Yes
C-09b5bbe0,Male,0,No,No,8,Yes,No phone service,Fiber optic,No,No,No,No,Yes,Yes,Month-to-month,No,Mailed check,50.35,417.35,Yes
C-6cf2c86a,Female,0,Yes,Yes,38,Yes,No,DSL,No,Yes,Yes,Yes,No internet service,Yes,Two year,Yes,Credit card (automatic),45.74,1730.04,No
C-f0fd6b7d,Male,0,No,No,25,Yes,No,DSL,No,No,No,No,No,No,Month-to-month,No,Bank transfer (automatic),24.97,609.66,No
C-9f46f2c1,Female,0,No,No,11,No,No phone service,DSL,No,No,Yes,No,Yes,Yes,One year,Yes,Credit card (automatic),44.58,491.47,Yes
C-ddcc3ed7,Female,0,Yes,No,33,Yes,No,Fiber optic,No,No,No,Yes,No,No,Month-to-month,Yes,Bank transfer (automatic),46.09,1544.34,No
C-6495776d,Female,0,No,Yes,15,Yes,Yes,DSL,No internet service,Yes,No,Yes,No,Yes,Month-to-month,Yes,Credit card (automatic),37.18,569.17,Yes
C-4339c215,Female,0,No,No,42,Yes,No phone service,Fiber optic,No,Yes,No,No,No,Yes,Month-to-month,Yes,Bank transfer (automatic),54.12,2265.77,Yes
C-2f3dd320,Male,1,No,No,44,Yes,No,No,No internet service,No internet service,No internet service,No internet service,No internet service,No internet service,Two year,No,Electronic check,20.94,909.39,No
C-f7560b0c,Male,0,No,No,25,Yes,Yes,DSL,Yes,No,No,No,Yes,Yes,Two year,Yes,Electronic check,43.49,1131.79,No
C-90b3c236,Female,0,No,No,15,Yes,No,No,No internet service,No internet service,No internet service,No internet service,No internet service,No internet service,Month-to-month,No,Mailed check,22.51,332.58,No
C-7bf63d8e,Female,1,No,Yes,8,Yes,Yes,DSL,No internet service,No,Yes,No internet service,Yes,No,Month-to-month,Yes,Bank transfer (automatic),35.36,278.73,No
C-4bff2228,Female,0,No,No,59,No,No phone service,No,No internet service,No internet service,No internet service,No internet service,No internet service,No internet service,Month-to-month,Yes,Electronic check,20.75,1209.86,No
C-e54b8df6,Female,0,No,No,52,Yes,No,Fiber optic,No,No internet service,Yes,Yes,No,No,Two year,No,Electronic check,49.65,2562.24,No
C-0ae4dfc3,Male,0,No,No,41,Yes,Yes,No,No internet service,No internet service,No internet service,No internet service,No internet service,No internet service,Month-to-month,No,Electronic check,22.32,904.05,No
C-265509c4,Female,0,No,Yes,10,Yes,Yes,Fiber optic,Yes,No,Yes,Yes,No,No,Month-to-month,Yes,Electronic check,55.16,536.53,Yes
C-7881a071,Male,0,Yes,Yes,33,Yes,Yes,Fiber optic,No internet service,No,Yes,No,No,No,Month-to-month,Yes,Bank transfer (automatic),48.01,1615.88,Yes
C-c5a8ede7,Female,0,No,No,43,No,No phone service,Fiber optic,No,No,Yes,No,No,No,Month-to-month,No,Electronic check,45.57,1979.38,Yes
C-08380063,Female,0,No,Yes,1,Yes,No,DSL,Yes,Yes,No,Yes,No,No,Month-to-month,Yes,Mailed check,44.42,61.29,No
C-0fbbbb7f,Female,0,No,No,57,Yes,No phone service,No,No internet service,No internet service,No internet service,No internet service,No internet service,No internet service,Two year,No,Electronic check,20.34,1162.21,No
C-461fa91d,Female,1,Yes,Yes,22,Yes,Yes,No,No internet service,No internet service,No internet service,No internet service,No internet service,No internet service,Month-to-month,No,Credit card (automatic),20.6,431.08,No
C-37a0f5e3,Male,0,No,Yes,14,Yes,No,Fiber optic,No internet service,No internet service,Yes,Yes,Yes,No,Two year,Yes,Electronic check,53.51,750.08,No
C-5689fea7,Female,1,No,Yes,6,Yes,Yes,No,No internet service,No internet service,No internet service,No internet service,No internet service,No internet service,Month-to-month,No,Credit card (automatic),27.67,168.02,Yes
C-be4bd664,Male,0,Yes,Yes,14,No,No phone service,No,No internet service,No internet service,No internet service,No internet service,No internet service,No internet service,Month-to-month,Yes,Mailed check,20.96,308.79,No
C-811eb50b,Male,0,Yes,Yes,19,Yes,Yes,Fiber optic,No,Yes,No,Yes,No,Yes,Month-to-month,Yes,Electronic check,55.05,1039.61,Yes
C-7aa5f923,Male,0,No,Yes,71,Yes,Yes,Fiber optic,Yes,No,Yes,No,No internet service,Yes,Two year,Yes,Electronic check,56.12,3962.02,No
C-07b12c23,Male,0,Yes,Yes,8,Yes,Yes,No,No internet service,No internet service,No internet service,No internet service,No internet service,No internet service,One year,Yes,Electronic check,19.2,122.77,Yes
C-f43808cc,Female,0,No,No,36,Yes,Yes,Fiber optic,Yes,No,No,No,No,No,Month-to-month,No,Credit card (automatic),42.5,1532.62,Yes
C-df6478c9,Male,1,No,No,43,Yes,No,Fiber optic,No,No,No,No internet service,Yes,No,Month-to-month,Yes,Electronic check,42.36,1872.24,Yes
C-e33c852a,Female,0,Yes,Yes,71,Yes,Yes,Fiber optic,No,Yes,No,No,No,No,Two year,Yes,Credit card (automatic),43.76,3110.05,No
C-33ef3567,Female,0,No,No,55,Yes,No,No,No internet service,No internet service,No internet service,No internet service,No internet service,No internet service,Two year,Yes,Credit card (automatic),20.26,1101.51,No
C-b2658ecc,Female,0,No,Yes,34,Yes,No,DSL,No,No,No,No,No,No,Month-to-month,No,Bank transfer (automatic),25.6,873.19,No
C-2226cc43,Male,1,No,No,61,Yes,No phone service,Fiber optic,No,Yes,Yes,No,Yes,Yes,Month-to-month,No,Mailed check,59.92,3635.61,No
C-f8acc70e,Male,0,No,Yes,41,Yes,No,DSL,Yes,Yes,No,No,No,Yes,Month-to-month,Yes,Bank transfer (automatic),47.49,1936.21,No
C-da6d3b96,Female,0,No,No,21,Yes,No,No,No internet service,No internet service,No internet service,No internet service,No internet service,No internet service,Month-to-month,No,Bank transfer (automatic),18.0,393.43,No
C-10a69192,Female,0,Yes,No,64,Yes,No phone service,No,No internet service,No internet service,No internet service,No internet service,No internet service,No internet service,Month-to-month,Yes,Bank transfer (automatic),18.0,1170.46,No
C-a9306d01,Male,0,No,No,70,Yes,Yes,No,No internet service,No internet service,No internet service,No internet service,No internet service,No internet service,Two year,No,Bank transfer (automatic),18.0,1273.27,No
C-f2204b2e,Male,0,Yes,Yes,6,No,No phone service,Fiber optic,Yes,No,No,Yes,Yes,Yes,Month-to-month,Yes,Electronic check,65.1,395.03,Yes
C-47293914,Female,0,No,Yes,37,Yes,Yes,DSL,Yes,No,Yes,No,No,Yes,Month-to-month,Yes,Mailed check,41.69,1534.89,No
C-1a1fa371,Male,0,No,No,20,Yes,No,DSL,No,No,No internet service,No,No internet service,Yes,Two year,Yes,Bank transfer (automatic),29.02,558.68,No
C-d75f18e5,Female,0,Yes,No,36,Yes,Yes,No,No internet service,No internet service,No internet service,No internet service,No internet service,No internet service,Two year,No,Electronic check,22.6,800.12,No
C-a84fedc9,Male,1,Yes,No,16,Yes,Yes,DSL,Yes,No,No internet service,No,No,No,Month-to-month,Yes,Bank transfer (automatic),34.7,547.76,Yes
C-f7af5ba1,Male,0,No,Yes,12,No,No phone service,DSL,No,No,No,Yes,No internet service,Yes,Month-to-month,Yes,Electronic check,34.06,399.57,No
C-d5043a65,Female,0,Yes,Yes,72,Yes,No,Fiber optic,Yes,No internet service,No,No,No,Yes,Month-to-month,Yes,Electronic check,50.91,3681.84,Yes
C-d3732d89,Male,0,Yes,No,6,Yes,Yes,DSL,No,Yes,No internet service,No internet service,Yes,No,Month-to-month,Yes,Electronic check,35.32,261.25,Yes
C-b934c647,Female,0,No,No,72,Yes,No,Fiber optic,No,Yes,No,No,No internet service,No,One year,No,Electronic check,43.59,3148.86,No
C-8e906b59,Female,0,Yes,Yes,0,Yes,Yes,DSL,No,No,No,No,No,Yes,Month-to-month,Yes,Credit card (automatic),31.21,0.0,Yes
C-b87e28e8,Male,0,No,Yes,33,Yes,No,Fiber optic,Yes,No,Yes,Yes,No internet service,No,Month-to-month,No,Electronic check,55.67,1851.78,Yes
C-453b5296,Male,0,No,Yes,22,Yes,No,Fiber optic,No,No,No,Yes,Yes,No,Two year,Yes,Bank transfer (automatic),49.56,1119.7,No
C-afb86341,Male,0,No,No,56,Yes,Yes,DSL,No,No,No,Yes,No,Yes,One year,Yes,Mailed check,35.74,1991.56,No
C-1e1f59dc,Female,1,No,No,70,Yes,No,DSL,No,Yes,No,No,No,No,Month-to-month,No,Bank transfer (automatic),29.51,2114.92,Yes
C-e284fe50,Female,0,No,No,41,No,No phone service,Fiber optic,No,No,Yes,No,Yes,Yes,Month-to-month,Yes,Credit card (automatic),56.13,2306.19,Yes
C-b7f42424,Male,0,No,No,9,Yes,Yes,DSL,No,No,Yes,No,No,No,Month-to-month,Yes,Mailed check,28.24,221.91,Yes
C-5c4df6fb,Female,0,No,Yes,7,Yes,No,Fiber optic,No,No,No,No,No,No,One year,Yes,Electronic check,42.22,302.91,No
C-34457a82,Male,0,Yes,Yes,35,Yes,No,Fiber optic,No,No,No,Yes,Yes,Yes,One year,Yes,Credit card (automatic),57.16,2036.18,No
C-650d04ca,Male,0,No,No,58,Yes,Yes,Fiber optic,Yes,No internet service,No,No,Yes,Yes,One year,Yes,Electronic check,58.89,3421.82,No
C-6422d1f7,Female,0,Yes,No,10,Yes,Yes,No,No internet service,No internet service,No internet service,No internet service,No internet service,No internet service,Month-to-month,Yes,Credit card (automatic),24.28,252.74,No
C-bc519ead,Female,0,Yes,No,34,Yes,No phone service,Fiber optic,No,No,No,Yes,Yes,No,Month-to-month,No,Credit card (automatic),48.33,1648.73,Yes
C-7893c911,Female,0,Yes,Yes,45,Yes,Yes,Fiber optic,No,Yes,No,No,No,No,Month-to-month,No,Credit card (automatic),47.22,2149.2,No
C-40ba2776,Male,0,No,Yes,55,Yes,No phone service,DSL,Yes,Yes,Yes,No,Yes,Yes,Month-to-month,Yes,Mailed check,55.24,3011.48,No
C-ad0a6625,Female,0,No,No,50,Yes,No,Fiber optic,No,No,No,No,Yes,No internet service,Month-to-month,Yes,Electronic check,43.62,2187.86,Yes
C-8ccce485,Male,0,Yes,No,13,Yes,Yes,Fiber optic,Yes,No internet service,No,No,No,No,One year,No,Credit card (automatic),44.03,548.35,No
C-bd1f2003,Female,1,Yes,No,11,Yes,No,Fiber optic,No,No,No,No internet service,No,No,Two year,No,Bank transfer (automatic),40.15,430.84,Yes
C-184d60aa,Female,0,No,No,4,Yes,Yes,No,No internet service,No internet service,No internet service,No internet service,No internet service,No internet service,Month-to-month,Yes,Credit card (automatic),18.0,66.88,Yes
C-5175d923,Female,0,No,No,1,Yes,No,Fiber optic,No,Yes,No,No internet service,No internet service,Yes,One year,Yes,Credit card (automatic),59.6,74.39,Yes
C-8f969ba0,Female,0,Yes,No,38,Yes,No,DSL,No,No,Yes,No,Yes,Yes,One year,Yes,Electronic check,44.35,1671.33,No
C-98a37e09,Male,0,Yes,No,55,Yes,Yes,No,No internet service,No internet service,No internet service,No internet service,No internet service,No internet service,Month-to-month,Yes,Bank transfer (automatic),24.41,1319.9,Yes
C-4555adc4,Male,0,Yes,No,56,Yes,No,Fiber optic,No,No,No,No,No internet service,No,Two year,No,Bank transfer (automatic),37.9,2058.37,No
C-4152cdf0,Female,0,No,No,8,No,No phone service,Fiber optic,No,No,No,No,No,No,Month-to-month,Yes,Electronic check,42.63,305.7,Yes
C-61685b0f,Male,0,No,No,22,Yes,No,DSL,No,No,No,No,Yes,No,Month-to-month,Yes,Credit card (automatic),30.69,695.25,Yes
C-aa9785f1,Female,0,No,Yes,50,No,No phone service,DSL,No,Yes,Yes,No,No,Yes,Month-to-month,Yes,Bank transfer (automatic),37.19,1868.57,Yes
C-aa087f9c,Female,0,Yes,No,64,Yes,Yes,Fiber optic,No,Yes,No,No,No,No,Month-to-month,Yes,Credit card (automatic),47.82,3048.23,No
C-9e30eb4a,Male,0,Yes,No,55,No,No phone service,No,No internet service,No internet service,No internet service,No internet service,No internet service,No internet service,Month-to-month,Yes,Mailed check,21.92,1204.38,Yes
C-50cf6cc9,Female,1,No,Yes,32,Yes,Yes,No,No internet service,No internet service,No internet service,No internet service,No internet service,No internet service,Two year,No,Mailed check,18.0,586.06,No
C-a191b265,Male,0,No,Yes,24,Yes,Yes,No,No internet service,No internet service,No internet service,No internet service,No internet service,No internet service,Two year,Yes,Credit card (automatic),20.39,483.06,No
C-aaa0a398,Female,0,Yes,No,0,Yes,No,Fiber optic,Yes,Yes,No,No,No,No,Month-to-month,No,Bank transfer (automatic),48.22,0.0,Yes
C-a5d66d2e,Male,0,Yes,No,56,No,No phone service,DSL,Yes,Yes,Yes,No,Yes,Yes,One year,No,Bank transfer (automatic),54.21,3034.38,Yes
C-e2c0c2bc,Male,0,No,No,59,Yes,Yes,Fiber optic,No,No internet service,No,No,No,No,Two year,No,Bank transfer (automatic),38.46,2230.1,Yes
C-807d4f85,Male,0,No,No,69,Yes,Yes,Fiber optic,No,Yes,No,Yes,Yes,No,Month-to-month,Yes,Credit card (automatic),61.21,4236.54,No
C-074f60fa,Male,0,No,No,62,Yes,No phone service,Fiber optic,Yes,No,No,No,Yes,No,One year,Yes,Credit card (automatic),51.49,3186.69,No
C-ffec08c8,Female,1,No,No,32,Yes,No phone service,Fiber optic,Yes,No,No,No,Yes,No,One year,No,Electronic check,50.96,1638.34,No
C-e6bc630a,Male,0,No,Yes,12,No,No phone service,DSL,No,No,No internet service,No,No internet service,No,One year,Yes,Mailed check,23.66,280.65,No
C-24d701ee,Female,0,No,No,54,Yes,Yes,Fiber optic,Yes,No internet service,No,No internet service,No internet service,No,Two year,Yes,Electronic check,46.78,2553.53,No
C-dce19189,Male,0,No,No,6,Yes,Yes,DSL,No,No,Yes,No,Yes,No,Month-to-month,Yes,Bank transfer (automatic),36.66,183.52,Yes
C-c4c5a2f0,Female,0,No,No,47,Yes,No,DSL,No,No,No,No,No,Yes,Month-to-month,No,Mailed check,34.83,1631.85,No
C-36d5266e,Female,0,No,No,36,Yes,Yes,DSL,Yes,No,No,No,Yes,No,Month-to-month,Yes,Credit card (automatic),39.61,1441.87,No
C-9303f143,Male,0,No,Yes,24,Yes,Yes,No,No internet service,No internet service,No internet service,No internet service,No internet service,No internet service,One year,Yes,Bank transfer (automatic),22.62,496.99,No
C-3c664f19,Male,0,Yes,No,48,Yes,Yes,No,No internet service,No internet service,No internet service,No internet service,No internet service,No internet service,Month-to-month,Yes,Bank transfer (automatic),20.96,1005.73,No
C-e2ce3dc7,Male,1,Yes,No,54,Yes,No phone service,No,No internet service,No internet service,No internet service,No internet service,No internet service,No internet service,Two year,No,Electronic check,20.31,1076.88,No
C-30fc2bbb,Male,0,No,Yes,68,Yes,No,DSL,No,Yes,No,No,Yes,Yes,One year,Yes,Electronic check,42.37,2889.99,No
C-70072b5e,Male,0,No,No,11,Yes,Yes,Fiber optic,No,No,Yes,No,Yes,No,Two year,No,Mailed check,47.43,503.64,Yes
C-ef3d1700,Male,1,Yes,No,44,No,No phone service,Fiber optic,No,No internet service,No,No,No,Yes,One year,Yes,Electronic check,48.27,2137.32,Yes
C-6df4ea9a,Male,0,Yes,No,26,Yes,No,DSL,No,No,No,No,Yes,Yes,Month-to-month,No,Bank transfer (automatic),38.23,1002.89,No
C-e5e8638c,Female,0,No,No,28,Yes,No,No,No internet service,No internet service,No internet service,No internet service,No internet service,No internet service,One year,No,Bank transfer (automatic),18.0,509.7,Yes
C-302c4d31,Male,0,No,No,43,Yes,No,Fiber optic,No,No,No,No,No,No,Month-to-month,No,Credit card (automatic),40.86,1793.68,No
C-1e688a95,Male,0,No,Yes,48,Yes,No,Fiber optic,No,No,Yes,No,No,Yes,Month-to-month,No,Mailed check,50.04,2392.27,No
C-f8967449,Male,0,No,No,30,Yes,No,DSL,Yes,No,No,No internet service,No,No,One year,Yes,Credit card (automatic),32.65,960.32,No
C-40bbe5fd,Male,0,Yes,No,58,Yes,No phone service,DSL,No,Yes,No internet service,No,Yes,No,Month-to-month,Yes,Electronic check,36.29,2080.46,No
C-a83d1d38,Male,0,No,No,65,Yes,No,Fiber optic,No,No,No internet service,Yes,No,Yes,One year,Yes,Mailed check,50.74,3278.14,No
C-57fd7e48,Male,1,Yes,No,42,Yes,No,No,No internet service,No internet service,No internet service,No internet service,No internet service,No internet service,Two year,No,Bank transfer (automatic),18.0,726.53,No
C-7ff0103b,Male,1,No,No,1,Yes,Yes,Fiber optic,No,No,No,No,No internet service,Yes,Month-to-month,Yes,Bank transfer (automatic),45.13,28.43,Yes
C-d7e4a132,Male,0,No,Yes,23,Yes,No phone service,No,No internet service,No internet service,No internet service,No internet service,No internet service,No internet service,Two year,No,Bank transfer (automatic),18.0,412.36,No
C-6737eade,Female,0,Yes,No,34,Yes,No,DSL,No,Yes,No,No,No,No,One year,No,Credit card (automatic),29.49,971.16,No
C-7f1f0ae5,Female,0,No,Yes,41,Yes,Yes,No,No internet service,No internet service,No internet service,No internet service,No internet service,No internet service,Month-to-month,Yes,Mailed check,18.03,749.42,Yes
C-d1327ce8,Male,0,No,Yes,56,Yes,No,Fiber optic,Yes,Yes,No,No,No,No internet service,Month-to-month,No,Credit card (automatic),51.13,2889.64,No
C-973c02aa,Female,0,Yes,No,28,Yes,Yes,No,No internet service,No internet service,No internet service,No internet service,No internet service,No internet service,Month-to-month,No,Electronic check,25.24,703.74,Yes
C-63ea06df,Male,1,Yes,No,16,Yes,No,DSL,No,Yes,Yes,No,No,No internet service,Month-to-month,No,Mailed check,39.52,641.99,No
C-464923e2,Male,0,No,Yes,38,Yes,No phone service,DSL,No,Yes,Yes,No,Yes,No,Month-to-month,No,Bank transfer (automatic),41.98,1599.5,No
C-8a1cedba,Male,0,No,No,63,Yes,No phone service,Fiber optic,No,Yes,No,Yes,No internet service,Yes,Month-to-month,No,Mailed check,60.36,3771.44,Yes
C-aad0d847,Male,0,No,No,12,Yes,No phone service,Fiber optic,No internet service,No internet service,Yes,No,Yes,Yes,Month-to-month,Yes,Credit card (automatic),58.37,667.07,Yes
C-69e61c8f,Male,0,Yes,No,46,Yes,Yes,DSL,Yes,No,Yes,No,No,No,One year,No,Mailed check,39.37,1798.03,Yes
C-1ba3e608,Female,0,Yes,No,65,Yes,No phone service,DSL,No internet service,No,No,No,No,Yes,One year,Yes,Electronic check,29.09,1871.4,No
C-df011ebb,Male,0,Yes,No,65,Yes,No,Fiber optic,Yes,Yes,No,No internet service,No internet service,No,Month-to-month,Yes,Bank transfer (automatic),47.77,3095.41,Yes
C-e30296e8,Female,1,No,No,47,Yes,Yes,DSL,Yes,Yes,No,Yes,No internet service,No,Month-to-month,Yes,Bank transfer (automatic),35.57,1699.38,No
C-d6c3f0bd,Female,0,No,No,5,Yes,No,No,No internet service,No internet service,No internet service,No internet service,No internet service,No internet service,One year,No,Electronic check,21.44,63.62,Yes
C-0867736b,Male,0,Yes,No,53,Yes,Yes,DSL,Yes,No internet service,No,Yes,No,No,Month-to-month,No,Electronic check,37.0,1956.12,Yes
C-ca89d71c,Female,0,No,No,33,No,No phone service,No,No internet service,No internet service,No internet service,No internet service,No internet service,No internet service,Month-to-month,No,Credit card (automatic),18.33,617.71,No
C-5e6b93bf,Female,1,No,No,61,Yes,Yes,Fiber optic,Yes,Yes,No,No,No,No,One year,No,Bank transfer (automatic),48.82,2992.25,No
C-ea9aee29,Male,0,Yes,Yes,49,Yes,No,DSL,Yes,No,No,No,Yes,Yes,Month-to-month,Yes,Electronic check,42.08,2056.78,Yes
C-93298216,Female,0,No,No,22,No,No phone service,Fiber optic,No,Yes,Yes,No,Yes,No,Month-to-month,Yes,Credit card (automatic),51.28,1133.07,Yes
C-9639c62e,Female,1,No,Yes,64,Yes,No,Fiber optic,No,Yes,Yes,No,No,No,Month-to-month,Yes,Mailed check,55.28,3535.74,Yes
C-dfb9e3c3,Male,0,No,Yes,4,Yes,Yes,Fiber optic,No,Yes,No,Yes,No,No,Month-to-month,Yes,Credit card (automatic),50.53,203.09,Yes
C-69f602a5,Male,0,No,Yes,23,Yes,Yes,Fiber optic,Yes,No,No,No,No internet service,Yes,One year,Yes,Electronic check,53.52,1231.89,Yes
C-e5febc74,Female,0,Yes,Yes,2,Yes,No,DSL,No,No internet service,No,Yes,No internet service,No,Two year,Yes,Mailed check,28.59,50.44,No
C-e49f9bbf,Male,0,No,Yes,69,Yes,No,Fiber optic,No,No,Yes,Yes,Yes,Yes,Month-to-month,Yes,Electronic check,68.12,4711.98,Yes
C-70b958dc,Male,0,Yes,Yes,9,Yes,Yes,DSL,No,No,Yes,Yes,No,No internet service,Two year,Yes,Mailed check,34.04,291.65,Yes
C-928f6df7,Female,0,Yes,No,22,Yes,No,No,No internet service,No internet service,No internet service,No internet service,No internet service,No internet service,Month-to-month,No,Credit card (automatic),21.27,475.99,No
C-d973f9b6,Male,0,Yes,No,62,Yes,Yes,No,No internet service,No internet service,No internet service,No internet service,No internet service,No internet service,Month-to-month,No,Mailed check,18.0,1090.37,No
C-9d461209,Male,0,No,No,69,Yes,No phone service,DSL,Yes,No internet service,Yes,No,Yes,No,Month-to-month,No,Electronic check,44.59,3081.62,No
C-2c71e24b,Male,0,No,No,70,Yes,No,No,No internet service,No internet service,No internet service,No internet service,No internet service,No internet service,Month-to-month,No,Credit card (automatic),20.66,1425.58,No
C-1efbf6f5,Male,0,No,No,61,Yes,No,Fiber optic,Yes,No,Yes,Yes,No,No internet service,Two year,Yes,Bank transfer (automatic),54.81,3364.19,No
C-e54358b1,Female,1,No,No,59,Yes,No,No,No internet service,No internet service,No internet service,No internet service,No internet service,No internet service,Two year,No,Mailed check,21.38,1290.07,No
C-0677fa45,Male,1,No,No,23,Yes,No phone service,Fiber optic,No,No internet service,No internet service,No,Yes,No,Month-to-month,Yes,Credit card (automatic),46.74,1048.55,No
C-d59dc4b8,Male,0,No,No,23,Yes,No phone service,Fiber optic,No,No internet service,No internet service,No,Yes,No,Two year,Yes,Bank transfer (automatic),50.58,1128.29,No
C-f6a209c4,Male,0,No,No,8,Yes,Yes,No,No internet service,No internet service,No internet service,No internet service,No internet service,No internet service,Month-to-month,Yes,Electronic check,21.55,184.0,Yes
C-2e424bcb,Female,0,Yes,No,26,Yes,No,Fiber optic,No,No,No,No,No internet service,No,Month-to-month,Yes,Electronic check,39.18,1025.79,Yes
C-95589271,Female,1,Yes,Yes,69,Yes,No,Fiber optic,Yes,Yes,Yes,No,No,Yes,Month-to-month,Yes,Mailed check,60.33,4139.37,No
C-6ffe888e,Male,1,No,No,44,Yes,No phone service,Fiber optic,No internet service,Yes,No,Yes,Yes,Yes,One year,Yes,Bank transfer (automatic),64.84,2861.26,No
C-fb9964b8,Male,0,Yes,No,9,Yes,No,Fiber optic,Yes,No,No,No,No,Yes,Two year,No,Electronic check,51.75,487.48,Yes
C-1e5e00c4,Female,0,No,No,5,No,No phone service,Fiber optic,No,Yes,Yes,No,Yes,Yes,Month-to-month,Yes,Mailed check,62.08,327.48,Yes
C-c6276a00,Female,0,Yes,No,19,Yes,No,No,No internet service,No internet service,No internet service,No internet service,No internet service,No internet service,Two year,No,Electronic check,19.1,372.49,No
C-ce7b3f80,Male,0,Yes,Yes,33,Yes,No,Fiber optic,No,Yes,No,Yes,No,No,Two year,Yes,Bank transfer (automatic),51.75,1691.21,No
C-94a91aca,Female,0,Yes,No,70,Yes,Yes,DSL,No,Yes,No,No,No,Yes,Month-to-month,Yes,Electronic check,35.92,2518.76,No
C-47eeb1ce,Female,0,No,Yes,64,Yes,Yes,DSL,Yes,No,No,No,No,No internet service,Month-to-month,Yes,Mailed check,35.26,2254.52,Yes
C-6500047d,Male,0,No,No,38,Yes,Yes,DSL,No,Yes,Yes,Yes,Yes,Yes,Month-to-month,No,Bank transfer (automatic),48.6,1843.34,No
C-ace2fa15,Female,0,No,No,19,Yes,No,DSL,No,Yes,Yes,Yes,No,Yes,Month-to-month,Yes,Electronic check,47.82,881.96,Yes
C-ce13e82d,Female,0,Yes,Yes,64,No,No phone service,Fiber optic,Yes,Yes,Yes,No,No,Yes,Month-to-month,No,Mailed check,63.52,4078.25,Yes
C-ce6417e6,Male,0,No,No,29,Yes,No,DSL,No internet service,No,Yes,No internet service,No,Yes,Month-to-month,No,Mailed check,32.94,946.94,No
C-d6329ce7,Male,0,Yes,No,15,Yes,No phone service,DSL,Yes,No,Yes,Yes,No,No,Month-to-month,Yes,Mailed check,45.32,670.46,No
C-40f13fda,Male,0,Yes,No,28,Yes,Yes,Fiber optic,No internet service,No,No internet service,No,Yes,No internet service,Two year,Yes,Mailed check,46.99,1317.73,No
C-f3aaca76,Male,0,Yes,Yes,40,Yes,No,Fiber optic,No,Yes,Yes,No,No internet service,Yes,One year,No,Electronic check,58.14,2332.9,No
C-ce97f73e,Male,0,No,Yes,39,Yes,Yes,No,No internet service,No internet service,No internet service,No internet service,No internet service,No internet service,Month-to-month,Yes,Bank transfer (automatic),22.81,839.67,No
C-7b56bfaa,Female,0,Yes,No,56,Yes,No,No,No internet service,No internet service,No internet service,No internet service,No internet service,No internet service,Month-to-month,No,Credit card (automatic),18.0,997.28,No
C-ff12cb36,Male,0,No,No,28,Yes,No,DSL,No,Yes,No,No internet service,No internet service,Yes,Month-to-month,Yes,Bank transfer (automatic),35.52,991.0,Yes
C-376c90ff,Male,0,No,Yes,64,Yes,No,DSL,No,No,No,No,No,Yes,Month-to-month,No,Mailed check,31.87,2061.43,No
C-2f7e5639,Female,0,Yes,No,42,Yes,No phone service,Fiber optic,No,Yes,No,No,No internet service,Yes,One year,Yes,Mailed check,47.5,2015.3,Yes
C-71197659,Female,0,No,No,40,No,No phone service,DSL,No internet service,Yes,Yes,No,No internet service,Yes,Month-to-month,Yes,Credit card (automatic),38.34,1510.81,No
C-22d3bb53,Male,0,No,No,3,Yes,Yes,DSL,No,No,No,No,Yes,Yes,One year,Yes,Electronic check,36.63,96.22,Yes
C-0e97de76,Male,0,Yes,No,34,Yes,No,Fiber optic,Yes,Yes,No internet service,No,No,No internet service,Two year,Yes,Electronic check,51.32,1771.13,Yes
C-a98dacff,Male,0,No,Yes,43,Yes,No,Fiber optic,Yes,Yes,No,No,No,No internet service,Month-to-month,Yes,Mailed check,47.76,2060.44,Yes
C-13eefb3c,Female,0,No,No,49,No,No phone service,DSL,No,No,Yes,No,No,No,One year,Yes,Electronic check,24.99,1227.89,No
C-c01f7d30,Female,0,No,Yes,14,Yes,Yes,No,No internet service,No internet service,No internet service,No internet service,No internet service,No internet service,Two year,No,Bank transfer (automatic),18.83,257.17,No
C-0b679a2f,Female,0,No,No,70,Yes,Yes,DSL,No,No internet service,No,No,Yes,Yes,Month-to-month,No,Electronic check,33.55,2350.02,Yes
C-f1a38221,Male,0,Yes,No,28,Yes,Yes,Fiber optic,No,No,Yes,Yes,No internet service,Yes,One year,Yes,Mailed check,59.11,1642.11,Yes
C-57b82af5,Male,0,Yes,No,27,Yes,Yes,No,No internet service,No internet service,No internet service,No internet service,No internet service,No internet service,Month-to-month,Yes,Credit card (automatic),23.71,620.03,No
C-bf3bec1b,Female,0,No,No,21,Yes,No,Fiber optic,No,No,No,Yes,Yes,Yes,Two year,No,Electronic check,50.84,1086.14,No
C-c443a281,Male,0,No,Yes,17,Yes,No,Fiber optic,No,No,No,No internet service,No,Yes,Two year,Yes,Credit card (automatic),45.6,748.06,No
C-af4579bd,Female,0,Yes,No,8,Yes,No,No,No internet service,No internet service,No internet service,No internet service,No internet service,No internet service,Month-to-month,No,Credit card (automatic),18.0,139.08,Yes
C-7fd1c417,Male,0,No,No,14,Yes,No,No,No internet service,No internet service,No internet service,No internet service,No internet service,No internet service,Month-to-month,Yes,Electronic check,19.92,277.06,No
C-c419d0d2,Female,0,No,No,67,Yes,Yes,Fiber optic,Yes,Yes,Yes,No internet service,Yes,No,Two year,No,Credit card (automatic),54.64,3597.16,No
C-27546206,Male,1,Yes,No,45,No,No phone service,Fiber optic,Yes,Yes,No,Yes,No,Yes,Two year,Yes,Bank transfer (automatic),63.46,2838.35,No
C-f160a829,Female,0,No,No,13,Yes,No,DSL,No,No,Yes,Yes,No,Yes,One year,Yes,Bank transfer (automatic),42.28,517.03,No
C-c25e735a,Male,0,Yes,No,64,Yes,Yes,Fiber optic,Yes,No,No internet service,Yes,Yes,Yes,Two year,Yes,Mailed check,62.01,4006.35,No
C-3c71f3f0,Male,0,Yes,No,12,Yes,No phone service,Fiber optic,Yes,No,No internet service,No,No internet service,No,Two year,No,Mailed check,52.84,651.75,Yes
C-cf54d2e7,Male,0,Yes,No,47,Yes,No,Fiber optic,No internet service,No internet service,Yes,No,No,No,Two year,Yes,Credit card (automatic),38.1,1763.36,No
C-6c2ad99b,Male,1,Yes,No,70,Yes,No,DSL,No,No,Yes,No,No,Yes,Month-to-month,Yes,Credit card (automatic),33.6,2378.07,No
C-214f3c5a,Male,0,Yes,No,71,Yes,Yes,No,No internet service,No internet service,No internet service,No internet service,No internet service,No internet service,Month-to-month,No,Mailed check,23.34,1668.65,No
C-4d9d03ea,Male,0,No,No,1,Yes,Yes,Fiber optic,No internet service,No,No,No,No internet service,No,One year,Yes,Mailed check,38.94,51.69,Yes
C-add2c67b,Male,0,No,Yes,2,Yes,No,Fiber optic,No internet service,No,Yes,No,No,Yes,One year,No,Electronic check,48.8,126.88,Yes
C-461a9997,Female,0,Yes,No,64,Yes,No,No,No internet service,No internet service,No internet service,No internet service,No internet service,No internet service,Month-to-month,No,Credit card (automatic),18.0,1172.58,No
C-7b72a638,Female,0,No,Yes,22,Yes,No,DSL,No internet service,Yes,Yes,No,No internet service,No,Month-to-month,Yes,Electronic check,30.7,703.87,Yes
C-ae9a65f6,Male,0,No,Yes,30,No,No phone service,Fiber optic,Yes,Yes,No,No,Yes,Yes,Month-to-month,Yes,Electronic check,62.15,1852.43,Yes
C-7f5c3ed6,Male,0,No,Yes,8,No,No phone service,DSL,Yes,No internet service,Yes,No internet service,No,No,Month-to-month,Yes,Electronic check,42.5,309.12,Yes
C-49b73db3,Female,0,No,Yes,40,Yes,Yes,No,No internet service,No internet service,No internet service,No internet service,No internet service,No internet service,Month-to-month,No,Bank transfer (automatic),18.0,696.13,No
C-25efbb59,Female,0,Yes,No,8,Yes,Yes,Fiber optic,No,No internet service,No,No,Yes,No,One year,No,Electronic check,43.48,362.78,No
C-929bc880,Male,0,Yes,Yes,11,Yes,No phone service,DSL,No,Yes,No,No,Yes,No,Two year,No,Bank transfer (automatic),34.96,392.64,No
C-94c15835,Male,0,Yes,Yes,25,Yes,No phone service,DSL,No,No,Yes,No,No,Yes,Month-to-month,No,Electronic check,33.41,808.22,No
C-9a7102d2,Male,0,Yes,No,28,Yes,No,Fiber optic,No,No internet service,No internet service,Yes,Yes,Yes,Two year,Yes,Bank transfer (automatic),59.83,1703.38,No
C-3575a8a9,Female,0,Yes,No,65,Yes,Yes,No,No internet service,No internet service,No internet service,No internet service,No internet service,No internet service,Month-to-month,Yes,Mailed check,18.23,1180.64,No
C-d41d8d50,Female,1,Yes,No,36,Yes,No,No,No internet service,No internet service,No internet service,No internet service,No internet service,No internet service,Month-to-month,Yes,Bank transfer (automatic),18.0,631.37,Yes
C-e747b813,Male,1,Yes,Yes,38,Yes,No,DSL,No,No internet service,No,Yes,No,Yes,One year,Yes,Credit card (automatic),34.14,1322.32,No
C-2ddf661d,Male,0,Yes,No,35,No,No phone service,Fiber optic,Yes,No,No,No,No internet service,Yes,Month-to-month,Yes,Bank transfer (automatic),54.42,1892.03,No
C-9383db19,Female,0,Yes,Yes,67,Yes,Yes,Fiber optic,No,No,Yes,No,No,Yes,Two year,No,Electronic check,51.31,3424.59,No
C-510f0f51,Male,0,Yes,No,58,Yes,No,DSL,No,No internet service,No,No internet service,No,Yes,Month-to-month,No,Electronic check,30.25,1720.65,No
C-f192911e,Male,0,Yes,Yes,18,Yes,No,Fiber optic,Yes,No internet service,Yes,No,Yes,No,Two year,Yes,Mailed check,53.61,939.33,No
C-936089f4,Female,0,No,No,63,Yes,Yes,Fiber optic,No,Yes,No,Yes,Yes,No,Two year,No,Credit card (automatic),54.96,3433.11,No
C-1cc2446e,Male,0,Yes,No,9,Yes,No,Fiber optic,No,No,Yes,No,Yes,Yes,Two year,Yes,Electronic check,59.55,530.9,No
C-342a2619,Female,0,Yes,Yes,9,Yes,No,Fiber optic,No,No,No,No,No,Yes,Month-to-month,No,Electronic check,42.55,346.71,Yes
C-9c923ba3,Female,0,Yes,Yes,9,Yes,No,No,No internet service,No internet service,No internet service,No internet service,No internet service,No internet service,Month-to-month,No,Electronic check,19.68,224.84,Yes
C-c574a076,Female,0,No,No,5,Yes,No,DSL,Yes,No,No,No,No internet service,No,One year,No,Electronic check,30.51,132.66,No
C-79dd6539,Female,0,No,Yes,56,Yes,Yes,DSL,No,Yes,No,No,No,No,Two year,Yes,Credit card (automatic),32.98,1843.61,No
C-8828d778,Male,0,No,No,40,Yes,Yes,No,No internet service,No internet service,No internet service,No internet service,No internet service,No internet service,Month-to-month,Yes,Bank transfer (automatic),19.37,801.74,No
C-6a649710,Male,1,No,No,20,Yes,No phone service,Fiber optic,Yes,No,Yes,No,No,Yes,Month-to-month,No,Bank transfer (automatic),64.32,1274.29,Yes
C-201cbad3,Female,0,Yes,Yes,29,Yes,No,No,No internet service,No internet service,No internet service,No internet service,No internet service,No internet service,Two year,No,Electronic check,20.43,591.9,No
C-330398c0,Female,0,Yes,No,53,Yes,Yes,Fiber optic,No internet service,Yes,No,No,No,Yes,Two year,Yes,Mailed check,50.46,2708.3,No
C-5534460b,Female,0,No,No,26,Yes,Yes,No,No internet service,No internet service,No internet service,No internet service,No internet service,No internet service,One year,No,Bank transfer (automatic),18.17,520.45,No
C-dd2319b4,Male,0,Yes,No,30,Yes,Yes,DSL,No,No,No internet service,No,Yes,No,Month-to-month,Yes,Mailed check,29.3,879.47,Yes
C-efa3d6b4,Female,0,Yes,No,63,Yes,No,No,No internet service,No internet service,No internet service,No internet service,No internet service,No internet service,Month-to-month,Yes,Electronic check,18.0,1112.23,No
C-b5be02b1,Male,1,No,No,6,Yes,No,Fiber optic,Yes,Yes,No,No,No,No internet service,Two year,Yes,Mailed check,49.77,298.47,Yes
C-c57e564f,Male,0,Yes,Yes,49,Yes,Yes,Fiber optic,No,No,No,No,No,No,Two year,Yes,Bank transfer (automatic),34.46,1654.96,No
C-a32b95cc,Female,1,Yes,No,2,Yes,No,No,No internet service,No internet service,No internet service,No internet service,No internet service,No internet service,Two year,Yes,Mailed check,18.66,0.0,No
C-94441d99,Male,0,No,No,61,Yes,No,DSL,No,Yes,No,No,Yes,No,Month-to-month,No,Bank transfer (automatic),32.51,1976.78,No
C-15089a0e,Female,0,No,Yes,67,Yes,No,Fiber optic,Yes,Yes,No,No,No,Yes,Two year,No,Bank transfer (automatic),51.67,3465.77,No
C-29e5ba3c,Male,0,No,No,25,Yes,Yes,DSL,Yes,No,No,No,No,No internet service,One year,No,Credit card (automatic),34.36,882.28,No
C-7681dfda,Male,0,No,Yes,56,No,No phone service,Fiber optic,No,No,No internet service,Yes,No,No,Month-to-month,Yes,Electronic check,48.28,2687.64,Yes
C-39113d72,Female,0,Yes,Yes,31,No,No phone service,Fiber optic,Yes,Yes,No internet service,No,Yes,Yes,One year,No,Bank transfer (automatic),57.51,1777.66,Yes
C-3c1451af,Female,0,Yes,Yes,17,Yes,No,Fiber optic,No,Yes,No,Yes,No internet service,No,Month-to-month,Yes,Mailed check,49.42,863.22,Yes
C-b5933e9c,Male,0,No,No,52,Yes,No,Fiber optic,Yes,Yes,No,No internet service,Yes,Yes,Month-to-month,Yes,Electronic check,64.29,3358.94,Yes
C-89fa4ee6,Female,0,Yes,Yes,42,Yes,No,No,No internet service,No internet service,No internet service,No internet service,No internet service,No internet service,Month-to-month,Yes,Bank transfer (automatic),25.06,1056.12,No
C-0aa0c88a,Male,1,No,Yes,57,Yes,Yes,DSL,No,No,Yes,Yes,Yes,No,One year,No,Electronic check,43.51,2490.14,No
C-119bf508,Male,0,No,No,45,Yes,No,DSL,Yes,Yes,No,No,No internet service,Yes,Month-to-month,No,Mailed check,40.37,1804.73,No
C-831186da,Male,0,Yes,Yes,35,Yes,No,Fiber optic,No,No,No internet service,No,No internet service,No internet service,Month-to-month,Yes,Mailed check,37.03,1326.59,No
C-3758300b,Male,1,No,No,21,Yes,No phone service,Fiber optic,No,Yes,No,No,Yes,No,Two year,No,Electronic check,55.61,1142.18,No
C-680f58fb,Female,0,Yes,No,56,No,No phone service,Fiber optic,No,Yes,No,No,Yes,No,Month-to-month,No,Credit card (automatic),51.5,2889.32,Yes
C-2b22ded0,Female,0,Yes,No,36,No,No phone service,No,No internet service,No internet service,No internet service,No internet service,No internet service,No internet service,Two year,No,Mailed check,20.17,752.61,No
C-66a19558,Male,0,No,Yes,59,Yes,No,DSL,No,No,Yes,Yes,No,No,Two year,Yes,Electronic check,35.31,2071.61,No
C-b3235e1a,Female,0,Yes,Yes,15,Yes,No,No,No internet service,No internet service,No internet service,No internet service,No internet service,No internet service,Month-to-month,No,Electronic check,18.0,277.75,No
C-f74ad06e,Female,0,No,No,49,No,No phone service,Fiber optic,Yes,No internet service,No,No internet service,Yes,Yes,Two year,Yes,Credit card (automatic),60.46,2986.19,No
C-48cd5bd1,Female,0,Yes,Yes,46,Yes,Yes,DSL,Yes,Yes,No,Yes,No,No internet service,Month-to-month,No,Credit card (automatic),39.95,1836.28,No
C-0e44a3fd,Male,0,No,No,46,Yes,No phone service,Fiber optic,No,No,No,No,Yes,Yes,Two year,No,Credit card (automatic),51.85,2396.34,No
C-f175d8cb,Female,1,No,No,53,Yes,No,DSL,No,No,No,No,No,Yes,Two year,Yes,Electronic check,32.37,1720.24,No
C-d8ecfb6b,Male,0,No,No,46,Yes,No,Fiber optic,No,No,No,No,No,No,Month-to-month,No,Bank transfer (automatic),40.5,1867.6,Yes
C-265c178e,Male,0,Yes,No,8,Yes,No,DSL,No,Yes,Yes,No,Yes,No,Two year,Yes,Mailed check,41.83,282.06,No
C-9b16ad55,Female,0,Yes,No,28,Yes,Yes,Fiber optic,No,No,Yes,No,No,No,Two year,No,Mailed check,45.23,1275.71,No
C-decbf926,Male,0,No,Yes,45,Yes,Yes,Fiber optic,No,No,No,No,No,No,One year,Yes,Electronic check,39.31,1764.61,No
C-ad8cc193,Male,0,Yes,No,60,Yes,Yes,Fiber optic,Yes,No,Yes,No,No,No,One year,No,Electronic check,48.95,2927.53,No
C-d7e95bbe,Male,0,No,Yes,66,Yes,Yes,Fiber optic,No,No,No,No internet service,No internet service,Yes,Two year,Yes,Electronic check,47.48,3134.55,Yes
C-ebcfe23e,Male,0,No,Yes,18,Yes,Yes,Fiber optic,No,No internet service,No internet service,No,No,No,One year,No,Electronic check,39.5,712.63,No
C-e8a95768,Female,0,No,No,20,Yes,No,Fiber optic,No,No,Yes,No internet service,No,No,One year,Yes,Electronic check,48.84,949.34,Yes
C-d4acc34f,Male,0,No,Yes,7,Yes,Yes,Fiber optic,Yes,No,No,Yes,Yes,Yes,Month-to-month,Yes,Electronic check,62.89,452.93,Yes
C-61013eda,Male,0,Yes,Yes,23,Yes,Yes,Fiber optic,No,No,No,Yes,No,No,Month-to-month,No,Electronic check,44.47,1009.9,Yes
C-e8376520,Female,0,No,Yes,36,Yes,No,No,No internet service,No internet service,No internet service,No internet service,No internet service,No internet service,Month-to-month,Yes,Mailed check,20.06,736.91,Yes
C-865417b6,Female,0,Yes,No,4,Yes,Yes,DSL,No,No,Yes,No,Yes,No,Month-to-month,Yes,Bank transfer (automatic),31.77,163.81,Yes
C-120d61c9,Female,1,No,No,15,Yes,No,DSL,No internet service,No,No internet service,Yes,Yes,No internet service,Month-to-month,Yes,Electronic check,35.4,523.52,No
C-749b4f1f,Female,0,No,No,22,Yes,No,DSL,No,No,No,Yes,Yes,No,Two year,No,Electronic check,38.28,863.62,No
C-686aa492,Female,0,No,No,24,Yes,No,DSL,Yes,No,No,Yes,No,Yes,Month-to-month,No,Bank transfer (automatic),42.31,1022.11,Yes
C-ef331cb2,Female,0,Yes,Yes,58,Yes,No,Fiber optic,No,Yes,No,No internet service,Yes,Yes,One year,No,Mailed check,59.88,3455.32,No
C-695b9793,Male,0,No,Yes,9,Yes,No phone service,DSL,Yes,No,Yes,No,No,Yes,Month-to-month,No,Electronic check,36.1,331.17,No
C-2ec7fbda,Male,0,Yes,No,68,Yes,Yes,No,No internet service,No internet service,No internet service,No internet service,No internet service,No internet service,Two year,Yes,Electronic check,18.92,1269.1,No
C-ad1ace4b,Female,0,Yes,No,20,Yes,No,Fiber optic,No,No,No internet service,Yes,Yes,No,Two year,No,Credit card (automatic),50.6,998.64,No
C-a23a5deb,Female,0,Yes,No,11,Yes,No,Fiber optic,No,No,Yes,No,No,No,Month-to-month,No,Mailed check,50.01,572.24,Yes
C-19d49969,Male,0,Yes,No,61,No,No phone service,Fiber optic,No,No,No,No,Yes,No,Two year,Yes,Electronic check,50.32,3081.13,Yes
C-b94e857e,Female,1,No,No,55,Yes,Yes,Fiber optic,No,Yes,Yes,No,No,Yes,Month-to-month,No,Bank transfer (automatic),58.11,3176.19,Yes
C-1e10651c,Male,0,No,No,15,Yes,Yes,Fiber optic,No,Yes,No,Yes,Yes,No,Two year,No,Electronic check,56.24,811.33,Yes
C-4d324ca4,Female,0,Yes,No,6,Yes,Yes,Fiber optic,No,No,Yes,Yes,Yes,No internet service,Two year,No,Bank transfer (automatic),62.05,352.61,No
C-2de2ff84,Female,0,Yes,Yes,27,Yes,No phone service,Fiber optic,Yes,Yes,No,No,No internet service,Yes,Month-to-month,Yes,Electronic check,60.9,1655.12,No
C-e072c403,Male,0,Yes,Yes,5,Yes,Yes,Fiber optic,No,No internet service,No,No,Yes,Yes,Month-to-month,Yes,Electronic check,50.52,261.9,Yes
C-c157caab,Male,0,No,Yes,56,Yes,Yes,DSL,No,Yes,No,No internet service,No,Yes,Two year,Yes,Electronic check,36.46,2013.46,No
C-ab1bfe29,Male,0,No,Yes,20,Yes,Yes,No,No internet service,No internet service,No internet service,No internet service,No internet service,No internet service,One year,No,Mailed check,25.17,522.52,No
C-2a26a478,Male,0,No,Yes,14,Yes,Yes,Fiber optic,No,No,Yes,No,Yes,No,Month-to-month,Yes,Bank transfer (automatic),50.81,703.56,No
C-8196fb8d,Female,0,Yes,Yes,43,Yes,No phone service,DSL,Yes,Yes,Yes,No,Yes,Yes,Two year,No,Bank transfer (automatic),55.24,2384.77,No
C-9be62f06,Female,0,Yes,No,23,No,No phone service,DSL,Yes,Yes,No,No,No,Yes,Month-to-month,No,Bank transfer (automatic),37.73,826.83,No
C-2beda2d5,Female,0,No,No,71,Yes,Yes,Fiber optic,No,Yes,No,No,Yes,No,One year,No,Bank transfer (automatic),53.45,3817.81,No
C-5ae066ee,Male,0,No,No,62,No,No phone service,Fiber optic,Yes,No,No,Yes,Yes,No,Month-to-month,No,Electronic check,58.73,3656.99,Yes
C-729dfedf,Female,0,Yes,Yes,36,Yes,No phone service,DSL,No,Yes,Yes,No,Yes,Yes,Month-to-month,No,Electronic check,43.18,1551.38,Yes
C-616aff3c,Female,0,No,No,33,No,No phone service,Fiber optic,No,No,Yes,No internet service,No,No,Month-to-month,Yes,Credit card (automatic),42.14,1353.4,Yes
C-4c7fc29c,Male,0,No,Yes,9,Yes,Yes,Fiber optic,Yes,No,No internet service,No,No,Yes,Month-to-month,Yes,Bank transfer (automatic),47.02,412.15,Yes
C-3f001292,Male,0,No,No,9,No,No phone service,Fiber optic,No,No,No,No,No,Yes,Month-to-month,Yes,Mailed check,47.42,422.49,Yes
C-d4cdcaee,Female,0,Yes,Yes,30,Yes,No,Fiber optic,No internet service,No,No,No,No,No internet service,Two year,Yes,Electronic check,39.68,1203.6,No
C-53fbe05e,Male,0,No,Yes,21,Yes,Yes,DSL,No,No,No,Yes,No,No,One year,Yes,Electronic check,25.47,555.11,No
C-6ea16bb5,Female,0,Yes,Yes,21,Yes,No,DSL,No,No,No,No,No,No,Month-to-month,Yes,Mailed check,30.23,639.93,No
C-c613e139,Male,0,No,No,53,Yes,No,Fiber optic,No,Yes,No,No internet service,No,No internet service,Month-to-month,No,Electronic check,49.02,2619.37,Yes
C-e70b1b29,Female,0,Yes,Yes,16,No,No phone service,No,No internet service,No internet service,No internet service,No internet service,No internet service,No internet service,Two year,Yes,Bank transfer (automatic),18.0,278.07,No
C-922e7ee3,Female,0,No,No,69,Yes,No,DSL,Yes,Yes,Yes,No,No,No,Month-to-month,Yes,Electronic check,39.84,2749.49,No
C-31649105,Male,0,Yes,No,51,Yes,Yes,Fiber optic,No internet service,No,Yes,No internet service,Yes,Yes,Month-to-month,Yes,Bank transfer (automatic),62.55,3188.24,Yes
C-32c35e52,Female,0,No,No,15,Yes,No,Fiber optic,No,No,Yes,No,No,No,Two year,Yes,Mailed check,39.17,601.98,No
C-c08095f1,Male,0,Yes,No,52,Yes,No,No,No internet service,No internet service,No internet service,No internet service,No internet service,No internet service,Month-to-month,No,Electronic check,18.0,953.62,Yes
C-cf4a822c,Female,0,No,No,13,Yes,No,Fiber optic,No,No,Yes,Yes,No,No,Month-to-month,No,Credit card (automatic),46.53,600.8,No
C-f7db39a5,Female,1,No,Yes,13,Yes,No phone service,No,No internet service,No internet service,No internet service,No internet service,No internet service,No internet service,Month-to-month,Yes,Electronic check,18.0,200.12,No
C-8057e224,Male,0,No,No,7,Yes,No,Fiber optic,No,No,Yes,No,Yes,Yes,Month-to-month,No,Electronic check,52.86,364.16,Yes
C-c5361926,Male,0,No,No,53,Yes,No,Fiber optic,Yes,No,No,No,No,No,Two year,Yes,Electronic check,45.05,2387.85,No
C-a4cedbee,Female,1,Yes,No,31,Yes,Yes,Fiber optic,No,Yes,No internet service,No,Yes,Yes,Month-to-month,No,Credit card (automatic),59.51,1863.46,Yes
C-69a55601,Male,0,Yes,No,47,Yes,No phone service,DSL,No,No,No,Yes,No,No internet service,One year,No,Mailed check,30.37,1423.61,No
C-6fc88f48,Male,0,No,No,18,Yes,No,No,No internet service,No internet service,No internet service,No internet service,No internet service,No internet service,Two year,Yes,Electronic check,18.0,334.08,No
C-fee811da,Male,0,Yes,No,50,No,No phone service,Fiber optic,No,Yes,Yes,No,Yes,Yes,Month-to-month,Yes,Electronic check,58.27,2882.95,Yes
C-dfaed762,Male,0,Yes,No,39,Yes,Yes,Fiber optic,Yes,Yes,No,Yes,No,No,Month-to-month,No,Electronic check,56.53,2177.87,Yes
C-3620a10f,Female,0,No,Yes,5,Yes,No,No,No internet service,No internet service,No internet service,No internet service,No internet service,No internet service,Month-to-month,Yes,Credit card (automatic),18.0,85.68,Yes
C-9096d610,Female,0,Yes,No,9,Yes,No,DSL,No,No,No,No,No,Yes,Month-to-month,Yes,Electronic check,30.35,313.89,Yes
C-bf60add4,Male,0,No,No,67,Yes,No phone service,Fiber optic,Yes,No,No,Yes,No,Yes,Two year,No,Credit card (automatic),56.89,3816.23,No
C-1182b52e,Male,1,No,No,3,No,No phone service,Fiber optic,No,No,No,Yes,No,No,Two year,Yes,Credit card (automatic),42.87,164.76,Yes
C-89649b8c,Male,1,No,No,9,No,No phone service,Fiber optic,No internet service,No,No,No,No,No,Month-to-month,Yes,Mailed check,39.9,341.17,No
C-df2cd183,Female,0,No,No,24,Yes,Yes,DSL,No,No,Yes,No,Yes,No,One year,No,Mailed check,39.2,970.53,No
C-8b9cddc1,Male,0,No,No,46,Yes,Yes,DSL,No,No,No internet service,No,No,No internet service,Month-to-month,No,Credit card (automatic),27.45,1263.21,No
C-006993d1,Male,0,Yes,No,32,Yes,No,DSL,No internet service,No,No,No,Yes,Yes,Month-to-month,No,Mailed check,34.53,1107.66,Yes
C-303cda9c,Female,0,No,No,2,Yes,Yes,Fiber optic,No internet service,No,Yes,No internet service,Yes,No,One year,Yes,Mailed check,52.8,140.74,Yes
C-f12e961d,Male,0,Yes,Yes,18,Yes,Yes,Fiber optic,No,Yes,Yes,No,No,Yes,Month-to-month,No,Bank transfer (automatic),52.1,951.72,Yes
C-0feb0455,Female,0,Yes,Yes,31,Yes,No,Fiber optic,No internet service,No,No,No,No,No,Two year,No,Bank transfer (automatic),45.02,1383.62,No
C-1d5ed978,Female,0,Yes,Yes,43,No,No phone service,Fiber optic,No internet service,Yes,No,No,No,No,Month-to-month,Yes,Electronic check,44.19,1871.17,Yes
C-e7c67f51,Female,0,No,No,44,Yes,Yes,Fiber optic,Yes,Yes,No,No,No,No,Month-to-month,No,Bank transfer (automatic),52.18,2315.81,No
C-295300b3,Male,1,No,No,10,Yes,Yes,DSL,No,No,Yes,No,Yes,No,Month-to-month,Yes,Credit card (automatic),31.11,294.22,Yes
C-d05d5ddf,Male,0,No,No,36,Yes,No phone service,Fiber optic,No,Yes,Yes,Yes,Yes,No,Month-to-month,No,Credit card (automatic),61.48,2210.97,Yes
C-e15a140c,Male,1,No,No,19,Yes,Yes,DSL,Yes,No,No,Yes,No,Yes,One year,No,Credit card (automatic),38.09,764.5,No
C-101d7846,Female,0,Yes,No,39,No,No phone service,Fiber optic,No internet service,Yes,Yes,No,Yes,Yes,Month-to-month,No,Electronic check,64.73,2507.54,Yes
C-e86a1bad,Male,1,No,No,68,No,No phone service,Fiber optic,No,No,Yes,No,No,Yes,Month-to-month,No,Electronic check,44.07,2992.04,No
C-15ba882b,Male,0,No,No,56,Yes,No,DSL,No,No,Yes,No internet service,No,Yes,Month-to-month,Yes,Bank transfer (automatic),36.93,2079.15,No
C-241552e0,Male,0,No,No,34,No,No phone service,No,No internet service,No internet service,No internet service,No internet service,No internet service,No internet service,Month-to-month,No,Mailed check,18.0,631.71,No
C-35fa7006,Male,0,Yes,Yes,21,No,No phone service,DSL,Yes,No,Yes,Yes,Yes,No,Two year,Yes,Electronic check,48.67,1018.38,No
C-b6209ae3,Female,0,No,No,14,Yes,Yes,DSL,Yes,No,No,No internet service,Yes,Yes,Month-to-month,No,Electronic check,45.11,635.92,Yes
C-69dd3a0d,Male,0,Yes,No,61,No,No phone service,DSL,No internet service,Yes,Yes,No,No,Yes,Two year,Yes,Electronic check,38.15,2291.39,No
C-2e1a19ea,Female,0,Yes,Yes,24,No,No phone service,No,No internet service,No internet service,No internet service,No internet service,No internet service,No internet service,Two year,No,Mailed check,18.0,452.63,No
C-50a0fed3,Male,0,Yes,Yes,18,Yes,No,No,No internet service,No internet service,No internet service,No internet service,No internet service,No internet service,Two year,Yes,Bank transfer (automatic),22.0,424.14,No
C-3803c07b,Female,1,No,No,34,No,No phone service,DSL,No,Yes,No,No,Yes,Yes,One year,Yes,Credit card (automatic),40.73,1396.6,No
C-e858d546,Female,0,No,No,14,Yes,No,No,No internet service,No internet service,No internet service,No internet service,No internet service,No internet service,Month-to-month,Yes,Bank transfer (automatic),19.86,264.36,Yes
C-578e9d11,Female,0,No,No,59,Yes,Yes,Fiber optic,No,No internet service,No,No internet service,No internet service,No,Month-to-month,Yes,Mailed check,31.68,1890.01,Yes
C-b1ef2370,Male,0,Yes,Yes,49,Yes,Yes,DSL,Yes,No,No internet service,No,No,No internet service,Two year,Yes,Bank transfer (automatic),29.45,1428.54,No
C-43767094,Male,0,Yes,Yes,11,Yes,No,No,No internet service,No internet service,No internet service,No internet service,No internet service,No internet service,Two year,Yes,Mailed check,18.0,203.26,No
C-918fa3b3,Male,0,Yes,Yes,69,Yes,No,DSL,Yes,No,No,Yes,No,Yes,Month-to-month,Yes,Bank transfer (automatic),37.67,2603.84,Yes
C-08e7e841,Male,1,Yes,No,62,Yes,Yes,Fiber optic,Yes,No,No,Yes,No,No,Month-to-month,Yes,Electronic check,47.47,2957.12,Yes
C-19f3df90,Male,0,Yes,Yes,26,Yes,No phone service,No,No internet service,No internet service,No internet service,No internet service,No internet service,No internet service,Month-to-month,Yes,Credit card (automatic),18.0,441.59,Yes
C-5baa49c8,Male,0,No,No,40,No,No phone service,Fiber optic,Yes,No,No,No,No,No,Month-to-month,No,Mailed check,47.45,1903.13,Yes
C-3d29122d,Male,0,No,No,0,Yes,Yes,Fiber optic,No,Yes,No,No,Yes,Yes,Month-to-month,Yes,Credit card (automatic),54.7,6.38,Yes
C-d839c7bf,Male,0,No,No,15,Yes,No phone service,DSL,No internet service,No,No,Yes,No,No internet service,Two year,No,Electronic check,29.04,461.28,No
C-9782a2c1,Female,0,No,No,50,Yes,Yes,DSL,Yes,No,No,Yes,Yes,No,Month-to-month,Yes,Bank transfer (automatic),38.91,1939.92,No
C-3f314fe9,Female,0,No,No,44,Yes,Yes,Fiber optic,Yes,Yes,No,No,Yes,No,Month-to-month,Yes,Credit card (automatic),57.62,2553.54,No
C-7668ccef,Female,0,No,No,61,Yes,No phone service,No,No internet service,No internet service,No internet service,No internet service,No internet service,No internet service,One year,Yes,Mailed check,22.74,1388.17,No
C-020e4d64,Female,1,Yes,No,51,Yes,Yes,DSL,No,Yes,Yes,No,Yes,No internet service,Month-to-month,Yes,Electronic check,45.12,2304.5,No
C-a286cbb8,Female,0,Yes,No,11,Yes,Yes,DSL,Yes,Yes,Yes,No internet service,Yes,Yes,One year,No,Mailed check,56.61,588.89,No
C-9e0519bf,Male,1,No,Yes,46,Yes,Yes,DSL,No,Yes,Yes,No,No internet service,No,Two year,Yes,Credit card (automatic),35.34,1630.75,No
C-e0319c21,Male,0,No,No,31,No,No phone service,DSL,Yes,Yes,Yes,No,No internet service,No,Two year,No,Mailed check,48.73,1517.74,No
C-a7b2cf93,Female,0,Yes,Yes,5,Yes,No,Fiber optic,No,Yes,Yes,Yes,Yes,No,Month-to-month,Yes,Mailed check,62.89,303.59,Yes
C-79b6260c,Male,0,No,Yes,1,Yes,Yes,Fiber optic,No internet service,Yes,No,No,No,No internet service,Two year,No,Mailed check,49.5,37.47,No
C-aac6bece,Female,0,Yes,Yes,33,Yes,Yes,No,No internet service,No internet service,No internet service,No internet service,No internet service,No internet service,One year,Yes,Electronic check,21.5,723.07,Yes
C-fe5ce4e6,Female,0,Yes,No,25,Yes,No,Fiber optic,No,No,Yes,Yes,Yes,No,Month-to-month,Yes,Electronic check,56.61,1389.52,Yes
C-52b26073,Male,0,No,No,17,Yes,Yes,Fiber optic,No,Yes,No,Yes,No,Yes,Month-to-month,Yes,Bank transfer (automatic),58.18,1019.47,Yes
C-4fe07914,Female,0,Yes,No,51,Yes,No,Fiber optic,No,No,Yes,Yes,No,No,Month-to-month,Yes,Bank transfer (automatic),52.81,2671.76,Yes
C-63f6be75,Female,0,No,No,68,Yes,No phone service,No,No internet service,No internet service,No internet service,No internet service,No internet service,No internet service,Month-to-month,Yes,Mailed check,22.5,1540.7,No
C-b6111fc2,Female,0,Yes,Yes,36,Yes,Yes,Fiber optic,Yes,No,No,No,No,No,Two year,Yes,Electronic check,44.18,1613.83,Yes
C-37930937,Female,0,Yes,No,63,Yes,Yes,Fiber optic,No,Yes,Yes,No,No,No,Month-to-month,No,Electronic check,51.81,3251.99,No
C-1fa0643f,Female,0,Yes,No,72,Yes,No,No,No internet service,No internet service,No internet service,No internet service,No internet service,No internet service,Month-to-month,Yes,Electronic check,18.0,1320.88,No
C-8f5ee2eb,Male,0,No,Yes,68,Yes,No phone service,DSL,No,No,Yes,Yes,Yes,No,Two year,No,Mailed check,45.46,3100.61,No
C-77508854,Male,0,Yes,No,55,Yes,No,No,No internet service,No internet service,No internet service,No internet service,No internet service,No internet service,Month-to-month,No,Bank transfer (automatic),18.68,1039.16,No
C-fef58006,Male,0,No,No,44,No,No phone service,DSL,No,Yes,No internet service,Yes,No,No,One year,Yes,Credit card (automatic),34.45,1524.2,No
C-070a3501,Male,0,No,Yes,43,No,No phone service,Fiber optic,No,No,No,No,Yes,No,One year,No,Electronic check,44.74,1920.87,No
C-7dfc294e,Female,0,No,Yes,17,Yes,No,DSL,No,No internet service,Yes,No internet service,No,No,One year,No,Credit card (automatic),33.39,562.28,No
C-22a81819,Male,0,Yes,No,4,Yes,No,DSL,No,No,No,No,No,No,Two year,Yes,Electronic check,27.51,89.32,No
C-e5f9505b,Male,0,No,No,53,Yes,No phone service,Fiber optic,No,No,Yes,No,No,Yes,One year,Yes,Electronic check,51.5,2722.78,No
C-04ca4943,Male,0,Yes,No,33,Yes,Yes,Fiber optic,No,No,No internet service,No,No internet service,Yes,Month-to-month,No,Electronic check,43.92,1423.99,Yes
C-e8332a14,Female,0,No,Yes,27,Yes,No,DSL,Yes,No,Yes,No,No,Yes,One year,Yes,Credit card (automatic),43.47,1197.77,No
C-3a93d26b,Male,1,Yes,No,63,Yes,Yes,No,No internet service,No internet service,No internet service,No internet service,No internet service,No internet service,Month-to-month,Yes,Mailed check,18.0,1137.23,No
C-55a48aaf,Male,0,No,No,34,Yes,Yes,Fiber optic,Yes,No,Yes,No,No,No internet service,Month-to-month,Yes,Bank transfer (automatic),52.8,1780.24,Yes
C-67ab02d5,Female,0,Yes,No,18,Yes,Yes,Fiber optic,No,No,No,No,No,Yes,Two year,No,Electronic check,44.53,792.89,Yes
C-b5f533a5,Male,0,Yes,No,39,Yes,Yes,No,No internet service,No internet service,No internet service,No internet service,No internet service,No internet service,Month-to-month,Yes,Mailed check,18.0,729.64,No
C-e2ba3103,Male,0,Yes,No,27,Yes,No,Fiber optic,Yes,Yes,No,Yes,Yes,No,Month-to-month,Yes,Electronic check,63.38,1709.76,No
C-b8a84595,Female,0,No,No,38,Yes,Yes,Fiber optic,No,Yes,No,No,No,No,Two year,Yes,Electronic check,41.7,1573.23,No
C-415f3d2a,Male,0,Yes,No,24,Yes,Yes,Fiber optic,No,Yes,Yes,No,No,No,One year,No,Credit card (automatic),49.95,1162.65,No
C-cb498e82,Female,0,No,No,4,Yes,No phone service,DSL,Yes,No,No,Yes,No,Yes,Two year,Yes,Bank transfer (automatic),42.26,157.98,No
C-6452a03c,Female,0,No,No,72,Yes,No,Fiber optic,No,No,No internet service,No,Yes,No,Month-to-month,No,Bank transfer (automatic),43.24,3094.15,Yes
C-55ba1f2b,Male,0,No,Yes,37,Yes,No,No,No internet service,No internet service,No internet service,No internet service,No internet service,No internet service,One year,Yes,Electronic check,18.0,664.91,No
C-73a481d3,Female,0,Yes,Yes,40,Yes,No,DSL,Yes,Yes,No,No,Yes,No,Two year,No,Electronic check,31.68,1242.02,No
C-1d85a7a7,Male,0,Yes,No,30,Yes,No,Fiber optic,No,Yes,Yes,No,Yes,No,One year,No,Mailed check,51.39,1539.73,No
C-d7c4a5ce,Female,0,No,No,48,Yes,No,Fiber optic,No,No,No,Yes,No,No,One year,No,Electronic check,46.71,2255.08,No
C-7d332dd3,Female,0,No,No,14,Yes,Yes,Fiber optic,Yes,No,No,No,Yes,No,One year,Yes,Bank transfer (automatic),51.22,713.57,No
C-a9941f66,Male,0,Yes,Yes,23,Yes,No,DSL,No,Yes,Yes,No,No,Yes,Month-to-month,Yes,Mailed check,40.9,933.35,No
C-ab35deb2,Male,0,No,Yes,60,Yes,No phone service,Fiber optic,No,No,No,No,Yes,No internet service,Month-to-month,Yes,Bank transfer (automatic),47.91,2889.91,No
C-48df1524,Female,0,No,No,31,Yes,Yes,No,No internet service,No internet service,No internet service,No internet service,No internet service,No internet service,Two year,No,Bank transfer (automatic),23.84,730.17,No
C-5ac0273d,Male,0,Yes,No,33,No,No phone service,Fiber optic,No,No,No,No,No,Yes,One year,Yes,Electronic check,46.44,1524.77,No
C-9620665b,Male,0,No,No,28,Yes,No,No,No internet service,No internet service,No internet service,No internet service,No internet service,No internet service,Two year,No,Electronic check,18.83,501.94,No
C-3a02789b,Female,0,No,No,8,Yes,Yes,DSL,No,No,No,No,No,No internet service,One year,No,Electronic check,27.3,230.67,No
C-652b09a6,Male,0,Yes,No,18,Yes,Yes,Fiber optic,No,No,No,No internet service,No,No,Month-to-month,Yes,Electronic check,40.86,700.65,Yes
C-0d510218,Male,0,No,No,58,No,No phone service,Fiber optic,No internet service,No,Yes,Yes,No internet service,Yes,Two year,No,Mailed check,53.96,3118.45,No
C-d6a87a67,Female,0,No,Yes,21,Yes,No,Fiber optic,No,Yes,No,Yes,No,No,Month-to-month,No,Credit card (automatic),53.53,1127.94,Yes
C-5e332277,Female,0,Yes,Yes,45,Yes,No phone service,Fiber optic,No,Yes,No,No,No,No,Two year,Yes,Electronic check,47.12,2126.22,No
C-67c35499,Female,0,No,Yes,60,Yes,No,Fiber optic,No,No,No internet service,Yes,No,No internet service,Month-to-month,No,Electronic check,42.35,2536.83,No
C-4dba4c91,Female,1,Yes,No,5,Yes,No phone service,Fiber optic,No,No,Yes,No,Yes,No,Month-to-month,Yes,Electronic check,50.19,214.02,Yes
C-5565dc89,Male,0,Yes,No,31,Yes,No,DSL,No,No internet service,No,Yes,No,No,Month-to-month,No,Electronic check,27.63,872.28,Yes
C-815685a8,Female,0,No,No,6,Yes,Yes,No,No internet service,No internet service,No internet service,No internet service,No internet service,No internet service,Month-to-month,Yes,Electronic check,25.44,130.47,Yes
C-d4567b16,Female,0,Yes,No,39,Yes,Yes,Fiber optic,Yes,No,Yes,Yes,Yes,No internet service,Month-to-month,No,Credit card (automatic),62.24,2414.61,No
C-13006088,Female,0,Yes,Yes,41,Yes,Yes,No,No internet service,No internet service,No internet service,No internet service,No internet service,No internet service,Month-to-month,Yes,Bank transfer (automatic),18.0,741.78,Yes
C-aaac1418,Female,0,No,No,39,Yes,Yes,DSL,No,No,Yes,No,No,Yes,One year,Yes,Credit card (automatic),32.79,1304.78,No
C-90f23e1f,Female,0,No,No,18,Yes,Yes,DSL,Yes,Yes,No,Yes,Yes,No,Month-to-month,No,Bank transfer (automatic),46.12,793.03,No
C-36d8ff56,Female,0,No,Yes,9,Yes,No,No,No internet service,No internet service,No internet service,No internet service,No internet service,No internet service,One year,Yes,Mailed check,24.4,219.26,No
C-f325a7bf,Female,0,No,Yes,48,Yes,Yes,DSL,No,No internet service,No,No internet service,Yes,No internet service,Month-to-month,Yes,Mailed check,34.39,1647.76,Yes
C-3c42e1b7,Male,1,No,No,72,Yes,Yes,Fiber optic,Yes,No,No,No,Yes,Yes,Month-to-month,No,Mailed check,51.83,3712.0,Yes
C-aeb6d2da,Male,0,No,No,67,Yes,Yes,Fiber optic,No,No internet service,No,No,No,Yes,Two year,No,Mailed check,41.84,2794.91,No
C-32712748,Male,0,Yes,No,59,No,No phone service,No,No internet service,No internet service,No internet service,No internet service,No internet service,No internet service,Month-to-month,Yes,Electronic check,22.32,1328.32,Yes
C-1ccac7cf,Female,1,No,No,45,Yes,Yes,DSL,No,No,No internet service,No internet service,Yes,Yes,Two year,No,Electronic check,35.03,1518.53,No
C-1c85778b,Male,0,Yes,No,43,Yes,No phone service,Fiber optic,Yes,No,No internet service,Yes,No internet service,No,One year,Yes,Credit card (automatic),47.92,2036.37,No
C-7d2c1a65,Female,0,No,No,7,Yes,Yes,DSL,No,Yes,No,No,Yes,No,Month-to-month,Yes,Mailed check,32.67,273.17,No
C-5dd1cb5b,Female,1,Yes,Yes,1,Yes,Yes,No,No internet service,No internet service,No internet service,No internet service,No internet service,No internet service,One year,No,Credit card (automatic),22.52,40.52,No
C-9c9fe73c,Female,0,No,Yes,23,Yes,No,No,No internet service,No internet service,No internet service,No internet service,No internet service,No internet service,One year,Yes,Credit card (automatic),20.07,456.47,No
C-b081f03c,Female,0,Yes,Yes,41,No,No phone service,Fiber optic,Yes,No,Yes,Yes,Yes,Yes,Month-to-month,Yes,Electronic check,65.4,2640.53,Yes
C-cba5973c,Female,0,No,No,68,Yes,No,Fiber optic,No,No,No,No,Yes,Yes,Month-to-month,No,Mailed check,49.87,3340.84,No
C-0f59951b,Male,0,No,No,57,Yes,No phone service,No,No internet service,No internet service,No internet service,No internet service,No internet service,No internet service,Month-to-month,Yes,Bank transfer (automatic),18.0,1014.55,No
C-536addf9,Female,0,No,No,32,Yes,No,No,No internet service,No internet service,No internet service,No internet service,No internet service,No internet service,One year,Yes,Bank transfer (automatic),20.0,657.57,No
C-b313a8cf,Female,0,No,Yes,12,Yes,Yes,Fiber optic,No,No internet service,No,No,No,No,Two year,No,Electronic check,36.78,429.06,No
C-cd2500d9,Male,0,Yes,Yes,72,Yes,No,Fiber optic,Yes,No,No,No,Yes,No,Month-to-month,Yes,Mailed check,47.59,3430.91,No
C-a08091bf,Male,0,Yes,Yes,46,Yes,Yes,DSL,Yes,Yes,No,No,No,No,Two year,Yes,Credit card (automatic),40.92,1873.84,No
C-ca6d6f58,Male,0,Yes,No,56,Yes,No,DSL,Yes,Yes,No,No,No internet service,Yes,Month-to-month,No,Electronic check,43.1,2417.66,No
C-154ceda0,Female,0,No,No,27,Yes,No,No,No internet service,No internet service,No internet service,No internet service,No internet service,No internet service,Two year,No,Electronic check,18.0,511.13,No
C-8f8a5141,Male,0,Yes,No,67,Yes,Yes,DSL,Yes,Yes,No,No,No internet service,No,Month-to-month,Yes,Electronic check,38.6,2595.71,Yes
C-9e3117f9,Male,0,Yes,No,38,Yes,No,Fiber optic,No,Yes,Yes,No,Yes,Yes,Two year,No,Bank transfer (automatic),68.15,2579.85,Yes
C-0389191d,Female,1,No,No,0,Yes,Yes,No,No internet service,No internet service,No internet service,No internet service,No internet service,No internet service,One year,Yes,Electronic check,23.47,0.0,Yes
C-8693941c,Female,0,No,Yes,12,Yes,No phone service,Fiber optic,No,No,Yes,No,Yes,Yes,Month-to-month,Yes,Mailed check,57.8,689.09,Yes
C-e6b32f24,Male,0,Yes,No,0,Yes,No,DSL,Yes,Yes,Yes,No,Yes,Yes,Two year,No,Credit card (automatic),53.43,5.78,No
C-24c2fa65,Male,0,Yes,No,39,Yes,Yes,Fiber optic,Yes,No,No,Yes,No,Yes,Month-to-month,Yes,Bank transfer (automatic),57.45,2212.53,No
C-ba634ca3,Male,0,No,No,37,Yes,No,Fiber optic,No,No,No,No,Yes,Yes,One year,Yes,Mailed check,52.24,1959.32,No
C-23ce1bf5,Male,0,Yes,No,54,Yes,No,DSL,Yes,No,No internet service,No,No,No internet service,Month-to-month,No,Mailed check,26.78,1487.08,No
C-20e8670f,Male,0,Yes,Yes,34,Yes,No,Fiber optic,No,No,No,No,Yes,No,Two year,No,Mailed check,46.09,1565.17,No
C-305650e9,Female,0,No,Yes,57,Yes,Yes,Fiber optic,Yes,No,No,No,Yes,Yes,One year,Yes,Credit card (automatic),63.04,3573.07,No
C-6f00ea50,Male,0,Yes,No,60,Yes,No,DSL,No internet service,No internet service,Yes,No,No,No internet service,Month-to-month,No,Electronic check,32.06,1932.6,No
C-fa7673a6,Female,0,No,No,61,Yes,No,Fiber optic,No,Yes,No internet service,No,Yes,No,Month-to-month,Yes,Bank transfer (automatic),52.05,3185.67,Yes
C-b81a5cd2,Female,0,No,No,43,Yes,No,DSL,Yes,No,No,Yes,No,Yes,Month-to-month,No,Credit card (automatic),43.57,1871.86,Yes
C-6902d0b6,Male,0,Yes,No,21,Yes,Yes,DSL,No,No,No,Yes,No,No internet service,Month-to-month,Yes,Mailed check,31.23,637.7,Yes
C-aabdf839,Male,0,Yes,No,65,Yes,Yes,DSL,No internet service,No,No internet service,No,No,No internet service,One year,Yes,Bank transfer (automatic),23.84,1538.14,No
C-6a20330d,Female,1,No,No,48,Yes,No,DSL,No,No,No,No,No,Yes,Month-to-month,Yes,Electronic check,31.9,1531.17,No
C-baecd92b,Male,0,Yes,No,45,Yes,Yes,No,No internet service,No internet service,No internet service,No internet service,No internet service,No internet service,Month-to-month,No,Credit card (automatic),22.04,961.81,No
C-5344835e,Female,0,No,Yes,63,Yes,Yes,Fiber optic,No,No,No internet service,No,Yes,No,Month-to-month,Yes,Credit card (automatic),52.09,3273.75,Yes
C-0af2c0c9,Male,0,No,Yes,50,Yes,No,No,No internet service,No internet service,No internet service,No internet service,No internet service,No internet service,Two year,Yes,Mailed check,18.0,913.57,No
C-5b38f91e,Female,1,No,No,44,Yes,No,Fiber optic,Yes,No,Yes,No,No,No,Month-to-month,Yes,Electronic check,52.12,2276.26,Yes
C-fa6a480f,Female,1,No,Yes,22,Yes,No,Fiber optic,No,No internet service,Yes,No,No,Yes,Month-to-month,Yes,Electronic check,52.05,1128.26,Yes
C-b4082b2e,Female,0,No,No,5,Yes,Yes,No,No internet service,No internet service,No internet service,No internet service,No internet service,No internet service,Month-to-month,No,Electronic check,23.03,117.88,Yes
C-9d10a347,Male,0,Yes,No,16,Yes,No,Fiber optic,No,Yes,Yes,No,Yes,No,One year,No,Electronic check,61.26,997.88,Yes
C-5c35e0d2,Male,0,No,No,1,Yes,No,No,No internet service,No internet service,No internet service,No internet service,No internet service,No internet service,Month-to-month,Yes,Electronic check,23.02,0.0,No
C-f482569d,Female,0,Yes,Yes,37,Yes,No,DSL,Yes,No,No,No,No,No,Month-to-month,Yes,Credit card (automatic),32.8,1194.41,No
C-4ec1dc55,Female,0,No,No,46,Yes,No,DSL,No,No,No,No,No,No,Month-to-month,No,Mailed check,23.25,1073.27,No
C-29a7ebf8,Male,0,No,No,45,Yes,Yes,DSL,No,Yes,Yes,No internet service,Yes,No,Month-to-month,No,Bank transfer (automatic),37.62,1738.01,No
C-94388908,Male,0,No,No,34,Yes,No,DSL,No,No,No,No,Yes,No,One year,Yes,Mailed check,30.64,1044.08,No
C-7fd9bad0,Female,0,Yes,No,41,Yes,No,No,No internet service,No internet service,No internet service,No internet service,No internet service,No internet service,One year,Yes,Electronic check,18.0,757.9,No
C-84a52986,Female,0,No,Yes,42,Yes,No,No,No internet service,No internet service,No internet service,No internet service,No internet service,No internet service,Two year,Yes,Credit card (automatic),18.0,770.09,No
C-66201f53,Female,0,No,No,29,Yes,No,Fiber optic,No internet service,Yes,No internet service,Yes,No internet service,Yes,Month-to-month,No,Bank transfer (automatic),55.06,1624.95,No
C-7d0f3be3,Male,0,Yes,No,24,Yes,No phone service,No,No internet service,No internet service,No internet service,No internet service,No internet service,No internet service,One year,Yes,Credit card (automatic),18.0,445.9,No
C-c26063ec,Female,1,Yes,Yes,12,No,No phone service,Fiber optic,No,No,No,Yes,Yes,Yes,Month-to-month,Yes,Credit card (automatic),52.92,665.4,Yes
C-750159d7,Female,1,No,No,55,Yes,No,Fiber optic,No,No,Yes,Yes,No,No internet service,One year,No,Bank transfer (automatic),49.28,2716.67,No
C-70e26673,Female,0,No,Yes,11,Yes,Yes,Fiber optic,Yes,No,No,No,No,No,Two year,No,Credit card (automatic),45.38,530.08,No
C-c8551720,Female,0,No,No,27,Yes,No,Fiber optic,No,No,No,Yes,No,No,Month-to-month,Yes,Electronic check,46.17,1269.51,Yes
C-38f074ca,Male,0,No,Yes,32,Yes,Yes,No,No internet service,No internet service,No internet service,No internet service,No internet service,No internet service,Two year,Yes,Bank transfer (automatic),20.48,660.04,No
C-fc0e95e5,Male,1,Yes,Yes,42,Yes,Yes,DSL,No,Yes,Yes,No,No,No,Two year,Yes,Credit card (automatic),31.01,1303.69,No
C-e4cb74fe,Female,0,Yes,No,36,Yes,Yes,DSL,No,No,Yes,No,Yes,Yes,Month-to-month,No,Electronic check,39.07,1386.42,No
C-3091d206,Female,0,No,Yes,33,Yes,Yes,DSL,No,No,No,No,No,Yes,Month-to-month,Yes,Credit card (automatic),31.21,1051.35,Yes
C-cf2ad3cb,Female,0,Yes,No,39,Yes,No,Fiber optic,No,No,No,No,No,Yes,Two year,Yes,Credit card (automatic),45.91,1789.4,No
C-31f0027b,Female,0,Yes,No,7,Yes,Yes,Fiber optic,Yes,No internet service,No,No,No,No,Month-to-month,Yes,Mailed check,43.18,307.36,Yes
C-8e71e380,Male,1,No,No,4,Yes,Yes,Fiber optic,No internet service,No,No,No,No,No internet service,One year,Yes,Mailed check,37.13,113.82,Yes
C-b1e6b50f,Female,0,Yes,No,32,Yes,No,DSL,Yes,No,No,No,No,No,Two year,Yes,Bank transfer (automatic),31.63,1000.63,No
C-e3fbe6c4,Male,0,Yes,No,36,Yes,Yes,Fiber optic,No,No,Yes,No,No internet service,No internet service,Month-to-month,No,Bank transfer (automatic),44.24,1581.21,Yes
C-9141be5b,Male,1,Yes,No,23,Yes,No phone service,Fiber optic,No,Yes,Yes,No,No,No,Month-to-month,Yes,Mailed check,45.24,1047.71,No
C-403c6184,Male,0,Yes,No,45,No,No phone service,Fiber optic,No,No,No,Yes,Yes,No,Two year,No,Electronic check,50.83,2297.8,No
C-27adcdf4,Male,1,No,No,47,Yes,No,DSL,No,No,Yes,No internet service,No internet service,No,Two year,No,Mailed check,27.71,1299.72,No
C-276e63f1,Female,1,Yes,No,20,Yes,Yes,No,No internet service,No internet service,No internet service,No internet service,No internet service,No internet service,Month-to-month,Yes,Electronic check,22.97,480.34,No
C-73a5cb9d,Male,0,Yes,No,49,Yes,Yes,Fiber optic,No,No,No internet service,No internet service,Yes,No internet service,Month-to-month,No,Bank transfer (automatic),47.04,2313.15,No
C-6d2fe708,Male,0,No,Yes,62,Yes,No phone service,DSL,Yes,No,No,No,No,No internet service,Two year,Yes,Electronic check,29.12,1801.38,Yes
C-16a47b6d,Female,1,Yes,No,59,Yes,Yes,DSL,Yes,No,No,Yes,No,Yes,Month-to-month,Yes,Mailed check,40.87,2415.79,No
C-6f138564,Male,0,Yes,Yes,52,No,No phone service,Fiber optic,No,No,Yes,No,Yes,Yes,Month-to-month,Yes,Mailed check,58.27,3043.56,Yes
C-cc3a39e6,Female,0,Yes,No,13,No,No phone service,DSL,No,No,No,No,No,Yes,Month-to-month,No,Bank transfer (automatic),31.13,395.84,Yes
C-3ce1264f,Male,0,No,No,26,Yes,No,Fiber optic,No,No,Yes,No,No,No,Month-to-month,No,Electronic check,41.86,1082.6,Yes
C-bd9111ae,Female,1,Yes,No,57,Yes,Yes,No,No internet service,No internet service,No internet service,No internet service,No internet service,No internet service,Month-to-month,No,Bank transfer (automatic),20.59,1153.12,No
C-640cb8ee,Female,0,Yes,No,23,Yes,No,Fiber optic,Yes,No,No internet service,No,Yes,No,Month-to-month,Yes,Electronic check,51.7,1146.74,No
C-96b2d9d6,Female,0,No,No,19,Yes,No,Fiber optic,No,Yes,No,Yes,No internet service,No internet service,Two year,No,Bank transfer (automatic),50.2,936.03,No
C-2de42515,Male,0,No,No,5,Yes,Yes,Fiber optic,No,Yes,No,Yes,No,Yes,Month-to-month,No,Mailed check,53.32,282.45,Yes
C-b22299a2,Female,0,Yes,No,3,Yes,Yes,Fiber optic,No,No,No,Yes,Yes,Yes,Two year,No,Electronic check,57.27,156.2,Yes
C-bd013fd4,Male,0,Yes,Yes,8,Yes,No,Fiber optic,Yes,No,No,No,Yes,Yes,Month-to-month,Yes,Electronic check,53.67,425.3,No
C-5630bf22,Male,0,No,No,48,Yes,No phone service,DSL,No,No,Yes,No,No,No,Month-to-month,Yes,Electronic check,32.57,1554.91,No
C-7c4e5f88,Male,1,No,No,24,Yes,Yes,DSL,Yes,Yes,No,No internet service,No internet service,No,Month-to-month,Yes,Bank transfer (automatic),34.5,856.96,No
C-2ff862c1,Female,0,Yes,Yes,24,Yes,No phone service,Fiber optic,No,Yes,No,No,Yes,No,Month-to-month,No,Bank transfer (automatic),51.7,1212.83,Yes
C-72b0014a,Male,0,Yes,Yes,33,Yes,Yes,DSL,No internet service,No,Yes,No internet service,No,No,Two year,Yes,Bank transfer (automatic),34.52,1162.72,No
C-b111592f,Male,0,Yes,No,9,No,No phone service,Fiber optic,No,Yes,Yes,No,No,No,Two year,No,Mailed check,47.65,437.77,Yes
C-59f26270,Female,0,Yes,No,41,Yes,No,DSL,No,No,No,Yes,No internet service,No,One year,Yes,Electronic check,27.97,1143.18,No
C-0b8d7d1c,Male,0,Yes,Yes,45,Yes,Yes,Fiber optic,No,No,Yes,No,No,No,Month-to-month,Yes,Bank transfer (automatic),42.67,1908.0,Yes
C-63db8e00,Male,0,Yes,No,42,Yes,Yes,DSL,No,Yes,No,No,No internet service,No,Month-to-month,Yes,Electronic check,24.43,1018.46,No
C-6ff26176,Female,0,Yes,Yes,41,Yes,No,Fiber optic,No,Yes,Yes,No,Yes,No,Two year,Yes,Credit card (automatic),52.81,2145.87,No
C-a6e91500,Female,0,No,Yes,16,Yes,No,Fiber optic,No internet service,No,No,No,Yes,No,Month-to-month,Yes,Mailed check,44.86,715.51,No
C-85201b57,Male,0,Yes,No,24,Yes,Yes,DSL,No,Yes,No,No,Yes,No internet service,Two year,No,Mailed check,35.05,840.32,Yes
C-4f00f4ab,Female,0,Yes,No,13,Yes,Yes,Fiber optic,No,No,No internet service,No,Yes,No,Month-to-month,No,Bank transfer (automatic),45.99,582.87,Yes
C-b1d7c4ca,Female,1,Yes,Yes,4,Yes,Yes,DSL,No,No,Yes,No,No,No,One year,No,Credit card (automatic),29.37,127.43,Yes
C-e4b852ae,Female,1,Yes,No,64,Yes,No,DSL,No,No,No,No,No,Yes,Two year,Yes,Mailed check,30.78,1971.5,No
C-8c583808,Female,0,Yes,No,62,Yes,Yes,Fiber optic,No internet service,No,No,No,No,No,One year,Yes,Electronic check,36.5,2252.88,No
C-033d24c0,Female,0,No,No,57,Yes,Yes,DSL,Yes,Yes,No,No,No,No,Month-to-month,No,Bank transfer (automatic),34.96,2021.2,Yes
C-137b4a02,Female,0,No,No,68,Yes,Yes,Fiber optic,Yes,Yes,No internet service,Yes,Yes,Yes,One year,No,Mailed check,70.83,4809.17,No
C-fa474dc3,Male,0,Yes,No,42,Yes,Yes,No,No internet service,No internet service,No internet service,No internet service,No internet service,No internet service,Month-to-month,No,Electronic check,19.73,835.15,No
C-e4df80bd,Male,1,Yes,Yes,26,Yes,Yes,No,No internet service,No internet service,No internet service,No internet service,No internet service,No internet service,Month-to-month,Yes,Mailed check,20.37,550.52,No
C-54f55841,Male,0,Yes,No,11,Yes,Yes,Fiber optic,No,No,No,No,Yes,Yes,Month-to-month,No,Bank transfer (automatic),50.53,533.97,Yes
C-41490fa9,Male,0,No,No,44,Yes,Yes,DSL,No internet service,No internet service,No,No,Yes,Yes,Month-to-month,Yes,Mailed check,36.7,1634.8,No
C-568f360e,Male,1,No,No,54,No,No phone service,DSL,No,No internet service,Yes,Yes,No,No,Month-to-month,No,Mailed check,38.8,2113.49,No
C-b51d81eb,Male,1,No,No,63,Yes,Yes,Fiber optic,Yes,No internet service,Yes,Yes,Yes,Yes,One year,No,Bank transfer (automatic),66.51,4188.86,No
C-02274162,Female,1,Yes,No,29,Yes,No,No,No internet service,No internet service,No internet service,No internet service,No internet service,No internet service,Month-to-month,Yes,Credit card (automatic),21.49,608.45,Yes
C-9fc87230,Male,0,No,No,69,No,No phone service,Fiber optic,No,No,No,No,No,No,Two year,No,Electronic check,42.78,2952.79,No
C-082f0f76,Male,0,No,Yes,46,Yes,No phone service,DSL,Yes,No,No,No,No,No,Month-to-month,No,Credit card (automatic),27.94,1305.01,No
C-7bb4c0fa,Male,1,Yes,Yes,57,Yes,Yes,Fiber optic,No,No,No,Yes,Yes,No,One year,Yes,Credit card (automatic),51.75,2958.54,No
C-2cad0cbf,Male,1,No,Yes,60,Yes,No,No,No internet service,No internet service,No internet service,No internet service,No internet service,No internet service,Two year,No,Electronic check,19.1,1149.54,No
C-bab6b08b,Male,1,No,Yes,43,Yes,No phone service,No,No internet service,No internet service,No internet service,No internet service,No internet service,No internet service,Month-to-month,Yes,Bank transfer (automatic),19.02,779.19,No
C-f105fa6e,Female,0,No,No,64,Yes,No,No,No internet service,No internet service,No internet service,No internet service,No internet service,No internet service,Month-to-month,No,Electronic check,19.58,1253.27,No
C-a48c764b,Male,0,Yes,No,35,Yes,Yes,No,No internet service,No internet service,No internet service,No internet service,No internet service,No internet service,One year,Yes,Electronic check,21.94,777.23,No
C-a57773b5,Male,0,No,Yes,16,Yes,Yes,Fiber optic,No,No,No,No,No internet service,No,Two year,No,Credit card (automatic),37.05,607.2,No
C-939f70f9,Male,0,No,Yes,41,Yes,Yes,Fiber optic,No,No,Yes,No,Yes,No,Month-to-month,Yes,Mailed check,57.46,2326.17,No
C-8a33807b,Female,0,Yes,No,70,Yes,No,DSL,No,No,No internet service,No internet service,No internet service,No,Two year,Yes,Mailed check,25.39,1775.89,No
C-5ce0a51e,Female,1,No,Yes,68,Yes,Yes,No,No internet service,No internet service,No internet service,No internet service,No internet service,No internet service,Month-to-month,Yes,Electronic check,21.21,1443.26,No
C-321b7b9c,Male,0,No,No,47,Yes,Yes,DSL,No internet service,No,Yes,No internet service,No,No internet service,One year,Yes,Electronic check,33.55,1565.01,No
C-86f180be,Male,0,Yes,No,14,Yes,No,No,No internet service,No internet service,No internet service,No internet service,No internet service,No internet service,Month-to-month,No,Bank transfer (automatic),23.48,336.63,No
C-468b005f,Male,0,No,No,3,Yes,No,Fiber optic,No,No,Yes,No,Yes,No,Month-to-month,No,Credit card (automatic),50.42,183.61,Yes
C-5492633a,Female,0,No,No,9,No,No phone service,DSL,No,No,No,No internet service,Yes,No,Two year,Yes,Electronic check,34.55,313.81,No
C-4b6437fd,Female,0,No,Yes,46,Yes,Yes,DSL,No,No,No,Yes,No,No,Month-to-month,Yes,Credit card (automatic),28.11,1330.71,Yes
C-64ac10e3,Male,1,No,No,54,Yes,No,Fiber optic,No,Yes,Yes,Yes,Yes,No,Month-to-month,No,Electronic check,59.76,3219.24,Yes
C-e7204109,Male,0,Yes,No,8,Yes,No,No,No internet service,No internet service,No internet service,No internet service,No internet service,No internet service,Month-to-month,No,Credit card (automatic),18.0,141.27,Yes
C-76f15472,Female,0,Yes,Yes,44,Yes,Yes,No,No internet service,No internet service,No internet service,No internet service,No internet service,No internet service,Month-to-month,No,Mailed check,19.25,869.42,Yes
C-8cb6c616,Female,0,No,No,41,Yes,No phone service,Fiber optic,No,No,No,Yes,Yes,No,One year,Yes,Credit card (automatic),47.22,1951.61,No
C-0810cf8d,Male,1,Yes,No,3,Yes,Yes,Fiber optic,No,No,No,Yes,No,Yes,Two year,Yes,Electronic check,51.51,170.12,No
C-c10d1973,Female,1,Yes,No,18,Yes,No phone service,No,No internet service,No internet service,No internet service,No internet service,No internet service,No internet service,Two year,Yes,Mailed check,18.0,288.31,No
C-8ae0b24b,Male,0,No,No,58,Yes,No phone service,Fiber optic,No,No,Yes,Yes,No,No,One year,No,Mailed check,54.84,3200.02,No
C-c7a54801,Male,1,Yes,No,28,Yes,No,DSL,No,Yes,Yes,Yes,Yes,Yes,Month-to-month,No,Credit card (automatic),53.44,1492.72,Yes
C-99408243,Female,1,No,Yes,72,No,No phone service,DSL,Yes,No,Yes,No,Yes,No,Two year,Yes,Electronic check,44.52,3165.08,No
C-ac41a2e4,Male,0,Yes,No,51,Yes,No,No,No internet service,No internet service,No internet service,No internet service,No internet service,No internet service,Month-to-month,No,Bank transfer (automatic),25.18,1273.6,No
C-c20ae15a,Female,0,Yes,Yes,57,Yes,No,DSL,No,No,No,No,Yes,No,Month-to-month,Yes,Electronic check,31.98,1794.46,Yes
C-131e675b,Female,0,No,Yes,54,Yes,Yes,No,No internet service,No internet service,No internet service,No internet service,No internet service,No internet service,Month-to-month,No,Electronic check,21.73,1218.0,Yes
C-93d6e086,Male,0,Yes,No,67,Yes,Yes,Fiber optic,No,No,No,No,Yes,No,Two year,No,Electronic check,45.02,3003.48,No
C-164e0690,Female,1,No,No,11,Yes,Yes,No,No internet service,No internet service,No internet service,No internet service,No internet service,No internet service,Month-to-month,Yes,Electronic check,18.0,195.92,No
C-21c89b7b,Female,1,Yes,No,6,Yes,Yes,No,No internet service,No internet service,No internet service,No internet service,No internet service,No internet service,Month-to-month,No,Bank transfer (automatic),18.0,132.24,Yes
C-3896aa81,Female,0,No,No,62,Yes,Yes,No,No internet service,No internet service,No internet service,No internet service,No internet service,No internet service,Month-to-month,No,Mailed check,18.0,1090.96,No
C-dd18bb0e,Female,0,Yes,No,68,Yes,Yes,Fiber optic,No,No,No,No internet service,No,Yes,Month-to-month,No,Electronic check,46.2,3115.1,No
C-7e3474fc,Male,0,Yes,No,42,Yes,No,No,No internet service,No internet service,No internet service,No internet service,No internet service,No internet service,Month-to-month,Yes,Bank transfer (automatic),20.89,855.53,No
C-50191d0f,Male,0,No,No,28,Yes,Yes,Fiber optic,No,No,Yes,No,No,No,Two year,Yes,Electronic check,47.88,1336.78,No
C-7f6c64f3,Female,1,No,Yes,56,Yes,No phone service,No,No internet service,No internet service,No internet service,No internet service,No internet service,No internet service,Month-to-month,No,Credit card (automatic),18.12,1016.26,No
C-e865a2e4,Female,0,Yes,Yes,1,Yes,No phone service,Fiber optic,Yes,Yes,No,No,Yes,Yes,Month-to-month,No,Mailed check,66.46,53.48,Yes
C-4c7f10a9,Female,0,Yes,No,34,Yes,No phone service,DSL,No,No,No,Yes,No,No,Month-to-month,No,Electronic check,30.44,1062.49,Yes
C-9893598b,Female,0,Yes,No,37,Yes,Yes,Fiber optic,Yes,No,Yes,No,No,Yes,One year,No,Bank transfer (automatic),62.28,2290.0,No
C-0dfe1cc4,Female,0,Yes,No,20,Yes,No phone service,No,No internet service,No internet service,No internet service,No internet service,No internet service,No internet service,One year,Yes,Electronic check,21.81,437.71,No
C-6567cae3,Male,0,Yes,Yes,29,Yes,No,Fiber optic,No,No internet service,No,No,No,Yes,Month-to-month,No,Bank transfer (automatic),45.49,1267.26,Yes
C-25bb9cdf,Female,0,No,No,63,Yes,No,Fiber optic,Yes,Yes,No internet service,No,No internet service,No internet service,Two year,No,Electronic check,47.64,3003.72,No
C-ac65037c,Male,0,Yes,No,27,Yes,No,Fiber optic,No,Yes,Yes,No,Yes,No,Two year,No,Credit card (automatic),57.21,1567.3,No
C-c995ca35,Female,0,Yes,No,47,Yes,No,Fiber optic,No,No,No,No,Yes,No,One year,No,Bank transfer (automatic),42.99,2030.75,No
C-a1877241,Female,0,No,No,59,Yes,No,Fiber optic,No,No,No,No,No internet service,No,Month-to-month,No,Electronic check,39.85,2354.16,Yes
C-fb7e69ea,Female,1,No,No,22,Yes,Yes,DSL,Yes,Yes,Yes,No,Yes,No,Month-to-month,No,Electronic check,51.32,1081.1,Yes
C-55653ea6,Female,0,No,Yes,16,Yes,No,DSL,No,No,Yes,Yes,No,No,Two year,Yes,Mailed check,38.69,616.31,No
C-94e9950f,Female,0,No,No,62,No,No phone service,DSL,No,No,No,No,Yes,No,Two year,Yes,Electronic check,32.5,2040.98,No
C-ac85a5fa,Male,0,Yes,No,37,Yes,No,DSL,No,No,No,Yes,No,No,Month-to-month,Yes,Electronic check,27.54,1020.19,No
C-937ae15e,Female,0,Yes,Yes,50,Yes,No phone service,DSL,No,Yes,No,No,No,No,Month-to-month,No,Mailed check,33.96,1689.53,No
C-3a3f1efd,Male,1,Yes,No,41,Yes,Yes,Fiber optic,Yes,No,No,No,No,No,One year,Yes,Bank transfer (automatic),42.69,1749.79,No
C-6b0ae46d,Female,0,No,No,24,Yes,Yes,DSL,No,No,No,Yes,Yes,No,Month-to-month,No,Bank transfer (automatic),32.14,790.16,No
C-dbad2751,Female,0,Yes,No,14,Yes,No,Fiber optic,No,No,No,No,Yes,No,Month-to-month,Yes,Mailed check,46.03,662.22,Yes
C-78ccd9ff,Male,0,Yes,Yes,17,Yes,Yes,Fiber optic,No internet service,No,No,No,No internet service,No,One year,Yes,Credit card (automatic),41.14,691.76,No
C-4ae5840c,Female,0,Yes,Yes,41,Yes,No,Fiber optic,No,No,No,No,No,No,Month-to-month,No,Credit card (automatic),40.5,1654.61,Yes
C-0b71320a,Male,0,No,No,27,Yes,No,Fiber optic,Yes,No,Yes,No,No,Yes,One year,Yes,Electronic check,54.69,1497.18,No
C-e4c578d0,Female,0,Yes,Yes,54,Yes,Yes,Fiber optic,Yes,No,No internet service,No,No,No,Month-to-month,Yes,Bank transfer (automatic),45.07,2414.94,Yes
C-f7700cbe,Female,0,No,No,27,Yes,No,No,No internet service,No internet service,No internet service,No internet service,No internet service,No internet service,One year,No,Electronic check,18.0,464.06,No
C-c2b18149,Female,0,Yes,No,65,No,No phone service,No,No internet service,No internet service,No internet service,No internet service,No internet service,No internet service,One year,No,Electronic check,19.86,1313.9,No
C-da563645,Female,0,Yes,Yes,61,No,No phone service,No,No internet service,No internet service,No internet service,No internet service,No internet service,No internet service,Month-to-month,No,Electronic check,24.36,1497.14,No
C-ac1e51b0,Female,0,No,No,22,Yes,Yes,No,No internet service,No internet service,No internet service,No internet service,No internet service,No internet service,Two year,Yes,Electronic check,18.0,390.93,No
C-99343818,Male,0,No,Yes,1,Yes,No phone service,DSL,No,No,Yes,No,No,No,Month-to-month,No,Mailed check,30.11,53.49,Yes
C-1ea7093c,Male,0,Yes,No,59,Yes,Yes,Fiber optic,No,No,No,Yes,Yes,No,One year,Yes,Electronic check,48.22,2863.64,Yes
C-cfaf2a94,Female,0,No,Yes,18,Yes,Yes,DSL,Yes,No,No,Yes,No,Yes,Month-to-month,Yes,Electronic check,42.0,718.05,No
C-0397bfd2,Male,0,Yes,No,69,No,No phone service,Fiber optic,No,No,No internet service,No,No,Yes,Two year,Yes,Mailed check,43.93,3093.96,No
C-fb6c35ac,Male,0,Yes,No,40,Yes,No,No,No internet service,No internet service,No internet service,No internet service,No internet service,No internet service,Month-to-month,No,Mailed check,24.41,992.91,Yes
C-1519f329,Female,1,Yes,Yes,24,No,No phone service,No,No internet service,No internet service,No internet service,No internet service,No internet service,No internet service,Month-to-month,Yes,Mailed check,18.89,456.36,No
C-d2bed508,Female,0,No,No,6,Yes,Yes,Fiber optic,Yes,No,Yes,No,No,Yes,Two year,No,Electronic check,56.45,338.51,Yes
C-c0b52511,Male,0,Yes,No,55,Yes,No,Fiber optic,No,No internet service,Yes,No,Yes,No,Month-to-month,Yes,Mailed check,52.69,2887.17,No
C-cfbbba99,Male,0,No,Yes,13,Yes,Yes,No,No internet service,No internet service,No internet service,No internet service,No internet service,No internet service,One year,Yes,Electronic check,19.06,210.83,No
C-fd6caa7e,Female,0,Yes,Yes,39,Yes,No,Fiber optic,Yes,No,No,No,No,No,Month-to-month,Yes,Bank transfer (automatic),43.68,1731.9,Yes
C-aeed47ee,Male,0,Yes,No,18,Yes,No phone service,DSL,No,No,No,No internet service,Yes,No internet service,Two year,No,Mailed check,28.21,489.98,No
C-b95810fc,Male,1,Yes,No,58,Yes,No phone service,No,No internet service,No internet service,No internet service,No internet service,No internet service,No internet service,Month-to-month,Yes,Electronic check,21.15,1250.57,No
C-d386c4b1,Male,0,Yes,Yes,27,Yes,Yes,Fiber optic,Yes,No,No,Yes,No,No,Two year,Yes,Mailed check,48.92,1341.29,No
C-bc956aa4,Male,1,Yes,No,37,Yes,No phone service,Fiber optic,Yes,No,Yes,Yes,Yes,Yes,Month-to-month,Yes,Mailed check,67.2,2461.38,No
C-f1a85bbb,Male,0,No,No,3,Yes,Yes,DSL,No internet service,No internet service,No,No,No,Yes,Month-to-month,Yes,Bank transfer (automatic),28.01,66.12,Yes
C-60edcf72,Male,0,Yes,No,4,No,No phone service,Fiber optic,No,Yes,No,No internet service,Yes,Yes,Month-to-month,Yes,Bank transfer (automatic),58.93,213.58,Yes
C-93d6719d,Male,1,No,Yes,37,Yes,Yes,Fiber optic,No,Yes,No,Yes,No,Yes,Month-to-month,No,Credit card (automatic),55.78,2069.87,No
C-f7a195c5,Female,0,No,No,72,Yes,Yes,Fiber optic,No internet service,No,No,Yes,No,No,One year,No,Electronic check,40.52,2892.45,No
C-eba7fc4a,Male,0,No,No,46,Yes,Yes,Fiber optic,No,No,No,No internet service,Yes,No,Month-to-month,No,Credit card (automatic),47.54,2214.35,No
C-7153cad6,Male,0,No,Yes,26,Yes,No,DSL,No,Yes,Yes,No,Yes,Yes,Month-to-month,No,Credit card (automatic),45.64,1190.36,Yes
C-f0d098b1,Male,1,No,No,45,Yes,No,Fiber optic,No,No,No internet service,No internet service,No,Yes,Two year,Yes,Electronic check,42.12,1924.19,No
C-36aac7c3,Male,0,No,No,66,Yes,No,No,No internet service,No internet service,No internet service,No internet service,No internet service,No internet service,One year,No,Bank transfer (automatic),18.0,1216.4,No
C-e9054f1e,Female,0,No,Yes,4,Yes,No,No,No internet service,No internet service,No internet service,No internet service,No internet service,No internet service,Two year,No,Electronic check,22.68,107.69,No
C-f10a947b,Female,0,Yes,No,18,Yes,No,DSL,Yes,No,Yes,No,Yes,No internet service,Month-to-month,No,Electronic check,44.54,799.33,Yes
C-f819f34c,Female,0,No,No,67,Yes,Yes,Fiber optic,No,Yes,Yes,No,No internet service,No,Month-to-month,No,Electronic check,52.91,3524.06,Yes
C-1b091da2,Male,1,Yes,No,72,Yes,No,No,No internet service,No internet service,No internet service,No internet service,No internet service,No internet service,One year,No,Bank transfer (automatic),18.0,1286.05,No
C-2baff258,Male,0,No,No,43,Yes,No,No,No internet service,No internet service,No internet service,No internet service,No internet service,No internet service,Month-to-month,Yes,Electronic check,21.73,952.92,Yes
C-b215c03a,Female,0,Yes,Yes,36,Yes,No phone service,Fiber optic,No,Yes,No,No,Yes,No,Two year,Yes,Mailed check,51.3,1849.48,No
C-d1ae9c18,Female,0,No,No,59,Yes,Yes,DSL,No,No,No,No,Yes,Yes,Two year,No,Bank transfer (automatic),35.58,2092.31,No
C-02d86eb9,Female,0,Yes,Yes,20,Yes,No,No,No internet service,No internet service,No internet service,No internet service,No internet service,No internet service,Two year,Yes,Mailed check,21.17,459.92,No
C-50908f5c,Female,0,No,Yes,31,Yes,No,Fiber optic,No,Yes,No,Yes,Yes,No,Month-to-month,Yes,Credit card (automatic),51.2,1557.54,Yes
C-0966a62f,Female,0,Yes,No,18,Yes,Yes,No,No internet service,No internet service,No internet service,No internet service,No internet service,No internet service,Month-to-month,No,Credit card (automatic),19.55,322.05,No
C-b86516a4,Male,0,No,No,3,Yes,No,Fiber optic,Yes,No internet service,No,No,No,Yes,Month-to-month,Yes,Credit card (automatic),56.09,193.54,Yes
C-daa6777f,Male,0,No,No,40,Yes,No,No,No internet service,No internet service,No internet service,No internet service,No internet service,No internet service,Month-to-month,Yes,Electronic check,18.0,709.38,No
C-b876ca20,Male,0,Yes,No,30,No,No phone service,DSL,No,Yes,Yes,No,Yes,Yes,Two year,No,Bank transfer (automatic),50.45,1507.07,No
C-277ac2f2,Male,0,No,No,66,Yes,Yes,Fiber optic,No,Yes,No,Yes,No,No internet service,Month-to-month,No,Credit card (automatic),49.62,3279.15,No
C-486aace3,Male,0,Yes,Yes,64,Yes,No,Fiber optic,No,No,No,No internet service,Yes,No,One year,Yes,Electronic check,47.12,3031.09,No
C-04a9cb12,Female,0,No,Yes,59,Yes,No,Fiber optic,Yes,Yes,No,No,No,No,Month-to-month,Yes,Electronic check,47.23,2785.17,Yes
C-ef6516ce,Female,0,No,No,46,Yes,No,DSL,No,No,Yes,No internet service,No,Yes,One year,No,Bank transfer (automatic),41.12,1897.16,No
C-b59425e9,Male,0,Yes,Yes,60,No,No phone service,DSL,No,Yes,No,No internet service,No,Yes,Month-to-month,No,Bank transfer (automatic),38.6,2296.77,No
C-d2070486,Male,0,Yes,No,14,Yes,No,Fiber optic,Yes,No internet service,No,No,No,Yes,Two year,Yes,Electronic check,57.58,797.69,Yes
C-48884b5d,Female,0,No,No,32,Yes,Yes,Fiber optic,No,Yes,Yes,No,No,Yes,Two year,No,Electronic check,56.73,1788.72,No
C-cabed326,Female,0,Yes,Yes,18,No,No phone service,No,No internet service,No internet service,No internet service,No internet service,No internet service,No internet service,One year,No,Electronic check,18.0,333.05,No
C-396a899d,Male,0,No,No,4,Yes,Yes,DSL,No,No,No,Yes,No,Yes,Two year,No,Mailed check,34.85,163.3,No
C-6e576b2c,Female,0,No,Yes,34,Yes,Yes,Fiber optic,No internet service,No,No,No internet service,Yes,Yes,Two year,No,Bank transfer (automatic),53.99,1814.72,No
C-e8b92d28,Female,1,Yes,Yes,50,Yes,No,Fiber optic,No,No internet service,No internet service,No,No internet service,No,Month-to-month,Yes,Credit card (automatic),39.14,1947.56,Yes
C-d4f994d5,Male,0,Yes,No,13,Yes,No phone service,DSL,No,No internet service,No internet service,No,No internet service,No,One year,Yes,Mailed check,24.68,325.05,No
C-c09ce306,Female,0,Yes,No,4,No,No phone service,Fiber optic,No,No,No,Yes,No,No,Two year,Yes,Electronic check,43.81,154.92,Yes
C-03b638ef,Female,0,No,No,61,Yes,No,Fiber optic,Yes,No,No,Yes,No,Yes,One year,No,Credit card (automatic),55.94,3420.3,No
C-b112b425,Male,0,No,Yes,21,Yes,No,Fiber optic,No,No,Yes,No,No,Yes,One year,Yes,Electronic check,50.25,1047.56,No
C-f56add25,Male,0,Yes,Yes,58,No,No phone service,Fiber optic,Yes,No,Yes,No,No,No,Month-to-month,No,Electronic check,57.05,3265.64,No
C-dae882bf,Female,0,No,Yes,28,Yes,No,No,No internet service,No internet service,No internet service,No internet service,No internet service,No internet service,One year,Yes,Mailed check,20.44,612.77,No
C-a0717a78,Female,0,Yes,No,42,Yes,No,Fiber optic,Yes,No,No,Yes,Yes,No,One year,Yes,Electronic check,64.14,2725.14,No
C-79e8009b,Male,0,Yes,No,28,Yes,No,Fiber optic,No internet service,No,No,No,Yes,Yes,Month-to-month,Yes,Credit card (automatic),49.93,1419.23,Yes
C-41332610,Male,0,Yes,No,56,Yes,No,DSL,Yes,No,No,Yes,No,No,Month-to-month,No,Mailed check,39.19,2190.99,Yes
C-d3187d99,Female,0,Yes,Yes,56,Yes,No phone service,No,No internet service,No internet service,No internet service,No internet service,No internet service,No internet service,Two year,No,Bank transfer (automatic),21.44,1197.33,No
C-e203f471,Female,0,Yes,No,58,Yes,No,Fiber optic,No,No,No,No internet service,No,No,One year,Yes,Credit card (automatic),37.2,2158.08,No
C-d7ec9e4a,Female,0,Yes,Yes,10,Yes,No phone service,DSL,Yes,No internet service,No,No,Yes,Yes,Month-to-month,Yes,Credit card (automatic),41.26,382.02,No
C-40e77f39,Male,0,No,No,27,Yes,No,No,No internet service,No internet service,No internet service,No internet service,No internet service,No internet service,One year,Yes,Credit card (automatic),18.0,504.97,No
C-96aa71cb,Male,0,No,No,6,Yes,No,DSL,No,No,No,No internet service,No,No,One year,Yes,Electronic check,18.0,120.98,No
C-6246d3ae,Female,0,No,No,42,Yes,No,Fiber optic,No internet service,Yes,Yes,No,No,No,Month-to-month,Yes,Electronic check,54.44,2274.8,Yes
C-d0165f92,Female,0,Yes,Yes,49,Yes,No,DSL,No,No,No,No,No,No internet service,Two year,Yes,Electronic check,26.88,1323.0,No
C-7250ed43,Female,0,No,No,30,Yes,No,Fiber optic,Yes,Yes,No,No,Yes,Yes,Two year,Yes,Bank transfer (automatic),61.95,1849.26,No
C-263731c0,Male,0,Yes,Yes,12,Yes,No,DSL,Yes,No,No,No,No,No,Two year,No,Electronic check,30.27,377.3,No
C-c7fedde3,Female,0,Yes,No,49,Yes,No,Fiber optic,No,Yes,Yes,Yes,No internet service,No,One year,Yes,Mailed check,51.34,2486.39,No
C-1c9005fc,Male,0,Yes,No,24,Yes,No,No,No internet service,No internet service,No internet service,No internet service,No internet service,No internet service,Month-to-month,Yes,Bank transfer (automatic),21.72,525.07,No
C-63ea7aef,Female,0,No,Yes,50,No,No phone service,Fiber optic,Yes,Yes,Yes,No,Yes,No,Month-to-month,No,Bank transfer (automatic),65.41,3274.19,Yes
C-05e05cae,Female,0,No,Yes,57,Yes,No phone service,DSL,No,No,No,No internet service,No,No,Two year,No,Bank transfer (automatic),20.78,1192.77,No
C-6607de03,Female,0,Yes,No,57,Yes,Yes,Fiber optic,No,No,No,Yes,No,Yes,Month-to-month,Yes,Mailed check,56.97,3254.88,No
C-f36d187b,Female,0,No,No,72,Yes,No,Fiber optic,No,No,No,No,No,No,Month-to-month,Yes,Electronic check,37.75,2727.77,No
C-33d970dc,Female,0,No,Yes,42,Yes,Yes,Fiber optic,Yes,No,No,No internet service,No,No,Month-to-month,Yes,Electronic check,48.37,2076.83,No
C-5231bb17,Male,1,No,No,11,Yes,No phone service,Fiber optic,No,No,No,No,No,No,Month-to-month,Yes,Mailed check,43.49,460.18,Yes
C-8bd38b95,Female,0,No,No,15,Yes,No,Fiber optic,No,No internet service,No,No,No,No internet service,Month-to-month,No,Mailed check,42.32,610.37,Yes
C-10bdcbc6,Male,0,No,No,47,No,No phone service,DSL,No,No,No,Yes,No,No,Month-to-month,No,Electronic check,35.18,1671.93,Yes
C-e44cc604,Male,0,Yes,No,61,Yes,No,DSL,No,No,No internet service,Yes,Yes,Yes,Month-to-month,Yes,Credit card (automatic),42.45,2613.98,No
C-31ff7a7b,Male,0,No,Yes,0,Yes,No,Fiber optic,No,No,Yes,No,No internet service,No,Month-to-month,No,Electronic check,41.15,0.0,Yes
C-85af3419,Female,0,No,No,15,Yes,No phone service,DSL,No,Yes,No,Yes,No,Yes,One year,Yes,Credit card (automatic),42.61,650.9,No
C-0b34e923,Male,0,Yes,No,67,No,No phone service,DSL,No,Yes,No internet service,No internet service,No,Yes,Month-to-month,No,Credit card (automatic),33.14,2230.47,Yes
C-9b42223b,Male,0,No,Yes,24,Yes,No,Fiber optic,No,Yes,Yes,No,No,No,Month-to-month,Yes,Mailed check,52.37,1250.4,Yes
C-c753c2e2,Female,0,Yes,No,60,Yes,Yes,DSL,No,Yes,No,Yes,No,No,Month-to-month,No,Electronic check,39.43,2383.35,No
C-ba9ad09c,Male,0,Yes,No,65,Yes,No phone service,Fiber optic,Yes,No,Yes,No internet service,No,No,Month-to-month,No,Bank transfer (automatic),45.72,2985.35,No
C-15e9af35,Male,0,Yes,No,44,Yes,Yes,DSL,No,No internet service,Yes,No,No,Yes,Month-to-month,Yes,Bank transfer (automatic),37.8,1684.95,No
C-6d7e0d4d,Male,0,Yes,No,17,Yes,No,Fiber optic,No internet service,No,No,No,No,Yes,Two year,No,Electronic check,50.49,869.78,Yes
C-d5161668,Female,0,Yes,No,61,Yes,No,DSL,No,No,Yes,Yes,No internet service,No,Two year,Yes,Electronic check,35.48,2181.57,No
C-70bebb9d,Female,1,No,No,33,Yes,Yes,Fiber optic,No,Yes,Yes,Yes,No,Yes,Month-to-month,Yes,Electronic check,63.25,2077.91,Yes
C-bad83e08,Female,0,No,No,33,Yes,Yes,DSL,No,No internet service,No,No,Yes,Yes,Month-to-month,No,Mailed check,38.97,1293.84,No
C-7bec777e,Male,1,No,No,3,Yes,Yes,No,No internet service,No internet service,No internet service,No internet service,No internet service,No internet service,Month-to-month,No,Mailed check,23.44,69.35,Yes
C-ee49ecad,Male,0,Yes,No,39,Yes,No,No,No internet service,No internet service,No internet service,No internet service,No internet service,No internet service,Two year,No,Electronic check,22.46,866.36,No
C-06be8ed9,Female,0,Yes,No,49,Yes,Yes,Fiber optic,No,Yes,No,Yes,No,No,One year,Yes,Bank transfer (automatic),44.83,2219.46,No
C-a5a45964,Female,0,No,Yes,63,Yes,Yes,DSL,No,Yes,Yes,No,Yes,No,One year,Yes,Electronic check,42.68,2733.37,No
C-39d756e3,Male,0,No,No,15,Yes,Yes,No,No internet service,No internet service,No internet service,No internet service,No internet service,No internet service,Month-to-month,Yes,Credit card (automatic),18.62,295.14,No
C-7f80ad22,Male,0,No,No,22,Yes,Yes,Fiber optic,No,No,Yes,No,Yes,No,One year,No,Electronic check,51.62,1117.22,No
C-0f8dfdab,Male,0,No,No,13,Yes,Yes,Fiber optic,Yes,Yes,No,No,No,Yes,Month-to-month,Yes,Bank transfer (automatic),46.16,659.11,No
C-578ff492,Male,0,Yes,No,55,No,No phone service,Fiber optic,No internet service,Yes,No,No internet service,No,No,One year,No,Credit card (automatic),41.61,2308.68,No
C-137b6a3d,Male,0,No,Yes,68,Yes,No,Fiber optic,No internet service,No internet service,No,No,No,Yes,Month-to-month,No,Mailed check,47.57,3241.85,Yes
C-7fe7b0d1,Male,0,No,Yes,32,Yes,No,Fiber optic,No,No,Yes,No internet service,No,No,Month-to-month,No,Electronic check,43.72,1362.57,No
C-de55a10a,Male,1,No,No,43,Yes,No,Fiber optic,No,Yes,No,Yes,No,No,Month-to-month,No,Mailed check,51.01,2216.57,Yes
C-3d3568cb,Female,0,Yes,No,19,Yes,Yes,No,No internet service,No internet service,No internet service,No internet service,No internet service,No internet service,Month-to-month,No,Credit card (automatic),23.08,412.68,No
C-5ce1aeff,Male,0,No,Yes,65,Yes,Yes,Fiber optic,No,Yes,Yes,No,Yes,No,Month-to-month,No,Electronic check,56.57,3672.54,No
C-86b32390,Female,0,No,Yes,6,Yes,No phone service,DSL,No,Yes,No,No,No,No,Month-to-month,Yes,Bank transfer (automatic),34.19,202.36,Yes
C-600401f6,Female,0,Yes,No,22,Yes,No,DSL,No,No,Yes,No,No,Yes,Month-to-month,No,Electronic check,40.05,852.51,Yes
C-01855960,Male,0,No,Yes,18,Yes,Yes,No,No internet service,No internet service,No internet service,No internet service,No internet service,No internet service,Month-to-month,Yes,Credit card (automatic),21.22,350.1,No
C-866988bc,Female,0,Yes,Yes,41,Yes,No,Fiber optic,No,Yes,No,No,No internet service,No internet service,Month-to-month,Yes,Bank transfer (automatic),46.28,1865.89,Yes
C-43027969,Female,0,Yes,No,0,Yes,No,Fiber optic,Yes,No,Yes,Yes,Yes,Yes,Month-to-month,Yes,Electronic check,63.26,20.53,Yes
C-a23f0478,Male,1,Yes,Yes,48,Yes,Yes,No,No internet service,No internet service,No internet service,No internet service,No internet service,No internet service,Month-to-month,Yes,Bank transfer (automatic),19.74,939.76,No
C-cf6b8fff,Male,0,No,Yes,19,Yes,No,Fiber optic,No,Yes,No,Yes,Yes,No,Two year,Yes,Mailed check,60.7,1158.29,No
C-c0c54c48,Male,0,No,No,14,Yes,No,Fiber optic,No,No,Yes,Yes,No,No,Month-to-month,No,Mailed check,50.5,678.23,Yes
C-e84d13b6,Male,0,Yes,Yes,30,Yes,No,Fiber optic,Yes,Yes,No,No,No,No,Month-to-month,Yes,Electronic check,55.23,1667.35,Yes
C-83dc2eb0,Male,0,No,No,64,Yes,No phone service,No,No internet service,No internet service,No internet service,No internet service,No internet service,No internet service,Month-to-month,Yes,Electronic check,21.35,1385.5,No
C-03e143c5,Male,0,No,No,2,Yes,No,DSL,No internet service,Yes,No,No,Yes,No,Two year,Yes,Electronic check,28.89,61.8,No
C-399f6469,Male,0,No,Yes,22,Yes,No,No,No internet service,No internet service,No internet service,No internet service,No internet service,No internet service,Two year,Yes,Electronic check,22.61,500.8,No
C-6afaa516,Female,0,No,No,35,Yes,Yes,Fiber optic,Yes,No,No,No,Yes,No,One year,No,Electronic check,59.89,2111.33,Yes
C-d1f65267,Female,0,Yes,Yes,71,Yes,No,Fiber optic,No,No internet service,Yes,No,Yes,No,Two year,No,Credit card (automatic),50.77,3594.82,Yes
C-634b1199,Female,0,No,No,22,Yes,No,Fiber optic,Yes,No,Yes,No,No internet service,Yes,One year,No,Credit card (automatic),61.5,1358.02,No
C-44074016,Male,0,No,Yes,72,Yes,No phone service,Fiber optic,No internet service,No,No internet service,Yes,No internet service,No,One year,No,Credit card (automatic),45.81,3278.44,No
C-af95a6f5,Male,0,No,Yes,20,Yes,No phone service,Fiber optic,Yes,No,No,No,Yes,Yes,Month-to-month,Yes,Mailed check,55.6,1103.54,No
C-940dc970,Female,0,Yes,No,16,Yes,No,Fiber optic,No,No,No,Yes,Yes,Yes,Month-to-month,Yes,Bank transfer (automatic),58.36,921.11,No
C-6c2a82fe,Female,0,No,Yes,40,No,No phone service,DSL,No,No,No,Yes,No,Yes,Two year,No,Electronic check,36.98,1457.92,No
C-4781d13f,Female,0,No,No,46,Yes,No,Fiber optic,No,No internet service,No,No,No internet service,Yes,Two year,Yes,Mailed check,48.27,2209.01,No
C-6065ec2c,Female,0,No,No,15,Yes,No,No,No internet service,No internet service,No internet service,No internet service,No internet service,No internet service,Month-to-month,Yes,Electronic check,18.0,272.01,Yes
C-618f0c4f,Female,0,No,No,59,No,No phone service,No,No internet service,No internet service,No internet service,No internet service,No internet service,No internet service,Month-to-month,No,Bank transfer (automatic),19.27,1097.3,No
C-0889207f,Male,0,Yes,Yes,61,Yes,No,DSL,No,No,No,No,No,Yes,One year,Yes,Mailed check,31.25,1928.08,No
C-3665b76f,Female,0,Yes,No,32,Yes,Yes,DSL,Yes,No,No,No,No,Yes,Two year,No,Electronic check,38.91,1233.66,No
C-27607e0c,Male,0,No,Yes,30,Yes,Yes,DSL,No,No,No,No,Yes,Yes,One year,Yes,Electronic check,35.98,1099.79,No
C-0004ff5d,Female,1,No,No,10,Yes,No,DSL,No internet service,Yes,Yes,No,No,No,Month-to-month,No,Electronic check,36.45,392.92,Yes
C-90ae0f00,Male,0,No,No,19,Yes,Yes,DSL,Yes,No,No,No,No internet service,No,One year,Yes,Credit card (automatic),29.25,582.31,No
C-0c47e1f7,Female,0,No,No,11,Yes,No,No,No internet service,No internet service,No internet service,No internet service,No internet service,No internet service,Month-to-month,No,Electronic check,18.0,203.78,Yes
C-35be70b7,Female,1,No,No,18,Yes,Yes,DSL,No,Yes,No,No internet service,No,Yes,Two year,No,Mailed check,38.2,715.52,No
C-c99749b8,Female,0,No,No,56,Yes,No,DSL,No,Yes,No,No,Yes,No,Month-to-month,No,Credit card (automatic),31.09,1739.73,No
C-22f59a08,Male,0,Yes,No,56,Yes,No,No,No internet service,No internet service,No internet service,No internet service,No internet service,No internet service,Two year,Yes,Credit card (automatic),18.0,1036.17,No
C-97381889,Male,0,Yes,No,41,Yes,Yes,No,No internet service,No internet service,No internet service,No internet service,No internet service,No internet service,Two year,No,Credit card (automatic),18.0,728.43,No
C-f7ef8ddf,Male,0,Yes,No,26,Yes,No,No,No internet service,No internet service,No internet service,No internet service,No internet service,No internet service,Month-to-month,Yes,Electronic check,20.84,569.72,No
C-312030ca,Male,0,No,No,38,Yes,No,Fiber optic,No,No,No internet service,Yes,No,Yes,Month-to-month,Yes,Bank transfer (automatic),53.31,2035.12,Yes
C-7ff6cc66,Female,0,No,No,52,Yes,No,No,No internet service,No internet service,No internet service,No internet service,No internet service,No internet service,Month-to-month,Yes,Bank transfer (automatic),22.07,1130.7,No
C-bbf8d748,Female,0,Yes,Yes,59,Yes,No phone service,DSL,No,Yes,No,No,No internet service,Yes,Month-to-month,Yes,Bank transfer (automatic),32.43,1911.17,No
C-ee9d9a16,Male,0,Yes,No,37,Yes,No phone service,DSL,No,Yes,Yes,Yes,Yes,Yes,Month-to-month,Yes,Bank transfer (automatic),55.47,2023.4,Yes
C-e488874e,Female,0,No,No,23,Yes,No phone service,No,No internet service,No internet service,No internet service,No internet service,No internet service,No internet service,Two year,Yes,Electronic check,18.0,437.89,No
C-505f4ddb,Male,0,No,No,64,Yes,Yes,No,No internet service,No internet service,No internet service,No internet service,No internet service,No internet service,Two year,No,Electronic check,18.0,1147.91,No
C-bc4155f3,Male,0,Yes,No,5,Yes,Yes,Fiber optic,No internet service,Yes,No,No,No internet service,No,One year,No,Credit card (automatic),44.97,211.18,Yes
C-3aea613c,Male,0,Yes,No,24,Yes,Yes,Fiber optic,Yes,Yes,No,No,Yes,No,Two year,Yes,Credit card (automatic),51.96,1247.04,No
C-7b93a86b,Male,0,Yes,No,27,Yes,Yes,DSL,No,Yes,No,Yes,No,Yes,Month-to-month,No,Credit card (automatic),42.63,1126.46,No
C-c6e9ab71,Female,0,No,No,56,Yes,No,Fiber optic,No,Yes,No,No,No,No internet service,Month-to-month,Yes,Mailed check,44.56,2470.37,Yes
C-44ce09d5,Male,0,No,No,57,No,No phone service,Fiber optic,No,No internet service,No internet service,No,Yes,No,One year,Yes,Credit card (automatic),44.46,2532.61,No
C-24061383,Male,0,Yes,No,19,Yes,Yes,Fiber optic,Yes,Yes,No,Yes,No,No,One year,Yes,Electronic check,60.19,1158.13,No
C-7a715799,Female,0,No,No,60,Yes,No,Fiber optic,No,Yes,Yes,No,No,No,Month-to-month,Yes,Electronic check,47.7,2841.77,Yes
C-1a7eab8f,Female,0,No,No,13,Yes,Yes,No,No internet service,No internet service,No internet service,No internet service,No internet service,No internet service,One year,Yes,Electronic check,18.0,246.68,No
C-693763c5,Male,1,No,No,34,Yes,Yes,DSL,Yes,No internet service,Yes,Yes,No,Yes,Month-to-month,No,Mailed check,42.01,1424.96,Yes
C-4161f5c4,Female,0,No,No,5,Yes,No,Fiber optic,No,No,Yes,Yes,No,No,Month-to-month,No,Bank transfer (automatic),51.32,249.03,Yes
C-35a23d8b,Male,0,No,No,2,Yes,Yes,DSL,No internet service,No,Yes,No,No internet service,Yes,Month-to-month,Yes,Bank transfer (automatic),37.28,96.26,Yes
C-9ed3dd19,Female,0,No,No,32,Yes,Yes,No,No internet service,No internet service,No internet service,No internet service,No internet service,No internet service,Month-to-month,Yes,Mailed check,18.0,555.62,No
C-a82a2048,Male,0,No,No,16,Yes,No phone service,Fiber optic,No,No,No,No,No,Yes,One year,No,Bank transfer (automatic),45.9,721.47,No
C-643831e5,Male,0,Yes,No,0,Yes,No,No,No internet service,No internet service,No internet service,No internet service,No internet service,No internet service,Month-to-month,Yes,Mailed check,19.59,0.0,No
C-e860e8e4,Female,0,No,No,71,Yes,No,DSL,No,No,No,No,No,No,One year,No,Credit card (automatic),27.35,1937.45,No
C-944a10fb,Female,0,Yes,Yes,5,Yes,No,DSL,No,No,Yes,Yes,Yes,No,One year,Yes,Electronic check,38.42,211.95,No
C-a063cce7,Female,0,No,No,62,Yes,No,DSL,No,No,No,No internet service,No internet service,No,One year,Yes,Credit card (automatic),33.17,2067.35,No
C-c5ecc231,Male,0,No,No,25,Yes,Yes,No,No internet service,No internet service,No internet service,No internet service,No internet service,No internet service,Month-to-month,No,Mailed check,18.0,440.5,Yes
C-04fb4ff2,Male,1,Yes,Yes,7,No,No phone service,Fiber optic,No,Yes,No,No,Yes,No,One year,Yes,Electronic check,50.22,384.43,No
C-ffcc82ca,Female,1,No,Yes,59,Yes,Yes,Fiber optic,Yes,Yes,Yes,Yes,No,No,One year,Yes,Credit card (automatic),59.37,3510.85,Yes
C-b0e1b203,Female,1,No,Yes,39,Yes,No phone service,DSL,No,No,No,No,No internet service,Yes,Month-to-month,No,Bank transfer (automatic),36.1,1438.01,No
C-a1a5d2d2,Male,0,No,Yes,47,Yes,No,No,No internet service,No internet service,No internet service,No internet service,No internet service,No internet service,Month-to-month,No,Electronic check,18.53,889.72,No
C-b4349db4,Female,0,No,No,44,Yes,No phone service,Fiber optic,Yes,No,No,No internet service,Yes,No internet service,One year,Yes,Mailed check,57.65,2534.13,No
C-a6891148,Female,1,Yes,No,34,Yes,Yes,Fiber optic,No,No,No,No,No,Yes,Month-to-month,Yes,Credit card (automatic),44.04,1523.87,Yes
C-9966b2c3,Male,0,Yes,No,17,Yes,No,No,No internet service,No internet service,No internet service,No internet service,No internet service,No internet service,Month-to-month,Yes,Mailed check,19.57,357.32,No
C-9b03512d,Male,0,Yes,No,0,Yes,Yes,DSL,Yes,No,No,No,No,No internet service,One year,Yes,Credit card (automatic),35.99,31.29,No
C-2e75964f,Female,0,Yes,No,61,Yes,No,No,No internet service,No internet service,No internet service,No internet service,No internet service,No internet service,One year,No,Bank transfer (automatic),23.46,1411.94,No
C-7d5eea7a,Female,0,Yes,No,63,Yes,Yes,DSL,Yes,No,No internet service,No internet service,Yes,No,Month-to-month,No,Electronic check,35.99,2312.31,No
C-c989e3f6,Female,0,No,No,31,Yes,Yes,Fiber optic,Yes,Yes,No internet service,No,Yes,No,One year,Yes,Credit card (automatic),54.55,1668.55,No
C-95c6d980,Female,0,Yes,No,27,Yes,Yes,Fiber optic,Yes,No,No,Yes,No,No internet service,Month-to-month,Yes,Credit card (automatic),49.39,1331.29,Yes
C-5c86ef33,Male,0,No,Yes,52,No,No phone service,Fiber optic,No,No,No internet service,No,No internet service,Yes,One year,No,Electronic check,35.81,1879.11,No
C-9d51f409,Male,1,Yes,Yes,32,Yes,Yes,Fiber optic,No,Yes,No,No,Yes,No internet service,Two year,Yes,Mailed check,45.99,1482.47,No
C-20641386,Male,0,No,No,5,Yes,No,DSL,Yes,No,No,No,No,Yes,Month-to-month,No,Electronic check,37.51,214.64,Yes
C-d4e8917f,Female,0,Yes,Yes,35,Yes,No,Fiber optic,Yes,No internet service,Yes,Yes,No,Yes,Month-to-month,Yes,Mailed check,65.15,2297.48,Yes
C-5585f166,Male,0,No,No,40,Yes,No,No,No internet service,No internet service,No internet service,No internet service,No internet service,No internet service,Month-to-month,No,Mailed check,24.36,1003.95,No
C-bf63e95c,Male,0,No,Yes,14,Yes,No,No,No internet service,No internet service,No internet service,No internet service,No internet service,No internet service,Month-to-month,No,Credit card (automatic),22.44,340.06,No
C-e5548986,Female,0,No,Yes,62,No,No phone service,Fiber optic,No,Yes,No internet service,Yes,No,No,Two year,No,Credit card (automatic),47.23,2952.21,No
C-b90649dd,Male,0,No,Yes,59,Yes,No phone service,DSL,No,No internet service,No,No,No,Yes,Month-to-month,No,Mailed check,26.45,1537.26,No
C-9c8ad498,Female,1,No,No,55,Yes,No phone service,Fiber optic,Yes,No,No,No,No internet service,No,Two year,Yes,Bank transfer (automatic),42.64,2312.15,No
C-1a29128c,Male,0,Yes,No,56,Yes,No phone service,No,No internet service,No internet service,No internet service,No internet service,No internet service,No internet service,Month-to-month,Yes,Electronic check,18.0,994.97,Yes
C-39bce1f1,Female,0,No,No,14,Yes,No phone service,No,No internet service,No internet service,No internet service,No internet service,No internet service,No internet service,Month-to-month,Yes,Mailed check,18.75,280.31,No
C-670fd899,Male,1,Yes,Yes,1,No,No phone service,DSL,No internet service,No,No,No,No,Yes,Month-to-month,Yes,Electronic check,33.88,13.1,Yes
C-1ed438ae,Male,0,Yes,No,44,Yes,Yes,DSL,No,No internet service,Yes,No,No,No,One year,No,Electronic check,27.95,1189.97,No
C-5b61300f,Female,0,No,No,69,Yes,No phone service,No,No internet service,No internet service,No internet service,No internet service,No internet service,No internet service,One year,Yes,Electronic check,23.81,1653.21,No
C-9fb62438,Male,1,No,No,72,Yes,Yes,DSL,No,Yes,Yes,No,No,Yes,Month-to-month,Yes,Mailed check,43.9,3175.82,No
C-4349d0df,Male,0,No,Yes,0,Yes,Yes,Fiber optic,No,No,No,No,Yes,Yes,Two year,No,Bank transfer (automatic),51.21,0.0,Yes
C-377447f2,Female,0,No,No,66,Yes,Yes,No,No internet service,No internet service,No internet service,No internet service,No internet service,No internet service,One year,Yes,Bank transfer (automatic),18.0,1195.25,No
C-b28d9ff0,Female,1,No,Yes,71,Yes,Yes,Fiber optic,Yes,No,Yes,No,Yes,No,One year,Yes,Electronic check,49.07,3461.54,No
C-bfb75cce,Male,0,No,Yes,35,Yes,Yes,DSL,No internet service,No,No,No,No,Yes,One year,No,Electronic check,34.97,1213.09,No
C-3dece0df,Female,0,No,No,0,No,No phone service,DSL,No,No,No,No,Yes,No,Month-to-month,Yes,Electronic check,28.98,0.0,Yes
C-e7eb3814,Male,0,No,No,25,Yes,Yes,Fiber optic,Yes,Yes,Yes,Yes,No,Yes,One year,Yes,Bank transfer (automatic),70.99,1757.66,No
C-f15ded79,Female,0,No,No,56,Yes,No,Fiber optic,Yes,No,Yes,Yes,No,Yes,Month-to-month,Yes,Credit card (automatic),63.54,3542.9,No
C-0a31c52a,Female,1,Yes,Yes,30,Yes,No phone service,Fiber optic,Yes,No internet service,No,Yes,No,No,One year,Yes,Bank transfer (automatic),56.42,1678.38,No
C-35d9ab75,Female,0,Yes,Yes,42,Yes,Yes,Fiber optic,No,Yes,No,No,No internet service,Yes,Month-to-month,No,Mailed check,55.01,2335.81,Yes
C-5f6ea195,Female,1,Yes,No,57,Yes,Yes,Fiber optic,No,Yes,No,No,No,No,Month-to-month,Yes,Mailed check,43.53,2492.09,Yes
C-ea328c12,Female,0,Yes,Yes,43,Yes,No phone service,DSL,No internet service,No,No internet service,No,No,No,Two year,Yes,Mailed check,21.28,965.08,No
C-a822e60a,Female,0,Yes,No,37,Yes,Yes,Fiber optic,No,No,Yes,No,Yes,No,One year,Yes,Bank transfer (automatic),55.02,2039.74,Yes
C-299ed4b0,Male,0,Yes,No,9,Yes,Yes,Fiber optic,No,No,No,Yes,No,Yes,Month-to-month,Yes,Electronic check,55.14,515.6,Yes
C-1b769b16,Female,0,No,Yes,62,Yes,Yes,DSL,Yes,No internet service,No,No,Yes,No,Month-to-month,Yes,Mailed check,34.52,2175.79,No
C-1d472db5,Male,0,No,Yes,53,Yes,No,Fiber optic,No,No,No,No,No,No,Two year,No,Electronic check,41.52,2229.37,No
C-68c546d4,Male,0,Yes,No,54,No,No phone service,Fiber optic,No,No,No,Yes,No,No,Month-to-month,Yes,Bank transfer (automatic),43.44,2352.17,No
C-8b293005,Male,0,No,No,27,Yes,Yes,Fiber optic,Yes,Yes,Yes,Yes,Yes,No,One year,No,Mailed check,68.62,1857.31,No
C-6715a3d5,Male,0,No,Yes,52,Yes,No,Fiber optic,No,No,No,No,Yes,No,Month-to-month,No,Mailed check,48.7,2534.97,Yes
C-1a354566,Male,0,Yes,No,29,Yes,Yes,Fiber optic,No,Yes,No,No,No,No,Two year,Yes,Mailed check,48.7,1468.05,No
C-f6a07807,Male,0,No,No,64,Yes,No,No,No internet service,No internet service,No internet service,No internet service,No internet service,No internet service,Month-to-month,Yes,Bank transfer (automatic),20.71,1337.02,No
C-dd5c6a82,Male,0,Yes,Yes,63,Yes,No,DSL,Yes,Yes,No internet service,No,No,Yes,Month-to-month,Yes,Mailed check,44.82,2824.61,No
C-330a6fcf,Male,0,No,No,40,Yes,Yes,No,No internet service,No internet service,No internet service,No internet service,No internet service,No internet service,Month-to-month,Yes,Credit card (automatic),24.07,966.9,No
C-663aa0e9,Male,0,No,No,66,Yes,Yes,Fiber optic,No,Yes,No internet service,Yes,No,No,Month-to-month,Yes,Bank transfer (automatic),47.22,3099.64,Yes
C-aecee3da,Female,0,Yes,Yes,17,Yes,No,Fiber optic,No,Yes,No,No,No,No,Month-to-month,No,Bank transfer (automatic),47.14,822.54,No
C-eb6e322f,Male,0,No,No,27,No,No phone service,No,No internet service,No internet service,No internet service,No internet service,No internet service,No internet service,Month-to-month,Yes,Electronic check,18.0,469.82,No
C-7c596632,Male,0,Yes,No,60,Yes,No,Fiber optic,No,Yes,Yes,No internet service,No,Yes,Month-to-month,Yes,Bank transfer (automatic),57.99,3483.08,Yes
C-9621de28,Female,0,Yes,No,24,Yes,No,No,No internet service,No internet service,No internet service,No internet service,No internet service,No internet service,Month-to-month,Yes,Credit card (automatic),23.84,619.66,No
C-8ca8bb2b,Female,1,No,No,5,Yes,Yes,No,No internet service,No internet service,No internet service,No internet service,No internet service,No internet service,Month-to-month,Yes,Mailed check,19.16,57.12,No
C-2a85dd60,Female,0,Yes,No,50,No,No phone service,Fiber optic,No,No,No,Yes,No,No,Month-to-month,Yes,Mailed check,48.1,2409.64,No
C-ad8a4a58,Female,1,Yes,No,18,Yes,No,Fiber optic,Yes,No,No,No,Yes,Yes,Month-to-month,Yes,Electronic check,53.91,983.72,Yes
C-0c014add,Female,0,Yes,No,72,Yes,No,Fiber optic,Yes,No,No internet service,Yes,No,No,Month-to-month,Yes,Credit card (automatic),50.99,3701.2,Yes
C-34470f24,Male,0,Yes,Yes,27,Yes,Yes,Fiber optic,No,No,No,No,Yes,Yes,Two year,No,Mailed check,49.17,1342.15,Yes
C-b3242ed3,Female,1,Yes,Yes,30,Yes,Yes,Fiber optic,No internet service,No,No,No,Yes,Yes,One year,Yes,Bank transfer (automatic),51.13,1576.94,No
C-ed4beca8,Female,0,No,Yes,53,Yes,No,DSL,No,No,No,Yes,No,Yes,Two year,Yes,Credit card (automatic),30.99,1657.61,No
C-2f0ef0f7,Female,0,Yes,Yes,53,Yes,No,No,No internet service,No internet service,No internet service,No internet service,No internet service,No internet service,Month-to-month,No,Electronic check,20.87,1111.02,No
C-e7e96f06,Female,0,Yes,No,52,Yes,No,Fiber optic,Yes,No,Yes,Yes,No,No,Two year,Yes,Electronic check,60.62,3159.63,No
C-0d27a387,Female,0,No,Yes,48,Yes,Yes,No,No internet service,No internet service,No internet service,No internet service,No internet service,No internet service,Month-to-month,Yes,Bank transfer (automatic),18.0,872.18,No
C-29d05f5a,Female,0,No,No,25,Yes,No phone service,Fiber optic,No,Yes,Yes,Yes,No,No internet service,Two year,Yes,Electronic check,47.06,1178.13,No
C-0ac4cdbb,Male,1,Yes,No,69,Yes,Yes,DSL,No,Yes,No,No,No,Yes,Two year,Yes,Credit card (automatic),35.82,2495.15,No
C-ba391204,Male,0,Yes,No,17,Yes,No,DSL,No internet service,Yes,Yes,No internet service,No,No,Month-to-month,No,Credit card (automatic),32.43,539.6,Yes
C-ec4974fc,Female,0,No,No,12,Yes,No,DSL,Yes,Yes,No internet service,No,No internet service,Yes,Month-to-month,Yes,Electronic check,45.27,536.94,No
C-27684e72,Female,1,Yes,No,68,Yes,Yes,DSL,No,No,No,Yes,No,No,Two year,No,Electronic check,30.27,2036.27,No
C-e4329cc2,Female,0,Yes,No,55,Yes,No,DSL,No,Yes,No,No,No,No internet service,Two year,Yes,Electronic check,30.61,1692.69,No
C-90c08ffe,Female,0,Yes,No,2,Yes,No,Fiber optic,No,Yes,Yes,Yes,No,No,Two year,No,Mailed check,53.28,100.99,Yes
C-e7fb81d3,Female,0,Yes,No,24,Yes,Yes,DSL,No,No,Yes,No,Yes,Yes,One year,No,Bank transfer (automatic),45.63,1079.47,No
C-1547e497,Male,0,No,Yes,28,No,No phone service,Fiber optic,Yes,No internet service,No,No,No,Yes,One year,Yes,Electronic check,50.78,1403.45,No
C-a099edc9,Female,0,Yes,No,47,Yes,Yes,Fiber optic,Yes,No,No,No,Yes,Yes,One year,Yes,Mailed check,52.38,2452.83,No
C-b91cf7ef,Male,1,No,No,38,Yes,No,Fiber optic,No,No internet service,Yes,No,Yes,No,Month-to-month,Yes,Mailed check,58.54,2226.16,Yes
C-3380a461,Male,0,No,No,35,No,No phone service,Fiber optic,No,Yes,No internet service,No,Yes,Yes,Two year,No,Mailed check,54.97,1911.07,No
C-3d6e92ab,Female,1,No,Yes,45,Yes,No phone service,Fiber optic,No internet service,No,No,No,Yes,No,Month-to-month,Yes,Electronic check,49.29,2230.73,No
C-c69cd40a,Female,0,No,No,21,Yes,No phone service,DSL,No,Yes,No,No,Yes,Yes,One year,Yes,Bank transfer (automatic),38.62,788.41,Yes
C-92857706,Male,0,No,No,70,Yes,No,DSL,No,No,Yes,No,No,Yes,Month-to-month,No,Bank transfer (automatic),28.31,1983.07,No
C-a3c90e9f,Male,0,Yes,No,59,Yes,No,DSL,No internet service,No,No,No,No,No,Two year,Yes,Electronic check,23.95,1385.58,No
C-1d01ef43,Male,1,No,Yes,26,Yes,Yes,No,No internet service,No internet service,No internet service,No internet service,No internet service,No internet service,Two year,Yes,Bank transfer (automatic),18.0,488.96,No
C-c81e86b0,Female,0,No,Yes,5,No,No phone service,Fiber optic,No,No,No,Yes,Yes,No,Two year,Yes,Mailed check,46.07,247.32,Yes
C-7cd54a6a,Female,1,No,Yes,54,Yes,Yes,DSL,Yes,No,No,No,No,No,Month-to-month,No,Electronic check,28.38,1562.14,No
C-1f37a15d,Male,1,No,No,63,Yes,No,Fiber optic,No,Yes,Yes,No,No,No,Month-to-month,No,Electronic check,48.17,3027.37,No
C-db05494d,Male,0,No,No,52,Yes,No phone service,Fiber optic,No,Yes,Yes,No,No,Yes,Two year,No,Electronic check,56.86,2994.57,No
C-0cb8eeb9,Male,0,No,No,8,Yes,No,Fiber optic,No,No,Yes,No,No,Yes,Two year,Yes,Bank transfer (automatic),47.51,395.23,No
C-515a6016,Male,0,No,No,25,Yes,Yes,DSL,No,No,No internet service,Yes,Yes,No,Month-to-month,No,Bank transfer (automatic),40.3,1039.08,No
C-90940d98,Female,0,Yes,No,51,Yes,Yes,DSL,Yes,Yes,Yes,Yes,No,No,Month-to-month,Yes,Mailed check,45.61,2324.55,No
C-b4ce80ce,Male,0,Yes,No,8,Yes,Yes,Fiber optic,No,No,No,No internet service,No,Yes,Month-to-month,No,Mailed check,44.29,328.2,Yes
C-eb719313,Male,0,No,No,46,Yes,No phone service,Fiber optic,No,No,Yes,No,No internet service,Yes,Two year,No,Electronic check,50.2,2351.25,No
C-9bcab5cc,Female,0,No,No,36,Yes,No,Fiber optic,No internet service,No,Yes,No,No,Yes,Month-to-month,Yes,Mailed check,48.78,1710.0,Yes
C-cf1f526f,Male,0,No,No,46,Yes,Yes,Fiber optic,No,No,No,No internet service,No,Yes,One year,Yes,Credit card (automatic),39.52,1822.47,Yes
C-f3400db8,Female,0,No,No,30,Yes,Yes,Fiber optic,No,No,Yes,No internet service,Yes,No internet service,One year,Yes,Bank transfer (automatic),52.37,1599.25,No
C-bfd1ce69,Male,1,No,Yes,4,Yes,Yes,DSL,No,No,Yes,Yes,No internet service,Yes,One year,Yes,Credit card (automatic),48.1,187.75,Yes
C-122a645e,Female,0,No,No,17,Yes,Yes,No,No internet service,No internet service,No internet service,No internet service,No internet service,No internet service,Month-to-month,No,Electronic check,21.69,352.53,No
C-16d3005a,Female,0,No,No,68,Yes,No,Fiber optic,Yes,No,Yes,No,No,No internet service,Month-to-month,Yes,Electronic check,48.94,3326.7,Yes
C-90fc0f4f,Male,1,No,Yes,42,Yes,No,Fiber optic,No,No,No,No,Yes,Yes,One year,Yes,Electronic check,57.04,2410.13,No
C-7f906a00,Male,0,Yes,No,16,Yes,No,No,No internet service,No internet service,No internet service,No internet service,No internet service,No internet service,Month-to-month,No,Bank transfer (automatic),21.52,340.5,Yes
C-c3771ed4,Female,0,Yes,Yes,18,Yes,Yes,Fiber optic,No,No,Yes,Yes,Yes,No,Month-to-month,No,Credit card (automatic),56.39,1023.37,No
C-7e2188db,Female,1,Yes,No,39,Yes,No phone service,Fiber optic,No,No,No,No,No,No internet service,Month-to-month,No,Electronic check,44.37,1728.11,No
C-d0358f18,Female,0,Yes,No,2,Yes,No,DSL,Yes,Yes,No,No,Yes,No,Month-to-month,No,Electronic check,41.22,93.38,Yes
C-4fbc6e8d,Female,1,No,No,7,No,No phone service,Fiber optic,Yes,Yes,No,No,No,No,Month-to-month,Yes,Credit card (automatic),44.63,328.06,Yes
C-f2f49c08,Female,0,Yes,No,72,Yes,No phone service,Fiber optic,No,No,No,No,Yes,No,Month-to-month,Yes,Electronic check,45.18,3251.23,No
C-67b4e6df,Female,0,No,No,9,No,No phone service,No,No internet service,No internet service,No internet service,No internet service,No internet service,No internet service,One year,Yes,Bank transfer (automatic),23.31,222.57,No
C-e727ea82,Male,0,Yes,Yes,66,Yes,No phone service,No,No internet service,No internet service,No internet service,No internet service,No internet service,No internet service,One year,Yes,Mailed check,20.79,1370.24,No
C-f18312bd,Female,0,Yes,No,72,Yes,No,Fiber optic,No,No,No,Yes,Yes,Yes,Month-to-month,No,Electronic check,55.38,3943.63,Yes
C-f962b95f,Female,1,Yes,No,9,Yes,No,DSL,No internet service,Yes,Yes,No,Yes,No,Two year,No,Bank transfer (automatic),39.48,366.69,No
C-546330b4,Female,0,No,No,40,Yes,No phone service,Fiber optic,Yes,Yes,Yes,No internet service,Yes,Yes,Month-to-month,Yes,Electronic check,72.08,2844.86,Yes
C-fd6f4ef8,Male,0,Yes,No,51,Yes,No,Fiber optic,Yes,No,No,No,No,No,Month-to-month,Yes,Mailed check,42.02,2164.1,No
C-12d1fd79,Male,0,Yes,No,9,No,No phone service,No,No internet service,No internet service,No internet service,No internet service,No internet service,No internet service,Month-to-month,No,Electronic check,18.05,180.2,No
C-54c63879,Male,0,No,Yes,10,No,No phone service,DSL,No,No,No,No,No,Yes,Month-to-month,Yes,Electronic check,25.99,253.99,No
C-6c752abe,Male,1,No,No,0,Yes,No,DSL,No,No,Yes,No,No,Yes,Month-to-month,Yes,Mailed check,37.69,0.0,Yes
C-73708121,Female,1,Yes,Yes,35,Yes,No phone service,Fiber optic,Yes,No internet service,No,Yes,No,Yes,Two year,Yes,Credit card (automatic),57.8,1972.92,No
C-c38a173b,Female,0,No,Yes,65,Yes,Yes,No,No internet service,No internet service,No internet service,No internet service,No internet service,No internet service,Two year,Yes,Mailed check,21.49,1428.12,No
C-9a429709,Female,0,No,No,59,Yes,Yes,DSL,Yes,No,Yes,No,Yes,No,Month-to-month,Yes,Bank transfer (automatic),34.25,2023.01,Yes
C-1d0de08e,Male,0,No,No,45,Yes,No,Fiber optic,No,Yes,No,Yes,No,No,Month-to-month,No,Bank transfer (automatic),50.43,2275.1,No
C-83e8c9ab,Female,0,No,No,52,Yes,No phone service,DSL,No,No,No,Yes,No,Yes,Month-to-month,Yes,Credit card (automatic),32.94,1713.57,No
C-b11c7eb3,Female,0,No,Yes,57,Yes,No phone service,No,No internet service,No internet service,No internet service,No internet service,No internet service,No internet service,One year,Yes,Credit card (automatic),20.16,1149.8,No
C-03a78cb8,Male,0,No,No,69,Yes,Yes,Fiber optic,No internet service,Yes,No,Yes,No,Yes,One year,No,Credit card (automatic),58.99,4073.84,No
C-624d1795,Female,0,Yes,No,42,Yes,No phone service,Fiber optic,Yes,No,No,Yes,No,No,Two year,Yes,Electronic check,52.27,2212.37,No
C-569623ed,Male,0,Yes,No,53,Yes,Yes,No,No internet service,No internet service,No internet service,No internet service,No internet service,No internet service,Two year,Yes,Mailed check,22.95,1229.52,No
C-5ea549d7,Female,1,No,No,11,Yes,No,Fiber optic,No,Yes,No,No,Yes,No,Month-to-month,No,Bank transfer (automatic),55.01,602.32,No
C-4fba5718,Female,0,No,No,29,Yes,Yes,DSL,No,No,No,No internet service,No,No,Month-to-month,Yes,Credit card (automatic),18.0,501.42,No
C-0331fbe7,Female,0,No,No,67,Yes,Yes,No,No internet service,No internet service,No internet service,No internet service,No internet service,No internet service,Month-to-month,Yes,Credit card (automatic),19.55,1317.74,No
C-175ec61d,Female,0,Yes,No,70,No,No phone service,DSL,No,Yes,No,Yes,No,No,Two year,No,Electronic check,32.44,2262.71,No
C-df67723f,Female,0,No,No,44,Yes,No,DSL,No,Yes,No,No,No,Yes,Month-to-month,Yes,Electronic check,37.04,1600.3,Yes
C-614f6cd0,Female,0,No,No,38,Yes,No,DSL,No,Yes,Yes,Yes,No internet service,Yes,Month-to-month,Yes,Credit card (automatic),45.33,1726.57,No
C-a004d9a6,Male,1,Yes,Yes,33,Yes,No,No,No internet service,No internet service,No internet service,No internet service,No internet service,No internet service,Month-to-month,No,Mailed check,21.71,699.94,No
C-d9fe37c1,Male,0,No,No,71,Yes,Yes,DSL,No,No,No,Yes,Yes,No,Month-to-month,No,Bank transfer (automatic),38.15,2726.13,No
C-fcad1e6b,Female,0,Yes,No,25,Yes,No,No,No internet service,No internet service,No internet service,No internet service,No internet service,No internet service,One year,Yes,Mailed check,18.0,497.61,No
C-c64486bd,Female,0,Yes,No,0,Yes,No phone service,DSL,Yes,Yes,Yes,No,Yes,No,One year,Yes,Credit card (automatic),45.44,8.13,No
C-cc93ece7,Female,0,Yes,No,53,Yes,Yes,No,No internet service,No internet service,No internet service,No internet service,No internet service,No internet service,One year,Yes,Credit card (automatic),24.12,1299.42,No
C-fa02d2cd,Male,0,Yes,Yes,2,Yes,No,DSL,No internet service,No,No,No,No,No,Month-to-month,No,Mailed check,23.49,31.96,Yes
C-f49f7b3f,Male,1,Yes,No,33,Yes,No,Fiber optic,Yes,No,Yes,No,Yes,Yes,One year,Yes,Electronic check,64.06,2093.56,Yes
C-4dfefc19,Male,1,Yes,No,66,Yes,Yes,Fiber optic,No,No,No,Yes,No,Yes,Month-to-month,Yes,Bank transfer (automatic),54.04,3551.13,Yes
C-2085e028,Female,0,No,Yes,25,Yes,Yes,DSL,Yes,No,Yes,No,No,No internet service,Two year,No,Electronic check,33.65,842.02,No
C-66db2501,Male,0,No,No,9,Yes,No,DSL,No,No,Yes,No,No,Yes,Month-to-month,Yes,Credit card (automatic),35.39,282.88,Yes
C-e49c1391,Male,0,Yes,Yes,6,Yes,No,Fiber optic,No,No,No internet service,No internet service,No,No,Month-to-month,Yes,Credit card (automatic),40.11,258.69,No
C-8bd963c9,Female,0,Yes,Yes,45,Yes,No,Fiber optic,No,Yes,No,Yes,No,No internet service,Month-to-month,Yes,Mailed check,41.52,1878.19,No
C-79da5c35,Female,0,No,No,43,Yes,Yes,Fiber optic,No,Yes,No,No,Yes,Yes,Month-to-month,Yes,Electronic check,55.7,2390.61,Yes
C-1d960af8,Female,0,No,No,11,Yes,No,DSL,No,No,No,No,No,No internet service,Two year,Yes,Mailed check,24.96,250.03,No
C-ca97d4ce,Female,0,Yes,Yes,70,Yes,No phone service,DSL,No,No,No,No,Yes,Yes,One year,Yes,Credit card (automatic),38.2,2665.78,No
C-c2e72733,Male,0,No,No,0,Yes,No,DSL,Yes,No,Yes,No,No,Yes,One year,Yes,Bank transfer (automatic),43.61,3.71,Yes
C-eada86ed,Female,0,No,No,59,Yes,No,DSL,Yes,No,No,No,No,No,One year,Yes,Bank transfer (automatic),31.2,1857.84,No
C-ad0e00f6,Male,0,No,No,25,Yes,No,Fiber optic,No,No,Yes,Yes,Yes,No,Month-to-month,Yes,Credit card (automatic),54.29,1344.52,No
C-62dcf900,Female,0,No,No,65,Yes,No,Fiber optic,No,Yes,Yes,No internet service,Yes,Yes,One year,Yes,Credit card (automatic),67.38,4353.41,No
C-6d0c1ab0,Female,0,Yes,No,54,Yes,Yes,Fiber optic,No,Yes,No,Yes,No,No,Month-to-month,Yes,Credit card (automatic),50.05,2699.29,Yes
C-bbfb9c4b,Female,0,Yes,Yes,22,Yes,Yes,DSL,No,No,Yes,No,Yes,Yes,Month-to-month,Yes,Mailed check,48.29,1039.42,Yes
C-f647d990,Male,0,Yes,No,57,Yes,No phone service,DSL,No,No,No,Yes,Yes,Yes,Month-to-month,Yes,Electronic check,43.29,2460.34,No
C-fab6ced9,Female,0,No,No,45,Yes,No phone service,DSL,No,Yes,No internet service,No,Yes,No,Month-to-month,Yes,Electronic check,36.69,1647.36,Yes
C-c48358f0,Male,0,No,No,17,Yes,Yes,DSL,No,No,No,No,No,No,Month-to-month,No,Mailed check,24.35,404.19,No
C-8615e4d1,Male,0,No,No,24,No,No phone service,DSL,No,No,No,No,No internet service,No,Two year,Yes,Credit card (automatic),23.43,562.38,No
C-55a5837e,Male,0,Yes,Yes,50,Yes,No,No,No internet service,No internet service,No internet service,No internet service,No internet service,No internet service,Two year,No,Bank transfer (automatic),18.0,893.67,No
C-63461e42,Male,0,No,Yes,19,Yes,Yes,Fiber optic,No,No,Yes,Yes,Yes,No internet service,One year,No,Mailed check,55.68,1055.22,Yes
C-048858f7,Female,0,Yes,No,49,No,No phone service,No,No internet service,No internet service,No internet service,No internet service,No internet service,No internet service,Month-to-month,No,Mailed check,19.3,943.29,No
C-44980c97,Female,0,Yes,Yes,9,Yes,Yes,Fiber optic,No,No,No,Yes,No,No,One year,Yes,Bank transfer (automatic),41.84,369.72,No
C-4e5fed39,Male,0,No,No,45,Yes,No,DSL,Yes,No internet service,No internet service,No,No,No internet service,Two year,Yes,Mailed check,33.37,1533.62,No
C-bf28c4a6,Female,0,No,No,66,Yes,No,DSL,Yes,No,No,Yes,No,No internet service,One year,Yes,Electronic check,34.45,2297.08,No
C-8202d70e,Male,0,Yes,Yes,6,Yes,Yes,DSL,No,Yes,Yes,No,No,No internet service,Month-to-month,Yes,Electronic check,34.33,204.14,Yes
C-75eb683a,Female,0,No,No,42,Yes,Yes,No,No internet service,No internet service,No internet service,No internet service,No internet service,No internet service,Month-to-month,No,Bank transfer (automatic),24.09,985.54,Yes
C-18ef2a9c,Female,0,No,No,45,Yes,No,Fiber optic,No,Yes,No internet service,No,No,No internet service,Month-to-month,No,Bank transfer (automatic),41.18,1815.44,Yes
C-547c334e,Female,0,No,Yes,28,Yes,No,Fiber optic,No,No,No,Yes,Yes,No,One year,No,Mailed check,54.23,1536.79,No
C-b425724b,Male,0,Yes,No,55,Yes,Yes,Fiber optic,No,No,No,No,No,Yes,Two year,No,Electronic check,46.9,2592.23,No
C-11525c74,Male,1,No,No,33,Yes,Yes,DSL,Yes,No,Yes,No,No,No,One year,No,Mailed check,35.58,1192.5,No
C-31c7ae54,Female,0,No,Yes,14,Yes,Yes,Fiber optic,No,No,No,No internet service,No internet service,No,Two year,Yes,Electronic check,47.68,666.83,No
C-0dc6339e,Female,0,No,Yes,33,Yes,No,DSL,No,No,No,No,No internet service,Yes,Month-to-month,No,Electronic check,29.8,1014.49,No
C-5e3eeaed,Male,0,Yes,No,69,Yes,No,DSL,No internet service,No,No,Yes,Yes,No,Two year,No,Bank transfer (automatic),36.55,2542.93,No
C-ed7faf43,Female,0,No,No,39,Yes,No,DSL,Yes,No,No,Yes,No,Yes,One year,No,Credit card (automatic),49.18,1940.61,No
C-f5b0af7f,Male,0,No,No,32,Yes,No,Fiber optic,No,No internet service,Yes,No,No,No,Month-to-month,Yes,Electronic check,41.97,1365.48,Yes
C-fdf9eee7,Male,1,No,No,58,Yes,Yes,No,No internet service,No internet service,No internet service,No internet service,No internet service,No internet service,One year,Yes,Electronic check,19.82,1136.27,No
C-f5a3b531,Male,0,Yes,No,29,Yes,No phone service,DSL,Yes,No,No,No,No,No internet service,One year,No,Electronic check,30.82,850.48,No
C-af944d1a,Female,1,No,No,12,No,No phone service,DSL,No,Yes,No,No,Yes,No,Two year,Yes,Mailed check,34.07,387.24,No
C-30965c0e,Male,1,Yes,Yes,38,Yes,No,Fiber optic,No,Yes,No,No,Yes,No,Month-to-month,Yes,Mailed check,47.24,1776.89,Yes
C-060cbfcb,Male,0,No,No,47,Yes,Yes,Fiber optic,No,Yes,No,No,No,No,One year,Yes,Bank transfer (automatic),39.84,1875.03,No
C-8c1f23a6,Male,0,No,No,31,Yes,No,Fiber optic,Yes,Yes,No,Yes,No,No,Two year,Yes,Credit card (automatic),55.14,1719.71,No
C-4181ec4a,Female,0,Yes,Yes,69,Yes,Yes,DSL,Yes,No,No,No,Yes,Yes,Month-to-month,Yes,Electronic check,47.34,3276.83,Yes
C-a7c95569,Female,1,Yes,No,0,Yes,No,DSL,Yes,No,No,Yes,Yes,No,Month-to-month,No,Electronic check,44.16,17.05,Yes
C-2efebde3,Male,1,No,No,18,No,No phone service,Fiber optic,No,No,No,No,Yes,No internet service,Month-to-month,Yes,Credit card (automatic),41.9,780.31,Yes
C-82a30416,Female,0,Yes,Yes,60,Yes,No phone service,No,No internet service,No internet service,No internet service,No internet service,No internet service,No internet service,Two year,No,Mailed check,18.0,1067.03,No
C-d5bf00c1,Female,0,No,No,61,Yes,No phone service,No,No internet service,No internet service,No internet service,No internet service,No internet service,No internet service,Month-to-month,No,Credit card (automatic),18.0,1101.99,No
C-30fa2395,Male,0,No,No,6,Yes,Yes,No,No internet service,No internet service,No internet service,No internet service,No internet service,No internet service,Month-to-month,Yes,Electronic check,25.37,175.54,Yes
C-a94ce9ed,Female,1,No,Yes,10,Yes,No,Fiber optic,No,No,No,Yes,Yes,Yes,One year,No,Mailed check,53.3,540.05,Yes
C-c1a2ee78,Female,0,Yes,No,1,Yes,No phone service,DSL,No,Yes,No,Yes,Yes,Yes,One year,No,Credit card (automatic),48.66,23.54,No
C-86e4576d,Female,1,Yes,No,56,Yes,Yes,Fiber optic,No,No internet service,Yes,No,No internet service,No,Month-to-month,Yes,Bank transfer (automatic),42.36,2374.93,No
C-a9d1fdf9,Female,1,Yes,Yes,27,Yes,No,Fiber optic,No,Yes,Yes,No,No,No internet service,Two year,No,Bank transfer (automatic),46.31,1235.43,No
C-993de28a,Male,0,No,Yes,40,Yes,No phone service,Fiber optic,No,No internet service,Yes,No,No internet service,No,Two year,No,Electronic check,42.14,1697.5,No
C-460cb387,Male,0,Yes,No,26,Yes,No,Fiber optic,No,No internet service,No internet service,No internet service,Yes,No internet service,One year,No,Electronic check,46.47,1196.64,No
C-b0c8ba0c,Female,0,No,Yes,48,Yes,No,Fiber optic,No internet service,Yes,No,No,No,Yes,One year,Yes,Bank transfer (automatic),49.92,2408.67,No
C-f320df01,Female,0,No,No,72,Yes,No,No,No internet service,No internet service,No internet service,No internet service,No internet service,No internet service,Month-to-month,No,Bank transfer (automatic),19.9,1427.45,No
C-31e3609d,Female,0,Yes,No,26,Yes,No,Fiber optic,No,No,No,No,No,No,Two year,Yes,Credit card (automatic),35.94,946.31,No
C-34aa3080,Female,0,Yes,No,64,Yes,Yes,No,No internet service,No internet service,No internet service,No internet service,No internet service,No internet service,Month-to-month,Yes,Electronic check,23.31,1523.83,No
C-c74464a6,Female,0,Yes,No,36,Yes,No,Fiber optic,No,No,Yes,Yes,No,Yes,Two year,No,Mailed check,60.34,2197.74,No
C-cdd98ddd,Male,0,Yes,No,48,Yes,Yes,No,No internet service,No internet service,No internet service,No internet service,No internet service,No internet service,Two year,Yes,Credit card (automatic),18.0,882.36,No
C-c01d0648,Male,0,No,No,44,Yes,No,No,No internet service,No internet service,No internet service,No internet service,No internet service,No internet service,Month-to-month,Yes,Bank transfer (automatic),19.7,890.18,Yes
C-8150d689,Male,1,Yes,No,63,Yes,Yes,DSL,No,No,No,No,No internet service,Yes,Month-to-month,Yes,Electronic check,32.63,2071.79,Yes
C-b8d8f1d0,Female,0,Yes,Yes,21,Yes,Yes,Fiber optic,Yes,Yes,No,No,No,No,Month-to-month,Yes,Bank transfer (automatic),52.07,1115.3,Yes
C-27b05ae9,Female,1,No,No,20,Yes,Yes,DSL,No,Yes,No,No,No,No,Two year,Yes,Electronic check,29.11,573.05,No
C-f16c645c,Female,0,No,No,46,No,No phone service,DSL,No,Yes,No internet service,Yes,No internet service,Yes,One year,Yes,Electronic check,37.77,1731.82,No
C-8b5d2450,Female,0,No,Yes,37,Yes,No,DSL,No,Yes,Yes,No,No,No,Two year,No,Credit card (automatic),35.82,1349.73,No
C-760c35d0,Male,1,Yes,No,21,No,No phone service,DSL,No,No,No,No,No,Yes,One year,Yes,Credit card (automatic),30.26,644.38,No
C-50f139d0,Male,0,No,No,70,Yes,Yes,DSL,Yes,No internet service,Yes,No,No,No,Month-to-month,Yes,Bank transfer (automatic),39.96,2817.0,No
C-55fee674,Female,0,Yes,No,15,Yes,No,Fiber optic,No internet service,No internet service,Yes,No,No,No internet service,Two year,Yes,Bank transfer (automatic),45.4,665.97,No
C-003704be,Female,1,Yes,No,24,Yes,Yes,Fiber optic,No,No,No,No,No,Yes,Month-to-month,Yes,Credit card (automatic),47.26,1105.18,Yes
C-5e1bf81e,Female,0,Yes,No,18,Yes,Yes,DSL,Yes,No,No,Yes,Yes,Yes,Month-to-month,No,Electronic check,50.06,916.46,No
C-9702af1a,Female,0,No,Yes,43,Yes,No,No,No internet service,No internet service,No internet service,No internet service,No internet service,No internet service,Month-to-month,Yes,Electronic check,23.72,1020.86,Yes
C-ab5ba9db,Male,0,Yes,No,60,Yes,No phone service,Fiber optic,No,No,No internet service,No,Yes,Yes,Month-to-month,No,Credit card (automatic),49.49,2987.46,No
C-9dc6e54d,Male,0,No,No,31,No,No phone service,No,No internet service,No internet service,No internet service,No internet service,No internet service,No internet service,Two year,Yes,Mailed check,18.0,572.84,No
C-f9d0184d,Female,0,No,No,28,Yes,Yes,DSL,Yes,No,No,No,No,No,Month-to-month,No,Bank transfer (automatic),28.52,784.64,No
C-eb87b216,Male,0,Yes,No,18,Yes,Yes,No,No internet service,No internet service,No internet service,No internet service,No internet service,No internet service,Month-to-month,Yes,Electronic check,27.49,487.33,No
C-3058d8bd,Male,0,No,Yes,31,Yes,Yes,DSL,No,No,No internet service,No,No,No,Month-to-month,Yes,Electronic check,26.91,840.67,No
C-3bd18c03,Male,0,No,Yes,69,No,No phone service,Fiber optic,No,Yes,No,No,No,Yes,One year,Yes,Credit card (automatic),53.04,3644.72,No
C-ac05e877,Female,0,No,Yes,54,Yes,No,Fiber optic,No,No,No,Yes,No,No internet service,Month-to-month,Yes,Electronic check,45.48,2437.84,Yes
C-700f4a81,Male,1,No,No,37,Yes,No phone service,No,No internet service,No internet service,No internet service,No internet service,No internet service,No internet service,Month-to-month,Yes,Bank transfer (automatic),18.0,663.64,Yes
C-26ec1c8f,Male,0,Yes,Yes,5,Yes,No phone service,No,No internet service,No internet service,No internet service,No internet service,No internet service,No internet service,Month-to-month,Yes,Credit card (automatic),18.0,85.0,Yes
C-c5371046,Male,0,No,Yes,37,Yes,Yes,Fiber optic,Yes,No,No internet service,No,Yes,Yes,Month-to-month,No,Mailed check,58.02,2161.24,Yes
C-e149fd03,Female,0,No,Yes,31,Yes,No,DSL,No,No,No,No,Yes,Yes,Month-to-month,No,Credit card (automatic),33.94,1039.92,No
C-43b323f5,Female,0,Yes,Yes,21,Yes,No,Fiber optic,No,No,Yes,Yes,No,No,Two year,Yes,Bank transfer (automatic),49.9,1058.61,No
C-63175f9e,Female,0,No,No,37,No,No phone service,DSL,Yes,Yes,No,No,No,Yes,Month-to-month,Yes,Bank transfer (automatic),35.97,1324.33,Yes
C-9c3f817d,Female,0,No,No,72,Yes,Yes,Fiber optic,No,No,No internet service,No,Yes,No,Month-to-month,Yes,Electronic check,43.07,3112.27,No
C-862b0944,Male,0,Yes,Yes,53,Yes,No,DSL,No,No,No,No internet service,No,No,Month-to-month,Yes,Bank transfer (automatic),28.97,1536.4,No
C-dbab46d8,Female,0,No,Yes,8,Yes,No,DSL,Yes,No,No,No,No internet service,Yes,One year,Yes,Electronic check,37.35,303.71,No
C-b2005b26,Female,1,Yes,Yes,21,Yes,No,Fiber optic,No,Yes,No,No,No,Yes,Month-to-month,Yes,Electronic check,50.88,1055.6,Yes
C-f39e5a60,Male,1,No,No,13,Yes,No,Fiber optic,No,No,No internet service,No,Yes,No,Month-to-month,No,Electronic check,42.78,544.83,Yes
C-d5db7502,Female,0,No,No,59,Yes,Yes,DSL,No,No,No,Yes,No,No,One year,Yes,Credit card (automatic),32.0,1901.57,No
C-5f56e967,Female,0,Yes,No,67,Yes,No,DSL,Yes,No internet service,No,No,Yes,No,One year,Yes,Mailed check,37.43,2521.4,No
C-b87167c5,Female,1,Yes,No,14,Yes,Yes,No,No internet service,No internet service,No internet service,No internet service,No internet service,No internet service,Month-to-month,Yes,Electronic check,20.33,281.53,No
C-a80f2129,Female,0,No,No,18,Yes,No,Fiber optic,No,No,Yes,No internet service,Yes,Yes,One year,Yes,Credit card (automatic),54.79,985.52,No
C-21872ab4,Male,1,No,No,67,Yes,Yes,DSL,No,Yes,Yes,No,No,Yes,Month-to-month,No,Credit card (automatic),43.97,2925.5,No
C-18ec8ca7,Male,0,Yes,No,60,Yes,Yes,DSL,Yes,No,Yes,Yes,No,Yes,One year,Yes,Electronic check,43.04,2588.77,No
C-35ae7397,Female,1,Yes,No,34,Yes,Yes,DSL,Yes,No,Yes,No,No,No,Month-to-month,No,Credit card (automatic),37.49,1274.41,Yes
C-24a50519,Female,1,No,No,28,Yes,Yes,Fiber optic,Yes,Yes,Yes,No,No,Yes,Month-to-month,No,Bank transfer (automatic),67.56,1868.64,Yes
C-a74f24a9,Female,0,No,No,9,Yes,Yes,Fiber optic,No,Yes,No,No,Yes,No,Month-to-month,Yes,Electronic check,48.42,435.18,Yes
C-1e6e5dc5,Female,0,No,No,9,Yes,No phone service,DSL,No internet service,No internet service,No,No,No,Yes,Two year,No,Bank transfer (automatic),33.49,318.27,No
C-5d5c0982,Female,0,No,Yes,33,No,No phone service,DSL,No,No,Yes,No,No,Yes,One year,Yes,Credit card (automatic),35.49,1152.69,No
C-9913c62d,Male,0,No,No,35,Yes,Yes,Fiber optic,No,No,Yes,No,Yes,No,Month-to-month,Yes,Electronic check,54.17,1901.56,Yes
C-21c9aade,Male,0,No,No,66,Yes,No phone service,DSL,Yes,No,No internet service,No,Yes,No,Month-to-month,Yes,Electronic check,39.78,2646.36,Yes
C-cb7a6495,Female,0,No,Yes,2,Yes,No,Fiber optic,No,No internet service,Yes,No,Yes,No,Two year,No,Mailed check,43.27,101.53,No
C-f7247861,Male,0,Yes,Yes,60,Yes,Yes,DSL,No,No,Yes,Yes,No internet service,No,One year,Yes,Electronic check,30.8,1836.58,No
C-9c5c95af,Female,1,Yes,No,62,Yes,Yes,DSL,Yes,No internet service,No internet service,Yes,Yes,No internet service,Month-to-month,No,Electronic check,41.8,2591.01,Yes
C-8d340d74,Male,0,No,Yes,69,No,No phone service,Fiber optic,No,Yes,No,Yes,No,Yes,Two year,No,Credit card (automatic),58.95,4077.91,No
C-e4101c0a,Female,1,No,No,23,Yes,Yes,Fiber optic,No,No,Yes,Yes,Yes,Yes,Two year,No,Credit card (automatic),60.29,1383.21,No
C-e6227d78,Female,0,No,No,58,No,No phone service,Fiber optic,No,No,No,No internet service,No,No,One year,Yes,Mailed check,39.27,2263.28,No
C-e4adb64f,Female,0,Yes,Yes,65,No,No phone service,No,No internet service,No internet service,No internet service,No internet service,No internet service,No internet service,Month-to-month,No,Electronic check,21.75,1420.77,No
C-81b4cab6,Male,1,No,No,42,Yes,Yes,Fiber optic,No,No internet service,No,No,Yes,Yes,One year,No,Electronic check,54.77,2292.07,Yes
C-a1ff8423,Male,1,No,Yes,36,Yes,No,Fiber optic,No,Yes,No,No,No,No internet service,Two year,Yes,Credit card (automatic),42.61,1518.54,No
C-af1def87,Male,0,No,Yes,20,Yes,Yes,DSL,Yes,No,No internet service,Yes,Yes,No,Two year,No,Electronic check,41.04,828.1,No
C-ce154e4f,Female,0,No,No,20,Yes,Yes,DSL,Yes,No,No,No,Yes,No,Month-to-month,Yes,Electronic check,41.6,833.96,No
C-9a247097,Male,0,No,Yes,26,Yes,No,Fiber optic,No internet service,No,Yes,No internet service,Yes,No,Month-to-month,Yes,Electronic check,54.09,1407.56,No
C-c33d8ce5,Female,0,No,No,54,Yes,No,DSL,Yes,No,Yes,No,No,No,One year,Yes,Electronic check,33.21,1795.94,No
C-5761c465,Male,1,Yes,No,43,Yes,No,DSL,No,No,No internet service,Yes,No,No,Month-to-month,Yes,Electronic check,30.27,1367.1,No
C-9ef1c476,Male,0,No,Yes,28,Yes,No phone service,Fiber optic,No,No,No,No,No,Yes,Month-to-month,Yes,Mailed check,44.55,1261.33,Yes
C-5535d3d1,Male,0,Yes,Yes,10,Yes,No,No,No internet service,No internet service,No internet service,No internet service,No internet service,No internet service,Month-to-month,Yes,Electronic check,22.1,218.34,Yes
C-a8cf5c18,Female,0,Yes,No,60,Yes,Yes,No,No internet service,No internet service,No internet service,No internet service,No internet service,No internet service,Month-to-month,Yes,Electronic check,22.66,1355.15,Yes
C-ba39b9c1,Male,0,No,No,9,No,No phone service,Fiber optic,Yes,No,No,Yes,Yes,No,Month-to-month,No,Bank transfer (automatic),55.29,509.84,Yes
C-d035a132,Male,0,Yes,No,61,Yes,Yes,Fiber optic,No,No,Yes,No,No,Yes,Two year,No,Electronic check,49.16,2956.19,No
C-e0c678f2,Male,0,No,No,0,Yes,No,DSL,No,No,No,Yes,Yes,No,Month-to-month,Yes,Credit card (automatic),37.39,0.0,Yes
C-35fb703b,Female,0,No,Yes,69,Yes,Yes,Fiber optic,No,No,No,No,No,Yes,Two year,Yes,Mailed check,44.22,3079.62,No
C-40ec90a4,Female,0,No,Yes,14,No,No phone service,No,No internet service,No internet service,No internet service,No internet service,No internet service,No internet service,One year,Yes,Credit card (automatic),21.21,309.13,Yes
C-de6ae7f2,Female,0,Yes,No,20,Yes,No phone service,No,No internet service,No internet service,No internet service,No internet service,No internet service,No internet service,Two year,Yes,Credit card (automatic),22.55,446.58,No
C-c69d6b96,Male,0,Yes,No,15,Yes,No,Fiber optic,No internet service,Yes,No,Yes,No internet service,No,One year,Yes,Electronic check,50.99,734.04,No
C-de00ff42,Female,0,No,No,10,Yes,Yes,Fiber optic,No internet service,No,Yes,No,No,Yes,One year,No,Bank transfer (automatic),50.87,500.55,Yes
C-c439309e,Male,0,No,No,41,Yes,No,Fiber optic,Yes,Yes,Yes,No,No,No,One year,Yes,Electronic check,53.86,2234.46,No
C-8c1553ef,Male,1,Yes,No,20,Yes,Yes,DSL,No,Yes,No internet service,Yes,Yes,No,Two year,Yes,Mailed check,41.37,797.2,No
C-73de0f43,Male,0,No,No,18,Yes,No,Fiber optic,Yes,No internet service,No internet service,No,No,No,One year,Yes,Electronic check,51.44,932.22,No
C-d75a2e02,Male,1,Yes,No,52,Yes,No,DSL,No,No internet service,No,No,Yes,No internet service,Month-to-month,Yes,Bank transfer (automatic),31.92,1680.45,No
C-951e7090,Male,0,No,No,45,Yes,No,No,No internet service,No internet service,No internet service,No internet service,No internet service,No internet service,One year,Yes,Bank transfer (automatic),18.0,804.1,No
C-15335cc5,Female,0,Yes,No,42,Yes,Yes,Fiber optic,Yes,No,Yes,Yes,No,Yes,Month-to-month,No,Mailed check,64.2,2684.21,Yes
C-e1cdac2e,Female,1,Yes,No,9,Yes,No,Fiber optic,No,No,No,No internet service,Yes,No,Two year,No,Mailed check,47.04,389.97,No
C-622f2f07,Male,0,No,Yes,30,Yes,No,Fiber optic,No,Yes,No,No,No,Yes,Month-to-month,Yes,Mailed check,50.19,1547.62,Yes
C-13362fef,Male,1,Yes,No,36,Yes,Yes,Fiber optic,No,Yes,No,Yes,No,No,Month-to-month,No,Bank transfer (automatic),56.47,2064.02,Yes
C-3930a5d5,Male,0,Yes,Yes,12,Yes,No phone service,No,No internet service,No internet service,No internet service,No internet service,No internet service,No internet service,Month-to-month,No,Credit card (automatic),18.0,216.44,No
C-1104217d,Female,0,Yes,No,23,Yes,No,Fiber optic,No internet service,Yes,No,Yes,Yes,No,Month-to-month,Yes,Credit card (automatic),64.84,1496.64,Yes
C-352a8591,Female,0,No,No,70,Yes,No,Fiber optic,No,No,No,No,Yes,Yes,One year,No,Electronic check,49.32,3454.24,Yes
C-2ba11c22,Male,0,No,Yes,51,Yes,No phone service,Fiber optic,Yes,Yes,Yes,No,Yes,No,Month-to-month,Yes,Bank transfer (automatic),64.93,3305.51,No
C-fa7ecf51,Female,0,Yes,Yes,11,Yes,Yes,DSL,No,No,No,Yes,Yes,No,Month-to-month,Yes,Mailed check,33.37,398.59,No
C-83da2635,Female,0,Yes,No,72,Yes,No,Fiber optic,No,Yes,Yes,No,No,Yes,Month-to-month,Yes,Electronic check,51.17,3689.19,No
C-d843a7b7,Male,0,No,No,54,Yes,No phone service,DSL,No,No,No,No,No,Yes,Two year,Yes,Mailed check,31.51,1719.0,No
C-89c570f8,Male,0,Yes,No,30,Yes,No,DSL,Yes,No internet service,No,No,No,Yes,One year,No,Electronic check,36.07,1085.7,No
C-5da8b205,Female,0,No,No,72,Yes,No,DSL,No,No,Yes,No,No,No,Month-to-month,No,Mailed check,33.15,2377.26,Yes
C-5984ece4,Female,1,No,No,15,Yes,No,Fiber optic,Yes,No,No,No,No internet service,Yes,Month-to-month,No,Bank transfer (automatic),51.05,758.99,Yes
C-63c7e8bd,Male,0,Yes,No,31,Yes,Yes,Fiber optic,Yes,Yes,No,No,Yes,No internet service,Month-to-month,No,Bank transfer (automatic),52.17,1620.72,Yes
C-448b50b3,Male,0,Yes,No,2,Yes,No,DSL,Yes,No,Yes,Yes,Yes,Yes,Month-to-month,Yes,Mailed check,47.94,113.08,Yes
C-2f5f4527,Female,1,No,No,31,Yes,No,Fiber optic,Yes,Yes,No,No,No,Yes,One year,Yes,Bank transfer (automatic),61.58,1913.22,Yes
C-46089804,Female,0,Yes,Yes,58,Yes,No phone service,Fiber optic,No,Yes,Yes,No,No,No,Month-to-month,No,Electronic check,51.81,3006.0,No
C-ab26cc68,Female,0,No,No,27,No,No phone service,DSL,Yes,Yes,No,Yes,Yes,Yes,One year,Yes,Credit card (automatic),56.9,1551.45,No
C-c235fe7c,Male,0,No,No,66,Yes,No,DSL,Yes,Yes,Yes,No,No,Yes,One year,Yes,Credit card (automatic),51.51,3398.11,No
C-f09b8638,Male,0,No,No,21,Yes,No phone service,DSL,No,No,No,No,No,Yes,Month-to-month,Yes,Electronic check,33.77,717.99,Yes
C-1e99b6dc,Female,0,Yes,Yes,42,Yes,No,DSL,No internet service,Yes,No,Yes,No,Yes,Month-to-month,No,Credit card (automatic),35.5,1505.85,No
C-5d32bb48,Male,0,Yes,Yes,51,No,No phone service,Fiber optic,Yes,No,No,Yes,Yes,No,Month-to-month,No,Bank transfer (automatic),55.19,2804.37,No
C-9b5f4379,Male,0,No,No,42,Yes,No,DSL,No,Yes,No,No,No internet service,Yes,Month-to-month,No,Bank transfer (automatic),34.58,1467.26,No
C-ad1458b4,Male,0,No,Yes,30,Yes,Yes,DSL,No,No,No,No internet service,Yes,No,Month-to-month,Yes,Electronic check,34.17,988.11,No
C-1b557401,Female,0,Yes,Yes,2,Yes,Yes,No,No internet service,No internet service,No internet service,No internet service,No internet service,No internet service,Month-to-month,Yes,Electronic check,27.26,17.54,Yes
C-1eda6fb9,Female,1,No,No,35,Yes,No,DSL,No,No,Yes,No,No internet service,No,Two year,Yes,Credit card (automatic),28.93,1036.05,No
C-29254855,Male,0,Yes,No,70,Yes,No phone service,Fiber optic,No,Yes,Yes,No,No internet service,No,Month-to-month,Yes,Bank transfer (automatic),46.88,3304.67,Yes
C-f663b9b0,Female,0,No,Yes,15,Yes,No,DSL,No,Yes,Yes,No,Yes,Yes,Month-to-month,Yes,Credit card (automatic),51.67,735.67,No
C-7e345829,Female,0,No,No,13,Yes,No phone service,Fiber optic,Yes,Yes,No internet service,No,No,Yes,Two year,No,Bank transfer (automatic),62.18,806.69,No
C-f7bf49ef,Male,1,No,No,44,No,No phone service,Fiber optic,No internet service,No internet service,Yes,No,No,Yes,Two year,Yes,Bank transfer (automatic),50.25,2201.04,No
C-31860410,Female,0,Yes,No,34,Yes,Yes,Fiber optic,No internet service,No,Yes,Yes,Yes,No,One year,Yes,Bank transfer (automatic),58.59,2015.99,Yes
C-f1b9121f,Female,0,No,No,54,Yes,No,DSL,No,No,No,No,No,Yes,One year,Yes,Credit card (automatic),26.14,1399.8,No
C-bf3af790,Female,1,Yes,Yes,55,Yes,No,Fiber optic,No,No internet service,Yes,No internet service,No,Yes,Two year,No,Electronic check,58.24,3185.01,No
C-ab4ffd45,Male,0,Yes,No,69,Yes,Yes,No,No internet service,No internet service,No internet service,No internet service,No internet service,No internet service,One year,No,Mailed check,19.51,1352.67,No
C-c55d37b6,Male,0,No,No,56,Yes,Yes,Fiber optic,No,No internet service,Yes,No,Yes,No,One year,Yes,Credit card (automatic),47.15,2624.91,No
C-c6ccd64b,Male,1,No,No,44,No,No phone service,Fiber optic,No,No,Yes,No,Yes,No,One year,Yes,Electronic check,51.73,2274.28,No
C-c8abe91a,Female,1,Yes,No,34,Yes,Yes,Fiber optic,Yes,Yes,Yes,No,Yes,No internet service,Month-to-month,Yes,Bank transfer (automatic),62.03,2104.96,No
C-51f3c502,Male,0,Yes,Yes,11,Yes,Yes,Fiber optic,Yes,No,No,No,Yes,No,Month-to-month,Yes,Electronic check,53.68,608.39,Yes
C-83eb16b4,Male,0,Yes,No,39,Yes,No,No,No internet service,No internet service,No internet service,No internet service,No internet service,No internet service,Month-to-month,No,Credit card (automatic),18.0,676.5,Yes
C-75447469,Female,0,Yes,Yes,7,No,No phone service,Fiber optic,No internet service,No,Yes,No,No,Yes,Month-to-month,No,Bank transfer (automatic),49.83,344.25,Yes
C-a353334d,Female,0,No,No,48,Yes,No phone service,Fiber optic,No,Yes,No,Yes,Yes,No,Two year,Yes,Mailed check,50.25,2417.68,No
C-af9b07ec,Female,0,Yes,No,72,Yes,No,Fiber optic,No,Yes,Yes,No,No internet service,No,Month-to-month,No,Electronic check,46.53,3357.58,Yes
C-bf067a70,Male,0,No,Yes,37,Yes,No phone service,DSL,No,No,No,No,Yes,Yes,Month-to-month,Yes,Mailed check,37.62,1390.0,No
C-3992653d,Male,0,Yes,No,36,Yes,No,Fiber optic,No,Yes,Yes,No,No,No,Two year,Yes,Electronic check,47.68,1711.22,No
C-aecc165d,Female,1,Yes,No,3,No,No phone service,DSL,Yes,No,No,No,Yes,No,One year,Yes,Electronic check,34.51,101.29,No
C-565878f9,Male,0,No,No,57,Yes,No phone service,No,No internet service,No internet service,No internet service,No internet service,No internet service,No internet service,Month-to-month,Yes,Mailed check,24.09,1385.06,Yes
C-f4c58bd9,Female,0,No,No,40,Yes,No,Fiber optic,Yes,Yes,Yes,No,Yes,No,Month-to-month,Yes,Mailed check,61.78,2471.4,Yes
C-411c1925,Female,1,Yes,No,11,No,No phone service,DSL,Yes,Yes,Yes,No,No internet service,Yes,One year,Yes,Bank transfer (automatic),49.65,546.06,Yes
C-553ceecf,Male,0,No,Yes,52,Yes,No,Fiber optic,No,No internet service,No internet service,No,No,No,Two year,No,Credit card (automatic),35.95,1905.75,Yes
C-eb8eb85d,Male,0,Yes,Yes,65,Yes,No,Fiber optic,No internet service,Yes,No,No,Yes,Yes,Month-to-month,Yes,Bank transfer (automatic),58.25,3793.92,Yes
C-f15552b1,Male,0,Yes,Yes,44,Yes,Yes,DSL,No internet service,Yes,No,Yes,No,Yes,Month-to-month,Yes,Bank transfer (automatic),41.68,1870.31,Yes
C-13605c6b,Male,0,No,No,29,Yes,Yes,Fiber optic,Yes,No,No internet service,Yes,No,Yes,Month-to-month,No,Bank transfer (automatic),56.92,1656.14,Yes
C-e384c561,Male,0,No,No,18,Yes,No phone service,DSL,No internet service,No,Yes,No,No internet service,No,Month-to-month,Yes,Electronic check,31.01,563.85,Yes
C-f8126c31,Male,0,Yes,Yes,8,Yes,No phone service,Fiber optic,Yes,No,Yes,Yes,No,No internet service,Two year,No,Bank transfer (automatic),53.64,398.89,No
C-25525001,Male,0,No,No,55,Yes,No,No,No internet service,No internet service,No internet service,No internet service,No internet service,No internet service,Two year,Yes,Bank transfer (automatic),21.21,1177.05,No
C-ad5fdf57,Female,0,No,No,44,Yes,No phone service,No,No internet service,No internet service,No internet service,No internet service,No internet service,No internet service,Month-to-month,No,Mailed check,22.64,1009.42,No
C-97644806,Male,0,Yes,No,29,Yes,Yes,Fiber optic,No,No,Yes,No internet service,No,Yes,Two year,Yes,Mailed check,50.18,1445.78,No
C-f42ba5e0,Female,0,No,No,10,Yes,Yes,DSL,No internet service,No,No,No internet service,No,Yes,Month-to-month,Yes,Electronic check,35.01,396.12,Yes
C-8c13201e,Male,1,No,No,39,Yes,No,DSL,No,Yes,No,No,No,Yes,Month-to-month,Yes,Electronic check,35.2,1365.32,Yes
C-64816a65,Male,0,Yes,No,57,Yes,Yes,Fiber optic,Yes,Yes,Yes,No,No,No internet service,Month-to-month,Yes,Electronic check,52.93,3019.22,Yes
C-8be6a924,Female,0,Yes,No,41,Yes,No,DSL,No,No,No,Yes,No,No,One year,Yes,Electronic check,35.9,1523.44,No
C-127c4347,Female,0,No,No,27,Yes,Yes,Fiber optic,No,No,No,No,Yes,No,Month-to-month,Yes,Credit card (automatic),51.48,1360.82,Yes
C-5a0276dc,Male,0,No,No,16,No,No phone service,Fiber optic,No internet service,Yes,No internet service,No internet service,Yes,No,Month-to-month,Yes,Mailed check,51.37,861.16,Yes
C-da671f20,Female,0,No,No,51,Yes,No phone service,No,No internet service,No internet service,No internet service,No internet service,No internet service,No internet service,Month-to-month,Yes,Electronic check,18.0,939.47,No
C-97e9759d,Male,1,No,Yes,46,Yes,No phone service,DSL,No,No,Yes,No,Yes,No,Month-to-month,Yes,Mailed check,38.25,1778.77,No
C-3ba5e338,Male,0,No,No,51,No,No phone service,Fiber optic,No,No internet service,No,No,Yes,No,One year,Yes,Electronic check,47.58,2409.06,No
C-757d5bfa,Male,0,No,Yes,0,Yes,Yes,DSL,Yes,Yes,No internet service,No,Yes,No,Month-to-month,Yes,Bank transfer (automatic),36.85,6.25,Yes
C-ef8c4f65,Female,0,Yes,No,43,Yes,No phone service,Fiber optic,Yes,No internet service,No,No,No,No,Month-to-month,Yes,Electronic check,39.63,1717.88,Yes
C-5382dc81,Female,0,No,No,21,Yes,No phone service,No,No internet service,No internet service,No internet service,No internet service,No internet service,No internet service,Month-to-month,Yes,Bank transfer (automatic),21.02,422.53,No
C-1cd400b8,Female,0,Yes,Yes,70,Yes,Yes,DSL,No,Yes,No,No,No,No,Month-to-month,Yes,Bank transfer (automatic),31.02,2182.77,No
C-6f5af1bf,Female,0,Yes,No,72,Yes,Yes,Fiber optic,No,No,No,Yes,No internet service,Yes,One year,Yes,Bank transfer (automatic),47.89,3448.34,No
C-df68bd37,Female,0,No,No,70,Yes,Yes,DSL,Yes,No,No internet service,Yes,Yes,No,Month-to-month,Yes,Mailed check,39.47,2755.61,No
C-f5ea9757,Female,0,Yes,No,37,Yes,No phone service,No,No internet service,No internet service,No internet service,No internet service,No internet service,No internet service,Two year,Yes,Electronic check,23.9,864.74,No
C-b049cf8d,Male,0,No,No,16,Yes,No,Fiber optic,No,No internet service,No,No,No,Yes,Month-to-month,Yes,Credit card (automatic),47.59,775.72,No
C-315a935f,Female,0,Yes,No,28,Yes,No,Fiber optic,Yes,No,No,Yes,No,No,Month-to-month,No,Electronic check,47.32,1292.81,Yes
C-37c821bb,Male,1,Yes,Yes,42,Yes,No,DSL,No,No,No,Yes,Yes,Yes,One year,Yes,Electronic check,42.12,1728.97,No
C-d32f9e3f,Female,0,Yes,No,30,Yes,Yes,No,No internet service,No internet service,No internet service,No internet service,No internet service,No internet service,One year,Yes,Credit card (automatic),21.11,628.45,No
C-0158c78f,Female,1,No,No,42,Yes,Yes,DSL,No,No,No,No internet service,Yes,No internet service,Month-to-month,Yes,Credit card (automatic),30.15,1240.22,Yes
C-f7a51161,Male,0,No,No,17,Yes,No phone service,DSL,No,No,No,Yes,Yes,Yes,Month-to-month,Yes,Electronic check,44.05,719.71,Yes
C-8d487605,Female,0,Yes,No,69,Yes,Yes,DSL,Yes,No,Yes,No,Yes,No,One year,Yes,Electronic check,42.96,2972.88,No
C-f48d1a58,Female,0,No,No,55,Yes,No,Fiber optic,No internet service,No,No,No,Yes,Yes,Month-to-month,Yes,Credit card (automatic),51.79,2844.79,No
C-c342403f,Female,0,Yes,No,44,Yes,Yes,Fiber optic,Yes,No,No,No,Yes,Yes,Month-to-month,No,Mailed check,60.01,2613.53,Yes
C-83a0ebef,Male,0,No,No,0,Yes,No,DSL,No,No internet service,Yes,No,Yes,Yes,Month-to-month,No,Electronic check,42.36,0.0,No
C-cad80ad2,Male,0,Yes,Yes,5,Yes,No,Fiber optic,No,No,Yes,No,No,Yes,Month-to-month,No,Electronic check,56.26,252.36,Yes
C-b68c5308,Male,0,Yes,Yes,5,Yes,Yes,DSL,No,No,No,Yes,No,Yes,Two year,No,Mailed check,35.77,166.04,No
C-d4d1665f,Female,0,Yes,No,29,Yes,No,Fiber optic,No,No,Yes,Yes,No internet service,No,Month-to-month,No,Bank transfer (automatic),46.59,1376.91,No
C-4f99b7af,Male,0,No,No,42,Yes,No phone service,No,No internet service,No internet service,No internet service,No internet service,No internet service,No internet service,Month-to-month,No,Mailed check,25.21,1045.61,No
C-fb8f45d2,Female,0,Yes,Yes,34,Yes,Yes,DSL,No,Yes,No internet service,No,No,No,Month-to-month,Yes,Credit card (automatic),32.15,1076.53,Yes
C-2fdce03c,Male,0,No,No,18,Yes,No,Fiber optic,No,Yes,No,Yes,No,Yes,Month-to-month,No,Electronic check,53.25,935.29,No
C-2a70965f,Male,0,No,No,32,Yes,No,No,No internet service,No internet service,No internet service,No internet service,No internet service,No internet service,Month-to-month,Yes,Electronic check,24.11,753.03,Yes
C-5d1a8e92,Male,0,Yes,No,26,Yes,Yes,DSL,No,No,No internet service,Yes,No,No internet service,Month-to-month,Yes,Electronic check,31.24,789.65,No
C-f967f7b5,Male,0,No,No,67,Yes,No,DSL,Yes,Yes,No,No,No,Yes,Month-to-month,No,Bank transfer (automatic),46.16,3091.83,No
C-a53586a7,Female,0,No,Yes,51,Yes,No phone service,Fiber optic,No,Yes,No,No,No,No,Two year,No,Credit card (automatic),43.96,2230.25,No
C-6919b933,Female,0,No,No,0,No,No phone service,Fiber optic,No,No,No,Yes,No,Yes,Two year,No,Credit card (automatic),52.16,21.93,Yes
C-031390e9,Female,0,Yes,Yes,56,Yes,Yes,No,No internet service,No internet service,No internet service,No internet service,No internet service,No internet service,Month-to-month,Yes,Mailed check,18.0,1037.3,No
C-8b1a9246,Female,1,Yes,No,43,Yes,Yes,DSL,No,No,No,No,Yes,No,Two year,Yes,Credit card (automatic),30.77,1386.21,No
C-758dda05,Female,0,Yes,No,45,Yes,No,Fiber optic,No,No,Yes,Yes,Yes,No internet service,Month-to-month,No,Bank transfer (automatic),61.46,2760.26,Yes
C-55748ba6,Female,0,Yes,No,37,Yes,Yes,DSL,Yes,No,Yes,No,No,No,Month-to-month,No,Electronic check,31.48,1193.36,Yes
C-ee0a01f7,Female,0,Yes,No,24,Yes,No,DSL,No,No,No,No internet service,No,No,Month-to-month,Yes,Electronic check,20.75,503.32,No
C-3198b9f5,Male,0,Yes,No,49,Yes,Yes,DSL,No,Yes,Yes,No,Yes,No,Month-to-month,Yes,Electronic check,39.08,1923.54,No
C-f055855b,Male,0,No,No,58,Yes,Yes,DSL,No,Yes,No,No internet service,Yes,No,One year,Yes,Electronic check,36.97,2151.1,No
C-2652e3cf,Male,0,Yes,No,6,No,No phone service,No,No internet service,No internet service,No internet service,No internet service,No internet service,No internet service,Two year,Yes,Electronic check,18.0,111.79,No
C-68ec1c53,Female,0,No,No,30,Yes,No,No,No internet service,No internet service,No internet service,No internet service,No internet service,No internet service,Month-to-month,No,Credit card (automatic),18.81,566.38,No
C-d0dede3f,Male,0,No,No,38,Yes,Yes,DSL,Yes,No,No,No internet service,Yes,Yes,One year,Yes,Bank transfer (automatic),41.53,1562.92,No
C-645cd820,Female,1,No,Yes,3,No,No phone service,No,No internet service,No internet service,No internet service,No internet service,No internet service,No internet service,One year,Yes,Electronic check,22.56,59.04,Yes
C-69b0cbac,Male,0,No,No,21,Yes,Yes,Fiber optic,No,Yes,No,Yes,No,No internet service,Month-to-month,No,Electronic check,48.12,1007.63,No
C-d05a0f25,Female,0,Yes,Yes,5,Yes,Yes,DSL,No,No,Yes,No,No,No,Two year,Yes,Mailed check,25.93,128.0,Yes
C-d55f65b3,Female,0,Yes,Yes,69,Yes,No,No,No internet service,No internet service,No internet service,No internet service,No internet service,No internet service,One year,Yes,Credit card (automatic),19.7,1321.31,No
C-605271a7,Female,0,Yes,Yes,18,Yes,Yes,No,No internet service,No internet service,No internet service,No internet service,No internet service,No internet service,One year,Yes,Credit card (automatic),18.39,324.75,No
C-6591ee9a,Male,0,No,No,23,Yes,Yes,DSL,Yes,No,No internet service,No,Yes,Yes,Month-to-month,Yes,Credit card (automatic),40.97,916.73,Yes
C-fd581b28,Male,0,Yes,No,26,Yes,No phone service,Fiber optic,No internet service,Yes,Yes,No,No,Yes,Month-to-month,Yes,Electronic check,51.37,1312.41,Yes
C-9fa6a1b9,Male,0,Yes,Yes,28,Yes,No,DSL,No internet service,No,No,Yes,Yes,No internet service,Month-to-month,Yes,Credit card (automatic),39.22,1116.06,Yes
C-c7ab8f29,Male,1,Yes,No,62,Yes,Yes,DSL,Yes,No,No,No,No,No,Month-to-month,No,Electronic check,29.78,1885.04,No
C-fc76eaed,Male,0,No,No,2,Yes,No,No,No internet service,No internet service,No internet service,No internet service,No internet service,No internet service,Two year,Yes,Electronic check,18.22,63.1,No
C-9cb0e49c,Male,1,Yes,No,0,Yes,Yes,No,No internet service,No internet service,No internet service,No internet service,No internet service,No internet service,Month-to-month,No,Bank transfer (automatic),21.08,6.47,Yes
C-f674efb9,Female,0,Yes,Yes,57,Yes,No,No,No internet service,No internet service,No internet service,No internet service,No internet service,No internet service,Two year,No,Electronic check,22.88,1284.21,No
C-fe1a2d3d,Female,1,No,Yes,34,Yes,Yes,Fiber optic,Yes,Yes,Yes,No,No internet service,No,Month-to-month,Yes,Electronic check,48.41,1664.59,Yes
C-7df5ec38,Female,0,No,Yes,60,Yes,No,No,No internet service,No internet service,No internet service,No internet service,No internet service,No internet service,Month-to-month,Yes,Mailed check,21.05,1269.57,No
C-8851fb0d,Male,0,No,Yes,55,Yes,No,DSL,Yes,No,Yes,Yes,No internet service,Yes,Month-to-month,Yes,Credit card (automatic),50.64,2774.85,No
C-94c1608e,Male,1,Yes,No,22,Yes,Yes,Fiber optic,Yes,No internet service,Yes,No,No,Yes,Two year,Yes,Credit card (automatic),58.57,1283.24,No
C-0959572c,Female,0,Yes,No,64,Yes,No phone service,DSL,Yes,No internet service,No,No,Yes,No,Month-to-month,Yes,Mailed check,37.94,2390.0,No
C-aa382f29,Female,0,Yes,No,65,Yes,No,No,No internet service,No internet service,No internet service,No internet service,No internet service,No internet service,Month-to-month,Yes,Electronic check,20.12,1290.56,No
C-b98e75fb,Male,0,No,No,2,Yes,No,DSL,No,No,Yes,No,Yes,No,Two year,No,Mailed check,38.3,65.33,No
C-5f921d37,Male,0,No,No,45,Yes,Yes,Fiber optic,No,Yes,No,No,No,Yes,Two year,No,Credit card (automatic),54.98,2522.54,No
C-c1769a06,Female,0,Yes,Yes,14,Yes,No,Fiber optic,No,Yes,Yes,No,No internet service,Yes,One year,Yes,Electronic check,55.09,754.57,Yes
C-705fc649,Female,0,No,Yes,19,Yes,Yes,Fiber optic,Yes,Yes,Yes,No,No internet service,No,Month-to-month,Yes,Electronic check,53.1,1026.98,Yes
C-27800d87,Female,0,No,No,13,Yes,Yes,Fiber optic,No,Yes,No,No,Yes,No,Two year,Yes,Bank transfer (automatic),54.23,688.08,No
C-c78e8cd3,Female,0,Yes,Yes,24,Yes,No,DSL,No,Yes,Yes,Yes,No,Yes,One year,No,Mailed check,46.94,1143.04,No
C-f4669631,Male,0,No,Yes,28,Yes,No,DSL,No,No,No,No,Yes,No,Two year,Yes,Electronic check,30.5,851.65,No
C-c59c6411,Male,0,No,No,27,Yes,No,Fiber optic,No internet service,No,Yes,No,Yes,Yes,Two year,No,Credit card (automatic),57.05,1537.6,Yes
C-39cc8bad,Male,1,No,No,33,Yes,Yes,No,No internet service,No internet service,No internet service,No internet service,No internet service,No internet service,One year,Yes,Bank transfer (automatic),20.26,687.0,No
C-47c12996,Female,0,Yes,Yes,5,Yes,Yes,No,No internet service,No internet service,No internet service,No internet service,No internet service,No internet service,Month-to-month,Yes,Mailed check,18.68,116.69,No
C-8c9a2fbf,Female,0,No,No,66,Yes,Yes,Fiber optic,Yes,No,Yes,Yes,Yes,Yes,Month-to-month,Yes,Mailed check,67.38,4443.53,No
C-e934083c,Female,1,No,Yes,5,Yes,No,Fiber optic,No,No,Yes,No internet service,Yes,No,Two year,Yes,Credit card (automatic),53.03,289.73,Yes
C-36de8558,Female,0,Yes,No,34,Yes,Yes,Fiber optic,No,No,No,No,No,Yes,Month-to-month,No,Bank transfer (automatic),46.36,1598.72,No
C-25618afc,Female,0,Yes,No,46,No,No phone service,DSL,No,No,No,No internet service,No,Yes,Month-to-month,Yes,Electronic check,32.14,1453.58,No
C-2687c22c,Male,0,Yes,Yes,17,Yes,No,Fiber optic,No,No,No,No,Yes,No,Two year,No,Bank transfer (automatic),45.94,753.36,No
C-c40b9760,Female,0,Yes,No,45,Yes,No phone service,No,No internet service,No internet service,No internet service,No internet service,No internet service,No internet service,Month-to-month,No,Mailed check,18.57,828.47,No
C-a13f299f,Male,0,No,No,71,Yes,No,Fiber optic,No,No,No,Yes,No,No,Two year,Yes,Mailed check,43.42,3040.49,No
C-4dfe27cf,Female,1,Yes,Yes,14,Yes,No phone service,Fiber optic,Yes,Yes,No,Yes,No,Yes,Month-to-month,Yes,Credit card (automatic),63.76,865.33,Yes
C-3433a3c8,Female,0,Yes,Yes,24,Yes,No,Fiber optic,No,Yes,Yes,No,No,No,Month-to-month,Yes,Bank transfer (automatic),49.8,1203.98,Yes
C-bd782c7f,Female,0,Yes,Yes,30,Yes,Yes,Fiber optic,No,No internet service,Yes,No,Yes,Yes,One year,Yes,Bank transfer (automatic),55.77,1653.67,No
C-fe9763cf,Female,0,No,No,70,Yes,Yes,Fiber optic,No,Yes,Yes,No,No,No,Month-to-month,Yes,Mailed check,49.86,3497.46,Yes
C-3dd3e09b,Female,0,No,Yes,55,Yes,No,Fiber optic,Yes,No,Yes,Yes,No internet service,Yes,One year,Yes,Electronic check,63.5,3453.4,Yes
C-9c9dd45d,Female,0,No,Yes,59,Yes,Yes,DSL,No,No,Yes,No,No,No,Two year,Yes,Credit card (automatic),34.4,2020.8,No
C-5fafb86b,Male,0,Yes,Yes,68,Yes,No phone service,DSL,No,Yes,No,No,Yes,Yes,Month-to-month,No,Mailed check,40.44,2731.95,No
C-6e6eac38,Female,0,No,No,26,Yes,No,DSL,Yes,No,No,No,No,No,Month-to-month,Yes,Mailed check,32.66,855.65,No
C-2c66265c,Male,0,No,No,40,Yes,Yes,Fiber optic,No,Yes,Yes,Yes,No,Yes,Two year,No,Electronic check,57.59,2310.54,No
C-8f41d7e2,Female,0,No,Yes,68,No,No phone service,DSL,No,No,No,Yes,No,No,Month-to-month,Yes,Mailed check,31.59,2133.18,No
C-c90e8c5c,Male,0,No,Yes,10,Yes,Yes,No,No internet service,No internet service,No internet service,No internet service,No internet service,No internet service,One year,No,Bank transfer (automatic),29.77,271.67,No
C-3962b532,Female,0,Yes,No,52,Yes,Yes,No,No internet service,No internet service,No internet service,No internet service,No internet service,No internet service,One year,Yes,Credit card (automatic),22.01,1135.76,No
C-2ff5f2ad,Male,0,Yes,No,51,Yes,No,No,No internet service,No internet service,No internet service,No internet service,No internet service,No internet service,Month-to-month,Yes,Electronic check,19.61,987.4,No
C-172dd01d,Female,1,No,No,72,Yes,Yes,Fiber optic,No,No,Yes,No,No,Yes,Month-to-month,No,Electronic check,56.23,4060.69,Yes
C-b708d42e,Male,0,Yes,No,11,Yes,Yes,No,No internet service,No internet service,No internet service,No internet service,No internet service,No internet service,Two year,No,Credit card (automatic),21.75,255.23,No
C-c5965f6a,Male,0,Yes,No,47,Yes,No phone service,Fiber optic,No,Yes,No,No,No,Yes,Month-to-month,No,Credit card (automatic),51.98,2413.56,No
C-f552fc38,Male,0,No,No,29,Yes,No,No,No internet service,No internet service,No internet service,No internet service,No internet service,No internet service,One year,No,Mailed check,25.64,731.34,No
C-a01a0104,Male,0,No,No,38,Yes,Yes,Fiber optic,No,No,No,No,Yes,No,One year,Yes,Credit card (automatic),45.69,1736.73,No
C-471b4c32,Female,0,Yes,Yes,57,Yes,Yes,Fiber optic,No internet service,Yes,No,No,No,No internet service,Two year,No,Electronic check,42.1,2371.4,Yes
C-71697616,Male,1,No,No,43,Yes,No,Fiber optic,No,No internet service,Yes,No,Yes,No,Month-to-month,No,Electronic check,49.44,2081.2,No
C-67a7d0f3,Male,1,No,No,25,Yes,No phone service,No,No internet service,No internet service,No internet service,No internet service,No internet service,No internet service,Month-to-month,No,Credit card (automatic),18.49,449.15,No
C-cb4d920f,Male,1,No,No,6,Yes,No,DSL,No internet service,No,No,No internet service,No,Yes,Month-to-month,No,Credit card (automatic),30.13,209.85,Yes
C-ce1f7616,Male,0,No,No,6,Yes,No phone service,No,No internet service,No internet service,No internet service,No internet service,No internet service,No internet service,Month-to-month,No,Mailed check,18.42,122.08,No
C-894b090b,Female,0,No,No,15,Yes,No,No,No internet service,No internet service,No internet service,No internet service,No internet service,No internet service,One year,No,Mailed check,18.0,274.53,No
C-71be7fd1,Female,0,Yes,Yes,28,Yes,Yes,Fiber optic,No,No,Yes,No,No,Yes,One year,No,Mailed check,51.01,1421.29,No
C-7b7d6454,Female,0,Yes,No,4,Yes,Yes,Fiber optic,Yes,No,No,No,No,Yes,One year,Yes,Mailed check,54.31,223.72,Yes
C-fc7dfda1,Female,0,No,Yes,19,No,No phone service,Fiber optic,No,No,No,Yes,Yes,Yes,One year,Yes,Electronic check,53.34,998.72,Yes
C-e33f2f08,Male,0,Yes,No,9,Yes,Yes,Fiber optic,No internet service,Yes,No,No,No,Yes,One year,No,Mailed check,46.77,452.38,Yes
C-f0fdfdf2,Female,0,Yes,Yes,28,No,No phone service,DSL,Yes,Yes,No,No,Yes,No,One year,Yes,Bank transfer (automatic),46.16,1299.89,No
C-db2aae10,Male,0,No,Yes,11,No,No phone service,DSL,Yes,No,Yes,No,No,Yes,One year,Yes,Credit card (automatic),42.85,444.9,No
C-9bf1b26e,Male,0,Yes,No,41,Yes,No,No,No internet service,No internet service,No internet service,No internet service,No internet service,No internet service,Month-to-month,Yes,Bank transfer (automatic),22.71,933.96,No
C-8950b1a8,Male,0,Yes,No,64,No,No phone service,DSL,Yes,No,No,Yes,Yes,No,One year,Yes,Bank transfer (automatic),42.45,2689.26,No
C-7c750cc7,Female,0,Yes,No,49,Yes,No,Fiber optic,No,No,No,Yes,Yes,Yes,Month-to-month,Yes,Bank transfer (automatic),56.82,2748.78,No
C-7f69d5c3,Female,0,No,No,15,No,No phone service,No,No internet service,No internet service,No internet service,No internet service,No internet service,No internet service,Two year,Yes,Bank transfer (automatic),18.15,278.54,No
C-030f7d53,Female,0,Yes,No,39,Yes,Yes,DSL,Yes,No,No,Yes,No,No,Month-to-month,No,Bank transfer (automatic),33.29,1321.12,No
C-c7d77b03,Female,0,No,No,18,Yes,No,No,No internet service,No internet service,No internet service,No internet service,No internet service,No internet service,Month-to-month,Yes,Bank transfer (automatic),23.55,443.28,Yes
C-a503a2b5,Male,0,No,No,36,No,No phone service,DSL,No internet service,Yes,No,No,No internet service,Yes,Month-to-month,No,Electronic check,36.58,1309.79,Yes
C-d9ecb037,Female,0,Yes,Yes,55,Yes,Yes,DSL,No,No,Yes,No,Yes,Yes,One year,No,Electronic check,44.07,2427.56,No
C-bbaab3d2,Male,0,No,Yes,21,Yes,No phone service,No,No internet service,No internet service,No internet service,No internet service,No internet service,No internet service,Two year,No,Electronic check,18.07,364.24,No
C-d4481d97,Female,0,Yes,No,27,Yes,Yes,Fiber optic,No,Yes,Yes,No,No,No,Month-to-month,No,Mailed check,46.76,1282.12,Yes
C-0201e607,Female,0,No,Yes,62,Yes,No phone service,DSL,No,No,No,No internet service,Yes,Yes,One year,No,Bank transfer (automatic),38.96,2408.27,No
C-7e192883,Male,0,No,No,68,Yes,No,Fiber optic,No,No,No,No,Yes,Yes,Month-to-month,No,Electronic check,48.45,3316.32,No
C-67e30879,Male,0,No,Yes,59,Yes,No,Fiber optic,No,No,No,Yes,Yes,No,Month-to-month,Yes,Bank transfer (automatic),52.38,3101.34,No
C-628e6a07,Male,1,Yes,No,70,Yes,No,No,No internet service,No internet service,No internet service,No internet service,No internet service,No internet service,Two year,Yes,Electronic check,20.61,1424.7,No
C-694eb647,Male,0,Yes,No,43,No,No phone service,Fiber optic,No,No,No,Yes,No,No internet service,One year,Yes,Bank transfer (automatic),40.96,1757.77,No
C-31b9c4a5,Female,0,Yes,Yes,57,Yes,Yes,Fiber optic,No,No,No,No,Yes,No,One year,Yes,Mailed check,47.6,2686.81,Yes
C-862dea71,Male,0,Yes,No,25,Yes,No,Fiber optic,No,No,Yes,No,No,No,Month-to-month,Yes,Credit card (automatic),51.31,1280.81,Yes
C-62a8994d,Female,0,No,No,34,Yes,No,DSL,Yes,No,Yes,Yes,No,No,Month-to-month,No,Mailed check,39.9,1372.53,No
C-180fccfb,Male,0,Yes,No,46,Yes,Yes,No,No internet service,No internet service,No internet service,No internet service,No internet service,No internet service,Month-to-month,No,Electronic check,18.0,799.79,Yes
C-e9adc00c,Female,0,No,No,68,Yes,Yes,Fiber optic,No,No,No,No,Yes,No,One year,Yes,Electronic check,42.72,2918.29,No
C-1e03ce54,Male,0,No,No,41,Yes,No phone service,Fiber optic,No,Yes,No internet service,No,Yes,No,Month-to-month,No,Electronic check,49.96,2045.44,No
C-633ee135,Female,0,Yes,No,40,No,No phone service,No,No internet service,No internet service,No internet service,No internet service,No internet service,No internet service,Two year,Yes,Mailed check,23.9,974.39,No
C-7b0c6b65,Male,1,Yes,Yes,15,Yes,Yes,No,No internet service,No internet service,No internet service,No internet service,No internet service,No internet service,Month-to-month,No,Electronic check,18.84,280.62,Yes
C-ac5529a8,Female,0,Yes,No,56,Yes,Yes,DSL,Yes,No,No,Yes,Yes,No,Month-to-month,Yes,Electronic check,46.28,2613.9,No
C-4924387d,Male,0,Yes,No,62,Yes,Yes,DSL,Yes,No,Yes,No,No,No,One year,Yes,Electronic check,36.62,2229.99,No
C-5b72b568,Male,0,Yes,No,40,Yes,No phone service,No,No internet service,No internet service,No internet service,No internet service,No internet service,No internet service,Two year,Yes,Bank transfer (automatic),19.73,790.72,No
C-06650185,Male,0,Yes,No,23,Yes,No phone service,Fiber optic,Yes,Yes,No,No,No internet service,No internet service,Month-to-month,No,Mailed check,53.39,1222.63,Yes
C-c545d5f8,Male,0,Yes,No,67,Yes,Yes,DSL,No internet service,Yes,No,No,No internet service,No,One year,Yes,Electronic check,27.95,1856.69,No
C-9c3cd70c,Male,0,Yes,No,64,Yes,Yes,Fiber optic,Yes,No internet service,No,No,No,No,Month-to-month,Yes,Mailed check,39.09,2498.87,Yes
C-be9bef0e,Male,1,No,No,63,Yes,No phone service,DSL,Yes,No,Yes,No,No,Yes,Month-to-month,No,Electronic check,39.84,2485.33,No
C-3869f637,Male,0,No,No,22,Yes,Yes,Fiber optic,No,No,Yes,No,Yes,Yes,Month-to-month,No,Electronic check,58.56,1256.08,Yes
C-51799fba,Female,0,No,No,71,Yes,No phone service,Fiber optic,No,No,No,Yes,Yes,No,Month-to-month,Yes,Electronic check,46.39,3303.09,Yes
C-20a251c8,Male,0,Yes,No,6,Yes,No,Fiber optic,No internet service,No,No,No internet service,Yes,Yes,Month-to-month,Yes,Electronic check,52.27,309.54,Yes
C-d3c18367,Male,0,No,No,25,Yes,No phone service,No,No internet service,No internet service,No internet service,No internet service,No internet service,No internet service,One year,Yes,Electronic check,18.26,448.77,No
C-f6219d29,Female,0,No,No,45,Yes,Yes,No,No internet service,No internet service,No internet service,No internet service,No internet service,No internet service,One year,No,Credit card (automatic),18.0,822.17,No
C-c3f032ac,Male,0,Yes,Yes,19,Yes,No,DSL,No internet service,No,Yes,Yes,Yes,No,Two year,Yes,Electronic check,44.98,844.51,No
C-efe76d81,Male,0,No,Yes,20,Yes,No,No,No internet service,No internet service,No internet service,No internet service,No internet service,No internet service,Two year,No,Mailed check,18.0,336.98,No
C-301430e2,Female,0,No,Yes,37,Yes,No phone service,No,No internet service,No internet service,No internet service,No internet service,No internet service,No internet service,Month-to-month,No,Mailed check,18.0,661.91,No
C-2331d090,Female,0,Yes,No,58,Yes,No phone service,DSL,No,No internet service,Yes,No,No,No,Two year,Yes,Electronic check,29.55,1711.17,No
C-49f0d3f2,Male,1,No,No,26,Yes,No,No,No internet service,No internet service,No internet service,No internet service,No internet service,No internet service,Month-to-month,No,Bank transfer (automatic),23.98,644.73,No
C-c860abae,Female,1,No,No,49,No,No phone service,DSL,No,No,No,No internet service,Yes,No,Month-to-month,Yes,Mailed check,36.6,1832.87,No
C-137efdfa,Female,0,No,No,39,Yes,No,Fiber optic,No,No,No,No,No,No,One year,No,Electronic check,39.83,1549.53,No
C-2e4e2b1a,Male,0,Yes,No,33,Yes,Yes,Fiber optic,No internet service,No internet service,Yes,Yes,No,No,Month-to-month,Yes,Credit card (automatic),54.35,1802.23,Yes
C-9b11a684,Female,0,No,Yes,43,Yes,No,Fiber optic,No,No,Yes,No,Yes,Yes,Month-to-month,No,Electronic check,59.85,2572.39,Yes
C-15a1f3a0,Male,0,No,Yes,57,No,No phone service,DSL,No,Yes,Yes,No,No,Yes,One year,No,Electronic check,38.37,2226.84,No
C-441c763b,Female,0,No,No,14,Yes,Yes,DSL,No,No,No,No,Yes,No,Month-to-month,No,Bank transfer (automatic),28.94,392.64,No
C-828bf539,Female,1,Yes,No,49,Yes,No,No,No internet service,No internet service,No internet service,No internet service,No internet service,No internet service,Two year,No,Electronic check,18.71,941.81,No
C-3855ec2a,Female,1,Yes,No,67,Yes,Yes,Fiber optic,No,Yes,No,No,Yes,Yes,Two year,Yes,Bank transfer (automatic),57.38,3838.43,No
C-382e8738,Male,0,Yes,No,60,No,No phone service,Fiber optic,No,Yes,Yes,No internet service,No,No,Two year,Yes,Electronic check,48.43,2893.99,No
C-c2f8d209,Male,0,No,No,59,Yes,No,DSL,Yes,Yes,Yes,Yes,No internet service,No,Month-to-month,Yes,Electronic check,49.95,2980.97,No
C-04fc278a,Male,0,No,Yes,21,Yes,No,DSL,Yes,No,Yes,No,Yes,No internet service,One year,Yes,Credit card (automatic),41.68,881.68,No
C-5119192c,Female,1,Yes,No,0,Yes,No,DSL,Yes,Yes,No,No,No,No,Month-to-month,Yes,Bank transfer (automatic),33.89,0.0,Yes
C-e7940f8a,Female,0,Yes,Yes,18,Yes,Yes,Fiber optic,No,No,No,No,Yes,No,Month-to-month,No,Electronic check,49.4,917.11,Yes
C-3f9cd5ec,Female,0,Yes,No,16,Yes,No phone service,Fiber optic,No,No,Yes,No,Yes,No,Month-to-month,Yes,Mailed check,49.66,787.55,No
C-5a967866,Female,0,Yes,Yes,7,No,No phone service,Fiber optic,No,Yes,Yes,Yes,Yes,No,Two year,Yes,Electronic check,58.8,403.16,No
C-b01f7653,Female,0,No,No,27,Yes,Yes,Fiber optic,No,Yes,No,Yes,No,No,Month-to-month,Yes,Mailed check,54.51,1484.05,No
C-4c6380ea,Male,1,Yes,Yes,68,Yes,Yes,Fiber optic,No,No,Yes,No,No,Yes,Two year,No,Credit card (automatic),53.2,3636.13,No
C-c92ff224,Female,0,No,Yes,11,Yes,Yes,DSL,No,No internet service,No,No,No,Yes,Month-to-month,No,Bank transfer (automatic),29.62,335.31,No
C-a34a00d3,Male,0,Yes,Yes,4,Yes,No,Fiber optic,No internet service,Yes,No,No,No internet service,Yes,Two year,No,Bank transfer (automatic),53.24,195.59,Yes
C-d26ce383,Female,0,No,No,48,Yes,No,No,No internet service,No internet service,No internet service,No internet service,No internet service,No internet service,Month-to-month,Yes,Credit card (automatic),18.0,914.0,No
C-993c966a,Female,0,Yes,No,62,Yes,Yes,DSL,No,No,No,No internet service,No,No internet service,Month-to-month,Yes,Electronic check,25.32,1574.38,Yes
C-4e9ac938,Male,0,No,No,10,Yes,No,Fiber optic,No,No,Yes,No,No,No,Month-to-month,No,Mailed check,45.72,440.18,Yes
C-d21a3212,Female,0,No,No,65,No,No phone service,No,No internet service,No internet service,No internet service,No internet service,No internet service,No internet service,Two year,Yes,Mailed check,26.08,1666.32,No
C-0c5807f5,Male,0,Yes,No,34,Yes,No,Fiber optic,Yes,Yes,No,No,Yes,Yes,Month-to-month,No,Mailed check,70.18,2387.97,No
C-6330afdb,Male,0,Yes,No,59,Yes,No,Fiber optic,No,No,No,No internet service,Yes,No,Month-to-month,Yes,Electronic check,45.64,2679.68,No
C-8478cd3c,Male,0,No,No,66,Yes,No,Fiber optic,No,No,No internet service,Yes,No,No internet service,Two year,Yes,Credit card (automatic),45.06,2968.71,Yes
C-285eb741,Female,1,No,Yes,25,Yes,Yes,DSL,No,No,No,No,Yes,Yes,One year,Yes,Mailed check,39.65,1009.21,Yes
C-89e4279c,Female,0,No,Yes,49,Yes,Yes,No,No internet service,No internet service,No internet service,No internet service,No internet service,No internet service,Month-to-month,No,Bank transfer (automatic),18.0,905.7,No
C-5c5ee70e,Female,0,No,No,20,No,No phone service,No,No internet service,No internet service,No internet service,No internet service,No internet service,No internet service,Month-to-month,Yes,Mailed check,21.6,481.54,Yes
C-06d3c062,Female,1,No,No,40,Yes,Yes,Fiber optic,No,No,No,No,No,Yes,Month-to-month,Yes,Mailed check,49.3,1971.74,Yes
C-05082557,Female,0,No,No,21,Yes,No,DSL,No,No,No,No internet service,No,Yes,Two year,No,Credit card (automatic),28.52,628.16,No
C-6e5e6aeb,Female,0,No,No,13,Yes,Yes,DSL,No internet service,No,Yes,No,No internet service,No,Two year,No,Electronic check,33.77,439.29,No
C-4e056d7d,Male,0,No,No,25,No,No phone service,Fiber optic,Yes,No,No,Yes,No,Yes,Month-to-month,No,Bank transfer (automatic),63.02,1605.85,Yes
C-0e573a9e,Female,0,Yes,No,3,Yes,No,DSL,Yes,Yes,No,No,Yes,No,One year,No,Mailed check,44.09,144.12,Yes
C-a8004a3c,Male,0,Yes,No,28,Yes,No phone service,DSL,No,Yes,No internet service,No,No,Yes,Month-to-month,No,Bank transfer (automatic),39.08,1108.56,Yes
C-8cf949eb,Female,0,No,Yes,61,Yes,No,DSL,Yes,Yes,No,No,Yes,No,Month-to-month,Yes,Mailed check,38.43,2363.4,No
C-8cc832f4,Female,0,Yes,Yes,28,Yes,Yes,DSL,No,Yes,Yes,No,No,Yes,Month-to-month,No,Bank transfer (automatic),43.53,1189.92,Yes
C-c71b5db7,Female,0,Yes,Yes,18,Yes,Yes,No,No internet service,No internet service,No internet service,No internet service,No internet service,No internet service,Month-to-month,Yes,Mailed check,21.13,412.22,No
C-7ee31bd3,Female,0,No,No,13,Yes,No,Fiber optic,Yes,No,No,No,Yes,No internet service,Two year,Yes,Mailed check,54.15,696.95,No
C-dd906a09,Female,0,No,No,21,No,No phone service,DSL,Yes,Yes,No,No,Yes,No internet service,Two year,Yes,Electronic check,43.72,919.2,No
C-614570bb,Female,0,Yes,No,11,Yes,Yes,No,No internet service,No internet service,No internet service,No internet service,No internet service,No internet service,Two year,Yes,Electronic check,21.77,262.31,No
C-e1109eae,Female,1,Yes,Yes,17,Yes,No,Fiber optic,No,No,Yes,Yes,No internet service,No,Month-to-month,No,Electronic check,46.36,820.44,Yes
C-ab30d139,Female,0,No,No,48,Yes,No,DSL,Yes,Yes,Yes,No,Yes,Yes,Month-to-month,Yes,Electronic check,53.77,2615.74,Yes
C-860fcb98,Male,0,Yes,No,5,Yes,Yes,DSL,No,No,No,No,No internet service,No,Two year,Yes,Bank transfer (automatic),21.89,151.87,Yes
C-5dc00aaa,Female,0,Yes,Yes,40,Yes,No phone service,DSL,Yes,Yes,No internet service,No,Yes,No,Month-to-month,No,Mailed check,39.26,1534.44,No
C-0f71eb01,Female,1,No,No,37,Yes,No,Fiber optic,Yes,No,No,No,No,Yes,One year,Yes,Bank transfer (automatic),50.19,1837.18,No
C-cf6cd83c,Male,0,Yes,No,44,Yes,No phone service,Fiber optic,No,Yes,No,Yes,Yes,No,Month-to-month,Yes,Bank transfer (automatic),59.24,2621.1,Yes
C-9e49aca4,Female,1,Yes,Yes,14,Yes,Yes,No,No internet service,No internet service,No internet service,No internet service,No internet service,No internet service,Two year,No,Mailed check,20.8,311.79,No
C-5ac1d93a,Female,0,No,No,21,Yes,No,Fiber optic,Yes,No internet service,Yes,No,No,No,Two year,No,Electronic check,46.47,978.23,No
C-dcf949b5,Female,1,No,No,2,Yes,Yes,DSL,No,No,No,No,Yes,No,Month-to-month,Yes,Credit card (automatic),28.73,55.71,No
C-919c6e14,Female,0,No,No,48,Yes,No,DSL,No,Yes,No,No,No,Yes,One year,No,Electronic check,37.46,1778.12,No
C-b61f6e30,Female,0,Yes,No,70,Yes,No,DSL,No,Yes,Yes,No,Yes,No,Month-to-month,Yes,Bank transfer (automatic),44.11,3117.8,No
C-419378df,Female,1,Yes,No,55,Yes,Yes,Fiber optic,Yes,Yes,No internet service,Yes,No,Yes,Month-to-month,Yes,Electronic check,61.32,3381.77,Yes
C-1492d948,Female,0,No,No,68,Yes,No,Fiber optic,Yes,No,No,Yes,No,Yes,Two year,No,Electronic check,57.3,3889.49,No
C-cce8d42a,Female,0,No,Yes,36,Yes,No phone service,DSL,No internet service,No,No,No,No,Yes,Month-to-month,No,Electronic check,28.85,1024.64,No
C-6f85b60c,Female,0,No,Yes,17,Yes,No phone service,No,No internet service,No internet service,No internet service,No internet service,No internet service,No internet service,Month-to-month,Yes,Bank transfer (automatic),22.45,367.45,Yes
C-2fb1314b,Male,0,Yes,No,36,Yes,No,Fiber optic,No,Yes,Yes,No,Yes,No,Month-to-month,No,Electronic check,50.47,1811.91,Yes
C-42efe895,Female,0,Yes,No,34,Yes,No phone service,No,No internet service,No internet service,No internet service,No internet service,No internet service,No internet service,Two year,Yes,Bank transfer (automatic),26.18,890.55,No
C-fa812b61,Female,0,No,Yes,35,Yes,Yes,DSL,No internet service,Yes,Yes,Yes,No,Yes,Two year,Yes,Electronic check,44.43,1538.26,No
C-21ab883d,Male,0,Yes,No,5,No,No phone service,Fiber optic,No,No,No,No internet service,No,No,Month-to-month,No,Credit card (automatic),42.73,229.99,Yes
C-e6755984,Male,0,Yes,No,4,Yes,No,Fiber optic,No,Yes,Yes,No,No,Yes,Month-to-month,No,Bank transfer (automatic),54.41,211.75,Yes
C-32e38f11,Female,0,No,No,21,Yes,No,Fiber optic,No,Yes,Yes,No,No,No internet service,One year,Yes,Credit card (automatic),47.94,1026.86,No
C-f8e26497,Male,0,Yes,No,26,Yes,No,Fiber optic,No internet service,No,No,Yes,Yes,Yes,One year,No,Electronic check,53.36,1431.72,Yes
C-afb7d330,Female,1,Yes,No,59,Yes,No,DSL,No,No,No,No,No,Yes,Month-to-month,No,Bank transfer (automatic),32.24,1876.95,No
C-fe4c9ec2,Male,0,Yes,No,25,Yes,No,Fiber optic,No,No,Yes,No internet service,Yes,No,Month-to-month,Yes,Electronic check,45.2,1141.19,Yes
C-384fcc4a,Male,0,Yes,No,21,Yes,No,Fiber optic,No,No,No,No,No,Yes,Month-to-month,Yes,Credit card (automatic),52.91,1137.76,Yes
C-6b6369cb,Female,0,Yes,No,23,Yes,Yes,DSL,No,No,Yes,Yes,Yes,Yes,Month-to-month,Yes,Mailed check,50.42,1157.23,No
C-b632d145,Female,0,Yes,No,66,Yes,Yes,Fiber optic,No,No,No,No,No,No,One year,No,Electronic check,41.34,2706.45,Yes
C-beabcf52,Male,0,Yes,No,39,Yes,Yes,DSL,No,Yes,Yes,Yes,No,Yes,Two year,No,Bank transfer (automatic),45.21,1782.86,No
C-2a77ca11,Female,0,No,No,47,Yes,Yes,Fiber optic,Yes,No,No,No,No internet service,No,Month-to-month,No,Mailed check,46.99,2182.08,No
C-4de8e5cd,Female,0,No,Yes,40,Yes,Yes,Fiber optic,No,Yes,No,No,No,Yes,Month-to-month,No,Credit card (automatic),52.69,2108.15,No
C-d29c6637,Male,0,No,Yes,15,Yes,Yes,No,No internet service,No internet service,No internet service,No internet service,No internet service,No internet service,Two year,Yes,Bank transfer (automatic),18.0,294.83,No
C-ca4691e2,Male,0,No,No,71,Yes,Yes,Fiber optic,No internet service,No internet service,No,No,No,Yes,Month-to-month,Yes,Bank transfer (automatic),53.28,3819.63,No
C-60afebcb,Male,0,Yes,Yes,7,Yes,Yes,Fiber optic,No internet service,No,No,Yes,No,No,Month-to-month,No,Mailed check,44.6,315.15,No
C-8c9db7b7,Male,1,Yes,Yes,13,Yes,Yes,Fiber optic,Yes,No,No,No,No internet service,Yes,Month-to-month,Yes,Bank transfer (automatic),52.04,661.69,Yes
C-dffe8c2a,Female,0,Yes,No,34,No,No phone service,Fiber optic,No,No,No internet service,No,No,Yes,Two year,Yes,Electronic check,46.5,1596.0,Yes
C-e2366e45,Female,0,Yes,Yes,65,Yes,No,Fiber optic,No,Yes,No,Yes,Yes,No,Two year,Yes,Electronic check,56.48,3670.93,No
C-2875bfbc,Female,0,Yes,No,10,Yes,No,No,No internet service,No internet service,No internet service,No internet service,No internet service,No internet service,Month-to-month,Yes,Electronic check,19.93,190.42,No
C-30f59804,Female,0,Yes,Yes,5,Yes,No,No,No internet service,No internet service,No internet service,No internet service,No internet service,No internet service,Month-to-month,Yes,Electronic check,18.0,104.84,Yes
C-29eab657,Female,0,No,Yes,57,Yes,Yes,Fiber optic,Yes,Yes,Yes,No,No,Yes,One year,No,Mailed check,61.28,3498.1,No
C-21fdcf73,Female,0,No,No,69,Yes,Yes,Fiber optic,Yes,No,No,No,No,No,Month-to-month,No,Credit card (automatic),49.02,3402.97,Yes
C-ca6fb7a6,Female,1,Yes,No,10,Yes,Yes,Fiber optic,No,Yes,Yes,No,No,Yes,Month-to-month,Yes,Electronic check,53.91,555.81,Yes
C-ed9a0aa5,Female,0,Yes,No,29,Yes,Yes,Fiber optic,Yes,No internet service,Yes,Yes,Yes,No,Month-to-month,No,Bank transfer (automatic),61.09,1803.6,Yes
C-ad1e35ac,Female,1,Yes,No,8,Yes,No,DSL,Yes,No,No,No,No,Yes,Two year,Yes,Credit card (automatic),35.31,281.17,No
C-8cf944e1,Male,0,No,No,30,Yes,Yes,DSL,No,No,No,No,Yes,No,Two year,No,Electronic check,30.61,921.04,No
C-7104e72b,Male,0,No,Yes,18,Yes,No,No,No internet service,No internet service,No internet service,No internet service,No internet service,No internet service,One year,Yes,Electronic check,21.13,383.07,No
C-68558b09,Male,0,Yes,No,53,Yes,No,DSL,No,No internet service,No internet service,Yes,No,No internet service,Month-to-month,Yes,Electronic check,31.56,1675.76,No
C-36553bdf,Female,0,Yes,No,9,Yes,No phone service,No,No internet service,No internet service,No internet service,No internet service,No internet service,No internet service,Two year,No,Mailed check,27.73,250.54,No
C-0b5d2820,Male,1,No,No,25,Yes,No,DSL,No,No,No internet service,No,Yes,Yes,Month-to-month,Yes,Electronic check,36.42,873.6,Yes
C-8a111fec,Male,0,No,Yes,20,No,No phone service,DSL,No internet service,No,Yes,Yes,No,Yes,One year,Yes,Credit card (automatic),38.4,791.74,No
C-8ad626ea,Female,1,No,Yes,6,Yes,Yes,DSL,No,No,Yes,No,Yes,No,Two year,Yes,Electronic check,34.53,178.67,No
C-4dc35dff,Female,0,No,No,9,Yes,No,DSL,Yes,No,No,No,No internet service,Yes,Month-to-month,Yes,Electronic check,37.08,318.4,Yes
C-0210d7ff,Male,0,Yes,No,43,Yes,No,No,No internet service,No internet service,No internet service,No internet service,No internet service,No internet service,Month-to-month,Yes,Electronic check,18.89,799.75,No
C-0634dc6a,Female,0,No,No,34,Yes,No phone service,Fiber optic,Yes,Yes,No,Yes,Yes,No,Month-to-month,Yes,Electronic check,58.44,1968.41,Yes
C-05c1e8b7,Male,0,No,No,65,No,No phone service,No,No internet service,No internet service,No internet service,No internet service,No internet service,No internet service,Month-to-month,Yes,Electronic check,18.0,1187.26,No
C-ae107c41,Male,0,No,No,35,Yes,No,Fiber optic,No,No,No,No,No,No,Two year,Yes,Electronic check,42.8,1515.0,No
C-5b2da14e,Male,0,Yes,No,56,Yes,No phone service,DSL,No internet service,No,No,No,Yes,No internet service,Month-to-month,Yes,Mailed check,28.94,1647.59,No
C-09a35798,Female,1,Yes,No,48,Yes,Yes,Fiber optic,No,Yes,No,No,No,No,Two year,No,Electronic check,46.48,2199.24,No
C-af8bb7c3,Male,0,Yes,Yes,33,Yes,Yes,Fiber optic,No,No internet service,No,No,Yes,Yes,Two year,No,Electronic check,50.33,1640.64,No
C-9a6ff8bc,Female,0,Yes,Yes,62,Yes,No,No,No internet service,No internet service,No internet service,No internet service,No internet service,No internet service,Month-to-month,No,Electronic check,21.27,1323.29,Yes
C-cd384c04,Female,0,No,Yes,30,Yes,No phone service,Fiber optic,Yes,No internet service,No,No,Yes,Yes,One year,Yes,Mailed check,59.76,1840.84,No
C-dfd7d17c,Female,0,Yes,No,20,Yes,Yes,Fiber optic,No,Yes,No,No,Yes,No,Month-to-month,No,Credit card (automatic),50.29,1006.81,Yes
C-35a68303,Male,0,No,No,55,Yes,Yes,DSL,No,No,No,No,No,Yes,Month-to-month,No,Mailed check,31.98,1789.62,Yes
C-5c4c4d20,Male,0,No,No,37,Yes,No phone service,DSL,No,No,No,No,No internet service,Yes,Month-to-month,Yes,Electronic check,32.24,1178.01,No
C-0c14ca0b,Male,1,No,No,48,Yes,No,Fiber optic,No,No,No,Yes,No,Yes,One year,Yes,Electronic check,47.29,2244.04,No
C-fb4fe26b,Female,0,Yes,No,6,Yes,Yes,DSL,No,Yes,Yes,No,No,No,Month-to-month,Yes,Electronic check,36.08,211.87,Yes
C-c8f76099,Female,0,No,No,40,Yes,Yes,DSL,No,Yes,No internet service,Yes,No,No,Two year,Yes,Electronic check,29.74,1158.26,No
C-d149101d,Male,0,Yes,Yes,67,Yes,No,Fiber optic,No,Yes,No,Yes,No,No,Two year,Yes,Bank transfer (automatic),47.28,3212.11,No
C-9978827d,Female,0,Yes,No,38,Yes,No phone service,DSL,Yes,No,Yes,No,No,No,Month-to-month,Yes,Electronic check,37.67,1466.35,No
C-3fcfee5f,Male,0,No,Yes,58,No,No phone service,Fiber optic,No,No internet service,No,No,No,No,One year,Yes,Credit card (automatic),47.54,2747.23,No
C-4b4ee515,Female,0,No,No,0,Yes,Yes,Fiber optic,Yes,No,No,Yes,Yes,No,Month-to-month,Yes,Electronic check,58.74,0.0,Yes
C-2458ea37,Female,0,Yes,No,56,Yes,Yes,DSL,Yes,No internet service,No,No,No internet service,No internet service,One year,Yes,Electronic check,32.03,1799.36,No
C-cbd85288,Male,0,No,No,27,Yes,Yes,Fiber optic,Yes,Yes,Yes,No,Yes,No,Month-to-month,Yes,Electronic check,58.68,1611.15,Yes
C-aad14817,Male,1,No,Yes,50,Yes,Yes,Fiber optic,No,Yes,No internet service,No,No,Yes,Two year,No,Credit card (automatic),52.52,2610.78,No
C-ec955dd3,Male,0,No,No,52,Yes,Yes,DSL,No,No,No,No,Yes,No internet service,Month-to-month,Yes,Mailed check,35.25,1838.32,No
C-e51bb967,Male,0,Yes,No,49,No,No phone service,Fiber optic,No internet service,Yes,No internet service,No,No,No,Two year,No,Electronic check,47.33,2362.45,No
C-ce49ef2d,Male,0,No,Yes,16,Yes,No,DSL,Yes,Yes,No,No internet service,Yes,Yes,Month-to-month,Yes,Credit card (automatic),44.68,702.64,No
C-e24cee20,Female,0,No,No,0,Yes,No,No,No internet service,No internet service,No internet service,No internet service,No internet service,No internet service,Two year,No,Bank transfer (automatic),21.23,0.0,No
C-da6c9d6d,Female,0,No,No,34,Yes,Yes,DSL,No,No,No,Yes,No,Yes,One year,Yes,Electronic check,37.26,1265.92,No
C-c95ef506,Male,0,Yes,Yes,43,Yes,Yes,DSL,Yes,Yes,No,No internet service,Yes,No internet service,Two year,Yes,Mailed check,42.87,1866.29,No
C-6461ffc9,Female,1,Yes,Yes,20,Yes,No,No,No internet service,No internet service,No internet service,No internet service,No internet service,No internet service,Two year,No,Electronic check,21.95,509.32,No
C-8251e8f5,Female,0,Yes,No,5,No,No phone service,DSL,No,No,Yes,No,Yes,No,Month-to-month,No,Electronic check,37.85,186.47,No
C-96d73372,Female,0,No,No,38,Yes,Yes,Fiber optic,Yes,No,Yes,No,No,No,Two year,No,Credit card (automatic),47.34,1788.6,Yes
C-f1ef5f8c,Female,0,Yes,No,27,Yes,No,DSL,No,Yes,No internet service,No,No,No,One year,No,Mailed check,31.71,858.59,No
C-09ccb578,Female,0,No,Yes,47,Yes,No,Fiber optic,No,Yes,No,No internet service,No,No,Two year,Yes,Electronic check,45.68,2153.3,No
C-e50a795f,Female,0,No,No,65,Yes,No phone service,Fiber optic,No,Yes,Yes,No,No,No,Month-to-month,Yes,Electronic check,49.56,3209.64,Yes
C-aa69554e,Female,0,No,Yes,50,Yes,No,DSL,No,No,No,No,Yes,Yes,Month-to-month,Yes,Mailed check,38.51,1936.35,No
C-1796f817,Male,0,No,Yes,7,Yes,No,No,No internet service,No internet service,No internet service,No internet service,No internet service,No internet service,Month-to-month,Yes,Bank transfer (automatic),18.33,137.77,No
C-41af2d2a,Female,0,Yes,Yes,70,Yes,No phone service,No,No internet service,No internet service,No internet service,No internet service,No internet service,No internet service,Month-to-month,No,Electronic check,22.02,1540.29,No
C-6d36137a,Female,0,No,Yes,18,Yes,Yes,DSL,No internet service,No,Yes,No internet service,Yes,Yes,Month-to-month,Yes,Electronic check,39.97,723.42,Yes
C-309be8d7,Female,0,Yes,Yes,27,Yes,No,No,No internet service,No internet service,No internet service,No internet service,No internet service,No internet service,One year,Yes,Electronic check,18.0,479.05,No
C-df3c2f5b,Male,0,Yes,No,28,Yes,Yes,DSL,No,Yes,No,No,No,No,Month-to-month,Yes,Electronic check,27.08,756.93,Yes
C-c4199e06,Female,0,No,No,19,Yes,Yes,No,No internet service,No internet service,No internet service,No internet service,No internet service,No internet service,Two year,No,Mailed check,25.49,492.39,No
C-02b57e90,Female,0,No,Yes,70,Yes,No,No,No internet service,No internet service,No internet service,No internet service,No internet service,No internet service,Two year,Yes,Credit card (automatic),19.55,1338.03,No
C-9f623448,Male,0,No,Yes,9,Yes,No,Fiber optic,No,Yes,No internet service,No,No,Yes,Two year,Yes,Bank transfer (automatic),52.96,487.9,No
C-65c313eb,Female,0,No,No,35,Yes,No phone service,DSL,No internet service,Yes,No,No,No,Yes,Month-to-month,Yes,Mailed check,34.93,1210.53,Yes
C-c1c5109c,Female,0,Yes,Yes,67,Yes,Yes,DSL,No,Yes,No internet service,No,No,No,Month-to-month,No,Mailed check,33.71,2249.44,No
C-d57fcdf5,Female,1,No,No,70,Yes,No phone service,Fiber optic,No,Yes,No,No,No,No,Month-to-month,No,Bank transfer (automatic),46.43,3224.44,Yes
C-c3c24b34,Male,0,Yes,No,55,Yes,No phone service,Fiber optic,No,Yes,Yes,No,No,Yes,Month-to-month,Yes,Credit card (automatic),52.3,2875.48,No
C-f6e6151d,Male,1,Yes,No,58,No,No phone service,No,No internet service,No internet service,No internet service,No internet service,No internet service,No internet service,Month-to-month,Yes,Mailed check,18.0,1054.11,Yes
C-7692e342,Female,0,Yes,No,41,No,No phone service,Fiber optic,No,Yes,No,No internet service,No,Yes,One year,Yes,Credit card (automatic),56.07,2256.64,No
C-3288579b,Male,0,No,No,66,Yes,No phone service,DSL,No,Yes,No,No,No,No,Month-to-month,No,Bank transfer (automatic),26.59,1786.17,No
C-2549ccd5,Male,0,No,No,25,Yes,Yes,Fiber optic,No,No,No internet service,No internet service,No,No,Month-to-month,No,Bank transfer (automatic),39.2,998.7,Yes
C-d5f53ace,Male,0,Yes,No,66,Yes,Yes,DSL,No internet service,No,Yes,No,No internet service,No internet service,Two year,No,Bank transfer (automatic),26.24,1754.06,No
C-047ed8bf,Male,0,Yes,Yes,28,Yes,No,DSL,No,No,No,No,No,Yes,Month-to-month,Yes,Electronic check,31.42,855.19,Yes
C-51927986,Male,0,Yes,Yes,44,Yes,No,Fiber optic,Yes,Yes,Yes,Yes,No,Yes,Month-to-month,No,Electronic check,66.34,2926.3,Yes
C-31de3739,Female,0,No,Yes,8,Yes,No,No,No internet service,No internet service,No internet service,No internet service,No internet service,No internet service,Month-to-month,No,Bank transfer (automatic),21.31,133.9,No
C-d69322de,Female,1,No,No,54,Yes,No,Fiber optic,No,Yes,No,No,Yes,Yes,Month-to-month,Yes,Bank transfer (automatic),54.09,2924.61,Yes
C-ae202402,Male,0,Yes,No,31,Yes,Yes,No,No internet service,No internet service,No internet service,No internet service,No internet service,No internet service,Month-to-month,Yes,Electronic check,25.14,779.97,No
C-ea70d3fb,Female,0,Yes,No,47,Yes,Yes,DSL,No,No,Yes,No,Yes,Yes,Two year,No,Bank transfer (automatic),40.25,1895.26,No
C-3cd28f30,Female,0,Yes,No,49,Yes,No phone service,DSL,No,No,Yes,No,Yes,No,Month-to-month,No,Electronic check,35.67,1710.32,No
C-a7185679,Male,0,Yes,No,55,No,No phone service,Fiber optic,No,No,No,Yes,No,No,Month-to-month,Yes,Bank transfer (automatic),44.63,2473.32,No
C-8d9f6bf8,Male,0,No,No,45,Yes,Yes,Fiber optic,Yes,Yes,No,No,No,Yes,Two year,Yes,Bank transfer (automatic),55.63,2487.61,No
C-5f8816f1,Female,0,No,Yes,20,Yes,No,Fiber optic,No,No internet service,No internet service,No,No,No,One year,No,Mailed check,37.73,699.11,No
C-4b8e2985,Male,0,Yes,No,37,Yes,Yes,DSL,Yes,No,Yes,No,Yes,No,One year,Yes,Credit card (automatic),40.56,1493.36,No
C-5361af2f,Female,0,No,Yes,48,Yes,No,DSL,Yes,No,No,No,No,Yes,Month-to-month,Yes,Bank transfer (automatic),40.43,1958.9,No
C-77fa4702,Female,1,No,No,24,Yes,Yes,Fiber optic,No,No,No,No,No,Yes,Month-to-month,Yes,Bank transfer (automatic),42.78,1044.74,No
C-e26e5810,Female,0,No,No,10,Yes,Yes,Fiber optic,Yes,No,No internet service,No,Yes,No,Month-to-month,No,Credit card (automatic),46.68,454.38,Yes
C-f42f974a,Female,0,No,No,35,Yes,No,Fiber optic,No internet service,No,No,No,No,No,Month-to-month,No,Credit card (automatic),40.17,1434.27,Yes
C-e1b32ef5,Female,0,No,No,13,No,No phone service,Fiber optic,No,Yes,No,Yes,Yes,No,Month-to-month,Yes,Electronic check,53.92,675.26,Yes
C-6e2fe51e,Male,0,Yes,No,3,Yes,No,No,No internet service,No internet service,No internet service,No internet service,No internet service,No internet service,Month-to-month,Yes,Bank transfer (automatic),18.16,76.39,Yes
C-c3ccb239,Female,0,Yes,No,37,Yes,No,Fiber optic,No,Yes,Yes,No,No internet service,No,Two year,Yes,Electronic check,47.08,1742.75,No
C-70dfee2c,Female,0,Yes,No,3,Yes,Yes,DSL,No,Yes,Yes,No internet service,No,No,Two year,Yes,Bank transfer (automatic),34.25,112.06,Yes
C-88759f68,Female,1,Yes,No,39,Yes,No,DSL,No,Yes,Yes,Yes,No,No,Two year,No,Electronic check,45.87,1781.45,No
C-6db0ced7,Female,0,No,No,51,Yes,Yes,Fiber optic,Yes,No,No,No,Yes,Yes,Month-to-month,Yes,Electronic check,60.37,3099.96,No
C-0b621242,Female,0,No,No,17,Yes,No phone service,No,No internet service,No internet service,No internet service,No internet service,No internet service,No internet service,Month-to-month,Yes,Bank transfer (automatic),21.0,345.93,Yes
C-93617ec4,Female,0,No,Yes,12,Yes,No,No,No internet service,No internet service,No internet service,No internet service,No internet service,No internet service,One year,Yes,Credit card (automatic),19.43,249.9,No
C-3170ef75,Male,0,No,No,24,Yes,Yes,Fiber optic,No,No,No internet service,No,Yes,No,Two year,Yes,Bank transfer (automatic),37.79,903.86,No
C-7935e596,Female,0,No,No,50,Yes,No,Fiber optic,No internet service,Yes,No,No,Yes,No,Two year,No,Mailed check,50.85,2521.72,No
C-e9a10f6b,Female,1,Yes,Yes,72,Yes,Yes,Fiber optic,No,No,No,No,No,No,Two year,No,Electronic check,41.31,2965.18,No
C-728144d9,Male,1,Yes,Yes,4,Yes,Yes,DSL,No internet service,No,Yes,No internet service,No,No internet service,One year,No,Credit card (automatic),28.42,131.58,Yes
C-6a2bb306,Female,1,Yes,No,71,Yes,Yes,Fiber optic,No,Yes,No,No,Yes,Yes,Two year,Yes,Credit card (automatic),59.44,4192.29,No
C-1f4095d6,Male,0,Yes,No,64,Yes,No phone service,DSL,No internet service,No,No,Yes,Yes,No,Month-to-month,Yes,Credit card (automatic),35.54,2288.29,Yes
C-4d6174b2,Female,0,Yes,No,44,Yes,Yes,DSL,No,No internet service,No,Yes,No,No internet service,One year,Yes,Electronic check,30.88,1368.91,No
C-db662e55,Female,0,Yes,No,58,Yes,No,No,No internet service,No internet service,No internet service,No internet service,No internet service,No internet service,One year,No,Electronic check,19.01,1098.6,No
C-be91878d,Female,1,Yes,Yes,32,Yes,Yes,DSL,No,No,No,Yes,No,No,Two year,Yes,Electronic check,32.66,1025.59,No
C-c11ed72d,Female,0,Yes,No,28,Yes,No,DSL,No internet service,No,No,No internet service,No,No,One year,Yes,Credit card (automatic),21.97,634.22,No
C-63da64c4,Female,1,Yes,No,39,Yes,Yes,Fiber optic,No internet service,No,No,No,No,No,Month-to-month,Yes,Electronic check,40.16,1594.08,Yes
C-e52db1ae,Female,0,No,No,69,Yes,Yes,DSL,Yes,No,Yes,Yes,No,Yes,Two year,No,Electronic check,50.52,3485.41,No
C-c6093aa1,Female,0,No,No,14,Yes,No phone service,Fiber optic,No,No,No,No,No internet service,Yes,Month-to-month,Yes,Electronic check,42.65,551.12,Yes
C-06cb6844,Male,1,No,Yes,16,Yes,Yes,Fiber optic,Yes,No internet service,No,No,No internet service,No,Two year,Yes,Credit card (automatic),46.12,777.05,No
C-087face6,Male,0,No,No,7,Yes,No,No,No internet service,No internet service,No internet service,No internet service,No internet service,No internet service,Month-to-month,Yes,Credit card (automatic),18.0,114.91,Yes
C-5430bc4d,Male,0,No,Yes,71,Yes,Yes,Fiber optic,No,No internet service,Yes,No,No,Yes,Month-to-month,No,Credit card (automatic),49.51,3505.32,No
C-53634b09,Male,0,Yes,No,45,No,No phone service,DSL,No,No,Yes,No,No,Yes,Month-to-month,No,Credit card (automatic),33.94,1540.0,No
C-be3ffecd,Female,0,No,No,51,Yes,No,DSL,Yes,No,Yes,No,No,Yes,Month-to-month,No,Bank transfer (automatic),33.77,1713.72,No
C-6e8a2a44,Male,0,No,Yes,5,Yes,Yes,Fiber optic,No,No,Yes,No,No,No,Month-to-month,Yes,Electronic check,43.18,202.71,Yes
C-1fb37932,Male,0,Yes,No,41,Yes,Yes,Fiber optic,No,No,Yes,No internet service,No,No,Month-to-month,Yes,Credit card (automatic),45.23,1831.23,Yes
C-7f40d5a3,Male,0,Yes,Yes,67,Yes,No,Fiber optic,No,Yes,Yes,No internet service,No,No internet service,Two year,Yes,Mailed check,52.26,3474.26,No
C-30f689e0,Female,0,No,No,25,Yes,No,Fiber optic,No,No,No,No,Yes,No,Two year,Yes,Bank transfer (automatic),46.68,1146.99,No
C-2955a007,Male,1,No,No,9,Yes,No phone service,DSL,No,Yes,No,Yes,No internet service,No,One year,No,Bank transfer (automatic),35.53,355.02,No
C-1091ef56,Male,1,Yes,No,2,Yes,No,Fiber optic,Yes,No,Yes,No,No,Yes,Month-to-month,Yes,Credit card (automatic),57.66,116.75,Yes
C-dcc30997,Female,0,Yes,No,21,No,No phone service,No,No internet service,No internet service,No internet service,No internet service,No internet service,No internet service,Month-to-month,Yes,Electronic check,20.24,408.13,Yes
C-b6d62c67,Female,0,Yes,No,25,Yes,No,No,No internet service,No internet service,No internet service,No internet service,No internet service,No internet service,Month-to-month,Yes,Mailed check,23.36,588.1,Yes
C-6c8f6dac,Male,0,No,Yes,60,Yes,No,Fiber optic,Yes,Yes,No,No internet service,Yes,No,Month-to-month,Yes,Mailed check,58.93,3549.8,No
C-4001b786,Male,1,Yes,Yes,49,Yes,No,Fiber optic,No,Yes,No,Yes,No,No,Month-to-month,Yes,Electronic check,47.98,2347.04,Yes
C-01cc7a65,Female,0,Yes,Yes,46,Yes,No,Fiber optic,No internet service,No,Yes,No,Yes,No internet service,One year,Yes,Mailed check,49.52,2271.97,No
C-110557c5,Male,0,Yes,No,55,Yes,No,DSL,No,No,No internet service,No,No,No,Two year,No,Mailed check,31.81,1731.21,No
C-ab776d19,Male,0,Yes,No,18,Yes,No,No,No internet service,No internet service,No internet service,No internet service,No internet service,No internet service,One year,Yes,Electronic check,20.82,369.36,No
C-9923e4ca,Female,0,No,No,7,Yes,Yes,Fiber optic,No,Yes,No internet service,No,No internet service,Yes,Month-to-month,Yes,Electronic check,49.61,333.99,No
C-a3af1c37,Male,0,Yes,No,15,Yes,No,No,No internet service,No internet service,No internet service,No internet service,No internet service,No internet service,Two year,No,Credit card (automatic),18.0,271.49,No
C-783f9a55,Male,1,Yes,No,21,Yes,No phone service,Fiber optic,No,No,No,No,Yes,No,Month-to-month,Yes,Mailed check,44.74,921.37,Yes
C-bf231703,Male,0,Yes,Yes,12,Yes,No phone service,DSL,No,Yes,No internet service,Yes,Yes,Yes,Month-to-month,Yes,Mailed check,47.44,550.59,No
C-921643b0,Male,0,Yes,No,0,Yes,No phone service,No,No internet service,No internet service,No internet service,No internet service,No internet service,No internet service,Two year,No,Electronic check,23.42,0.0,No
C-34cf3bff,Female,0,No,No,30,Yes,No,No,No internet service,No internet service,No internet service,No internet service,No internet service,No internet service,Month-to-month,No,Bank transfer (automatic),23.65,678.07,No
C-fbfb3f16,Female,0,No,No,72,Yes,Yes,Fiber optic,No internet service,No,Yes,No,Yes,No,Month-to-month,Yes,Bank transfer (automatic),53.07,3822.34,No
C-3682eef2,Female,0,No,Yes,33,No,No phone service,Fiber optic,No,No,Yes,No,Yes,No,One year,Yes,Electronic check,52.45,1727.2,No
C-bb869f44,Female,0,No,No,14,Yes,No phone service,No,No internet service,No internet service,No internet service,No internet service,No internet service,No internet service,Month-to-month,Yes,Electronic check,20.55,297.86,No
C-02e5e08b,Male,1,Yes,No,43,Yes,Yes,Fiber optic,Yes,No,No,No internet service,Yes,No internet service,Month-to-month,Yes,Bank transfer (automatic),54.67,2359.7,Yes
C-3ead121b,Female,1,No,Yes,6,Yes,No phone service,Fiber optic,No,No,Yes,Yes,Yes,Yes,Two year,Yes,Mailed check,61.53,349.73,Yes
C-c4a9870b,Male,0,No,No,25,Yes,No,No,No internet service,No internet service,No internet service,No internet service,No internet service,No internet service,Month-to-month,Yes,Electronic check,18.0,467.86,Yes
C-9abeada0,Male,0,No,No,54,Yes,Yes,DSL,No,Yes,Yes,No,No,No,Two year,Yes,Electronic check,36.19,1956.01,No
C-69988a2d,Female,0,Yes,No,26,Yes,No,Fiber optic,No,No internet service,Yes,No,No,No,One year,Yes,Mailed check,45.3,1180.49,No
C-c6c73c45,Female,0,No,Yes,9,Yes,No,No,No internet service,No internet service,No internet service,No internet service,No internet service,No internet service,Month-to-month,No,Credit card (automatic),18.27,177.07,No
C-7f2820b6,Male,1,Yes,No,37,No,No phone service,No,No internet service,No internet service,No internet service,No internet service,No internet service,No internet service,Month-to-month,Yes,Credit card (automatic),18.0,655.29,No
C-2a3ad193,Male,0,Yes,No,23,Yes,No,Fiber optic,No,No,No,No,No,No internet service,One year,No,Electronic check,44.13,1012.96,No
C-69564d72,Male,0,Yes,No,25,Yes,No,DSL,Yes,No internet service,Yes,Yes,No,No,One year,No,Bank transfer (automatic),43.03,1054.54,No
C-05f3a914,Male,0,No,No,62,Yes,No,DSL,No,No,No,No,Yes,No,Two year,Yes,Bank transfer (automatic),25.93,1611.42,No
C-61a7d07e,Female,1,No,No,34,Yes,Yes,Fiber optic,No,No,No internet service,Yes,No,No,Month-to-month,Yes,Mailed check,51.0,1724.53,No
C-5098a697,Female,0,Yes,No,69,Yes,No,DSL,No,No,No,No,Yes,No,Two year,No,Credit card (automatic),29.52,2024.84,No
C-b5bde57b,Female,0,No,Yes,50,Yes,Yes,No,No internet service,No internet service,No internet service,No internet service,No internet service,No internet service,Month-to-month,Yes,Electronic check,19.17,977.01,No
C-fcb935a4,Female,1,Yes,No,22,Yes,Yes,Fiber optic,Yes,No internet service,Yes,No,No,No internet service,One year,Yes,Electronic check,50.8,1159.81,No
C-d06a0236,Female,0,Yes,Yes,36,Yes,No,Fiber optic,No,No,No,No,Yes,No,Month-to-month,No,Credit card (automatic),45.7,1635.13,No
C-85a29af8,Male,0,Yes,No,14,Yes,Yes,No,No internet service,No internet service,No internet service,No internet service,No internet service,No internet service,Month-to-month,Yes,Electronic check,19.03,246.45,No
C-1757090f,Male,1,No,No,60,Yes,Yes,No,No internet service,No internet service,No internet service,No internet service,No internet service,No internet service,Month-to-month,Yes,Bank transfer (automatic),21.73,1295.23,No
C-3b466121,Male,0,No,Yes,17,Yes,No,No,No internet service,No internet service,No internet service,No internet service,No internet service,No internet service,Month-to-month,No,Mailed check,19.45,301.17,No
C-3d129d34,Male,0,Yes,No,61,Yes,No,DSL,No,Yes,No,No internet service,No,No internet service,Month-to-month,Yes,Electronic check,33.55,2068.91,Yes
C-4e252a86,Male,0,Yes,No,57,Yes,No,Fiber optic,Yes,No,Yes,Yes,No,Yes,Month-to-month,Yes,Electronic check,63.63,3603.66,No
C-c334104f,Female,0,Yes,No,66,Yes,Yes,Fiber optic,Yes,No,No internet service,No,No,No,One year,Yes,Credit card (automatic),46.83,3064.69,Yes
C-546e6bf6,Female,0,No,No,16,Yes,No,Fiber optic,Yes,No,Yes,Yes,No,Yes,Month-to-month,Yes,Electronic check,55.21,867.22,No
C-71df04ba,Male,1,No,No,37,Yes,No,No,No internet service,No internet service,No internet service,No internet service,No internet service,No internet service,Two year,Yes,Mailed check,18.15,681.17,No
C-746a1908,Male,0,No,No,16,Yes,Yes,Fiber optic,Yes,Yes,Yes,Yes,No internet service,No,Month-to-month,No,Electronic check,64.66,1044.48,Yes
C-6c8235bf,Male,0,No,No,18,Yes,No phone service,DSL,Yes,Yes,No,No,Yes,No,Month-to-month,No,Mailed check,37.58,698.86,No
C-9aae3096,Male,0,Yes,No,56,Yes,Yes,Fiber optic,No,Yes,No,No,No,No,One year,No,Credit card (automatic),46.88,2636.46,No
C-16496429,Male,0,Yes,No,1,No,No phone service,DSL,No,Yes,No,No,No,No,Month-to-month,No,Bank transfer (automatic),28.2,13.74,Yes
C-7ec7955b,Female,0,No,Yes,63,Yes,Yes,Fiber optic,No,No,No,No,No,No internet service,Month-to-month,No,Electronic check,45.73,2863.17,Yes
C-3608f6c2,Female,0,No,No,68,Yes,No,No,No internet service,No internet service,No internet service,No internet service,No internet service,No internet service,Month-to-month,Yes,Electronic check,18.26,1242.02,Yes
C-6c3ca13d,Male,0,No,Yes,13,No,No phone service,Fiber optic,Yes,No,No,No,Yes,No,Two year,Yes,Credit card (automatic),53.99,743.93,No
C-10af1826,Male,0,No,Yes,3,Yes,Yes,DSL,Yes,No,Yes,No,No,No,Month-to-month,Yes,Mailed check,38.73,118.82,Yes
C-d8e7acc7,Female,0,No,No,5,Yes,Yes,DSL,No,No internet service,No,Yes,No,No,One year,No,Credit card (automatic),29.44,166.37,No
C-e9fe17b7,Female,0,Yes,No,29,Yes,Yes,DSL,Yes,No internet service,No,No,Yes,No,Month-to-month,Yes,Bank transfer (automatic),35.05,1019.37,Yes
C-2f1059f7,Female,0,Yes,No,17,Yes,No phone service,Fiber optic,No,No,No,No internet service,Yes,No internet service,Two year,No,Mailed check,47.29,808.26,No
C-096d4c70,Male,0,No,No,48,Yes,No,DSL,Yes,No,No internet service,No,No,Yes,One year,Yes,Mailed check,38.05,1825.07,No
C-5b681c73,Male,0,No,No,6,Yes,No,No,No internet service,No internet service,No internet service,No internet service,No internet service,No internet service,Month-to-month,Yes,Mailed check,19.03,156.47,No
C-468f030f,Male,0,Yes,Yes,16,Yes,Yes,Fiber optic,Yes,Yes,No,No internet service,Yes,No internet service,Two year,Yes,Credit card (automatic),56.95,958.29,No
C-4a9ddaa4,Male,0,Yes,No,57,Yes,No,Fiber optic,No internet service,No,Yes,No internet service,Yes,Yes,Month-to-month,Yes,Electronic check,57.88,3275.22,Yes
C-520a0cb8,Female,0,No,Yes,70,Yes,No,DSL,Yes,No,No,No,No,No,Two year,Yes,Electronic check,31.83,2220.67,No
C-0d61827a,Female,0,Yes,Yes,32,Yes,No,DSL,No,No internet service,Yes,No,Yes,No,Month-to-month,Yes,Credit card (automatic),38.34,1226.42,No
C-9843efc9,Female,0,Yes,No,26,Yes,Yes,Fiber optic,No,Yes,No,No,No internet service,Yes,Month-to-month,Yes,Mailed check,54.17,1446.51,No
C-e784dddd,Male,0,Yes,No,71,Yes,No phone service,DSL,No,No,Yes,No internet service,No,No,One year,No,Credit card (automatic),33.18,2384.52,No
C-8f4c658f,Male,0,No,No,9,Yes,Yes,Fiber optic,No,No,No,No,Yes,Yes,Month-to-month,Yes,Mailed check,49.43,441.42,Yes
C-4cc1f2fb,Male,1,No,No,47,Yes,Yes,DSL,No,Yes,Yes,No,No internet service,Yes,Month-to-month,No,Bank transfer (automatic),41.83,1963.98,No
C-b71f7103,Male,0,No,No,49,Yes,Yes,Fiber optic,No,Yes,No,No,Yes,Yes,Two year,Yes,Bank transfer (automatic),54.59,2710.05,No
C-5ee15868,Male,0,No,No,31,Yes,No,Fiber optic,No internet service,No,No,No,No,No,Month-to-month,No,Mailed check,42.54,1356.92,No
C-93538db1,Male,0,No,Yes,2,Yes,No,DSL,Yes,No,Yes,Yes,No,No,One year,Yes,Credit card (automatic),42.88,94.55,No
C-e2fa863a,Female,0,No,No,37,Yes,Yes,DSL,No internet service,No,No,No internet service,Yes,Yes,Month-to-month,Yes,Electronic check,35.72,1311.2,Yes
C-6afc7ccd,Male,0,No,Yes,69,Yes,Yes,No,No internet service,No internet service,No internet service,No internet service,No internet service,No internet service,Two year,Yes,Mailed check,20.33,1412.22,No
C-972b1cb5,Female,0,Yes,Yes,60,Yes,No,No,No internet service,No internet service,No internet service,No internet service,No internet service,No internet service,Two year,No,Bank transfer (automatic),18.0,1095.68,No
C-4b484787,Male,0,Yes,No,68,Yes,Yes,DSL,Yes,Yes,No,No,Yes,Yes,Two year,Yes,Bank transfer (automatic),46.19,3120.21,No
C-d917ef4c,Male,0,No,No,66,Yes,Yes,No,No internet service,No internet service,No internet service,No internet service,No internet service,No internet service,Month-to-month,Yes,Bank transfer (automatic),19.0,1259.43,No
C-347c3eec,Male,0,No,Yes,12,No,No phone service,DSL,Yes,Yes,No,No,Yes,No,Month-to-month,No,Mailed check,44.83,529.36,No
C-9c0bf6f2,Female,0,Yes,No,21,Yes,No phone service,DSL,No,No,No,No internet service,No,No,One year,Yes,Electronic check,26.23,572.49,No
C-06f7ea72,Female,0,Yes,Yes,12,Yes,Yes,No,No internet service,No internet service,No internet service,No internet service,No internet service,No internet service,Month-to-month,Yes,Electronic check,19.03,207.67,No
C-7ad17561,Female,0,No,No,26,Yes,No phone service,Fiber optic,No,Yes,Yes,No,Yes,No,Month-to-month,No,Electronic check,55.04,1389.01,No
C-6cd69077,Female,0,No,No,31,Yes,Yes,No,No internet service,No internet service,No internet service,No internet service,No internet service,No internet service,Month-to-month,No,Electronic check,18.0,541.41,No
C-be36bb97,Female,0,Yes,Yes,63,Yes,Yes,No,No internet service,No internet service,No internet service,No internet service,No internet service,No internet service,Month-to-month,Yes,Bank transfer (automatic),18.0,1140.02,No
C-d3bd6983,Male,0,No,No,37,Yes,Yes,DSL,No,No internet service,No,No,No,No,Month-to-month,Yes,Bank transfer (automatic),22.91,870.32,Yes
C-96efc31f,Female,1,Yes,No,35,Yes,Yes,Fiber optic,Yes,No,Yes,No,Yes,Yes,Two year,Yes,Bank transfer (automatic),61.16,2114.06,No
C-1f2ff317,Female,0,No,No,25,No,No phone service,DSL,No,Yes,No internet service,No,Yes,No,One year,Yes,Electronic check,38.29,935.3,No
C-be21cf6c,Female,0,Yes,No,56,No,No phone service,DSL,No,Yes,No,No,No,No,Month-to-month,No,Bank transfer (automatic),30.73,1717.13,No
C-c6b03f29,Male,0,No,Yes,72,Yes,Yes,DSL,Yes,No,No,Yes,No,Yes,Month-to-month,Yes,Mailed check,42.94,3113.75,No
C-abce8f87,Female,0,No,Yes,36,Yes,Yes,Fiber optic,Yes,No internet service,No,No,No,No,Month-to-month,Yes,Electronic check,51.99,1865.33,Yes
C-5a096b10,Female,0,Yes,Yes,15,Yes,Yes,Fiber optic,No internet service,No,Yes,No,Yes,Yes,One year,Yes,Credit card (automatic),53.69,823.08,No
C-a4599057,Male,1,No,Yes,3,Yes,Yes,Fiber optic,Yes,Yes,No,No,No,Yes,Month-to-month,Yes,Electronic check,54.33,172.27,Yes
C-3125fd27,Female,0,No,No,40,Yes,No,No,No internet service,No internet service,No internet service,No internet service,No internet service,No internet service,Month-to-month,Yes,Electronic check,24.16,972.59,No
C-855b0810,Male,0,No,No,67,Yes,No,Fiber optic,Yes,Yes,Yes,Yes,No,No,Two year,Yes,Mailed check,61.57,4108.6,No
C-6ef25090,Female,0,Yes,No,69,Yes,Yes,DSL,Yes,No internet service,No,No internet service,No,Yes,Two year,Yes,Bank transfer (automatic),34.29,2371.65,No
C-501716b0,Female,0,Yes,No,54,No,No phone service,DSL,No,No,No internet service,No,Yes,Yes,Two year,Yes,Mailed check,38.52,2070.69,No
C-15b5eee0,Female,0,No,No,44,Yes,Yes,DSL,No,Yes,No internet service,No,No,No,Two year,Yes,Bank transfer (automatic),32.59,1454.34,No
C-874a4cb9,Male,0,No,No,24,Yes,No phone service,DSL,No,No,No,No,No internet service,No,Month-to-month,Yes,Mailed check,21.33,505.97,No
C-7c5b9f10,Male,1,Yes,Yes,30,Yes,No,Fiber optic,Yes,No,No,Yes,No,No,One year,Yes,Mailed check,58.65,1727.36,No
C-7c78e5f1,Female,0,Yes,No,68,No,No phone service,DSL,Yes,Yes,Yes,No,No,Yes,Two year,No,Electronic check,44.13,2991.49,No
C-77ab23bf,Male,0,Yes,No,45,Yes,No,Fiber optic,Yes,No,No,No,No,No,Two year,Yes,Electronic check,50.99,2301.32,No
C-0ed41b31,Male,0,No,No,32,Yes,Yes,Fiber optic,Yes,Yes,No,Yes,Yes,Yes,Month-to-month,No,Electronic check,72.06,2311.8,No
C-4f38070f,Male,0,Yes,No,71,Yes,No,DSL,No,No,No,No internet service,Yes,No,Two year,Yes,Bank transfer (automatic),28.73,2079.19,No
C-bc085dda,Female,0,Yes,No,7,Yes,No,Fiber optic,No internet service,No,No,No,Yes,No,Month-to-month,No,Electronic check,48.74,327.87,Yes
C-01c55e7d,Male,0,Yes,No,1,Yes,No phone service,No,No internet service,No internet service,No internet service,No internet service,No internet service,No internet service,One year,Yes,Electronic check,20.95,43.0,No
C-0f2aa2ba,Female,1,Yes,No,4,Yes,No,Fiber optic,No,No,No,Yes,No,No,One year,Yes,Credit card (automatic),50.63,206.65,Yes
C-3ebd9c9b,Male,0,No,No,18,Yes,No,Fiber optic,Yes,No,Yes,No internet service,Yes,No,Month-to-month,Yes,Bank transfer (automatic),59.19,1031.68,No
C-7d6c6ba2,Male,0,Yes,No,24,No,No phone service,No,No internet service,No internet service,No internet service,No internet service,No internet service,No internet service,Two year,No,Electronic check,18.0,400.57,No
C-8160ceb0,Female,0,Yes,No,43,Yes,No,No,No internet service,No internet service,No internet service,No internet service,No internet service,No internet service,Two year,No,Bank transfer (automatic),21.32,944.05,No
C-84514a9d,Male,0,Yes,No,27,Yes,No,DSL,Yes,No,No,No,Yes,Yes,Two year,No,Mailed check,46.28,1280.75,No
C-dfe273e8,Male,0,Yes,No,60,Yes,Yes,DSL,Yes,No internet service,Yes,Yes,Yes,No,Month-to-month,Yes,Bank transfer (automatic),44.15,2661.14,No
C-5043faf6,Male,0,No,No,35,Yes,Yes,DSL,No,No,Yes,No,No,Yes,One year,Yes,Mailed check,31.34,1126.18,No
C-6b3b927a,Male,0,No,Yes,18,Yes,Yes,DSL,Yes,No,No,Yes,Yes,Yes,Month-to-month,No,Mailed check,53.71,973.25,No
C-15c28dc6,Male,0,No,No,5,Yes,No,No,No internet service,No internet service,No internet service,No internet service,No internet service,No internet service,Two year,No,Mailed check,19.0,60.48,No
C-66a0d1ae,Female,0,No,No,24,Yes,No phone service,No,No internet service,No internet service,No internet service,No internet service,No internet service,No internet service,Month-to-month,Yes,Electronic check,20.19,495.95,No
C-69772924,Female,0,Yes,No,50,Yes,No phone service,Fiber optic,Yes,No,No,Yes,No,Yes,One year,No,Credit card (automatic),57.5,2885.05,No
C-3343ddaa,Male,1,No,Yes,58,Yes,No,Fiber optic,Yes,No,Yes,No,No,No,Month-to-month,Yes,Mailed check,48.15,2810.28,Yes
C-f70d0fd7,Female,0,No,No,38,Yes,Yes,No,No internet service,No internet service,No internet service,No internet service,No internet service,No internet service,Two year,Yes,Mailed check,18.98,710.46,No
C-c12f1dea,Female,0,Yes,No,19,Yes,No phone service,No,No internet service,No internet service,No internet service,No internet service,No internet service,No internet service,Month-to-month,Yes,Mailed check,18.85,373.8,No
C-d1167b31,Female,0,No,Yes,48,Yes,Yes,Fiber optic,No,Yes,Yes,Yes,Yes,Yes,One year,No,Mailed check,69.8,3340.24,Yes
C-149a0fc3,Female,1,Yes,Yes,26,Yes,No phone service,Fiber optic,No internet service,No,Yes,Yes,No,No,Month-to-month,No,Credit card (automatic),47.94,1240.08,No
C-ead4e69a,Female,0,Yes,No,10,Yes,Yes,Fiber optic,No,No,Yes,No,Yes,No,Two year,Yes,Electronic check,56.47,543.34,No
C-b002f4f9,Female,0,Yes,No,32,Yes,No,DSL,No internet service,No,No,No,No,No internet service,Month-to-month,No,Credit card (automatic),27.77,907.01,No
C-faf89bc3,Male,0,Yes,No,30,Yes,No,DSL,No,No,No,Yes,No,No,Month-to-month,Yes,Electronic check,30.65,935.33,No
C-9256fd6b,Male,0,No,No,67,Yes,No phone service,No,No internet service,No internet service,No internet service,No internet service,No internet service,No internet service,One year,Yes,Bank transfer (automatic),23.25,1571.84,No
C-25ea94eb,Female,0,No,No,23,No,No phone service,DSL,No,No,No,No,Yes,No,Month-to-month,Yes,Bank transfer (automatic),31.26,696.35,No
C-d6d0a13e,Male,0,Yes,No,11,No,No phone service,No,No internet service,No internet service,No internet service,No internet service,No internet service,No internet service,Month-to-month,No,Electronic check,18.88,183.22,No
C-db799e5b,Male,0,No,No,41,Yes,No,Fiber optic,No,No internet service,Yes,Yes,Yes,Yes,Month-to-month,No,Bank transfer (automatic),60.6,2487.23,Yes
C-0ebf5d91,Male,1,Yes,Yes,9,Yes,No,No,No internet service,No internet service,No internet service,No internet service,No internet service,No internet service,One year,Yes,Bank transfer (automatic),22.33,203.38,No
C-7670209b,Male,0,No,No,60,Yes,Yes,Fiber optic,Yes,No,No,Yes,No,No,Month-to-month,No,Bank transfer (automatic),49.5,3010.56,No
C-76d895d5,Female,0,No,No,5,Yes,No,Fiber optic,Yes,Yes,No,Yes,No,No,Month-to-month,No,Electronic check,50.9,274.1,Yes
C-7954eb4f,Female,0,Yes,No,19,Yes,Yes,Fiber optic,No internet service,No internet service,No,No,No,Yes,Two year,Yes,Electronic check,44.09,839.3,No
C-d3eb6e29,Female,0,No,No,8,Yes,No,Fiber optic,No,Yes,No,No,Yes,No,Two year,Yes,Electronic check,52.83,435.68,No
C-80d12b1b,Male,0,Yes,Yes,14,Yes,No,No,No internet service,No internet service,No internet service,No internet service,No internet service,No internet service,Two year,No,Credit card (automatic),18.87,254.21,No
C-9b93b84e,Female,0,No,No,54,Yes,No,DSL,No,Yes,Yes,Yes,No,No,Two year,Yes,Credit card (automatic),38.77,2089.21,No
C-4cf701a4,Male,0,No,No,30,No,No phone service,DSL,No,No,No,Yes,No,No internet service,Month-to-month,Yes,Bank transfer (automatic),35.07,1069.31,No
C-026f307d,Male,0,No,Yes,66,Yes,No,Fiber optic,No,Yes,Yes,No,No,No,Month-to-month,Yes,Mailed check,47.57,3157.46,Yes
C-679cdfa0,Female,0,No,Yes,29,Yes,No,Fiber optic,No internet service,No,No,No,No,No,Month-to-month,No,Electronic check,43.58,1235.91,Yes
C-d1fa53e4,Female,0,No,No,0,Yes,No phone service,No,No internet service,No internet service,No internet service,No internet service,No internet service,No internet service,Month-to-month,No,Credit card (automatic),18.71,18.31,Yes
C-d0eb8ae8,Male,0,No,No,70,Yes,Yes,Fiber optic,No,Yes,Yes,No,No,Yes,Month-to-month,Yes,Mailed check,49.52,3438.11,Yes
C-9d80afd7,Male,0,Yes,No,14,Yes,No,DSL,No,No,No,No,No,No,One year,Yes,Electronic check,27.65,345.53,No
C-707d1bef,Male,0,No,No,15,Yes,Yes,DSL,No internet service,Yes,No,Yes,Yes,No,One year,Yes,Electronic check,45.71,676.87,No
C-834e4629,Male,0,No,No,13,No,No phone service,Fiber optic,No internet service,No,No,No internet service,No,No,Two year,Yes,Mailed check,44.37,558.84,No
C-4c480ae1,Female,1,No,Yes,14,Yes,No,DSL,Yes,No,No,No,Yes,No,Two year,No,Credit card (automatic),40.28,542.92,No
C-199b5f98,Female,1,No,No,61,Yes,Yes,DSL,Yes,No,Yes,No,No,Yes,Two year,Yes,Electronic check,47.93,2951.99,No
C-415a5b13,Male,0,Yes,Yes,12,Yes,No phone service,No,No internet service,No internet service,No internet service,No internet service,No internet service,No internet service,Month-to-month,Yes,Credit card (automatic),18.0,197.69,No
C-4276913e,Male,0,No,No,71,Yes,No,No,No internet service,No internet service,No internet service,No internet service,No internet service,No internet service,Month-to-month,Yes,Credit card (automatic),21.11,1478.13,No
C-2c7e8e56,Female,0,Yes,No,70,Yes,Yes,Fiber optic,No,Yes,No internet service,No,No,Yes,Month-to-month,Yes,Credit card (automatic),46.2,3235.55,Yes
C-b5e7ab81,Male,0,Yes,No,24,Yes,No phone service,Fiber optic,Yes,No,No,No,Yes,Yes,Month-to-month,Yes,Bank transfer (automatic),55.61,1341.64,Yes
C-c7062488,Male,0,Yes,No,62,Yes,No phone service,No,No internet service,No internet service,No internet service,No internet service,No internet service,No internet service,Month-to-month,No,Mailed check,18.0,1138.8,Yes
C-a0a16395,Female,0,Yes,Yes,41,Yes,Yes,Fiber optic,No,No,Yes,Yes,Yes,No,Month-to-month,No,Electronic check,47.91,1988.36,Yes
C-a78f752e,Male,0,Yes,No,8,Yes,No,Fiber optic,Yes,Yes,No,Yes,No,Yes,Two year,Yes,Credit card (automatic),65.01,533.63,No
C-46e0257b,Female,0,Yes,No,61,Yes,No,DSL,No,No,No,Yes,No,Yes,Month-to-month,Yes,Mailed check,33.73,2065.7,No
C-90ac54ba,Male,1,Yes,Yes,71,Yes,Yes,Fiber optic,No,Yes,No internet service,No internet service,No internet service,No,Month-to-month,Yes,Mailed check,41.56,2948.24,Yes
C-94be0e80,Male,1,Yes,No,25,Yes,No phone service,DSL,Yes,No,Yes,No,Yes,No,One year,No,Electronic check,40.24,981.96,No
C-dfebd873,Male,1,No,No,49,Yes,No,Fiber optic,Yes,No,No internet service,Yes,No,Yes,Month-to-month,No,Mailed check,61.67,3037.05,No
C-e081fc9f,Female,1,Yes,Yes,7,Yes,No phone service,DSL,No,No internet service,Yes,No,Yes,No,Month-to-month,No,Bank transfer (automatic),33.88,233.07,Yes
C-751f8a4d,Female,0,No,No,57,Yes,Yes,DSL,No,No,Yes,Yes,No internet service,No internet service,Month-to-month,No,Electronic check,34.12,1936.67,No
C-68827cbc,Female,0,Yes,No,41,Yes,No,DSL,No internet service,No,Yes,No,No,No,Two year,No,Electronic check,30.16,1265.12,No
C-4696b1fb,Female,0,Yes,Yes,53,Yes,Yes,DSL,No,No,No,No,Yes,No,Month-to-month,Yes,Credit card (automatic),26.56,1388.89,No
C-be7d8a73,Male,1,Yes,Yes,42,Yes,Yes,No,No internet service,No internet service,No internet service,No internet service,No internet service,No internet service,Month-to-month,Yes,Mailed check,18.0,766.4,No
C-34c72221,Male,0,No,Yes,60,Yes,No,DSL,No,No,No,Yes,Yes,Yes,Month-to-month,No,Credit card (automatic),35.18,2109.03,Yes
C-d0bde554,Male,0,No,No,45,Yes,Yes,Fiber optic,No,No internet service,No,No,No,No,Month-to-month,No,Mailed check,38.85,1719.73,Yes
C-225f97eb,Female,0,Yes,Yes,50,Yes,No,DSL,Yes,Yes,Yes,No,No,No,Month-to-month,Yes,Bank transfer (automatic),44.7,2256.64,No
C-6bc247f1,Male,0,No,No,52,Yes,No,Fiber optic,No internet service,No internet service,Yes,No,Yes,No,Month-to-month,Yes,Bank transfer (automatic),51.73,2692.75,Yes
C-98c2e2e1,Male,1,No,Yes,32,Yes,No,No,No internet service,No internet service,No internet service,No internet service,No internet service,No internet service,Month-to-month,Yes,Electronic check,19.23,589.13,No
C-67e0ddcc,Male,0,No,No,12,No,No phone service,DSL,No,Yes,Yes,No,Yes,No,One year,Yes,Electronic check,44.14,517.97,Yes
C-108e31ad,Female,1,No,Yes,28,Yes,Yes,Fiber optic,Yes,No,No,Yes,No,No internet service,One year,Yes,Credit card (automatic),47.5,1300.95,No
C-212033c3,Female,0,No,No,46,Yes,No,Fiber optic,No internet service,No,No,No,No internet service,No,Month-to-month,Yes,Bank transfer (automatic),35.37,1650.56,Yes
C-4311d3ce,Male,0,Yes,No,35,Yes,Yes,DSL,Yes,No internet service,No,Yes,Yes,No,Month-to-month,No,Bank transfer (automatic),46.58,1650.3,No
C-75dc0f4d,Male,1,No,Yes,8,Yes,No phone service,No,No internet service,No internet service,No internet service,No internet service,No internet service,No internet service,Two year,No,Electronic check,22.93,199.7,No
C-502ce927,Female,0,Yes,No,42,Yes,No phone service,Fiber optic,Yes,No,No,Yes,No,No,Month-to-month,Yes,Bank transfer (automatic),53.44,2236.86,Yes
C-d5806308,Male,1,Yes,No,11,Yes,No,Fiber optic,Yes,Yes,Yes,No,Yes,No,Month-to-month,Yes,Bank transfer (automatic),62.62,677.22,Yes
C-10a68b1f,Female,0,No,Yes,30,Yes,Yes,Fiber optic,Yes,No,No,Yes,No internet service,Yes,Month-to-month,Yes,Electronic check,58.75,1742.9,Yes
C-69e9adce,Female,0,Yes,Yes,34,No,No phone service,Fiber optic,Yes,No,No,No,No,Yes,Month-to-month,No,Electronic check,50.15,1733.27,Yes
C-6f744f10,Female,0,No,Yes,2,Yes,No phone service,Fiber optic,No,Yes,No,No,No,Yes,Month-to-month,Yes,Credit card (automatic),48.71,144.11,Yes
C-1182e771,Female,0,No,No,9,Yes,No,Fiber optic,No,Yes,No internet service,No,Yes,No,Month-to-month,No,Electronic check,51.34,468.28,Yes
C-22b82c7f,Male,0,No,No,11,No,No phone service,DSL,No,Yes,No,No,No,Yes,Month-to-month,No,Electronic check,38.13,397.39,No
C-f4078a65,Female,0,Yes,No,4,Yes,No,Fiber optic,No,No,No,No,No,Yes,Month-to-month,Yes,Electronic check,40.2,151.6,Yes
C-235c05e9,Male,1,No,No,33,Yes,No phone service,No,No internet service,No internet service,No internet service,No internet service,No internet service,No internet service,Month-to-month,No,Electronic check,19.3,647.16,Yes
C-ebda1acf,Male,0,Yes,No,66,Yes,Yes,DSL,No,No,No,No,Yes,No,Month-to-month,No,Electronic check,31.53,2069.54,Yes
C-dd1576ec,Male,0,No,No,58,Yes,No,Fiber optic,No,Yes,Yes,No,Yes,No,Month-to-month,No,Electronic check,54.53,3170.44,Yes
C-afd880b6,Female,0,No,No,68,Yes,No,No,No internet service,No internet service,No internet service,No internet service,No internet service,No internet service,Month-to-month,Yes,Mailed check,21.22,1449.69,No
C-28869f41,Female,0,Yes,No,28,Yes,Yes,Fiber optic,No internet service,No,Yes,No internet service,No,No,Month-to-month,No,Credit card (automatic),41.7,1169.95,Yes
C-e34f2051,Female,0,Yes,No,11,Yes,No phone service,Fiber optic,Yes,No,Yes,Yes,Yes,Yes,One year,No,Credit card (automatic),66.35,741.64,No
C-d9a17779,Female,0,No,Yes,63,Yes,No,DSL,No,No internet service,No,No,No,Yes,Month-to-month,Yes,Mailed check,29.62,1861.27,Yes
C-65f196bb,Male,0,No,Yes,39,Yes,Yes,DSL,No,No,No internet service,Yes,Yes,No,One year,No,Credit card (automatic),38.48,1506.6,No
C-cfa9aea0,Female,0,Yes,No,66,Yes,No phone service,DSL,No,No,No,No,Yes,Yes,Month-to-month,No,Electronic check,30.99,2035.51,Yes
C-3d1a2c4a,Male,1,No,No,26,Yes,Yes,Fiber optic,No,No,No,No,No internet service,No,Two year,Yes,Electronic check,42.34,1131.34,Yes
C-0142f29a,Male,0,Yes,Yes,5,Yes,No,DSL,No,No,No internet service,Yes,No,No,Month-to-month,No,Bank transfer (automatic),27.17,136.08,Yes
C-bc1f48d3,Female,1,Yes,Yes,20,Yes,Yes,DSL,Yes,No,Yes,Yes,No,Yes,Two year,No,Bank transfer (automatic),48.2,1002.73,No
C-8626f855,Female,0,No,No,52,Yes,No,No,No internet service,No internet service,No internet service,No internet service,No internet service,No internet service,Month-to-month,Yes,Bank transfer (automatic),21.55,1140.94,No
C-e5e8a1fd,Female,0,Yes,No,29,Yes,Yes,Fiber optic,Yes,No,Yes,No,Yes,No,Two year,No,Credit card (automatic),62.23,1820.92,No
C-e5618c63,Female,1,No,No,69,Yes,No,Fiber optic,No,No,No,No,Yes,No,Month-to-month,Yes,Credit card (automatic),44.79,3066.11,No
C-cfcaf6b8,Female,0,Yes,No,54,Yes,No,Fiber optic,Yes,No internet service,Yes,No,No,Yes,Month-to-month,Yes,Credit card (automatic),58.19,3168.47,No
C-7f3509b6,Female,0,Yes,No,21,Yes,Yes,DSL,No,No,No internet service,No,No,Yes,Month-to-month,Yes,Mailed check,32.05,666.2,Yes
C-333e7f09,Male,0,Yes,No,52,Yes,No,DSL,No,No internet service,Yes,No internet service,Yes,No internet service,Two year,Yes,Mailed check,37.31,1939.22,No
C-4222be18,Male,0,No,Yes,32,Yes,No phone service,Fiber optic,Yes,No,Yes,Yes,Yes,No,Month-to-month,Yes,Mailed check,63.58,1994.41,Yes
C-3a225e71,Female,0,No,Yes,11,Yes,No,Fiber optic,No,Yes,No,No,Yes,No,Month-to-month,No,Electronic check,49.9,557.39,Yes
C-0740e395,Male,1,Yes,No,33,Yes,No phone service,DSL,No,No internet service,No,No,No,Yes,Two year,Yes,Mailed check,29.84,955.14,No
C-be1b6f9b,Male,0,Yes,No,5,Yes,No,DSL,No,Yes,Yes,No,No,Yes,Month-to-month,No,Credit card (automatic),40.32,194.45,Yes
C-fde84704,Female,0,No,Yes,32,Yes,Yes,No,No internet service,No internet service,No internet service,No internet service,No internet service,No internet service,Two year,Yes,Mailed check,20.56,674.54,No
C-f6a1fb68,Male,0,Yes,No,45,Yes,No,DSL,No,No,Yes,No,No,No,Month-to-month,Yes,Bank transfer (automatic),27.31,1199.13,Yes
C-379432e3,Male,1,Yes,No,60,Yes,Yes,DSL,Yes,No,Yes,No internet service,Yes,No,Month-to-month,No,Electronic check,42.31,2544.1,Yes
C-8f473bbd,Male,0,Yes,No,16,Yes,Yes,DSL,No,Yes,No,No,Yes,Yes,Month-to-month,No,Electronic check,44.99,678.9,No
C-0188bd8e,Female,1,Yes,Yes,67,Yes,Yes,DSL,Yes,No,No internet service,No internet service,Yes,No,Month-to-month,No,Credit card (automatic),37.02,2499.03,Yes
C-4c4eae46,Female,0,Yes,No,35,No,No phone service,Fiber optic,No,Yes,Yes,Yes,No,No,Month-to-month,No,Electronic check,52.92,1834.92,Yes
C-a4c86474,Female,1,Yes,No,61,Yes,Yes,Fiber optic,Yes,No,No internet service,No,No,No,Two year,Yes,Mailed check,43.75,2698.82,No
C-ccbccb52,Male,0,Yes,No,8,Yes,No,Fiber optic,No,No,No,Yes,No,No,Month-to-month,No,Electronic check,44.51,375.88,Yes
C-f163de13,Female,0,Yes,No,9,Yes,No,DSL,Yes,No,No,No internet service,Yes,No,One year,Yes,Electronic check,39.34,357.25,Yes
C-6521f315,Female,0,Yes,Yes,51,Yes,No,Fiber optic,No,Yes,No,No,No,No internet service,Month-to-month,Yes,Credit card (automatic),40.77,2081.85,Yes
C-c7b95ea0,Female,0,Yes,No,65,Yes,No,DSL,No,No,No,No,No,Yes,Two year,Yes,Electronic check,24.11,1591.38,No
C-7d1b494c,Female,0,Yes,No,45,Yes,No phone service,Fiber optic,No,No,No internet service,No,No internet service,No,Two year,Yes,Bank transfer (automatic),42.7,1920.32,No
C-7200a95e,Male,0,No,Yes,50,Yes,Yes,Fiber optic,No,No,No,No,No,No,Month-to-month,No,Credit card (automatic),38.94,1943.69,Yes
C-509605a7,Female,0,Yes,No,4,Yes,No,Fiber optic,No,No,No,Yes,No,Yes,Month-to-month,No,Bank transfer (automatic),48.08,201.79,Yes
C-4b11decc,Male,1,No,No,68,Yes,No phone service,Fiber optic,No,No,Yes,No,No,No,Two year,No,Credit card (automatic),41.25,2783.91,No
C-ef65dda9,Female,1,Yes,No,29,Yes,Yes,No,No internet service,No internet service,No internet service,No internet service,No internet service,No internet service,Two year,No,Mailed check,19.84,601.62,No
C-97256918,Male,1,No,No,28,Yes,No,Fiber optic,No,Yes,No,No,No,No,Two year,No,Credit card (automatic),48.25,1340.18,Yes
C-5e9fd08f,Male,0,No,No,5,No,No phone service,No,No internet service,No internet service,No internet service,No internet service,No internet service,No internet service,Month-to-month,Yes,Credit card (automatic),18.92,89.3,Yes
C-1cf40467,Male,0,No,No,22,Yes,No,No,No internet service,No internet service,No internet service,No internet service,No internet service,No internet service,Two year,Yes,Electronic check,21.23,449.52,No
C-8bb1baec,Male,0,Yes,No,41,Yes,Yes,Fiber optic,No,No internet service,Yes,No internet service,No,Yes,Two year,Yes,Electronic check,53.16,2179.92,No
C-f40b1a75,Male,0,No,No,24,No,No phone service,No,No internet service,No internet service,No internet service,No internet service,No internet service,No internet service,Month-to-month,No,Mailed check,24.7,575.08,No
C-9802de60,Male,0,Yes,Yes,37,Yes,Yes,DSL,No,No,No,No,Yes,No internet service,Two year,No,Credit card (automatic),31.53,1195.48,No
C-f4b5db56,Female,0,No,No,27,Yes,No,DSL,No,Yes,No,Yes,Yes,Yes,Month-to-month,No,Electronic check,46.81,1256.3,Yes
C-3106d089,Female,0,No,No,32,Yes,No phone service,No,No internet service,No internet service,No internet service,No internet service,No internet service,No internet service,Month-to-month,Yes,Electronic check,18.01,611.58,No
C-1a7fc057,Male,1,No,No,64,Yes,Yes,Fiber optic,No,No,No,No,Yes,No,Two year,No,Credit card (automatic),46.26,2939.19,No
C-83440ee8,Male,1,No,No,65,No,No phone service,Fiber optic,No,Yes,No,No,No,No,One year,No,Mailed check,48.05,3114.32,No
C-705d248c,Male,1,No,No,35,Yes,No phone service,Fiber optic,No,Yes,No,Yes,No,No,Month-to-month,Yes,Mailed check,49.17,1694.15,Yes
C-2c21af5b,Female,1,No,No,2,Yes,No,No,No internet service,No internet service,No internet service,No internet service,No internet service,No internet service,Month-to-month,Yes,Mailed check,23.95,14.28,Yes
C-6eb8f99d,Male,0,No,Yes,21,Yes,No,No,No internet service,No internet service,No internet service,No internet service,No internet service,No internet service,Month-to-month,Yes,Electronic check,19.77,407.15,No
C-de0acb02,Male,0,No,No,52,Yes,Yes,Fiber optic,No,No,Yes,Yes,Yes,No,Month-to-month,No,Bank transfer (automatic),56.18,2918.02,Yes
C-d9ba2d39,Male,0,Yes,No,56,No,No phone service,Fiber optic,Yes,No,No,Yes,Yes,Yes,Month-to-month,No,Mailed check,63.41,3531.98,No
C-3abf426c,Female,0,Yes,No,12,Yes,No phone service,Fiber optic,No,No,Yes,No,No,No internet service,One year,Yes,Electronic check,42.96,507.72,Yes
C-6f2c1176,Female,0,Yes,No,3,Yes,No,Fiber optic,No,Yes,No,No,Yes,No,Month-to-month,Yes,Credit card (automatic),47.84,137.07,Yes
C-625ca024,Male,0,No,Yes,26,Yes,Yes,Fiber optic,No internet service,No internet service,No,No,Yes,No internet service,One year,Yes,Bank transfer (automatic),50.33,1343.09,No
C-6ebea6f0,Female,0,Yes,No,25,Yes,Yes,Fiber optic,No,Yes,No,Yes,No,No,Month-to-month,Yes,Electronic check,51.05,1275.8,Yes
C-ede2d07f,Male,0,No,No,40,Yes,No,DSL,No,No,No,No,No,No,Month-to-month,Yes,Bank transfer (automatic),22.89,921.74,Yes
C-29f4b666,Male,0,No,No,57,No,No phone service,Fiber optic,Yes,No,No,No,No internet service,Yes,Month-to-month,Yes,Bank transfer (automatic),52.08,2983.71,Yes
C-252b3559,Female,0,Yes,No,35,Yes,Yes,Fiber optic,Yes,Yes,No,Yes,Yes,No,Two year,Yes,Electronic check,57.38,1996.1,No
C-85701e03,Male,0,Yes,Yes,44,Yes,No,DSL,Yes,No,No,No,Yes,Yes,Two year,Yes,Electronic check,42.75,1887.47,No
C-4ba4c853,Male,0,No,No,7,Yes,Yes,No,No internet service,No internet service,No internet service,No internet service,No internet service,No internet service,Month-to-month,No,Mailed check,18.86,117.92,Yes
C-7e05e3c8,Male,0,Yes,Yes,26,Yes,No,Fiber optic,No,No,Yes,No,Yes,No,Month-to-month,No,Bank transfer (automatic),49.08,1244.89,No
C-44040e88,Male,1,Yes,No,52,Yes,Yes,Fiber optic,No internet service,No,Yes,Yes,Yes,Yes,One year,No,Electronic check,62.43,3229.59,No
C-f6bb405b,Female,0,Yes,No,20,Yes,Yes,Fiber optic,Yes,Yes,No,No,Yes,No,Month-to-month,Yes,Electronic check,56.82,1124.6,Yes
C-c9c4279c,Male,0,No,Yes,63,Yes,Yes,DSL,Yes,No,Yes,No,No,No,Month-to-month,Yes,Mailed check,30.12,1901.1,No
C-8ef54dda,Female,0,Yes,Yes,6,Yes,Yes,No,No internet service,No internet service,No internet service,No internet service,No internet service,No internet service,Month-to-month,Yes,Credit card (automatic),18.0,103.03,Yes
C-6583ee69,Male,0,No,Yes,49,Yes,Yes,DSL,No,No,Yes,No internet service,No,No,Two year,No,Electronic check,26.38,1332.79,No
C-a38b8a94,Female,0,No,No,1,Yes,No phone service,DSL,No internet service,No,Yes,Yes,No,No internet service,Month-to-month,Yes,Credit card (automatic),32.08,22.17,Yes
C-8898e255,Female,0,No,No,15,Yes,Yes,No,No internet service,No internet service,No internet service,No internet service,No internet service,No internet service,One year,Yes,Bank transfer (automatic),25.27,358.88,No
C-c25fc959,Female,0,Yes,Yes,14,Yes,No phone service,DSL,No,No,No,Yes,No,No,One year,No,Electronic check,34.69,511.12,No
C-0dd71cd1,Male,0,No,No,25,Yes,No,Fiber optic,No,No,Yes,No,Yes,Yes,Month-to-month,No,Electronic check,58.3,1449.38,Yes
C-79074ccb,Female,0,Yes,Yes,35,Yes,Yes,No,No internet service,No internet service,No internet service,No internet service,No internet service,No internet service,Month-to-month,Yes,Electronic check,18.0,623.93,Yes
C-990ea113,Female,1,Yes,No,56,Yes,Yes,No,No internet service,No internet service,No internet service,No internet service,No internet service,No internet service,Two year,Yes,Credit card (automatic),21.03,1148.52,No
C-1f5e2eb9,Female,0,No,Yes,33,Yes,No,No,No internet service,No internet service,No internet service,No internet service,No internet service,No internet service,Month-to-month,No,Credit card (automatic),18.05,577.66,Yes
C-ec374efe,Female,0,No,No,7,Yes,No,No,No internet service,No internet service,No internet service,No internet service,No internet service,No internet service,One year,Yes,Electronic check,18.1,149.01,No
C-b3750a9e,Male,0,Yes,No,38,Yes,No,DSL,No,No,No,No,Yes,No,Two year,No,Credit card (automatic),35.28,1334.46,No
C-729caab6,Female,0,No,Yes,8,Yes,No,No,No internet service,No internet service,No internet service,No internet service,No internet service,No internet service,Month-to-month,No,Electronic check,18.69,167.21,No
C-4c91a8d2,Male,0,No,Yes,1,Yes,Yes,No,No internet service,No internet service,No internet service,No internet service,No internet service,No internet service,Month-to-month,Yes,Mailed check,26.03,58.04,Yes
C-ba276744,Female,0,No,No,68,Yes,No phone service,Fiber optic,No internet service,Yes,No internet service,No,No,No,One year,No,Bank transfer (automatic),40.09,2724.13,No
C-22859a63,Female,1,No,No,32,No,No phone service,DSL,No,No internet service,No,Yes,No,No,Month-to-month,No,Electronic check,32.33,1010.77,Yes
C-c6c92403,Female,0,No,No,67,Yes,Yes,Fiber optic,No,No,No internet service,Yes,No internet service,No,Month-to-month,No,Bank transfer (automatic),48.86,3279.3,No
C-aed02ac4,Female,0,No,No,53,No,No phone service,Fiber optic,No,No,No,No,Yes,No,Month-to-month,Yes,Mailed check,43.92,2322.85,No
C-566e0b6d,Male,0,No,Yes,25,Yes,No,Fiber optic,No,No,No,No,Yes,No,Month-to-month,No,Credit card (automatic),44.97,1089.2,Yes
C-30a06437,Male,0,No,Yes,54,Yes,Yes,No,No internet service,No internet service,No internet service,No internet service,No internet service,No internet service,Two year,No,Bank transfer (automatic),21.91,1163.7,No
C-7e5c39e9,Female,0,Yes,Yes,36,Yes,Yes,Fiber optic,No,No,Yes,Yes,Yes,No,Month-to-month,Yes,Mailed check,55.31,1997.0,No
C-c768367e,Female,0,No,Yes,40,Yes,Yes,DSL,No,No internet service,Yes,No,No,No,One year,Yes,Mailed check,25.18,999.43,No
C-0013a823,Male,0,No,Yes,2,No,No phone service,Fiber optic,Yes,No internet service,Yes,No,No,No,Month-to-month,Yes,Bank transfer (automatic),48.24,122.02,Yes
C-172707f9,Female,0,No,No,51,Yes,Yes,No,No internet service,No internet service,No internet service,No internet service,No internet service,No internet service,Two year,No,Credit card (automatic),24.57,1215.93,No
C-ccb70fb2,Female,0,Yes,Yes,12,Yes,No,DSL,No,No,No,Yes,No internet service,No,Month-to-month,Yes,Mailed check,29.68,347.16,No
C-846546d9,Male,0,Yes,No,0,Yes,No phone service,Fiber optic,No,Yes,No,No,No,Yes,One year,Yes,Electronic check,48.2,0.0,No
C-1cd54ac8,Male,1,Yes,No,36,Yes,Yes,Fiber optic,No,No,No,Yes,Yes,No internet service,Month-to-month,Yes,Electronic check,51.9,1855.4,Yes
C-36ce097a,Female,0,No,No,24,Yes,No,DSL,No,No internet service,No,Yes,No,No,Month-to-month,Yes,Credit card (automatic),29.4,724.08,No
C-8f514efb,Female,0,No,No,66,Yes,Yes,Fiber optic,No internet service,Yes,No,No,No,Yes,One year,No,Mailed check,49.33,3206.29,No
C-b6881e38,Male,0,No,No,37,Yes,No,DSL,No,No,No,No,Yes,Yes,Month-to-month,No,Electronic check,32.47,1190.06,Yes
C-27eb04cd,Male,0,Yes,No,35,Yes,Yes,DSL,No,No,Yes,No,No internet service,No,Month-to-month,No,Bank transfer (automatic),23.01,808.69,No
C-268d1625,Male,0,No,No,67,Yes,Yes,Fiber optic,No,No,No,No internet service,No internet service,Yes,Two year,Yes,Credit card (automatic),48.66,3232.68,No
C-1547959f,Male,0,No,Yes,71,Yes,No,No,No internet service,No internet service,No internet service,No internet service,No internet service,No internet service,One year,No,Bank transfer (automatic),23.48,1710.42,No
C-d78b9778,Male,0,Yes,No,18,Yes,No,DSL,Yes,No internet service,No internet service,No,Yes,Yes,Month-to-month,No,Credit card (automatic),41.87,765.63,Yes
C-7cc67232,Male,0,No,Yes,34,Yes,Yes,DSL,No,No,No internet service,No,No,No,One year,Yes,Mailed check,23.7,822.15,No
C-1c1ab126,Female,0,No,No,21,Yes,No,Fiber optic,Yes,No internet service,Yes,No,Yes,Yes,One year,No,Electronic check,61.79,1300.88,Yes
C-1f7a1d5e,Male,1,No,No,42,Yes,Yes,DSL,No,No internet service,Yes,No internet service,No,No,Month-to-month,No,Electronic check,26.61,1114.68,No
C-ae7a8410,Female,1,Yes,No,32,Yes,Yes,No,No internet service,No internet service,No internet service,No internet service,No internet service,No internet service,One year,Yes,Bank transfer (automatic),18.81,605.77,No
C-af87257e,Male,0,No,No,30,Yes,No phone service,Fiber optic,Yes,No,No internet service,Yes,No internet service,No internet service,Month-to-month,Yes,Electronic check,54.57,1642.35,Yes
C-afcbcd5e,Female,0,No,Yes,49,Yes,No phone service,DSL,No,No,No,No,No,No,Two year,Yes,Electronic check,25.34,1256.98,No
C-9262ccf1,Female,0,Yes,Yes,36,Yes,Yes,DSL,Yes,No,Yes,No,No internet service,Yes,Month-to-month,Yes,Electronic check,42.27,1549.56,No
C-4afa7881,Female,0,No,No,42,Yes,No phone service,Fiber optic,No,No,No,No,No,Yes,Month-to-month,Yes,Electronic check,43.53,1865.63,No
C-5bb73d5a,Female,1,Yes,No,31,Yes,No phone service,Fiber optic,No internet service,No internet service,No,Yes,No internet service,Yes,Month-to-month,Yes,Credit card (automatic),56.07,1704.87,No
C-f8b1f6b1,Male,0,No,No,54,Yes,No,No,No internet service,No internet service,No internet service,No internet service,No internet service,No internet service,Month-to-month,No,Electronic check,20.52,1129.12,No
C-da62b924,Male,1,No,Yes,60,Yes,No,DSL,No internet service,Yes,No,No,Yes,No,Two year,Yes,Bank transfer (automatic),42.35,2536.61,No
C-b59fddb0,Female,0,No,Yes,20,Yes,Yes,No,No internet service,No internet service,No internet service,No internet service,No internet service,No internet service,Month-to-month,Yes,Bank transfer (automatic),20.23,416.72,Yes
C-ca754a50,Male,0,No,Yes,28,Yes,No phone service,No,No internet service,No internet service,No internet service,No internet service,No internet service,No internet service,Month-to-month,No,Electronic check,18.0,475.53,No
C-9b79971f,Male,0,Yes,Yes,58,Yes,Yes,DSL,No,No,Yes,No,No,Yes,Two year,No,Credit card (automatic),37.8,2184.31,No
C-ffb85c63,Male,0,No,Yes,13,No,No phone service,DSL,Yes,No,Yes,Yes,No,No,One year,Yes,Bank transfer (automatic),38.94,478.58,No
C-8bbb001b,Male,1,Yes,No,66,Yes,Yes,Fiber optic,Yes,No,No,Yes,No,No,One year,Yes,Electronic check,52.16,3454.26,No
C-19a50241,Female,0,No,No,15,No,No phone service,Fiber optic,No,No,Yes,Yes,No,No,One year,Yes,Credit card (automatic),52.07,760.4,No
C-154a5455,Female,1,Yes,No,39,No,No phone service,DSL,No,Yes,No,Yes,Yes,No,Two year,No,Bank transfer (automatic),43.95,1673.78,No
C-f60141f0,Female,0,No,No,60,Yes,No,Fiber optic,No internet service,Yes,No,No internet service,No,Yes,Month-to-month,Yes,Electronic check,50.23,3019.85,No
C-ce981984,Female,0,No,Yes,19,Yes,Yes,No,No internet service,No internet service,No internet service,No internet service,No internet service,No internet service,Month-to-month,No,Electronic check,19.7,391.07,Yes
C-85b2d965,Male,0,Yes,No,53,Yes,Yes,No,No internet service,No internet service,No internet service,No internet service,No internet service,No internet service,Two year,No,Bank transfer (automatic),23.51,1246.64,No
C-24583c3b,Female,0,No,No,61,Yes,No phone service,DSL,No,No,Yes,No,No,No,One year,Yes,Mailed check,31.13,1880.09,No
C-6d760da4,Female,0,Yes,No,44,Yes,Yes,Fiber optic,Yes,No,Yes,No,No,No,Month-to-month,No,Credit card (automatic),50.81,2215.75,No
C-5b51b2cc,Female,1,No,No,45,Yes,No,Fiber optic,No,No,No internet service,No,Yes,Yes,Two year,No,Electronic check,51.68,2343.37,Yes
C-dd4ca32a,Female,0,Yes,No,9,Yes,Yes,No,No internet service,No internet service,No internet service,No internet service,No internet service,No internet service,One year,No,Mailed check,20.48,165.24,Yes
C-14b12277,Female,0,Yes,No,63,Yes,No,Fiber optic,Yes,Yes,No,Yes,No,Yes,Two year,No,Bank transfer (automatic),61.52,3887.53,No
C-4a90bac4,Male,0,No,Yes,45,Yes,No phone service,DSL,No,No,Yes,No internet service,No,Yes,Month-to-month,No,Bank transfer (automatic),34.26,1528.97,Yes
C-b17cbd1a,Female,0,Yes,No,30,Yes,No,DSL,Yes,No internet service,No,No,Yes,Yes,Month-to-month,No,Bank transfer (automatic),40.72,1202.93,No
C-5017f261,Female,0,Yes,No,40,Yes,No,DSL,Yes,No internet service,No,No,No,No,One year,Yes,Credit card (automatic),27.02,1076.14,No
C-3cfa9882,Female,0,No,No,48,Yes,Yes,DSL,No internet service,No,Yes,No,Yes,No,Month-to-month,No,Credit card (automatic),36.69,1765.89,No
C-9bae6e32,Male,1,Yes,No,55,Yes,Yes,Fiber optic,No,Yes,No,Yes,Yes,Yes,Month-to-month,No,Electronic check,63.82,3517.22,Yes
C-5e6458c3,Female,0,No,No,2,No,No phone service,DSL,No,Yes,Yes,Yes,No,Yes,Month-to-month,No,Electronic check,48.37,124.3,Yes
C-62677d9b,Female,0,No,No,16,No,No phone service,Fiber optic,Yes,Yes,No,No,No,No internet service,One year,No,Electronic check,44.9,717.04,No
C-aec59063,Male,1,No,No,18,Yes,No,DSL,No,Yes,Yes,Yes,Yes,No internet service,Two year,Yes,Bank transfer (automatic),43.1,799.86,No
C-cf4bd659,Male,0,No,No,0,Yes,No,DSL,Yes,No,Yes,No,No internet service,No,Month-to-month,No,Bank transfer (automatic),33.5,0.0,Yes
C-ef313fd6,Female,0,Yes,No,22,Yes,Yes,Fiber optic,Yes,No,No internet service,Yes,No,No,Month-to-month,Yes,Credit card (automatic),53.5,1172.66,No
C-9b674fe3,Male,1,Yes,Yes,56,Yes,No,DSL,No,Yes,No internet service,No,No,No,One year,Yes,Credit card (automatic),40.09,2262.11,No
C-665567f3,Male,0,No,Yes,67,No,No phone service,DSL,No,No,No internet service,No,Yes,No,Month-to-month,No,Mailed check,31.54,2103.98,No
C-7c5f1de5,Female,1,No,No,43,No,No phone service,Fiber optic,Yes,Yes,No,No,No,No,Two year,Yes,Electronic check,48.98,2098.99,No
C-6e4021af,Female,0,Yes,Yes,50,Yes,Yes,Fiber optic,Yes,No,No,Yes,Yes,Yes,Month-to-month,No,Credit card (automatic),57.31,2882.9,No
C-5e621edf,Female,0,Yes,No,36,Yes,Yes,DSL,No internet service,Yes,Yes,No internet service,Yes,Yes,Month-to-month,Yes,Credit card (automatic),48.49,1800.19,No
C-6d4a5bf1,Male,1,Yes,Yes,3,Yes,No,Fiber optic,No,No,No,No,No,No internet service,One year,No,Electronic check,40.22,108.92,Yes
C-3677ac94,Male,0,Yes,No,37,Yes,Yes,No,No internet service,No internet service,No internet service,No internet service,No internet service,No internet service,One year,Yes,Bank transfer (automatic),24.68,916.33,No
C-217c9942,Female,0,No,No,40,Yes,No,Fiber optic,Yes,Yes,Yes,No,Yes,No,Month-to-month,Yes,Electronic check,62.71,2512.12,Yes
C-f1af691d,Female,0,Yes,No,71,Yes,Yes,DSL,No internet service,No,Yes,Yes,Yes,No,Two year,Yes,Bank transfer (automatic),38.71,2729.85,No
C-54b1e131,Male,0,No,No,31,Yes,No phone service,Fiber optic,No,No,Yes,No,No,No,Month-to-month,No,Mailed check,43.38,1353.36,Yes
C-98b6f1a6,Male,0,Yes,No,71,Yes,Yes,Fiber optic,Yes,Yes,No,No,Yes,No,One year,Yes,Mailed check,57.04,4056.74,No
C-6c6a1653,Male,0,Yes,No,55,Yes,No,No,No internet service,No internet service,No internet service,No internet service,No internet service,No internet service,Month-to-month,Yes,Electronic check,18.0,976.21,Yes
C-e7a75eb9,Male,0,No,No,66,Yes,Yes,Fiber optic,No,No,Yes,No,No,Yes,Month-to-month,No,Electronic check,49.79,3221.01,Yes
C-e498c958,Male,0,No,Yes,15,Yes,Yes,No,No internet service,No internet service,No internet service,No internet service,No internet service,No internet service,Month-to-month,Yes,Electronic check,18.0,250.76,Yes
C-3929f3b0,Female,0,No,Yes,4,No,No phone service,DSL,Yes,No,No,Yes,No,No,Month-to-month,Yes,Mailed check,35.9,137.34,Yes
C-f3883144,Male,0,No,No,24,Yes,No phone service,DSL,No,Yes,No,No internet service,Yes,Yes,Two year,Yes,Credit card (automatic),39.76,954.89,Yes
C-e67576f5,Male,0,No,No,15,Yes,No,DSL,Yes,No,No,No,No internet service,No,Month-to-month,No,Credit card (automatic),30.81,489.17,No
C-673fb50d,Male,0,No,No,12,Yes,No,Fiber optic,No,Yes,No,No internet service,Yes,Yes,Two year,Yes,Electronic check,58.01,665.85,No
C-d4fd3bf0,Female,1,No,No,10,Yes,No phone service,Fiber optic,No internet service,No,Yes,Yes,No internet service,No internet service,Month-to-month,No,Bank transfer (automatic),50.2,507.22,Yes
C-32298bbf,Male,0,No,No,56,Yes,No,Fiber optic,No,No,No,No internet service,Yes,No internet service,Month-to-month,No,Bank transfer (automatic),45.51,2562.13,Yes
C-081f4156,Male,0,No,No,50,Yes,No,No,No internet service,No internet service,No internet service,No internet service,No internet service,No internet service,Two year,Yes,Mailed check,18.0,906.62,No
C-efae765b,Female,0,No,No,32,Yes,No,Fiber optic,No,Yes,No,No,Yes,No,Month-to-month,Yes,Bank transfer (automatic),51.45,1608.0,No
C-bade6a22,Female,0,No,No,10,Yes,No,Fiber optic,Yes,Yes,Yes,No,No,Yes,Month-to-month,Yes,Credit card (automatic),62.26,614.65,Yes
C-447a77b1,Female,1,No,Yes,15,Yes,No phone service,No,No internet service,No internet service,No internet service,No internet service,No internet service,No internet service,One year,Yes,Bank transfer (automatic),18.0,290.19,No
C-0ce61036,Male,0,Yes,No,57,Yes,No phone service,No,No internet service,No internet service,No internet service,No internet service,No internet service,No internet service,Month-to-month,No,Bank transfer (automatic),18.27,1034.47,No
C-d3096ec1,Male,0,Yes,Yes,31,Yes,No,Fiber optic,No,No,Yes,No,Yes,Yes,Month-to-month,Yes,Bank transfer (automatic),55.47,1725.03,Yes
C-9f95d4cb,Female,0,Yes,No,0,Yes,Yes,Fiber optic,No internet service,No,Yes,No,Yes,No,Month-to-month,No,Mailed check,45.8,0.0,Yes
C-d3c352c9,Male,0,No,No,35,Yes,No phone service,No,No internet service,No internet service,No internet service,No internet service,No internet service,No internet service,Month-to-month,No,Electronic check,18.83,662.89,No
C-7c409dde,Male,0,No,No,11,Yes,Yes,Fiber optic,No,Yes,No,No,Yes,Yes,Two year,Yes,Mailed check,61.05,712.24,No
C-4e55e441,Male,0,Yes,Yes,64,Yes,Yes,Fiber optic,Yes,Yes,No,No,No,No,Two year,Yes,Credit card (automatic),53.43,3432.61,No
C-537bddda,Female,0,Yes,No,39,Yes,No,Fiber optic,No,Yes,No,Yes,Yes,No,Month-to-month,No,Mailed check,56.77,2239.12,No
C-774679d2,Female,0,No,No,17,Yes,No,Fiber optic,No,No,No,No,Yes,No,Two year,Yes,Electronic check,48.79,780.07,Yes
C-b74463b1,Female,0,No,Yes,1,Yes,Yes,DSL,No,Yes,No,Yes,Yes,No,One year,No,Electronic check,34.6,51.91,No
C-e1467543,Female,1,No,No,4,Yes,No phone service,DSL,No,No,Yes,No,Yes,No,Month-to-month,No,Bank transfer (automatic),39.24,172.59,Yes
C-46374298,Male,0,No,No,35,Yes,Yes,Fiber optic,No,Yes,Yes,Yes,No,Yes,Month-to-month,Yes,Credit card (automatic),61.18,2094.59,No
C-c11bbcd8,Male,0,No,No,18,Yes,Yes,DSL,No,Yes,No,Yes,No internet service,No,One year,Yes,Mailed check,38.0,669.65,No
C-6bf37f8b,Male,0,No,Yes,65,Yes,No,No,No internet service,No internet service,No internet service,No internet service,No internet service,No internet service,Month-to-month,No,Credit card (automatic),18.0,1136.33,No
C-8b9f8c63,Female,0,No,No,4,No,No phone service,Fiber optic,No,Yes,No,Yes,No,No,Month-to-month,Yes,Electronic check,50.42,205.06,Yes
C-8128854e,Male,1,Yes,Yes,1,Yes,No,No,No internet service,No internet service,No internet service,No internet service,No internet service,No internet service,Two year,No,Mailed check,23.16,57.86,No
C-393629c5,Female,0,No,No,3,Yes,Yes,Fiber optic,No,No,No,Yes,No,No,One year,No,Electronic check,44.6,106.21,No
C-a9574b1f,Male,0,Yes,Yes,52,Yes,Yes,Fiber optic,Yes,Yes,No,No,Yes,Yes,Month-to-month,No,Bank transfer (automatic),63.82,3311.26,Yes
C-a22402f7,Male,0,Yes,No,25,Yes,Yes,Fiber optic,Yes,No,No,No,No,No,Month-to-month,Yes,Electronic check,53.74,1335.36,Yes
C-0be31c53,Male,0,No,Yes,48,Yes,Yes,No,No internet service,No internet service,No internet service,No internet service,No internet service,No internet service,Two year,No,Credit card (automatic),21.24,1015.83,No
C-24978d83,Female,0,Yes,No,53,Yes,No,Fiber optic,No,Yes,No,Yes,No,Yes,Month-to-month,Yes,Credit card (automatic),60.09,3149.46,No
C-6ffccf4a,Male,0,No,Yes,47,No,No phone service,DSL,No internet service,No internet service,No internet service,No,Yes,Yes,Two year,Yes,Mailed check,38.69,1834.21,No
C-9d0dbc46,Male,0,Yes,Yes,55,Yes,Yes,DSL,No,No internet service,No,No,No,No internet service,Two year,Yes,Mailed check,31.52,1742.86,No
C-cff9547a,Female,0,No,No,9,No,No phone service,No,No internet service,No internet service,No internet service,No internet service,No internet service,No internet service,One year,No,Mailed check,19.37,194.27,No
C-098f0954,Female,0,No,No,64,Yes,Yes,Fiber optic,No internet service,No,No,No,Yes,Yes,Month-to-month,No,Credit card (automatic),54.74,3503.48,Yes
C-c78f0102,Male,0,No,No,7,Yes,No,No,No internet service,No internet service,No internet service,No internet service,No internet service,No internet service,Month-to-month,Yes,Electronic check,18.0,132.62,Yes
C-402c0b56,Female,0,Yes,No,61,Yes,No phone service,No,No internet service,No internet service,No internet service,No internet service,No internet service,No internet service,One year,No,Bank transfer (automatic),24.12,1457.27,No
C-4388cc63,Female,1,Yes,Yes,30,Yes,No,Fiber optic,No,Yes,Yes,No,No,No internet service,Month-to-month,Yes,Electronic check,59.49,1806.63,Yes
C-12bc5750,Male,0,Yes,No,65,No,No phone service,Fiber optic,No,Yes,Yes,No,No,No,Two year,No,Electronic check,48.61,3162.53,No
C-1cca689e,Male,0,Yes,No,72,Yes,No phone service,Fiber optic,No,No,No,Yes,No,No,Month-to-month,Yes,Mailed check,41.58,3006.94,Yes
C-43635ffd,Female,0,Yes,No,14,Yes,Yes,Fiber optic,No,No,Yes,No,Yes,No,Month-to-month,Yes,Mailed check,50.49,737.4,Yes
C-d793ed91,Female,0,Yes,No,28,No,No phone service,Fiber optic,Yes,No,No,Yes,No internet service,Yes,One year,Yes,Bank transfer (automatic),63.04,1760.45,Yes
C-2d20f3c3,Female,0,No,Yes,13,Yes,Yes,DSL,No,Yes,No,No,Yes,No internet service,Two year,Yes,Credit card (automatic),27.53,337.27,No
C-fdcc1c15,Female,0,Yes,No,46,Yes,No,DSL,Yes,Yes,No,No,No internet service,Yes,Two year,No,Mailed check,43.93,2019.06,No
C-0250bc12,Female,0,No,No,1,Yes,Yes,Fiber optic,Yes,Yes,No,No,Yes,Yes,Two year,Yes,Mailed check,61.58,56.44,No
C-265a416d,Female,0,Yes,No,21,Yes,Yes,DSL,No,No,Yes,No,No,No,Month-to-month,Yes,Electronic check,32.46,666.3,Yes
C-1373a8ed,Male,0,Yes,Yes,29,Yes,No phone service,DSL,Yes,Yes,No,No,No,No,Month-to-month,No,Bank transfer (automatic),39.49,1146.71,No
C-b4859ac2,Male,0,No,No,23,Yes,Yes,Fiber optic,Yes,No,No,No,No internet service,No internet service,Month-to-month,Yes,Bank transfer (automatic),44.3,994.57,Yes
C-d26f53b4,Female,0,Yes,Yes,34,Yes,No,Fiber optic,Yes,No,No internet service,Yes,No,No,Month-to-month,No,Electronic check,51.07,1719.24,Yes
C-307fdfe6,Female,0,No,Yes,38,Yes,No phone service,Fiber optic,No internet service,Yes,Yes,Yes,No,No,Two year,No,Bank transfer (automatic),53.5,2013.89,No
C-719b45e2,Male,1,Yes,Yes,12,No,No phone service,Fiber optic,No,Yes,No,No,No,No,Two year,Yes,Mailed check,41.58,473.45,Yes
C-805fe918,Male,0,No,No,61,Yes,No phone service,No,No internet service,No internet service,No internet service,No internet service,No internet service,No internet service,Month-to-month,Yes,Mailed check,20.23,1227.39,No
C-0edde983,Female,0,Yes,No,71,Yes,Yes,Fiber optic,No,No,Yes,No,No,Yes,Two year,No,Credit card (automatic),42.78,3033.66,No
C-3db5da62,Male,0,No,No,70,No,No phone service,DSL,No,No,Yes,No,No,Yes,Two year,Yes,Bank transfer (automatic),39.68,2782.59,No
C-07e0182e,Female,0,Yes,Yes,28,Yes,Yes,No,No internet service,No internet service,No internet service,No internet service,No internet service,No internet service,Two year,Yes,Mailed check,20.03,573.55,No
C-5283072f,Male,0,No,No,38,Yes,No,Fiber optic,No,Yes,No,No internet service,No internet service,Yes,Two year,Yes,Mailed check,53.36,2003.25,No
C-c40b0fbf,Male,0,No,Yes,28,Yes,Yes,Fiber optic,No,No,No,No,No,Yes,Two year,No,Bank transfer (automatic),44.64,1217.63,Yes
C-35788a5a,Female,0,Yes,Yes,33,Yes,Yes,Fiber optic,No,No,No,No,No,Yes,One year,Yes,Electronic check,43.32,1449.73,No
C-92fbab27,Male,0,No,No,28,Yes,No,Fiber optic,No internet service,No internet service,No,Yes,No,No,One year,Yes,Mailed check,47.54,1349.73,No
C-2829072b,Male,0,No,No,43,Yes,No,Fiber optic,Yes,Yes,No,Yes,Yes,No internet service,Month-to-month,No,Mailed check,69.84,3001.84,No
C-8fd092c6,Male,0,Yes,No,12,Yes,No phone service,DSL,Yes,No,Yes,Yes,No,Yes,Month-to-month,Yes,Credit card (automatic),48.3,598.03,No
C-787e937d,Male,0,No,No,62,Yes,No,DSL,No,No,Yes,No,No,Yes,Month-to-month,No,Credit card (automatic),32.01,1971.44,Yes
C-63bd728c,Female,0,No,Yes,43,Yes,No,DSL,No,No,No,No,No,No,Two year,No,Bank transfer (automatic),22.38,972.59,No
C-28dc9c4f,Female,0,Yes,Yes,6,No,No phone service,No,No internet service,No internet service,No internet service,No internet service,No internet service,No internet service,Two year,Yes,Bank transfer (automatic),22.72,137.61,No
C-1b7f949e,Male,0,No,Yes,8,Yes,Yes,DSL,No,No,No,No,No,No,Two year,Yes,Electronic check,25.7,201.62,No
C-ec0ae84d,Male,0,No,Yes,45,Yes,Yes,DSL,No,No,Yes,Yes,No,No,Month-to-month,Yes,Electronic check,35.6,1615.1,No
C-663f688e,Male,0,Yes,No,69,No,No phone service,Fiber optic,Yes,No,No,No,No,No,One year,Yes,Credit card (automatic),51.99,3568.62,No
C-3a3e1d30,Male,0,No,Yes,52,No,No phone service,No,No internet service,No internet service,No internet service,No internet service,No internet service,No internet service,Two year,Yes,Mailed check,19.14,1016.19,No
C-9773f153,Female,0,No,No,34,Yes,No phone service,Fiber optic,Yes,No,Yes,Yes,No,Yes,Month-to-month,Yes,Electronic check,64.66,2231.47,Yes
C-05bdd719,Female,0,No,No,6,Yes,Yes,Fiber optic,No,Yes,No,Yes,No,Yes,Month-to-month,Yes,Electronic check,57.27,367.16,Yes
C-187b36ed,Female,0,No,Yes,43,No,No phone service,Fiber optic,No,No,Yes,No,Yes,No internet service,One year,Yes,Electronic check,51.4,2170.06,Yes
C-df2bbc4b,Female,0,Yes,Yes,35,Yes,No phone service,No,No internet service,No internet service,No internet service,No internet service,No internet service,No internet service,Two year,No,Bank transfer (automatic),20.16,703.47,No
C-839e9633,Male,0,Yes,Yes,26,Yes,No,No,No internet service,No internet service,No internet service,No internet service,No internet service,No internet service,One year,No,Bank transfer (automatic),21.45,594.58,No
C-f52013fd,Female,0,Yes,No,57,Yes,No,No,No internet service,No internet service,No internet service,No internet service,No internet service,No internet service,Month-to-month,No,Electronic check,18.75,1057.12,No
C-7473f5de,Male,0,No,No,24,No,No phone service,Fiber optic,No,No,No,Yes,Yes,No internet service,One year,Yes,Electronic check,48.64,1181.44,Yes
C-78dcaee8,Female,0,Yes,No,71,No,No phone service,DSL,No,Yes,Yes,No,No,Yes,Month-to-month,Yes,Bank transfer (automatic),44.25,3093.13,No
C-7af36c70,Female,0,Yes,No,71,Yes,No phone service,DSL,No,No,Yes,No internet service,No,No,Two year,No,Credit card (automatic),30.53,2176.16,No
C-22dbe95b,Female,0,No,No,69,Yes,Yes,Fiber optic,No,No internet service,No,No,Yes,Yes,Month-to-month,Yes,Mailed check,56.96,3941.01,Yes
C-23914d7c,Male,1,Yes,Yes,8,Yes,Yes,DSL,No,No,No,No,No,Yes,Two year,Yes,Bank transfer (automatic),28.87,222.07,No
C-631f0a61,Male,0,Yes,Yes,6,Yes,Yes,Fiber optic,No,No,No,No,Yes,No,Two year,Yes,Electronic check,45.84,280.68,No
C-861d27c0,Female,0,No,No,10,Yes,Yes,Fiber optic,No,No,No,Yes,Yes,No,Month-to-month,No,Credit card (automatic),55.57,545.87,Yes
C-03147b18,Male,0,No,No,10,Yes,No,DSL,No,No,No,No,Yes,No,Two year,Yes,Mailed check,36.24,379.1,No
C-d6c6af8b,Female,0,Yes,No,38,Yes,Yes,Fiber optic,No,Yes,No,No,No,Yes,Month-to-month,Yes,Mailed check,50.45,1938.49,No
C-bacdf41c,Female,0,Yes,No,26,Yes,No,Fiber optic,No,Yes,Yes,No,Yes,No,Month-to-month,Yes,Bank transfer (automatic),59.48,1554.21,No
C-8cc51911,Male,0,Yes,No,14,No,No phone service,DSL,No internet service,Yes,No,No,Yes,No,Month-to-month,No,Electronic check,34.68,499.65,Yes
C-258d84ad,Female,0,No,Yes,11,Yes,Yes,Fiber optic,No,No,No,No internet service,No,No,One year,Yes,Electronic check,35.1,409.67,No
C-dd96ebbe,Male,0,Yes,No,0,Yes,Yes,Fiber optic,No,No,No,Yes,Yes,No internet service,Month-to-month,Yes,Bank transfer (automatic),50.74,0.0,Yes
C-27a66846,Male,0,No,No,6,Yes,No,Fiber optic,No,No,No,Yes,No internet service,No,Two year,No,Electronic check,46.1,244.59,Yes
C-e461e5cc,Male,0,No,No,44,Yes,No,Fiber optic,No internet service,Yes,Yes,No internet service,No,No internet service,Two year,Yes,Mailed check,52.72,2332.45,No
C-c7cff082,Male,0,No,No,66,Yes,Yes,DSL,Yes,No,No,Yes,Yes,No,Month-to-month,No,Bank transfer (automatic),40.57,2698.22,No
C-64606564,Male,0,No,Yes,0,Yes,No phone service,Fiber optic,No,Yes,No,Yes,No,No,Month-to-month,Yes,Credit card (automatic),46.14,0.0,Yes
C-ff9d07fb,Female,1,Yes,No,13,Yes,No phone service,No,No internet service,No internet service,No internet service,No internet service,No internet service,No internet service,Month-to-month,No,Mailed check,23.56,282.61,Yes
C-86de7e8d,Female,0,No,Yes,46,Yes,Yes,Fiber optic,No,No,No,No,No internet service,Yes,Two year,No,Credit card (automatic),47.52,2184.14,Yes
C-605bd5e2,Male,0,No,Yes,2,Yes,No phone service,DSL,No internet service,No,No,No,Yes,No,Month-to-month,Yes,Electronic check,33.45,61.54,Yes
C-1562f7e3,Female,0,Yes,No,22,No,No phone service,DSL,No,No,Yes,No,No,No,Month-to-month,No,Electronic check,24.8,564.97,No
C-970607d2,Female,1,No,No,15,Yes,Yes,Fiber optic,No,Yes,No,No,No internet service,Yes,Two year,Yes,Electronic check,53.26,796.07,No
C-802800aa,Female,1,No,No,44,Yes,No,Fiber optic,Yes,No,Yes,Yes,No,Yes,Month-to-month,No,Mailed check,66.32,2956.21,Yes
C-61b65a89,Female,0,No,Yes,41,Yes,Yes,No,No internet service,No internet service,No internet service,No internet service,No internet service,No internet service,Two year,No,Credit card (automatic),18.0,739.66,No
C-401dfae3,Male,0,Yes,No,42,Yes,No,Fiber optic,No,Yes,No,No,Yes,Yes,Month-to-month,Yes,Bank transfer (automatic),53.38,2263.79,Yes
C-eba00247,Female,0,Yes,Yes,28,Yes,No,DSL,No,No,No,No,No,No,One year,Yes,Credit card (automatic),23.45,642.87,No
C-a860d907,Male,0,Yes,No,67,Yes,No,Fiber optic,No internet service,No,Yes,No,Yes,No,Two year,Yes,Bank transfer (automatic),48.75,3301.61,No
C-e7955316,Male,0,No,No,69,Yes,No,Fiber optic,No,No,No,No,Yes,No,Month-to-month,Yes,Electronic check,45.52,3143.59,Yes
C-cbe5e9b9,Female,0,No,Yes,17,Yes,No,DSL,No,No internet service,No,No,No,Yes,Month-to-month,Yes,Bank transfer (automatic),32.3,533.55,No
C-908c2fa5,Male,0,No,Yes,19,Yes,Yes,Fiber optic,No,No,Yes,Yes,Yes,No,Two year,Yes,Bank transfer (automatic),57.18,1115.02,No
C-ee0ee40f,Female,0,Yes,No,67,Yes,No,DSL,No,Yes,Yes,No,No internet service,Yes,Month-to-month,No,Bank transfer (automatic),49.85,3347.53,Yes
C-fbe91e73,Female,0,Yes,No,27,Yes,No,DSL,Yes,No,No,No,No,Yes,Month-to-month,Yes,Mailed check,32.88,876.56,No
C-34e54296,Female,0,Yes,Yes,38,Yes,No,No,No internet service,No internet service,No internet service,No internet service,No internet service,No internet service,Month-to-month,No,Credit card (automatic),20.08,758.39,No
C-69a49922,Female,0,No,No,61,Yes,Yes,DSL,No,Yes,No,Yes,Yes,Yes,One year,No,Bank transfer (automatic),46.44,2842.99,No
C-baff1c2c,Female,0,Yes,No,0,Yes,No phone service,DSL,No,Yes,No,No,Yes,Yes,Month-to-month,No,Mailed check,41.46,1.37,Yes
C-1230195f,Male,0,Yes,No,26,Yes,No,Fiber optic,No,No internet service,Yes,No,Yes,No,Month-to-month,No,Bank transfer (automatic),55.52,1404.35,Yes
C-7b859142,Female,0,No,No,29,Yes,No,Fiber optic,No,Yes,No,No,Yes,No,One year,Yes,Bank transfer (automatic),47.93,1390.17,Yes
C-6a3b9697,Female,0,Yes,Yes,32,No,No phone service,Fiber optic,No,Yes,Yes,No,Yes,No,Month-to-month,Yes,Mailed check,58.7,1865.84,Yes
C-91d3e479,Female,0,Yes,No,4,Yes,Yes,Fiber optic,No internet service,No,No,No,No internet service,No,Two year,Yes,Electronic check,39.62,149.56,Yes
C-1486b5b1,Female,0,Yes,No,56,Yes,Yes,No,No internet service,No internet service,No internet service,No internet service,No internet service,No internet service,Two year,No,Electronic check,21.34,1174.6,No
C-4d72b5e9,Male,0,No,Yes,50,Yes,No,Fiber optic,No,No,No,Yes,No,Yes,One year,No,Mailed check,57.5,2920.29,No
C-1dcf48b6,Male,0,Yes,No,8,Yes,Yes,No,No internet service,No internet service,No internet service,No internet service,No internet service,No internet service,Month-to-month,Yes,Mailed check,22.68,154.66,No
C-e7997a49,Male,0,Yes,No,52,Yes,No,Fiber optic,Yes,No,Yes,No,No,No,One year,Yes,Mailed check,54.09,2791.67,No
C-bad2b2bb,Male,1,Yes,No,56,Yes,No,DSL,No,Yes,No internet service,Yes,No,No internet service,Month-to-month,No,Electronic check,38.63,2126.15,Yes
C-b964d03e,Female,0,No,Yes,21,Yes,No phone service,Fiber optic,Yes,No,No,Yes,Yes,Yes,Month-to-month,No,Mailed check,65.13,1366.34,No
C-9921f5dc,Female,0,No,Yes,70,Yes,Yes,Fiber optic,No,Yes,No,No internet service,Yes,No,Month-to-month,Yes,Bank transfer (automatic),49.4,3459.06,No
C-8ba1680a,Female,0,Yes,Yes,17,Yes,Yes,Fiber optic,No internet service,No,No,Yes,Yes,No,Month-to-month,Yes,Electronic check,50.21,847.75,No
C-1145352d,Female,0,No,No,40,Yes,Yes,DSL,Yes,Yes,No,Yes,No,Yes,Month-to-month,No,Electronic check,51.49,2044.43,Yes
C-0a43d388,Male,0,No,No,31,Yes,No phone service,No,No internet service,No internet service,No internet service,No internet service,No internet service,No internet service,One year,Yes,Bank transfer (automatic),20.61,643.32,No
C-a8351112,Female,0,No,Yes,34,Yes,Yes,No,No internet service,No internet service,No internet service,No internet service,No internet service,No internet service,Month-to-month,No,Electronic check,24.0,797.65,Yes
C-28898e3b,Female,0,Yes,No,44,Yes,No phone service,Fiber optic,Yes,Yes,No internet service,No,No,Yes,Month-to-month,Yes,Electronic check,60.4,2657.53,Yes
C-5e20554e,Male,0,No,No,26,Yes,Yes,DSL,No,No,No,Yes,Yes,No,Month-to-month,Yes,Mailed check,41.66,1090.13,Yes
C-2bd752d3,Female,0,No,No,9,Yes,No,No,No internet service,No internet service,No internet service,No internet service,No internet service,No internet service,Two year,Yes,Mailed check,27.87,248.03,No
C-f1a32a13,Male,0,Yes,No,66,Yes,No,No,No internet service,No internet service,No internet service,No internet service,No internet service,No internet service,Month-to-month,Yes,Electronic check,21.43,1419.89,Yes
C-032a0f3c,Male,0,No,Yes,17,No,No phone service,DSL,No,No,Yes,Yes,No,No,Month-to-month,Yes,Bank transfer (automatic),31.26,562.07,No
C-09eebd00,Female,0,No,No,12,Yes,Yes,Fiber optic,No,Yes,No internet service,Yes,Yes,Yes,Month-to-month,Yes,Credit card (automatic),59.07,699.88,Yes
C-14a62744,Male,0,No,Yes,61,Yes,Yes,Fiber optic,No,Yes,No,No,Yes,No internet service,Month-to-month,Yes,Electronic check,50.03,3063.49,Yes
C-b8965597,Female,1,No,No,12,Yes,No,DSL,No,No,Yes,No,Yes,No,Two year,Yes,Mailed check,37.63,483.85,No
C-7084ebc6,Female,1,Yes,No,36,Yes,Yes,Fiber optic,No,No,Yes,No,No,Yes,Month-to-month,No,Credit card (automatic),51.41,1853.34,Yes
C-c78106c1,Male,0,Yes,No,51,Yes,No,Fiber optic,No,Yes,Yes,Yes,No,Yes,One year,No,Credit card (automatic),62.98,3214.39,No
C-9445af6b,Female,0,No,No,21,Yes,No,DSL,No,No,Yes,No,No,No,Two year,Yes,Electronic check,29.46,659.52,No
C-4c97a16e,Male,0,Yes,Yes,32,Yes,No,Fiber optic,Yes,Yes,No,No,Yes,No internet service,Two year,Yes,Bank transfer (automatic),54.42,1719.97,No
C-785e14c2,Male,0,No,No,1,No,No phone service,No,No internet service,No internet service,No internet service,No internet service,No internet service,No internet service,One year,Yes,Electronic check,18.66,18.27,Yes
C-54211f86,Female,0,Yes,No,2,Yes,No phone service,Fiber optic,Yes,No,No,No,Yes,No,Two year,No,Credit card (automatic),50.57,91.58,No
C-6f595b25,Female,0,No,No,18,Yes,Yes,Fiber optic,Yes,No,Yes,No internet service,Yes,Yes,Month-to-month,Yes,Bank transfer (automatic),57.68,1036.96,Yes
C-49ad8823,Male,0,No,No,7,Yes,No,DSL,Yes,No,No internet service,Yes,Yes,No,Month-to-month,No,Electronic check,42.13,305.8,Yes
C-263fc7f5,Female,1,Yes,Yes,46,Yes,Yes,No,No internet service,No internet service,No internet service,No internet service,No internet service,No internet service,Two year,Yes,Electronic check,18.0,829.36,No
C-a7ed08ba,Male,0,Yes,No,33,Yes,No,No,No internet service,No internet service,No internet service,No internet service,No internet service,No internet service,One year,Yes,Electronic check,22.36,740.65,No
C-ecc1a609,Female,0,Yes,No,14,Yes,Yes,DSL,No,No,No,No,Yes,Yes,Month-to-month,No,Electronic check,39.85,527.28,No
C-1a95c8af,Male,0,Yes,No,28,Yes,Yes,Fiber optic,Yes,No internet service,Yes,Yes,Yes,No,Two year,Yes,Electronic check,63.36,1753.88,No
C-dcc97555,Female,0,No,No,71,Yes,No,DSL,No,Yes,No,Yes,Yes,No,Month-to-month,No,Electronic check,46.17,3262.77,Yes
C-72194394,Female,0,Yes,No,6,Yes,Yes,No,No internet service,No internet service,No internet service,No internet service,No internet service,No internet service,Month-to-month,Yes,Electronic check,18.0,139.38,No
C-76e3632d,Male,0,Yes,No,60,No,No phone service,Fiber optic,No,Yes,No,No,No,No,Month-to-month,Yes,Credit card (automatic),48.3,2916.94,Yes
C-4318db93,Male,0,Yes,No,17,Yes,No phone service,Fiber optic,No,No,Yes,No,Yes,Yes,Month-to-month,No,Mailed check,62.02,1052.15,No
C-e785e69c,Male,0,No,No,23,Yes,Yes,Fiber optic,No internet service,No,No,Yes,Yes,No internet service,Month-to-month,Yes,Electronic check,50.29,1123.53,No
C-95fdd383,Male,0,Yes,Yes,51,Yes,No phone service,Fiber optic,No,Yes,No internet service,No internet service,Yes,Yes,Month-to-month,Yes,Electronic check,54.77,2796.61,Yes
C-4cb398d3,Female,0,Yes,No,38,Yes,Yes,DSL,Yes,Yes,No,No,No,No,Month-to-month,Yes,Bank transfer (automatic),36.6,1367.75,No
C-8e75b820,Female,0,Yes,No,48,Yes,No,Fiber optic,No,No,No,Yes,No,No,Month-to-month,Yes,Electronic check,48.8,2301.66,No
C-a71e7f6f,Female,0,Yes,No,26,Yes,Yes,No,No internet service,No internet service,No internet service,No internet service,No internet service,No internet service,Month-to-month,Yes,Credit card (automatic),19.03,495.03,Yes
C-b91685fe,Female,0,Yes,Yes,65,Yes,No,DSL,No,Yes,Yes,Yes,Yes,Yes,Month-to-month,Yes,Bank transfer (automatic),49.42,3174.07,No
C-edaff4d1,Female,0,Yes,Yes,26,Yes,Yes,No,No internet service,No internet service,No internet service,No internet service,No internet service,No internet service,Two year,No,Bank transfer (automatic),18.0,437.33,No
C-1e406cf9,Male,0,Yes,No,47,Yes,Yes,DSL,Yes,No,No,No,Yes,No,Two year,Yes,Electronic check,35.88,1700.36,No
C-557423eb,Male,0,No,Yes,37,Yes,No phone service,Fiber optic,No,No,Yes,No,No internet service,No,Month-to-month,Yes,Electronic check,43.14,1630.64,Yes
C-73a187e1,Female,0,Yes,No,26,Yes,No,Fiber optic,Yes,No,No,No,No,No,Two year,No,Bank transfer (automatic),49.58,1293.12,No
C-5234b928,Male,1,No,No,27,Yes,No,No,No internet service,No internet service,No internet service,No internet service,No internet service,No internet service,Two year,Yes,Bank transfer (automatic),18.0,514.02,No
C-728d4440,Male,0,No,No,6,Yes,Yes,DSL,Yes,No,Yes,No,No,Yes,Two year,No,Mailed check,39.39,247.01,No
C-081f187d,Male,0,No,Yes,72,Yes,No,DSL,Yes,No,Yes,No,Yes,No,Month-to-month,No,Credit card (automatic),36.59,2604.44,No
C-96b8859f,Female,0,No,Yes,43,Yes,No,No,No internet service,No internet service,No internet service,No internet service,No internet service,No internet service,Month-to-month,No,Electronic check,19.51,864.38,Yes
C-d8bda331,Female,0,Yes,No,6,Yes,No,Fiber optic,No,No,No,Yes,No,Yes,Month-to-month,Yes,Credit card (automatic),51.97,310.33,Yes
C-16d6dfe6,Male,0,No,No,52,Yes,No,Fiber optic,No,Yes,No,Yes,Yes,Yes,Month-to-month,No,Bank transfer (automatic),58.67,3038.52,No
C-4dc459ba,Male,0,No,No,66,Yes,No phone service,DSL,Yes,No,No,Yes,No,No,One year,Yes,Bank transfer (automatic),37.47,2480.52,No
C-ae31b499,Female,0,No,Yes,40,Yes,Yes,No,No internet service,No internet service,No internet service,No internet service,No internet service,No internet service,One year,No,Credit card (automatic),19.03,749.97,No
C-08968fc6,Female,0,Yes,No,50,Yes,Yes,Fiber optic,No internet service,Yes,No,No,No,No,Month-to-month,No,Electronic check,44.9,2255.3,Yes
C-e984096c,Male,0,No,No,38,Yes,No,Fiber optic,No,Yes,No,Yes,No,No internet service,Two year,Yes,Electronic check,52.06,1944.27,No
C-e70f9050,Female,0,Yes,No,66,Yes,No,Fiber optic,Yes,Yes,Yes,Yes,No internet service,No,Month-to-month,No,Bank transfer (automatic),62.74,4119.02,Yes
C-c20e372d,Male,1,No,No,0,Yes,Yes,DSL,No internet service,No,Yes,No,Yes,No internet service,Month-to-month,Yes,Electronic check,33.24,15.04,Yes
C-0d6b1e49,Female,0,Yes,No,18,Yes,Yes,Fiber optic,No,Yes,No,No,Yes,No,Month-to-month,Yes,Mailed check,49.58,881.92,Yes
C-d094a553,Female,0,No,No,29,Yes,No,Fiber optic,No,Yes,No,No,No,No internet service,Month-to-month,No,Mailed check,43.66,1263.11,Yes
C-5ed52e08,Female,1,No,Yes,55,Yes,No phone service,DSL,Yes,No internet service,No,No,Yes,Yes,One year,Yes,Mailed check,42.61,2325.12,No
C-f93888a9,Male,0,No,Yes,29,Yes,No phone service,DSL,No,Yes,No,No,Yes,No,One year,Yes,Electronic check,40.07,1170.29,No
C-f5df9656,Male,0,No,Yes,52,Yes,No phone service,DSL,No,No,No,No,Yes,Yes,One year,Yes,Bank transfer (automatic),41.94,2152.71,No
C-9ea68a8e,Male,0,Yes,No,12,Yes,No,DSL,No,No,Yes,No internet service,No,No,Month-to-month,Yes,Bank transfer (automatic),30.84,410.3,No
C-8ec35a55,Male,0,No,Yes,40,Yes,Yes,No,No internet service,No internet service,No internet service,No internet service,No internet service,No internet service,Month-to-month,No,Electronic check,23.6,954.48,No
C-c16b6541,Male,1,Yes,Yes,42,Yes,No,Fiber optic,Yes,No,No,No,Yes,Yes,Month-to-month,No,Electronic check,63.48,2660.23,Yes
C-78e8b211,Female,1,No,Yes,45,Yes,Yes,No,No internet service,No internet service,No internet service,No internet service,No internet service,No internet service,One year,Yes,Electronic check,20.09,922.07,No
C-55b78b77,Male,0,No,Yes,3,Yes,Yes,DSL,No,No,No internet service,No,No,Yes,Month-to-month,No,Bank transfer (automatic),34.02,94.87,Yes
C-52f33465,Male,0,Yes,No,32,Yes,No,DSL,No,No internet service,No,No,No,No,Month-to-month,Yes,Credit card (automatic),25.18,818.17,No
C-75393314,Female,0,Yes,No,7,Yes,No,No,No internet service,No internet service,No internet service,No internet service,No internet service,No internet service,Month-to-month,Yes,Mailed check,19.13,139.09,No
C-59f3d9b0,Male,0,Yes,Yes,17,Yes,No,Fiber optic,No,No,No,No,Yes,No,Two year,Yes,Electronic check,44.17,725.92,Yes
C-b56427bc,Female,0,Yes,No,2,Yes,No phone service,Fiber optic,No,No,No,No,Yes,No,Month-to-month,Yes,Electronic check,47.1,89.44,Yes
C-b80a8ec4,Male,0,No,No,16,Yes,No,Fiber optic,No,No internet service,No,Yes,No,No,Month-to-month,Yes,Bank transfer (automatic),40.62,701.83,Yes
C-1377a56c,Female,0,Yes,Yes,3,No,No phone service,Fiber optic,No internet service,Yes,No,No,Yes,No,Two year,Yes,Credit card (automatic),51.81,142.26,Yes
C-64976088,Female,0,No,Yes,5,No,No phone service,DSL,No,Yes,No,No,No internet service,No,Month-to-month,Yes,Electronic check,28.21,131.89,Yes
C-371a38c5,Female,0,Yes,Yes,59,Yes,Yes,Fiber optic,No,No,No,No,No,No,One year,No,Electronic check,41.79,2453.82,No
C-ced5eaa0,Female,0,No,No,31,Yes,No,Fiber optic,No internet service,No internet service,No,No,No,Yes,Month-to-month,No,Mailed check,48.07,1456.66,Yes
C-132aa91c,Female,1,No,No,7,Yes,No,DSL,No,No,No,Yes,No,Yes,Month-to-month,Yes,Bank transfer (automatic),34.31,217.58,Yes
C-8b5f1c13,Male,0,Yes,No,69,Yes,No,Fiber optic,No,No,No,No,No,No,One year,No,Electronic check,34.5,2408.68,No
C-c2f1343c,Female,0,Yes,Yes,12,Yes,No,DSL,No,Yes,No,No,Yes,Yes,Month-to-month,No,Electronic check,39.87,503.15,Yes
C-0cef9156,Male,0,No,No,70,Yes,Yes,Fiber optic,No,No,Yes,No,Yes,No,Month-to-month,No,Mailed check,49.88,3516.06,No
C-2c7bc704,Female,0,No,No,55,Yes,No,Fiber optic,No,Yes,No internet service,No,No,No,One year,Yes,Electronic check,43.7,2394.65,No
C-8c1c7816,Female,0,No,Yes,13,Yes,No,Fiber optic,No,No,Yes,No internet service,No,No,Two year,Yes,Bank transfer (automatic),43.12,580.81,No
C-9f2af99f,Male,0,Yes,Yes,34,Yes,No,DSL,Yes,No,No,No internet service,No,No,Month-to-month,No,Bank transfer (automatic),31.62,1102.18,No
C-15009bc9,Male,0,No,Yes,13,Yes,No phone service,No,No internet service,No internet service,No internet service,No internet service,No internet service,No internet service,Two year,No,Electronic check,18.27,268.06,No
C-36cad209,Female,0,Yes,No,51,Yes,No,Fiber optic,No,No,Yes,No internet service,No,Yes,Month-to-month,No,Mailed check,53.94,2733.88,Yes
C-7a902b7f,Male,1,Yes,No,17,Yes,Yes,DSL,Yes,No internet service,No,Yes,No,Yes,Month-to-month,No,Electronic check,43.53,749.38,No
C-6a81d502,Female,0,No,Yes,64,Yes,No phone service,Fiber optic,No,No internet service,No,No,Yes,No,Two year,Yes,Electronic check,46.56,2996.0,No
C-319f8bf2,Male,1,No,No,6,Yes,Yes,Fiber optic,No,No,No,No internet service,No internet service,No,Month-to-month,No,Electronic check,35.84,219.25,Yes
C-a13eec68,Female,0,No,No,45,Yes,No,Fiber optic,No internet service,Yes,No,No internet service,No,No,Two year,Yes,Mailed check,46.32,2071.1,No
C-414d5ee8,Male,0,No,No,20,Yes,Yes,DSL,Yes,No,No,No,No,Yes,One year,Yes,Mailed check,42.44,876.12,No
C-2c107311,Female,0,No,Yes,20,Yes,Yes,Fiber optic,Yes,No internet service,No,Yes,No,Yes,One year,Yes,Bank transfer (automatic),53.15,1073.4,No
C-324d7b78,Male,0,No,No,32,Yes,No,No,No internet service,No internet service,No internet service,No internet service,No internet service,No internet service,Month-to-month,No,Credit card (automatic),18.0,599.68,Yes
C-c59532da,Female,1,No,No,55,Yes,No,DSL,No,Yes,No,No,No,Yes,One year,No,Electronic check,36.71,2052.82,No
C-ba2ada9b,Female,0,Yes,Yes,24,Yes,No,Fiber optic,Yes,Yes,Yes,No,Yes,No,Month-to-month,Yes,Electronic check,58.13,1396.46,Yes
C-8f4857e5,Female,0,No,No,13,Yes,No,Fiber optic,Yes,Yes,No,No,No,No,Month-to-month,No,Electronic check,47.33,633.6,Yes
C-479d95d9,Female,0,No,No,3,Yes,No,Fiber optic,No,No,No,No,Yes,No internet service,Month-to-month,No,Bank transfer (automatic),43.73,117.89,Yes
C-0cbbafb1,Female,0,Yes,Yes,59,Yes,Yes,Fiber optic,No,Yes,No,Yes,Yes,No,Two year,No,Mailed check,56.25,3361.59,No
C-88d5ff41,Female,0,No,No,67,Yes,No,No,No internet service,No internet service,No internet service,No internet service,No internet service,No internet service,Month-to-month,Yes,Mailed check,18.0,1202.47,Yes
C-3e60dc90,Female,0,Yes,Yes,70,Yes,Yes,DSL,No,No,No,No,No,Yes,One year,No,Mailed check,29.52,2078.24,Yes
C-813a6efe,Female,1,No,Yes,21,Yes,No phone service,No,No internet service,No internet service,No internet service,No internet service,No internet service,No internet service,Month-to-month,No,Credit card (automatic),20.58,419.88,No
C-cd304eb1,Female,0,Yes,No,49,Yes,Yes,Fiber optic,No,Yes,No,Yes,No,No,Month-to-month,No,Electronic check,48.84,2400.56,Yes
C-535f106c,Female,0,Yes,No,35,Yes,No,Fiber optic,No,Yes,No,No,No,No,One year,Yes,Mailed check,47.96,1706.47,Yes
C-8fa5e307,Female,0,No,Yes,27,Yes,No,Fiber optic,No,Yes,Yes,No,Yes,No,Two year,No,Mailed check,56.08,1485.65,No
C-242d6bf1,Male,1,Yes,No,44,Yes,Yes,No,No internet service,No internet service,No internet service,No internet service,No internet service,No internet service,Month-to-month,No,Bank transfer (automatic),18.0,787.76,No
C-211e57c5,Male,1,No,No,13,Yes,Yes,No,No internet service,No internet service,No internet service,No internet service,No internet service,No internet service,Month-to-month,Yes,Electronic check,25.07,301.28,Yes
C-aac17df8,Female,1,Yes,No,40,Yes,Yes,Fiber optic,No,No,No,No,No,Yes,Two year,No,Electronic check,44.73,1799.46,No
C-50592adf,Female,0,Yes,Yes,67,Yes,Yes,Fiber optic,No,No,Yes,Yes,Yes,No,Month-to-month,Yes,Electronic check,58.46,3928.25,Yes
C-d15de1e9,Female,0,No,Yes,27,Yes,No phone service,No,No internet service,No internet service,No internet service,No internet service,No internet service,No internet service,Month-to-month,Yes,Mailed check,22.48,610.33,No
C-1d62b745,Male,0,No,No,32,Yes,No,DSL,No,Yes,No internet service,Yes,No,No internet service,Month-to-month,Yes,Credit card (automatic),35.0,1117.27,Yes
C-c7f31cd1,Male,0,Yes,Yes,3,Yes,No,No,No internet service,No internet service,No internet service,No internet service,No internet service,No internet service,Month-to-month,No,Mailed check,22.56,86.34,Yes
C-0ab6de1a,Male,0,No,Yes,66,Yes,No phone service,Fiber optic,No,No,Yes,No,Yes,Yes,One year,No,Electronic check,62.84,4124.85,No
C-68d34c91,Female,0,No,No,43,Yes,Yes,No,No internet service,No internet service,No internet service,No internet service,No internet service,No internet service,Month-to-month,Yes,Bank transfer (automatic),18.01,749.96,No
C-ccba8361,Male,0,Yes,No,35,No,No phone service,No,No internet service,No internet service,No internet service,No internet service,No internet service,No internet service,Month-to-month,Yes,Bank transfer (automatic),21.58,731.25,Yes
C-26f6359a,Male,0,No,No,70,Yes,Yes,DSL,No,No,No,Yes,Yes,Yes,Two year,Yes,Electronic check,44.04,3098.88,No
C-5b1753da,Female,0,Yes,No,21,Yes,No,Fiber optic,No,No internet service,No,No internet service,Yes,Yes,One year,Yes,Credit card (automatic),50.13,1037.75,No
C-62193037,Female,1,Yes,Yes,46,Yes,Yes,Fiber optic,Yes,No,No internet service,Yes,Yes,Yes,Month-to-month,No,Electronic check,62.96,2913.05,No
C-105d7af8,Female,0,Yes,No,1,Yes,Yes,Fiber optic,No internet service,No,No,No,No,Yes,Month-to-month,Yes,Mailed check,45.87,13.84,Yes
C-fc801f14,Female,0,Yes,No,29,Yes,Yes,DSL,Yes,Yes,No,No,No,No,Two year,No,Bank transfer (automatic),38.63,1118.16,No
C-cd9beaf3,Female,0,Yes,Yes,46,Yes,Yes,Fiber optic,Yes,No,Yes,No internet service,No internet service,No internet service,One year,Yes,Electronic check,52.02,2402.23,No
C-500b5a85,Female,0,No,Yes,35,Yes,No phone service,DSL,No,Yes,Yes,No,No,No,Two year,Yes,Electronic check,38.97,1375.33,No
C-e46ae4de,Female,0,No,No,31,Yes,No,Fiber optic,No,No,No,Yes,Yes,Yes,Month-to-month,No,Bank transfer (automatic),52.27,1638.59,No
C-192bb352,Female,0,No,Yes,49,Yes,Yes,Fiber optic,No,No,No,No,Yes,No,One year,Yes,Mailed check,44.9,2183.91,No
C-4565bf3e,Female,0,Yes,Yes,66,Yes,Yes,Fiber optic,No internet service,No,No,Yes,No,No,Two year,Yes,Electronic check,43.39,2862.51,No
C-d2b4bad4,Female,0,No,Yes,47,Yes,No,Fiber optic,No internet service,No,Yes,No,Yes,No,Month-to-month,No,Electronic check,45.93,2166.01,Yes
C-c3d273aa,Male,0,Yes,No,1,Yes,No,Fiber optic,No,Yes,No,No internet service,Yes,Yes,One year,Yes,Bank transfer (automatic),55.68,44.35,Yes
C-f8606cc5,Female,1,No,Yes,34,Yes,No,DSL,No,No,Yes,No,Yes,No,Month-to-month,Yes,Electronic check,37.75,1268.02,Yes
C-d4fbc029,Female,0,Yes,Yes,2,Yes,Yes,No,No internet service,No internet service,No internet service,No internet service,No internet service,No internet service,Month-to-month,Yes,Electronic check,19.17,48.54,No
C-f2a57272,Female,1,Yes,Yes,13,Yes,Yes,Fiber optic,No,No,No,Yes,Yes,No,Month-to-month,No,Bank transfer (automatic),52.86,671.36,Yes
C-100138c9,Male,0,No,No,3,Yes,No,Fiber optic,Yes,Yes,No,No,No internet service,No,One year,No,Bank transfer (automatic),53.88,203.41,No
C-d78b8d0c,Female,1,No,No,27,Yes,No,DSL,No,Yes,Yes,Yes,Yes,Yes,Month-to-month,No,Mailed check,51.52,1420.11,Yes
C-8610cb84,Female,1,Yes,No,42,Yes,No,Fiber optic,No,No,Yes,No,No,No,Month-to-month,No,Mailed check,40.26,1684.48,Yes
C-5abac31c,Female,0,No,No,15,No,No phone service,No,No internet service,No internet service,No internet service,No internet service,No internet service,No internet service,Month-to-month,Yes,Bank transfer (automatic),27.27,413.86,Yes
C-c0dfc642,Female,0,Yes,No,56,Yes,Yes,DSL,No,Yes,Yes,No,Yes,Yes,Month-to-month,No,Electronic check,45.55,2578.37,No
C-9fca8779,Male,0,Yes,No,8,Yes,No,DSL,No,No internet service,Yes,No,No,No,Two year,No,Bank transfer (automatic),30.04,241.52,No
C-aafc6bb6,Female,1,Yes,No,33,Yes,No phone service,DSL,No,Yes,No,No internet service,Yes,No,One year,Yes,Electronic check,36.4,1197.58,Yes
C-555bf900,Female,0,No,No,71,Yes,Yes,DSL,No,No,No,No,No,No,Two year,Yes,Bank transfer (automatic),23.61,1629.96,No
C-22c9ffc6,Female,0,No,Yes,2,Yes,Yes,Fiber optic,No,No internet service,No,No internet service,No,Yes,One year,No,Credit card (automatic),47.75,117.33,Yes
C-ea04a4ee,Male,0,Yes,Yes,0,Yes,No,Fiber optic,No,No,No,Yes,No,No,One year,Yes,Bank transfer (automatic),48.93,0.0,No
C-22692bf1,Female,0,Yes,Yes,6,Yes,No,Fiber optic,Yes,Yes,No,No internet service,Yes,No internet service,One year,Yes,Mailed check,55.06,324.97,No
C-94e550c9,Male,0,No,No,60,Yes,No,Fiber optic,Yes,No internet service,No,Yes,Yes,Yes,Month-to-month,Yes,Mailed check,63.21,3772.43,No
C-2493cda9,Female,0,Yes,No,38,Yes,No,Fiber optic,No,No,No,Yes,No,No,Month-to-month,Yes,Bank transfer (automatic),44.11,1691.74,No
C-d1f87a8b,Male,0,Yes,Yes,44,Yes,Yes,Fiber optic,Yes,No,No internet service,No,Yes,No internet service,One year,Yes,Credit card (automatic),52.98,2354.03,No
C-f1dfdabe,Female,0,No,No,16,Yes,Yes,No,No internet service,No internet service,No internet service,No internet service,No internet service,No internet service,One year,No,Mailed check,24.24,361.67,No
C-e1e7b5b8,Female,0,Yes,Yes,14,Yes,Yes,DSL,No,Yes,Yes,No,No,Yes,Month-to-month,No,Electronic check,37.13,486.83,No
C-2ef8e650,Female,0,Yes,Yes,35,Yes,Yes,DSL,Yes,No,No,Yes,No internet service,No,Month-to-month,Yes,Electronic check,36.32,1276.47,Yes
C-d07ca9cd,Male,0,Yes,No,39,Yes,No,Fiber optic,No,No,No internet service,No,No,Yes,Month-to-month,No,Mailed check,45.34,1755.83,Yes
C-d308c947,Male,0,No,No,45,Yes,Yes,No,No internet service,No internet service,No internet service,No internet service,No internet service,No internet service,Month-to-month,No,Credit card (automatic),23.64,1082.27,No
C-b5732fc9,Female,0,Yes,No,46,No,No phone service,DSL,No,No,No,Yes,Yes,No,One year,No,Mailed check,36.09,1660.49,No
C-04a2cf68,Male,0,Yes,No,36,No,No phone service,DSL,Yes,No,No,Yes,No,Yes,Month-to-month,No,Bank transfer (automatic),39.5,1392.43,No
C-618b4897,Female,0,No,No,63,Yes,Yes,Fiber optic,No,No,No,No,No,No,One year,No,Mailed check,41.62,2627.86,Yes
C-f57ceec5,Female,0,Yes,Yes,67,Yes,No,DSL,No,Yes,No,Yes,No internet service,Yes,Month-to-month,Yes,Electronic check,43.81,2919.53,Yes
C-6aac9a35,Female,0,Yes,No,36,Yes,Yes,DSL,No,No,Yes,No,No,No internet service,Month-to-month,No,Credit card (automatic),28.93,1044.6,Yes
C-54a63f6a,Male,0,Yes,No,38,Yes,No,DSL,No,Yes,No,No,No,Yes,One year,Yes,Mailed check,38.54,1445.73,No
C-4cea569d,Female,1,Yes,No,26,Yes,Yes,Fiber optic,No,No,Yes,No,Yes,No,Month-to-month,Yes,Bank transfer (automatic),54.82,1418.13,No
C-647fb3a4,Female,1,No,No,21,Yes,No,Fiber optic,No,Yes,No,Yes,No,No,Month-to-month,No,Electronic check,50.04,1052.45,Yes
C-54c50224,Male,0,Yes,No,68,Yes,Yes,DSL,No,Yes,No,Yes,No internet service,No,One year,Yes,Electronic check,34.74,2376.21,No
C-3de40215,Male,0,Yes,Yes,68,Yes,No,Fiber optic,No,No,No,No,Yes,No,Two year,Yes,Mailed check,46.11,3146.88,No
C-cca59f07,Female,0,No,No,26,Yes,No phone service,No,No internet service,No internet service,No internet service,No internet service,No internet service,No internet service,Month-to-month,Yes,Electronic check,20.99,538.23,Yes
C-bedce24a,Female,0,No,No,57,Yes,Yes,Fiber optic,No,No internet service,Yes,Yes,No,Yes,Month-to-month,Yes,Credit card (automatic),61.95,3551.15,Yes
C-df58f93b,Female,1,No,No,31,Yes,Yes,DSL,No,Yes,Yes,No,No,No,Month-to-month,Yes,Mailed check,30.07,912.07,No
C-0a81c7fd,Male,0,Yes,Yes,25,Yes,Yes,DSL,No internet service,No,No,Yes,No internet service,Yes,One year,Yes,Credit card (automatic),35.72,870.97,No
C-644329fe,Male,0,Yes,Yes,55,Yes,No phone service,Fiber optic,No,No,No,No,No,Yes,Month-to-month,No,Mailed check,44.66,2477.78,No
C-434f913a,Male,0,Yes,No,63,Yes,Yes,Fiber optic,No,Yes,No,No,No,No,Two year,Yes,Electronic check,45.36,2896.74,No
C-acc36d16,Male,0,Yes,Yes,46,Yes,No phone service,Fiber optic,No,Yes,No,No,Yes,No,Month-to-month,Yes,Electronic check,55.25,2607.19,Yes
C-a18e62ff,Male,1,Yes,No,4,Yes,Yes,Fiber optic,No,No,No,No,Yes,No,Month-to-month,Yes,Mailed check,50.53,218.68,Yes
C-1e610e52,Male,1,Yes,No,66,Yes,No,No,No internet service,No internet service,No internet service,No internet service,No internet service,No internet service,One year,No,Bank transfer (automatic),18.74,1248.42,No
C-2d4bea22,Male,0,No,No,13,Yes,No,DSL,Yes,Yes,No,No,No,No,Month-to-month,Yes,Mailed check,40.28,517.62,No
C-d947693b,Female,0,No,Yes,5,Yes,No,No,No internet service,No internet service,No internet service,No internet service,No internet service,No internet service,Month-to-month,Yes,Mailed check,25.31,130.76,Yes
C-6c857698,Male,0,Yes,No,5,Yes,Yes,DSL,No,Yes,No,No,No internet service,Yes,One year,Yes,Credit card (automatic),36.7,182.6,No
C-8031efa2,Male,1,Yes,No,13,Yes,Yes,DSL,Yes,No,No internet service,Yes,No,No,Month-to-month,Yes,Electronic check,37.21,492.79,No
C-cec60d1d,Female,1,No,No,6,Yes,Yes,Fiber optic,No,No,No,No,No,No internet service,One year,No,Mailed check,44.77,275.89,Yes
C-60bbadd1,Female,0,No,No,22,Yes,Yes,Fiber optic,Yes,No,No,No internet service,No internet service,Yes,One year,No,Bank transfer (automatic),45.92,995.08,No
C-70eb5ba8,Female,0,Yes,No,50,Yes,No phone service,DSL,No,No internet service,Yes,Yes,No,No,One year,No,Electronic check,38.48,1949.28,No
C-faf4dd9a,Male,1,Yes,Yes,64,Yes,No,DSL,Yes,No,Yes,No,Yes,No,Month-to-month,No,Mailed check,45.49,2904.98,No
C-95811229,Male,0,No,No,47,Yes,Yes,Fiber optic,Yes,Yes,Yes,No,No,No,Month-to-month,Yes,Credit card (automatic),55.06,2596.25,No
C-7824fa90,Male,1,No,Yes,24,Yes,Yes,DSL,No,No,No internet service,No,Yes,Yes,Two year,No,Mailed check,37.96,901.13,No
C-f37a0d33,Male,1,No,Yes,52,Yes,No,Fiber optic,No,Yes,Yes,No,No,No,Month-to-month,Yes,Credit card (automatic),51.46,2696.09,Yes
C-36ca30e3,Female,0,Yes,No,16,Yes,No,No,No internet service,No internet service,No internet service,No internet service,No internet service,No internet service,Month-to-month,Yes,Mailed check,19.32,320.81,Yes
C-79369bb6,Female,0,No,No,7,Yes,No,DSL,No,Yes,No,No,No,No,Month-to-month,Yes,Credit card (automatic),30.86,233.69,Yes
C-cc53fdd5,Male,0,No,No,41,No,No phone service,Fiber optic,Yes,No,No,No,Yes,Yes,Two year,Yes,Electronic check,57.89,2398.19,No
C-72bd67bb,Female,0,No,Yes,34,Yes,Yes,Fiber optic,Yes,No,Yes,No,Yes,No,One year,Yes,Electronic check,53.37,1741.0,No
C-39be516b,Male,0,Yes,No,2,Yes,No,No,No internet service,No internet service,No internet service,No internet service,No internet service,No internet service,One year,Yes,Electronic check,20.12,58.52,No
C-690b66f2,Male,0,No,No,25,Yes,Yes,No,No internet service,No internet service,No internet service,No internet service,No internet service,No internet service,Month-to-month,No,Mailed check,18.0,435.95,No
C-25976a04,Male,1,Yes,No,70,Yes,No phone service,No,No internet service,No internet service,No internet service,No internet service,No internet service,No internet service,One year,Yes,Credit card (automatic),20.33,1405.76,No
C-df1e8425,Female,1,Yes,No,30,Yes,No,DSL,Yes,Yes,No,No,No,No,Month-to-month,No,Bank transfer (automatic),36.12,1054.77,No
C-905f8238,Male,1,Yes,Yes,1,Yes,No,No,No internet service,No internet service,No internet service,No internet service,No internet service,No internet service,Month-to-month,Yes,Electronic check,20.12,0.64,Yes
C-32e56a29,Male,0,No,No,8,Yes,No,Fiber optic,Yes,No internet service,Yes,No internet service,No,Yes,Month-to-month,Yes,Electronic check,56.84,434.32,Yes
C-4f5a3faa,Male,0,Yes,No,32,Yes,No,No,No internet service,No internet service,No internet service,No internet service,No internet service,No internet service,One year,Yes,Electronic check,19.24,628.46,No
C-356c946b,Male,0,Yes,Yes,26,Yes,No phone service,Fiber optic,No internet service,No,No,Yes,Yes,No,Two year,No,Mailed check,51.13,1341.04,No
C-fe6a1da5,Male,0,No,No,9,Yes,No,DSL,Yes,No,No internet service,No,Yes,No internet service,Month-to-month,No,Mailed check,27.38,242.0,No
C-c4580714,Male,0,No,No,53,Yes,No phone service,Fiber optic,No,No,Yes,No internet service,Yes,No,Month-to-month,No,Electronic check,52.38,2766.98,Yes
C-80a017dc,Male,0,No,No,70,Yes,Yes,Fiber optic,No,No internet service,No,No,No,No,Month-to-month,Yes,Mailed check,38.4,2659.12,No
C-2e59f46d,Male,0,No,No,60,Yes,Yes,No,No internet service,No internet service,No internet service,No internet service,No internet service,No internet service,Two year,No,Electronic check,18.0,1087.57,No
C-acd7efeb,Male,1,Yes,No,53,Yes,Yes,DSL,No internet service,Yes,No,Yes,Yes,No,Month-to-month,No,Mailed check,41.33,2191.19,Yes
C-8a0292a7,Male,0,Yes,No,20,Yes,Yes,DSL,Yes,Yes,No,No,Yes,Yes,One year,No,Credit card (automatic),46.28,933.13,No
C-0dd72549,Male,0,Yes,No,25,Yes,Yes,DSL,Yes,Yes,Yes,Yes,No,No,Month-to-month,Yes,Credit card (automatic),43.35,1062.48,No
C-fc393c19,Female,0,Yes,No,7,No,No phone service,Fiber optic,No,Yes,No internet service,No,No internet service,No,Month-to-month,Yes,Mailed check,44.9,301.89,Yes
C-01200bec,Male,0,No,No,26,Yes,No,DSL,Yes,No,No,No,No,No,One year,No,Electronic check,30.22,788.3,No
C-836d8894,Male,0,Yes,No,49,No,No phone service,No,No internet service,No internet service,No internet service,No internet service,No internet service,No internet service,Month-to-month,Yes,Electronic check,18.0,900.47,No
C-4aba6eeb,Male,0,No,No,55,Yes,Yes,DSL,No,No,No,No,No,Yes,One year,Yes,Bank transfer (automatic),27.12,1458.61,No
C-ef5a855d,Male,0,No,Yes,13,No,No phone service,DSL,Yes,No,Yes,No internet service,Yes,No,One year,No,Bank transfer (automatic),42.08,556.21,No
C-78b50d63,Male,0,Yes,No,38,Yes,No,Fiber optic,No,Yes,Yes,No,Yes,No,One year,No,Bank transfer (automatic),51.58,1978.61,No
C-7fda739b,Female,0,No,No,23,Yes,No,Fiber optic,No,No,Yes,Yes,No internet service,Yes,Month-to-month,Yes,Mailed check,53.2,1235.47,Yes
C-442de026,Male,1,Yes,No,10,Yes,No,No,No internet service,No internet service,No internet service,No internet service,No internet service,No internet service,Month-to-month,Yes,Bank transfer (automatic),18.0,191.98,Yes
C-d56a1f77,Female,0,No,No,24,Yes,Yes,No,No internet service,No internet service,No internet service,No internet service,No internet service,No internet service,One year,Yes,Mailed check,20.66,498.54,No
C-bca2ff43,Female,0,No,No,55,Yes,No,Fiber optic,No,No,No,Yes,Yes,No,Two year,Yes,Bank transfer (automatic),56.78,3098.24,No
C-25e0c3d1,Female,0,Yes,No,53,Yes,Yes,Fiber optic,No,No,No,No internet service,Yes,Yes,Month-to-month,Yes,Credit card (automatic),50.47,2682.77,No
C-8420344b,Female,0,No,No,10,Yes,No,Fiber optic,No,No,No,Yes,No,No,Month-to-month,No,Credit card (automatic),44.12,458.8,Yes
C-527ccb93,Female,1,No,No,18,Yes,No,Fiber optic,No,Yes,Yes,No,No,No,Month-to-month,Yes,Electronic check,46.94,829.42,Yes
C-4090c146,Male,0,No,Yes,25,Yes,Yes,Fiber optic,No,Yes,No internet service,Yes,Yes,Yes,Two year,No,Bank transfer (automatic),63.69,1571.45,No
C-7b7d15ed,Male,0,No,Yes,15,Yes,No,DSL,Yes,No,Yes,No internet service,No,Yes,Two year,No,Mailed check,43.84,654.35,No
C-f99fb4c8,Male,0,No,No,43,Yes,No,DSL,No,Yes,No,No internet service,No,No,Month-to-month,No,Electronic check,28.53,1244.4,No
C-57e2e8b3,Male,0,Yes,Yes,55,Yes,No phone service,Fiber optic,No,No,No,No,Yes,No,Month-to-month,No,Electronic check,42.03,2304.95,Yes
C-b39bf151,Male,0,Yes,No,53,Yes,Yes,DSL,No,No,No,Yes,Yes,Yes,Month-to-month,Yes,Credit card (automatic),42.83,2300.98,No
C-6e749ca1,Male,0,No,No,13,Yes,Yes,Fiber optic,No internet service,Yes,Yes,No,Yes,Yes,Month-to-month,Yes,Mailed check,57.75,731.92,Yes
C-7cbdef62,Male,0,No,No,2,Yes,No phone service,Fiber optic,No,No,No internet service,Yes,Yes,No,Month-to-month,No,Credit card (automatic),50.6,101.69,No
C-4e28e5b5,Female,0,No,No,31,Yes,No,Fiber optic,No,No,No,No internet service,No internet service,No,Month-to-month,Yes,Credit card (automatic),47.96,1488.95,No
C-de020f16,Male,0,Yes,No,32,Yes,Yes,DSL,No,No internet service,Yes,No,No internet service,Yes,Month-to-month,Yes,Mailed check,37.8,1205.2,No
C-3e85b504,Male,0,No,No,36,No,No phone service,Fiber optic,No,No,No internet service,Yes,No internet service,No,Month-to-month,Yes,Credit card (automatic),45.02,1583.6,Yes
C-73aba50d,Female,0,Yes,No,33,Yes,No,Fiber optic,No internet service,No,Yes,No internet service,No internet service,No,Two year,Yes,Bank transfer (automatic),48.48,1541.53,No
C-0b095600,Female,0,No,No,23,Yes,Yes,Fiber optic,Yes,Yes,No,Yes,Yes,No,Month-to-month,No,Bank transfer (automatic),61.17,1424.5,Yes
C-54d1bd96,Female,0,Yes,Yes,13,Yes,Yes,DSL,No,No,No internet service,No,No internet service,No internet service,Month-to-month,No,Bank transfer (automatic),21.38,312.0,No
C-2e5525a8,Female,0,No,No,45,Yes,No,DSL,No internet service,No,No,No,No,No,Two year,No,Electronic check,26.09,1203.52,No
C-87ec144b,Female,0,Yes,Yes,2,Yes,No phone service,DSL,Yes,Yes,Yes,No internet service,No,No,Two year,No,Mailed check,39.03,67.94,No
C-1c08222b,Male,0,No,No,63,Yes,Yes,Fiber optic,No,Yes,No,No,Yes,No,Two year,No,Credit card (automatic),46.42,2939.44,No
C-7907d119,Female,0,No,No,63,No,No phone service,Fiber optic,Yes,Yes,Yes,No,Yes,No,Month-to-month,Yes,Mailed check,64.83,4079.82,Yes
C-706308c2,Male,0,No,No,51,No,No phone service,No,No internet service,No internet service,No internet service,No internet service,No internet service,No internet service,Month-to-month,No,Credit card (automatic),21.54,1119.88,No
C-6e2d6757,Female,0,No,Yes,53,Yes,No phone service,DSL,No,No,No internet service,Yes,No,No,Two year,No,Electronic check,28.4,1479.29,No
C-fc7eff30,Female,1,Yes,No,18,Yes,No,Fiber optic,No,Yes,No,No,Yes,Yes,Month-to-month,Yes,Mailed check,59.06,1071.21,Yes
C-ec1fe39f,Female,1,Yes,Yes,39,Yes,No,Fiber optic,No,Yes,No,Yes,Yes,No,Two year,Yes,Mailed check,61.83,2417.32,No
C-05d92046,Male,0,Yes,No,50,Yes,No,DSL,No,No,No,No,No,Yes,Month-to-month,Yes,Credit card (automatic),33.48,1707.67,No
C-5146c5e1,Female,0,Yes,Yes,55,Yes,Yes,DSL,No,No internet service,No,No,No,No,Month-to-month,No,Mailed check,24.38,1314.97,No
C-771a7af3,Male,0,No,No,42,Yes,Yes,DSL,No internet service,No,Yes,Yes,No,Yes,One year,Yes,Mailed check,42.1,1761.86,No
C-e093f641,Male,0,No,Yes,36,Yes,Yes,Fiber optic,No internet service,No,Yes,No,No internet service,No,Month-to-month,No,Electronic check,45.59,1662.47,Yes
C-006fc78b,Female,0,Yes,No,28,Yes,No,Fiber optic,No,No,Yes,No,Yes,Yes,Month-to-month,No,Mailed check,57.08,1584.76,Yes
C-495564e4,Male,0,No,No,64,Yes,Yes,Fiber optic,Yes,No,Yes,No,No,Yes,Month-to-month,Yes,Electronic check,52.58,3391.25,Yes
C-56d0aeae,Male,0,No,Yes,45,Yes,No,Fiber optic,No,Yes,No internet service,Yes,No,No,Month-to-month,No,Electronic check,52.09,2296.9,No
C-534a2421,Male,0,Yes,No,45,Yes,No,No,No internet service,No internet service,No internet service,No internet service,No internet service,No internet service,One year,No,Electronic check,20.83,929.65,No
C-58fa6da6,Male,0,No,No,53,Yes,No,DSL,No,Yes,No,No,Yes,No,One year,No,Bank transfer (automatic),40.91,2113.36,No
C-f6273285,Female,1,Yes,No,19,Yes,No,Fiber optic,Yes,No internet service,No,Yes,Yes,No,One year,Yes,Electronic check,58.64,1082.24,No
C-0e0a95a6,Male,0,No,No,7,Yes,No,Fiber optic,Yes,Yes,No internet service,No,Yes,No,One year,Yes,Credit card (automatic),59.83,411.84,No
C-6f996b3c,Female,0,No,No,15,Yes,No phone service,Fiber optic,Yes,Yes,Yes,No,Yes,No,One year,Yes,Bank transfer (automatic),66.4,1008.52,Yes
C-d86c50a6,Male,0,Yes,No,23,Yes,No,Fiber optic,No,Yes,No internet service,No,No,Yes,One year,No,Mailed check,47.98,1115.98,No
C-ed8cccc0,Male,0,No,No,62,Yes,No,DSL,No,Yes,No,No,No,Yes,Month-to-month,No,Electronic check,39.5,2430.31,Yes
C-5462ed7e,Male,0,Yes,No,40,Yes,Yes,Fiber optic,Yes,No,Yes,No internet service,No,No,Two year,Yes,Bank transfer (automatic),54.4,2198.28,No
C-22dfd987,Female,0,Yes,No,62,Yes,Yes,Fiber optic,No,No,Yes,Yes,No,No internet service,One year,Yes,Bank transfer (automatic),48.29,2991.57,No
C-8e975578,Female,0,No,No,10,Yes,No,Fiber optic,No internet service,Yes,Yes,No,No internet service,No,Month-to-month,No,Credit card (automatic),48.69,489.24,Yes
C-412a704d,Female,0,No,Yes,0,No,No phone service,Fiber optic,Yes,No,Yes,No,Yes,Yes,Month-to-month,Yes,Mailed check,60.41,0.0,Yes
C-50472422,Female,0,Yes,Yes,25,Yes,No,Fiber optic,No,Yes,Yes,No,No,No,Month-to-month,Yes,Electronic check,44.91,1107.19,Yes
C-2cf82bb5,Male,0,Yes,No,61,No,No phone service,No,No internet service,No internet service,No internet service,No internet service,No internet service,No internet service,Month-to-month,Yes,Electronic check,18.49,1181.93,Yes
C-9075c2ef,Male,0,Yes,No,32,Yes,Yes,DSL,No,Yes,No,Yes,Yes,Yes,Two year,No,Credit card (automatic),52.37,1686.51,No
C-8bf9b949,Female,0,No,No,37,Yes,Yes,DSL,No internet service,No internet service,No,No,No,Yes,Month-to-month,No,Electronic check,31.14,1148.68,No
C-4fe400b2,Male,0,Yes,No,28,Yes,Yes,Fiber optic,No,No,No internet service,No,Yes,Yes,Two year,Yes,Electronic check,47.47,1323.74,No
C-980e5f80,Female,0,No,Yes,62,Yes,Yes,DSL,Yes,No,No,Yes,No internet service,Yes,One year,No,Electronic check,46.15,2834.51,No
C-fa6d1341,Female,0,No,Yes,19,Yes,No,No,No internet service,No internet service,No internet service,No internet service,No internet service,No internet service,Two year,Yes,Bank transfer (automatic),20.49,379.72,No
C-5f020d3e,Male,0,Yes,Yes,12,Yes,Yes,Fiber optic,No,No,No,No,Yes,No,One year,No,Electronic check,47.61,608.1,No
C-3793bc7d,Male,0,No,Yes,17,Yes,Yes,Fiber optic,No,No,Yes,No,No,Yes,Two year,No,Electronic check,46.28,807.87,No
C-410d4c9d,Male,0,No,No,29,Yes,No,Fiber optic,Yes,No,Yes,No,No,No,Month-to-month,Yes,Mailed check,50.83,1469.87,Yes
C-9851e041,Female,1,Yes,No,70,Yes,No phone service,No,No internet service,No internet service,No internet service,No internet service,No internet service,No internet service,Month-to-month,Yes,Mailed check,19.06,1349.21,No
C-f592ee87,Male,0,No,No,60,Yes,Yes,DSL,No,No internet service,Yes,No,No,Yes,Two year,No,Mailed check,30.77,1853.56,No
C-d50f3978,Female,0,No,No,3,Yes,No phone service,DSL,No,Yes,Yes,No,No,No,Month-to-month,No,Mailed check,37.16,99.76,Yes
C-62356aa0,Male,0,No,No,9,Yes,No,DSL,No,No,No,No internet service,Yes,No,Month-to-month,Yes,Bank transfer (automatic),27.18,246.28,No
C-94a0fff1,Female,0,Yes,No,28,Yes,No phone service,Fiber optic,No internet service,No,Yes,No,Yes,No,Two year,No,Electronic check,47.39,1272.24,No
C-00dc6a20,Male,0,Yes,Yes,10,Yes,No phone service,DSL,No internet service,Yes,Yes,No,Yes,No,Two year,Yes,Credit card (automatic),41.22,394.69,No
C-7578b636,Female,0,Yes,Yes,53,Yes,No,Fiber optic,No,No,No,No,No internet service,Yes,Month-to-month,No,Mailed check,47.13,2491.89,Yes
C-e804da66,Male,0,No,Yes,58,No,No phone service,No,No internet service,No internet service,No internet service,No internet service,No internet service,No internet service,Month-to-month,Yes,Mailed check,22.96,1322.93,No
C-a470c96f,Male,0,No,No,52,No,No phone service,Fiber optic,No,No,No,Yes,Yes,Yes,One year,No,Electronic check,58.76,3077.15,Yes
C-532e3680,Male,0,No,No,21,Yes,No,Fiber optic,Yes,No,No internet service,Yes,Yes,No internet service,Two year,No,Mailed check,65.18,1379.24,No
C-c6843bd4,Male,0,Yes,No,21,Yes,Yes,Fiber optic,Yes,No,Yes,No,No,Yes,Two year,No,Credit card (automatic),62.23,1284.48,No
C-dd7bd633,Female,0,No,No,38,Yes,No,DSL,No,No,No,Yes,Yes,No,Month-to-month,Yes,Mailed check,32.65,1267.06,No
C-a475f48d,Male,0,No,Yes,12,Yes,Yes,Fiber optic,Yes,No,No,Yes,No,No,Two year,Yes,Electronic check,53.44,641.57,No
C-cbe36b69,Female,0,No,No,32,Yes,No,DSL,No internet service,Yes,No,No,No,Yes,Two year,No,Bank transfer (automatic),34.3,1108.16,No
C-3dc7d0b8,Female,0,No,Yes,39,Yes,Yes,Fiber optic,No,Yes,No internet service,No,No,No,Month-to-month,Yes,Credit card (automatic),48.93,1885.74,No
C-f57f4fb7,Female,0,No,No,12,Yes,No,No,No internet service,No internet service,No internet service,No internet service,No internet service,No internet service,Month-to-month,Yes,Mailed check,18.0,215.22,No
C-16d3dd78,Female,0,Yes,No,8,Yes,No,No,No internet service,No internet service,No internet service,No internet service,No internet service,No internet service,Month-to-month,No,Mailed check,18.0,165.75,No
C-d449550a,Female,1,Yes,No,51,Yes,No,DSL,No,No,No,No,No,No,Month-to-month,No,Mailed check,24.86,1287.45,No
C-a5cbf5ab,Male,1,No,No,16,Yes,Yes,No,No internet service,No internet service,No internet service,No internet service,No internet service,No internet service,Month-to-month,No,Electronic check,18.0,307.47,No
C-d3f70e79,Female,0,Yes,No,9,Yes,No,Fiber optic,No internet service,Yes,No,Yes,No,No,Month-to-month,No,Electronic check,46.07,406.21,Yes
C-84386324,Male,0,No,No,43,No,No phone service,No,No internet service,No internet service,No internet service,No internet service,No internet service,No internet service,Month-to-month,No,Electronic check,20.41,873.16,No
C-d8a2c3f3,Female,0,No,No,38,Yes,Yes,No,No internet service,No internet service,No internet service,No internet service,No internet service,No internet service,Month-to-month,No,Electronic check,19.52,714.47,Yes
C-0b1f787a,Male,0,Yes,No,19,Yes,Yes,No,No internet service,No internet service,No internet service,No internet service,No internet service,No internet service,Month-to-month,Yes,Credit card (automatic),24.33,472.98,No
C-3051f2fa,Female,0,Yes,No,3,Yes,Yes,Fiber optic,No,No,Yes,No,No internet service,No,Month-to-month,Yes,Mailed check,48.16,155.07,Yes
C-6d0970bc,Female,1,No,Yes,15,Yes,Yes,DSL,Yes,No,No,No,No internet service,No,Month-to-month,No,Mailed check,36.27,553.09,No
C-9442fe2b,Male,0,No,No,8,Yes,No,DSL,No internet service,No,No,Yes,Yes,No,Month-to-month,Yes,Credit card (automatic),32.53,262.3,Yes
C-bf53c8e1,Male,0,No,No,37,Yes,No,Fiber optic,Yes,No,Yes,No,No,No,One year,Yes,Mailed check,54.09,2034.94,No
C-08ca4274,Male,0,Yes,No,8,Yes,Yes,DSL,No,No internet service,Yes,No,Yes,Yes,One year,Yes,Mailed check,39.41,338.88,Yes
C-b6ee83ec,Male,0,Yes,No,47,Yes,Yes,Fiber optic,No internet service,Yes,No,Yes,No internet service,No,Month-to-month,Yes,Electronic check,51.32,2407.54,Yes
C-97b21bf8,Male,1,No,No,7,Yes,No phone service,Fiber optic,No,No,No,No,No,No,Month-to-month,Yes,Credit card (automatic),38.61,255.76,Yes
C-65b61234,Female,0,Yes,No,66,Yes,No,Fiber optic,No,No,No,No,No,No,Two year,No,Mailed check,39.4,2612.9,No
C-a5c45a2c,Male,0,No,No,71,Yes,Yes,Fiber optic,No,Yes,Yes,Yes,No,Yes,One year,Yes,Electronic check,55.91,3944.55,No
C-473bf5e0,Female,0,Yes,No,25,Yes,Yes,No,No internet service,No internet service,No internet service,No internet service,No internet service,No internet service,Two year,Yes,Mailed check,18.0,439.56,No
C-0c576a15,Male,0,Yes,Yes,20,Yes,No,No,No internet service,No internet service,No internet service,No internet service,No internet service,No internet service,Month-to-month,Yes,Credit card (automatic),24.05,475.09,No
C-d6baadbf,Female,0,Yes,No,8,Yes,Yes,DSL,Yes,Yes,Yes,No internet service,Yes,Yes,One year,No,Electronic check,49.88,389.69,No
C-b17edbbd,Female,0,Yes,No,29,Yes,Yes,No,No internet service,No internet service,No internet service,No internet service,No internet service,No internet service,Month-to-month,Yes,Electronic check,25.81,790.63,Yes
C-e3385d2c,Male,1,Yes,No,71,Yes,No,DSL,No internet service,No,Yes,Yes,No,No,Month-to-month,Yes,Electronic check,37.81,2683.94,No
C-98000639,Female,0,Yes,No,51,Yes,No,No,No internet service,No internet service,No internet service,No internet service,No internet service,No internet service,One year,Yes,Electronic check,19.72,1000.99,No
C-cc4665a5,Male,0,Yes,No,35,Yes,No,DSL,Yes,No,No,No internet service,Yes,No,One year,Yes,Mailed check,39.02,1365.44,No
C-13ae43c1,Female,0,Yes,Yes,72,Yes,Yes,Fiber optic,Yes,Yes,Yes,No,No internet service,Yes,Month-to-month,Yes,Bank transfer (automatic),60.45,4366.77,No
C-848baa6f,Female,0,Yes,No,27,Yes,No,DSL,No,No internet service,No,Yes,No,No,Month-to-month,Yes,Credit card (automatic),29.35,792.66,Yes
C-4bae117f,Male,0,No,No,46,Yes,No phone service,No,No internet service,No internet service,No internet service,No internet service,No internet service,No internet service,Month-to-month,Yes,Bank transfer (automatic),18.0,824.14,No
C-768904af,Male,0,Yes,No,6,Yes,No,Fiber optic,No,No,No,No,Yes,Yes,Two year,Yes,Mailed check,52.8,310.06,No
C-ee9801c4,Male,0,No,No,50,Yes,No phone service,DSL,No,Yes,No internet service,Yes,Yes,No,Month-to-month,Yes,Bank transfer (automatic),40.15,2033.2,No
C-337579c7,Female,0,Yes,No,10,Yes,Yes,No,No internet service,No internet service,No internet service,No internet service,No internet service,No internet service,Month-to-month,Yes,Electronic check,22.95,203.62,Yes
C-5aadb647,Male,0,Yes,No,17,Yes,No,Fiber optic,Yes,No,Yes,Yes,Yes,No,Month-to-month,Yes,Credit card (automatic),59.46,1010.04,No
C-82a7a1ce,Male,0,No,Yes,57,Yes,No phone service,Fiber optic,No,No,No,No internet service,Yes,Yes,Month-to-month,No,Electronic check,51.37,2919.55,Yes
C-883cfdab,Male,0,No,No,25,Yes,No,No,No internet service,No internet service,No internet service,No internet service,No internet service,No internet service,Two year,No,Mailed check,24.75,636.19,No
C-682339be,Male,0,No,No,41,Yes,Yes,DSL,No,No internet service,No internet service,No,Yes,No,One year,No,Mailed check,32.66,1343.64,No
C-831324dd,Female,0,No,No,43,Yes,Yes,Fiber optic,No,No,Yes,Yes,No internet service,No,Month-to-month,Yes,Credit card (automatic),49.17,2112.55,No
C-e29726cb,Female,0,No,No,42,No,No phone service,No,No internet service,No internet service,No internet service,No internet service,No internet service,No internet service,Month-to-month,Yes,Electronic check,18.89,823.18,No
C-c4d5bd67,Male,0,Yes,No,51,Yes,No,DSL,No,No,No,No,Yes,Yes,Month-to-month,Yes,Mailed check,38.47,1948.98,Yes
C-c5bb6ee9,Male,1,No,No,14,No,No phone service,No,No internet service,No internet service,No internet service,No internet service,No internet service,No internet service,Two year,No,Electronic check,21.21,284.01,No
C-e50a9da9,Female,0,Yes,No,27,Yes,Yes,DSL,No,Yes,No,No,Yes,Yes,Month-to-month,Yes,Electronic check,41.95,1153.61,Yes
C-dedbc91a,Male,1,No,Yes,15,Yes,Yes,Fiber optic,Yes,No,Yes,Yes,No internet service,Yes,Month-to-month,No,Credit card (automatic),61.62,947.01,Yes
C-a034fdf2,Male,0,Yes,No,3,Yes,No,Fiber optic,No,Yes,No,No,No internet service,No,One year,No,Mailed check,46.13,130.41,Yes
C-2e03f5a4,Male,0,Yes,No,31,Yes,No,Fiber optic,Yes,No,No,Yes,No,No,Month-to-month,Yes,Credit card (automatic),47.81,1424.29,Yes
C-7302c625,Male,0,Yes,No,64,No,No phone service,DSL,No,Yes,No,No,No internet service,No,One year,No,Electronic check,30.23,1960.39,No
C-08cd2e0b,Male,0,Yes,Yes,8,Yes,No phone service,DSL,Yes,Yes,No,No internet service,No,Yes,Two year,Yes,Mailed check,41.8,311.82,No
C-38140a44,Male,0,Yes,Yes,23,Yes,No,Fiber optic,Yes,No,No,No,No,No,Two year,No,Electronic check,47.89,1118.83,No
C-1c857672,Female,1,Yes,No,8,Yes,Yes,No,No internet service,No internet service,No internet service,No internet service,No internet service,No internet service,Month-to-month,Yes,Credit card (automatic),18.0,159.69,No
C-cc52504e,Female,0,No,No,62,Yes,Yes,Fiber optic,No,No,Yes,No,No,Yes,Month-to-month,Yes,Electronic check,51.89,3212.06,Yes
C-32d90e4f,Male,0,Yes,No,26,Yes,No phone service,DSL,No,No,Yes,No,No,Yes,Month-to-month,Yes,Electronic check,33.04,844.59,No
C-0f87ac90,Female,1,Yes,No,47,Yes,No,DSL,No,No,Yes,Yes,Yes,Yes,Month-to-month,Yes,Credit card (automatic),44.94,2126.15,Yes
C-9c73adae,Female,1,Yes,No,45,Yes,Yes,Fiber optic,No,Yes,Yes,No,No internet service,Yes,Two year,No,Electronic check,51.79,2342.21,No
C-0c4d9494,Female,0,Yes,No,13,Yes,Yes,Fiber optic,No,Yes,No,No,No,No internet service,Two year,Yes,Mailed check,48.72,666.33,No
C-d3570ff9,Male,0,Yes,No,11,Yes,Yes,Fiber optic,No,Yes,No,Yes,No,No,Month-to-month,Yes,Electronic check,45.57,494.58,Yes
C-21d21677,Female,0,No,No,37,Yes,Yes,DSL,No internet service,Yes,Yes,Yes,Yes,No,Month-to-month,No,Electronic check,48.92,1860.25,No
C-fefabbdb,Male,0,No,No,70,Yes,No phone service,Fiber optic,No,Yes,Yes,No internet service,No,Yes,Month-to-month,Yes,Electronic check,57.1,3986.19,Yes
C-265bea16,Male,1,Yes,Yes,7,Yes,No,DSL,No,No,No,No,No,Yes,Month-to-month,Yes,Mailed check,34.86,227.31,No
C-372563cf,Male,0,Yes,No,2,Yes,No phone service,Fiber optic,No internet service,No,Yes,Yes,No,Yes,Two year,No,Mailed check,50.83,108.87,No
C-f09c7018,Female,0,No,Yes,66,Yes,Yes,Fiber optic,No,Yes,Yes,Yes,Yes,Yes,Month-to-month,No,Credit card (automatic),64.54,4245.32,Yes
C-de3c5f70,Female,0,Yes,No,8,Yes,Yes,No,No internet service,No internet service,No internet service,No internet service,No internet service,No internet service,One year,No,Bank transfer (automatic),22.12,149.82,No
C-bfad7c3a,Female,0,No,No,22,Yes,Yes,DSL,No,Yes,Yes,Yes,No,Yes,Two year,No,Electronic check,41.96,905.77,No
C-3f8f70b6,Female,0,Yes,No,34,No,No phone service,DSL,No internet service,Yes,Yes,No,No,No,Two year,Yes,Bank transfer (automatic),35.73,1255.41,No
C-906c9322,Male,1,No,Yes,69,Yes,No,Fiber optic,No,No,No,No,No,No,Two year,Yes,Electronic check,41.95,2914.15,No
C-1df5dc7d,Male,0,Yes,No,5,Yes,No,DSL,Yes,Yes,Yes,No,No,No,Two year,No,Electronic check,34.33,162.81,No
C-774858b1,Male,0,No,Yes,57,Yes,Yes,Fiber optic,No,Yes,Yes,No,Yes,No,Month-to-month,No,Electronic check,54.21,3065.34,No
C-0e2098f3,Male,0,No,Yes,40,Yes,No,DSL,Yes,No,Yes,No,No,Yes,Month-to-month,Yes,Credit card (automatic),41.74,1683.4,No
C-b5a1098d,Male,1,Yes,Yes,66,Yes,No phone service,Fiber optic,No internet service,Yes,Yes,Yes,Yes,No,One year,No,Mailed check,63.94,4223.83,No
C-b0995e35,Female,0,Yes,No,49,Yes,No,No,No internet service,No internet service,No internet service,No internet service,No internet service,No internet service,Two year,No,Electronic check,18.69,923.28,No
C-5a6241f9,Female,0,No,No,15,Yes,No,DSL,Yes,No,No,No,No,No,Month-to-month,No,Electronic check,30.0,446.69,No
C-70556e56,Female,0,No,Yes,50,No,No phone service,DSL,No,No internet service,No,Yes,Yes,No,Month-to-month,Yes,Electronic check,32.92,1669.11,No
C-8a122ca4,Female,0,No,Yes,21,Yes,Yes,DSL,No,No,No,No,No,No,One year,Yes,Electronic check,25.26,525.08,No
C-5662160d,Female,0,Yes,No,17,Yes,Yes,No,No internet service,No internet service,No internet service,No internet service,No internet service,No internet service,Month-to-month,Yes,Bank transfer (automatic),24.19,395.67,No
C-364d5c92,Female,0,No,No,1,No,No phone service,No,No internet service,No internet service,No internet service,No internet service,No internet service,No internet service,Two year,Yes,Mailed check,19.01,33.01,No
C-946684d2,Male,0,No,No,58,Yes,Yes,Fiber optic,No,No internet service,No,No,Yes,No,Month-to-month,No,Electronic check,47.24,2713.13,Yes
C-d03ada29,Female,0,No,No,44,Yes,Yes,DSL,No internet service,Yes,No,No,No,No,Month-to-month,No,Electronic check,32.93,1452.26,No
C-71dd6705,Female,0,Yes,No,37,Yes,No,No,No internet service,No internet service,No internet service,No internet service,No internet service,No internet service,Two year,No,Bank transfer (automatic),20.23,755.96,No
C-7c101afa,Female,0,Yes,No,12,Yes,No,DSL,No,Yes,No,No internet service,No,No,Month-to-month,Yes,Credit card (automatic),28.52,351.18,Yes
C-b25d86c3,Female,0,No,Yes,55,Yes,No,No,No internet service,No internet service,No internet service,No internet service,No internet service,No internet service,Month-to-month,No,Electronic check,18.0,998.58,Yes
C-a431c752,Male,0,Yes,No,56,Yes,Yes,No,No internet service,No internet service,No internet service,No internet service,No internet service,No internet service,Two year,Yes,Electronic check,18.19,1028.38,No
C-03c2b118,Female,0,No,No,64,Yes,Yes,DSL,No,No,No internet service,Yes,Yes,No,One year,Yes,Electronic check,35.29,2246.41,No
C-02ec7b42,Female,0,No,No,61,Yes,No,No,No internet service,No internet service,No internet service,No internet service,No internet service,No internet service,Month-to-month,Yes,Bank transfer (automatic),18.99,1181.85,No
C-deb6c0b0,Female,0,Yes,Yes,49,Yes,No phone service,DSL,Yes,No,No,No,Yes,Yes,Two year,Yes,Bank transfer (automatic),45.81,2260.55,No
C-49c21ef1,Male,1,No,No,50,Yes,No phone service,DSL,No,No,No,No,Yes,No,Month-to-month,Yes,Credit card (automatic),31.74,1591.6,No
C-a4815444,Male,0,Yes,No,4,Yes,Yes,Fiber optic,Yes,Yes,Yes,No,No,Yes,Month-to-month,Yes,Credit card (automatic),58.97,244.67,Yes
C-98460f1e,Female,0,No,No,1,No,No phone service,DSL,Yes,Yes,No,No,Yes,No,Two year,No,Bank transfer (automatic),48.91,43.36,No
C-2872fa1e,Male,1,No,Yes,40,No,No phone service,No,No internet service,No internet service,No internet service,No internet service,No internet service,No internet service,Month-to-month,Yes,Electronic check,18.0,733.65,No
C-c10e421c,Male,0,Yes,No,48,Yes,Yes,DSL,Yes,No,No,Yes,No,Yes,One year,No,Mailed check,41.59,2028.01,No
C-f891f565,Female,0,No,No,34,Yes,No phone service,Fiber optic,No,No,No,No internet service,No,No,Two year,No,Electronic check,35.52,1232.41,Yes
C-3a0544eb,Male,0,No,No,7,Yes,Yes,DSL,No,No,Yes,No,No internet service,No,Month-to-month,Yes,Electronic check,25.06,191.13,Yes
C-145afa7a,Male,0,No,Yes,3,Yes,No,Fiber optic,No,No,No,No,No,Yes,Month-to-month,No,Electronic check,48.74,163.26,Yes
C-82c1233e,Female,0,Yes,No,10,Yes,Yes,DSL,Yes,No,No,No,No,No,Month-to-month,Yes,Mailed check,31.32,340.53,No
C-d16cd92b,Male,0,No,No,37,Yes,No,Fiber optic,No,No,Yes,No internet service,No,Yes,Month-to-month,Yes,Credit card (automatic),53.07,1942.1,No
C-cafd4626,Female,1,Yes,No,63,No,No phone service,No,No internet service,No internet service,No internet service,No internet service,No internet service,No internet service,Two year,Yes,Electronic check,22.53,1442.35,No
C-4e646191,Female,1,Yes,No,28,Yes,No,DSL,No,Yes,No,Yes,No internet service,No,Month-to-month,No,Electronic check,30.97,832.82,Yes
C-4529aac5,Female,0,Yes,Yes,25,Yes,Yes,DSL,No internet service,Yes,Yes,No,Yes,Yes,Two year,No,Mailed check,50.82,1265.95,No
C-2fa32872,Male,0,No,No,63,Yes,Yes,No,No internet service,No internet service,No internet service,No internet service,No internet service,No internet service,Month-to-month,No,Electronic check,20.5,1301.76,No
C-6f012f0e,Male,0,No,No,4,Yes,No,No,No internet service,No internet service,No internet service,No internet service,No internet service,No internet service,Month-to-month,No,Credit card (automatic),18.0,84.06,Yes
C-4e58f63f,Male,0,No,No,63,Yes,Yes,Fiber optic,Yes,Yes,No,No,No,Yes,Two year,Yes,Bank transfer (automatic),55.91,3558.52,No
C-8b96e36b,Male,0,Yes,Yes,50,Yes,Yes,Fiber optic,No,Yes,No,No,No,No,Month-to-month,No,Electronic check,46.9,2357.32,Yes
C-f5d91ef0,Male,0,Yes,No,12,Yes,Yes,DSL,No,Yes,No,Yes,No,No,Month-to-month,Yes,Credit card (automatic),40.11,496.31,Yes
C-98ce7d2b,Male,0,Yes,No,2,Yes,Yes,No,No internet service,No internet service,No internet service,No internet service,No internet service,No internet service,Two year,Yes,Mailed check,18.5,0.0,Yes
C-bf2802e4,Female,1,Yes,Yes,12,Yes,No,No,No internet service,No internet service,No internet service,No internet service,No internet service,No internet service,Two year,No,Electronic check,18.0,219.4,No
C-630bf130,Male,0,Yes,No,45,Yes,Yes,Fiber optic,No,No,No internet service,Yes,No,No internet service,Month-to-month,No,Bank transfer (automatic),45.1,2040.28,Yes
C-b4b5bb62,Male,0,No,No,51,Yes,Yes,Fiber optic,No,No,No,No,Yes,Yes,Two year,No,Credit card (automatic),49.14,2519.4,No
C-689add9c,Male,0,No,Yes,62,Yes,No,Fiber optic,No,Yes,No internet service,No,No,Yes,Month-to-month,No,Credit card (automatic),49.32,3038.95,Yes
C-604d2533,Male,0,No,Yes,64,Yes,No,DSL,Yes,No internet service,No,Yes,Yes,Yes,One year,No,Credit card (automatic),50.1,3199.74,No
C-7ef54702,Male,0,No,No,52,No,No phone service,Fiber optic,Yes,Yes,No,No,No,Yes,Month-to-month,No,Electronic check,51.82,2699.61,Yes
C-2dd0df0b,Male,0,Yes,No,17,Yes,No,DSL,No,No,No,Yes,Yes,No internet service,Two year,Yes,Electronic check,31.62,558.0,No
C-04a15d02,Female,0,Yes,No,25,Yes,No,Fiber optic,No,No,Yes,No,Yes,Yes,One year,Yes,Bank transfer (automatic),58.88,1473.32,No
C-4bd7760c,Female,0,Yes,No,40,Yes,No,DSL,Yes,No,No,No,No,No,Month-to-month,No,Credit card (automatic),35.51,1445.64,No
C-16361775,Male,0,Yes,No,38,Yes,Yes,DSL,No,No,No,No,No,Yes,Two year,Yes,Electronic check,28.18,1078.98,No
C-26b7f73c,Male,0,Yes,No,39,Yes,No phone service,Fiber optic,No,Yes,No,Yes,Yes,No,Two year,Yes,Credit card (automatic),54.0,2112.94,No
C-8eebb722,Male,0,Yes,Yes,62,Yes,Yes,No,No internet service,No internet service,No internet service,No internet service,No internet service,No internet service,One year,Yes,Credit card (automatic),22.38,1402.78,No
C-a14f36e9,Male,0,Yes,No,6,Yes,Yes,Fiber optic,Yes,No internet service,Yes,No,No,No,One year,Yes,Credit card (automatic),58.62,373.66,Yes
C-0be9df3f,Male,0,Yes,No,5,Yes,No,Fiber optic,No,No,Yes,No,No,Yes,One year,Yes,Bank transfer (automatic),47.12,246.64,No
C-6a81b989,Male,0,No,No,68,Yes,Yes,Fiber optic,No,Yes,No,No,No,Yes,One year,Yes,Mailed check,43.96,3010.54,Yes
C-9d365694,Female,0,Yes,No,53,Yes,Yes,DSL,No internet service,No,No,Yes,No internet service,No,Month-to-month,No,Credit card (automatic),29.58,1529.69,Yes
C-8b67a6a8,Male,0,No,Yes,0,Yes,Yes,No,No internet service,No internet service,No internet service,No internet service,No internet service,No internet service,One year,Yes,Bank transfer (automatic),21.56,3.55,No
C-0b399948,Female,0,No,No,35,No,No phone service,No,No internet service,No internet service,No internet service,No internet service,No internet service,No internet service,Month-to-month,Yes,Bank transfer (automatic),19.58,659.14,Yes
C-5a8df97f,Female,0,Yes,No,6,Yes,Yes,Fiber optic,No,Yes,No,Yes,Yes,Yes,Month-to-month,Yes,Electronic check,66.26,383.23,Yes
C-19e31b55,Female,0,Yes,Yes,33,Yes,No phone service,No,No internet service,No internet service,No internet service,No internet service,No internet service,No internet service,Two year,Yes,Credit card (automatic),22.64,750.0,No
C-a2915350,Male,0,No,No,25,Yes,No phone service,Fiber optic,Yes,Yes,No,Yes,No,No,Month-to-month,No,Credit card (automatic),59.03,1451.55,Yes
C-1ff1a1d9,Male,0,No,Yes,40,Yes,No,Fiber optic,No,No,Yes,No,Yes,Yes,Month-to-month,No,Mailed check,54.62,2228.84,Yes
C-aceefe5c,Female,0,Yes,No,55,Yes,No,DSL,Yes,No,No,Yes,No,Yes,Month-to-month,Yes,Mailed check,37.49,2019.78,No
C-96aad4e4,Male,0,No,Yes,34,Yes,Yes,No,No internet service,No internet service,No internet service,No internet service,No internet service,No internet service,Month-to-month,No,Electronic check,19.49,685.58,No
C-05f25467,Female,0,Yes,Yes,34,Yes,No,No,No internet service,No internet service,No internet service,No internet service,No internet service,No internet service,Month-to-month,No,Credit card (automatic),18.0,655.69,No
C-63d704f2,Female,0,Yes,No,0,Yes,No phone service,No,No internet service,No internet service,No internet service,No internet service,No internet service,No internet service,One year,No,Credit card (automatic),19.65,3.6,No
C-390688d0,Female,1,No,Yes,28,Yes,No,Fiber optic,No,Yes,No internet service,Yes,Yes,Yes,One year,Yes,Electronic check,62.02,1725.35,No
C-b0a10919,Female,0,No,No,12,Yes,Yes,Fiber optic,Yes,Yes,No,Yes,Yes,No,Month-to-month,Yes,Electronic check,61.25,725.27,No
C-41ca00f3,Male,0,Yes,No,69,Yes,No,Fiber optic,No,No,No internet service,No,No,Yes,Month-to-month,Yes,Mailed check,46.49,3181.8,Yes
C-d1c55252,Female,0,No,No,71,Yes,No phone service,DSL,Yes,No,Yes,Yes,No,No internet service,Month-to-month,Yes,Electronic check,43.0,3063.94,No
C-bea44b7b,Male,0,Yes,Yes,29,Yes,Yes,DSL,No,No,No,No,No internet service,Yes,Two year,No,Electronic check,29.78,897.17,No
C-d0c7e232,Male,0,Yes,Yes,8,Yes,No,DSL,No,Yes,Yes,No,No,No,One year,No,Credit card (automatic),37.77,284.78,No
C-a60deaec,Female,0,No,No,54,Yes,Yes,No,No internet service,No internet service,No internet service,No internet service,No internet service,No internet service,Two year,No,Credit card (automatic),23.13,1283.41,No
C-57ce1355,Male,0,No,No,57,Yes,Yes,DSL,No,Yes,No,Yes,No,No,Two year,Yes,Electronic check,38.3,2163.51,No
C-f43fafb1,Male,0,Yes,Yes,41,Yes,Yes,Fiber optic,Yes,No,Yes,No,No,No,Month-to-month,Yes,Electronic check,50.76,2075.84,Yes
C-18b397a4,Male,0,Yes,No,41,Yes,No,Fiber optic,Yes,No,No,No,Yes,Yes,Month-to-month,No,Bank transfer (automatic),57.61,2345.52,Yes
C-a99e01fe,Male,0,No,No,5,Yes,Yes,DSL,No internet service,No,No,Yes,Yes,Yes,Month-to-month,Yes,Electronic check,39.24,183.41,No
C-9779c2c3,Female,0,Yes,No,29,Yes,No,Fiber optic,Yes,Yes,No internet service,No,Yes,No internet service,Month-to-month,No,Electronic check,54.91,1592.78,Yes
C-9b2bf90e,Male,0,No,Yes,32,Yes,Yes,DSL,Yes,No,No,No internet service,No,Yes,Month-to-month,Yes,Credit card (automatic),34.26,1100.64,No
C-b83a67cd,Male,0,No,Yes,61,No,No phone service,Fiber optic,No,Yes,No,Yes,Yes,Yes,Two year,Yes,Electronic check,63.67,3910.79,No
C-0ea7ba93,Female,0,Yes,Yes,54,Yes,No phone service,No,No internet service,No internet service,No internet service,No internet service,No internet service,No internet service,Month-to-month,Yes,Bank transfer (automatic),24.22,1317.3,Yes
C-861f52e8,Female,0,Yes,No,40,Yes,Yes,No,No internet service,No internet service,No internet service,No internet service,No internet service,No internet service,One year,Yes,Bank transfer (automatic),20.39,836.63,No
C-302dcb07,Female,0,Yes,Yes,49,Yes,Yes,DSL,Yes,No,No,No,No internet service,No,Month-to-month,Yes,Bank transfer (automatic),34.61,1675.77,No
C-5ea64f72,Male,0,No,No,68,Yes,Yes,Fiber optic,No,No internet service,No internet service,Yes,No,No,One year,Yes,Bank transfer (automatic),45.7,3127.1,No
C-ba7c9a9c,Male,1,Yes,Yes,8,Yes,No phone service,Fiber optic,Yes,Yes,Yes,No,No,Yes,Month-to-month,Yes,Bank transfer (automatic),61.52,509.92,Yes
C-92a0be5d,Male,0,No,Yes,5,Yes,No,Fiber optic,No,No,Yes,No,No,Yes,Two year,Yes,Bank transfer (automatic),50.72,285.84,Yes
C-f314c8bf,Male,0,No,Yes,14,Yes,No,No,No internet service,No internet service,No internet service,No internet service,No internet service,No internet service,Month-to-month,Yes,Bank transfer (automatic),22.62,282.25,Yes
C-d709d607,Male,1,No,Yes,36,Yes,No,Fiber optic,Yes,No,No,No,No,Yes,Month-to-month,No,Electronic check,53.33,1936.55,Yes
C-947354d3,Male,0,No,No,43,Yes,Yes,DSL,No,Yes,No internet service,No,No,Yes,Month-to-month,Yes,Mailed check,36.47,1529.73,No
C-e5753894,Male,0,No,No,4,No,No phone service,Fiber optic,No,No,Yes,Yes,No,No internet service,Month-to-month,Yes,Electronic check,51.96,220.66,Yes
C-84f1b5b8,Male,0,Yes,No,67,Yes,Yes,No,No internet service,No internet service,No internet service,No internet service,No internet service,No internet service,Month-to-month,Yes,Bank transfer (automatic),21.34,1400.52,No
C-da307248,Male,1,Yes,Yes,37,Yes,Yes,DSL,Yes,Yes,No,No,No,No,Month-to-month,No,Mailed check,26.32,966.5,No
C-2f330ccc,Female,1,No,No,2,No,No phone service,Fiber optic,Yes,Yes,No,No,No,No,Month-to-month,Yes,Mailed check,51.92,129.12,Yes
C-53a886ba,Female,0,No,No,43,Yes,No,DSL,No,Yes,No,No,Yes,No,Two year,Yes,Electronic check,40.4,1742.53,No
C-92f97bd4,Female,0,No,No,71,Yes,Yes,Fiber optic,No,No,No,No,Yes,No,Month-to-month,No,Mailed check,42.12,2976.1,No
C-845e2399,Male,1,No,Yes,65,No,No phone service,DSL,Yes,No,Yes,No internet service,Yes,Yes,Two year,No,Credit card (automatic),46.35,2998.43,No
C-1d7264e1,Male,0,Yes,Yes,51,Yes,Yes,Fiber optic,Yes,Yes,No,No,No,No,Month-to-month,Yes,Bank transfer (automatic),51.21,2658.23,Yes
C-dc704adf,Male,0,No,No,46,No,No phone service,Fiber optic,No internet service,No,No,No,Yes,No,Month-to-month,Yes,Mailed check,48.36,2233.66,Yes
C-1d403436,Female,0,No,No,7,Yes,Yes,Fiber optic,No,Yes,No,No,Yes,No,One year,No,Credit card (automatic),49.23,354.67,No
C-68bc3daa,Female,0,Yes,No,40,Yes,Yes,DSL,No,Yes,No,No,No,No,Two year,Yes,Bank transfer (automatic),30.73,1250.17,No
C-faa90cfa,Female,0,Yes,No,48,Yes,Yes,Fiber optic,No,Yes,Yes,Yes,No,No internet service,One year,No,Mailed check,50.62,2409.45,No
C-4b2773ed,Female,0,Yes,No,43,Yes,No phone service,DSL,No,No,No internet service,No,Yes,Yes,Two year,Yes,Bank transfer (automatic),33.65,1415.59,No
C-3fd662a0,Female,0,No,No,66,Yes,Yes,DSL,No internet service,No,No,No,Yes,No,Two year,No,Electronic check,28.96,1898.97,No
C-b0f3822b,Male,0,Yes,No,12,Yes,Yes,DSL,No,No,No,No,No internet service,No internet service,Month-to-month,No,Mailed check,29.48,365.79,No
C-9462d30b,Female,0,Yes,No,49,Yes,Yes,DSL,No,No,No,No,Yes,Yes,One year,No,Mailed check,35.56,1754.7,No
C-0e6b2ce9,Female,0,Yes,Yes,23,Yes,No,DSL,Yes,Yes,No internet service,No,No,Yes,Two year,No,Electronic check,44.4,1010.29,No
C-7413e94f,Female,0,No,Yes,63,Yes,No,Fiber optic,No,Yes,No,No,No,Yes,Month-to-month,Yes,Electronic check,49.5,3106.12,No
C-0fbba797,Female,0,No,No,1,Yes,No,DSL,No,Yes,No,No,No,No,One year,Yes,Bank transfer (automatic),30.99,19.2,Yes
C-af9d1a12,Male,0,No,Yes,65,Yes,No,Fiber optic,No,No internet service,No,No,No internet service,No,One year,No,Mailed check,37.47,2424.7,No
C-fe1995c0,Male,0,No,No,37,No,No phone service,Fiber optic,No,No,No,No,Yes,Yes,One year,No,Credit card (automatic),49.07,1790.21,No
C-434cdedc,Female,0,Yes,Yes,56,Yes,Yes,DSL,No,No internet service,No,No,No,No,Month-to-month,Yes,Mailed check,24.15,1376.43,Yes
C-3b3ad629,Male,0,No,Yes,30,Yes,Yes,DSL,No internet service,No,No internet service,No internet service,Yes,Yes,Two year,Yes,Electronic check,29.66,926.22,No
C-07a8d34c,Male,0,No,Yes,40,Yes,No,DSL,No internet service,Yes,No,No,Yes,No,One year,Yes,Electronic check,40.42,1616.8,No
C-8fa920d1,Female,0,Yes,Yes,28,Yes,No,DSL,No,No internet service,No internet service,No,Yes,No,Month-to-month,Yes,Mailed check,26.94,728.04,Yes
C-d3f903d4,Male,0,Yes,No,64,Yes,Yes,Fiber optic,No,No internet service,No,No internet service,Yes,Yes,Two year,Yes,Credit card (automatic),50.56,3211.46,No
C-b0871256,Female,0,No,No,44,No,No phone service,Fiber optic,Yes,No internet service,No,No,No internet service,No internet service,Month-to-month,Yes,Credit card (automatic),44.41,1948.88,No
C-70a91129,Female,0,Yes,No,37,Yes,Yes,Fiber optic,No,Yes,Yes,No,No internet service,No,Month-to-month,Yes,Electronic check,54.65,2000.43,No
C-d34d206f,Male,1,Yes,No,30,Yes,Yes,DSL,No,No,Yes,No,Yes,No,Month-to-month,Yes,Credit card (automatic),40.34,1217.92,Yes
C-8330f79e,Female,0,Yes,No,10,Yes,No phone service,DSL,No internet service,No,Yes,No,No,Yes,Two year,No,Electronic check,37.16,346.32,No
C-1f871cbd,Female,0,No,No,51,Yes,Yes,Fiber optic,No,No,Yes,No,No,Yes,Month-to-month,No,Bank transfer (automatic),48.93,2481.65,Yes
C-e1d9994e,Male,0,No,No,61,Yes,No,Fiber optic,No,No,No,No,Yes,No,One year,Yes,Bank transfer (automatic),49.25,2999.44,No
C-fa8f8f8b,Male,0,No,No,22,Yes,No,DSL,No,No,No,No,Yes,No,Month-to-month,Yes,Electronic check,30.46,685.39,Yes
C-09140463,Female,0,Yes,No,6,Yes,Yes,DSL,No,No,Yes,No,No,Yes,One year,Yes,Mailed check,38.03,206.46,No
C-4cf19ebe,Female,1,Yes,Yes,4,Yes,Yes,Fiber optic,No,No,No,Yes,No internet service,No internet service,Month-to-month,No,Electronic check,43.73,193.61,Yes
C-6b5d4a82,Male,0,No,No,72,Yes,Yes,DSL,No,No,Yes,No,Yes,No,Month-to-month,No,Mailed check,39.36,2817.31,Yes
C-292f9d99,Female,0,Yes,Yes,43,Yes,No,Fiber optic,No,Yes,No,No,Yes,Yes,Two year,No,Electronic check,54.41,2328.53,No
C-c740af72,Female,0,Yes,Yes,60,Yes,No,Fiber optic,No,Yes,No,No,Yes,No,Month-to-month,No,Mailed check,51.06,3067.51,Yes
C-b3940872,Male,0,Yes,No,39,Yes,No,DSL,No,No,Yes,No,No,No,Month-to-month,No,Credit card (automatic),23.98,959.9,No
C-42393fa7,Female,0,Yes,No,29,Yes,No,Fiber optic,Yes,No,No internet service,No,No,No,Month-to-month,No,Mailed check,45.75,1359.62,Yes
C-7a3609e5,Male,0,Yes,Yes,57,Yes,Yes,Fiber optic,No,No,Yes,No,No,Yes,One year,Yes,Bank transfer (automatic),55.17,3122.64,No
C-dd2c0af9,Female,0,No,No,25,Yes,No,No,No internet service,No internet service,No internet service,No internet service,No internet service,No internet service,Month-to-month,No,Credit card (automatic),20.34,513.67,No
C-db06d439,Male,0,No,Yes,56,Yes,No,Fiber optic,No,No,No,Yes,No,No,Two year,Yes,Bank transfer (automatic),52.27,2904.91,No
C-708bb822,Female,0,No,Yes,20,Yes,Yes,No,No internet service,No internet service,No internet service,No internet service,No internet service,No internet service,Month-to-month,Yes,Mailed check,23.7,475.53,Yes
C-60fc583e,Female,0,Yes,No,21,Yes,Yes,No,No internet service,No internet service,No internet service,No internet service,No internet service,No internet service,Month-to-month,Yes,Mailed check,23.96,527.91,No
C-df56d5e3,Female,0,No,No,40,Yes,No,No,No internet service,No internet service,No internet service,No internet service,No internet service,No internet service,Month-to-month,No,Credit card (automatic),24.34,994.1,No
C-dbce8f9e,Male,0,Yes,No,55,Yes,No,Fiber optic,No,No,No,No,Yes,Yes,Two year,Yes,Credit card (automatic),51.58,2858.51,No
C-54850bdf,Male,1,Yes,No,18,Yes,Yes,DSL,Yes,No internet service,No,No internet service,Yes,No,Month-to-month,Yes,Bank transfer (automatic),36.17,661.83,No
C-76ed3d17,Female,0,Yes,No,46,Yes,Yes,DSL,No,Yes,No,No,Yes,Yes,Two year,No,Credit card (automatic),40.93,1915.71,No
C-dcdef19a,Female,1,No,Yes,63,Yes,No phone service,DSL,No,Yes,No,No,No internet service,Yes,Month-to-month,No,Electronic check,36.58,2294.4,Yes
C-5067a867,Female,0,No,Yes,5,Yes,Yes,No,No internet service,No internet service,No internet service,No internet service,No internet service,No internet service,One year,No,Bank transfer (automatic),18.79,89.95,Yes
C-30ac6c2c,Female,0,No,No,62,No,No phone service,DSL,Yes,Yes,No,No internet service,No,No,Two year,No,Electronic check,33.92,2116.67,No
C-09ae7a2e,Female,0,No,Yes,64,No,No phone service,DSL,No internet service,No internet service,No,Yes,No,No internet service,One year,Yes,Bank transfer (automatic),40.41,2619.95,No
C-9a010885,Female,0,Yes,Yes,29,Yes,No,Fiber optic,No,No,No internet service,No,No,Yes,Two year,No,Electronic check,44.79,1349.44,No
C-160f28f6,Male,0,Yes,Yes,45,No,No phone service,No,No internet service,No internet service,No internet service,No internet service,No internet service,No internet service,Two year,Yes,Electronic check,19.21,898.91,No
C-c84a8c90,Male,0,No,No,45,Yes,Yes,Fiber optic,Yes,No,No,No,Yes,No,Month-to-month,Yes,Bank transfer (automatic),52.14,2344.75,No
C-04fe2baf,Female,0,No,No,65,Yes,Yes,No,No internet service,No internet service,No internet service,No internet service,No internet service,No internet service,Two year,No,Bank transfer (automatic),20.44,1281.73,No
C-5fa88c73,Female,0,No,No,31,No,No phone service,DSL,Yes,Yes,No,No,No,Yes,Month-to-month,Yes,Bank transfer (automatic),36.18,1168.58,Yes
C-48e89fdf,Male,0,Yes,No,39,Yes,No,Fiber optic,No,Yes,Yes,No internet service,No,No internet service,Month-to-month,Yes,Bank transfer (automatic),53.43,2094.86,Yes
C-761bff63,Male,0,No,Yes,33,Yes,Yes,DSL,No,No,No,Yes,No,No internet service,Month-to-month,Yes,Electronic check,31.64,1055.58,No
C-1de6851d,Male,0,No,Yes,22,Yes,No phone service,Fiber optic,No,Yes,No,Yes,No,Yes,Month-to-month,Yes,Credit card (automatic),57.27,1288.56,No
C-c67a6116,Male,0,Yes,No,31,Yes,No,Fiber optic,Yes,No,No,No,No,No,Month-to-month,No,Credit card (automatic),47.18,1473.21,Yes
C-99cbdec2,Female,0,Yes,No,5,Yes,Yes,DSL,No,No,No,No,No,No,Month-to-month,Yes,Electronic check,21.57,65.46,Yes
C-8d048c40,Female,1,Yes,Yes,42,Yes,No,DSL,No,Yes,No,Yes,Yes,No internet service,Month-to-month,No,Electronic check,37.63,1594.28,Yes
C-cb72703e,Male,0,No,No,13,Yes,Yes,No,No internet service,No internet service,No internet service,No internet service,No internet service,No internet service,Two year,Yes,Credit card (automatic),18.0,203.84,No
C-eaa9fd22,Female,0,No,No,18,Yes,Yes,No,No internet service,No internet service,No internet service,No internet service,No internet service,No internet service,One year,No,Credit card (automatic),18.2,355.05,No
C-da85f06e,Female,0,No,No,0,Yes,No,Fiber optic,Yes,No,No internet service,No,Yes,No internet service,Two year,Yes,Bank transfer (automatic),51.28,0.0,No
C-d528e089,Male,0,No,Yes,29,Yes,No phone service,Fiber optic,Yes,No,No,Yes,No internet service,Yes,Two year,Yes,Bank transfer (automatic),58.48,1654.53,No
C-a06296cf,Male,0,No,Yes,46,No,No phone service,DSL,No,Yes,No,Yes,No,Yes,Month-to-month,Yes,Credit card (automatic),37.02,1693.82,No
C-91eb263d,Female,0,Yes,No,3,Yes,No,Fiber optic,Yes,No,No,No,Yes,Yes,Two year,No,Credit card (automatic),54.65,172.05,No
C-ff75f3f5,Female,1,No,No,68,Yes,No phone service,Fiber optic,No,Yes,No,No,Yes,No,Month-to-month,No,Electronic check,53.28,3634.38,Yes
C-07aefe3f,Male,0,No,No,64,Yes,No,No,No internet service,No internet service,No internet service,No internet service,No internet service,No internet service,Month-to-month,Yes,Bank transfer (automatic),19.14,1226.43,No
C-34fd33b3,Female,0,Yes,Yes,49,Yes,Yes,DSL,No,No,Yes,No,No,Yes,One year,No,Credit card (automatic),34.68,1685.7,No
C-bd36a9e9,Male,1,No,No,58,No,No phone service,DSL,No,No,No,Yes,No,No,Month-to-month,No,Electronic check,31.44,1787.89,No
C-9fe40f0d,Male,0,Yes,No,70,Yes,Yes,DSL,No,Yes,Yes,No,Yes,Yes,Month-to-month,No,Mailed check,46.63,3305.71,No
C-1391fc5e,Female,1,Yes,Yes,3,Yes,No,Fiber optic,Yes,No,Yes,Yes,No,No,Month-to-month,Yes,Bank transfer (automatic),55.06,159.56,Yes
C-88c00cde,Male,0,No,No,28,Yes,Yes,Fiber optic,Yes,No internet service,No,No,No,Yes,Month-to-month,Yes,Electronic check,57.54,1620.52,Yes
C-cfb02a7e,Male,0,Yes,Yes,72,Yes,Yes,No,No internet service,No internet service,No internet service,No internet service,No internet service,No internet service,Month-to-month,No,Credit card (automatic),19.53,1399.26,No
C-0eefc71c,Female,0,No,No,4,Yes,No,No,No internet service,No internet service,No internet service,No internet service,No internet service,No internet service,Month-to-month,No,Electronic check,25.57,99.19,Yes
C-5d8ff6d2,Male,0,No,Yes,32,Yes,Yes,Fiber optic,Yes,No,No,No internet service,No,No,One year,Yes,Bank transfer (automatic),47.32,1515.89,No
C-4fdad802,Female,0,Yes,No,49,Yes,Yes,No,No internet service,No internet service,No internet service,No internet service,No internet service,No internet service,Month-to-month,No,Electronic check,18.88,934.93,No
C-5dceb15f,Female,0,Yes,No,11,No,No phone service,No,No internet service,No internet service,No internet service,No internet service,No internet service,No internet service,Month-to-month,Yes,Electronic check,19.0,232.55,Yes
C-848a3b3f,Male,0,No,No,69,Yes,No phone service,No,No internet service,No internet service,No internet service,No internet service,No internet service,No internet service,Month-to-month,No,Credit card (automatic),18.48,1305.51,No
C-316911bc,Male,0,No,No,40,Yes,No,DSL,Yes,Yes,No,No,Yes,No,Month-to-month,Yes,Electronic check,37.82,1490.04,Yes
C-f4044b1f,Female,0,No,No,50,Yes,Yes,Fiber optic,No,Yes,No,No,No,Yes,Two year,No,Bank transfer (automatic),47.92,2394.12,No
C-a65e14a2,Male,0,No,Yes,61,Yes,Yes,Fiber optic,Yes,No internet service,Yes,No,No,No,One year,Yes,Credit card (automatic),50.42,3077.75,No
C-775362a4,Male,0,No,No,26,Yes,Yes,No,No internet service,No internet service,No internet service,No internet service,No internet service,No internet service,One year,Yes,Mailed check,21.28,510.87,Yes
C-02c04a5e,Male,0,Yes,No,40,Yes,Yes,DSL,No internet service,Yes,Yes,No,Yes,Yes,Two year,No,Electronic check,49.07,1950.4,No
C-2e0028cc,Male,0,Yes,Yes,51,Yes,No phone service,DSL,No,No,Yes,Yes,No,Yes,Two year,Yes,Electronic check,38.63,1972.58,No
C-6dc593bc,Female,0,No,No,9,Yes,No,Fiber optic,No,No,No internet service,Yes,No,Yes,Month-to-month,No,Electronic check,53.33,467.16,No
C-3e908deb,Female,1,No,Yes,29,No,No phone service,No,No internet service,No internet service,No internet service,No internet service,No internet service,No internet service,Two year,Yes,Mailed check,21.84,627.19,Yes
C-559f2d04,Female,0,Yes,Yes,55,Yes,No,No,No internet service,No internet service,No internet service,No internet service,No internet service,No internet service,Month-to-month,Yes,Electronic check,24.47,1308.76,No
C-ecf06faa,Male,0,Yes,Yes,16,Yes,No,Fiber optic,No internet service,No,No,Yes,No,No,Month-to-month,No,Credit card (automatic),46.3,786.6,Yes
C-41509864,Female,0,Yes,Yes,2,Yes,Yes,Fiber optic,No,Yes,No,No internet service,Yes,Yes,Month-to-month,No,Electronic check,60.55,158.71,Yes
C-71ba5efb,Female,0,Yes,No,17,No,No phone service,DSL,No,No,No,No,Yes,No,Two year,No,Bank transfer (automatic),26.27,434.65,No
C-4c622c32,Female,0,No,No,36,Yes,Yes,No,No internet service,No internet service,No internet service,No internet service,No internet service,No internet service,Month-to-month,No,Electronic check,25.67,894.09,No
C-3cfdf285,Male,0,Yes,Yes,43,Yes,Yes,DSL,No,No,Yes,No,No,No,Month-to-month,Yes,Electronic check,32.38,1406.22,No
C-33272263,Male,0,No,No,26,Yes,No,Fiber optic,No,Yes,No internet service,No,Yes,No,Month-to-month,Yes,Bank transfer (automatic),48.53,1231.63,No
C-cb1c91c2,Female,1,Yes,No,60,Yes,No,Fiber optic,No,Yes,Yes,No internet service,No internet service,No,One year,Yes,Credit card (automatic),47.31,2817.82,No
C-dd744ce5,Male,0,No,No,3,Yes,No phone service,DSL,No,No,No,No,No internet service,Yes,Two year,Yes,Electronic check,29.07,113.12,Yes
C-4a8e0b83,Female,1,Yes,Yes,20,Yes,No,DSL,Yes,No,No,No,Yes,Yes,One year,Yes,Electronic check,43.42,839.82,No
C-4ac21a78,Female,0,Yes,No,61,No,No phone service,Fiber optic,Yes,Yes,No,Yes,No internet service,No,Month-to-month,Yes,Electronic check,57.92,3493.87,No
C-bdcfdbe4,Male,0,No,Yes,30,Yes,Yes,No,No internet service,No internet service,No internet service,No internet service,No internet service,No internet service,Month-to-month,Yes,Credit card (automatic),24.74,736.53,No
C-0dfbe53a,Male,0,No,Yes,8,Yes,Yes,DSL,No,Yes,Yes,No,No,Yes,Month-to-month,Yes,Electronic check,42.94,352.35,No
C-51bb1e96,Female,0,Yes,No,14,Yes,No,Fiber optic,No,No,Yes,Yes,Yes,No,Month-to-month,Yes,Bank transfer (automatic),55.42,774.84,Yes
C-d533252b,Male,0,No,Yes,17,Yes,No,No,No internet service,No internet service,No internet service,No internet service,No internet service,No internet service,Month-to-month,No,Bank transfer (automatic),20.16,346.32,No
C-7ea5aae9,Male,0,Yes,No,55,Yes,No,DSL,No,Yes,No,No,No,No,Month-to-month,Yes,Mailed check,32.18,1782.15,Yes
C-ae23bb92,Female,0,No,No,13,Yes,No,DSL,Yes,Yes,No,Yes,No,Yes,Month-to-month,Yes,Mailed check,47.47,632.27,No
C-0ce27b23,Male,0,No,No,27,Yes,No,No,No internet service,No internet service,No internet service,No internet service,No internet service,No internet service,Month-to-month,Yes,Credit card (automatic),18.83,491.25,No
C-6a67de42,Male,0,Yes,No,46,Yes,No,Fiber optic,No,No,No,No,No,Yes,Month-to-month,No,Electronic check,48.53,2264.85,No
C-cd61e2b6,Male,0,No,No,52,Yes,No,Fiber optic,No,No,No,No,No,Yes,Month-to-month,Yes,Electronic check,45.11,2366.55,No
C-d8380e85,Male,0,No,Yes,10,Yes,No phone service,DSL,No,No internet service,No,Yes,No,Yes,Month-to-month,No,Credit card (automatic),37.0,371.75,Yes
C-396af760,Female,0,No,Yes,33,Yes,No,No,No internet service,No internet service,No internet service,No internet service,No internet service,No internet service,Month-to-month,Yes,Electronic check,18.0,550.28,Yes
C-5ef67414,Male,0,No,No,7,Yes,No phone service,DSL,No,Yes,Yes,Yes,No,No,Month-to-month,No,Electronic check,44.13,311.49,Yes
C-cadd1aaf,Male,0,No,Yes,24,Yes,Yes,DSL,No,Yes,No,No,No,No internet service,Month-to-month,Yes,Electronic check,29.07,669.08,No
C-5a78ffc6,Male,0,No,No,46,Yes,Yes,No,No internet service,No internet service,No internet service,No internet service,No internet service,No internet service,Month-to-month,Yes,Credit card (automatic),21.91,1027.31,No
C-f75b8367,Male,0,No,No,10,Yes,Yes,DSL,No internet service,No,No,Yes,No,No,Month-to-month,Yes,Electronic check,26.56,245.46,No
C-f9b65c13,Male,1,Yes,Yes,29,Yes,Yes,Fiber optic,Yes,No,Yes,Yes,Yes,No,Two year,Yes,Bank transfer (automatic),65.32,1887.68,No
C-825837bb,Male,0,Yes,Yes,30,Yes,No,DSL,No,No internet service,No,Yes,Yes,Yes,Two year,No,Credit card (automatic),42.69,1297.55,No
C-adee896a,Female,0,No,No,69,Yes,No,Fiber optic,No,No,Yes,No,Yes,No,Month-to-month,No,Electronic check,47.54,3274.83,Yes
C-3e34fe21,Female,0,Yes,No,20,Yes,No,Fiber optic,No,Yes,No,No,Yes,No,One year,No,Mailed check,49.26,982.08,No
C-6e4ad0a5,Male,0,Yes,Yes,47,Yes,Yes,DSL,No,No,No internet service,No,Yes,No internet service,Month-to-month,No,Credit card (automatic),30.91,1437.5,No
C-1bb58a7f,Male,1,No,Yes,25,Yes,Yes,DSL,No internet service,No,Yes,No internet service,No,Yes,One year,Yes,Mailed check,35.71,871.63,No
C-6a5aea0a,Male,0,Yes,No,11,No,No phone service,Fiber optic,No internet service,Yes,No,Yes,No,Yes,Month-to-month,No,Mailed check,53.96,610.11,Yes
C-dd02752a,Male,0,No,No,2,Yes,No,DSL,Yes,No,No,Yes,Yes,No,Month-to-month,Yes,Electronic check,37.57,122.98,Yes
C-feb0be80,Female,0,No,No,1,Yes,No phone service,Fiber optic,No,No,Yes,No internet service,No,No,Month-to-month,No,Mailed check,40.88,65.52,Yes
C-15a365ab,Female,0,Yes,No,58,Yes,No,Fiber optic,No,No,Yes,No,No,No,Two year,Yes,Electronic check,41.01,2366.86,No
C-1e3ebe55,Male,0,No,No,5,Yes,Yes,No,No internet service,No internet service,No internet service,No internet service,No internet service,No internet service,Two year,No,Mailed check,18.0,124.88,No
C-c906ece5,Male,0,No,No,57,No,No phone service,DSL,No,No,No,No,No,Yes,Month-to-month,Yes,Credit card (automatic),31.29,1788.44,No
C-75af745f,Male,0,No,Yes,49,Yes,Yes,DSL,No,No,No,No,No internet service,Yes,Month-to-month,Yes,Bank transfer (automatic),30.14,1485.1,Yes
C-3bec4563,Female,1,Yes,No,31,Yes,Yes,Fiber optic,No,Yes,Yes,No,No,No,One year,No,Credit card (automatic),51.15,1606.85,No
C-0707f037,Male,0,No,No,20,Yes,No,Fiber optic,Yes,No,No,No,No,Yes,One year,Yes,Electronic check,60.97,1219.66,No
C-dcb96f5b,Male,0,No,No,4,Yes,Yes,No,No internet service,No internet service,No internet service,No internet service,No internet service,No internet service,One year,Yes,Bank transfer (automatic),18.86,53.84,No
C-b51d3fe4,Female,0,No,No,45,Yes,No,No,No internet service,No internet service,No internet service,No internet service,No internet service,No internet service,Month-to-month,No,Electronic check,18.0,833.97,Yes
C-b9e0d44a,Female,0,No,Yes,25,Yes,No,Fiber optic,Yes,No,No,Yes,Yes,Yes,Month-to-month,Yes,Bank transfer (automatic),65.97,1641.43,No
C-c486344f,Female,1,Yes,Yes,43,Yes,Yes,Fiber optic,No,Yes,No internet service,No,No,No,Month-to-month,No,Electronic check,46.91,2014.0,No
C-ee9f4c19,Male,0,Yes,Yes,45,Yes,No phone service,Fiber optic,Yes,No,No,No,Yes,Yes,Month-to-month,No,Electronic check,59.98,2683.1,No
C-8be41129,Female,1,No,No,12,Yes,Yes,DSL,No,Yes,No,Yes,No,Yes,Month-to-month,No,Electronic check,45.19,548.27,No
C-91afefc9,Male,0,Yes,No,10,Yes,No,Fiber optic,No,Yes,Yes,No internet service,Yes,Yes,Month-to-month,Yes,Credit card (automatic),58.4,599.99,Yes
C-cf8de784,Male,1,No,No,19,Yes,Yes,Fiber optic,Yes,No,No,No,No internet service,No,Month-to-month,No,Electronic check,46.83,910.06,No
C-5b137509,Male,0,No,Yes,30,Yes,Yes,DSL,No,No,No,No,Yes,No,Month-to-month,No,Bank transfer (automatic),33.76,995.15,Yes
C-4c1ee43e,Male,0,Yes,Yes,68,Yes,No,Fiber optic,No,Yes,No,No,No,No internet service,Month-to-month,No,Credit card (automatic),47.68,3259.46,No
C-e3cea1c7,Female,0,No,Yes,52,Yes,No phone service,DSL,No,No,No,No,Yes,No,One year,Yes,Electronic check,31.04,1632.18,No
C-49d9429a,Male,0,No,Yes,71,Yes,No,DSL,No,No internet service,No,No,No,Yes,Month-to-month,No,Credit card (automatic),33.86,2404.61,No
C-0b8853ed,Female,0,Yes,No,20,Yes,No,No,No internet service,No internet service,No internet service,No internet service,No internet service,No internet service,Two year,No,Electronic check,23.53,444.11,No
C-68dfc041,Female,0,No,No,9,Yes,No,Fiber optic,No,Yes,No,No,No,No,Two year,No,Electronic check,45.03,413.69,No
C-d9a4bd84,Female,0,Yes,No,55,Yes,No phone service,No,No internet service,No internet service,No internet service,No internet service,No internet service,No internet service,Month-to-month,Yes,Electronic check,18.0,1007.3,Yes
C-4eca6fa2,Male,0,Yes,No,2,Yes,Yes,DSL,No,No,No,No,No,No internet service,Month-to-month,No,Electronic check,23.75,43.92,Yes
C-fb248fe4,Female,0,Yes,Yes,49,Yes,No phone service,Fiber optic,No,Yes,No,Yes,No,No,One year,No,Electronic check,50.23,2464.93,Yes
C-5892e93e,Female,0,Yes,No,22,Yes,Yes,Fiber optic,No,No,No,No,No,No,Two year,No,Bank transfer (automatic),36.92,800.67,No
C-c713ded2,Male,0,No,Yes,42,Yes,Yes,No,No internet service,No internet service,No internet service,No internet service,No internet service,No internet service,Month-to-month,Yes,Mailed check,18.0,770.08,No
C-f835b77c,Male,0,Yes,No,69,Yes,No,Fiber optic,Yes,Yes,Yes,No,No,Yes,Month-to-month,Yes,Mailed check,62.19,4264.24,No
C-5a0e10d7,Female,0,Yes,No,56,No,No phone service,No,No internet service,No internet service,No internet service,No internet service,No internet service,No internet service,Month-to-month,Yes,Bank transfer (automatic),19.52,1089.4,Yes
C-06852f22,Male,1,No,No,16,Yes,No,DSL,No,Yes,Yes,No internet service,Yes,No internet service,Two year,No,Electronic check,39.41,643.48,No
C-bcbabe43,Male,0,No,No,54,Yes,No,Fiber optic,Yes,No,No internet service,Yes,No,No,Month-to-month,Yes,Electronic check,53.06,2876.66,No
C-022c91a4,Female,0,No,Yes,61,No,No phone service,Fiber optic,No,No,Yes,No,Yes,No,Month-to-month,Yes,Bank transfer (automatic),54.1,3275.72,Yes
C-76f560b9,Male,0,Yes,Yes,42,Yes,No,DSL,No,Yes,No internet service,No,Yes,Yes,Month-to-month,No,Mailed check,40.61,1710.2,No
C-4c1d4936,Female,0,Yes,Yes,15,Yes,No phone service,DSL,No,No,No,No,No internet service,No internet service,Month-to-month,No,Electronic check,28.26,441.45,No
C-8417dc71,Male,0,Yes,Yes,4,Yes,Yes,Fiber optic,No,No internet service,Yes,Yes,Yes,No,Month-to-month,Yes,Credit card (automatic),51.28,196.93,Yes
C-3df9c314,Female,0,Yes,No,12,Yes,No,No,No internet service,No internet service,No internet service,No internet service,No internet service,No internet service,Month-to-month,Yes,Credit card (automatic),19.94,237.74,Yes
C-33c8b3e3,Female,0,No,No,27,Yes,Yes,Fiber optic,No,Yes,No,No,Yes,No,Month-to-month,No,Credit card (automatic),52.12,1388.45,Yes
C-18df8635,Male,0,Yes,No,42,Yes,No,Fiber optic,No,Yes,No,Yes,No,No,Month-to-month,No,Mailed check,51.8,2179.77,Yes
C-3d54c5f9,Male,0,No,No,61,Yes,Yes,Fiber optic,No,No internet service,No,Yes,No internet service,Yes,Two year,Yes,Mailed check,48.94,3033.7,No
C-48793f9f,Female,0,Yes,Yes,60,Yes,Yes,DSL,Yes,Yes,No,Yes,Yes,No,Month-to-month,Yes,Mailed check,45.23,2659.79,No
C-251f3b1f,Female,0,No,No,9,Yes,Yes,DSL,No,No,No,Yes,No internet service,Yes,Month-to-month,Yes,Bank transfer (automatic),35.13,362.91,No
C-8a844d83,Female,0,No,No,40,Yes,Yes,DSL,Yes,Yes,No,Yes,No,No,Two year,Yes,Credit card (automatic),42.43,1723.41,No
C-f9529151,Female,1,No,Yes,15,Yes,No phone service,No,No internet service,No internet service,No internet service,No internet service,No internet service,No internet service,Month-to-month,No,Electronic check,18.0,249.0,No
C-a0eed10f,Male,0,Yes,No,33,Yes,No,No,No internet service,No internet service,No internet service,No internet service,No internet service,No internet service,Month-to-month,No,Bank transfer (automatic),18.0,591.59,No
C-64413f5d,Female,0,No,No,39,Yes,No,Fiber optic,No internet service,No,No,Yes,No internet service,No,Month-to-month,Yes,Credit card (automatic),44.8,1781.52,No
C-977de34f,Male,0,No,Yes,3,Yes,No,Fiber optic,Yes,No internet service,Yes,No,Yes,No,Month-to-month,Yes,Electronic check,57.14,168.27,Yes
C-89270a72,Male,0,No,No,55,Yes,No,Fiber optic,No internet service,Yes,No,No,Yes,Yes,Month-to-month,No,Bank transfer (automatic),61.48,3393.8,Yes
C-eecc70c9,Female,1,No,Yes,67,Yes,Yes,Fiber optic,No,No,No,No,No,No,Two year,No,Credit card (automatic),43.46,2930.08,No
C-c6f67539,Female,0,No,No,15,Yes,Yes,DSL,No internet service,No,No,No,No,No,Month-to-month,Yes,Electronic check,21.98,324.93,No
C-9ae525b4,Male,0,No,Yes,35,Yes,No phone service,No,No internet service,No internet service,No internet service,No internet service,No internet service,No internet service,Two year,No,Bank transfer (automatic),20.73,734.74,No
C-045477a5,Female,0,Yes,Yes,55,Yes,No,Fiber optic,No,Yes,No,No,Yes,No,One year,Yes,Electronic check,51.02,2840.27,No
C-5a02ae39,Male,0,Yes,No,8,No,No phone service,Fiber optic,No,No,No,No,No,No internet service,Two year,No,Mailed check,41.17,335.27,No
C-4efd10b9,Male,1,No,No,51,Yes,Yes,No,No internet service,No internet service,No internet service,No internet service,No internet service,No internet service,Two year,No,Bank transfer (automatic),20.79,1083.78,No
C-3bfad118,Female,0,No,Yes,53,Yes,No,No,No internet service,No internet service,No internet service,No internet service,No internet service,No internet service,Month-to-month,No,Electronic check,21.29,1136.19,No
C-5cc69ba5,Female,0,No,No,15,Yes,Yes,Fiber optic,No,No,Yes,Yes,No,Yes,One year,No,Bank transfer (automatic),57.37,843.35,No
C-65b9b48a,Female,0,Yes,No,8,No,No phone service,DSL,No,No,No,No,No,No,Two year,Yes,Mailed check,23.11,178.28,No
C-9f1919db,Female,0,No,Yes,20,Yes,No,Fiber optic,No internet service,Yes,No,No,No,No internet service,Month-to-month,No,Credit card (automatic),49.84,1004.96,Yes
C-a111a577,Female,0,No,Yes,26,Yes,No phone service,DSL,No,No,No,Yes,Yes,Yes,Month-to-month,Yes,Mailed check,41.04,1063.56,No
C-8dc2dd8a,Male,0,No,No,10,Yes,No,DSL,No,Yes,Yes,Yes,No,No,Month-to-month,Yes,Electronic check,44.2,445.74,Yes
C-06486e16,Female,1,No,No,33,No,No phone service,Fiber optic,No,No,No,Yes,No,No,Month-to-month,Yes,Electronic check,49.87,1645.02,Yes
C-e41423d0,Female,0,No,No,3,Yes,Yes,Fiber optic,No,No,No,Yes,Yes,No internet service,One year,Yes,Credit card (automatic),53.54,122.42,Yes
C-d1e82221,Male,1,No,No,2,Yes,No,DSL,No,No,No,Yes,No internet service,No,Month-to-month,No,Bank transfer (automatic),29.46,28.55,Yes
C-59734556,Male,0,Yes,No,66,Yes,No phone service,Fiber optic,No,No,No,No,No,Yes,One year,Yes,Electronic check,48.48,3207.45,No
C-9a2ab4e4,Male,0,Yes,No,1,Yes,No,No,No internet service,No internet service,No internet service,No internet service,No internet service,No internet service,Month-to-month,No,Bank transfer (automatic),18.27,41.75,Yes
C-d17ab831,Male,0,No,No,36,No,No phone service,No,No internet service,No internet service,No internet service,No internet service,No internet service,No internet service,One year,Yes,Credit card (automatic),18.94,690.1,No
C-0e268b87,Male,0,Yes,Yes,71,No,No phone service,DSL,No,Yes,No,No,Yes,Yes,Two year,No,Credit card (automatic),45.73,3275.25,No
C-535cda02,Female,0,Yes,No,2,Yes,Yes,DSL,Yes,Yes,Yes,Yes,No,No,One year,Yes,Credit card (automatic),44.1,59.65,No
C-d64f7fe1,Female,0,Yes,No,37,Yes,No phone service,DSL,No,Yes,No,No,No internet service,Yes,One year,Yes,Credit card (automatic),33.57,1252.94,No
C-e59c0663,Female,0,Yes,No,41,Yes,Yes,No,No internet service,No internet service,No internet service,No internet service,No internet service,No internet service,Month-to-month,No,Mailed check,21.28,898.45,Yes
C-11ba5aff,Male,1,Yes,No,48,Yes,No phone service,No,No internet service,No internet service,No internet service,No internet service,No internet service,No internet service,Month-to-month,Yes,Electronic check,20.96,1018.67,Yes
C-4ff5b1b3,Male,0,No,Yes,21,Yes,No,Fiber optic,Yes,No,Yes,No,Yes,Yes,Two year,Yes,Credit card (automatic),64.06,1319.93,No
C-8dda0525,Male,0,No,No,69,Yes,Yes,DSL,Yes,Yes,No,No,No,No,One year,Yes,Electronic check,35.92,2516.84,No
C-a671d1b2,Male,0,No,No,57,Yes,No,Fiber optic,No internet service,Yes,Yes,No internet service,No,No,Two year,No,Electronic check,52.49,3013.22,No
C-fc6ddd24,Female,0,No,Yes,3,Yes,No,Fiber optic,No,No,Yes,No,Yes,No,One year,Yes,Bank transfer (automatic),51.56,142.15,No
C-ded34e20,Female,0,No,No,46,Yes,Yes,Fiber optic,No,Yes,No internet service,No internet service,No,Yes,One year,Yes,Electronic check,56.1,2574.41,No
C-3948a7be,Female,0,No,No,27,Yes,No phone service,Fiber optic,No,No,No internet service,Yes,Yes,Yes,One year,Yes,Bank transfer (automatic),54.43,1455.66,No
C-5b1ae2bf,Female,0,Yes,No,39,No,No phone service,Fiber optic,No,Yes,Yes,No,Yes,No,Month-to-month,Yes,Electronic check,50.88,1965.47,Yes
C-b9fc8b42,Male,0,No,No,67,Yes,Yes,Fiber optic,No,Yes,No,No,Yes,No internet service,Two year,No,Credit card (automatic),52.56,3501.69,No
C-183c43ad,Male,0,No,No,36,Yes,Yes,No,No internet service,No internet service,No internet service,No internet service,No internet service,No internet service,One year,Yes,Bank transfer (automatic),21.95,802.98,No
C-2a8a48a3,Male,0,Yes,No,32,Yes,No phone service,Fiber optic,Yes,No,No,No,No,Yes,Month-to-month,No,Bank transfer (automatic),51.97,1682.24,Yes
C-9da35802,Female,0,Yes,No,42,Yes,Yes,Fiber optic,No,Yes,Yes,Yes,No,Yes,One year,Yes,Bank transfer (automatic),62.62,2609.6,No
C-61b489f7,Male,0,Yes,No,30,Yes,No,Fiber optic,Yes,No,Yes,No,No,Yes,Two year,Yes,Bank transfer (automatic),57.25,1732.77,No
C-a805b934,Female,0,No,No,58,Yes,Yes,DSL,Yes,No,No,No,No internet service,No,Month-to-month,No,Electronic check,25.03,1425.64,Yes
C-73f70d69,Male,0,Yes,No,42,Yes,No,DSL,No,Yes,No,No internet service,No,Yes,Month-to-month,Yes,Credit card (automatic),31.5,1322.41,Yes
C-52bf7f3a,Female,0,Yes,Yes,38,Yes,Yes,Fiber optic,No,Yes,Yes,No,Yes,No,One year,No,Mailed check,57.08,2148.19,No
C-5c3ad776,Female,0,No,No,66,Yes,Yes,Fiber optic,No internet service,Yes,No internet service,No,No,No,Month-to-month,Yes,Electronic check,47.92,3207.48,Yes
C-b73800cb,Female,0,No,No,48,Yes,No,DSL,No internet service,Yes,No internet service,Yes,No,No,Month-to-month,Yes,Electronic check,34.57,1642.22,No
C-b17db32d,Male,0,Yes,No,20,Yes,No,Fiber optic,No,No internet service,No,No,No,No,Two year,Yes,Bank transfer (automatic),40.49,800.25,No
C-0d8f67c7,Female,0,No,No,43,Yes,No,Fiber optic,No,No,Yes,No,No internet service,No internet service,One year,Yes,Bank transfer (automatic),43.14,1844.42,No
C-51784c89,Female,0,Yes,No,29,Yes,No,Fiber optic,No,No,No,No,No,No internet service,One year,No,Credit card (automatic),41.22,1195.12,No
C-36edb8cc,Female,0,No,No,4,Yes,Yes,DSL,No internet service,No,No,No,No,No,One year,Yes,Electronic check,24.49,92.35,No
C-527eb421,Female,0,Yes,Yes,28,Yes,No,Fiber optic,No,No,No,No,Yes,Yes,Two year,Yes,Credit card (automatic),43.46,1235.62,No
C-78a6cff9,Female,0,No,No,65,Yes,Yes,Fiber optic,No,No,Yes,No,Yes,Yes,One year,Yes,Bank transfer (automatic),54.49,3536.23,Yes
C-5216f814,Female,0,No,No,26,Yes,Yes,Fiber optic,No,No,Yes,Yes,Yes,Yes,Two year,Yes,Mailed check,60.73,1581.11,Yes
C-7bed51fa,Male,0,Yes,No,41,Yes,No phone service,Fiber optic,Yes,Yes,No,No,Yes,No internet service,Month-to-month,No,Credit card (automatic),63.94,2595.73,Yes
C-b10410b2,Male,0,No,Yes,57,Yes,No,DSL,No,No,Yes,No,No,Yes,Month-to-month,Yes,Electronic check,36.68,2139.56,No
C-28f2108d,Female,1,No,No,11,Yes,No phone service,Fiber optic,Yes,No,Yes,Yes,Yes,Yes,One year,No,Bank transfer (automatic),67.27,725.53,Yes
C-08bbd677,Female,0,Yes,No,20,Yes,Yes,DSL,No,No,No,Yes,Yes,No,Month-to-month,Yes,Credit card (automatic),33.96,675.94,Yes
C-7e2fe712,Female,0,No,No,33,Yes,No,DSL,No,Yes,Yes,No,Yes,No,Two year,Yes,Mailed check,45.53,1491.2,No
C-4921621d,Female,0,Yes,No,39,Yes,No,Fiber optic,No,No internet service,Yes,No internet service,Yes,Yes,Two year,Yes,Electronic check,58.81,2317.01,No
C-b178aefb,Female,0,No,Yes,25,Yes,Yes,Fiber optic,No,Yes,No internet service,Yes,No,Yes,Month-to-month,Yes,Electronic check,56.86,1404.15,Yes
C-60a67a27,Male,0,Yes,No,5,Yes,No,Fiber optic,No,No,No internet service,No,Yes,No internet service,Two year,No,Bank transfer (automatic),45.69,230.19,No
C-9e611bf9,Female,1,No,Yes,23,Yes,Yes,Fiber optic,No,Yes,Yes,No,Yes,No,Month-to-month,Yes,Mailed check,56.7,1312.67,Yes
C-e3d5f7fc,Female,0,No,Yes,2,Yes,Yes,DSL,Yes,No internet service,No,No internet service,No,Yes,Month-to-month,Yes,Bank transfer (automatic),29.59,7.24,Yes
C-aff3cfd4,Female,0,No,No,0,Yes,Yes,DSL,No,Yes,Yes,Yes,No,Yes,Two year,Yes,Electronic check,46.13,22.12,Yes
C-a56a2e9a,Female,0,No,No,56,Yes,No phone service,Fiber optic,No,Yes,No,No internet service,Yes,No,Month-to-month,No,Mailed check,53.25,2996.89,Yes
C-3b7df49a,Female,0,Yes,No,63,Yes,Yes,Fiber optic,Yes,No,No,No,No,No,Month-to-month,Yes,Credit card (automatic),46.42,2931.08,No
C-5a9c6333,Male,0,Yes,No,12,Yes,Yes,Fiber optic,Yes,No,Yes,No,No,No,Month-to-month,Yes,Electronic check,53.62,650.98,No
C-021df0ca,Male,0,Yes,No,59,Yes,Yes,DSL,No,No,Yes,No,Yes,No,One year,Yes,Mailed check,38.02,2251.43,No
C-5452b96c,Female,0,No,No,58,Yes,No,DSL,No,No internet service,Yes,No,No,No,Two year,No,Bank transfer (automatic),29.58,1712.0,No
C-22d53c2f,Male,0,No,Yes,30,Yes,No,Fiber optic,No,No,No,No,Yes,No internet service,Two year,Yes,Electronic check,46.13,1396.29,Yes
C-96f13da5,Male,0,No,No,69,Yes,Yes,No,No internet service,No internet service,No internet service,No internet service,No internet service,No internet service,Month-to-month,No,Electronic check,20.54,1409.38,No
C-d6d223db,Male,0,Yes,Yes,35,Yes,Yes,Fiber optic,Yes,No,Yes,Yes,Yes,No,Month-to-month,Yes,Credit card (automatic),58.1,2055.32,No
C-771b47dd,Male,0,No,No,43,Yes,Yes,DSL,Yes,No,No,No,No internet service,No,Month-to-month,Yes,Electronic check,31.19,1373.14,No
C-6f8cd3d4,Male,0,No,No,66,Yes,No,Fiber optic,No,No,Yes,Yes,Yes,Yes,Two year,No,Electronic check,62.64,4112.04,No
C-386ec62f,Female,0,No,Yes,14,Yes,No,DSL,No,Yes,Yes,No,No,No,One year,No,Mailed check,34.69,453.97,No
C-9e2ffaeb,Male,0,No,No,6,Yes,Yes,No,No internet service,No internet service,No internet service,No internet service,No internet service,No internet service,Two year,No,Credit card (automatic),19.16,83.15,No
C-514e101e,Female,0,No,No,55,Yes,No,Fiber optic,No internet service,No internet service,No internet service,Yes,No internet service,Yes,Two year,No,Credit card (automatic),50.15,2751.97,No
C-b433eb42,Male,1,Yes,No,44,Yes,No,No,No internet service,No internet service,No internet service,No internet service,No internet service,No internet service,Month-to-month,No,Electronic check,23.1,1034.78,Yes
C-58a62c1e,Male,1,No,Yes,50,Yes,Yes,DSL,Yes,No,No internet service,No internet service,No,Yes,Month-to-month,No,Electronic check,36.89,1856.33,Yes
C-d8229385,Female,0,No,No,46,Yes,Yes,DSL,No,No,Yes,No,Yes,No,One year,No,Electronic check,31.54,1472.49,No
C-fb696cb6,Male,0,No,No,40,Yes,No,Fiber optic,No,No,Yes,No internet service,Yes,No,Month-to-month,No,Bank transfer (automatic),47.77,1948.04,Yes
C-c82058a3,Female,1,No,No,49,Yes,No,Fiber optic,No,No,No,No,No,Yes,Two year,No,Electronic check,45.41,2227.83,No
C-7d67ac02,Male,0,Yes,No,28,Yes,No phone service,DSL,No,Yes,No,Yes,No,No,Month-to-month,No,Bank transfer (automatic),33.77,956.58,Yes
C-b6fbec47,Male,0,No,Yes,64,Yes,No,DSL,No,Yes,Yes,Yes,No,No,Two year,No,Bank transfer (automatic),36.17,2333.59,No
C-f2ce4078,Male,0,Yes,No,17,Yes,No,Fiber optic,Yes,No,Yes,No,No,No,One year,No,Credit card (automatic),50.97,879.23,No
C-5fd32a1f,Male,0,No,No,19,Yes,No,Fiber optic,Yes,Yes,No,No,No internet service,No,Two year,No,Credit card (automatic),51.54,962.79,No
C-05d7de4f,Female,0,No,No,64,No,No phone service,No,No internet service,No internet service,No internet service,No internet service,No internet service,No internet service,Month-to-month,Yes,Mailed check,18.0,1154.22,No
C-494a38d4,Female,0,No,No,70,Yes,No phone service,Fiber optic,Yes,No internet service,Yes,No,No,No,Month-to-month,Yes,Electronic check,53.88,3758.26,Yes
C-dc324390,Female,0,Yes,No,40,No,No phone service,No,No internet service,No internet service,No internet service,No internet service,No internet service,No internet service,One year,Yes,Mailed check,18.0,724.85,No
C-a2cecff6,Male,0,No,No,8,Yes,No,Fiber optic,No,No,Yes,No,No,No,Month-to-month,Yes,Bank transfer (automatic),45.04,312.02,Yes
C-829c2b99,Female,1,No,No,6,No,No phone service,DSL,No,Yes,No,No internet service,Yes,No,Month-to-month,Yes,Credit card (automatic),38.93,197.41,No
C-0cb1f261,Male,0,Yes,No,24,Yes,No phone service,No,No internet service,No internet service,No internet service,No internet service,No internet service,No internet service,Two year,Yes,Electronic check,20.77,479.45,No
C-8db8b079,Female,0,No,No,35,Yes,No phone service,No,No internet service,No internet service,No internet service,No internet service,No internet service,No internet service,Two year,Yes,Electronic check,19.14,678.4,No
C-c4f2afed,Female,0,No,No,53,Yes,No,DSL,No,No,No,No,No,Yes,Month-to-month,Yes,Mailed check,35.35,1906.99,No
C-b8405d82,Male,0,No,Yes,41,Yes,No phone service,No,No internet service,No internet service,No internet service,No internet service,No internet service,No internet service,One year,Yes,Mailed check,18.0,766.28,No
C-43392813,Female,0,Yes,No,8,Yes,No,Fiber optic,Yes,No,No,Yes,No,No,One year,Yes,Electronic check,52.32,427.73,Yes
C-584e5fd1,Male,0,Yes,Yes,4,Yes,No,Fiber optic,No,No,No,No internet service,No internet service,Yes,Month-to-month,Yes,Bank transfer (automatic),45.65,177.9,Yes
C-30b67c14,Male,0,No,No,12,Yes,No,Fiber optic,No,No,No,No,No,No,Two year,Yes,Credit card (automatic),38.22,479.74,No
C-556e0fc5,Female,0,No,Yes,48,Yes,Yes,Fiber optic,No,No internet service,No,No,No,No,Month-to-month,No,Mailed check,40.18,1890.25,No
C-2f223de0,Female,1,Yes,No,25,Yes,No,DSL,No,No internet service,No,No,Yes,Yes,Month-to-month,No,Credit card (automatic),42.62,1087.29,Yes
C-0cdf89f6,Male,0,Yes,No,72,No,No phone service,No,No internet service,No internet service,No internet service,No internet service,No internet service,No internet service,Month-to-month,No,Electronic check,24.47,1760.52,No
C-c630d6be,Male,0,No,Yes,63,Yes,Yes,DSL,No,No,No,Yes,No,No,Two year,Yes,Bank transfer (automatic),30.88,1928.13,No
C-7488fa6a,Female,0,No,Yes,42,Yes,Yes,No,No internet service,No internet service,No internet service,No internet service,No internet service,No internet service,Month-to-month,Yes,Electronic check,21.01,887.28,No
C-68e1bd80,Female,0,Yes,No,7,Yes,No phone service,Fiber optic,No,Yes,No,No,Yes,Yes,One year,Yes,Bank transfer (automatic),55.09,422.82,No
C-1ede29dd,Female,1,Yes,Yes,22,No,No phone service,No,No internet service,No internet service,No internet service,No internet service,No internet service,No internet service,Two year,Yes,Electronic check,24.8,552.32,No
C-b28d2f6f,Female,0,Yes,Yes,58,Yes,Yes,Fiber optic,No,No,No internet service,Yes,Yes,Yes,Two year,Yes,Mailed check,57.65,3326.53,No
C-352ea5e9,Male,0,Yes,No,42,Yes,Yes,DSL,No,No,No,No,Yes,No,Month-to-month,Yes,Credit card (automatic),33.6,1388.21,No
C-e58af075,Female,0,Yes,Yes,0,Yes,Yes,DSL,No,No,No,No,Yes,Yes,Month-to-month,No,Mailed check,35.36,18.94,Yes
C-1efd8511,Female,0,No,No,1,Yes,Yes,DSL,No internet service,No,No,No,No internet service,No,Two year,Yes,Electronic check,21.57,0.0,Yes
C-a935a9e9,Female,0,Yes,No,31,Yes,Yes,Fiber optic,Yes,Yes,No,No,Yes,No,One year,No,Electronic check,56.05,1735.09,No
C-ab6da145,Male,0,No,Yes,34,Yes,Yes,No,No internet service,No internet service,No internet service,No internet service,No internet service,No internet service,Two year,No,Credit card (automatic),20.06,690.78,No
C-f7c08f37,Female,0,No,Yes,69,Yes,Yes,DSL,Yes,No internet service,No,No,Yes,No,One year,No,Credit card (automatic),35.8,2458.87,No
C-b241c06d,Female,0,Yes,Yes,3,Yes,Yes,DSL,No,No,No internet service,No,No,No,One year,Yes,Bank transfer (automatic),26.88,109.36,Yes
C-b0ce6ac7,Male,0,Yes,No,40,Yes,Yes,DSL,Yes,No,No,No,Yes,No,Month-to-month,No,Credit card (automatic),42.7,1695.91,Yes
C-3342f4b5,Male,0,No,No,9,Yes,No,Fiber optic,No,No,Yes,No,Yes,No internet service,One year,No,Credit card (automatic),47.07,469.57,Yes
C-e35785c7,Female,0,Yes,No,57,Yes,No,No,No internet service,No internet service,No internet service,No internet service,No internet service,No internet service,Month-to-month,Yes,Electronic check,18.0,1024.92,No
C-fa3cfec1,Female,0,No,Yes,51,Yes,Yes,No,No internet service,No internet service,No internet service,No internet service,No internet service,No internet service,Two year,No,Mailed check,24.78,1257.05,No
C-fa54dfcf,Male,1,No,No,64,Yes,Yes,Fiber optic,No,Yes,No,No,No,No,Month-to-month,Yes,Credit card (automatic),46.07,2975.08,Yes
C-ccca9f38,Female,0,Yes,No,58,Yes,No,Fiber optic,No,No,Yes,Yes,No,Yes,One year,No,Mailed check,57.67,3324.52,No
C-76eb13ce,Female,0,Yes,Yes,23,Yes,No phone service,No,No internet service,No internet service,No internet service,No internet service,No internet service,No internet service,Two year,Yes,Mailed check,25.02,558.75,No
C-064ac807,Male,0,Yes,Yes,43,Yes,No,Fiber optic,Yes,Yes,No,Yes,No,No,Two year,Yes,Credit card (automatic),54.15,2338.22,No
C-1d551c51,Male,0,Yes,Yes,43,Yes,No phone service,DSL,No,No,Yes,Yes,Yes,Yes,Month-to-month,No,Bank transfer (automatic),50.27,2160.45,No
C-30ecd8ab,Male,1,Yes,No,54,Yes,No phone service,No,No internet service,No internet service,No internet service,No internet service,No internet service,No internet service,Month-to-month,Yes,Bank transfer (automatic),24.16,1275.01,No
C-6773367e,Female,0,No,No,40,Yes,Yes,DSL,No,Yes,Yes,Yes,No,Yes,Month-to-month,Yes,Electronic check,43.11,1723.85,No
C-d90595d1,Female,0,No,No,16,Yes,Yes,DSL,No internet service,No,No,Yes,No,Yes,Month-to-month,Yes,Electronic check,37.76,580.73,Yes
C-257ccc93,Male,0,Yes,Yes,61,Yes,Yes,No,No internet service,No internet service,No internet service,No internet service,No internet service,No internet service,Month-to-month,Yes,Bank transfer (automatic),21.24,1294.42,Yes
C-74af0c93,Male,0,Yes,No,49,Yes,Yes,DSL,Yes,No,No,No,No,No,One year,Yes,Electronic check,28.74,1380.8,No
C-7dec46c3,Male,0,No,No,25,Yes,No,Fiber optic,No,Yes,Yes,No,No internet service,No,Two year,Yes,Electronic check,49.91,1250.54,Yes
C-a5a9e8e8,Female,0,Yes,Yes,33,Yes,No,Fiber optic,No,Yes,No,No,No,Yes,Two year,Yes,Mailed check,51.7,1704.07,Yes
C-0266e930,Male,0,Yes,No,16,Yes,No phone service,Fiber optic,No,Yes,Yes,No,Yes,Yes,Month-to-month,Yes,Mailed check,63.82,1006.52,No
C-b33d8685,Female,1,Yes,Yes,1,Yes,No,DSL,No,Yes,No,Yes,No,Yes,Month-to-month,No,Mailed check,40.7,0.0,No
C-21b757bf,Female,0,No,No,56,Yes,Yes,Fiber optic,No,No,Yes,No,Yes,Yes,One year,Yes,Electronic check,53.9,3009.01,No
C-e516a9be,Male,0,Yes,No,35,Yes,Yes,No,No internet service,No internet service,No internet service,No internet service,No internet service,No internet service,Two year,No,Credit card (automatic),19.7,675.27,No
C-5cf3bd84,Female,0,Yes,No,8,Yes,No phone service,Fiber optic,Yes,No,No internet service,No,No,No,Month-to-month,Yes,Bank transfer (automatic),48.39,386.3,No
C-45870566,Female,1,Yes,No,68,No,No phone service,DSL,No,No,No,Yes,Yes,No,One year,Yes,Electronic check,39.81,2676.97,No
C-7998da7d,Male,0,No,No,1,Yes,No,No,No internet service,No internet service,No internet service,No internet service,No internet service,No internet service,Month-to-month,Yes,Bank transfer (automatic),20.74,31.09,Yes
C-3e6b5a53,Male,0,Yes,No,51,Yes,No,No,No internet service,No internet service,No internet service,No internet service,No internet service,No internet service,One year,Yes,Bank transfer (automatic),20.33,1038.87,No
C-d9e66477,Male,0,Yes,Yes,29,Yes,Yes,DSL,No,Yes,Yes,No,No,No,Month-to-month,Yes,Bank transfer (automatic),41.22,1196.82,Yes
C-eee1458e,Male,0,Yes,Yes,57,Yes,Yes,DSL,No internet service,Yes,No,Yes,No,No internet service,Month-to-month,Yes,Mailed check,30.58,1740.49,No
C-a9636307,Female,1,Yes,Yes,71,Yes,Yes,No,No internet service,No internet service,No internet service,No internet service,No internet service,No internet service,One year,No,Electronic check,24.2,1691.36,No
C-99cf31a5,Male,0,No,No,55,Yes,No phone service,DSL,No,No,No,No,No,No internet service,One year,No,Mailed check,20.84,1179.03,No
C-db6f03b8,Male,0,Yes,No,53,Yes,Yes,DSL,No,No,Yes,Yes,Yes,No,Month-to-month,Yes,Bank transfer (automatic),41.24,2159.34,No
C-fb2e4ad3,Female,0,Yes,Yes,45,Yes,Yes,No,No internet service,No internet service,No internet service,No internet service,No internet service,No internet service,Month-to-month,Yes,Bank transfer (automatic),18.0,815.75,Yes
C-2ff5960f,Female,1,Yes,No,38,Yes,Yes,No,No internet service,No internet service,No internet service,No internet service,No internet service,No internet service,Month-to-month,Yes,Credit card (automatic),18.0,689.58,No
C-73a36ec9,Female,0,Yes,No,10,Yes,No,DSL,No,No,Yes,No,No internet service,No,Month-to-month,Yes,Electronic check,28.22,242.95,Yes
C-ac2a90d2,Male,1,Yes,Yes,58,Yes,No,No,No internet service,No internet service,No internet service,No internet service,No internet service,No internet service,Month-to-month,Yes,Electronic check,20.26,1143.21,Yes
C-d5976ba3,Male,0,No,No,27,Yes,No phone service,Fiber optic,No,No,Yes,Yes,No internet service,Yes,Month-to-month,No,Credit card (automatic),53.84,1459.11,Yes
C-b5f2656a,Female,0,Yes,No,10,Yes,No,No,No internet service,No internet service,No internet service,No internet service,No internet service,No internet service,Two year,No,Mailed check,22.12,222.08,No
C-7b3c7f9b,Female,0,No,Yes,3,Yes,No,No,No internet service,No internet service,No internet service,No internet service,No internet service,No internet service,Month-to-month,No,Electronic check,20.67,46.76,Yes
C-39193894,Female,0,No,No,72,Yes,No,Fiber optic,Yes,Yes,No,Yes,No,No,Two year,Yes,Bank transfer (automatic),56.34,4042.47,No
C-92564c5c,Female,0,Yes,No,44,Yes,No,No,No internet service,No internet service,No internet service,No internet service,No internet service,No internet service,Month-to-month,No,Credit card (automatic),23.87,1050.8,No
C-e00c5997,Female,0,Yes,No,62,Yes,No phone service,DSL,Yes,No,No,No,No,Yes,Month-to-month,No,Bank transfer (automatic),42.19,2635.83,No
C-f335b693,Male,1,No,No,34,Yes,No phone service,DSL,No,No,No internet service,No internet service,No internet service,Yes,Month-to-month,Yes,Bank transfer (automatic),32.79,1153.3,No
C-0186a50b,Male,0,No,No,17,Yes,No phone service,Fiber optic,Yes,Yes,No,No,No,No,One year,Yes,Mailed check,52.79,885.92,No
C-ca3a6453,Male,1,Yes,No,65,Yes,Yes,Fiber optic,No,Yes,No,No,No,No,Two year,No,Mailed check,43.0,2792.07,Yes
C-6f52e31c,Male,0,Yes,No,29,No,No phone service,No,No internet service,No internet service,No internet service,No internet service,No internet service,No internet service,Month-to-month,No,Mailed check,21.43,598.71,No
C-8c271bbb,Male,0,No,No,13,Yes,Yes,Fiber optic,Yes,No,Yes,Yes,No,No,Two year,Yes,Bank transfer (automatic),55.56,693.0,No
C-055bd5d9,Male,0,No,No,11,Yes,No,No,No internet service,No internet service,No internet service,No internet service,No internet service,No internet service,Month-to-month,Yes,Credit card (automatic),18.41,211.45,No
C-f421f413,Female,0,No,Yes,4,Yes,Yes,No,No internet service,No internet service,No internet service,No internet service,No internet service,No internet service,Month-to-month,Yes,Mailed check,18.0,64.75,Yes
C-28f6fc10,Female,0,No,No,70,Yes,Yes,Fiber optic,No,Yes,No,No,Yes,No internet service,Month-to-month,Yes,Electronic check,52.86,3719.12,No
C-b247392b,Male,0,Yes,No,42,Yes,No,Fiber optic,No internet service,Yes,No internet service,Yes,Yes,No,Two year,Yes,Electronic check,57.12,2393.81,No
C-e72d6091,Male,1,Yes,No,29,Yes,No,DSL,No,Yes,Yes,No,No,No,Month-to-month,No,Credit card (automatic),39.43,1127.96,No
C-02066e04,Male,1,Yes,No,59,Yes,No phone service,Fiber optic,No,No,No,Yes,Yes,No,Month-to-month,No,Credit card (automatic),45.67,2686.04,No
C-50d717eb,Male,0,Yes,Yes,15,Yes,Yes,DSL,Yes,No,Yes,No,No,No,Month-to-month,Yes,Mailed check,40.59,589.09,Yes
C-cc6473e8,Female,1,Yes,Yes,48,Yes,No,No,No internet service,No internet service,No internet service,No internet service,No internet service,No internet service,One year,Yes,Mailed check,24.16,1181.87,No
C-b39a3e03,Male,0,Yes,No,54,Yes,No phone service,No,No internet service,No internet service,No internet service,No internet service,No internet service,No internet service,Month-to-month,Yes,Mailed check,18.0,1008.7,No
C-844f40d1,Female,0,Yes,No,62,Yes,No phone service,Fiber optic,No,No,No,No internet service,No,No internet service,Month-to-month,No,Electronic check,40.43,2505.19,No
C-b21b6e2d,Male,0,Yes,Yes,65,Yes,Yes,No,No internet service,No internet service,No internet service,No internet service,No internet service,No internet service,Month-to-month,No,Electronic check,18.31,1180.75,No
C-ec4e6b65,Female,1,No,Yes,27,Yes,Yes,DSL,No,No,Yes,No,No,No,Two year,No,Credit card (automatic),26.07,709.32,No
C-707bb5de,Female,0,Yes,No,22,Yes,No,DSL,No internet service,Yes,No internet service,No,No,Yes,Two year,Yes,Electronic check,34.19,728.54,No
C-1eccfc00,Female,0,No,No,35,Yes,No phone service,DSL,No,Yes,Yes,No internet service,Yes,Yes,Month-to-month,Yes,Electronic check,43.61,1521.76,Yes
C-83c9b84e,Male,0,Yes,No,44,Yes,Yes,DSL,Yes,Yes,No,No,No,Yes,One year,No,Bank transfer (automatic),42.48,1848.71,No
C-80b70eae,Female,0,No,No,13,Yes,No,DSL,No,Yes,Yes,No,No,No,Two year,No,Bank transfer (automatic),34.94,455.85,No
C-ecc5d1fe,Male,0,Yes,No,56,Yes,Yes,Fiber optic,No internet service,Yes,Yes,No internet service,No,Yes,Month-to-month,Yes,Bank transfer (automatic),52.72,2969.11,Yes
C-9249b9ba,Female,0,No,Yes,59,Yes,No,Fiber optic,No,No,No,Yes,No internet service,No,One year,Yes,Mailed check,44.79,2649.79,No
C-16f1e88a,Female,1,No,No,63,Yes,Yes,No,No internet service,No internet service,No internet service,No internet service,No internet service,No internet service,One year,No,Electronic check,19.08,1190.17,No
C-7f440fec,Female,0,No,No,37,No,No phone service,No,No internet service,No internet service,No internet service,No internet service,No internet service,No internet service,Two year,Yes,Electronic check,24.84,926.39,No
C-16b57bf7,Female,0,No,No,49,Yes,Yes,Fiber optic,No,No,Yes,No,No,No,Month-to-month,Yes,Electronic check,41.15,1989.26,No
C-73b3f4d3,Female,0,No,Yes,58,Yes,Yes,Fiber optic,No,No,No internet service,No,No internet service,No internet service,Two year,No,Bank transfer (automatic),41.03,2382.09,No
C-bfac282e,Male,0,Yes,Yes,53,No,No phone service,Fiber optic,No,No,Yes,No,Yes,Yes,Month-to-month,No,Credit card (automatic),55.45,2953.81,Yes
C-a1124a48,Female,1,Yes,No,26,Yes,Yes,Fiber optic,No,Yes,Yes,Yes,Yes,No,Month-to-month,No,Credit card (automatic),64.92,1708.46,Yes
C-406081e3,Female,0,Yes,No,62,Yes,No,Fiber optic,No internet service,No,No internet service,No,No,No,Month-to-month,No,Credit card (automatic),43.56,2691.52,No
C-cfb201fb,Male,1,No,No,56,Yes,No,Fiber optic,Yes,Yes,No,Yes,No,No,One year,No,Electronic check,53.71,3012.44,No
C-f0a55fea,Female,1,Yes,No,53,Yes,No phone service,Fiber optic,No,No internet service,No internet service,No,No,Yes,Month-to-month,No,Mailed check,48.69,2562.49,Yes
C-499f284e,Male,1,No,Yes,7,Yes,Yes,Fiber optic,No,Yes,No,Yes,No,No,Month-to-month,Yes,Credit card (automatic),51.5,383.64,Yes
C-614e6985,Female,0,No,Yes,29,Yes,Yes,DSL,No,No,No,Yes,No,No,Month-to-month,Yes,Electronic check,24.56,744.21,No
C-7e89d367,Male,0,No,No,45,No,No phone service,Fiber optic,No,No,No,No,Yes,Yes,Month-to-month,No,Electronic check,49.2,2210.1,Yes
C-5265b028,Female,0,Yes,Yes,54,Yes,Yes,DSL,No,No,No,No,No,No,Two year,Yes,Credit card (automatic),27.04,1480.2,No
C-a283d059,Female,0,Yes,No,21,Yes,No phone service,DSL,No internet service,No,No internet service,No,Yes,Yes,Month-to-month,No,Electronic check,39.13,862.56,No
C-394bbd11,Male,0,No,No,10,Yes,Yes,DSL,Yes,No,Yes,No,Yes,No,Month-to-month,No,Mailed check,46.35,448.6,No
C-63616e64,Male,0,Yes,No,71,Yes,No,DSL,No internet service,No,No internet service,No,Yes,Yes,Month-to-month,Yes,Mailed check,35.1,2475.62,No
C-0e066e65,Female,1,Yes,No,12,Yes,No,No,No internet service,No internet service,No internet service,No internet service,No internet service,No internet service,One year,Yes,Mailed check,23.59,298.5,No
C-b053c659,Female,0,Yes,No,2,Yes,Yes,DSL,Yes,Yes,No,Yes,Yes,No,One year,No,Mailed check,46.01,94.25,No
C-19630a95,Male,1,Yes,Yes,6,Yes,No,DSL,No,No,Yes,No,Yes,No,Month-to-month,No,Electronic check,40.77,238.4,Yes
C-d2855a4f,Female,0,Yes,No,31,No,No phone service,DSL,Yes,Yes,Yes,Yes,Yes,No,Month-to-month,No,Credit card (automatic),50.68,1596.09,No
C-ee5031ff,Male,0,Yes,No,50,Yes,No phone service,Fiber optic,Yes,No,No,No,Yes,Yes,Month-to-month,No,Mailed check,61.37,3070.8,No
C-abaa9ef2,Female,1,No,No,52,Yes,Yes,DSL,No,No,Yes,Yes,No,Yes,One year,Yes,Bank transfer (automatic),43.79,2293.65,No
C-83225b87,Male,0,No,No,71,Yes,No,DSL,No,Yes,No internet service,No internet service,No,No,Two year,No,Bank transfer (automatic),30.24,2137.9,No
C-d954afe7,Female,0,No,Yes,19,Yes,No,DSL,Yes,No internet service,Yes,No internet service,No,No internet service,Month-to-month,Yes,Electronic check,36.67,674.79,Yes
C-1632863a,Female,1,Yes,No,0,Yes,No,DSL,Yes,Yes,No,No,Yes,No,Month-to-month,Yes,Bank transfer (automatic),43.25,0.0,Yes
C-81344589,Female,0,No,No,59,Yes,No phone service,Fiber optic,Yes,No,No,No,No,No,One year,Yes,Bank transfer (automatic),46.55,2735.03,No
C-80205e9d,Female,0,No,No,12,Yes,Yes,DSL,No,No,Yes,No,No,Yes,Month-to-month,No,Credit card (automatic),36.7,418.85,Yes
C-ef647910,Male,0,No,Yes,12,No,No phone service,DSL,No,Yes,Yes,No,Yes,No internet service,One year,Yes,Electronic check,38.51,472.22,No
C-36d4139c,Female,0,No,No,57,No,No phone service,Fiber optic,No,Yes,Yes,No,Yes,No,Month-to-month,No,Credit card (automatic),59.96,3390.69,Yes
C-6e5a95df,Male,0,Yes,Yes,57,Yes,No,DSL,No internet service,Yes,Yes,No,No,No,Two year,Yes,Electronic check,35.47,1997.65,No
C-dd0dff40,Male,0,Yes,No,13,Yes,No phone service,Fiber optic,No,No,No,Yes,Yes,No internet service,Month-to-month,No,Bank transfer (automatic),53.95,704.8,Yes
C-96f91889,Female,0,No,No,59,Yes,No phone service,No,No internet service,No internet service,No internet service,No internet service,No internet service,No internet service,One year,No,Electronic check,21.35,1270.53,No
C-507cd474,Female,0,No,No,10,Yes,Yes,Fiber optic,No,No,No,No,No internet service,Yes,One year,No,Mailed check,43.84,442.62,No
C-cbce9708,Female,0,Yes,No,52,Yes,No,DSL,No,Yes,No internet service,No,Yes,No,Month-to-month,Yes,Credit card (automatic),40.46,2070.79,Yes
C-a77d8a98,Male,0,No,No,42,Yes,Yes,Fiber optic,No,No,No internet service,No,Yes,Yes,Month-to-month,Yes,Mailed check,47.73,2015.94,Yes
C-a255c46b,Male,0,Yes,No,1,Yes,Yes,Fiber optic,No,No,No internet service,No,No,No,Month-to-month,Yes,Credit card (automatic),40.29,27.16,Yes
C-2326107d,Female,0,Yes,No,29,No,No phone service,Fiber optic,No internet service,No,Yes,No internet service,Yes,No,Month-to-month,Yes,Bank transfer (automatic),53.17,1581.2,Yes
C-2825c0e0,Male,1,Yes,No,2,Yes,No,DSL,No,Yes,No,No,Yes,No,Month-to-month,No,Bank transfer (automatic),39.23,71.05,Yes
C-b091d90c,Female,0,Yes,No,10,Yes,Yes,Fiber optic,No,No,No,No,Yes,Yes,One year,Yes,Mailed check,55.16,534.55,No
C-54dbab84,Female,0,Yes,No,59,Yes,Yes,DSL,No,Yes,Yes,Yes,Yes,Yes,Month-to-month,Yes,Bank transfer (automatic),46.19,2714.87,Yes
C-bcf559ef,Female,0,Yes,No,17,No,No phone service,No,No internet service,No internet service,No internet service,No internet service,No internet service,No internet service,Month-to-month,Yes,Electronic check,28.36,497.02,No
C-138fb2bd,Female,0,No,Yes,14,Yes,No,Fiber optic,No,Yes,No internet service,No,No,Yes,Two year,No,Credit card (automatic),50.95,705.3,No
C-ffe8d4f8,Female,0,Yes,No,3,Yes,Yes,Fiber optic,No,No,No,Yes,Yes,No internet service,One year,No,Credit card (automatic),52.25,182.77,No
C-c78bc71d,Male,1,No,No,8,Yes,Yes,DSL,No internet service,Yes,No,Yes,No,No internet service,One year,No,Electronic check,33.16,277.09,No
C-52c6fdb3,Female,0,Yes,No,67,Yes,Yes,Fiber optic,No,Yes,No,No,No,No,One year,Yes,Bank transfer (automatic),45.49,3040.22,No
C-412a66fa,Female,0,No,Yes,0,No,No phone service,No,No internet service,No internet service,No internet service,No internet service,No internet service,No internet service,Two year,Yes,Bank transfer (automatic),21.42,17.91,No
C-dd2cd843,Male,0,No,No,21,Yes,Yes,Fiber optic,Yes,No internet service,No,No,No,No,Two year,Yes,Credit card (automatic),47.17,1001.81,Yes
C-70409163,Male,0,Yes,Yes,31,Yes,Yes,Fiber optic,No,Yes,No,No,Yes,No,Month-to-month,No,Mailed check,55.21,1727.54,Yes
C-07a2e8c7,Male,0,No,No,71,Yes,No,Fiber optic,No,No,Yes,No,No,No,Two year,Yes,Bank transfer (automatic),42.38,3041.56,No
C-911ab79b,Female,0,Yes,Yes,9,Yes,No,Fiber optic,No,Yes,No internet service,No,Yes,Yes,One year,No,Electronic check,66.43,606.31,Yes
C-8a646495,Female,0,Yes,No,56,Yes,No,No,No internet service,No internet service,No internet service,No internet service,No internet service,No internet service,Month-to-month,Yes,Electronic check,18.0,1008.6,No
C-b0f4544e,Male,0,Yes,No,25,Yes,No,No,No internet service,No internet service,No internet service,No internet service,No internet service,No internet service,Month-to-month,No,Electronic check,21.05,524.65,No
C-b48d2216,Female,0,No,No,53,Yes,No,No,No internet service,No internet service,No internet service,No internet service,No internet service,No internet service,Month-to-month,No,Electronic check,18.0,945.33,No
C-6cf520cd,Male,1,No,No,31,Yes,Yes,DSL,No,No,No,No,No,No,One year,Yes,Bank transfer (automatic),23.63,741.21,No
C-f7a6184e,Female,0,No,No,0,No,No phone service,Fiber optic,No,Yes,Yes,No,No,No,One year,Yes,Bank transfer (automatic),51.79,0.0,Yes
C-47e17b06,Female,0,No,No,26,Yes,Yes,DSL,No,Yes,No,No,Yes,No,One year,No,Electronic check,41.39,1083.98,No
C-d690ab31,Female,0,Yes,No,31,No,No phone service,Fiber optic,No internet service,No internet service,Yes,Yes,Yes,No internet service,Month-to-month,Yes,Bank transfer (automatic),51.98,1586.94,Yes
C-c190236d,Male,0,Yes,No,44,Yes,No,Fiber optic,Yes,No,Yes,No,No,No internet service,One year,Yes,Mailed check,47.02,2082.27,No
C-2efc1aa8,Male,0,No,No,43,Yes,Yes,Fiber optic,No internet service,No internet service,Yes,No,No,No internet service,Month-to-month,Yes,Bank transfer (automatic),44.59,1887.93,No
C-1929997f,Female,0,Yes,No,36,Yes,No,Fiber optic,No,No,Yes,No internet service,Yes,No,Two year,No,Electronic check,46.81,1724.02,Yes
C-60b714e8,Female,0,Yes,No,23,Yes,Yes,No,No internet service,No internet service,No internet service,No internet service,No internet service,No internet service,Two year,No,Mailed check,18.0,404.32,No
C-e73bc8f8,Female,0,Yes,No,27,Yes,Yes,Fiber optic,No,No,No,Yes,Yes,No,One year,No,Mailed check,51.51,1366.22,No
C-b76bd3c8,Male,0,Yes,No,24,Yes,Yes,Fiber optic,No,No,Yes,No internet service,No,No,One year,Yes,Bank transfer (automatic),49.04,1167.28,No
C-5d3552e5,Male,0,Yes,No,54,Yes,No phone service,Fiber optic,No,No,Yes,Yes,No,No,Month-to-month,Yes,Bank transfer (automatic),47.03,2532.06,No
C-8ca9a8f9,Male,0,No,No,22,Yes,Yes,Fiber optic,No,Yes,Yes,Yes,No,No internet service,Month-to-month,No,Electronic check,55.55,1223.19,Yes
C-e3271748,Male,0,Yes,No,59,Yes,No,No,No internet service,No internet service,No internet service,No internet service,No internet service,No internet service,Month-to-month,No,Electronic check,21.03,1225.35,No
C-7f0f4ca2,Female,0,Yes,No,5,Yes,No,Fiber optic,Yes,No,No,Yes,Yes,No,Month-to-month,No,Mailed check,60.88,315.44,Yes
C-94238edc,Male,0,No,Yes,50,Yes,No,Fiber optic,No,No,No,No,No,No internet service,Two year,Yes,Electronic check,38.42,1908.72,No
C-88a28162,Male,0,No,No,23,Yes,Yes,DSL,No,Yes,No,Yes,Yes,No,Month-to-month,Yes,Bank transfer (automatic),38.51,917.57,Yes
C-3fed2333,Female,0,No,No,5,Yes,No,No,No internet service,No internet service,No internet service,No internet service,No internet service,No internet service,One year,Yes,Bank transfer (automatic),19.06,63.88,No
C-3116be1a,Female,1,No,Yes,71,No,No phone service,Fiber optic,No,No,Yes,No,No internet service,No,Two year,Yes,Credit card (automatic),46.5,3310.36,No
C-ab0edb95,Female,1,No,No,27,Yes,No,DSL,Yes,Yes,No,No,No,Yes,Month-to-month,No,Mailed check,40.2,1084.27,No
C-f0836992,Female,0,Yes,No,67,Yes,No,Fiber optic,No,Yes,No,No,Yes,No,One year,Yes,Bank transfer (automatic),48.44,3270.92,No
C-43c7f5d5,Male,0,No,Yes,71,Yes,No phone service,DSL,No,No,No,No,Yes,Yes,Month-to-month,Yes,Credit card (automatic),38.22,2729.73,No
C-c8298276,Male,1,Yes,Yes,22,Yes,No,DSL,Yes,No internet service,No,No,Yes,Yes,One year,Yes,Electronic check,46.2,1042.77,No
C-49feba1a,Female,0,No,No,28,Yes,Yes,DSL,Yes,No,No,Yes,Yes,Yes,Month-to-month,No,Electronic check,49.36,1390.13,Yes
C-c0949c36,Male,0,Yes,No,48,Yes,Yes,Fiber optic,No,Yes,Yes,No,Yes,No internet service,Month-to-month,No,Bank transfer (automatic),52.9,2532.5,No
C-1adb9f8c,Male,0,Yes,No,7,Yes,Yes,DSL,No,No,Yes,No,No,Yes,Month-to-month,No,Bank transfer (automatic),36.55,287.11,No
C-a1a007b4,Female,0,No,Yes,55,Yes,No,Fiber optic,No,Yes,No,No,No internet service,No,Month-to-month,No,Mailed check,47.71,2665.1,No
C-c957bc8a,Male,0,No,No,15,Yes,No,DSL,Yes,No,No,No,Yes,Yes,One year,No,Bank transfer (automatic),47.14,701.66,No
C-b1c0e088,Male,0,No,Yes,8,Yes,Yes,DSL,No,Yes,No,No,No,No,Two year,Yes,Electronic check,34.76,253.87,No
C-a288d6cd,Female,1,No,No,9,Yes,Yes,Fiber optic,Yes,No,Yes,Yes,No,No,Month-to-month,Yes,Mailed check,56.23,520.14,Yes
C-64cb6252,Male,0,No,No,57,Yes,Yes,No,No internet service,No internet service,No internet service,No internet service,No internet service,No internet service,Two year,Yes,Electronic check,19.9,1128.06,No
C-83d7f644,Male,0,No,No,6,Yes,Yes,Fiber optic,Yes,No internet service,No,No,Yes,No,Month-to-month,Yes,Credit card (automatic),49.81,316.26,No
C-984fc7bc,Male,0,Yes,No,51,No,No phone service,DSL,No,Yes,No,No,No,No,One year,Yes,Bank transfer (automatic),25.55,1311.51,No
C-4b92bf29,Female,0,No,No,51,Yes,No phone service,Fiber optic,Yes,No internet service,Yes,No,Yes,No,Month-to-month,No,Electronic check,60.48,3085.89,Yes
C-abf34c54,Male,0,Yes,No,27,Yes,No,DSL,No,No,No,No,Yes,No,Month-to-month,Yes,Credit card (automatic),29.48,812.43,Yes
C-96d389e9,Male,0,Yes,Yes,6,Yes,No phone service,Fiber optic,No,Yes,No,Yes,No,No,One year,No,Credit card (automatic),49.77,250.01,No
C-9f81abc0,Female,0,No,No,23,Yes,Yes,DSL,No,No,No internet service,No,No,No internet service,Month-to-month,No,Bank transfer (automatic),24.75,580.53,Yes
C-8321ed78,Female,1,No,No,18,Yes,No phone service,DSL,No,Yes,No internet service,No,Yes,Yes,One year,No,Mailed check,45.72,843.86,No
C-cab8fdb0,Male,0,Yes,No,17,Yes,No,DSL,No,No,No,No,Yes,Yes,Month-to-month,Yes,Electronic check,34.95,598.67,Yes
C-e959f99b,Female,0,Yes,Yes,54,Yes,No,No,No internet service,No internet service,No internet service,No internet service,No internet service,No internet service,Month-to-month,No,Electronic check,21.35,1166.27,No
C-57570fa2,Female,0,No,Yes,16,Yes,No,Fiber optic,No,No,No,Yes,Yes,No,Month-to-month,No,Electronic check,49.21,772.4,Yes
C-9b62b4bb,Male,0,No,No,8,Yes,No,DSL,No,No,Yes,No internet service,No,No,Two year,Yes,Credit card (automatic),27.33,236.59,No
C-e3fa3173,Male,0,Yes,No,59,Yes,No,Fiber optic,No,No internet service,No,No,Yes,No internet service,One year,Yes,Mailed check,45.81,2728.66,No
C-58601878,Female,0,Yes,No,68,Yes,Yes,Fiber optic,No,Yes,No,Yes,No,Yes,Month-to-month,Yes,Electronic check,58.88,3990.44,Yes
C-9d203b7e,Female,0,No,Yes,43,Yes,Yes,Fiber optic,No,Yes,No,No,No,Yes,Month-to-month,Yes,Bank transfer (automatic),54.88,2371.54,Yes
C-b858acc3,Male,0,No,Yes,22,Yes,No,Fiber optic,No internet service,No,No,Yes,Yes,No,Month-to-month,Yes,Bank transfer (automatic),55.68,1234.76,No
C-0978059a,Male,0,Yes,No,34,Yes,Yes,Fiber optic,Yes,Yes,No,No,No,No,One year,Yes,Electronic check,52.02,1778.06,No
C-8de90daf,Female,0,No,No,59,Yes,Yes,No,No internet service,No internet service,No internet service,No internet service,No internet service,No internet service,Two year,Yes,Bank transfer (automatic),22.45,1322.57,No
C-40808826,Male,1,Yes,No,42,No,No phone service,DSL,No,No internet service,No internet service,No internet service,Yes,No,Two year,Yes,Bank transfer (automatic),29.84,1258.71,No
C-5d52d8c9,Male,0,Yes,Yes,30,Yes,No,Fiber optic,No internet service,No,Yes,Yes,No,No,Month-to-month,No,Electronic check,48.63,1444.15,Yes
C-77d7a223,Male,0,Yes,No,40,Yes,No phone service,No,No internet service,No internet service,No internet service,No internet service,No internet service,No internet service,Two year,Yes,Electronic check,23.26,908.22,No
C-a713da92,Female,0,No,No,41,No,No phone service,DSL,Yes,Yes,No,No,No,No,Month-to-month,No,Mailed check,30.94,1287.07,No
C-fd0c7e12,Male,0,No,No,52,Yes,No phone service,Fiber optic,No,Yes,No,No,No,No,Month-to-month,Yes,Credit card (automatic),47.51,2461.97,No
C-cdcb8944,Female,0,No,Yes,1,No,No phone service,DSL,No,No internet service,No,Yes,No internet service,No,Two year,No,Mailed check,27.59,28.27,Yes
C-358c46c2,Male,0,No,No,38,Yes,Yes,Fiber optic,No,Yes,No,Yes,Yes,Yes,One year,No,Credit card (automatic),64.99,2469.77,No
C-5c545639,Female,0,Yes,No,50,Yes,No,DSL,No,No,Yes,No,No,Yes,Two year,Yes,Bank transfer (automatic),38.03,1877.7,No
C-d9f31e9c,Female,0,No,No,53,Yes,No,DSL,No,No internet service,No,No,Yes,Yes,Two year,Yes,Credit card (automatic),42.33,2237.75,No
C-965df307,Female,0,Yes,No,17,Yes,No,No,No internet service,No internet service,No internet service,No internet service,No internet service,No internet service,Month-to-month,Yes,Mailed check,20.87,355.84,Yes
C-8a660a23,Female,0,Yes,Yes,10,Yes,Yes,No,No internet service,No internet service,No internet service,No internet service,No internet service,No internet service,Month-to-month,Yes,Electronic check,25.36,245.48,Yes
C-503e9cfd,Male,0,No,No,33,Yes,Yes,Fiber optic,No,No,Yes,No,No,No,Month-to-month,Yes,Bank transfer (automatic),47.61,1556.48,No
C-17385eb1,Male,0,No,No,14,Yes,Yes,DSL,No,No,No,No,No,No,Month-to-month,No,Credit card (automatic),23.53,305.7,Yes
C-de50af6d,Female,0,Yes,No,15,No,No phone service,DSL,Yes,No,No internet service,Yes,Yes,No,Month-to-month,Yes,Bank transfer (automatic),43.95,679.56,No
C-3f8aad42,Male,0,No,Yes,16,Yes,No phone service,No,No internet service,No internet service,No internet service,No internet service,No internet service,No internet service,Month-to-month,No,Credit card (automatic),18.0,307.42,Yes
C-c94d0f0f,Female,0,Yes,Yes,44,Yes,No,No,No internet service,No internet service,No internet service,No internet service,No internet service,No internet service,Month-to-month,No,Bank transfer (automatic),18.69,810.72,No
C-29e383fa,Male,0,Yes,No,53,Yes,No,Fiber optic,No,No,No,Yes,No,No,One year,No,Bank transfer (automatic),42.22,2228.84,No
C-cfb1b25b,Male,0,Yes,No,5,Yes,Yes,Fiber optic,No,Yes,No,No internet service,Yes,No internet service,Month-to-month,No,Electronic check,44.58,220.25,Yes
C-797e646d,Male,1,Yes,Yes,55,No,No phone service,Fiber optic,No,No,No,No,No,No,Month-to-month,Yes,Bank transfer (automatic),37.59,2078.19,Yes
C-79a58ac4,Female,0,No,No,37,Yes,No,DSL,No,Yes,Yes,No,No internet service,No,Two year,No,Credit card (automatic),33.59,1223.13,No
C-18dce1a5,Male,1,Yes,Yes,70,Yes,No,Fiber optic,No,No,Yes,No,No,Yes,Month-to-month,Yes,Mailed check,48.97,3413.27,Yes
C-e38d7e13,Female,0,No,Yes,57,Yes,No phone service,Fiber optic,No,No,Yes,No,No,No internet service,One year,No,Electronic check,47.1,2672.63,Yes
C-a8457249,Male,0,No,No,42,Yes,No phone service,DSL,No,No,No,No,Yes,Yes,Month-to-month,No,Electronic check,35.13,1495.67,No
C-fed5fc64,Male,0,Yes,No,6,Yes,Yes,DSL,No,No,Yes,No,No,Yes,Month-to-month,No,Mailed check,34.3,208.26,Yes
C-6d17bcd3,Male,0,No,No,11,Yes,No,Fiber optic,No,No,No,No internet service,Yes,Yes,One year,Yes,Mailed check,51.67,581.59,Yes
C-dbae0532,Female,0,Yes,Yes,18,Yes,No,Fiber optic,No,Yes,No,No,No,Yes,One year,No,Electronic check,52.83,918.84,No
C-a1f7879b,Male,1,Yes,No,28,Yes,Yes,No,No internet service,No internet service,No internet service,No internet service,No internet service,No internet service,Two year,No,Electronic check,19.52,551.74,No
C-5516c8a7,Female,0,No,No,4,Yes,Yes,No,No internet service,No internet service,No internet service,No internet service,No internet service,No internet service,Month-to-month,Yes,Mailed check,21.01,95.76,Yes
C-98706579,Male,0,Yes,No,5,Yes,No,Fiber optic,Yes,Yes,Yes,Yes,Yes,Yes,Month-to-month,Yes,Bank transfer (automatic),73.21,353.38,Yes
C-d0b3d191,Female,1,Yes,No,27,No,No phone service,No,No internet service,No internet service,No internet service,No internet service,No internet service,No internet service,One year,No,Electronic check,18.0,493.28,No
C-9e0300bd,Female,0,Yes,No,6,Yes,No,DSL,No,Yes,No,Yes,Yes,Yes,One year,Yes,Mailed check,41.83,244.7,No
C-0e2a6906,Male,0,No,No,43,Yes,Yes,Fiber optic,Yes,No,No,No,Yes,Yes,Month-to-month,Yes,Mailed check,60.67,2629.55,No
C-f2c6723a,Male,0,Yes,No,70,Yes,No phone service,DSL,No,No,No,Yes,Yes,Yes,One year,Yes,Mailed check,44.58,3107.51,No
C-104c4a9b,Female,1,No,No,20,Yes,No,Fiber optic,No,Yes,No,No,Yes,No internet service,One year,Yes,Electronic check,50.05,973.94,Yes
C-c05f688d,Female,0,No,No,1,No,No phone service,DSL,No,Yes,No,No internet service,No internet service,Yes,Two year,No,Mailed check,37.7,67.09,No
C-2908a5cc,Female,0,No,Yes,59,Yes,Yes,DSL,No,Yes,No,No,Yes,No,Month-to-month,No,Bank transfer (automatic),36.92,2196.52,No
C-c30d5bc1,Male,0,No,No,34,Yes,No,DSL,No,No,No,No internet service,No,No,One year,Yes,Mailed check,27.24,908.17,No
C-47479c9e,Female,0,No,No,57,Yes,No,DSL,Yes,No,No internet service,Yes,No,No,Month-to-month,No,Bank transfer (automatic),35.67,2003.44,No
C-317586b0,Female,0,Yes,No,27,No,No phone service,DSL,No,Yes,No,No,Yes,No,Month-to-month,Yes,Bank transfer (automatic),38.22,1056.99,No
C-faebf34d,Male,1,No,Yes,14,Yes,No,DSL,No,No,No internet service,Yes,No,No,Month-to-month,No,Credit card (automatic),30.39,419.96,No
C-4987a036,Female,1,Yes,No,38,Yes,No phone service,Fiber optic,No,No internet service,No,No,No internet service,No,Month-to-month,No,Mailed check,39.88,1500.08,Yes
C-1bed31b9,Male,0,No,No,71,Yes,No,No,No internet service,No internet service,No internet service,No internet service,No internet service,No internet service,Month-to-month,No,Electronic check,20.83,1510.81,Yes
C-0591b5b7,Female,0,No,No,37,Yes,No,No,No internet service,No internet service,No internet service,No internet service,No internet service,No internet service,Month-to-month,Yes,Bank transfer (automatic),18.0,655.73,No
C-aed0cdc9,Female,0,No,No,62,Yes,Yes,DSL,No,No internet service,Yes,Yes,No internet service,No,Month-to-month,Yes,Credit card (automatic),28.88,1809.84,No
C-81430121,Female,0,No,No,3,Yes,No phone service,No,No internet service,No internet service,No internet service,No internet service,No internet service,No internet service,Month-to-month,Yes,Electronic check,21.01,53.44,Yes
C-6db9c4ab,Male,0,No,No,69,Yes,No,DSL,No,No,No,No internet service,Yes,Yes,Month-to-month,No,Mailed check,34.93,2404.31,No
C-c307d103,Female,1,No,No,58,Yes,No,Fiber optic,Yes,No,No,Yes,Yes,No,One year,No,Credit card (automatic),57.01,3318.96,No
C-d914c8fb,Female,0,No,No,26,Yes,Yes,No,No internet service,No internet service,No internet service,No internet service,No internet service,No internet service,Two year,Yes,Credit card (automatic),18.0,517.14,No
C-f9716053,Female,1,No,Yes,43,Yes,No,No,No internet service,No internet service,No internet service,No internet service,No internet service,No internet service,Two year,Yes,Credit card (automatic),19.55,851.94,No
C-7bedb53b,Male,0,Yes,Yes,6,Yes,Yes,No,No internet service,No internet service,No internet service,No internet service,No internet service,No internet service,Two year,No,Electronic check,21.03,105.34,No
C-c1be1b8d,Female,1,Yes,Yes,37,Yes,Yes,DSL,No,No internet service,No,Yes,No internet service,Yes,One year,No,Bank transfer (automatic),37.0,1404.11,No
C-5134c087,Female,0,Yes,Yes,54,Yes,No phone service,Fiber optic,No,No,Yes,No,No internet service,Yes,Two year,No,Bank transfer (automatic),49.56,2655.72,No
C-119c596a,Male,0,No,Yes,44,Yes,No phone service,No,No internet service,No internet service,No internet service,No internet service,No internet service,No internet service,Month-to-month,No,Credit card (automatic),24.06,1053.66,No
C-53c73613,Female,0,No,Yes,44,Yes,No,Fiber optic,No internet service,Yes,Yes,Yes,No,Yes,Month-to-month,Yes,Bank transfer (automatic),58.44,2545.97,No
C-f59917cf,Male,0,Yes,No,48,Yes,No,DSL,No,No internet service,No,Yes,Yes,No,Month-to-month,No,Credit card (automatic),37.49,1807.16,No
C-ffa36a75,Male,1,No,No,57,Yes,Yes,DSL,Yes,No,No,No,No,No internet service,Two year,Yes,Electronic check,31.31,1795.84,No
C-eafe6911,Male,0,Yes,No,56,Yes,No,Fiber optic,Yes,No internet service,No,No,Yes,Yes,Month-to-month,Yes,Electronic check,58.36,3266.93,No
C-a865f81b,Male,0,No,No,3,Yes,Yes,Fiber optic,No,No internet service,No,Yes,Yes,No,Month-to-month,Yes,Electronic check,43.16,156.54,Yes
C-10cc58b6,Female,0,No,No,9,Yes,No phone service,DSL,Yes,Yes,No,No,No,Yes,One year,Yes,Electronic check,42.98,395.84,No
C-439b4f62,Male,0,Yes,Yes,38,Yes,No,Fiber optic,Yes,No,Yes,No,Yes,No internet service,One year,No,Mailed check,50.7,1921.62,No
C-2a9223e3,Male,0,Yes,No,53,Yes,No,Fiber optic,No internet service,No internet service,No,No,No,No,Month-to-month,No,Electronic check,39.08,2114.98,Yes
C-5b9c66bb,Female,0,No,No,56,Yes,No,Fiber optic,No,No,No,No,Yes,Yes,Month-to-month,No,Credit card (automatic),47.81,2685.79,Yes
C-285e4a98,Male,1,Yes,Yes,30,Yes,No phone service,No,No internet service,No internet service,No internet service,No internet service,No internet service,No internet service,Month-to-month,Yes,Mailed check,18.0,524.17,Yes
C-2ba984a6,Male,0,Yes,Yes,71,No,No phone service,No,No internet service,No internet service,No internet service,No internet service,No internet service,No internet service,Month-to-month,No,Electronic check,19.89,1427.45,No
C-d2169a98,Female,0,Yes,No,9,Yes,Yes,DSL,No,No,No,No,No,Yes,One year,No,Electronic check,34.89,332.41,No
C-e2ac0d88,Female,0,Yes,Yes,58,Yes,No,No,No internet service,No internet service,No internet service,No internet service,No internet service,No internet service,Two year,Yes,Mailed check,20.84,1203.38,No
C-cb0b9398,Female,0,No,No,19,Yes,No phone service,No,No internet service,No internet service,No internet service,No internet service,No internet service,No internet service,Month-to-month,No,Electronic check,18.0,338.26,No
C-858a01c7,Female,0,No,No,68,Yes,Yes,Fiber optic,No,No,No,Yes,No,Yes,Month-to-month,No,Mailed check,50.16,3411.49,Yes
C-d65ecb4b,Female,0,No,Yes,16,Yes,No phone service,Fiber optic,No internet service,No,No,No,No,No internet service,Month-to-month,No,Electronic check,43.57,704.94,No
C-00efc274,Male,0,Yes,No,41,Yes,No,No,No internet service,No internet service,No internet service,No internet service,No internet service,No internet service,One year,No,Bank transfer (automatic),21.42,883.68,No
C-c0147cf7,Female,1,No,Yes,26,Yes,No,DSL,Yes,No,No,Yes,No internet service,Yes,Two year,Yes,Bank transfer (automatic),51.52,1340.03,No
C-e6ae6e35,Male,0,Yes,No,9,Yes,No,Fiber optic,Yes,Yes,No internet service,No,No,No,Two year,Yes,Mailed check,52.35,472.77,No
C-9b33902c,Female,0,Yes,No,55,Yes,Yes,Fiber optic,No,No internet service,No,No,No,Yes,Two year,Yes,Bank transfer (automatic),49.15,2695.53,No
C-1e52cf3b,Female,1,No,No,32,No,No phone service,DSL,Yes,Yes,Yes,No,No,No,Month-to-month,No,Credit card (automatic),34.58,1108.13,Yes
C-b636b8c3,Male,0,Yes,No,39,No,No phone service,DSL,Yes,Yes,No internet service,No,No,No,Month-to-month,No,Electronic check,34.86,1390.16,No
C-2699c03c,Female,0,Yes,No,18,No,No phone service,Fiber optic,No,Yes,No,Yes,Yes,Yes,One year,Yes,Credit card (automatic),61.41,1096.3,No
C-2de60d38,Female,0,Yes,Yes,56,Yes,Yes,Fiber optic,No internet service,No,No,No,No,Yes,Month-to-month,Yes,Bank transfer (automatic),44.31,2492.89,No
C-68a0877e,Female,1,Yes,Yes,24,Yes,No,DSL,Yes,No,Yes,No,No,Yes,Two year,Yes,Electronic check,44.6,1061.38,No
C-5df90788,Female,0,Yes,No,17,Yes,Yes,No,No internet service,No internet service,No internet service,No internet service,No internet service,No internet service,Month-to-month,Yes,Bank transfer (automatic),18.0,321.69,Yes
C-f77fc3ea,Female,0,Yes,No,20,Yes,Yes,Fiber optic,No,No,Yes,No,Yes,No,Two year,Yes,Bank transfer (automatic),53.42,1064.81,Yes
C-1700661d,Male,0,Yes,No,56,Yes,No phone service,No,No internet service,No internet service,No internet service,No internet service,No internet service,No internet service,Month-to-month,Yes,Bank transfer (automatic),22.93,1294.79,No
C-ee9a2dea,Female,0,Yes,No,16,Yes,No phone service,Fiber optic,No,Yes,Yes,No internet service,No,No,Month-to-month,Yes,Electronic check,51.79,839.32,Yes
C-53336c4d,Male,0,No,No,3,Yes,No,No,No internet service,No internet service,No internet service,No internet service,No internet service,No internet service,Month-to-month,No,Electronic check,19.33,42.34,Yes
C-fc8bebe0,Male,0,No,No,5,Yes,Yes,Fiber optic,Yes,Yes,No,No,No,No,Month-to-month,Yes,Bank transfer (automatic),49.24,263.79,Yes
C-71685426,Female,0,No,No,29,Yes,Yes,Fiber optic,No internet service,Yes,No,No,Yes,Yes,Two year,No,Bank transfer (automatic),56.3,1633.88,No
C-08d6b057,Male,0,No,No,62,Yes,Yes,Fiber optic,No,No,No,Yes,No,No internet service,Month-to-month,Yes,Electronic check,49.71,3064.39,Yes
C-ad937c0f,Male,0,Yes,No,43,Yes,Yes,Fiber optic,No,Yes,Yes,No,Yes,No,Two year,Yes,Electronic check,61.24,2643.05,No
C-7a502c43,Female,0,No,No,18,No,No phone service,DSL,No,Yes,No,Yes,No internet service,No,Month-to-month,Yes,Electronic check,35.39,642.25,Yes
C-63bdbcc1,Female,0,Yes,No,58,Yes,No,No,No internet service,No internet service,No internet service,No internet service,No internet service,No internet service,Month-to-month,Yes,Electronic check,21.12,1234.84,No
C-4bbd0ade,Male,0,Yes,No,68,Yes,Yes,Fiber optic,No,Yes,Yes,No,Yes,No,One year,No,Electronic check,57.71,3916.1,No
C-dcd631af,Male,0,Yes,No,19,Yes,No,DSL,No,No,Yes,No,No,Yes,Month-to-month,No,Electronic check,35.32,659.17,No
C-169d9d93,Male,0,Yes,Yes,23,Yes,No,Fiber optic,Yes,No internet service,Yes,Yes,No,Yes,One year,No,Electronic check,60.92,1381.65,Yes
C-75ddbed8,Female,0,No,No,25,Yes,No,Fiber optic,Yes,No,Yes,No internet service,No internet service,No,One year,Yes,Electronic check,49.92,1246.69,Yes
C-81e329b2,Male,0,Yes,No,48,Yes,No,Fiber optic,No,No,No,No,No,No,Month-to-month,No,Mailed check,44.34,2140.25,No
C-e7441834,Female,1,No,No,4,Yes,No,Fiber optic,No,No internet service,Yes,No internet service,Yes,No,Month-to-month,No,Bank transfer (automatic),50.25,203.01,Yes
C-b1122376,Male,0,No,No,35,Yes,No,Fiber optic,No,No,Yes,Yes,No,No,Month-to-month,No,Electronic check,50.29,1766.93,No
C-80a74b15,Female,1,No,Yes,32,Yes,No phone service,Fiber optic,No,No,Yes,Yes,No,Yes,Two year,No,Credit card (automatic),52.48,1657.65,No
C-fcfeacff,Male,1,No,No,7,Yes,Yes,Fiber optic,Yes,Yes,Yes,No,No,Yes,Month-to-month,Yes,Credit card (automatic),64.19,425.93,Yes
C-91a8ca57,Male,0,No,No,25,Yes,No,No,No internet service,No internet service,No internet service,No internet service,No internet service,No internet service,Month-to-month,Yes,Electronic check,18.0,464.76,Yes
C-861046f2,Female,0,Yes,No,58,No,No phone service,Fiber optic,Yes,No,No,No,No,Yes,Month-to-month,No,Mailed check,56.18,3256.89,No
C-d4261482,Female,0,No,Yes,15,Yes,Yes,Fiber optic,No,No,No,No,No,No,Month-to-month,No,Credit card (automatic),37.4,545.28,Yes
C-2ef2c86d,Male,0,No,No,30,Yes,Yes,Fiber optic,No,Yes,No,Yes,No,No,Month-to-month,Yes,Electronic check,48.3,1426.14,Yes
C-ce7a349f,Male,0,Yes,No,66,Yes,No phone service,Fiber optic,Yes,Yes,No,Yes,No internet service,Yes,Month-to-month,No,Electronic check,65.6,4355.86,No
C-fd5ef7e0,Female,0,No,No,37,Yes,Yes,Fiber optic,Yes,Yes,No internet service,No,No internet service,No,One year,Yes,Bank transfer (automatic),50.31,1872.18,No
C-0f0e2b69,Female,0,Yes,No,42,Yes,Yes,Fiber optic,No,No,Yes,Yes,No internet service,Yes,Month-to-month,Yes,Electronic check,56.87,2378.96,No
C-a0576ec9,Female,0,No,No,34,Yes,Yes,Fiber optic,No,Yes,No,No internet service,No,No,Two year,Yes,Mailed check,44.18,1543.9,No
C-917cb451,Male,0,No,No,33,Yes,Yes,Fiber optic,No,No,No internet service,No,Yes,No internet service,Month-to-month,No,Bank transfer (automatic),49.37,1630.15,Yes
C-1eb760db,Female,0,No,No,22,Yes,No,DSL,Yes,No,No,No,No,Yes,Month-to-month,No,Mailed check,43.65,939.96,Yes
C-f41cc8b7,Male,0,Yes,No,28,Yes,Yes,Fiber optic,No internet service,Yes,No,No,Yes,No internet service,Two year,No,Mailed check,52.6,1477.42,No
C-c39a3651,Male,0,Yes,Yes,46,Yes,Yes,DSL,No,No,No,No,No,No,Month-to-month,No,Credit card (automatic),25.37,1181.8,No
C-84596177,Female,0,Yes,No,47,Yes,No,Fiber optic,Yes,No,Yes,Yes,No,No,Month-to-month,No,Bank transfer (automatic),56.37,2664.59,No
C-d561a094,Female,0,No,No,71,Yes,No,DSL,No,No,No internet service,Yes,No,Yes,Month-to-month,Yes,Mailed check,32.83,2321.14,Yes
C-04056fd5,Male,0,Yes,No,43,Yes,Yes,Fiber optic,No,No,No,No,Yes,No,Month-to-month,Yes,Electronic check,42.59,1862.47,Yes
C-c90c9f47,Male,0,Yes,No,3,Yes,No,DSL,Yes,No,No,No,Yes,No,One year,No,Electronic check,35.42,125.4,No
C-f346dd8f,Male,0,No,No,49,No,No phone service,Fiber optic,No,No,Yes,No internet service,No,No,Month-to-month,Yes,Bank transfer (automatic),39.95,1946.49,Yes
C-0ff2bb34,Male,0,Yes,Yes,71,No,No phone service,DSL,Yes,No,No,Yes,No,No,Month-to-month,No,Credit card (automatic),41.69,2980.85,No
C-79ec34da,Female,0,Yes,Yes,6,Yes,Yes,No,No internet service,No internet service,No internet service,No internet service,No internet service,No internet service,Month-to-month,No,Mailed check,20.88,130.07,No
C-176044a3,Male,0,Yes,No,34,Yes,No,DSL,No,No,No,Yes,No,No,Month-to-month,No,Electronic check,31.24,1022.72,No
C-bc813a95,Female,1,No,No,51,Yes,Yes,DSL,Yes,No,No,Yes,No,No,Month-to-month,Yes,Mailed check,41.2,2087.7,No
C-89e87785,Female,0,No,No,4,Yes,Yes,Fiber optic,No,No internet service,No,No,No,No,Two year,No,Mailed check,38.55,143.12,Yes
C-bdabeabc,Male,0,No,No,69,Yes,No,No,No internet service,No internet service,No internet service,No internet service,No internet service,No internet service,Two year,Yes,Bank transfer (automatic),22.44,1572.93,No
C-5bb7b33e,Male,1,No,No,47,No,No phone service,Fiber optic,Yes,No,No,No,No internet service,No,Month-to-month,Yes,Mailed check,44.11,2062.24,Yes
C-99faa1bb,Male,1,No,No,40,Yes,No phone service,DSL,No,No,No,Yes,Yes,No,Month-to-month,Yes,Bank transfer (automatic),40.64,1643.94,No
C-3c18f082,Male,0,Yes,Yes,51,No,No phone service,Fiber optic,No,Yes,Yes,No,No,No,Month-to-month,No,Mailed check,51.75,2617.06,Yes
C-c5d3cba5,Female,0,No,No,47,Yes,Yes,DSL,Yes,No,No,No,No,Yes,One year,Yes,Mailed check,30.4,1430.61,No
C-9340ec4f,Female,0,Yes,No,48,Yes,No,DSL,Yes,No,No,No,Yes,No,Month-to-month,Yes,Electronic check,37.25,1807.6,No
C-29978fda,Female,0,Yes,No,51,Yes,No,No,No internet service,No internet service,No internet service,No internet service,No internet service,No internet service,Month-to-month,Yes,Mailed check,19.68,1037.44,No
C-87a34608,Male,0,Yes,No,42,Yes,No,Fiber optic,No,No,No,No,Yes,No,Two year,No,Electronic check,48.67,2065.6,No
C-64f4e99f,Female,0,Yes,Yes,69,No,No phone service,DSL,No internet service,Yes,Yes,No,No internet service,Yes,Two year,No,Electronic check,40.35,2792.33,No
C-a2f62f39,Male,0,No,Yes,30,Yes,No phone service,No,No internet service,No internet service,No internet service,No internet service,No internet service,No internet service,Two year,Yes,Mailed check,18.0,523.17,No
C-47bacf7d,Male,1,No,No,60,Yes,Yes,DSL,No,No,Yes,No,No,Yes,Two year,No,Bank transfer (automatic),33.74,2021.76,No
C-86b5afca,Male,0,No,No,71,No,No phone service,Fiber optic,No,No,No,No internet service,No,Yes,Month-to-month,No,Electronic check,45.73,3250.51,Yes
C-f4d9c5f2,Female,0,No,No,11,Yes,Yes,DSL,No,No internet service,No,No,No,No,Month-to-month,Yes,Credit card (automatic),23.89,278.99,Yes
C-53a426a9,Male,0,No,No,34,Yes,Yes,DSL,No,Yes,No,No,Yes,Yes,Two year,Yes,Bank transfer (automatic),41.34,1388.12,No
C-dc3e6312,Male,0,No,No,8,Yes,No,No,No internet service,No internet service,No internet service,No internet service,No internet service,No internet service,Two year,Yes,Bank transfer (automatic),20.79,149.74,No
C-1ea1a7c5,Female,0,Yes,Yes,65,Yes,No,No,No internet service,No internet service,No internet service,No internet service,No internet service,No internet service,Month-to-month,Yes,Electronic check,23.82,1550.85,Yes
C-b8b3ccdb,Female,0,Yes,Yes,49,Yes,No,DSL,No,Yes,No,No,Yes,No,Month-to-month,Yes,Mailed check,36.27,1776.71,No
C-8952186e,Male,0,No,Yes,17,Yes,Yes,No,No internet service,No internet service,No internet service,No internet service,No internet service,No internet service,Month-to-month,No,Credit card (automatic),24.32,384.94,Yes
C-00231f0f,Male,0,No,Yes,57,Yes,Yes,No,No internet service,No internet service,No internet service,No internet service,No internet service,No internet service,One year,No,Mailed check,18.0,1026.5,No
C-cbad7021,Male,0,Yes,No,21,No,No phone service,DSL,No,Yes,No,Yes,No,No,Month-to-month,No,Electronic check,39.95,835.37,No
C-60152c9e,Male,0,Yes,No,33,Yes,Yes,Fiber optic,Yes,Yes,No,No,No internet service,No,Month-to-month,No,Credit card (automatic),48.2,1598.87,Yes
C-c7986e3e,Male,0,No,Yes,61,Yes,No,No,No internet service,No internet service,No internet service,No internet service,No internet service,No internet service,One year,Yes,Mailed check,22.38,1377.2,No
C-dd83d0d4,Male,0,Yes,Yes,40,Yes,No,Fiber optic,Yes,No,Yes,No,Yes,No,Two year,Yes,Electronic check,59.14,2367.66,No
C-2498437f,Male,0,Yes,No,68,Yes,No phone service,No,No internet service,No internet service,No internet service,No internet service,No internet service,No internet service,Month-to-month,Yes,Electronic check,23.17,1552.86,No
C-8b562d62,Female,0,Yes,Yes,39,Yes,Yes,DSL,Yes,No,No,Yes,No internet service,Yes,Month-to-month,No,Bank transfer (automatic),40.64,1585.65,No
C-d2c41726,Female,0,No,No,3,Yes,No phone service,Fiber optic,No internet service,No,Yes,No,No,Yes,Two year,No,Mailed check,51.42,176.45,Yes
C-aa71c249,Female,1,No,No,11,Yes,Yes,DSL,No,No,No,No,Yes,Yes,Month-to-month,Yes,Electronic check,37.11,379.13,Yes
C-0c0e24ed,Female,0,No,Yes,66,Yes,Yes,No,No internet service,No internet service,No internet service,No internet service,No internet service,No internet service,Two year,Yes,Mailed check,25.52,1671.87,No
C-ac63564e,Male,0,No,No,57,Yes,No,No,No internet service,No internet service,No internet service,No internet service,No internet service,No internet service,Month-to-month,No,Electronic check,26.89,1527.99,No
C-12c91d1a,Female,0,Yes,No,4,Yes,Yes,DSL,No,No,No,No,No,No,Month-to-month,Yes,Electronic check,27.05,98.71,Yes
C-814c743c,Female,1,Yes,No,39,Yes,Yes,DSL,No,Yes,Yes,No,No,No,Month-to-month,Yes,Bank transfer (automatic),33.64,1302.55,No
C-19707bf7,Female,0,No,No,17,No,No phone service,No,No internet service,No internet service,No internet service,No internet service,No internet service,No internet service,Month-to-month,Yes,Electronic check,19.45,316.8,No
C-ebb2c142,Male,0,Yes,No,7,Yes,No,No,No internet service,No internet service,No internet service,No internet service,No internet service,No internet service,One year,Yes,Electronic check,21.41,117.08,No
C-904ad718,Male,0,No,Yes,32,Yes,No,Fiber optic,No,Yes,Yes,No,Yes,No,Month-to-month,No,Credit card (automatic),57.97,1868.41,No
C-aeaf105a,Female,0,No,No,23,Yes,No,DSL,No,No,No,No,Yes,No,Month-to-month,No,Electronic check,28.79,667.81,No
C-8082925f,Female,0,Yes,Yes,32,Yes,Yes,Fiber optic,No,No,No,No internet service,Yes,Yes,One year,No,Mailed check,49.36,1560.54,No
C-d8de9c85,Male,0,Yes,Yes,48,Yes,Yes,Fiber optic,No,Yes,Yes,No,No,No,Two year,Yes,Electronic check,51.15,2463.92,No
C-6d486958,Male,1,No,No,68,Yes,No,Fiber optic,No,No,No,No,No,Yes,One year,Yes,Bank transfer (automatic),50.26,3405.77,No
C-c7a6e366,Male,0,No,No,37,Yes,No,No,No internet service,No internet service,No internet service,No internet service,No internet service,No internet service,Month-to-month,Yes,Credit card (automatic),22.63,823.72,No
C-83ec4bc9,Female,1,Yes,No,62,Yes,No,Fiber optic,No,No,Yes,Yes,No internet service,No,Month-to-month,No,Mailed check,48.69,3006.78,Yes
C-f162cdee,Male,0,Yes,No,31,Yes,No phone service,DSL,No internet service,Yes,Yes,No,No,No,Month-to-month,No,Electronic check,35.57,1121.36,No
C-62c9a090,Female,0,Yes,No,52,Yes,Yes,No,No internet service,No internet service,No internet service,No internet service,No internet service,No internet service,Month-to-month,No,Electronic check,19.6,1027.62,No
C-ecce2699,Male,0,Yes,No,29,Yes,Yes,DSL,No,No,Yes,No internet service,Yes,No,Month-to-month,No,Bank transfer (automatic),35.8,1008.02,No
C-7d09f11e,Female,0,Yes,No,29,Yes,No,DSL,No,No,No,Yes,No,No,Month-to-month,No,Electronic check,28.89,845.91,Yes
C-332f34e6,Male,0,Yes,No,15,Yes,No,No,No internet service,No internet service,No internet service,No internet service,No internet service,No internet service,One year,Yes,Credit card (automatic),23.21,358.62,No
C-f255e1d4,Female,0,No,Yes,34,Yes,No,DSL,Yes,No internet service,No,Yes,No internet service,Yes,Month-to-month,Yes,Credit card (automatic),41.47,1432.99,Yes
C-d2b3e338,Female,0,Yes,Yes,6,Yes,Yes,Fiber optic,Yes,No internet service,No,No,No,No,Month-to-month,Yes,Credit card (automatic),40.4,223.35,Yes
C-b6e37d38,Female,0,No,No,7,Yes,Yes,Fiber optic,No,Yes,Yes,Yes,No,No,Month-to-month,Yes,Mailed check,53.2,379.17,No
C-7f101d76,Male,0,Yes,No,66,Yes,No,No,No internet service,No internet service,No internet service,No internet service,No internet service,No internet service,Month-to-month,No,Electronic check,21.54,1451.34,No
C-e475fccc,Female,0,Yes,No,59,Yes,No,Fiber optic,No,No internet service,Yes,Yes,No internet service,Yes,Month-to-month,No,Electronic check,55.17,3257.65,No
C-cc4e3761,Female,0,Yes,No,42,Yes,Yes,Fiber optic,No,No,Yes,No,Yes,No,One year,No,Credit card (automatic),50.59,2136.21,No
C-9137ad8f,Male,0,No,Yes,30,Yes,Yes,No,No internet service,No internet service,No internet service,No internet service,No internet service,No internet service,Month-to-month,Yes,Mailed check,22.89,710.03,No
C-797fb736,Male,0,Yes,No,40,Yes,Yes,Fiber optic,No,No,No internet service,No,Yes,No,Month-to-month,No,Electronic check,45.24,1823.55,Yes
C-9534e528,Female,0,Yes,Yes,33,Yes,No,Fiber optic,No,Yes,No,No,No,No internet service,Month-to-month,No,Mailed check,45.44,1496.78,No
C-9177e8b4,Male,0,Yes,No,49,Yes,No,Fiber optic,Yes,No,No,No,Yes,Yes,Month-to-month,Yes,Electronic check,57.98,2857.56,Yes
C-19131fa3,Male,0,Yes,No,19,Yes,No,No,No internet service,No internet service,No internet service,No internet service,No internet service,No internet service,Month-to-month,No,Electronic check,20.23,383.34,Yes
C-197c1abf,Female,0,No,Yes,61,Yes,No,No,No internet service,No internet service,No internet service,No internet service,No internet service,No internet service,Two year,No,Bank transfer (automatic),20.46,1257.38,No
C-db198e48,Male,1,No,No,20,Yes,Yes,DSL,No,Yes,Yes,No,No,No,Month-to-month,No,Bank transfer (automatic),37.89,780.41,Yes
C-dbc922fb,Male,0,Yes,No,43,Yes,No,Fiber optic,No,Yes,No,Yes,No,Yes,Month-to-month,No,Electronic check,54.44,2316.67,Yes
C-812919ec,Female,0,Yes,Yes,9,Yes,Yes,No,No internet service,No internet service,No internet service,No internet service,No internet service,No internet service,Two year,No,Credit card (automatic),23.94,234.93,No
C-e76d2fb7,Male,0,Yes,No,71,Yes,No phone service,No,No internet service,No internet service,No internet service,No internet service,No internet service,No internet service,Two year,Yes,Credit card (automatic),21.08,1500.42,No
C-abc2b3cb,Male,0,No,Yes,8,No,No phone service,Fiber optic,No,No internet service,No,No,Yes,No,Month-to-month,Yes,Credit card (automatic),47.74,378.39,Yes
C-3e7df099,Male,0,No,No,39,Yes,No,Fiber optic,No,Yes,No,Yes,Yes,Yes,Two year,Yes,Electronic check,62.62,2422.96,No
C-06a31d1c,Male,1,Yes,No,2,Yes,Yes,No,No internet service,No internet service,No internet service,No internet service,No internet service,No internet service,Month-to-month,Yes,Electronic check,18.0,56.66,Yes
C-ec84b655,Male,0,Yes,Yes,13,No,No phone service,Fiber optic,No internet service,No,No,No,Yes,Yes,One year,Yes,Electronic check,54.85,737.1,Yes
C-5c6a0f7f,Male,0,Yes,Yes,18,Yes,No,Fiber optic,No,No internet service,No,Yes,No,No,Two year,No,Electronic check,40.72,740.36,Yes
C-4fac911b,Male,0,No,No,3,Yes,Yes,DSL,No,Yes,No,Yes,Yes,No,Month-to-month,Yes,Mailed check,40.22,121.22,Yes
C-3fad4cb6,Male,0,Yes,No,25,Yes,Yes,Fiber optic,No,Yes,No,No internet service,Yes,No,Month-to-month,Yes,Mailed check,48.8,1188.11,No
C-9a8683d6,Female,0,No,No,69,Yes,No phone service,No,No internet service,No internet service,No internet service,No internet service,No internet service,No internet service,Month-to-month,No,Mailed check,18.0,1262.61,No
C-0c7d2421,Female,0,No,No,0,No,No phone service,DSL,No,No,No,Yes,No internet service,No,One year,No,Mailed check,34.74,0.0,No
C-164827cd,Male,0,No,No,46,No,No phone service,Fiber optic,No,No,Yes,No,Yes,No internet service,Two year,Yes,Mailed check,47.88,2172.31,No
C-db18fece,Female,0,No,No,29,Yes,No,Fiber optic,No,Yes,No internet service,Yes,Yes,No,Month-to-month,Yes,Credit card (automatic),52.97,1542.4,No
C-e9cd054d,Male,0,No,Yes,48,Yes,Yes,Fiber optic,Yes,No,No,Yes,No,Yes,Month-to-month,Yes,Electronic check,59.09,2842.57,No
C-3efee621,Female,0,No,No,3,Yes,No,DSL,No,No,Yes,No,Yes,No,One year,No,Electronic check,32.16,93.75,No
C-fd67a6a5,Female,0,Yes,No,54,Yes,No,Fiber optic,No,No,Yes,No,No,No,One year,No,Electronic check,46.84,2508.17,No
C-9dce7d96,Female,0,Yes,Yes,55,No,No phone service,DSL,No,Yes,Yes,No,Yes,No,Month-to-month,No,Bank transfer (automatic),44.44,2452.27,No
C-eba32aac,Male,1,No,No,22,Yes,No,Fiber optic,No,No,Yes,Yes,Yes,Yes,Two year,No,Electronic check,60.39,1337.01,No
C-7ca1a99a,Male,0,No,No,64,Yes,Yes,No,No internet service,No internet service,No internet service,No internet service,No internet service,No internet service,One year,Yes,Electronic check,20.71,1320.23,No
C-cdc3a944,Female,0,Yes,Yes,54,No,No phone service,Fiber optic,No,No,No internet service,Yes,Yes,No,Month-to-month,No,Mailed check,50.43,2735.35,No
C-4c427f20,Male,0,Yes,No,9,Yes,No phone service,DSL,No internet service,Yes,No internet service,No,No internet service,Yes,Two year,Yes,Mailed check,32.19,313.06,No
C-40d3c1ae,Female,1,No,No,20,Yes,No,DSL,No,No,No internet service,No,No,Yes,Month-to-month,Yes,Bank transfer (automatic),30.95,635.58,Yes
C-c5f5e3d0,Female,1,Yes,No,67,Yes,Yes,No,No internet service,No internet service,No internet service,No internet service,No internet service,No internet service,Month-to-month,Yes,Credit card (automatic),18.0,1229.53,No
C-a2ecf2c9,Female,0,Yes,No,42,No,No phone service,Fiber optic,No,No internet service,No,Yes,Yes,No,One year,Yes,Credit card (automatic),47.53,2028.46,No
C-237a26df,Male,0,No,No,59,Yes,Yes,Fiber optic,Yes,No,No,No,Yes,Yes,Two year,Yes,Credit card (automatic),54.08,3166.18,No
C-607fb8bd,Female,0,No,Yes,18,Yes,Yes,Fiber optic,No internet service,No,No,No,Yes,Yes,Month-to-month,Yes,Mailed check,49.63,889.48,Yes
C-7b2a1031,Male,0,No,Yes,2,Yes,Yes,Fiber optic,No,No,No,No,No,Yes,Month-to-month,Yes,Mailed check,46.83,60.99,Yes
C-9539ee61,Male,0,Yes,No,31,Yes,Yes,Fiber optic,No,No internet service,No,Yes,Yes,No,Month-to-month,No,Electronic check,56.94,1748.15,Yes
C-a70d2b90,Female,0,No,No,47,Yes,Yes,DSL,No,Yes,No,No internet service,Yes,No internet service,Month-to-month,Yes,Bank transfer (automatic),39.85,1862.66,No
C-c63f8ad5,Male,0,Yes,No,65,Yes,No phone service,No,No internet service,No internet service,No internet service,No internet service,No internet service,No internet service,Two year,Yes,Bank transfer (automatic),25.27,1671.15,Yes
C-a7dcb182,Male,0,Yes,No,9,Yes,No,DSL,No internet service,No,No,Yes,No,No internet service,Month-to-month,Yes,Electronic check,33.97,316.26,Yes
C-bcf74134,Male,0,Yes,Yes,65,Yes,No,DSL,Yes,No,No,Yes,Yes,Yes,Month-to-month,No,Electronic check,47.7,3114.52,No
C-038082ec,Male,0,No,Yes,35,Yes,No,Fiber optic,No internet service,Yes,No,No,Yes,No,Month-to-month,Yes,Electronic check,47.27,1654.23,Yes
C-fccb7d5a,Male,0,No,Yes,54,No,No phone service,Fiber optic,No,Yes,Yes,No,No,No,One year,Yes,Credit card (automatic),50.17,2692.79,Yes
C-0eee3e91,Female,0,No,Yes,30,Yes,Yes,DSL,Yes,No,No,No,Yes,Yes,Month-to-month,No,Electronic check,44.94,1351.9,Yes
C-ba26a9d1,Male,0,No,No,70,Yes,Yes,Fiber optic,No,No internet service,No,Yes,No internet service,Yes,Month-to-month,Yes,Electronic check,52.17,3654.02,Yes
C-f4796c3c,Male,0,No,No,28,Yes,Yes,Fiber optic,No,No,No,No,No,Yes,Month-to-month,No,Electronic check,48.1,1320.08,Yes
C-202d07a3,Female,0,Yes,No,51,Yes,No,DSL,No internet service,No,No,Yes,No,No,Month-to-month,Yes,Credit card (automatic),29.68,1543.79,No
C-f84560ee,Male,0,Yes,No,35,Yes,No,DSL,Yes,No,Yes,No,Yes,Yes,Month-to-month,No,Electronic check,47.72,1689.09,No
C-43a33b26,Male,0,Yes,No,37,Yes,No,Fiber optic,No,No,Yes,No,No,No,Two year,Yes,Credit card (automatic),43.04,1605.32,No
C-6c635c45,Female,0,No,No,4,Yes,No,DSL,No,No,Yes,Yes,No internet service,No internet service,Two year,No,Electronic check,39.06,137.77,No
C-6780c3b2,Male,0,No,No,18,Yes,Yes,Fiber optic,No,Yes,No,No,No,Yes,Month-to-month,Yes,Electronic check,53.0,944.25,No
C-7f62b28b,Female,0,Yes,No,10,Yes,No,DSL,No,No internet service,No,No,No,No,One year,Yes,Mailed check,20.61,189.26,No
C-109c7599,Female,1,Yes,Yes,1,Yes,No phone service,Fiber optic,No,Yes,No,No,Yes,No,Two year,Yes,Electronic check,54.89,51.95,Yes
C-67505bdc,Female,0,Yes,No,24,Yes,No,No,No internet service,No internet service,No internet service,No internet service,No internet service,No internet service,Two year,No,Electronic check,18.0,465.34,No
C-ec34def2,Male,0,No,Yes,66,Yes,No,No,No internet service,No internet service,No internet service,No internet service,No internet service,No internet service,Month-to-month,Yes,Mailed check,20.15,1285.08,No
C-ca6549f3,Female,0,No,Yes,32,Yes,Yes,DSL,Yes,No,No,Yes,No,Yes,Month-to-month,Yes,Credit card (automatic),43.1,1360.11,No
C-d295f453,Female,0,No,No,72,Yes,No,Fiber optic,No internet service,No,No,Yes,No,Yes,One year,No,Mailed check,51.72,3754.03,No
C-457cc102,Female,0,No,No,45,Yes,No,Fiber optic,Yes,Yes,Yes,No,No,No,One year,No,Electronic check,52.79,2390.39,No
C-72a2efce,Male,1,Yes,No,1,Yes,Yes,No,No internet service,No internet service,No internet service,No internet service,No internet service,No internet service,Month-to-month,Yes,Mailed check,21.01,76.77,Yes
C-9b4df40a,Female,1,No,No,68,No,No phone service,No,No internet service,No internet service,No internet service,No internet service,No internet service,No internet service,Month-to-month,Yes,Credit card (automatic),24.93,1656.52,No
C-f3c80d1b,Male,0,No,No,36,Yes,Yes,Fiber optic,No,Yes,No internet service,No,Yes,No,Month-to-month,Yes,Electronic check,52.18,1895.22,Yes
C-fd418376,Male,0,Yes,Yes,7,No,No phone service,DSL,Yes,No,No,No,No,Yes,Two year,No,Bank transfer (automatic),36.73,269.87,No
C-0bcf041b,Male,1,Yes,Yes,47,Yes,Yes,No,No internet service,No internet service,No internet service,No internet service,No internet service,No internet service,Month-to-month,Yes,Mailed check,23.77,1120.61,Yes
C-b8d1fcc3,Female,0,No,No,47,Yes,No,DSL,No,Yes,No,Yes,Yes,Yes,Two year,Yes,Bank transfer (automatic),44.82,2117.82,No
C-6ab1256a,Male,0,No,Yes,69,Yes,No phone service,Fiber optic,No,Yes,No,No internet service,No,Yes,Month-to-month,Yes,Bank transfer (automatic),42.84,2953.52,Yes
C-4f42b924,Female,0,Yes,No,47,Yes,No,Fiber optic,No internet service,Yes,No,No,No,No,Two year,No,Credit card (automatic),41.82,1968.73,No
C-661e1181,Male,0,Yes,No,7,Yes,No,Fiber optic,No,No,Yes,No,No,No,Month-to-month,Yes,Electronic check,38.8,322.74,Yes
C-59d60e61,Female,0,Yes,No,26,Yes,No,DSL,No,Yes,No,Yes,No,No internet service,Month-to-month,Yes,Electronic check,33.93,865.06,No
C-a2fe21e7,Female,0,No,No,22,Yes,No,No,No internet service,No internet service,No internet service,No internet service,No internet service,No internet service,Month-to-month,No,Mailed check,18.0,393.91,No
C-a4fd963a,Female,0,No,No,43,Yes,No phone service,DSL,No,No internet service,Yes,Yes,No,No,Month-to-month,No,Electronic check,41.5,1819.9,No
C-69e63820,Male,0,No,No,64,No,No phone service,DSL,Yes,No,No,No,Yes,No,One year,No,Credit card (automatic),37.66,2363.94,No
C-c8a8f970,Female,0,Yes,Yes,65,Yes,Yes,Fiber optic,No,No,Yes,Yes,No,Yes,Month-to-month,Yes,Mailed check,57.72,3760.01,Yes
C-14721632,Male,0,No,No,9,Yes,Yes,Fiber optic,No,No,No,Yes,Yes,Yes,Month-to-month,Yes,Credit card (automatic),58.39,520.75,No
C-585bed89,Female,0,No,Yes,69,Yes,No phone service,No,No internet service,No internet service,No internet service,No internet service,No internet service,No internet service,Month-to-month,Yes,Mailed check,18.0,1208.69,No
C-96fc1cca,Male,1,Yes,No,17,Yes,No,No,No internet service,No internet service,No internet service,No internet service,No internet service,No internet service,Two year,No,Electronic check,23.94,388.67,No
C-02f06da1,Male,0,No,No,48,Yes,No phone service,Fiber optic,No,No,No,No,No,Yes,One year,No,Bank transfer (automatic),45.83,2191.07,No
C-90376617,Female,0,No,No,71,Yes,No,DSL,No,No,No,No,Yes,No,Month-to-month,Yes,Electronic check,37.84,2702.04,Yes
C-235006b2,Male,0,Yes,No,2,Yes,Yes,No,No internet service,No internet service,No internet service,No internet service,No internet service,No internet service,Two year,Yes,Bank transfer (automatic),23.3,34.18,No
C-d1dbb4f0,Female,0,No,No,68,Yes,No phone service,Fiber optic,Yes,Yes,Yes,No,No,No,One year,No,Electronic check,52.88,3597.24,No
C-0b07081f,Male,0,Yes,Yes,23,Yes,Yes,Fiber optic,No internet service,No,Yes,Yes,No,No,Month-to-month,No,Mailed check,55.0,1249.85,Yes
C-2238e4bf,Female,0,Yes,Yes,29,Yes,No phone service,No,No internet service,No internet service,No internet service,No internet service,No internet service,No internet service,Two year,No,Mailed check,18.0,547.68,No
C-fb5122d3,Female,0,Yes,Yes,49,Yes,No,Fiber optic,Yes,Yes,No,No,No,No,Month-to-month,Yes,Electronic check,49.77,2413.69,Yes
C-cfafcdf8,Male,0,No,No,17,Yes,Yes,DSL,Yes,Yes,No,Yes,No,No,Month-to-month,Yes,Mailed check,40.26,694.43,Yes
C-fb1cb527,Female,0,Yes,No,12,Yes,No phone service,DSL,Yes,No internet service,No internet service,No internet service,Yes,No,One year,No,Credit card (automatic),38.63,439.47,No
C-b8c420cf,Male,0,No,No,51,Yes,Yes,Fiber optic,No,No,No,No,No,Yes,Two year,Yes,Credit card (automatic),45.87,2331.04,No
C-4c588278,Female,0,No,Yes,1,Yes,Yes,DSL,No,Yes,No,No,No,Yes,Two year,Yes,Bank transfer (automatic),36.0,14.68,Yes
C-dc1f181d,Female,0,No,Yes,32,Yes,Yes,DSL,No,Yes,No,No,Yes,No,Two year,Yes,Mailed check,34.26,1087.6,No
C-82d75c3b,Male,0,No,No,42,Yes,No,No,No internet service,No internet service,No internet service,No internet service,No internet service,No internet service,Month-to-month,No,Bank transfer (automatic),18.5,772.19,Yes
C-c87b2cfe,Male,0,No,No,28,Yes,Yes,Fiber optic,No,No,Yes,No,No internet service,Yes,Month-to-month,No,Bank transfer (automatic),49.19,1398.82,Yes
C-c37aa6c0,Male,0,Yes,Yes,70,Yes,No,Fiber optic,No,No,No,No,No internet service,Yes,Month-to-month,Yes,Electronic check,46.65,3256.0,Yes
C-4cb3dac3,Female,0,No,Yes,41,Yes,Yes,Fiber optic,Yes,Yes,No,No,No,No,Month-to-month,No,Electronic check,50.39,2055.37,Yes
C-2c702ac8,Male,0,No,No,49,Yes,Yes,Fiber optic,No,No,No internet service,No,No internet service,No,Month-to-month,No,Electronic check,40.31,1971.7,No
C-d8e3e5d0,Female,0,No,No,0,Yes,No phone service,No,No internet service,No internet service,No internet service,No internet service,No internet service,No internet service,Month-to-month,Yes,Bank transfer (automatic),18.0,0.82,Yes
C-8eabd13c,Male,0,No,No,15,Yes,Yes,DSL,Yes,Yes,No,No,No,No,One year,No,Electronic check,33.27,476.97,No
C-36907f57,Female,0,Yes,Yes,18,Yes,Yes,No,No internet service,No internet service,No internet service,No internet service,No internet service,No internet service,Month-to-month,Yes,Electronic check,18.0,344.67,No
C-4e3ace2a,Female,0,No,No,43,No,No phone service,DSL,No,No,Yes,No,No,No,One year,Yes,Bank transfer (automatic),30.22,1283.81,No
C-fe2e92cd,Female,0,No,No,35,Yes,Yes,Fiber optic,No,No,Yes,Yes,Yes,No internet service,Two year,Yes,Credit card (automatic),52.71,1867.9,No
C-9608bee9,Female,1,Yes,No,29,Yes,Yes,No,No internet service,No internet service,No internet service,No internet service,No internet service,No internet service,Month-to-month,No,Credit card (automatic),18.0,557.95,No
C-7bef9a25,Female,0,No,No,43,Yes,Yes,Fiber optic,Yes,Yes,No,No,Yes,No,One year,No,Electronic check,60.57,2595.72,No
C-4e2bab37,Female,0,No,No,47,Yes,No,DSL,Yes,No internet service,No internet service,Yes,Yes,No,One year,Yes,Credit card (automatic),42.3,1966.54,No
C-2bfc690a,Female,0,No,Yes,60,Yes,Yes,DSL,Yes,Yes,No internet service,Yes,Yes,Yes,Month-to-month,Yes,Credit card (automatic),52.88,3135.82,No
C-2fc7e592,Female,0,No,Yes,27,Yes,Yes,No,No internet service,No internet service,No internet service,No internet service,No internet service,No internet service,Month-to-month,Yes,Mailed check,23.7,646.03,Yes
C-b40d145e,Male,0,Yes,No,51,Yes,No,DSL,No,Yes,No,Yes,No,No,Two year,Yes,Credit card (automatic),34.75,1770.09,Yes
C-449afc06,Female,0,No,No,39,Yes,No phone service,Fiber optic,No internet service,Yes,No,No,No,No,Month-to-month,No,Credit card (automatic),47.69,1838.52,No
C-84727156,Male,1,No,Yes,70,Yes,Yes,Fiber optic,No,Yes,No,No,Yes,Yes,Month-to-month,No,Electronic check,52.12,3677.35,Yes
C-04aeb0c0,Male,1,No,Yes,56,Yes,Yes,DSL,No,Yes,No,No,No,No,Month-to-month,No,Bank transfer (automatic),29.28,1612.84,No
C-6d5db4d5,Female,1,No,No,61,Yes,No,Fiber optic,No,Yes,Yes,No,Yes,Yes,Two year,Yes,Credit card (automatic),69.93,4255.72,No
C-b516a638,Male,1,Yes,Yes,11,Yes,Yes,Fiber optic,No internet service,No internet service,No,Yes,No,Yes,Month-to-month,Yes,Electronic check,49.96,560.17,Yes
C-da0f71ad,Male,1,No,Yes,28,Yes,No,Fiber optic,No,Yes,No,No,No,Yes,Two year,Yes,Mailed check,51.52,1420.84,No
C-8b099913,Male,1,No,Yes,25,Yes,No,Fiber optic,No,Yes,Yes,No,Yes,No,One year,No,Electronic check,59.27,1511.84,Yes
C-057b1a5c,Female,0,Yes,No,72,No,No phone service,DSL,No,No,No,No,No internet service,Yes,Month-to-month,Yes,Mailed check,27.48,1978.9,No
C-881ee254,Female,0,Yes,No,55,Yes,Yes,DSL,No,No,No,No,Yes,No,Month-to-month,Yes,Bank transfer (automatic),29.08,1603.94,No
C-585521ac,Male,0,Yes,No,25,Yes,Yes,Fiber optic,No,No,Yes,No internet service,Yes,Yes,Month-to-month,Yes,Mailed check,54.05,1347.65,Yes
C-591b3fd3,Female,0,No,No,5,No,No phone service,DSL,Yes,Yes,Yes,No,No,No,Two year,No,Mailed check,39.23,203.47,No
C-6be7f9b7,Male,1,Yes,No,63,Yes,No,Fiber optic,Yes,No,No,No,Yes,No,Month-to-month,No,Bank transfer (automatic),50.8,3163.52,Yes
C-b4c001ce,Male,0,Yes,Yes,2,Yes,Yes,No,No internet service,No internet service,No internet service,No internet service,No internet service,No internet service,Month-to-month,No,Electronic check,23.82,59.7,Yes
C-59649a76,Male,0,Yes,No,41,Yes,Yes,No,No internet service,No internet service,No internet service,No internet service,No internet service,No internet service,One year,Yes,Mailed check,18.0,767.72,No
C-4268a2a2,Male,1,No,No,66,Yes,Yes,DSL,Yes,No,No internet service,Yes,No,Yes,Month-to-month,Yes,Electronic check,43.55,2871.66,No
C-a990106a,Male,0,Yes,No,8,Yes,No phone service,No,No internet service,No internet service,No internet service,No internet service,No internet service,No internet service,One year,Yes,Electronic check,20.16,136.74,No
C-a2bc6bde,Male,0,Yes,No,71,Yes,No,DSL,No,No internet service,No,No,No,No,Month-to-month,Yes,Credit card (automatic),19.43,1363.19,No
C-c8ce7c6a,Male,1,No,No,70,Yes,No,No,No internet service,No internet service,No internet service,No internet service,No internet service,No internet service,Month-to-month,No,Mailed check,27.6,1932.66,Yes
C-aeb1d5a2,Female,0,No,Yes,27,Yes,Yes,No,No internet service,No internet service,No internet service,No internet service,No internet service,No internet service,Two year,Yes,Mailed check,20.31,549.08,No
C-0a57d94e,Female,0,No,Yes,22,Yes,Yes,No,No internet service,No internet service,No internet service,No internet service,No internet service,No internet service,Month-to-month,Yes,Electronic check,23.56,529.34,No
C-42201c4f,Male,0,No,No,2,Yes,No,No,No internet service,No internet service,No internet service,No internet service,No internet service,No internet service,Month-to-month,Yes,Bank transfer (automatic),23.46,32.99,Yes
C-d0d003f2,Female,0,Yes,No,22,Yes,No,DSL,No,No,No,Yes,Yes,No,Two year,Yes,Electronic check,34.42,745.44,No
C-f890b03c,Male,0,No,No,43,No,No phone service,Fiber optic,Yes,No,No,Yes,No,No,Two year,Yes,Electronic check,49.53,2145.81,No
C-6098a9cd,Male,0,Yes,No,24,No,No phone service,DSL,No internet service,Yes,No,No,No,No,Month-to-month,Yes,Credit card (automatic),28.49,679.93,Yes
C-ff9d801d,Male,1,No,No,19,Yes,Yes,Fiber optic,Yes,No,No,Yes,No internet service,No,Month-to-month,No,Mailed check,48.22,937.47,Yes
C-722d8d98,Female,0,Yes,No,22,Yes,Yes,No,No internet service,No internet service,No internet service,No internet service,No internet service,No internet service,Month-to-month,Yes,Credit card (automatic),18.0,437.15,No
C-ff10209d,Female,0,No,No,14,Yes,No,Fiber optic,Yes,Yes,No internet service,No,Yes,No,One year,No,Credit card (automatic),55.14,758.23,No
C-37f38bb3,Female,0,Yes,No,65,Yes,Yes,Fiber optic,No,No,Yes,Yes,No internet service,No,Month-to-month,Yes,Mailed check,52.5,3420.85,Yes
C-498ae946,Female,0,Yes,Yes,25,Yes,Yes,Fiber optic,No,No,Yes,Yes,Yes,Yes,One year,No,Electronic check,60.51,1525.22,No
C-e39faeae,Female,1,No,No,60,Yes,Yes,No,No internet service,No internet service,No internet service,No internet service,No internet service,No internet service,One year,Yes,Credit card (automatic),20.13,1216.84,No
C-263070e0,Female,0,Yes,No,30,Yes,No phone service,Fiber optic,No internet service,No,No,No,No internet service,Yes,Month-to-month,Yes,Bank transfer (automatic),44.39,1317.07,No
C-27af95e3,Male,0,No,No,9,Yes,No,Fiber optic,Yes,No,No,Yes,Yes,No,Month-to-month,Yes,Bank transfer (automatic),52.42,459.56,Yes
C-0252c4c6,Male,1,Yes,No,69,Yes,Yes,Fiber optic,No,No,No,No,No,No,Two year,No,Credit card (automatic),39.36,2709.68,No
C-6c9a28c8,Male,0,No,No,23,Yes,Yes,DSL,Yes,No,Yes,No,No,Yes,Month-to-month,Yes,Credit card (automatic),45.28,1043.92,No
C-d1718322,Female,0,Yes,No,8,Yes,Yes,DSL,No,No internet service,Yes,No,Yes,No,Month-to-month,No,Mailed check,40.78,319.43,Yes
C-81cf4b7b,Female,0,Yes,Yes,51,Yes,Yes,No,No internet service,No internet service,No internet service,No internet service,No internet service,No internet service,One year,No,Mailed check,22.3,1114.29,No
C-1c9d693c,Male,1,No,No,43,Yes,Yes,DSL,No,No,No internet service,No,No,No,Month-to-month,No,Bank transfer (automatic),18.0,776.07,No
C-8a6da550,Female,0,No,No,58,Yes,No,Fiber optic,Yes,No internet service,No,No,No,No,Two year,No,Bank transfer (automatic),46.31,2689.9,No
C-c9402b29,Female,0,Yes,Yes,39,Yes,Yes,Fiber optic,No,No,No internet service,Yes,No,No,Month-to-month,No,Mailed check,46.82,1820.74,No
C-d959b6da,Female,0,Yes,No,47,Yes,Yes,Fiber optic,No,No internet service,No,No,No,Yes,Month-to-month,No,Credit card (automatic),43.5,2062.65,No
C-59645ba1,Female,0,No,Yes,14,Yes,No,Fiber optic,No,No,No,No,No,Yes,One year,No,Mailed check,40.95,585.73,No
C-f44890b9,Male,1,No,No,41,Yes,Yes,Fiber optic,No,No,No,Yes,Yes,No,Month-to-month,Yes,Credit card (automatic),48.07,1972.18,No
C-971b5bc7,Female,1,No,No,22,Yes,No,No,No internet service,No internet service,No internet service,No internet service,No internet service,No internet service,Month-to-month,Yes,Electronic check,19.98,452.67,No
C-d93103c5,Male,0,Yes,Yes,63,Yes,No,No,No internet service,No internet service,No internet service,No internet service,No internet service,No internet service,Month-to-month,Yes,Electronic check,22.62,1409.64,No
C-6ca0e0d3,Male,0,Yes,Yes,57,Yes,Yes,DSL,No,No,No,No,No,No,Month-to-month,No,Mailed check,24.47,1424.56,No
C-8c2a0629,Male,1,No,No,48,Yes,No,Fiber optic,No,No,No,Yes,No,Yes,Month-to-month,No,Electronic check,54.56,2628.94,Yes
C-0277b59a,Male,0,Yes,Yes,50,Yes,No phone service,DSL,No,No internet service,No,No,Yes,No,Month-to-month,Yes,Electronic check,34.78,1763.85,No
C-01ac58bb,Male,0,Yes,No,3,Yes,No,Fiber optic,Yes,No,Yes,No,No,No,Month-to-month,Yes,Mailed check,49.91,140.39,Yes
C-98723497,Male,0,Yes,No,31,Yes,No,Fiber optic,No,Yes,Yes,Yes,No,Yes,One year,Yes,Electronic check,57.08,1761.88,No
C-a100ecbd,Female,1,No,Yes,48,Yes,Yes,No,No internet service,No internet service,No internet service,No internet service,No internet service,No internet service,Month-to-month,No,Bank transfer (automatic),18.01,849.87,Yes
C-9239676a,Male,0,Yes,Yes,67,Yes,Yes,No,No internet service,No internet service,No internet service,No internet service,No internet service,No internet service,Month-to-month,Yes,Bank transfer (automatic),19.93,1322.28,No
C-44b61137,Male,0,Yes,No,10,No,No phone service,Fiber optic,No internet service,No,No internet service,Yes,No,Yes,Month-to-month,Yes,Bank transfer (automatic),54.02,559.08,Yes
C-3b3a4f41,Female,0,Yes,No,49,Yes,Yes,Fiber optic,No,Yes,No,Yes,Yes,No,Two year,Yes,Credit card (automatic),52.87,2601.74,No
C-80758b2a,Female,1,Yes,Yes,66,Yes,No phone service,DSL,No internet service,No,Yes,No,No,No,One year,Yes,Mailed check,27.24,1803.14,No
C-9f195441,Female,0,No,Yes,46,No,No phone service,No,No internet service,No internet service,No internet service,No internet service,No internet service,No internet service,Month-to-month,No,Mailed check,18.12,835.35,No
C-13f6cdd0,Male,0,Yes,No,16,Yes,No phone service,No,No internet service,No internet service,No internet service,No internet service,No internet service,No internet service,Two year,Yes,Credit card (automatic),18.4,300.43,No
C-93758796,Female,0,No,Yes,36,Yes,Yes,DSL,No,No internet service,Yes,No,No internet service,No,One year,Yes,Mailed check,26.0,967.32,No
C-6f80c1e7,Female,0,No,Yes,59,Yes,No phone service,Fiber optic,Yes,Yes,Yes,No,Yes,Yes,Two year,Yes,Electronic check,72.26,4243.35,No
C-7a54cd60,Female,0,No,Yes,52,No,No phone service,Fiber optic,No,No,Yes,No,Yes,Yes,Month-to-month,No,Bank transfer (automatic),54.2,2802.48,No
C-e75fb67a,Female,0,No,No,7,Yes,No phone service,Fiber optic,Yes,No,Yes,No,No internet service,No,Month-to-month,Yes,Electronic check,54.59,373.58,Yes
C-3f6b03e3,Male,0,No,No,31,Yes,No phone service,Fiber optic,No,Yes,Yes,No,Yes,No,Two year,No,Electronic check,49.7,1534.81,Yes
C-1092a7fa,Male,0,No,Yes,49,Yes,No phone service,DSL,Yes,No internet service,No,No internet service,Yes,Yes,Month-to-month,Yes,Electronic check,42.44,2105.41,No
C-457891cc,Female,0,Yes,No,49,No,No phone service,No,No internet service,No internet service,No internet service,No internet service,No internet service,No internet service,Month-to-month,Yes,Bank transfer (automatic),20.95,1019.26,No
C-ff4d9aa3,Female,0,No,No,14,Yes,No,Fiber optic,No,No internet service,No,No,No,Yes,Two year,Yes,Mailed check,47.39,642.67,Yes
C-48d90dd0,Male,0,Yes,Yes,10,No,No phone service,Fiber optic,Yes,No,Yes,No,Yes,No,Two year,Yes,Electronic check,57.89,578.03,No
C-5b8ff3bd,Female,0,No,No,43,No,No phone service,Fiber optic,No,No,No,No,No,No,Two year,Yes,Electronic check,43.66,1844.41,No
C-dc1bf208,Male,0,No,No,52,Yes,No,DSL,Yes,Yes,Yes,Yes,No,No,Month-to-month,Yes,Mailed check,42.77,2210.95,No
C-7b48cb04,Male,0,Yes,No,55,Yes,Yes,Fiber optic,No,No,Yes,No,No,No,Two year,No,Electronic check,43.72,2407.66,No
C-955d1b23,Male,0,No,No,69,Yes,No phone service,Fiber optic,No,No,No internet service,No internet service,No internet service,No,Month-to-month,No,Electronic check,37.92,2624.13,Yes
C-cf8ff2a5,Female,0,No,Yes,58,Yes,No,Fiber optic,No,No,No,No,No,No,Month-to-month,No,Mailed check,40.33,2355.0,Yes
C-079aa4fc,Male,0,Yes,No,62,No,No phone service,Fiber optic,No,No,Yes,Yes,Yes,Yes,Month-to-month,Yes,Electronic check,64.52,4013.18,No
C-1944ec3c,Male,0,No,Yes,46,Yes,No phone service,Fiber optic,No,No internet service,No,No,Yes,No,Month-to-month,No,Electronic check,47.47,2163.9,Yes
C-33416e72,Male,0,No,No,7,Yes,No,Fiber optic,No internet service,No,Yes,No,No internet service,No,Month-to-month,No,Credit card (automatic),46.93,322.34,Yes
C-4f7ef522,Female,0,Yes,No,49,Yes,No,Fiber optic,No internet service,No internet service,No,Yes,No internet service,No,Month-to-month,Yes,Bank transfer (automatic),38.48,1858.09,No
C-106edbf5,Male,0,No,Yes,65,Yes,No,DSL,No,No,Yes,No,No,No,Two year,Yes,Credit card (automatic),25.08,1609.41,No
C-94278075,Male,0,Yes,Yes,54,Yes,No,DSL,No,No,No,Yes,Yes,No internet service,Month-to-month,No,Electronic check,36.27,1949.17,Yes
C-c547b6ab,Male,0,No,No,67,Yes,Yes,Fiber optic,No,No,No,No,No internet service,No internet service,Month-to-month,No,Electronic check,44.21,2932.58,Yes
C-ae0b3b6c,Male,1,Yes,Yes,12,Yes,Yes,DSL,No,No,No,Yes,No,Yes,Two year,Yes,Electronic check,37.93,484.69,No
C-bfb9f29a,Male,1,No,Yes,2,Yes,Yes,DSL,Yes,No internet service,Yes,No,No,Yes,Month-to-month,Yes,Bank transfer (automatic),42.13,77.01,Yes
C-0cf5261d,Male,0,Yes,No,4,Yes,No,No,No internet service,No internet service,No internet service,No internet service,No internet service,No internet service,Two year,No,Mailed check,18.0,58.97,No
C-52f02bd1,Female,1,Yes,No,38,Yes,Yes,DSL,Yes,No,No internet service,No,Yes,No,Two year,No,Electronic check,34.48,1312.37,No
C-06a5f577,Female,1,No,No,66,Yes,No,DSL,No,Yes,No,Yes,Yes,No,One year,Yes,Bank transfer (automatic),36.69,2441.16,No
C-4259dcb2,Male,1,Yes,Yes,41,Yes,No,Fiber optic,No,No,No internet service,No,No internet service,No internet service,One year,No,Electronic check,45.81,1855.54,No
C-6d05ce27,Female,0,No,Yes,34,Yes,No,DSL,Yes,No internet service,No,No,No,No,Month-to-month,Yes,Mailed check,30.57,1039.26,No
C-d04ab08a,Female,0,No,Yes,39,Yes,Yes,No,No internet service,No internet service,No internet service,No internet service,No internet service,No internet service,Month-to-month,No,Mailed check,23.1,897.14,Yes
C-b6945148,Male,1,No,Yes,60,Yes,Yes,Fiber optic,No,Yes,Yes,No,No,Yes,One year,No,Electronic check,56.12,3328.24,No
C-29ba40c0,Male,0,Yes,Yes,66,Yes,No,Fiber optic,No,Yes,No,No,Yes,No,One year,Yes,Bank transfer (automatic),49.04,3232.28,No
C-e9984897,Female,0,No,Yes,10,Yes,Yes,DSL,No,No,No,Yes,No internet service,No internet service,Two year,Yes,Credit card (automatic),33.01,288.24,No
C-bdc58f4a,Male,0,No,No,22,No,No phone service,DSL,No,No,No,Yes,Yes,No,Two year,Yes,Electronic check,34.58,734.53,No
C-ae1e6bc9,Female,1,No,No,20,Yes,Yes,Fiber optic,No,No,No,No,No,No,Month-to-month,No,Bank transfer (automatic),39.54,795.79,Yes
C-e23abe59,Male,0,No,No,47,Yes,No phone service,No,No internet service,No internet service,No internet service,No internet service,No internet service,No internet service,Month-to-month,No,Bank transfer (automatic),20.5,961.89,No
C-c89cfa40,Female,0,Yes,No,71,No,No phone service,No,No internet service,No internet service,No internet service,No internet service,No internet service,No internet service,Month-to-month,Yes,Credit card (automatic),23.22,1682.4,Yes
C-7ea891d3,Male,0,Yes,No,10,Yes,No,Fiber optic,No,Yes,No,No,No internet service,No internet service,Month-to-month,Yes,Mailed check,45.98,473.56,Yes
C-043e37e9,Male,0,No,No,57,Yes,No,No,No internet service,No internet service,No internet service,No internet service,No internet service,No internet service,One year,No,Electronic check,18.0,1034.16,No
C-a010a9ff,Male,0,Yes,No,56,Yes,No,DSL,No,No,Yes,No,No,Yes,One year,Yes,Credit card (automatic),37.72,2096.62,No
C-cf5847f5,Male,0,No,No,69,Yes,No phone service,Fiber optic,No,No internet service,No,No,No,No,Month-to-month,No,Electronic check,46.59,3244.54,Yes
C-51eeec53,Female,0,No,Yes,39,Yes,No,No,No internet service,No internet service,No internet service,No internet service,No internet service,No internet service,Month-to-month,No,Mailed check,20.61,796.49,No
C-587f2ddc,Female,1,Yes,No,7,Yes,No phone service,No,No internet service,No internet service,No internet service,No internet service,No internet service,No internet service,Two year,Yes,Bank transfer (automatic),18.91,154.13,No
C-230f9074,Male,0,Yes,No,48,Yes,No,Fiber optic,Yes,No,No,No,No,No,Month-to-month,No,Mailed check,44.63,2139.99,No
C-cc1530d6,Female,1,No,No,51,Yes,Yes,No,No internet service,No internet service,No internet service,No internet service,No internet service,No internet service,Month-to-month,No,Electronic check,18.0,913.65,Yes
C-7f99f8bb,Female,1,No,No,29,Yes,No phone service,DSL,No,No,Yes,No,No,Yes,Month-to-month,Yes,Credit card (automatic),32.37,934.43,No
C-e0b871a6,Female,0,No,Yes,7,Yes,Yes,Fiber optic,Yes,No,No,Yes,Yes,No,One year,No,Credit card (automatic),54.17,331.26,No
C-73ac9942,Male,0,Yes,Yes,16,Yes,No,Fiber optic,No,No,No,No internet service,No internet service,No,Month-to-month,No,Electronic check,42.92,702.27,Yes
C-296a7748,Male,1,Yes,Yes,46,Yes,No,DSL,Yes,No,No,Yes,No,No,Month-to-month,Yes,Credit card (automatic),35.67,1677.54,Yes
C-289723b9,Female,0,Yes,Yes,46,Yes,No phone service,DSL,No,No,No internet service,No,Yes,No,Month-to-month,Yes,Mailed check,28.98,1338.51,Yes
C-9ab17e5c,Female,0,No,No,69,Yes,Yes,DSL,No,Yes,No,No,No,No internet service,Month-to-month,Yes,Credit card (automatic),32.48,2204.39,No
C-0c52a26d,Male,0,No,No,4,Yes,No,DSL,No internet service,No,No,Yes,No internet service,No,Month-to-month,No,Credit card (automatic),23.41,107.4,Yes
C-422e60cc,Male,0,No,Yes,69,Yes,No,DSL,No internet service,Yes,No,No,No,Yes,Month-to-month,Yes,Mailed check,38.61,2655.04,No
C-299066e4,Female,0,Yes,No,32,Yes,No,Fiber optic,No,No,Yes,No,Yes,No,One year,Yes,Mailed check,49.04,1562.76,No
C-3ea2ba8b,Female,0,No,Yes,61,Yes,No,No,No internet service,No internet service,No internet service,No internet service,No internet service,No internet service,Two year,No,Electronic check,18.07,1087.99,No
C-7978e23c,Male,0,No,No,25,Yes,No phone service,DSL,No,No,Yes,Yes,No internet service,No,Month-to-month,Yes,Electronic check,33.68,837.06,Yes
C-e1f1f69e,Male,0,No,No,69,Yes,No phone service,Fiber optic,No,No,Yes,Yes,No,Yes,Month-to-month,No,Mailed check,52.47,3591.79,Yes
C-5777d360,Male,0,Yes,Yes,52,Yes,No,Fiber optic,No,Yes,No,No,Yes,Yes,Month-to-month,No,Credit card (automatic),57.29,2978.27,No
C-a0020a5d,Female,0,Yes,No,54,Yes,Yes,Fiber optic,No,No internet service,Yes,No,Yes,Yes,One year,Yes,Electronic check,56.13,3008.07,No
C-b0e0b35b,Female,1,No,No,18,Yes,Yes,No,No internet service,No internet service,No internet service,No internet service,No internet service,No internet service,Two year,Yes,Mailed check,18.0,341.73,No
C-d8b2f168,Male,0,No,No,20,Yes,Yes,Fiber optic,No,No,No internet service,No,No,Yes,One year,Yes,Credit card (automatic),45.89,939.8,Yes
C-454fd670,Female,0,No,No,44,Yes,Yes,DSL,No,No,No internet service,No,No,No,Month-to-month,Yes,Electronic check,26.85,1180.4,No
C-4f7e5d57,Female,0,Yes,No,18,Yes,No,Fiber optic,No,No,Yes,No,No,No internet service,One year,Yes,Electronic check,45.08,848.4,No
C-c850a503,Female,0,Yes,No,38,Yes,Yes,No,No internet service,No internet service,No internet service,No internet service,No internet service,No internet service,Month-to-month,No,Credit card (automatic),20.61,799.26,No
C-bda44f13,Male,0,No,No,50,Yes,No phone service,Fiber optic,No,No,No internet service,Yes,No internet service,No,Month-to-month,No,Electronic check,50.78,2546.87,Yes
C-693f7c7f,Female,0,No,No,17,Yes,No,Fiber optic,No,No,No,No,Yes,No,One year,Yes,Bank transfer (automatic),44.81,790.71,No
C-cd4bc575,Male,1,No,Yes,36,Yes,Yes,Fiber optic,No,Yes,No,No,Yes,No internet service,Month-to-month,Yes,Credit card (automatic),49.75,1766.0,Yes
C-532344b1,Male,0,No,No,9,Yes,Yes,DSL,No,No,No,No,No internet service,No internet service,Month-to-month,No,Electronic check,25.84,225.82,Yes
C-42146d16,Female,0,Yes,No,34,Yes,No,DSL,No,No,Yes,Yes,No,No,Month-to-month,Yes,Electronic check,34.93,1149.6,No
C-774c3822,Male,0,No,No,26,Yes,No,Fiber optic,Yes,Yes,Yes,No internet service,No,Yes,Month-to-month,No,Electronic check,56.85,1490.33,Yes
C-3a5e2dc7,Female,0,Yes,No,38,Yes,No,Fiber optic,No,No,Yes,No,Yes,No,Two year,No,Bank transfer (automatic),52.8,1980.33,No
C-40c8460a,Male,0,Yes,No,54,Yes,Yes,No,No internet service,No internet service,No internet service,No internet service,No internet service,No internet service,Month-to-month,Yes,Mailed check,18.0,969.96,No
C-3e72d36d,Female,0,Yes,Yes,51,Yes,No,DSL,No,No,No,No,Yes,No,Two year,Yes,Bank transfer (automatic),33.47,1676.67,No
C-2599cce0,Male,1,Yes,Yes,46,Yes,Yes,Fiber optic,No,Yes,No,No,No internet service,No internet service,Two year,No,Electronic check,44.58,2058.51,No
C-674f18d0,Male,1,No,No,2,Yes,Yes,Fiber optic,No,No,No,Yes,No,Yes,One year,Yes,Bank transfer (automatic),47.48,111.35,No
C-e3699ede,Male,0,No,No,62,Yes,No,No,No internet service,No internet service,No internet service,No internet service,No internet service,No internet service,Month-to-month,No,Mailed check,18.0,1122.39,Yes
C-68c88fc9,Female,0,No,Yes,49,Yes,No,Fiber optic,No internet service,No,Yes,Yes,No,Yes,One year,Yes,Bank transfer (automatic),53.87,2627.53,No
C-3c22843d,Male,0,No,Yes,3,Yes,Yes,DSL,No,No,No,No,No internet service,No,One year,Yes,Credit card (automatic),21.97,56.48,Yes
C-79caabe6,Female,0,No,No,17,Yes,No,Fiber optic,No,Yes,No,Yes,No internet service,No,Month-to-month,No,Bank transfer (automatic),47.02,789.91,No
C-b9239f20,Female,0,No,No,59,Yes,No phone service,Fiber optic,No internet service,Yes,Yes,Yes,No,No internet service,One year,Yes,Electronic check,54.48,3233.17,No
C-aada9f85,Male,0,No,No,67,Yes,No phone service,DSL,Yes,Yes,No,No,Yes,No,Two year,No,Bank transfer (automatic),46.78,3126.98,No
C-01eec7e1,Male,0,No,No,62,Yes,No phone service,Fiber optic,Yes,No,No,No,No internet service,No,Month-to-month,No,Mailed check,47.96,2974.38,No
C-75380b19,Male,0,Yes,No,60,Yes,No phone service,Fiber optic,No internet service,No,No,Yes,No,No,Month-to-month,Yes,Electronic check,45.51,2746.3,Yes
C-78ad6709,Male,0,No,No,1,Yes,Yes,No,No internet service,No internet service,No internet service,No internet service,No internet service,No internet service,One year,No,Bank transfer (automatic),18.63,27.12,No
C-0d5dc2c6,Female,1,No,Yes,33,Yes,Yes,Fiber optic,No,Yes,No,Yes,Yes,No,Month-to-month,Yes,Bank transfer (automatic),61.53,2019.89,Yes
C-cd776ddc,Female,0,No,No,40,No,No phone service,Fiber optic,Yes,No,No,No,Yes,No,Month-to-month,Yes,Mailed check,49.64,1950.51,Yes
C-c766e136,Male,1,No,No,50,Yes,No,No,No internet service,No internet service,No internet service,No internet service,No internet service,No internet service,Two year,No,Bank transfer (automatic),18.0,894.73,No
C-067e762f,Male,0,No,No,3,Yes,No phone service,Fiber optic,No,No,No,No,No internet service,Yes,Month-to-month,No,Bank transfer (automatic),44.59,113.31,Yes
C-291029f2,Female,0,No,No,8,Yes,Yes,DSL,Yes,No,Yes,Yes,No,No,Month-to-month,Yes,Credit card (automatic),42.92,314.34,Yes
C-88eaf8b9,Female,1,No,No,30,Yes,No phone service,Fiber optic,No,No,No,No,No,No,Two year,Yes,Electronic check,40.99,1204.37,No
C-ac842ab3,Female,0,No,Yes,31,Yes,Yes,No,No internet service,No internet service,No internet service,No internet service,No internet service,No internet service,One year,Yes,Credit card (automatic),19.96,601.42,No
C-1e619265,Male,0,Yes,Yes,8,Yes,Yes,Fiber optic,No,No,No,No,Yes,No,Two year,Yes,Mailed check,46.81,372.05,No
C-22ead0d9,Female,1,No,No,25,No,No phone service,No,No internet service,No internet service,No internet service,No internet service,No internet service,No internet service,Month-to-month,Yes,Bank transfer (automatic),18.11,466.14,Yes
C-e3056882,Male,0,Yes,No,28,Yes,No,No,No internet service,No internet service,No internet service,No internet service,No internet service,No internet service,One year,Yes,Bank transfer (automatic),18.0,522.85,No
C-4aa16078,Female,0,No,Yes,59,Yes,Yes,No,No internet service,No internet service,No internet service,No internet service,No internet service,No internet service,Two year,Yes,Credit card (automatic),22.5,1320.36,No
C-1f544be4,Female,0,Yes,No,21,Yes,Yes,Fiber optic,No,No,No internet service,No,No internet service,No,One year,Yes,Mailed check,40.86,896.75,No
C-11a4c005,Male,1,Yes,No,67,Yes,Yes,DSL,No,Yes,No,No,No internet service,Yes,Month-to-month,Yes,Electronic check,30.39,2031.95,No
C-2bbc5746,Female,0,Yes,No,54,Yes,Yes,Fiber optic,No,No internet service,No,No,No internet service,No,One year,No,Credit card (automatic),38.49,2054.1,No
C-0573e1a6,Male,1,Yes,No,61,Yes,Yes,DSL,No,Yes,Yes,No,Yes,No,Two year,Yes,Electronic check,40.55,2477.46,Yes
C-e910e477,Female,0,No,No,11,Yes,No,Fiber optic,Yes,No,Yes,No,Yes,No,Month-to-month,No,Mailed check,55.93,585.68,Yes
C-977e4553,Female,0,No,No,2,Yes,Yes,Fiber optic,No,Yes,No,No,Yes,No,Month-to-month,Yes,Mailed check,55.07,105.89,Yes
C-e0259d32,Female,1,Yes,No,8,Yes,Yes,DSL,No,No,No,Yes,Yes,No internet service,Two year,No,Electronic check,36.06,286.14,No
C-976440c4,Female,0,No,No,3,Yes,Yes,Fiber optic,Yes,No,Yes,No internet service,Yes,Yes,Month-to-month,Yes,Mailed check,64.37,137.02,Yes
C-f881c41a,Male,0,Yes,No,53,Yes,No,No,No internet service,No internet service,No internet service,No internet service,No internet service,No internet service,One year,Yes,Electronic check,24.36,1263.07,No
C-5866dc85,Female,0,No,No,53,Yes,No phone service,Fiber optic,Yes,Yes,Yes,No,Yes,Yes,Two year,Yes,Credit card (automatic),69.37,3666.49,No
C-695637b0,Male,0,No,No,15,Yes,Yes,Fiber optic,Yes,No,No,No,No,Yes,Month-to-month,Yes,Mailed check,57.27,867.27,Yes
C-538ab2c9,Male,0,Yes,No,69,Yes,No phone service,Fiber optic,No,No,Yes,Yes,Yes,Yes,Two year,Yes,Mailed check,61.19,4216.34,No
C-b60a3408,Female,0,No,No,64,Yes,No,Fiber optic,Yes,No,No,Yes,Yes,No,Month-to-month,No,Electronic check,64.1,4124.7,Yes
C-8548e582,Male,1,No,No,56,Yes,No,Fiber optic,No,No,No,No,Yes,Yes,Two year,Yes,Electronic check,53.88,2998.02,No
C-3c7ea508,Male,1,No,Yes,59,Yes,Yes,Fiber optic,No,Yes,No,No internet service,Yes,No,One year,Yes,Electronic check,48.68,2855.13,No
C-41f79a40,Female,0,No,No,46,Yes,No,No,No internet service,No internet service,No internet service,No internet service,No internet service,No internet service,One year,No,Electronic check,22.53,1068.16,No
C-3d52a098,Female,1,Yes,No,66,Yes,No,No,No internet service,No internet service,No internet service,No internet service,No internet service,No internet service,Month-to-month,Yes,Mailed check,23.1,1524.08,No
C-bf1400ae,Male,0,Yes,Yes,60,Yes,No,No,No internet service,No internet service,No internet service,No internet service,No internet service,No internet service,Month-to-month,No,Bank transfer (automatic),21.57,1280.68,No
C-13dff33d,Male,0,No,No,25,Yes,Yes,Fiber optic,Yes,Yes,No,Yes,No,No,Month-to-month,Yes,Mailed check,57.84,1450.6,No
C-84777524,Male,0,Yes,No,7,Yes,Yes,Fiber optic,No,No,No,No internet service,No,Yes,Month-to-month,Yes,Bank transfer (automatic),46.42,315.0,Yes
C-04e0e4b7,Male,0,Yes,No,29,Yes,No,Fiber optic,No,No,Yes,No internet service,No,No,Month-to-month,No,Electronic check,44.49,1347.09,Yes
C-012b1dec,Male,0,No,Yes,48,Yes,No,DSL,Yes,Yes,Yes,No,Yes,Yes,One year,Yes,Credit card (automatic),51.97,2480.89,No
C-d1761462,Female,0,Yes,No,60,Yes,Yes,Fiber optic,No,No,Yes,Yes,Yes,No internet service,Two year,No,Bank transfer (automatic),51.55,3083.09,No
C-9429fd1d,Male,0,No,No,15,Yes,No phone service,Fiber optic,No,No,Yes,No,No,Yes,Month-to-month,No,Credit card (automatic),50.77,780.34,Yes
C-5ab32995,Male,1,No,Yes,22,No,No phone service,No,No internet service,No internet service,No internet service,No internet service,No internet service,No internet service,Two year,No,Credit card (automatic),23.27,516.12,No
C-ed3288a9,Female,0,No,No,50,Yes,Yes,Fiber optic,No,No,No,Yes,No,No,One year,Yes,Electronic check,42.04,2100.48,No
C-33767904,Male,0,Yes,No,35,Yes,Yes,No,No internet service,No internet service,No internet service,No internet service,No internet service,No internet service,One year,Yes,Electronic check,20.03,740.79,No
C-ef4d0823,Male,0,Yes,No,37,Yes,No phone service,DSL,Yes,No,No internet service,No,Yes,No internet service,Month-to-month,Yes,Credit card (automatic),35.97,1336.93,No
C-8a8190b6,Female,1,Yes,No,54,Yes,Yes,Fiber optic,No,No,No,Yes,Yes,No,One year,No,Electronic check,51.62,2809.78,No
C-23ab7d0a,Female,1,No,Yes,31,Yes,Yes,No,No internet service,No internet service,No internet service,No internet service,No internet service,No internet service,Month-to-month,Yes,Bank transfer (automatic),23.38,712.0,No
C-ada6a401,Male,0,Yes,No,3,Yes,No phone service,DSL,No,No,Yes,Yes,Yes,Yes,Month-to-month,Yes,Credit card (automatic),48.23,159.23,Yes
C-d41beab6,Female,0,No,No,51,Yes,No,DSL,Yes,No,Yes,No,No internet service,No,Two year,Yes,Electronic check,33.37,1664.96,No
C-55405749,Female,0,Yes,Yes,11,Yes,No phone service,Fiber optic,No,No internet service,No,No,No,No,Month-to-month,No,Electronic check,39.43,424.31,Yes
C-870ef1af,Female,0,No,Yes,59,Yes,Yes,Fiber optic,Yes,No,No,Yes,Yes,No,Month-to-month,No,Bank transfer (automatic),57.65,3403.64,No
C-dae2e530,Female,0,No,No,13,Yes,Yes,No,No internet service,No internet service,No internet service,No internet service,No internet service,No internet service,Month-to-month,Yes,Electronic check,20.22,249.81,No
C-dc26b04f,Male,0,Yes,Yes,32,Yes,No,DSL,No internet service,Yes,Yes,No,No,No,Month-to-month,No,Credit card (automatic),29.97,932.74,No
C-21934309,Female,0,Yes,No,23,Yes,No,Fiber optic,No internet service,No internet service,No,Yes,No,Yes,Month-to-month,Yes,Mailed check,53.86,1222.06,Yes
C-1f6b17aa,Female,1,No,Yes,4,Yes,No phone service,No,No internet service,No internet service,No internet service,No internet service,No internet service,No internet service,Month-to-month,Yes,Mailed check,24.74,96.57,Yes
C-2112c6e1,Male,1,No,No,10,Yes,No phone service,Fiber optic,No,No,No,No,No,No,Two year,Yes,Bank transfer (automatic),41.69,426.15,No
C-248f32f5,Male,0,Yes,No,13,Yes,No,Fiber optic,No,Yes,Yes,No,No,No,Month-to-month,Yes,Mailed check,51.88,677.01,Yes
C-90b4e63f,Male,0,No,Yes,48,Yes,Yes,Fiber optic,Yes,Yes,No,No,No,Yes,Two year,No,Mailed check,59.0,2827.36,No
C-c32ab96f,Male,1,Yes,Yes,13,Yes,No,No,No internet service,No internet service,No internet service,No internet service,No internet service,No internet service,Month-to-month,No,Bank transfer (automatic),22.17,284.31,No
C-d99a5b30,Female,0,Yes,No,1,Yes,Yes,Fiber optic,Yes,Yes,No,No,Yes,No,Month-to-month,No,Bank transfer (automatic),54.37,64.31,Yes
C-a2f8a3e6,Male,0,No,Yes,51,Yes,Yes,No,No internet service,No internet service,No internet service,No internet service,No internet service,No internet service,Month-to-month,Yes,Electronic check,18.0,964.87,Yes
C-c9908cee,Male,0,No,Yes,67,Yes,Yes,Fiber optic,No,Yes,No internet service,Yes,Yes,No,Two year,No,Bank transfer (automatic),51.62,3446.07,No
C-4780defa,Female,0,No,No,21,Yes,No,Fiber optic,No internet service,No,No,No,No,Yes,Month-to-month,Yes,Mailed check,40.86,861.26,Yes
C-d24826f7,Female,0,Yes,Yes,3,Yes,No,No,No internet service,No internet service,No internet service,No internet service,No internet service,No internet service,One year,No,Mailed check,22.77,28.89,No
C-6d062358,Female,0,Yes,No,18,Yes,Yes,No,No internet service,No internet service,No internet service,No internet service,No internet service,No internet service,One year,Yes,Bank transfer (automatic),18.61,357.07,No
C-56f7f249,Male,0,Yes,No,48,Yes,No phone service,No,No internet service,No internet service,No internet service,No internet service,No internet service,No internet service,One year,No,Credit card (automatic),21.36,1063.53,No
C-f78c7a7d,Female,0,No,Yes,45,No,No phone service,Fiber optic,No,No,Yes,Yes,Yes,No,Month-to-month,No,Mailed check,50.36,2268.25,No
C-f8e0b2e5,Female,0,Yes,No,12,Yes,No,Fiber optic,Yes,Yes,No,No,No,Yes,Month-to-month,No,Credit card (automatic),47.96,585.61,Yes
C-dd28e132,Female,1,Yes,Yes,29,Yes,No,Fiber optic,No internet service,No,Yes,No,No internet service,No,Month-to-month,No,Mailed check,42.53,1223.47,Yes
C-697fed0f,Female,0,Yes,Yes,15,No,No phone service,No,No internet service,No internet service,No internet service,No internet service,No internet service,No internet service,Month-to-month,Yes,Electronic check,18.0,293.86,No
C-2b74252c,Female,0,No,Yes,7,Yes,Yes,DSL,No,No,Yes,No,No,Yes,Two year,Yes,Bank transfer (automatic),33.76,230.38,Yes
C-6592e403,Female,0,No,No,12,Yes,No phone service,No,No internet service,No internet service,No internet service,No internet service,No internet service,No internet service,One year,Yes,Credit card (automatic),22.02,308.73,No
C-c5e7df30,Female,0,Yes,No,47,Yes,Yes,No,No internet service,No internet service,No internet service,No internet service,No internet service,No internet service,Two year,No,Mailed check,22.93,1055.62,Yes
C-03049aa1,Male,1,Yes,No,11,Yes,No,No,No internet service,No internet service,No internet service,No internet service,No internet service,No internet service,Month-to-month,Yes,Bank transfer (automatic),18.0,191.34,Yes
C-e688c9cb,Male,0,Yes,Yes,15,Yes,Yes,Fiber optic,No,No,No,No,No,Yes,Month-to-month,Yes,Electronic check,46.2,716.51,Yes
C-4ff61e06,Female,0,No,No,63,Yes,No,No,No internet service,No internet service,No internet service,No internet service,No internet service,No internet service,Two year,No,Electronic check,22.98,1400.73,No
C-f96fa2cb,Male,0,Yes,Yes,13,Yes,Yes,No,No internet service,No internet service,No internet service,No internet service,No internet service,No internet service,One year,No,Bank transfer (automatic),20.16,259.22,No
C-bedf5581,Female,0,Yes,No,72,Yes,No phone service,Fiber optic,Yes,No,No,No,No internet service,No,Month-to-month,Yes,Bank transfer (automatic),42.3,3050.18,No
C-f6024ac0,Male,0,No,No,9,Yes,No,DSL,No,No,No,No,No,Yes,Two year,No,Electronic check,33.63,303.67,No
C-98d75e72,Male,0,Yes,No,59,Yes,Yes,Fiber optic,No,No,No,No,No,No,Month-to-month,No,Credit card (automatic),38.69,2274.51,No
C-cf51d171,Male,0,No,No,69,Yes,No,DSL,No,No,No internet service,Yes,Yes,Yes,Month-to-month,Yes,Bank transfer (automatic),37.19,2583.16,No
C-0d4f222f,Female,0,No,No,23,Yes,No phone service,No,No internet service,No internet service,No internet service,No internet service,No internet service,No internet service,One year,No,Bank transfer (automatic),20.77,478.31,No
C-051e1fc0,Female,1,Yes,Yes,1,Yes,No,DSL,No,No,No,Yes,No,No,Month-to-month,Yes,Bank transfer (automatic),25.35,25.38,Yes
C-957e061c,Male,0,No,No,45,Yes,No,No,No internet service,No internet service,No internet service,No internet service,No internet service,No internet service,Month-to-month,Yes,Electronic check,25.51,1130.21,Yes
C-52a8df65,Male,0,No,Yes,40,Yes,No,Fiber optic,No internet service,Yes,No,No,No,Yes,Month-to-month,Yes,Electronic check,56.57,2278.32,Yes
C-1e4b8474,Male,0,Yes,Yes,7,Yes,No,Fiber optic,No,Yes,No,Yes,No,No,Month-to-month,No,Bank transfer (automatic),48.75,361.05,Yes
C-ec265eae,Male,0,No,Yes,10,Yes,Yes,DSL,No,No,No,No,No internet service,Yes,Month-to-month,No,Credit card (automatic),29.03,332.0,No
C-420531b2,Male,0,No,No,19,Yes,No,DSL,No,No,No,No,Yes,No,Month-to-month,No,Bank transfer (automatic),27.78,529.98,Yes
C-3d5de4f7,Male,0,No,Yes,33,Yes,Yes,DSL,No,Yes,Yes,No,Yes,No,Month-to-month,No,Credit card (automatic),42.3,1411.09,No
C-a78dd172,Female,0,No,No,7,Yes,Yes,Fiber optic,Yes,Yes,No,No,Yes,No,Month-to-month,Yes,Credit card (automatic),57.99,387.46,No
C-df036233,Female,0,No,Yes,22,Yes,No phone service,No,No internet service,No internet service,No internet service,No internet service,No internet service,No internet service,Month-to-month,Yes,Credit card (automatic),18.0,440.44,Yes
C-675551ab,Female,0,Yes,Yes,28,No,No phone service,Fiber optic,No,No,Yes,Yes,No,No,Month-to-month,Yes,Electronic check,46.81,1346.32,Yes
C-38251657,Female,1,No,No,33,Yes,No,No,No internet service,No internet service,No internet service,No internet service,No internet service,No internet service,Two year,Yes,Electronic check,20.29,673.76,No
C-cc4af96e,Female,0,Yes,No,60,Yes,No phone service,DSL,Yes,Yes,No,Yes,Yes,Yes,Month-to-month,Yes,Credit card (automatic),52.92,3163.29,Yes
C-697e9fda,Male,0,Yes,No,57,Yes,No,No,No internet service,No internet service,No internet service,No internet service,No internet service,No internet service,Month-to-month,No,Credit card (automatic),22.89,1312.66,No
C-913b129d,Male,1,No,No,68,Yes,Yes,Fiber optic,Yes,No internet service,No,No,No,Yes,One year,No,Credit card (automatic),48.43,3316.71,No
C-f7a4eeba,Female,1,No,Yes,43,Yes,Yes,No,No internet service,No internet service,No internet service,No internet service,No internet service,No internet service,Month-to-month,Yes,Credit card (automatic),23.39,1030.28,No
C-0fc18f88,Female,0,No,No,56,Yes,Yes,Fiber optic,No,No,Yes,Yes,Yes,No,Two year,Yes,Electronic check,52.81,2957.84,No
C-60dcbba2,Male,0,Yes,Yes,49,Yes,No phone service,No,No internet service,No internet service,No internet service,No internet service,No internet service,No internet service,Month-to-month,No,Credit card (automatic),19.45,949.02,No
C-17ad6f1e,Female,0,No,Yes,21,Yes,No,Fiber optic,Yes,No,Yes,No,Yes,Yes,Month-to-month,Yes,Mailed check,61.25,1307.61,Yes
C-e5c9eeaf,Female,0,Yes,No,57,Yes,No,No,No internet service,No internet service,No internet service,No internet service,No internet service,No internet service,Two year,No,Mailed check,20.93,1202.58,No
C-26a8de54,Male,0,Yes,No,8,Yes,No,No,No internet service,No internet service,No internet service,No internet service,No internet service,No internet service,Month-to-month,Yes,Electronic check,20.58,157.31,Yes
C-15220aa4,Male,0,Yes,No,17,Yes,Yes,DSL,Yes,No,No,No,No,Yes,Month-to-month,Yes,Mailed check,34.01,572.41,No
C-fa99c414,Male,0,No,Yes,31,Yes,Yes,Fiber optic,No,No,Yes,No,Yes,Yes,Month-to-month,Yes,Electronic check,53.71,1648.78,Yes
C-cf7f3853,Female,0,Yes,Yes,58,Yes,No,DSL,Yes,No,No,No,No internet service,Yes,Two year,Yes,Credit card (automatic),34.01,1964.61,No
C-81371c29,Male,0,No,No,50,Yes,Yes,DSL,No,No,No,No,Yes,No,Month-to-month,No,Credit card (automatic),31.8,1600.6,No
C-5e09bc2a,Female,0,Yes,No,37,Yes,No,No,No internet service,No internet service,No internet service,No internet service,No internet service,No internet service,Two year,Yes,Credit card (automatic),24.01,903.14,No
C-d27978e2,Female,0,No,No,40,Yes,Yes,DSL,No,No,No,Yes,No,Yes,One year,No,Bank transfer (automatic),38.93,1584.21,No
C-734714a5,Male,0,Yes,Yes,67,Yes,Yes,DSL,Yes,No,No,Yes,Yes,No,Month-to-month,Yes,Mailed check,44.03,2943.77,Yes
C-43261ee6,Male,0,Yes,No,41,Yes,No,Fiber optic,Yes,Yes,Yes,No,Yes,Yes,One year,Yes,Bank transfer (automatic),68.2,2784.13,No
C-445b337c,Female,1,Yes,No,37,Yes,No,DSL,Yes,No,No,No internet service,Yes,No,Month-to-month,Yes,Credit card (automatic),39.73,1498.18,Yes
C-c29c8064,Male,0,Yes,Yes,8,Yes,No,DSL,No,No,Yes,No internet service,Yes,No,One year,Yes,Bank transfer (automatic),30.83,255.23,No
C-56ab2601,Male,0,No,No,14,Yes,Yes,Fiber optic,No,No,No,No,No,No,Month-to-month,Yes,Credit card (automatic),43.76,626.18,Yes
C-6addb9de,Male,0,Yes,No,41,Yes,Yes,Fiber optic,No,Yes,No,No,No internet service,No,Month-to-month,No,Credit card (automatic),43.29,1791.08,Yes
C-f309f8bc,Male,1,Yes,No,27,Yes,No phone service,Fiber optic,Yes,Yes,No internet service,Yes,No,No,Month-to-month,Yes,Credit card (automatic),59.15,1601.41,Yes
C-a70dbda3,Male,0,No,Yes,40,Yes,Yes,Fiber optic,No,Yes,Yes,Yes,Yes,No internet service,Month-to-month,No,Bank transfer (automatic),64.0,2552.21,No
C-311998d2,Female,0,Yes,No,67,Yes,No,Fiber optic,No,No,No,Yes,No,No internet service,Month-to-month,No,Bank transfer (automatic),48.27,3223.76,No
C-bf0c4749,Male,0,No,No,17,Yes,No phone service,Fiber optic,Yes,No,No,No,No internet service,No,Two year,Yes,Mailed check,45.24,734.82,No
C-e00b1944,Female,0,No,Yes,37,Yes,No,No,No internet service,No internet service,No internet service,No internet service,No internet service,No internet service,Month-to-month,Yes,Mailed check,18.0,630.76,No
C-f02c902f,Female,0,Yes,Yes,19,Yes,No,No,No internet service,No internet service,No internet service,No internet service,No internet service,No internet service,Month-to-month,No,Electronic check,21.7,393.52,No
C-12369783,Male,1,No,Yes,12,Yes,No,Fiber optic,No,Yes,No,Yes,No,No,One year,No,Credit card (automatic),49.58,596.07,Yes
C-eb9fdcd6,Female,0,Yes,No,63,Yes,Yes,Fiber optic,No,Yes,Yes,Yes,Yes,Yes,One year,No,Mailed check,63.89,4040.21,No
C-dace5f3b,Male,0,No,No,72,Yes,No,Fiber optic,Yes,No,No,No,No,No,Month-to-month,No,Bank transfer (automatic),44.48,3207.44,No
C-fbfe3f99,Male,0,Yes,No,63,No,No phone service,No,No internet service,No internet service,No internet service,No internet service,No internet service,No internet service,Month-to-month,No,Mailed check,18.0,1151.23,No
C-4d06f12a,Female,1,No,Yes,14,Yes,Yes,DSL,Yes,No,No,No,No,No internet service,Month-to-month,Yes,Bank transfer (automatic),37.04,521.58,No
C-ec95a591,Male,0,Yes,No,70,Yes,No,No,No internet service,No internet service,No internet service,No internet service,No internet service,No internet service,Month-to-month,Yes,Mailed check,20.11,1398.78,No
C-8b617d1f,Male,0,No,No,1,Yes,Yes,Fiber optic,No internet service,No internet service,No,No,Yes,Yes,Two year,Yes,Credit card (automatic),49.17,55.16,Yes
C-1addaa96,Female,0,Yes,Yes,35,Yes,Yes,No,No internet service,No internet service,No internet service,No internet service,No internet service,No internet service,Month-to-month,Yes,Electronic check,22.41,771.37,No
C-6e211851,Female,1,No,No,25,Yes,Yes,No,No internet service,No internet service,No internet service,No internet service,No internet service,No internet service,Two year,No,Credit card (automatic),18.0,486.89,No
C-38e73ed1,Male,0,No,No,45,Yes,Yes,DSL,Yes,No,No internet service,No,No,No,Month-to-month,Yes,Bank transfer (automatic),31.75,1408.37,No
C-1f1c8404,Male,0,No,No,59,Yes,Yes,No,No internet service,No internet service,No internet service,No internet service,No internet service,No internet service,One year,No,Mailed check,18.0,1041.38,No
C-9636ff4b,Male,0,Yes,No,60,Yes,Yes,Fiber optic,No,No,No,No,No,No,Month-to-month,Yes,Mailed check,44.23,2688.47,No
C-d1f275c8,Female,0,Yes,No,18,Yes,Yes,Fiber optic,Yes,Yes,No,No,Yes,No,Month-to-month,No,Credit card (automatic),56.17,1036.53,Yes
C-ab644c46,Male,0,Yes,No,50,Yes,No,Fiber optic,No,No,No,Yes,No,Yes,Month-to-month,No,Electronic check,52.46,2626.39,Yes
C-91b92579,Male,0,No,No,10,Yes,No,Fiber optic,No,Yes,No internet service,No,No,Yes,Two year,No,Electronic check,47.5,454.65,No
C-fb49c868,Female,0,No,No,15,Yes,Yes,No,No internet service,No internet service,No internet service,No internet service,No internet service,No internet service,Two year,No,Electronic check,20.43,344.93,No
C-29d20876,Female,0,No,No,45,Yes,Yes,Fiber optic,No,No,Yes,No,Yes,Yes,Two year,Yes,Credit card (automatic),58.09,2662.49,No
C-3bca1cde,Female,0,Yes,No,59,Yes,No,DSL,No internet service,No,Yes,No,No,No internet service,One year,Yes,Mailed check,23.1,1376.56,No
C-d76e85c1,Female,0,No,No,6,Yes,Yes,No,No internet service,No internet service,No internet service,No internet service,No internet service,No internet service,Month-to-month,No,Mailed check,19.52,111.53,No
C-658b8cef,Male,0,No,No,65,Yes,No,No,No internet service,No internet service,No internet service,No internet service,No internet service,No internet service,Month-to-month,Yes,Credit card (automatic),18.49,1179.02,No
C-c73ad314,Female,0,No,No,39,Yes,No,DSL,Yes,No,Yes,No,Yes,Yes,Two year,Yes,Electronic check,49.3,1932.86,No
C-57aa0bdd,Male,0,No,No,16,Yes,No,DSL,No,Yes,No,No internet service,Yes,Yes,Month-to-month,Yes,Electronic check,42.19,633.78,Yes
C-99ab1881,Male,0,No,Yes,25,Yes,No,Fiber optic,No,Yes,No internet service,No,No,No,Month-to-month,No,Mailed check,42.57,1054.4,No
C-a3e326ed,Male,0,Yes,Yes,50,Yes,No,Fiber optic,Yes,No,Yes,No internet service,No internet service,Yes,Month-to-month,Yes,Bank transfer (automatic),54.39,2715.46,No
C-b1445f8f,Female,0,No,Yes,3,Yes,No,DSL,No internet service,No,Yes,No internet service,No,No,Month-to-month,No,Mailed check,30.37,104.02,No
C-f3b31d72,Male,0,No,No,59,Yes,No,DSL,No,No,No,Yes,No,No,Month-to-month,Yes,Electronic check,31.49,1831.12,No
C-db6a19d8,Female,0,No,Yes,22,Yes,No phone service,No,No internet service,No internet service,No internet service,No internet service,No internet service,No internet service,Two year,No,Credit card (automatic),18.31,362.53,No
C-bb5e0abd,Female,0,No,No,43,Yes,No phone service,Fiber optic,Yes,No,Yes,No,Yes,Yes,Two year,Yes,Electronic check,61.21,2634.7,No
C-64e7113a,Male,1,Yes,No,48,Yes,No,DSL,Yes,No,No internet service,No,Yes,No,Month-to-month,Yes,Mailed check,34.54,1669.72,Yes
C-7bdfdc07,Female,0,No,No,64,Yes,No,DSL,No,No internet service,No,No,No,No,Month-to-month,Yes,Credit card (automatic),29.63,1885.12,No
C-fa376d4e,Female,1,No,Yes,34,Yes,Yes,Fiber optic,Yes,Yes,Yes,No,No,Yes,One year,No,Electronic check,63.21,2154.22,No
C-74811f12,Male,0,Yes,No,6,Yes,No,Fiber optic,No,No,Yes,No,No,Yes,Month-to-month,Yes,Bank transfer (automatic),56.64,340.56,Yes
C-d469e449,Female,0,No,Yes,66,Yes,No,No,No internet service,No internet service,No internet service,No internet service,No internet service,No internet service,Month-to-month,No,Mailed check,21.1,1390.82,No
C-584d065c,Male,0,No,No,32,Yes,No phone service,Fiber optic,No,No,No,No,No,No,Two year,Yes,Electronic check,37.47,1190.58,No
C-32da37ab,Female,0,No,No,5,Yes,No phone service,Fiber optic,Yes,No,No,No,No,No,Month-to-month,Yes,Electronic check,49.36,254.34,Yes
C-123a5620,Female,0,No,No,40,Yes,Yes,Fiber optic,No,No,No,No,No,No,Two year,Yes,Mailed check,43.55,1744.96,No
C-c60d8965,Male,0,No,No,51,Yes,Yes,DSL,Yes,No,No,No internet service,No,No,One year,Yes,Electronic check,25.8,1311.61,No
C-93a93795,Male,1,No,No,49,Yes,No,No,No internet service,No internet service,No internet service,No internet service,No internet service,No internet service,Two year,Yes,Credit card (automatic),25.17,1230.27,No
C-45748d3d,Male,0,Yes,No,68,Yes,No,DSL,No,No,No,No,Yes,No,One year,Yes,Credit card (automatic),27.16,1853.02,Yes
C-8f1eb733,Male,1,No,Yes,34,Yes,Yes,Fiber optic,No,Yes,Yes,No,Yes,Yes,Month-to-month,Yes,Mailed check,63.47,2154.48,Yes
C-5af78ecb,Female,1,Yes,No,26,No,No phone service,DSL,No,No,No internet service,No,No internet service,No internet service,Month-to-month,No,Credit card (automatic),21.87,555.2,No
C-4383acbd,Female,0,No,Yes,53,No,No phone service,DSL,No,Yes,Yes,No,No,No,Month-to-month,Yes,Bank transfer (automatic),35.23,1843.93,No
C-a532b7f4,Male,1,No,No,39,Yes,No,Fiber optic,No,No,No,No internet service,No,Yes,One year,Yes,Mailed check,49.68,1975.17,No
C-955b93de,Male,0,No,No,46,No,No phone service,Fiber optic,No,Yes,Yes,No,No,No,Month-to-month,Yes,Mailed check,52.94,2432.67,No
C-056f6b2a,Male,0,Yes,Yes,68,No,No phone service,Fiber optic,No,No internet service,No internet service,Yes,No,Yes,Month-to-month,Yes,Bank transfer (automatic),50.51,3423.34,Yes
C-c7355b5f,Male,0,Yes,No,43,Yes,Yes,DSL,No,No,No,No,No internet service,No,One year,No,Bank transfer (automatic),18.99,806.5,No
C-0859a626,Female,1,Yes,Yes,2,No,No phone service,Fiber optic,No,Yes,Yes,Yes,No,No,Month-to-month,Yes,Electronic check,56.44,159.2,Yes
C-52a6e2ab,Female,0,No,Yes,32,No,No phone service,DSL,Yes,No,Yes,Yes,Yes,No,Month-to-month,Yes,Bank transfer (automatic),45.14,1434.56,Yes
C-76422426,Male,0,No,No,41,Yes,Yes,Fiber optic,No,Yes,No,No,Yes,No,Month-to-month,Yes,Credit card (automatic),52.35,2158.74,No
C-16fb3a75,Female,0,Yes,No,36,Yes,Yes,No,No internet service,No internet service,No internet service,No internet service,No internet service,No internet service,Month-to-month,No,Electronic check,22.02,797.57,No
C-704dc376,Female,0,No,No,48,Yes,No,DSL,No,Yes,No,No,No,No internet service,Month-to-month,Yes,Electronic check,30.89,1449.55,Yes
C-a0820a8f,Female,0,No,Yes,16,Yes,Yes,Fiber optic,No,No,Yes,No,Yes,Yes,Month-to-month,No,Mailed check,60.99,955.48,No
C-091e0698,Female,0,No,Yes,48,Yes,No phone service,DSL,No,No,Yes,Yes,No,Yes,One year,No,Mailed check,39.63,1867.51,No
C-8700797b,Male,0,No,No,24,Yes,Yes,Fiber optic,No,No,No,Yes,Yes,No,Month-to-month,No,Mailed check,49.42,1181.36,No
C-e52dc702,Male,0,Yes,No,22,Yes,No,Fiber optic,Yes,No internet service,No,No,No,No,Month-to-month,Yes,Bank transfer (automatic),44.62,966.37,No
C-0543bc99,Male,0,No,No,1,Yes,No phone service,DSL,No,Yes,No,No internet service,No,Yes,Month-to-month,Yes,Electronic check,38.75,39.61,Yes
C-b934e463,Male,0,Yes,No,2,No,No phone service,Fiber optic,No,Yes,No,No,Yes,No,One year,No,Electronic check,52.17,100.36,No
C-0f45aa50,Male,0,Yes,Yes,55,Yes,No phone service,DSL,Yes,Yes,No,No,No internet service,No,Month-to-month,Yes,Electronic check,35.07,1918.43,Yes
C-8f7cc0f8,Female,0,Yes,No,52,Yes,Yes,No,No internet service,No internet service,No internet service,No internet service,No internet service,No internet service,Two year,Yes,Electronic check,18.0,892.15,No
C-3fa60a92,Male,0,Yes,No,40,Yes,No,No,No internet service,No internet service,No internet service,No internet service,No internet service,No internet service,One year,Yes,Electronic check,23.82,951.29,No
C-8d3aa118,Female,0,Yes,Yes,56,Yes,Yes,Fiber optic,No,Yes,No,No,No,No,One year,Yes,Electronic check,48.58,2724.08,No
C-41aa4eaf,Male,0,No,No,0,Yes,Yes,DSL,No,No,No,No,No internet service,No internet service,Month-to-month,No,Credit card (automatic),22.98,0.0,Yes
C-51977a22,Male,1,No,No,43,Yes,No,Fiber optic,No,No,No,Yes,Yes,No,Month-to-month,Yes,Credit card (automatic),48.13,2041.47,No
C-adc0d33b,Female,0,No,No,44,Yes,No phone service,DSL,No internet service,Yes,No,Yes,Yes,Yes,One year,No,Bank transfer (automatic),49.16,2161.95,No
C-3f187226,Female,1,Yes,No,41,Yes,Yes,DSL,No,No,No,Yes,Yes,Yes,Month-to-month,Yes,Electronic check,45.46,1875.2,No
C-37d3d556,Male,0,Yes,No,64,Yes,Yes,No,No internet service,No internet service,No internet service,No internet service,No internet service,No internet service,One year,Yes,Electronic check,18.0,1157.57,No
C-761351e6,Male,0,No,Yes,51,Yes,No,Fiber optic,No,Yes,Yes,No internet service,Yes,No internet service,One year,No,Electronic check,58.12,2959.36,Yes
C-176c5a5f,Male,0,No,No,3,Yes,No,No,No internet service,No internet service,No internet service,No internet service,No internet service,No internet service,Two year,Yes,Bank transfer (automatic),25.75,102.24,No
C-c40c76ae,Female,0,Yes,No,0,Yes,No,No,No internet service,No internet service,No internet service,No internet service,No internet service,No internet service,Two year,No,Bank transfer (automatic),18.0,16.07,No
C-77f7d520,Male,0,No,No,65,Yes,Yes,No,No internet service,No internet service,No internet service,No internet service,No internet service,No internet service,Month-to-month,Yes,Electronic check,18.53,1214.37,No
C-87d6120b,Male,0,No,No,2,Yes,No phone service,Fiber optic,No internet service,Yes,Yes,Yes,No,No,Month-to-month,Yes,Credit card (automatic),57.93,95.43,Yes
C-a3183347,Male,0,Yes,No,61,Yes,No,Fiber optic,No,No,No,No,No internet service,No,Month-to-month,No,Bank transfer (automatic),34.13,2093.55,No
C-65d1c500,Female,1,No,No,26,Yes,Yes,No,No internet service,No internet service,No internet service,No internet service,No internet service,No internet service,Month-to-month,Yes,Bank transfer (automatic),24.73,653.12,Yes
C-bdda10a9,Female,0,No,Yes,63,No,No phone service,Fiber optic,Yes,Yes,No,No,Yes,Yes,Month-to-month,No,Electronic check,67.66,4265.55,Yes
C-eab483c0,Female,0,Yes,No,51,Yes,No,DSL,No,Yes,Yes,No,Yes,Yes,Two year,Yes,Electronic check,46.23,2419.54,No
C-e40b3789,Female,0,No,No,43,No,No phone service,No,No internet service,No internet service,No internet service,No internet service,No internet service,No internet service,One year,Yes,Credit card (automatic),18.48,805.47,No
C-7c634106,Male,0,Yes,No,8,Yes,No,Fiber optic,No,No,No,Yes,No,No,One year,No,Electronic check,42.49,364.63,No
C-433f2ac9,Female,0,No,No,13,Yes,No phone service,No,No internet service,No internet service,No internet service,No internet service,No internet service,No internet service,Month-to-month,No,Bank transfer (automatic),18.0,252.05,No
C-4ae3a65d,Female,0,Yes,No,46,Yes,No,Fiber optic,Yes,No internet service,No,Yes,Yes,No,Month-to-month,Yes,Electronic check,55.26,2531.82,Yes
C-4ae02dfd,Female,0,No,No,20,No,No phone service,No,No internet service,No internet service,No internet service,No internet service,No internet service,No internet service,Month-to-month,Yes,Electronic check,20.79,436.49,No
C-a95c578e,Male,0,No,Yes,47,No,No phone service,DSL,No,No,Yes,No,Yes,No,Month-to-month,Yes,Credit card (automatic),35.92,1684.9,Yes
C-76c7b36f,Female,1,No,No,33,Yes,Yes,No,No internet service,No internet service,No internet service,No internet service,No internet service,No internet service,One year,No,Mailed check,18.0,566.01,No
C-86e447b0,Male,1,No,No,7,Yes,No,No,No internet service,No internet service,No internet service,No internet service,No internet service,No internet service,Two year,Yes,Electronic check,18.0,122.69,No
C-5caebb6e,Female,0,Yes,No,0,No,No phone service,Fiber optic,No,No,Yes,Yes,Yes,Yes,Month-to-month,Yes,Credit card (automatic),65.76,0.0,Yes
C-cc270133,Female,1,Yes,No,70,Yes,Yes,Fiber optic,No,No,No,No,No,No,One year,No,Electronic check,39.45,2777.02,Yes
C-fd9ba19f,Male,1,Yes,No,31,Yes,Yes,No,No internet service,No internet service,No internet service,No internet service,No internet service,No internet service,Month-to-month,Yes,Mailed check,20.52,592.73,Yes
C-b4f6c745,Female,0,No,Yes,10,Yes,No phone service,DSL,No,Yes,No,Yes,No,No internet service,Month-to-month,Yes,Mailed check,33.48,346.88,No
C-97d5d4ad,Female,0,Yes,Yes,0,Yes,No phone service,DSL,Yes,Yes,No,No,No,No,Month-to-month,No,Bank transfer (automatic),30.6,30.74,Yes
C-126c3b99,Female,0,No,No,39,Yes,No,DSL,No internet service,No,No,No,No,No,Month-to-month,No,Mailed check,25.15,991.99,No
C-56ae2411,Female,0,No,No,43,No,No phone service,Fiber optic,No,Yes,No,No,No,No,Month-to-month,Yes,Electronic check,42.67,1881.31,Yes
C-f9d48c33,Female,1,Yes,Yes,72,Yes,Yes,No,No internet service,No internet service,No internet service,No internet service,No internet service,No internet service,Month-to-month,No,Credit card (automatic),20.87,1536.4,No
C-b836d40a,Male,0,No,No,25,Yes,Yes,Fiber optic,No internet service,Yes,No,No,No,Yes,One year,Yes,Mailed check,50.11,1266.33,No
C-0ad24e42,Female,0,No,Yes,20,Yes,No,Fiber optic,No,No,No,No,Yes,No,Two year,Yes,Electronic check,48.3,942.21,No
C-857b6a8c,Female,0,Yes,No,18,Yes,Yes,DSL,No,No,No internet service,Yes,No,No internet service,Month-to-month,Yes,Mailed check,27.06,463.01,No
C-5bc052c2,Male,1,No,No,25,Yes,Yes,Fiber optic,No,Yes,No internet service,No,Yes,Yes,Month-to-month,Yes,Mailed check,59.73,1523.21,Yes
C-f3cb7eb2,Female,0,Yes,No,51,Yes,No phone service,Fiber optic,Yes,No,Yes,Yes,Yes,No internet service,Two year,Yes,Mailed check,59.33,3041.14,No
C-781674b6,Male,1,No,No,55,Yes,No,Fiber optic,No,Yes,No,No,No,Yes,Month-to-month,No,Bank transfer (automatic),49.02,2706.9,Yes
C-938357d0,Female,0,Yes,No,72,Yes,Yes,No,No internet service,No internet service,No internet service,No internet service,No internet service,No internet service,Month-to-month,Yes,Credit card (automatic),23.34,1680.07,Yes
C-d1e2b5c8,Male,0,No,No,56,Yes,Yes,Fiber optic,No,No,Yes,No,No,Yes,One year,No,Mailed check,47.84,2702.11,No
C-c9e4a698,Male,0,Yes,No,17,Yes,Yes,No,No internet service,No internet service,No internet service,No internet service,No internet service,No internet service,One year,No,Bank transfer (automatic),20.2,338.81,No
C-56d8ba59,Male,1,Yes,No,18,Yes,Yes,Fiber optic,No,No,Yes,No,No,Yes,One year,Yes,Electronic check,51.62,932.99,Yes
C-9b731f2c,Female,0,Yes,Yes,9,Yes,Yes,Fiber optic,Yes,Yes,No,Yes,No,No,Two year,Yes,Mailed check,53.49,442.39,No
C-f3999b67,Male,0,Yes,No,54,Yes,No,Fiber optic,Yes,No,No,No,No,No,Month-to-month,No,Electronic check,41.95,2262.27,No
C-2e9bc829,Female,0,No,No,13,Yes,No,DSL,Yes,Yes,Yes,Yes,No,No,Month-to-month,No,Bank transfer (automatic),48.11,631.5,No
C-7eca013e,Male,0,Yes,No,28,Yes,Yes,DSL,No,No,Yes,No,Yes,No,Month-to-month,Yes,Electronic check,34.5,970.43,No
C-d33a81ae,Female,0,Yes,Yes,28,Yes,No,No,No internet service,No internet service,No internet service,No internet service,No internet service,No internet service,Two year,Yes,Mailed check,21.87,619.15,No
C-c7d76701,Female,0,Yes,Yes,52,Yes,Yes,Fiber optic,Yes,No,Yes,No,Yes,Yes,One year,Yes,Electronic check,61.4,3215.64,No
C-6b40473b,Female,1,Yes,No,42,Yes,No,Fiber optic,No,No,Yes,Yes,No,No,Month-to-month,No,Electronic check,50.29,2135.43,No
C-b3f6aa77,Male,0,Yes,No,44,Yes,No phone service,No,No internet service,No internet service,No internet service,No internet service,No internet service,No internet service,Two year,Yes,Credit card (automatic),18.0,803.01,No
C-e685e755,Male,0,No,No,37,Yes,Yes,DSL,No,No,Yes,No,No,No,Month-to-month,Yes,Electronic check,35.35,1311.87,No
C-130e35a5,Female,1,No,No,45,Yes,No,Fiber optic,Yes,Yes,No,Yes,No,No,One year,No,Credit card (automatic),51.08,2273.0,No
C-691b997e,Male,0,No,No,31,Yes,No,Fiber optic,No,No,No,Yes,Yes,Yes,Two year,No,Electronic check,52.0,1636.72,No
C-e64c1b5c,Female,0,Yes,Yes,52,No,No phone service,DSL,Yes,Yes,No,No,No,No,One year,Yes,Bank transfer (automatic),39.19,2056.34,No
C-7306cebe,Male,0,Yes,No,31,Yes,Yes,No,No internet service,No internet service,No internet service,No internet service,No internet service,No internet service,Month-to-month,Yes,Mailed check,20.33,625.51,No
C-0398e4b5,Female,0,No,No,9,Yes,No,DSL,No,No,No,Yes,Yes,No,Month-to-month,No,Electronic check,36.62,339.96,Yes
C-1ed4fa16,Male,0,No,No,16,No,No phone service,DSL,No,Yes,No,No,No internet service,No,Month-to-month,No,Electronic check,31.19,476.22,No
C-8b91b665,Male,0,No,No,48,Yes,Yes,DSL,No,Yes,No,No,No,No internet service,One year,Yes,Credit card (automatic),30.64,1472.41,No
C-10984695,Female,0,Yes,Yes,36,Yes,Yes,DSL,No,No,Yes,No,No internet service,No internet service,Month-to-month,Yes,Mailed check,37.22,1323.81,No
C-5653283b,Male,0,Yes,No,36,Yes,No,DSL,No,No,No,No,No,Yes,One year,Yes,Bank transfer (automatic),30.04,1096.51,No
C-ea63a30a,Male,0,Yes,No,45,Yes,Yes,No,No internet service,No internet service,No internet service,No internet service,No internet service,No internet service,Month-to-month,No,Credit card (automatic),19.83,866.78,No
C-0b6e9a3f,Male,0,No,Yes,34,Yes,Yes,No,No internet service,No internet service,No internet service,No internet service,No internet service,No internet service,Month-to-month,Yes,Electronic check,24.09,855.23,Yes
C-72ab4ca8,Female,0,No,Yes,63,Yes,No phone service,No,No internet service,No internet service,No internet service,No internet service,No internet service,No internet service,Month-to-month,Yes,Electronic check,18.0,1156.48,No
C-723c09cf,Female,1,No,No,59,Yes,No phone service,DSL,No,No,No,No,No,No,Two year,No,Electronic check,27.12,1561.82,No
C-313c3644,Male,0,No,No,55,Yes,No,No,No internet service,No internet service,No internet service,No internet service,No internet service,No internet service,One year,Yes,Credit card (automatic),20.36,1132.62,No
C-85853239,Female,0,Yes,No,19,Yes,No,Fiber optic,Yes,Yes,Yes,No,No,Yes,Two year,Yes,Electronic check,62.1,1200.28,Yes
C-c9c4a240,Female,0,Yes,No,64,Yes,No phone service,DSL,No,No,Yes,No,No internet service,Yes,Two year,Yes,Electronic check,29.62,1887.99,Yes
C-95f85aa8,Male,0,No,Yes,21,Yes,No,DSL,No,Yes,Yes,Yes,No,No,Month-to-month,No,Bank transfer (automatic),38.43,797.57,Yes
C-e9da24ae,Male,1,No,No,35,Yes,Yes,Fiber optic,No,Yes,No,No,No,Yes,One year,No,Electronic check,46.76,1601.43,No
C-5d9c0db1,Female,0,No,Yes,69,No,No phone service,Fiber optic,No,Yes,No,No internet service,No,No,Month-to-month,Yes,Mailed check,45.5,3145.03,No
C-970c08d8,Male,0,Yes,No,0,Yes,Yes,Fiber optic,No,Yes,No,Yes,No internet service,Yes,Two year,Yes,Credit card (automatic),55.16,5.48,Yes
C-faee7273,Female,1,No,No,10,Yes,No,Fiber optic,No,Yes,No,No,Yes,No,Two year,Yes,Bank transfer (automatic),55.01,528.81,No
C-91b145b5,Female,0,Yes,Yes,61,No,No phone service,DSL,No,No,Yes,No,No,No,Month-to-month,Yes,Electronic check,28.45,1721.69,Yes
C-b1bfd7e7,Female,1,No,No,8,Yes,Yes,Fiber optic,No,No,No,Yes,No,No internet service,Month-to-month,Yes,Electronic check,47.77,365.41,Yes
C-f0a284a7,Female,1,Yes,No,67,No,No phone service,No,No internet service,No internet service,No internet service,No internet service,No internet service,No internet service,Month-to-month,No,Credit card (automatic),23.38,1556.19,Yes
C-fcfafd6e,Female,0,Yes,No,42,Yes,No,Fiber optic,No,No,No,No,No,Yes,One year,Yes,Mailed check,44.69,1859.73,Yes
C-925f15ed,Male,0,No,No,60,Yes,No,Fiber optic,No internet service,Yes,No,Yes,Yes,Yes,One year,Yes,Electronic check,57.27,3443.09,No
C-4432e062,Male,0,Yes,Yes,30,Yes,No,DSL,Yes,No,Yes,No,No internet service,No,One year,No,Bank transfer (automatic),36.87,1096.2,No
C-d64c8bed,Female,0,Yes,No,16,Yes,No phone service,DSL,No internet service,No,No internet service,Yes,No,No internet service,Two year,Yes,Credit card (automatic),33.79,539.09,No
C-a4912f12,Male,0,Yes,No,58,Yes,No phone service,No,No internet service,No internet service,No internet service,No internet service,No internet service,No internet service,Month-to-month,Yes,Bank transfer (automatic),19.42,1147.21,Yes
C-7adf4ccb,Male,0,Yes,No,71,Yes,Yes,Fiber optic,No,Yes,Yes,No,No,Yes,Month-to-month,No,Electronic check,56.05,3986.09,Yes
C-14fd3e31,Male,0,No,No,38,No,No phone service,DSL,No,No,Yes,No,Yes,No internet service,Month-to-month,Yes,Bank transfer (automatic),33.55,1272.03,Yes
C-a25b18ff,Female,1,Yes,No,36,Yes,No,Fiber optic,Yes,Yes,No,No internet service,No internet service,Yes,Month-to-month,No,Credit card (automatic),59.81,2120.78,No
C-cf0669fe,Male,0,Yes,No,2,Yes,No,DSL,No,No,No,No,Yes,No internet service,Two year,Yes,Mailed check,35.73,75.01,No
C-65031e0d,Female,0,Yes,No,70,Yes,No phone service,DSL,Yes,No,No,Yes,No,No,Month-to-month,Yes,Credit card (automatic),36.57,2594.05,No
C-5493c27a,Female,0,No,No,48,Yes,Yes,Fiber optic,No,No,No,Yes,Yes,Yes,Month-to-month,Yes,Electronic check,53.43,2546.24,No
C-90edbc32,Male,0,Yes,No,51,Yes,No,DSL,No internet service,No,No,No internet service,No,Yes,Two year,Yes,Mailed check,37.95,1891.79,No
C-4d52eaf4,Male,0,Yes,No,70,Yes,Yes,Fiber optic,No internet service,Yes,No,Yes,Yes,No internet service,One year,Yes,Electronic check,59.42,4169.96,No
C-9cd78d78,Male,0,No,No,48,No,No phone service,No,No internet service,No internet service,No internet service,No internet service,No internet service,No internet service,One year,No,Credit card (automatic),20.08,983.22,No
C-93f73e0b,Female,0,No,No,35,Yes,No,No,No internet service,No internet service,No internet service,No internet service,No internet service,No internet service,Month-to-month,No,Credit card (automatic),20.44,709.7,Yes
C-2e5c38cd,Male,0,Yes,Yes,21,Yes,No,Fiber optic,Yes,Yes,Yes,No,No,No,One year,No,Credit card (automatic),54.47,1198.74,No
C-f5d276d7,Female,1,No,No,15,Yes,No phone service,No,No internet service,No internet service,No internet service,No internet service,No internet service,No internet service,Month-to-month,Yes,Bank transfer (automatic),18.0,276.21,No
C-4aabf4d8,Male,0,Yes,Yes,12,Yes,No,Fiber optic,No,Yes,Yes,No,Yes,No,Month-to-month,Yes,Mailed check,51.62,618.31,Yes
C-751b5495,Male,1,Yes,No,43,Yes,No,Fiber optic,No,Yes,No,No,No,No,One year,Yes,Credit card (automatic),43.15,1873.29,Yes
C-ea876ea7,Male,0,Yes,No,42,Yes,No phone service,Fiber optic,Yes,Yes,No internet service,No,No,No,Two year,No,Credit card (automatic),51.21,2134.23,No
C-60953586,Female,0,Yes,Yes,2,Yes,Yes,DSL,Yes,No,No,No,No,No,Month-to-month,No,Credit card (automatic),34.1,107.31,Yes
C-69fe6b9d,Male,0,No,No,27,No,No phone service,No,No internet service,No internet service,No internet service,No internet service,No internet service,No internet service,Two year,Yes,Credit card (automatic),20.64,542.74,No
C-5db0eb02,Female,0,No,Yes,22,Yes,No,Fiber optic,Yes,No,Yes,No,Yes,No,Month-to-month,No,Bank transfer (automatic),57.26,1239.37,Yes
C-0dea0699,Male,0,Yes,Yes,69,Yes,No,Fiber optic,Yes,No,Yes,No,No,No,Month-to-month,No,Electronic check,56.86,3934.64,Yes
C-2536cdf9,Male,0,No,Yes,27,Yes,No,Fiber optic,No internet service,No internet service,No internet service,Yes,Yes,No,One year,Yes,Mailed check,50.52,1366.97,No
C-0372b238,Male,0,No,No,22,Yes,Yes,DSL,No internet service,Yes,No,No,No,No,Two year,Yes,Bank transfer (automatic),34.81,762.62,No
C-0e61bdc9,Female,1,Yes,Yes,59,Yes,No phone service,Fiber optic,No,No,No,Yes,Yes,No,One year,Yes,Electronic check,46.09,2734.77,No
C-4af12d5d,Male,1,Yes,No,58,Yes,Yes,Fiber optic,No,No internet service,No,Yes,No,Yes,Month-to-month,No,Electronic check,43.74,2514.92,No
C-44ccf940,Male,0,Yes,No,44,Yes,No,DSL,Yes,No,Yes,No,Yes,No internet service,Month-to-month,Yes,Electronic check,39.1,1692.33,Yes
C-d4a51a5d,Male,1,No,Yes,33,Yes,No,Fiber optic,No,Yes,No,No,No,Yes,Month-to-month,Yes,Credit card (automatic),53.7,1784.21,Yes
C-384b796f,Male,1,No,No,14,Yes,Yes,Fiber optic,Yes,No,No,No,No internet service,No,One year,Yes,Electronic check,42.95,606.86,Yes
C-cb1a48f5,Female,0,Yes,No,57,Yes,Yes,DSL,No,Yes,Yes,No,Yes,No,Month-to-month,Yes,Bank transfer (automatic),41.19,2330.36,Yes
C-6fed59c4,Male,0,Yes,Yes,6,Yes,No,DSL,Yes,No,No,No,Yes,No internet service,Two year,Yes,Electronic check,41.3,251.5,No
C-76ccd39a,Male,0,Yes,Yes,66,Yes,Yes,No,No internet service,No internet service,No internet service,No internet service,No internet service,No internet service,Month-to-month,Yes,Mailed check,20.83,1373.88,Yes
C-1bddd484,Female,0,No,No,55,Yes,Yes,Fiber optic,No,No,Yes,No,No,Yes,Month-to-month,Yes,Credit card (automatic),53.06,2919.1,No
C-4f385e81,Female,0,No,No,72,Yes,No phone service,No,No internet service,No internet service,No internet service,No internet service,No internet service,No internet service,One year,Yes,Bank transfer (automatic),22.84,1658.95,No
C-4acaea07,Male,0,Yes,No,41,Yes,No,Fiber optic,No,Yes,Yes,No internet service,No,No,Two year,No,Electronic check,50.82,2089.76,No
C-f2a43f6e,Female,0,Yes,Yes,1,Yes,No,Fiber optic,Yes,No,No,Yes,No internet service,No,Month-to-month,Yes,Electronic check,49.46,26.86,Yes
C-b68f3fef,Male,0,No,Yes,27,Yes,Yes,Fiber optic,No,No,No internet service,No,No,No,Month-to-month,Yes,Bank transfer (automatic),39.53,1070.46,Yes
C-54e0cde4,Female,1,Yes,Yes,55,Yes,No,Fiber optic,Yes,No internet service,Yes,No,No,Yes,One year,No,Mailed check,51.21,2842.49,No
C-57fa25ea,Female,0,No,Yes,57,Yes,Yes,DSL,No,No,No,Yes,Yes,No,Two year,No,Electronic check,38.33,2163.12,No
C-cf07879d,Female,0,Yes,No,27,Yes,Yes,Fiber optic,Yes,No,Yes,No internet service,Yes,No,Month-to-month,No,Credit card (automatic),57.26,1481.13,Yes
C-6e24d7af,Female,0,Yes,Yes,56,Yes,No,Fiber optic,No,No,Yes,No,No,No,Two year,Yes,Electronic check,44.85,2492.72,Yes
C-d55bda94,Female,0,Yes,Yes,54,Yes,No,No,No internet service,No internet service,No internet service,No internet service,No internet service,No internet service,Month-to-month,Yes,Electronic check,21.24,1159.13,No
C-515b2f25,Female,0,Yes,No,21,Yes,No,DSL,No,No,No,No,Yes,No,Month-to-month,Yes,Electronic check,33.77,731.45,Yes
C-a1cada68,Male,1,No,No,18,Yes,No phone service,Fiber optic,Yes,No,No,No internet service,No,No,Month-to-month,Yes,Electronic check,43.88,785.7,Yes
C-3c917637,Female,0,Yes,No,71,Yes,No,DSL,Yes,No,No,No,Yes,Yes,Two year,No,Bank transfer (automatic),47.38,3361.81,No
C-1947e619,Male,0,Yes,No,47,Yes,No phone service,Fiber optic,No,No,No,No,Yes,No,Two year,No,Electronic check,48.52,2275.91,No
C-e67bca64,Male,0,No,Yes,11,Yes,No,DSL,Yes,Yes,No,No,No,No,Month-to-month,Yes,Mailed check,38.47,377.52,Yes
C-e0439f03,Female,0,Yes,No,69,Yes,Yes,DSL,No internet service,No,No internet service,No,No internet service,No,Two year,No,Bank transfer (automatic),25.89,1783.74,No
C-8addf8f0,Male,0,No,No,24,Yes,No,No,No internet service,No internet service,No internet service,No internet service,No internet service,No internet service,Two year,Yes,Electronic check,18.0,441.92,No
C-4dfe09e2,Male,0,No,No,71,Yes,Yes,DSL,No,No,No,Yes,No,No,Month-to-month,Yes,Electronic check,24.4,1709.94,No
C-5c30524a,Male,0,No,Yes,5,Yes,No,DSL,No,No,Yes,No internet service,No internet service,Yes,Two year,Yes,Electronic check,34.96,182.03,No
C-0e90bfcf,Female,0,Yes,Yes,64,Yes,Yes,DSL,No internet service,No,Yes,No internet service,No,Yes,Two year,Yes,Bank transfer (automatic),35.13,2218.77,No
C-d6980366,Female,0,Yes,No,43,No,No phone service,Fiber optic,No,Yes,Yes,No,No internet service,No,Two year,Yes,Bank transfer (automatic),52.43,2262.14,No
C-090908c8,Female,0,No,Yes,41,Yes,Yes,No,No internet service,No internet service,No internet service,No internet service,No internet service,No internet service,Two year,Yes,Mailed check,18.0,725.98,No
C-388fe7c8,Female,0,Yes,No,10,Yes,Yes,DSL,Yes,No,No,Yes,Yes,Yes,Month-to-month,Yes,Mailed check,46.57,459.86,No
C-dde0b546,Male,0,Yes,No,56,Yes,Yes,DSL,Yes,No,No,No,No,Yes,Month-to-month,No,Credit card (automatic),35.21,2003.76,No
C-27a4cbc4,Female,0,Yes,Yes,69,Yes,Yes,DSL,No,Yes,No,Yes,Yes,No,Month-to-month,Yes,Bank transfer (automatic),45.26,3118.71,No
C-a21e86c5,Male,0,Yes,No,49,Yes,No,No,No internet service,No internet service,No internet service,No internet service,No internet service,No internet service,Month-to-month,Yes,Mailed check,18.44,880.76,No
C-fd7afb67,Male,0,No,No,10,Yes,No,Fiber optic,Yes,No,No,Yes,No internet service,Yes,One year,No,Electronic check,54.17,553.14,Yes
C-406641b8,Male,1,No,Yes,48,Yes,Yes,Fiber optic,No,No,No,Yes,No,Yes,Two year,Yes,Electronic check,53.17,2552.51,No
C-1a9ef15c,Female,0,No,No,33,Yes,Yes,DSL,No,No,Yes,Yes,No,No,Two year,Yes,Electronic check,33.59,1101.58,No
C-52e9ed9c,Female,0,No,No,30,Yes,Yes,Fiber optic,Yes,No,No,No,No,No,Two year,No,Electronic check,40.83,1225.09,No
C-703177f9,Female,0,Yes,Yes,16,Yes,No,No,No internet service,No internet service,No internet service,No internet service,No internet service,No internet service,Month-to-month,Yes,Bank transfer (automatic),19.35,331.23,No
C-19445592,Male,0,Yes,Yes,14,Yes,No,No,No internet service,No internet service,No internet service,No internet service,No internet service,No internet service,Month-to-month,Yes,Electronic check,20.35,269.69,Yes
C-ecef6a0e,Female,0,Yes,No,60,No,No phone service,No,No internet service,No internet service,No internet service,No internet service,No internet service,No internet service,Two year,No,Credit card (automatic),23.24,1390.38,No
C-378e0f9f,Female,0,Yes,No,32,Yes,No,DSL,Yes,Yes,No,No,Yes,Yes,One year,Yes,Credit card (automatic),45.12,1429.92,No
C-8192847b,Male,0,No,Yes,56,Yes,Yes,DSL,No,No internet service,No,No,Yes,Yes,Month-to-month,No,Mailed check,40.4,2262.63,Yes
C-b316a87e,Male,0,Yes,No,68,Yes,Yes,DSL,No,No internet service,No internet service,No,No,No,Two year,Yes,Bank transfer (automatic),31.85,2161.32,No
C-f1f61d92,Male,0,Yes,No,0,Yes,No,DSL,No,No,No,No,No,No,One year,Yes,Bank transfer (automatic),24.22,0.0,Yes
C-7fe2c0c2,Male,0,No,No,8,Yes,No,DSL,Yes,No,Yes,No,No,No internet service,One year,No,Mailed check,38.69,293.35,No
C-58997f10,Female,0,No,Yes,52,No,No phone service,DSL,No,No,No,No,No,No,Month-to-month,No,Bank transfer (automatic),28.16,1481.05,Yes
C-8f64c556,Female,0,Yes,No,11,Yes,No,Fiber optic,No,No,No,No,No,No,One year,No,Bank transfer (automatic),39.93,427.82,No
C-6f293fa0,Female,1,No,Yes,63,Yes,Yes,DSL,No internet service,Yes,Yes,No,Yes,No,One year,Yes,Electronic check,41.99,2647.25,No
C-63dfeeb5,Female,0,Yes,No,36,Yes,No,Fiber optic,No,No,No,No,No internet service,Yes,Two year,No,Bank transfer (automatic),48.24,1739.14,Yes
C-dfd01a7c,Male,0,Yes,No,15,Yes,Yes,Fiber optic,Yes,No internet service,No,No,No,No internet service,Two year,Yes,Mailed check,49.88,725.5,No
C-ab03233d,Male,0,No,No,7,Yes,No,DSL,No,No,No,No,No,No,Month-to-month,Yes,Electronic check,23.24,136.93,Yes
C-7767e8c1,Male,1,Yes,No,9,Yes,Yes,No,No internet service,No internet service,No internet service,No internet service,No internet service,No internet service,One year,Yes,Credit card (automatic),20.7,151.8,No
C-cd377341,Male,0,No,No,28,Yes,Yes,Fiber optic,Yes,Yes,Yes,No,Yes,No,Month-to-month,Yes,Credit card (automatic),65.32,1788.97,Yes
C-a311bc95,Male,0,No,Yes,13,Yes,No,No,No internet service,No internet service,No internet service,No internet service,No internet service,No internet service,Month-to-month,Yes,Mailed check,19.0,254.66,No
C-fd7ed0ae,Female,1,No,No,71,Yes,Yes,DSL,No,No,Yes,No,Yes,Yes,Two year,Yes,Electronic check,37.32,2605.39,No
C-26bcb761,Female,0,Yes,No,42,Yes,Yes,DSL,Yes,No,No,No,No,No,Month-to-month,Yes,Mailed check,31.23,1287.33,No
C-5d772554,Male,1,Yes,No,7,Yes,No,Fiber optic,Yes,No,No,No,No,Yes,Month-to-month,No,Electronic check,51.87,353.79,Yes
C-ef6c8d6e,Female,0,Yes,Yes,33,Yes,No,DSL,Yes,No,No,No,No,Yes,Month-to-month,No,Credit card (automatic),35.43,1175.17,No
C-da43cc26,Female,0,Yes,No,25,Yes,No,DSL,Yes,Yes,No,Yes,Yes,Yes,Month-to-month,Yes,Bank transfer (automatic),56.7,1462.86,No
C-00670a43,Female,0,No,No,70,Yes,No,DSL,No,No,Yes,Yes,Yes,Yes,Two year,Yes,Credit card (automatic),50.87,3555.31,No
C-f6d65d52,Male,0,Yes,No,12,Yes,No,Fiber optic,No internet service,Yes,No,Yes,Yes,No,Month-to-month,Yes,Electronic check,56.31,679.41,Yes
C-4a122f31,Male,1,No,No,33,Yes,No phone service,No,No internet service,No internet service,No internet service,No internet service,No internet service,No internet service,Month-to-month,Yes,Credit card (automatic),22.38,716.01,Yes
C-b8a42d30,Male,1,Yes,No,23,Yes,Yes,Fiber optic,Yes,No,Yes,No,Yes,No internet service,Month-to-month,No,Credit card (automatic),55.79,1245.31,Yes
C-61832490,Female,0,Yes,No,25,Yes,Yes,DSL,Yes,Yes,No internet service,Yes,No,No,Two year,Yes,Credit card (automatic),40.58,1017.53,No
C-7e26e428,Female,1,Yes,Yes,1,Yes,No,DSL,No,No internet service,Yes,No,No,Yes,One year,Yes,Bank transfer (automatic),39.87,40.33,Yes
C-76909561,Male,0,Yes,Yes,16,Yes,Yes,DSL,No,No,No,No internet service,No,No,One year,Yes,Bank transfer (automatic),18.0,328.87,No
C-e28d93a6,Female,0,Yes,Yes,36,Yes,No phone service,Fiber optic,Yes,Yes,No,No internet service,No internet service,Yes,Month-to-month,Yes,Credit card (automatic),53.54,1936.22,Yes
C-2375fef8,Female,1,Yes,Yes,66,Yes,Yes,Fiber optic,No,No,No,No,No,Yes,Two year,Yes,Electronic check,46.87,3123.09,No
C-03f2184a,Male,0,No,Yes,35,Yes,No phone service,Fiber optic,No,No,Yes,No,No,No,Month-to-month,Yes,Electronic check,44.89,1606.66,Yes
C-3785a3fc,Female,0,No,Yes,40,Yes,No,Fiber optic,No,No internet service,No,No,Yes,No internet service,Two year,Yes,Electronic check,47.58,1876.36,No
C-faf3f22a,Male,0,Yes,No,15,Yes,Yes,Fiber optic,No internet service,No,No,No,Yes,No,Month-to-month,No,Credit card (automatic),48.34,748.67,Yes
C-85c8aeab,Female,0,Yes,No,11,Yes,Yes,Fiber optic,No,No,No,No,No internet service,Yes,Month-to-month,No,Mailed check,47.33,534.79,Yes
C-f7ce513a,Male,0,Yes,Yes,16,Yes,Yes,No,No internet service,No internet service,No internet service,No internet service,No internet service,No internet service,Two year,Yes,Bank transfer (automatic),24.92,416.04,No
C-614ad031,Male,0,Yes,Yes,27,Yes,No phone service,DSL,No,No,Yes,Yes,No,Yes,Month-to-month,Yes,Electronic check,41.17,1096.9,No
C-511cb790,Male,0,No,Yes,38,Yes,Yes,Fiber optic,No,Yes,Yes,Yes,No internet service,No,Month-to-month,Yes,Credit card (automatic),59.01,2243.29,No
C-1abc4534,Male,0,No,No,6,Yes,Yes,DSL,No,Yes,No internet service,No,No,No internet service,Month-to-month,No,Bank transfer (automatic),27.53,154.27,No
C-007e1a37,Male,0,Yes,No,28,Yes,No,Fiber optic,Yes,No,No,Yes,Yes,Yes,Two year,Yes,Mailed check,62.9,1741.72,No
C-83b095ff,Male,0,No,Yes,54,Yes,No,DSL,No internet service,Yes,No,No,Yes,Yes,Month-to-month,Yes,Electronic check,43.25,2335.8,Yes
C-0c74b9a9,Female,0,No,Yes,17,Yes,No,DSL,No,No,No,No,No,No,One year,Yes,Mailed check,24.0,430.75,No
C-3e2d057b,Female,0,No,No,9,Yes,Yes,No,No internet service,No internet service,No internet service,No internet service,No internet service,No internet service,Month-to-month,Yes,Credit card (automatic),21.09,225.73,Yes
C-dba124f5,Male,0,No,Yes,17,Yes,Yes,Fiber optic,Yes,Yes,Yes,No,Yes,No,Month-to-month,Yes,Credit card (automatic),60.33,1018.01,Yes
C-41deb944,Female,0,Yes,No,43,Yes,No,Fiber optic,No,No,No,Yes,Yes,No,Month-to-month,Yes,Mailed check,51.77,2266.31,No
C-61d7483a,Male,0,No,No,54,Yes,No,No,No internet service,No internet service,No internet service,No internet service,No internet service,No internet service,One year,Yes,Electronic check,18.0,975.77,No
C-21da6e9a,Female,0,Yes,No,29,Yes,Yes,Fiber optic,No,No,No,No,No,No internet service,Month-to-month,No,Electronic check,37.74,1065.37,No
C-47c51462,Male,1,No,Yes,49,Yes,Yes,Fiber optic,No,No,Yes,No,Yes,No,Two year,Yes,Electronic check,51.89,2572.27,Yes
C-e89742b2,Male,0,No,No,8,Yes,Yes,Fiber optic,No internet service,No,No,Yes,No,No,Month-to-month,Yes,Bank transfer (automatic),43.37,346.24,Yes
C-ee626ff9,Male,0,Yes,No,56,Yes,No phone service,Fiber optic,No,No,No,No,No,Yes,Month-to-month,No,Mailed check,45.26,2537.0,No
C-a05915f9,Male,0,Yes,No,54,Yes,No,DSL,No internet service,Yes,No,No,Yes,Yes,Month-to-month,Yes,Electronic check,42.39,2267.61,No
C-29318046,Female,0,No,No,62,Yes,No phone service,Fiber optic,Yes,No,No,No internet service,No,Yes,One year,Yes,Electronic check,49.61,3082.76,No
C-af4bbffc,Female,0,Yes,No,15,No,No phone service,Fiber optic,No,Yes,No internet service,No,Yes,Yes,Month-to-month,Yes,Electronic check,53.16,795.45,Yes
C-33026465,Male,1,No,No,16,Yes,No,DSL,No internet service,No,No,No,No,Yes,Month-to-month,Yes,Bank transfer (automatic),32.22,551.62,No
C-437bccab,Female,0,Yes,No,25,Yes,Yes,Fiber optic,No,No internet service,No,No,Yes,Yes,One year,No,Electronic check,52.63,1322.34,Yes
C-64e0160f,Male,0,Yes,No,40,No,No phone service,Fiber optic,No,Yes,No,No,No,Yes,Two year,No,Credit card (automatic),53.35,2165.99,No
C-a7467803,Male,0,No,Yes,66,Yes,No,DSL,Yes,Yes,Yes,No,Yes,No internet service,Two year,Yes,Bank transfer (automatic),49.09,3235.46,No
