customerID,gender,SeniorCitizen,Partner,Dependents,tenure,PhoneService,MultipleLines,InternetService,OnlineSecurity,OnlineBackup,DeviceProtection,TechSupport,StreamingTV,StreamingMovies,Contract,PaperlessBilling,PaymentMethod,MonthlyCharges,TotalCharges,Churn
C-a8a0ead2,Female,0,No,Yes,71,Yes,No,Fiber optic,No,Yes,Yes,No internet service,No,No internet service,One year,Yes,Credit card (automatic),56.56,4046.48,No
C-1fadbcda,Male,0,Yes,No,8,Yes,Yes,Fiber optic,No,No,No,Yes,No,No,Two year,No,Bank transfer (automatic),45.92,378.91,No
C-63fc3abe,Male,0,No,Yes,52,Yes,Yes,Fiber optic,No,No internet service,Yes,No internet service,Yes,No internet service,One year,Yes,Bank transfer (automatic),53.07,2786.73,No
C-4478439d,Male,0,No,No,53,Yes,Yes,Fiber optic,Yes,No,No,No,No,Yes,One year,Yes,Electronic check,51.53,2707.99,No
C-63f016c8,Male,0,No,No,42,Yes,Yes,Fiber optic,No,No,No,No,No,No,Two year,Yes,Credit card (automatic),43.16,1805.15,No
C-ac6ec600,Female,1,No,Yes,21,Yes,No,DSL,No,No,Yes,Yes,Yes,No internet service,One year,No,Bank transfer (automatic),36.15,738.57,Yes
C-05ceb7b7,Female,0,Yes,No,60,Yes,Yes,Fiber optic,No,No,No,No,Yes,No,Month-to-month,Yes,Credit card (automatic),45.79,2727.49,No
C-1ed739f3,Female,0,No,Yes,64,Yes,Yes,No,No internet service,No internet service,No internet service,No internet service,No internet service,No internet service,One year,Yes,Mailed check,21.52,1345.58,No
C-29e82ca7,Male,1,No,No,4,Yes,Yes,Fiber optic,No,No,No,No,Yes,Yes,Month-to-month,Yes,Mailed check,57.39,206.07,Yes
C-124dd07e,Male,1,Yes,No,0,Yes,Yes,Fiber optic,No,Yes,No,No,Yes,No,Month-to-month,Yes,Electronic check,54.4,13.0,Yes
C-156739d4,Male,0,No,No,68,No,No phone service,No,No internet service,No internet service,No internet service,No internet service,No internet service,No internet service,Month-to-month,Yes,Electronic check,23.84,1623.44,Yes
C-59272b6f,Male,0,Yes,No,45,Yes,No,DSL,No,Yes,Yes,Yes,Yes,No,One year,Yes,Bank transfer (automatic),46.64,2111.09,No
C-bc202a72,Female,1,No,No,49,Yes,No phone service,DSL,No,No,Yes,No,No,No,Two year,Yes,Mailed check,33.46,1627.44,No
C-4e14b4b1,Male,0,Yes,No,15,No,No phone service,Fiber optic,No,No,No,Yes,No,No,One year,Yes,Electronic check,45.23,674.19,Yes
C-c42ca9a3,Male,0,Yes,Yes,68,No,No phone service,No,No internet service,No internet service,No internet service,No internet service,No internet service,No internet service,One year,No,Electronic check,23.84,1641.5,No
C-bffec24f,Male,0,Yes,Yes,26,Yes,No,Fiber optic,No,Yes,No,No internet service,No,Yes,Two year,Yes,Electronic check,53.0,1385.84,No
C-853f9675,Female,0,Yes,Yes,39,Yes,Yes,Fiber optic,Yes,Yes,Yes,No,Yes,No,Month-to-month,No,Mailed check,63.66,2487.46,Yes
C-b2331741,Female,0,No,No,64,Yes,Yes,DSL,Yes,No internet service,No,No internet service,No,Yes,Month-to-month,No,Credit card (automatic),36.94,2348.95,No
C-91feb377,Male,0,No,Yes,30,Yes,No,DSL,No,No,Yes,No,Yes,Yes,Month-to-month,Yes,Mailed check,46.64,1418.18,No
C-5df3453c,Male,0,No,No,61,Yes,No,Fiber optic,Yes,Yes,No internet service,No,Yes,No internet service,One year,Yes,Electronic check,58.72,3571.8,No
C-a608554b,Male,0,No,No,52,Yes,Yes,No,No internet service,No internet service,No internet service,No internet service,No internet service,No internet service,Month-to-month,No,Electronic check,23.23,1186.94,No
C-8b6ff0b3,Male,0,Yes,Yes,59,Yes,No phone service,Fiber optic,No internet service,Yes,Yes,No,Yes,Yes,Month-to-month,Yes,Credit card (automatic),67.98,4045.24,Yes
C-5f8728c9,Female,0,No,No,59,Yes,No,Fiber optic,No internet service,No,Yes,Yes,Yes,Yes,Two year,Yes,Mailed check,57.81,3399.37,No
C-7740c692,Female,1,Yes,Yes,41,Yes,No,DSL,No,No,Yes,No,Yes,No,One year,No,Electronic check,38.77,1599.65,No
C-f3572281,Male,0,No,No,11,Yes,Yes,Fiber optic,No,No,No,Yes,No,No,One year,Yes,Electronic check,42.83,472.17,Yes
C-29748c9a,Male,0,No,Yes,63,Yes,No,Fiber optic,No,Yes,Yes,No,No,No,Month-to-month,No,Mailed check,41.15,2581.4,No
C-f3f04e09,Female,0,No,Yes,65,Yes,No,Fiber optic,Yes,No internet service,No,No,No,Yes,One year,Yes,Credit card (automatic),48.59,3149.62,No
C-607ead66,Female,0,No,No,59,Yes,No,DSL,No,No internet service,No,No,Yes,No,Month-to-month,No,Electronic check,33.73,1991.89,No
C-4c8c2c09,Male,0,No,No,45,Yes,No,DSL,No,No,No,No,No,Yes,Two year,No,Mailed check,31.98,1424.03,No
C-95ece017,Female,0,Yes,No,52,Yes,No phone service,DSL,No,Yes,Yes,No,Yes,No,Month-to-month,No,Mailed check,40.81,2103.23,No
C-9d350c87,Female,0,No,Yes,41,Yes,No,Fiber optic,No internet service,No,No,No,No,Yes,Month-to-month,No,Credit card (automatic),50.12,2007.57,Yes
C-dd45588c,Female,1,Yes,No,68,Yes,Yes,DSL,No,No,No,No,No internet service,Yes,One year,Yes,Mailed check,31.26,2128.81,No
C-7aecdbce,Female,0,No,No,5,Yes,Yes,DSL,No,No,No internet service,No internet service,No,Yes,One year,No,Bank transfer (automatic),37.47,161.48,Yes
C-aadda276,Male,0,Yes,Yes,11,Yes,No,DSL,No,Yes,Yes,No,No,Yes,Month-to-month,Yes,Electronic check,44.95,467.24,Yes
C-f2b0ccc7,Male,0,Yes,No,43,Yes,No,DSL,No,No,No,Yes,No,Yes,Month-to-month,No,Credit card (automatic),36.81,1560.31,No
C-e949ba2d,Female,0,No,No,24,Yes,No phone service,Fiber optic,No,No,No,No,No internet service,No,One year,Yes,Electronic check,44.78,1084.93,No
C-b6c31600,Female,0,No,Yes,49,Yes,No,Fiber optic,No,No,No,Yes,Yes,No,Month-to-month,Yes,Credit card (automatic),54.23,2662.57,Yes
C-9ad16720,Female,0,No,No,7,Yes,No,Fiber optic,No internet service,Yes,No,Yes,Yes,No,Month-to-month,Yes,Mailed check,48.58,321.91,Yes
C-8c4b56fb,Female,0,No,No,23,Yes,No phone service,DSL,No internet service,No internet service,Yes,No,Yes,Yes,Month-to-month,Yes,Mailed check,37.39,872.63,Yes
C-5e1e66eb,Male,0,Yes,No,31,Yes,No,Fiber optic,Yes,Yes,Yes,No internet service,No,No,Two year,Yes,Credit card (automatic),51.11,1557.3,No
C-4e5aee3a,Female,0,No,No,56,Yes,No,DSL,No,Yes,No,No,No internet service,Yes,Month-to-month,Yes,Bank transfer (automatic),31.4,1748.39,No
C-c332e65e,Male,0,No,No,37,Yes,No,Fiber optic,No,Yes,No,No internet service,Yes,Yes,Month-to-month,Yes,Electronic check,51.64,1888.59,Yes
C-bfae07ec,Male,1,Yes,No,12,Yes,No,Fiber optic,No,No,Yes,No internet service,No,No,Month-to-month,No,Credit card (automatic),44.53,564.01,Yes
C-66804b09,Female,0,Yes,No,37,Yes,Yes,No,No internet service,No internet service,No internet service,No internet service,No internet service,No internet service,Month-to-month,No,Credit card (automatic),25.72,952.63,No
C-d8ecf2c1,Female,1,No,No,46,Yes,No phone service,DSL,No,Yes,Yes,No,Yes,No,Month-to-month,Yes,Credit card (automatic),44.9,2093.36,Yes
C-75aff5b9,Male,1,No,Yes,57,Yes,No phone service,DSL,No,No,Yes,No internet service,Yes,No,One year,Yes,Credit card (automatic),40.61,2327.3,No
C-111780dc,Male,0,No,No,57,Yes,No phone service,Fiber optic,No,No,No,No,No internet service,No,One year,Yes,Mailed check,39.85,2250.5,No
C-4618228b,Male,0,Yes,No,57,Yes,No,No,No internet service,No internet service,No internet service,No internet service,No internet service,No internet service,One year,Yes,Mailed check,22.81,1297.54,No
C-641b396b,Male,1,Yes,Yes,22,Yes,No phone service,No,No internet service,No internet service,No internet service,No internet service,No internet service,No internet service,Month-to-month,Yes,Mailed check,22.46,473.9,No
C-40666328,Female,1,Yes,No,46,No,No phone service,DSL,No,No internet service,Yes,Yes,No,Yes,One year,Yes,Electronic check,40.6,1830.68,No
C-8b67d16e,Female,0,No,No,60,No,No phone service,Fiber optic,Yes,No,No,No,No,No,Month-to-month,Yes,Bank transfer (automatic),47.62,2879.84,Yes
C-598a447a,Female,0,Yes,No,63,No,No phone service,DSL,No,Yes,No,No,No,Yes,Month-to-month,Yes,Electronic check,34.64,2169.0,Yes
C-1f7ca0ee,Male,0,Yes,Yes,60,Yes,Yes,No,No internet service,No internet service,No internet service,No internet service,No internet service,No internet service,Two year,Yes,Mailed check,22.11,1331.36,No
C-93bc41ad,Male,0,No,Yes,25,Yes,No,Fiber optic,Yes,Yes,No internet service,No internet service,Yes,Yes,One year,Yes,Electronic check,65.04,1611.27,Yes
C-cd3242b9,Male,0,No,No,48,Yes,No phone service,Fiber optic,No,Yes,No,No,No,Yes,Month-to-month,Yes,Credit card (automatic),50.42,2415.02,Yes
C-9adf716a,Female,0,No,Yes,34,Yes,Yes,DSL,No,No,No,No,No internet service,Yes,Two year,No,Mailed check,30.91,1057.89,No
C-d2d7a48c,Male,0,Yes,No,1,Yes,No,Fiber optic,No,No internet service,Yes,No,No,Yes,Two year,Yes,Bank transfer (automatic),52.55,33.22,Yes
C-4e64efd9,Male,0,No,No,42,Yes,Yes,DSL,Yes,No,Yes,No,Yes,Yes,Two year,Yes,Bank transfer (automatic),49.32,2088.46,No
C-23f6c492,Male,0,No,No,35,Yes,No,Fiber optic,No internet service,Yes,No,No,No,No,Month-to-month,No,Electronic check,43.65,1523.61,Yes
C-11a6839e,Female,1,No,No,7,Yes,Yes,No,No internet service,No internet service,No internet service,No internet service,No internet service,No internet service,One year,No,Electronic check,22.24,152.93,No
C-9f5beb9c,Female,0,No,No,52,Yes,No,Fiber optic,No,Yes,No,No,Yes,Yes,Two year,Yes,Electronic check,55.9,2924.62,No
C-4541558c,Male,1,Yes,No,6,Yes,No,DSL,No,No,Yes,No,No,Yes,One year,No,Credit card (automatic),37.17,229.59,No
C-de386b52,Male,1,Yes,No,58,Yes,Yes,DSL,No,Yes,Yes,Yes,Yes,No,One year,No,Electronic check,39.07,2280.36,Yes
C-90cb01b8,Male,1,Yes,Yes,5,Yes,Yes,DSL,Yes,Yes,Yes,No,No internet service,Yes,Month-to-month,No,Electronic check,42.72,255.06,Yes
C-02bbbbc2,Female,0,No,No,46,Yes,No phone service,No,No internet service,No internet service,No internet service,No internet service,No internet service,No internet service,Month-to-month,Yes,Credit card (automatic),18.0,801.29,No
C-ac347884,Female,0,Yes,No,26,Yes,Yes,DSL,No,Yes,Yes,No internet service,No,No internet service,Two year,No,Electronic check,31.4,788.02,No
C-5fc15b1f,Female,0,No,Yes,57,Yes,No,Fiber optic,No,No,Yes,Yes,Yes,No,One year,Yes,Electronic check,58.4,3350.23,No
C-9e560f14,Female,0,No,No,67,Yes,No phone service,DSL,No,No,No,No,No,No,Month-to-month,No,Bank transfer (automatic),26.62,1788.06,No
C-84560e2c,Female,0,No,No,52,Yes,No,No,No internet service,No internet service,No internet service,No internet service,No internet service,No internet service,One year,Yes,Mailed check,19.94,1053.77,No
C-2ca48a59,Male,0,Yes,No,17,Yes,No,DSL,No,Yes,No,No,No,Yes,Two year,Yes,Electronic check,35.81,630.44,No
C-1056077a,Female,0,Yes,No,11,Yes,No phone service,Fiber optic,No,No,No internet service,No,No,No,Two year,Yes,Bank transfer (automatic),36.87,406.65,No
C-cbae55a3,Female,0,Yes,No,12,Yes,No phone service,No,No internet service,No internet service,No internet service,No internet service,No internet service,No internet service,Month-to-month,Yes,Mailed check,23.8,274.14,Yes
C-c641f6f2,Male,0,Yes,No,5,Yes,No,DSL,No,Yes,Yes,Yes,No,Yes,Month-to-month,Yes,Bank transfer (automatic),43.74,224.76,Yes
C-fc8dac77,Male,0,No,Yes,70,Yes,No,DSL,No,No internet service,No,No,No,Yes,Two year,Yes,Credit card (automatic),31.84,2245.21,No
C-9e8387b4,Male,0,No,Yes,10,Yes,Yes,No,No internet service,No internet service,No internet service,No internet service,No internet service,No internet service,Month-to-month,No,Mailed check,23.21,220.73,No
C-c6ca21a8,Female,1,No,No,7,No,No phone service,DSL,Yes,Yes,No,No,No,Yes,Month-to-month,Yes,Mailed check,35.73,246.97,Yes
C-334e22d1,Male,0,Yes,Yes,56,Yes,Yes,Fiber optic,No,No,Yes,No,No,No,Month-to-month,No,Electronic check,50.2,2796.63,Yes
C-914a3002,Female,0,No,Yes,39,Yes,No phone service,DSL,Yes,Yes,Yes,No,No internet service,No internet service,Month-to-month,No,Mailed check,48.06,1860.09,Yes
C-b5e88d25,Female,0,Yes,No,39,Yes,Yes,No,No internet service,No internet service,No internet service,No internet service,No internet service,No internet service,Month-to-month,Yes,Electronic check,18.0,714.08,Yes
C-7898dbaa,Male,1,No,No,46,Yes,No,DSL,No,No,Yes,No,No,No internet service,Month-to-month,No,Bank transfer (automatic),26.42,1239.88,Yes
C-65c065cc,Male,0,No,No,9,Yes,Yes,No,No internet service,No internet service,No internet service,No internet service,No internet service,No internet service,Two year,No,Bank transfer (automatic),19.05,168.04,No
C-dc56faca,Female,0,No,No,68,Yes,No,Fiber optic,No,Yes,No,No internet service,No,No internet service,Month-to-month,No,Mailed check,46.39,3186.52,Yes
C-25d925e9,Female,0,Yes,No,55,Yes,Yes,DSL,No,No,No,Yes,No internet service,No,Month-to-month,Yes,Electronic check,28.28,1545.86,No
C-4b68e8bb,Female,0,Yes,No,20,Yes,Yes,DSL,No,Yes,No,No,Yes,No,One year,Yes,Mailed check,37.41,732.18,No
C-7e730a4e,Male,1,Yes,No,51,No,No phone service,Fiber optic,No,Yes,Yes,Yes,No internet service,No,One year,No,Electronic check,49.31,2511.43,No
C-1ab344fe,Female,0,Yes,No,6,Yes,Yes,Fiber optic,No,No,No,No,Yes,Yes,Month-to-month,No,Credit card (automatic),46.64,274.96,Yes
C-6f49dc2f,Male,0,Yes,Yes,72,No,No phone service,DSL,Yes,No,No,No,No,No,Month-to-month,Yes,Credit card (automatic),26.9,1957.02,Yes
C-5c6296cd,Female,0,No,Yes,56,Yes,Yes,DSL,No,Yes,No,No internet service,No,No,Month-to-month,No,Credit card (automatic),28.52,1597.4,Yes
C-55766dfd,Female,0,Yes,Yes,4,Yes,No phone service,Fiber optic,No,No,Yes,Yes,Yes,Yes,Month-to-month,No,Bank transfer (automatic),61.2,230.4,Yes
C-794f66e5,Male,1,No,Yes,25,Yes,No,No,No internet service,No internet service,No internet service,No internet service,No internet service,No internet service,Month-to-month,No,Bank transfer (automatic),21.41,553.01,Yes
C-88bf9bcb,Female,0,Yes,No,59,Yes,Yes,Fiber optic,No,Yes,No,No,No,Yes,Month-to-month,No,Credit card (automatic),50.03,2968.92,Yes
C-a4f1a1ad,Female,0,Yes,No,66,Yes,Yes,DSL,No,No,Yes,No,No,No,Month-to-month,Yes,Electronic check,29.11,1934.08,No
C-11dbc13a,Male,0,Yes,No,31,Yes,Yes,Fiber optic,No,No,No,Yes,No,Yes,Month-to-month,Yes,Mailed check,52.31,1609.52,Yes
C-5667bbb0,Female,1,No,No,3,No,No phone service,Fiber optic,No,Yes,No,No internet service,No,Yes,Two year,Yes,Credit card (automatic),52.91,127.17,Yes
C-f1742f1a,Male,0,Yes,No,1,Yes,No,No,No internet service,No internet service,No internet service,No internet service,No internet service,No internet service,Month-to-month,No,Mailed check,21.21,5.84,Yes
C-fb445175,Male,1,Yes,No,19,Yes,Yes,DSL,No internet service,No,Yes,Yes,Yes,No,Two year,Yes,Electronic check,36.9,695.31,No
C-aa8579d4,Female,0,No,Yes,38,Yes,No,DSL,No,Yes,No,No,Yes,No,One year,Yes,Credit card (automatic),33.02,1262.73,Yes
C-0db9a001,Female,0,No,Yes,35,Yes,No,Fiber optic,No,No,No,No,Yes,No,Two year,No,Mailed check,49.57,1726.51,Yes
C-7ffe31d5,Female,0,Yes,No,47,No,No phone service,Fiber optic,No,No,Yes,No,Yes,No,Month-to-month,Yes,Credit card (automatic),53.56,2465.84,Yes
C-e5f401a3,Male,0,No,Yes,66,No,No phone service,DSL,No internet service,No,No internet service,No,No,No,One year,Yes,Credit card (automatic),24.44,1585.48,No
C-c1c35cb2,Female,0,Yes,No,67,Yes,No,DSL,Yes,Yes,No internet service,No,Yes,Yes,Month-to-month,Yes,Credit card (automatic),46.93,3193.32,No
C-22060900,Male,0,Yes,Yes,61,Yes,No,Fiber optic,Yes,No,No,No internet service,No,Yes,One year,No,Mailed check,51.39,3115.24,No
C-ff19997f,Male,0,Yes,No,15,Yes,Yes,Fiber optic,Yes,No,No,No,No,No,One year,Yes,Electronic check,45.74,658.93,No
C-3bfe817d,Male,0,Yes,No,18,Yes,No,Fiber optic,No,Yes,Yes,Yes,No,Yes,Month-to-month,No,Mailed check,59.91,1075.71,No
C-dddb451b,Male,0,Yes,No,55,Yes,No phone service,No,No internet service,No internet service,No internet service,No internet service,No internet service,No internet service,One year,Yes,Electronic check,18.08,987.04,No
C-8f453bdf,Female,0,No,No,25,Yes,No phone service,Fiber optic,No,No,No,No,Yes,Yes,Month-to-month,Yes,Mailed check,50.94,1274.65,Yes
C-766d81ee,Female,0,No,No,23,Yes,Yes,Fiber optic,Yes,No internet service,Yes,No,Yes,No,Month-to-month,No,Electronic check,56.32,1267.62,Yes
C-c794185f,Male,0,No,Yes,35,No,No phone service,DSL,No,No,No,No,Yes,Yes,Two year,No,Mailed check,38.48,1335.17,No
C-79aca16d,Female,0,No,Yes,25,Yes,Yes,DSL,No,No,Yes,No,Yes,No,Month-to-month,No,Mailed check,33.9,835.92,Yes
C-3260342b,Female,1,No,No,22,Yes,Yes,No,No internet service,No internet service,No internet service,No internet service,No internet service,No internet service,Month-to-month,No,Electronic check,18.0,345.9,No
C-493d5473,Male,0,No,No,45,Yes,Yes,No,No internet service,No internet service,No internet service,No internet service,No internet service,No internet service,Two year,No,Bank transfer (automatic),18.0,824.3,No
C-b7a72bb6,Male,0,Yes,No,69,Yes,No phone service,No,No internet service,No internet service,No internet service,No internet service,No internet service,No internet service,One year,Yes,Electronic check,20.49,1408.7,No
C-51db55b5,Female,0,No,No,63,Yes,Yes,Fiber optic,Yes,No,No,No,No,No internet service,Two year,Yes,Bank transfer (automatic),41.91,2643.98,No
C-2961e577,Female,0,Yes,No,3,Yes,Yes,DSL,No,No,No,Yes,Yes,No,Two year,No,Electronic check,37.11,118.6,No
C-a780a062,Male,0,No,No,28,Yes,No,No,No internet service,No internet service,No internet service,No internet service,No internet service,No internet service,Two year,Yes,Mailed check,20.7,565.19,Yes
C-1705024f,Male,0,Yes,No,39,Yes,Yes,No,No internet service,No internet service,No internet service,No internet service,No internet service,No internet service,Month-to-month,Yes,Bank transfer (automatic),19.88,766.19,No
C-d47f8567,Male,0,Yes,No,27,Yes,No,Fiber optic,No,Yes,No,Yes,No,No,Month-to-month,No,Credit card (automatic),45.11,1204.76,No
C-9259b4d4,Female,0,Yes,No,14,Yes,Yes,Fiber optic,Yes,No,No,No,No internet service,No,Month-to-month,No,Electronic check,46.56,681.92,Yes
C-52e5f515,Female,0,No,No,46,No,No phone service,No,No internet service,No internet service,No internet service,No internet service,No internet service,No internet service,Month-to-month,No,Bank transfer (automatic),18.0,825.85,Yes
C-c1adf508,Male,0,Yes,No,42,Yes,Yes,DSL,No,No,No internet service,No,Yes,Yes,Month-to-month,No,Electronic check,39.91,1659.35,Yes
C-10b52049,Female,1,No,Yes,29,Yes,Yes,DSL,No internet service,Yes,No internet service,No,No,Yes,Month-to-month,No,Bank transfer (automatic),37.13,1085.17,Yes
C-6cb2ae8a,Male,1,No,No,0,Yes,No,No,No internet service,No internet service,No internet service,No internet service,No internet service,No internet service,Month-to-month,No,Electronic check,18.41,23.45,Yes
C-e844c453,Male,0,No,No,44,Yes,No,Fiber optic,No,Yes,No,No internet service,Yes,Yes,Two year,No,Electronic check,58.16,2515.05,Yes
C-d2c54c34,Female,0,Yes,No,37,Yes,Yes,Fiber optic,No internet service,Yes,No,Yes,No,No,One year,No,Bank transfer (automatic),49.34,1840.04,No
C-cc085a5f,Male,0,No,No,48,Yes,No phone service,Fiber optic,No,No,No,Yes,No,Yes,Month-to-month,Yes,Electronic check,49.43,2373.98,Yes
C-a9818c46,Female,0,Yes,No,29,Yes,Yes,Fiber optic,Yes,No,No,No,No,Yes,Month-to-month,Yes,Electronic check,54.58,1587.85,No
C-8a893160,Male,0,Yes,No,66,Yes,Yes,DSL,Yes,Yes,Yes,No,Yes,Yes,Month-to-month,No,Bank transfer (automatic),52.43,3486.88,Yes
C-557d5642,Female,0,Yes,No,42,Yes,No,No,No internet service,No internet service,No internet service,No internet service,No internet service,No internet service,Month-to-month,No,Electronic check,18.01,756.85,No
C-eeb110c6,Female,0,No,No,35,Yes,Yes,Fiber optic,No,Yes,No,No,No,Yes,Month-to-month,Yes,Electronic check,48.84,1725.4,Yes
C-23e6e673,Female,1,Yes,No,26,Yes,Yes,Fiber optic,No,Yes,Yes,No,Yes,Yes,Month-to-month,Yes,Electronic check,67.22,1715.69,Yes
C-315692b1,Male,0,Yes,No,37,Yes,Yes,No,No internet service,No internet service,No internet service,No internet service,No internet service,No internet service,Month-to-month,Yes,Electronic check,23.65,887.93,No
C-825f8797,Male,0,No,Yes,46,Yes,No,Fiber optic,No,No,No,No,No,No,Month-to-month,Yes,Mailed check,37.9,1787.65,Yes
C-d595e8b1,Male,0,Yes,No,10,Yes,No,DSL,No,Yes,No,Yes,No,Yes,Two year,Yes,Bank transfer (automatic),40.06,387.3,No
C-0e355582,Female,0,No,No,44,Yes,Yes,DSL,No,No,No,No,Yes,Yes,Month-to-month,Yes,Bank transfer (automatic),40.4,1787.68,Yes
C-b13d66ff,Female,0,No,Yes,63,Yes,Yes,DSL,Yes,No internet service,Yes,Yes,Yes,No,Two year,Yes,Mailed check,50.39,3161.02,No
C-93b9bcc1,Male,0,Yes,Yes,49,Yes,No,No,No internet service,No internet service,No internet service,No internet service,No internet service,No internet service,Month-to-month,Yes,Credit card (automatic),19.04,931.36,No
C-5a9706fc,Female,0,Yes,Yes,49,Yes,No,No,No internet service,No internet service,No internet service,No internet service,No internet service,No internet service,Month-to-month,No,Credit card (automatic),18.83,899.3,No
C-137ef661,Female,0,No,No,41,Yes,No,Fiber optic,No,No internet service,No,Yes,No internet service,Yes,One year,Yes,Electronic check,50.66,2042.84,Yes
C-4537e4c8,Female,0,Yes,No,67,Yes,Yes,Fiber optic,No,Yes,No internet service,Yes,No internet service,No,One year,Yes,Credit card (automatic),47.63,3183.61,No
C-8eb31934,Female,0,Yes,No,29,Yes,No,No,No internet service,No internet service,No internet service,No internet service,No internet service,No internet service,Month-to-month,Yes,Bank transfer (automatic),19.89,577.98,Yes
C-2b36cc20,Female,0,No,Yes,56,Yes,Yes,DSL,No,Yes,Yes,No,No,No,Month-to-month,No,Credit card (automatic),40.37,2254.02,No
C-b8e70ca2,Female,0,No,Yes,2,Yes,Yes,DSL,Yes,Yes,Yes,Yes,No,Yes,Month-to-month,No,Credit card (automatic),54.05,87.55,Yes
C-01725e8d,Female,0,Yes,Yes,31,No,No phone service,DSL,No,Yes,No,Yes,No,Yes,Two year,Yes,Mailed check,38.84,1213.58,No
C-c89e1d6b,Female,0,No,No,71,Yes,No,Fiber optic,No,Yes,No,No internet service,Yes,No internet service,Month-to-month,No,Mailed check,53.61,3812.26,Yes
C-ad27668e,Female,0,No,Yes,27,Yes,No,Fiber optic,Yes,No internet service,Yes,No,Yes,No,Month-to-month,No,Mailed check,58.23,1522.14,No
C-6b524429,Female,1,Yes,No,41,Yes,No,Fiber optic,No,No,No,Yes,Yes,No,Month-to-month,No,Electronic check,55.29,2252.59,Yes
C-d42448e5,Male,0,Yes,No,63,Yes,No,Fiber optic,No,Yes,No,No,No internet service,No,Two year,Yes,Mailed check,49.68,3152.13,No
C-9612a518,Female,0,No,No,47,Yes,Yes,DSL,No internet service,No,No,No,Yes,Yes,Month-to-month,Yes,Electronic check,39.48,1867.9,No
C-6c35dea6,Female,0,Yes,No,42,Yes,No,Fiber optic,Yes,No,Yes,No,No internet service,No,Two year,No,Electronic check,48.66,2080.11,No
C-2daa2648,Male,0,Yes,No,32,Yes,Yes,Fiber optic,Yes,No,No,Yes,Yes,No,Month-to-month,Yes,Mailed check,54.27,1719.84,Yes
C-8d30ae46,Female,0,Yes,No,29,Yes,No,Fiber optic,Yes,No,No,Yes,No internet service,No,Two year,No,Credit card (automatic),52.54,1485.8,Yes
C-1572d0f9,Male,0,No,No,4,Yes,No,No,No internet service,No internet service,No internet service,No internet service,No internet service,No internet service,Month-to-month,No,Credit card (automatic),21.54,96.16,Yes
C-7eac19b4,Male,0,Yes,Yes,17,Yes,No,DSL,Yes,No internet service,No,No,Yes,No internet service,Two year,Yes,Credit card (automatic),34.93,605.86,No
C-e2c93691,Male,1,Yes,Yes,62,Yes,Yes,DSL,Yes,Yes,No,Yes,No internet service,No internet service,Two year,No,Mailed check,39.86,2492.63,No
C-133cd55e,Male,0,No,No,32,Yes,Yes,No,No internet service,No internet service,No internet service,No internet service,No internet service,No internet service,Two year,Yes,Electronic check,21.52,664.12,No
C-0127a56b,Male,0,Yes,No,8,Yes,Yes,Fiber optic,Yes,No,Yes,No,Yes,No,Two year,Yes,Credit card (automatic),58.31,484.78,No
C-8582f213,Female,1,Yes,Yes,6,Yes,Yes,Fiber optic,Yes,No,Yes,No,No internet service,Yes,Two year,Yes,Mailed check,57.06,360.56,No
C-3dee9227,Male,0,No,No,19,No,No phone service,No,No internet service,No internet service,No internet service,No internet service,No internet service,No internet service,Two year,No,Credit card (automatic),18.0,329.81,No
C-f0e4c6c1,Female,0,Yes,No,18,Yes,No,No,No internet service,No internet service,No internet service,No internet service,No internet service,No internet service,Month-to-month,Yes,Mailed check,27.78,520.54,No
C-f4c8d07e,Female,1,Yes,No,33,Yes,No,Fiber optic,No,Yes,Yes,No,Yes,No,One year,Yes,Electronic check,54.0,1818.81,Yes
C-fc3590b3,Male,0,Yes,No,64,Yes,No phone service,Fiber optic,No internet service,Yes,Yes,No,No,No internet service,Month-to-month,Yes,Electronic check,51.65,3333.64,Yes
C-8dacf70d,Male,0,No,No,22,Yes,Yes,Fiber optic,No,Yes,No,No,Yes,Yes,Month-to-month,Yes,Credit card (automatic),55.14,1213.62,No
C-d438d943,Male,1,No,No,47,Yes,No,DSL,No,Yes,No internet service,Yes,No,Yes,Two year,No,Electronic check,43.95,2034.66,No
C-f5e224d5,Male,0,Yes,Yes,53,Yes,Yes,No,No internet service,No internet service,No internet service,No internet service,No internet service,No internet service,One year,No,Credit card (automatic),22.28,1162.36,No
C-d833ee68,Male,0,Yes,No,16,No,No phone service,No,No internet service,No internet service,No internet service,No internet service,No internet service,No internet service,Two year,Yes,Electronic check,20.83,350.8,No
C-8464e072,Male,0,No,No,1,Yes,No,Fiber optic,Yes,No internet service,Yes,Yes,No,No internet service,Month-to-month,Yes,Mailed check,50.49,54.64,Yes
C-68fe44e1,Male,0,No,No,16,Yes,No,Fiber optic,No,No,No,No,Yes,Yes,Month-to-month,Yes,Electronic check,52.04,795.88,Yes
C-1a7a7b89,Female,0,Yes,No,59,Yes,No phone service,DSL,Yes,Yes,No,No,No internet service,Yes,One year,Yes,Credit card (automatic),31.24,1821.02,No
C-bf44eca1,Female,0,Yes,No,29,Yes,No,No,No internet service,No internet service,No internet service,No internet service,No internet service,No internet service,Month-to-month,Yes,Bank transfer (automatic),18.27,519.52,No
C-6435c8b7,Female,0,Yes,No,63,Yes,No,No,No internet service,No internet service,No internet service,No internet service,No internet service,No internet service,Two year,No,Credit card (automatic),23.75,1492.63,No
C-e3ffd287,Female,0,Yes,No,50,Yes,No,Fiber optic,Yes,No,No,No,Yes,No,One year,No,Electronic check,51.28,2573.89,No
C-57dc5694,Female,0,Yes,Yes,21,No,No phone service,Fiber optic,Yes,Yes,No,No,No,No,Month-to-month,Yes,Bank transfer (automatic),50.75,1066.05,No
C-4a8bc336,Male,0,Yes,No,38,Yes,Yes,DSL,No,Yes,Yes,No internet service,No,No,Month-to-month,Yes,Electronic check,35.73,1359.45,Yes
C-19733c04,Male,0,No,Yes,10,Yes,No,DSL,Yes,Yes,Yes,No,No,Yes,One year,No,Electronic check,42.67,422.09,Yes
C-56ddce58,Female,0,Yes,No,19,No,No phone service,Fiber optic,No,Yes,No,Yes,Yes,No,Two year,No,Electronic check,59.22,1160.76,Yes
C-ae414415,Female,0,No,Yes,41,Yes,No,DSL,No,Yes,No,Yes,No,No,Two year,Yes,Credit card (automatic),34.09,1407.05,No
C-2ab4be25,Female,1,Yes,No,45,Yes,No,Fiber optic,Yes,Yes,Yes,No,No internet service,No,Month-to-month,No,Electronic check,55.58,2498.35,Yes
C-65c7f234,Female,1,No,No,69,No,No phone service,DSL,No,Yes,Yes,No,Yes,Yes,Two year,No,Bank transfer (automatic),43.29,2996.84,No
C-239854be,Female,0,Yes,No,63,Yes,No phone service,Fiber optic,No,Yes,No internet service,No,Yes,Yes,One year,No,Electronic check,54.13,3398.77,No
C-d739a8f0,Male,0,No,No,4,Yes,No,Fiber optic,No internet service,No,No,No,No,Yes,Month-to-month,Yes,Mailed check,45.31,156.28,Yes
C-e9dc9e87,Male,0,No,Yes,8,Yes,Yes,DSL,Yes,No internet service,Yes,No,No,No,Month-to-month,Yes,Credit card (automatic),32.26,231.73,No
C-87668fb1,Female,0,Yes,No,69,Yes,No phone service,No,No internet service,No internet service,No internet service,No internet service,No internet service,No internet service,Two year,No,Bank transfer (automatic),20.31,1426.28,No
C-f8eedd3a,Female,0,Yes,No,63,Yes,Yes,No,No internet service,No internet service,No internet service,No internet service,No internet service,No internet service,Month-to-month,No,Electronic check,20.48,1329.09,Yes
C-5317fcd7,Male,0,No,No,3,Yes,No,Fiber optic,No internet service,Yes,No,No,No,Yes,Two year,No,Mailed check,51.26,153.47,No
C-35ed8dac,Male,0,No,No,72,Yes,No phone service,DSL,No,No,No,Yes,No,No internet service,One year,Yes,Bank transfer (automatic),30.07,2173.94,No
C-a342bd36,Female,0,Yes,No,29,Yes,No,Fiber optic,No internet service,No,Yes,No,No,Yes,Month-to-month,Yes,Mailed check,53.86,1573.66,Yes
C-69846cdc,Male,0,No,No,4,Yes,Yes,Fiber optic,Yes,Yes,No,Yes,Yes,No,Month-to-month,No,Electronic check,58.03,207.38,Yes
C-0d710cf7,Female,0,Yes,No,19,Yes,No,Fiber optic,No,Yes,Yes,Yes,Yes,No,Month-to-month,No,Electronic check,60.93,1179.97,Yes
C-b3ff4ab4,Female,0,No,No,53,Yes,No phone service,No,No internet service,No internet service,No internet service,No internet service,No internet service,No internet service,Month-to-month,Yes,Electronic check,18.86,947.9,Yes
C-c7799762,Female,0,Yes,Yes,66,Yes,Yes,Fiber optic,Yes,Yes,No,Yes,No internet service,No,Two year,No,Electronic check,59.85,3929.4,No
C-904e1c9f,Male,0,Yes,No,33,Yes,No phone service,Fiber optic,No,No,No,No,No,No,One year,No,Electronic check,40.35,1337.16,No
C-8e0bde30,Female,0,No,No,66,No,No phone service,DSL,No,Yes,No,No,Yes,No,Month-to-month,No,Credit card (automatic),33.39,2200.86,No
C-e24ef69c,Male,0,No,No,18,Yes,Yes,Fiber optic,No,No,No,No,No,No,Month-to-month,Yes,Mailed check,38.04,686.56,Yes
C-07c41256,Female,0,No,Yes,10,Yes,No,Fiber optic,Yes,No,Yes,No,No,No,One year,Yes,Mailed check,54.55,552.28,No
C-233ad19d,Female,1,No,No,71,Yes,Yes,DSL,Yes,Yes,No,No,Yes,Yes,Month-to-month,No,Electronic check,48.52,3420.12,Yes
C-5d3e13e7,Male,0,No,No,65,Yes,Yes,Fiber optic,Yes,No,No,No internet service,No,Yes,Month-to-month,Yes,Electronic check,51.02,3288.47,No
C-b6d21d71,Male,1,Yes,No,30,Yes,No,DSL,No,Yes,No,No,Yes,No,Two year,Yes,Electronic check,38.63,1183.55,No
C-bb05425b,Male,0,No,Yes,41,Yes,Yes,Fiber optic,No,No,Yes,Yes,Yes,Yes,One year,No,Electronic check,63.34,2588.73,No
C-fedb93df,Female,0,No,Yes,56,No,No phone service,DSL,No internet service,Yes,Yes,Yes,No internet service,No internet service,Month-to-month,Yes,Electronic check,40.13,2209.89,Yes
C-76230956,Male,1,No,Yes,72,Yes,No,No,No internet service,No internet service,No internet service,No internet service,No internet service,No internet service,Two year,No,Bank transfer (automatic),18.0,1295.37,No
C-ee214fd1,Female,0,Yes,No,59,Yes,Yes,No,No internet service,No internet service,No internet service,No internet service,No internet service,No internet service,Month-to-month,No,Credit card (automatic),22.87,1350.15,No
C-35cc115c,Male,0,No,No,48,Yes,No phone service,No,No internet service,No internet service,No internet service,No internet service,No internet service,No internet service,Month-to-month,No,Mailed check,22.1,1049.45,No
C-28624883,Female,0,Yes,Yes,16,Yes,No,No,No internet service,No internet service,No internet service,No internet service,No internet service,No internet service,One year,Yes,Mailed check,18.0,286.63,No
C-57d1654d,Female,0,Yes,No,0,Yes,No,Fiber optic,No,No,Yes,No,Yes,Yes,Two year,No,Mailed check,55.36,5.51,No
C-f5767b68,Female,0,Yes,No,13,Yes,No,Fiber optic,No,Yes,No,No,No,Yes,Month-to-month,No,Electronic check,49.27,645.42,Yes
C-e008486f,Female,0,Yes,No,61,Yes,No,Fiber optic,No,No internet service,No internet service,Yes,No,Yes,Month-to-month,No,Bank transfer (automatic),52.86,3238.58,No
C-3f13f8dc,Male,0,Yes,No,57,Yes,Yes,DSL,Yes,No,No,No internet service,Yes,No,Month-to-month,Yes,Electronic check,43.85,2496.62,Yes
C-1e794487,Male,0,Yes,No,23,No,No phone service,No,No internet service,No internet service,No internet service,No internet service,No internet service,No internet service,Two year,No,Credit card (automatic),21.94,478.55,No
C-e3a2a121,Female,0,No,Yes,8,Yes,Yes,No,No internet service,No internet service,No internet service,No internet service,No internet service,No internet service,Two year,Yes,Bank transfer (automatic),18.0,119.16,No
C-b2cfe30a,Male,0,Yes,No,2,Yes,No phone service,Fiber optic,No,No,Yes,No,Yes,No,Month-to-month,No,Electronic check,52.2,120.55,Yes
C-08b9a60a,Female,1,No,No,53,Yes,Yes,DSL,Yes,No,Yes,No,No,Yes,Month-to-month,No,Mailed check,47.47,2527.59,No
C-8c500395,Female,0,No,Yes,38,No,No phone service,DSL,Yes,Yes,No,No,No,Yes,Month-to-month,Yes,Credit card (automatic),41.73,1561.3,No
C-2f684a67,Male,0,Yes,Yes,9,Yes,No,DSL,No,No,No,No,No internet service,No,Month-to-month,Yes,Mailed check,19.34,183.1,No
C-4ab6d2e2,Male,0,Yes,No,41,Yes,No,Fiber optic,No,No,Yes,No,No,No,Month-to-month,Yes,Bank transfer (automatic),49.44,2015.31,Yes
C-b7544480,Male,0,Yes,No,72,No,No phone service,No,No internet service,No internet service,No internet service,No internet service,No internet service,No internet service,One year,Yes,Electronic check,21.32,1544.31,No
C-b5823ed7,Female,0,Yes,Yes,31,No,No phone service,No,No internet service,No internet service,No internet service,No internet service,No internet service,No internet service,Two year,Yes,Credit card (automatic),19.09,574.96,No
C-7100265a,Female,0,Yes,No,34,Yes,Yes,Fiber optic,Yes,Yes,No internet service,No,Yes,No,Month-to-month,No,Electronic check,59.26,1997.82,Yes
C-bfa3cc03,Male,0,Yes,Yes,31,Yes,No,DSL,Yes,Yes,No,Yes,No internet service,Yes,Month-to-month,No,Bank transfer (automatic),42.59,1355.92,Yes
C-3414dab0,Female,0,Yes,No,52,Yes,No,DSL,No,No,Yes,No,Yes,Yes,Two year,No,Mailed check,42.64,2235.52,No
C-ed8c3eee,Male,0,Yes,No,26,Yes,No phone service,No,No internet service,No internet service,No internet service,No internet service,No internet service,No internet service,One year,Yes,Mailed check,20.68,523.47,No
C-4a15944c,Male,1,Yes,No,72,Yes,Yes,DSL,No,Yes,No,Yes,No,No,Month-to-month,Yes,Electronic check,35.56,2560.89,No
C-af482989,Female,0,No,No,41,Yes,Yes,Fiber optic,No,No,No,Yes,Yes,No internet service,One year,Yes,Bank transfer (automatic),53.53,2180.46,No
C-a457af74,Male,1,No,No,11,Yes,Yes,No,No internet service,No internet service,No internet service,No internet service,No internet service,No internet service,One year,Yes,Electronic check,18.0,185.59,Yes
C-c20f0f0c,Male,0,No,Yes,40,No,No phone service,DSL,No,Yes,No,No,No,No,Month-to-month,Yes,Electronic check,30.49,1233.8,No
C-97ea165d,Male,0,Yes,No,30,Yes,No,DSL,No,No internet service,No,Yes,No,Yes,Month-to-month,No,Bank transfer (automatic),38.61,1153.93,No
C-1e62e8c5,Male,1,Yes,No,72,Yes,Yes,Fiber optic,No,No,Yes,No,No,No,Two year,Yes,Bank transfer (automatic),42.33,3059.74,No
C-c300f4bd,Female,0,Yes,Yes,9,Yes,Yes,DSL,No,No,No internet service,No,No internet service,Yes,Two year,No,Electronic check,26.93,259.81,No
C-ebde053f,Male,0,Yes,No,62,Yes,Yes,No,No internet service,No internet service,No internet service,No internet service,No internet service,No internet service,One year,Yes,Credit card (automatic),20.84,1293.57,No
C-d610a960,Male,0,No,Yes,9,Yes,Yes,DSL,No,No,No,No,No,No,Month-to-month,Yes,Mailed check,24.95,199.27,No
C-3fb61615,Male,0,Yes,No,9,Yes,Yes,DSL,No,Yes,No,Yes,Yes,No,Month-to-month,Yes,Bank transfer (automatic),35.99,319.23,No
C-804319e2,Male,0,No,No,5,Yes,Yes,Fiber optic,No,Yes,No,No internet service,Yes,Yes,Month-to-month,Yes,Credit card (automatic),60.21,290.8,Yes
C-2be1552d,Male,0,No,Yes,50,Yes,No phone service,Fiber optic,No,No,No internet service,No,No,Yes,Month-to-month,Yes,Electronic check,48.53,2448.97,Yes
C-1aa5d5e2,Male,1,Yes,No,51,Yes,No,Fiber optic,No,No,No,No,No,No,Two year,Yes,Mailed check,41.02,2087.88,No
C-0450d972,Female,1,No,No,47,Yes,No phone service,Fiber optic,No,No internet service,Yes,No,No,No,Month-to-month,Yes,Electronic check,50.17,2352.26,Yes
C-fcdfbf82,Male,0,Yes,No,14,Yes,No phone service,DSL,No,No,No,No,No,No,Month-to-month,Yes,Electronic check,22.72,299.0,No
C-2140031b,Female,0,No,Yes,58,Yes,Yes,No,No internet service,No internet service,No internet service,No internet service,No internet service,No internet service,Month-to-month,Yes,Mailed check,18.0,1030.48,Yes
C-1ef7e02f,Female,0,Yes,Yes,67,Yes,No,DSL,No,Yes,No,Yes,No,Yes,Month-to-month,Yes,Bank transfer (automatic),42.62,2861.27,No
C-cc48d57b,Female,0,No,Yes,62,Yes,Yes,DSL,No,No,No,No,No,No,Month-to-month,Yes,Credit card (automatic),26.23,1624.27,Yes
C-582f3b7c,Female,1,Yes,No,39,Yes,No,DSL,Yes,No,Yes,Yes,Yes,Yes,Month-to-month,Yes,Bank transfer (automatic),50.43,1984.73,No
C-3c5fd5d7,Female,0,Yes,Yes,41,Yes,No,Fiber optic,No,No,No internet service,Yes,Yes,Yes,One year,Yes,Mailed check,57.61,2379.17,No
C-e7d05966,Male,0,Yes,Yes,35,No,No phone service,DSL,No,No,No,No,Yes,Yes,Month-to-month,No,Electronic check,33.22,1154.72,No
C-9cd42c0b,Female,0,No,No,56,Yes,Yes,DSL,No,No,No,No,Yes,Yes,Month-to-month,Yes,Mailed check,37.65,2120.86,No
C-1aa3ab83,Male,0,No,No,62,Yes,No,Fiber optic,No,No,No,Yes,No,No,Month-to-month,Yes,Electronic check,43.51,2719.51,Yes
C-bbde2142,Female,1,No,Yes,16,Yes,No phone service,No,No internet service,No internet service,No internet service,No internet service,No internet service,No internet service,Month-to-month,No,Electronic check,18.0,255.82,No
C-dcacdcb5,Female,1,Yes,No,28,Yes,Yes,Fiber optic,No,No,No,No,No,No internet service,Two year,No,Mailed check,41.29,1122.76,No
C-70a5bef6,Female,0,No,Yes,38,Yes,No,Fiber optic,No internet service,No,No,Yes,No,No,One year,Yes,Electronic check,46.16,1779.8,No
C-ce27f7be,Male,0,No,No,33,Yes,No,DSL,Yes,No internet service,Yes,Yes,Yes,Yes,Month-to-month,Yes,Electronic check,56.13,1865.28,No
C-2588dcc5,Female,0,No,No,41,Yes,No phone service,Fiber optic,Yes,Yes,No,No,Yes,Yes,One year,Yes,Mailed check,59.76,2442.97,No
C-47379a8f,Female,0,Yes,Yes,34,Yes,No,Fiber optic,No,No,No,No internet service,No,No,Two year,No,Electronic check,44.71,1522.56,No
C-d473ea7a,Female,0,No,No,54,Yes,No,Fiber optic,Yes,No,No,Yes,Yes,No,One year,Yes,Mailed check,57.68,3114.91,No
C-09b8ebae,Female,0,Yes,No,70,Yes,Yes,Fiber optic,No,No internet service,No internet service,Yes,No,No,One year,Yes,Credit card (automatic),46.17,3194.97,No
C-a090e0c8,Male,0,No,Yes,32,Yes,Yes,DSL,No,No,No,No,No,Yes,Month-to-month,No,Mailed check,34.85,1091.69,No
C-8fe24b5e,Female,0,No,Yes,47,Yes,No,Fiber optic,No,No,No,No internet service,No,No,One year,Yes,Mailed check,42.76,2002.33,No
C-a91ac35c,Male,0,No,No,5,Yes,No,No,No internet service,No internet service,No internet service,No internet service,No internet service,No internet service,Month-to-month,Yes,Credit card (automatic),18.0,84.76,Yes
C-970873c7,Female,0,Yes,Yes,53,No,No phone service,Fiber optic,No,Yes,Yes,No,No internet service,Yes,Two year,No,Electronic check,54.48,2869.86,No
C-62f0ad61,Male,0,No,Yes,65,Yes,Yes,DSL,No,No,Yes,No,No,No,Two year,Yes,Bank transfer (automatic),29.17,1883.89,No
C-8c41ead8,Male,0,No,No,58,Yes,No,No,No internet service,No internet service,No internet service,No internet service,No internet service,No internet service,Two year,Yes,Electronic check,18.0,1052.0,No
C-85c92a46,Male,0,Yes,No,5,Yes,Yes,Fiber optic,No,Yes,No,No internet service,Yes,Yes,One year,Yes,Mailed check,55.37,303.63,Yes
C-918ce4a4,Male,0,No,No,66,Yes,No phone service,No,No internet service,No internet service,No internet service,No internet service,No internet service,No internet service,Month-to-month,No,Bank transfer (automatic),19.46,1254.27,No
C-cc0bf24e,Female,0,No,No,63,Yes,No phone service,Fiber optic,No,Yes,Yes,No,Yes,No,Month-to-month,Yes,Electronic check,55.19,3458.07,Yes
C-b3044185,Male,0,No,Yes,8,Yes,Yes,Fiber optic,Yes,No,Yes,No,No,No,One year,Yes,Electronic check,46.89,355.83,No
C-1096235f,Male,0,Yes,Yes,34,Yes,No phone service,No,No internet service,No internet service,No internet service,No internet service,No internet service,No internet service,Month-to-month,Yes,Bank transfer (automatic),22.56,792.47,No
C-b2f4b5ef,Female,1,Yes,No,3,Yes,No,Fiber optic,Yes,No,No,Yes,No,Yes,Two year,No,Mailed check,58.37,171.65,Yes
C-7d685c9b,Female,1,Yes,No,49,Yes,Yes,No,No internet service,No internet service,No internet service,No internet service,No internet service,No internet service,Month-to-month,Yes,Bank transfer (automatic),20.51,1004.07,No
C-1dd6b8d7,Male,1,Yes,No,46,Yes,No phone service,DSL,No,No,No,No internet service,No,No,Month-to-month,Yes,Electronic check,20.86,971.76,No
C-a7280f1e,Female,0,No,No,69,Yes,Yes,No,No internet service,No internet service,No internet service,No internet service,No internet service,No internet service,Month-to-month,No,Bank transfer (automatic),22.04,1502.98,No
C-4907b485,Female,0,Yes,No,70,Yes,Yes,Fiber optic,No,Yes,No internet service,No,No internet service,No,Month-to-month,Yes,Electronic check,45.61,3181.76,No
C-6590b06d,Male,0,Yes,Yes,19,Yes,No,Fiber optic,No,No,No,No,No internet service,Yes,Month-to-month,No,Electronic check,41.39,820.87,Yes
C-354bf2a9,Female,0,No,No,38,No,No phone service,No,No internet service,No internet service,No internet service,No internet service,No internet service,No internet service,Month-to-month,No,Bank transfer (automatic),18.0,681.08,Yes
C-cb56db96,Male,0,Yes,No,39,Yes,No,DSL,No,No,No internet service,Yes,No,Yes,Two year,Yes,Bank transfer (automatic),34.1,1366.18,No
C-0b134694,Female,0,Yes,No,34,Yes,No phone service,Fiber optic,No,No,No,Yes,Yes,No,Month-to-month,Yes,Electronic check,48.04,1631.99,No
C-c53cb1ca,Male,0,No,Yes,32,Yes,No phone service,DSL,Yes,No,No,Yes,Yes,Yes,Month-to-month,Yes,Bank transfer (automatic),44.08,1422.0,No
C-9a827814,Male,1,No,No,22,Yes,Yes,Fiber optic,Yes,No,Yes,No,No,No,Month-to-month,No,Electronic check,50.73,1087.52,Yes
C-c58db48f,Female,0,No,No,48,No,No phone service,DSL,No,No,No internet service,Yes,No,Yes,Two year,No,Bank transfer (automatic),39.37,1876.67,No
C-f334c935,Female,0,No,No,15,Yes,No phone service,Fiber optic,No,No,No,No internet service,Yes,No,One year,Yes,Mailed check,42.75,686.37,No
C-63b76fab,Male,0,Yes,No,23,Yes,No,No,No internet service,No internet service,No internet service,No internet service,No internet service,No internet service,Month-to-month,No,Electronic check,18.0,445.25,Yes
C-626dd1bf,Male,0,Yes,No,50,Yes,Yes,DSL,No,Yes,Yes,Yes,Yes,No,Two year,Yes,Electronic check,46.62,2355.13,No
C-47e51140,Male,0,Yes,No,6,Yes,Yes,DSL,No,No,No,No,Yes,No,Month-to-month,No,Mailed check,26.4,203.34,Yes
C-291a2137,Male,0,No,No,16,Yes,No,DSL,No internet service,Yes,No,No,No,No,Two year,No,Mailed check,33.04,529.89,No
C-34c060fb,Female,0,No,No,65,Yes,No,Fiber optic,No,No,No,Yes,No,No,Month-to-month,Yes,Credit card (automatic),44.12,2901.89,No
C-f25ee3ef,Female,0,No,No,3,Yes,Yes,Fiber optic,Yes,No internet service,Yes,No,Yes,No,Two year,Yes,Electronic check,56.6,181.69,Yes
C-8240f3ca,Male,0,Yes,Yes,34,Yes,No,Fiber optic,No,No internet service,No,No,No,Yes,One year,Yes,Credit card (automatic),42.66,1443.5,Yes
C-23102e14,Female,0,Yes,No,34,Yes,Yes,DSL,Yes,Yes,Yes,No internet service,Yes,Yes,Two year,No,Electronic check,51.21,1751.29,No
C-71608044,Female,0,No,No,34,Yes,No phone service,No,No internet service,No internet service,No internet service,No internet service,No internet service,No internet service,Two year,No,Mailed check,22.31,732.69,No
C-09e29c4b,Male,0,Yes,Yes,32,Yes,No,Fiber optic,Yes,No,No,No,No,No,One year,No,Credit card (automatic),43.38,1381.79,Yes
C-702ac2da,Male,1,Yes,No,0,Yes,Yes,No,No internet service,No internet service,No internet service,No internet service,No internet service,No internet service,One year,Yes,Electronic check,19.99,0.0,Yes
C-3da62861,Male,1,Yes,No,34,Yes,Yes,DSL,No,No,Yes,No,No,No,Month-to-month,Yes,Credit card (automatic),34.74,1187.24,Yes
C-5196befe,Male,0,No,Yes,59,Yes,Yes,No,No internet service,No internet service,No internet service,No internet service,No internet service,No internet service,Month-to-month,Yes,Bank transfer (automatic),22.15,1296.51,No
C-652e472a,Female,0,No,No,63,Yes,No,No,No internet service,No internet service,No internet service,No internet service,No internet service,No internet service,Month-to-month,No,Electronic check,18.0,1127.46,No
C-4cb954aa,Female,0,Yes,No,18,Yes,No,DSL,Yes,No,No,No internet service,Yes,No,Two year,No,Bank transfer (automatic),36.74,652.84,No
C-31808846,Male,0,No,No,40,Yes,Yes,DSL,No,No,No,Yes,Yes,Yes,Month-to-month,Yes,Mailed check,43.89,1713.47,No
C-daae1532,Male,0,Yes,No,62,Yes,Yes,DSL,No internet service,No,Yes,No internet service,Yes,Yes,Two year,Yes,Credit card (automatic),42.71,2674.48,No
C-45697b2f,Female,0,No,No,50,Yes,Yes,DSL,Yes,No,No internet service,Yes,Yes,No,Month-to-month,Yes,Mailed check,43.2,2158.16,No
C-0c274fcb,Male,0,No,No,52,Yes,Yes,Fiber optic,No,No,No,No,No,No,Month-to-month,Yes,Mailed check,46.49,2394.88,Yes
C-441c9361,Male,0,No,No,39,Yes,No,DSL,Yes,No,No,No internet service,No,No,One year,Yes,Mailed check,27.82,1110.94,No
C-49fce3ce,Male,0,Yes,No,58,Yes,Yes,No,No internet service,No internet service,No internet service,No internet service,No internet service,No internet service,Month-to-month,Yes,Mailed check,20.41,1158.06,No
C-8b409be7,Male,0,Yes,No,50,Yes,No phone service,No,No internet service,No internet service,No internet service,No internet service,No internet service,No internet service,Month-to-month,No,Credit card (automatic),18.0,879.48,Yes
C-a742d45e,Male,0,Yes,Yes,17,Yes,Yes,No,No internet service,No internet service,No internet service,No internet service,No internet service,No internet service,Month-to-month,Yes,Electronic check,23.71,449.95,No
C-a87eb442,Male,0,Yes,Yes,6,Yes,Yes,DSL,No,No,No,No,Yes,Yes,Month-to-month,Yes,Mailed check,35.33,202.18,No
C-55534974,Male,1,No,No,48,Yes,Yes,Fiber optic,No,Yes,Yes,No,No internet service,No,Month-to-month,Yes,Bank transfer (automatic),49.49,2379.35,Yes
C-b7769813,Female,0,No,No,20,Yes,No,No,No internet service,No internet service,No internet service,No internet service,No internet service,No internet service,Month-to-month,Yes,Mailed check,22.03,419.26,No
C-37d678c7,Female,0,No,No,45,Yes,No phone service,Fiber optic,No,Yes,No,No,Yes,Yes,One year,No,Bank transfer (automatic),56.74,2545.21,No
C-d3bd7ceb,Female,0,No,No,59,Yes,Yes,Fiber optic,No,No,No,No,No,No,Month-to-month,No,Electronic check,42.03,2465.35,Yes
C-52bc803d,Female,0,Yes,Yes,59,Yes,No,DSL,No,Yes,No,No,No,No,One year,Yes,Credit card (automatic),30.04,1818.3,No
C-abe0fd11,Female,0,Yes,Yes,71,Yes,Yes,Fiber optic,No,Yes,No,No,No,No,Two year,No,Mailed check,43.03,3081.54,No
C-60450467,Male,0,No,No,8,Yes,Yes,Fiber optic,Yes,No,No,No,Yes,Yes,Month-to-month,No,Credit card (automatic),54.07,421.83,Yes
C-951bce89,Female,0,No,No,67,Yes,Yes,Fiber optic,No,Yes,No,No,Yes,No,Two year,No,Mailed check,54.37,3662.68,Yes
C-a73f660b,Male,1,Yes,No,30,Yes,Yes,DSL,No,No,Yes,No internet service,No,No,Two year,No,Credit card (automatic),31.9,962.02,No
C-334f83bd,Female,0,No,No,70,Yes,No phone service,Fiber optic,Yes,No,No,Yes,Yes,No,One year,Yes,Credit card (automatic),57.65,4025.93,No
C-22b63742,Female,0,Yes,No,31,Yes,No,No,No internet service,No internet service,No internet service,No internet service,No internet service,No internet service,Month-to-month,No,Electronic check,19.31,548.84,No
C-4e6a5b93,Male,0,Yes,No,62,No,No phone service,DSL,Yes,Yes,No internet service,No internet service,Yes,No,Two year,Yes,Electronic check,41.47,2550.71,No
C-15110ace,Female,0,Yes,No,63,Yes,Yes,Fiber optic,No,No internet service,No internet service,Yes,Yes,No,Month-to-month,Yes,Bank transfer (automatic),49.29,3105.44,No
C-dd7d5945,Female,0,No,No,19,Yes,No,Fiber optic,Yes,Yes,No,Yes,No,Yes,Month-to-month,No,Mailed check,62.55,1186.54,No
C-6a49b552,Female,0,No,Yes,1,Yes,Yes,DSL,No internet service,Yes,No,Yes,Yes,Yes,Month-to-month,Yes,Bank transfer (automatic),45.7,58.55,Yes
C-c2a0eb97,Male,1,Yes,No,65,Yes,Yes,Fiber optic,No internet service,No,No internet service,Yes,Yes,Yes,Two year,No,Electronic check,56.64,3668.51,No
C-ed23f52a,Male,0,Yes,No,34,Yes,No,No,No internet service,No internet service,No internet service,No internet service,No internet service,No internet service,Month-to-month,Yes,Credit card (automatic),18.57,622.7,No
C-74651f27,Female,0,No,No,15,Yes,No,DSL,No,No,No,Yes,No,No,Month-to-month,No,Electronic check,35.54,548.97,Yes
C-ab70cda6,Female,1,No,No,16,No,No phone service,DSL,No,No,No,No,Yes,No,Month-to-month,Yes,Bank transfer (automatic),32.47,513.86,No
C-6162ce4e,Male,1,No,No,3,Yes,Yes,DSL,Yes,No,Yes,No,No,Yes,Month-to-month,No,Bank transfer (automatic),45.39,125.49,Yes
C-b381b2ca,Female,0,Yes,No,8,Yes,Yes,Fiber optic,No,Yes,No,No internet service,No internet service,No,Month-to-month,Yes,Electronic check,44.36,387.27,Yes
C-75d67066,Male,0,Yes,No,45,Yes,No,DSL,No,Yes,No,Yes,No,No,Month-to-month,No,Electronic check,38.79,1758.22,No
C-0d451385,Male,0,Yes,No,26,Yes,Yes,Fiber optic,No,No,No internet service,No,Yes,No,Month-to-month,No,Electronic check,51.87,1350.8,Yes
C-587d8623,Female,1,Yes,No,50,Yes,No,No,No internet service,No internet service,No internet service,No internet service,No internet service,No internet service,Two year,No,Mailed check,25.6,1261.6,No
C-01a19a57,Female,1,Yes,No,19,Yes,No,Fiber optic,Yes,Yes,Yes,Yes,Yes,Yes,Month-to-month,No,Electronic check,71.08,1336.14,Yes
C-1aaa37eb,Male,0,No,No,10,Yes,No phone service,DSL,No,No,No,No,No,No,Two year,Yes,Bank transfer (automatic),32.42,308.73,No
C-d8bb9b96,Male,0,No,Yes,48,No,No phone service,Fiber optic,No,No,No,Yes,No,No,Two year,Yes,Mailed check,40.26,1923.86,No
C-0ede9154,Female,0,Yes,No,72,Yes,No,DSL,No,No,Yes,No,No,No,Two year,Yes,Bank transfer (automatic),30.9,2202.12,No
C-c0daaac4,Female,1,Yes,No,38,Yes,No,No,No internet service,No internet service,No internet service,No internet service,No internet service,No internet service,Month-to-month,Yes,Electronic check,24.43,947.3,Yes
C-0e00476b,Female,0,Yes,No,12,Yes,Yes,DSL,No,No,Yes,No,Yes,Yes,One year,Yes,Credit card (automatic),41.34,478.32,No
C-2fc75d30,Female,0,No,No,39,Yes,Yes,No,No internet service,No internet service,No internet service,No internet service,No internet service,No internet service,One year,Yes,Mailed check,20.95,804.15,No
C-30175583,Male,0,Yes,No,33,Yes,Yes,DSL,Yes,No,No,No internet service,No,No,Month-to-month,No,Bank transfer (automatic),30.38,997.62,Yes
C-bed57280,Female,0,Yes,Yes,16,Yes,No,DSL,No,Yes,No,Yes,No,Yes,One year,Yes,Credit card (automatic),41.54,686.33,No
C-a7d57be5,Male,0,Yes,No,70,No,No phone service,DSL,No,No,Yes,Yes,No internet service,No,One year,No,Electronic check,36.28,2556.45,No
C-9c18eef4,Male,0,No,No,13,Yes,Yes,No,No internet service,No internet service,No internet service,No internet service,No internet service,No internet service,Month-to-month,Yes,Electronic check,18.0,216.13,No
C-5f44ec1d,Male,0,No,No,60,Yes,No,Fiber optic,Yes,No,No,Yes,Yes,No,One year,Yes,Credit card (automatic),57.53,3444.06,No
C-8e5a068d,Male,0,Yes,No,6,Yes,No phone service,No,No internet service,No internet service,No internet service,No internet service,No internet service,No internet service,Month-to-month,Yes,Bank transfer (automatic),20.4,162.41,No
C-73b548ca,Male,0,Yes,No,27,Yes,No,Fiber optic,Yes,Yes,No,No,No,No,Month-to-month,Yes,Mailed check,54.0,1474.77,No
C-1f2049a2,Male,0,No,Yes,15,Yes,No,Fiber optic,Yes,No,No,No,Yes,No,Two year,Yes,Mailed check,50.15,770.38,No
C-0483142b,Female,0,Yes,Yes,63,Yes,No phone service,DSL,No,No,No,No internet service,No,Yes,Month-to-month,No,Credit card (automatic),33.18,2073.61,No
C-9e2efc97,Female,0,No,Yes,38,Yes,No,Fiber optic,No,No internet service,No,No,No,No,One year,Yes,Mailed check,40.91,1565.12,No
C-8e340dae,Female,0,No,Yes,22,Yes,Yes,DSL,Yes,No internet service,No internet service,Yes,No,No internet service,One year,Yes,Electronic check,35.34,795.15,No
C-831d02bc,Male,0,Yes,No,30,No,No phone service,DSL,Yes,No,No internet service,No,No internet service,Yes,Month-to-month,No,Bank transfer (automatic),37.67,1122.21,No
C-f76c7a04,Male,0,Yes,No,38,Yes,No,No,No internet service,No internet service,No internet service,No internet service,No internet service,No internet service,Two year,Yes,Mailed check,18.0,655.16,No
C-ea2f0802,Female,1,Yes,No,56,No,No phone service,Fiber optic,Yes,No,No,No,Yes,No,Month-to-month,No,Mailed check,56.03,3149.59,No
C-92c32116,Female,0,Yes,No,22,Yes,Yes,Fiber optic,No,No internet service,Yes,Yes,Yes,Yes,Two year,Yes,Electronic check,66.89,1486.04,No
C-ca8c7a0f,Male,0,No,Yes,5,Yes,No,Fiber optic,No internet service,No internet service,No,No,No,Yes,Two year,Yes,Credit card (automatic),44.61,218.28,Yes
C-2f8cf867,Male,0,Yes,No,50,Yes,No,No,No internet service,No internet service,No internet service,No internet service,No internet service,No internet service,Two year,No,Mailed check,19.63,988.0,No
C-3c825acf,Male,0,Yes,No,12,Yes,Yes,DSL,No,Yes,Yes,Yes,No,Yes,Two year,Yes,Electronic check,44.09,515.96,No
C-18d30604,Female,0,No,No,45,Yes,Yes,DSL,Yes,No,Yes,No internet service,No,No internet service,Two year,No,Mailed check,34.71,1563.53,No
C-70bca979,Female,0,No,No,26,No,No phone service,Fiber optic,Yes,Yes,No,Yes,No,No,Two year,No,Credit card (automatic),58.43,1561.59,No
C-5dd7cc81,Female,0,Yes,Yes,34,Yes,Yes,No,No internet service,No internet service,No internet service,No internet service,No internet service,No internet service,Month-to-month,Yes,Bank transfer (automatic),20.21,707.58,No
C-4c4443ca,Male,0,No,Yes,59,Yes,No phone service,DSL,No,No,No internet service,No,Yes,No,Month-to-month,Yes,Bank transfer (automatic),33.08,1931.28,No
C-99feadb5,Female,0,Yes,No,35,Yes,Yes,DSL,No,Yes,Yes,No,No,No,Month-to-month,Yes,Credit card (automatic),38.25,1387.97,No
C-3447c57c,Male,0,Yes,Yes,17,Yes,No,Fiber optic,Yes,Yes,No,No,Yes,No,Month-to-month,No,Electronic check,55.12,957.61,Yes
C-3265899f,Male,1,Yes,No,6,No,No phone service,Fiber optic,No,No,No,No,No,No,Two year,No,Credit card (automatic),39.96,251.04,No
C-ed55d814,Female,0,No,No,61,Yes,No phone service,Fiber optic,No,No,No,No,No,No,Month-to-month,No,Bank transfer (automatic),42.13,2546.33,No
C-a4deae5b,Male,0,Yes,No,71,Yes,No,Fiber optic,No,No,No,Yes,No internet service,No internet service,Month-to-month,Yes,Mailed check,45.96,3262.17,Yes
C-d8c8279e,Male,0,Yes,Yes,7,Yes,No,Fiber optic,No,No,No,No,No,No,Two year,Yes,Mailed check,36.9,235.42,Yes
C-02d5e205,Male,1,Yes,Yes,23,Yes,No,DSL,No,No,No,Yes,Yes,No,Month-to-month,Yes,Credit card (automatic),35.04,788.68,No
C-71fc3820,Female,1,No,Yes,6,Yes,Yes,No,No internet service,No internet service,No internet service,No internet service,No internet service,No internet service,Month-to-month,No,Electronic check,18.51,84.43,Yes
C-fee5df90,Male,0,Yes,No,66,Yes,Yes,Fiber optic,No,Yes,No internet service,No internet service,No,No,Month-to-month,No,Bank transfer (automatic),46.92,3070.64,Yes
C-a3c01789,Female,0,No,No,18,Yes,Yes,DSL,Yes,No,No,Yes,No,No internet service,Month-to-month,Yes,Credit card (automatic),32.3,599.7,No
C-54a0cf9e,Female,0,No,No,46,Yes,No,DSL,No,Yes,No,Yes,No,No internet service,Month-to-month,No,Electronic check,31.26,1441.62,No
C-1c206bf8,Male,0,No,Yes,68,Yes,No,No,No internet service,No internet service,No internet service,No internet service,No internet service,No internet service,Two year,Yes,Mailed check,19.99,1370.94,No
C-36b46696,Male,0,No,No,25,Yes,Yes,DSL,Yes,No,No internet service,No,Yes,No,Two year,No,Mailed check,37.96,942.61,No
C-8913b912,Male,0,No,Yes,54,Yes,No,DSL,Yes,No,Yes,No internet service,No,No,Two year,Yes,Bank transfer (automatic),36.87,1996.53,No
C-b92c5adf,Male,0,No,No,68,Yes,No,DSL,No,No internet service,No,No,No,No,Month-to-month,Yes,Electronic check,20.95,1422.57,Yes
C-64670ac6,Female,0,Yes,No,27,Yes,No phone service,No,No internet service,No internet service,No internet service,No internet service,No internet service,No internet service,Month-to-month,Yes,Mailed check,18.0,504.02,No
C-c6b1eb14,Male,0,Yes,Yes,47,Yes,No,DSL,Yes,Yes,No,No,No,Yes,Month-to-month,Yes,Mailed check,40.55,1892.43,Yes
C-74b32fd0,Female,1,Yes,No,5,No,No phone service,Fiber optic,Yes,Yes,No,No,No,No,Month-to-month,Yes,Credit card (automatic),47.39,238.96,Yes
C-23f7e380,Male,0,No,No,7,Yes,Yes,DSL,No,No,No,Yes,No internet service,No,Month-to-month,Yes,Electronic check,30.98,262.06,No
C-4763fdbf,Female,0,Yes,No,26,No,No phone service,Fiber optic,Yes,No,No,No,No internet service,No,Month-to-month,No,Mailed check,45.24,1140.84,No
C-a4335918,Male,0,Yes,Yes,25,Yes,No,Fiber optic,No,No,Yes,Yes,Yes,Yes,Month-to-month,No,Electronic check,64.73,1634.94,Yes
C-c6712f6e,Male,0,Yes,No,45,Yes,Yes,Fiber optic,No,Yes,No internet service,No,No,No,One year,No,Electronic check,41.3,1869.55,No
C-e9b8f8bf,Male,0,Yes,Yes,32,Yes,No,DSL,No,Yes,No internet service,Yes,No,Yes,Two year,No,Electronic check,41.36,1316.78,No
C-728cdaf1,Male,0,Yes,Yes,22,Yes,Yes,No,No internet service,No internet service,No internet service,No internet service,No internet service,No internet service,Month-to-month,Yes,Mailed check,18.0,410.45,No
C-e3a8759d,Male,0,No,No,12,Yes,No,DSL,No,No,No,Yes,Yes,No,Month-to-month,No,Credit card (automatic),38.77,457.92,No
C-32e072a3,Female,0,No,No,52,No,No phone service,DSL,No,No,No,Yes,No,Yes,Month-to-month,No,Electronic check,36.28,1848.77,No
C-e21dc8a6,Female,0,Yes,No,60,Yes,No phone service,No,No internet service,No internet service,No internet service,No internet service,No internet service,No internet service,Two year,No,Mailed check,24.17,1452.21,No
C-412abbf1,Female,1,Yes,No,19,Yes,No,DSL,No internet service,No,No,No,No internet service,No,Month-to-month,Yes,Electronic check,27.68,529.66,Yes
C-02065cfd,Male,1,No,No,33,No,No phone service,Fiber optic,No,No,No,Yes,Yes,No,Two year,Yes,Electronic check,48.57,1594.96,No
C-44991b26,Female,0,Yes,Yes,45,Yes,Yes,DSL,No,No internet service,Yes,No,No,No,One year,No,Credit card (automatic),24.09,1084.05,No
C-d26aa348,Male,0,No,No,10,Yes,No,No,No internet service,No internet service,No internet service,No internet service,No internet service,No internet service,Month-to-month,No,Electronic check,22.62,252.12,Yes
C-390b7176,Female,0,No,No,11,Yes,No,DSL,Yes,No,No,No,No,Yes,One year,Yes,Bank transfer (automatic),38.09,397.63,Yes
C-a0fe98e5,Female,0,No,Yes,50,Yes,Yes,DSL,Yes,No,No,No,No,Yes,Two year,No,Mailed check,36.52,1851.34,No
C-512d36f8,Female,0,Yes,No,16,Yes,Yes,No,No internet service,No internet service,No internet service,No internet service,No internet service,No internet service,Month-to-month,No,Electronic check,19.48,277.88,No
C-c2a9dcb8,Female,0,No,Yes,10,Yes,Yes,DSL,No,Yes,No internet service,No,No,Yes,Two year,Yes,Mailed check,41.19,437.66,No
C-a4fbc339,Female,0,No,No,29,Yes,No,DSL,No,No internet service,Yes,Yes,Yes,Yes,Two year,Yes,Mailed check,48.11,1378.79,No
C-8cea845a,Male,0,Yes,No,21,Yes,Yes,Fiber optic,No,No,No,Yes,No,Yes,Month-to-month,No,Electronic check,52.09,1074.35,Yes
C-fe25c63f,Female,0,Yes,Yes,24,Yes,Yes,DSL,No,Yes,No,No,Yes,No,One year,No,Credit card (automatic),37.66,881.02,No
C-732a4923,Male,0,No,No,19,No,No phone service,No,No internet service,No internet service,No internet service,No internet service,No internet service,No internet service,One year,Yes,Electronic check,18.0,375.84,Yes
C-919232e9,Female,1,No,No,49,Yes,Yes,No,No internet service,No internet service,No internet service,No internet service,No internet service,No internet service,Month-to-month,No,Electronic check,20.43,1043.56,Yes
C-c229cfe2,Female,0,Yes,No,56,Yes,Yes,Fiber optic,Yes,Yes,No,No,No,Yes,Month-to-month,Yes,Bank transfer (automatic),57.38,3236.49,Yes
C-babf3a0b,Female,0,No,No,29,Yes,No,DSL,No internet service,No,No,Yes,No,Yes,Two year,Yes,Bank transfer (automatic),31.9,945.33,No
C-a32ed63b,Male,0,Yes,Yes,32,No,No phone service,No,No internet service,No internet service,No internet service,No internet service,No internet service,No internet service,One year,Yes,Electronic check,18.0,557.3,No
C-9ccab16c,Male,0,Yes,No,61,Yes,No,DSL,No,No,No,No,Yes,No,Two year,No,Mailed check,28.96,1775.68,No
C-ddb2fffd,Female,0,No,Yes,4,Yes,Yes,Fiber optic,No,No internet service,No,No,No internet service,Yes,One year,No,Electronic check,44.28,163.49,No
C-52406b7e,Female,0,No,Yes,71,No,No phone service,No,No internet service,No internet service,No internet service,No internet service,No internet service,No internet service,Month-to-month,Yes,Mailed check,19.95,1399.16,No
C-2f7566b4,Male,0,No,No,40,Yes,Yes,Fiber optic,No,Yes,No,No,No,Yes,Month-to-month,No,Electronic check,48.54,1941.45,Yes
C-fab185e1,Female,0,Yes,No,17,Yes,Yes,DSL,No,No internet service,No,No,Yes,Yes,Month-to-month,Yes,Bank transfer (automatic),35.96,595.48,No
C-c8c85d5f,Male,0,Yes,No,10,Yes,No,Fiber optic,No,No,No,No,No internet service,Yes,Two year,Yes,Credit card (automatic),48.06,490.4,No
C-016a1cee,Female,0,Yes,No,36,Yes,Yes,Fiber optic,No,Yes,No,No,No,Yes,Two year,No,Bank transfer (automatic),52.82,1905.18,No
C-7e6dff6b,Female,0,Yes,No,66,Yes,No,DSL,No,No,No,Yes,No,No,One year,Yes,Bank transfer (automatic),31.22,2046.64,No
C-4c8e1e91,Male,0,Yes,No,10,Yes,No phone service,DSL,No,No internet service,No,No,No,No internet service,One year,Yes,Mailed check,27.71,275.44,No
C-04ff3437,Male,0,Yes,No,27,Yes,Yes,DSL,No internet service,No,Yes,Yes,Yes,No,Month-to-month,No,Electronic check,40.19,1073.11,Yes
C-4929c75f,Male,0,No,No,39,Yes,No,Fiber optic,No,Yes,Yes,No,No,No,Two year,Yes,Electronic check,48.9,1909.63,Yes
C-4c10df34,Male,0,Yes,No,58,Yes,Yes,Fiber optic,Yes,No,No,No internet service,Yes,Yes,Month-to-month,Yes,Bank transfer (automatic),58.94,3412.26,No
C-7aa70e7f,Female,0,No,No,34,No,No phone service,Fiber optic,Yes,No,Yes,No,No,No internet service,Month-to-month,Yes,Credit card (automatic),52.92,1778.93,Yes
C-21f3af02,Male,0,Yes,No,72,Yes,No,Fiber optic,No internet service,No,No,No,No,No,Month-to-month,No,Mailed check,38.08,2754.12,Yes
C-4b094c52,Female,0,No,No,60,Yes,Yes,DSL,Yes,Yes,No,No internet service,Yes,No,Two year,Yes,Credit card (automatic),41.91,2487.78,No
C-778adbd5,Male,0,Yes,No,28,Yes,No,DSL,Yes,No,No,No,No,Yes,Two year,Yes,Credit card (automatic),37.15,1035.77,No
C-b3be5fb0,Female,0,Yes,Yes,66,Yes,No,DSL,Yes,No,Yes,No internet service,Yes,Yes,One year,Yes,Bank transfer (automatic),49.5,3304.96,No
C-b2beb6d8,Male,0,Yes,Yes,51,Yes,Yes,No,No internet service,No internet service,No internet service,No internet service,No internet service,No internet service,Month-to-month,No,Mailed check,18.64,931.39,Yes
C-0e592151,Female,0,Yes,No,3,Yes,No,No,No internet service,No internet service,No internet service,No internet service,No internet service,No internet service,Month-to-month,No,Electronic check,19.21,47.23,Yes
C-335eac6d,Male,0,Yes,No,52,Yes,No,Fiber optic,No,Yes,No,No,No,No internet service,Two year,Yes,Electronic check,40.27,2126.12,No
C-d691a82f,Male,0,Yes,Yes,13,Yes,No,DSL,No,Yes,No internet service,Yes,No internet service,No,Month-to-month,Yes,Bank transfer (automatic),36.43,441.71,Yes
C-305edb85,Male,0,Yes,No,34,Yes,Yes,DSL,No,Yes,No,Yes,Yes,Yes,Month-to-month,Yes,Electronic check,47.04,1617.75,Yes
C-2b62a4a9,Male,1,Yes,Yes,5,Yes,Yes,Fiber optic,No internet service,No internet service,Yes,No,No,No,Month-to-month,No,Bank transfer (automatic),46.04,262.48,Yes
C-66eab16d,Male,0,Yes,Yes,46,Yes,No phone service,DSL,No,No,No,No internet service,Yes,Yes,Month-to-month,Yes,Credit card (automatic),38.38,1739.0,No
C-f3d4f4d0,Female,0,Yes,No,43,Yes,No,No,No internet service,No internet service,No internet service,No internet service,No internet service,No internet service,Month-to-month,No,Credit card (automatic),18.0,780.57,No
C-b56a49dc,Female,0,Yes,No,20,Yes,No phone service,DSL,No,No,No,Yes,Yes,Yes,Month-to-month,No,Bank transfer (automatic),39.86,815.78,No
C-6ad93b79,Male,0,No,Yes,19,Yes,No,No,No internet service,No internet service,No internet service,No internet service,No internet service,No internet service,One year,Yes,Bank transfer (automatic),18.0,362.57,Yes
C-a25a2e49,Male,0,No,No,48,Yes,Yes,DSL,No internet service,Yes,No,No,No,No,Month-to-month,Yes,Credit card (automatic),29.42,1431.02,No
C-a1d175dc,Female,0,Yes,No,36,Yes,No,DSL,No,No,No internet service,No,No,No,Month-to-month,Yes,Credit card (automatic),28.75,1069.6,No
C-141a2ae3,Female,0,No,No,28,Yes,No,Fiber optic,Yes,No,No internet service,Yes,Yes,No internet service,Two year,No,Bank transfer (automatic),59.53,1663.45,No
C-d4e90177,Female,0,Yes,No,27,Yes,No phone service,DSL,Yes,No,No,Yes,Yes,Yes,Two year,No,Bank transfer (automatic),52.59,1405.46,No
C-23c27b06,Male,0,Yes,No,14,Yes,No,DSL,Yes,No,Yes,Yes,Yes,Yes,Two year,No,Mailed check,53.96,752.0,No
C-fe05a1b2,Female,0,Yes,No,53,Yes,Yes,Fiber optic,No,No,Yes,No internet service,Yes,No,Month-to-month,No,Credit card (automatic),51.03,2697.57,Yes
C-9467bbe8,Male,0,No,Yes,48,Yes,Yes,No,No internet service,No internet service,No internet service,No internet service,No internet service,No internet service,Two year,No,Mailed check,22.96,1128.99,No
C-1bda8e44,Male,0,No,No,36,Yes,No,DSL,No,Yes,No,Yes,No,No,Two year,Yes,Credit card (automatic),30.21,1116.17,No
C-aad512e1,Female,0,No,No,20,Yes,No phone service,DSL,Yes,No,No,No,No,No,Month-to-month,Yes,Mailed check,37.53,776.55,Yes
C-e71b6a81,Male,0,No,Yes,30,Yes,No,DSL,Yes,Yes,No,No,Yes,No internet service,Two year,Yes,Electronic check,42.75,1264.5,No
C-3611f1c1,Male,0,No,Yes,3,Yes,No phone service,No,No internet service,No internet service,No internet service,No internet service,No internet service,No internet service,Two year,Yes,Electronic check,18.8,40.34,Yes
C-f0cc2897,Female,0,No,Yes,43,Yes,No,No,No internet service,No internet service,No internet service,No internet service,No internet service,No internet service,One year,Yes,Electronic check,18.0,789.27,No
C-6949495d,Male,0,No,Yes,56,Yes,Yes,Fiber optic,No,Yes,No,No,No,No,Month-to-month,No,Mailed check,47.43,2615.3,No
C-d5c99255,Male,0,No,No,26,Yes,No,No,No internet service,No internet service,No internet service,No internet service,No internet service,No internet service,Month-to-month,No,Electronic check,18.0,461.09,No
C-7921a7b7,Female,0,No,No,32,Yes,No,No,No internet service,No internet service,No internet service,No internet service,No internet service,No internet service,One year,No,Credit card (automatic),18.83,641.26,No
C-b2bd0a29,Male,0,No,No,27,Yes,No phone service,Fiber optic,No,No,No,No,No,Yes,Month-to-month,No,Electronic check,40.38,1056.73,Yes
C-ff834969,Male,0,No,No,21,Yes,Yes,DSL,No,Yes,Yes,No,Yes,No,Month-to-month,Yes,Bank transfer (automatic),38.95,825.17,Yes
C-6738adf0,Male,0,No,No,57,Yes,No,Fiber optic,No internet service,Yes,No,Yes,Yes,Yes,Two year,Yes,Bank transfer (automatic),60.6,3449.98,No
C-c6c51d1e,Female,0,Yes,Yes,59,Yes,Yes,DSL,No,No,No,No,No internet service,Yes,Month-to-month,No,Electronic check,29.64,1726.37,Yes
C-eb24f53f,Female,1,Yes,No,16,Yes,Yes,Fiber optic,No,No,No,No,Yes,No,One year,Yes,Electronic check,47.07,699.07,No
C-0456fc27,Male,1,Yes,No,25,Yes,Yes,DSL,Yes,No,Yes,No internet service,No,No,Two year,No,Credit card (automatic),36.08,912.63,No
C-cef0a623,Male,0,Yes,No,72,No,No phone service,DSL,No,No,Yes,Yes,Yes,No,Month-to-month,Yes,Mailed check,44.21,3167.8,No
C-90302836,Male,0,No,Yes,14,Yes,No,No,No internet service,No internet service,No internet service,No internet service,No internet service,No internet service,Two year,No,Mailed check,19.24,247.46,No
C-f60dca3f,Male,0,Yes,Yes,36,Yes,Yes,DSL,No,No,No,No,Yes,No,One year,No,Mailed check,26.33,930.56,No
C-f2e21b43,Male,0,No,Yes,49,Yes,No,Fiber optic,Yes,No,No,No,Yes,Yes,One year,No,Electronic check,53.61,2611.18,No
C-5664e4cb,Female,1,No,Yes,57,No,No phone service,Fiber optic,No,No,No,No internet service,No internet service,Yes,Month-to-month,No,Mailed check,51.17,2941.9,No
C-bef0a216,Male,0,Yes,No,51,No,No phone service,No,No internet service,No internet service,No internet service,No internet service,No internet service,No internet service,Two year,Yes,Credit card (automatic),18.0,908.62,No
C-a5ddfd36,Female,0,No,No,7,Yes,Yes,No,No internet service,No internet service,No internet service,No internet service,No internet service,No internet service,Two year,No,Bank transfer (automatic),18.0,141.68,No
C-7429e68b,Female,1,No,No,30,Yes,No phone service,No,No internet service,No internet service,No internet service,No internet service,No internet service,No internet service,One year,Yes,Bank transfer (automatic),22.67,663.83,No
C-5b6c8157,Male,0,No,No,19,Yes,Yes,Fiber optic,Yes,No,Yes,No,No,No,One year,No,Credit card (automatic),51.08,981.31,No
C-0b13d4a5,Female,0,No,Yes,4,No,No phone service,Fiber optic,No,No,No,Yes,No,No internet service,Month-to-month,No,Bank transfer (automatic),50.41,221.54,Yes
C-79c704f0,Female,0,No,No,61,Yes,Yes,DSL,No internet service,Yes,No,No,Yes,No,One year,Yes,Electronic check,39.01,2365.92,No
C-fff21d36,Male,0,No,No,12,Yes,No phone service,Fiber optic,No,Yes,No,No,Yes,Yes,Month-to-month,No,Mailed check,55.8,650.63,Yes
C-0c371b83,Male,0,No,Yes,18,Yes,No,Fiber optic,No,No,No,No,No,No,Month-to-month,Yes,Electronic check,44.78,793.8,Yes
C-b10da3da,Female,0,Yes,Yes,69,Yes,Yes,DSL,No,Yes,No,Yes,No internet service,Yes,Two year,No,Mailed check,44.26,3081.08,No
C-09223525,Male,0,Yes,No,60,Yes,No,DSL,No,No,No internet service,Yes,No internet service,Yes,Month-to-month,No,Credit card (automatic),37.7,2266.65,No
C-21b2a7dc,Female,0,No,No,59,Yes,No phone service,Fiber optic,Yes,Yes,Yes,Yes,Yes,No internet service,Two year,Yes,Mailed check,64.9,3832.46,No
C-8e0255ce,Female,1,Yes,No,42,Yes,Yes,No,No internet service,No internet service,No internet service,No internet service,No internet service,No internet service,Month-to-month,Yes,Bank transfer (automatic),22.38,929.39,No
C-4c9f4d4b,Female,0,No,No,14,Yes,Yes,DSL,Yes,No,Yes,No,Yes,Yes,Two year,Yes,Electronic check,45.5,619.89,No
C-2ce1e90d,Male,0,Yes,No,24,Yes,Yes,Fiber optic,Yes,Yes,No,No,Yes,No,Month-to-month,Yes,Credit card (automatic),61.39,1442.61,Yes
C-325c0296,Male,0,Yes,Yes,64,Yes,Yes,Fiber optic,No internet service,No,No,No,No,No,Month-to-month,Yes,Electronic check,39.51,2581.97,Yes
C-0f118d73,Female,0,Yes,No,26,Yes,Yes,No,No internet service,No internet service,No internet service,No internet service,No internet service,No internet service,Two year,No,Electronic check,20.63,490.62,No
C-0f3d7ddc,Male,0,Yes,No,30,Yes,Yes,DSL,Yes,No,Yes,Yes,No internet service,No internet service,Two year,Yes,Electronic check,38.06,1134.98,No
C-33884784,Male,1,Yes,Yes,19,Yes,Yes,Fiber optic,No,No internet service,No,Yes,Yes,No,Month-to-month,Yes,Bank transfer (automatic),55.87,1075.08,No
C-d809b492,Female,0,No,Yes,37,Yes,No phone service,DSL,No,Yes,No,No,No,No,Two year,Yes,Credit card (automatic),29.63,1065.29,No
C-93c9a1a6,Female,0,No,No,72,Yes,Yes,No,No internet service,No internet service,No internet service,No internet service,No internet service,No internet service,Month-to-month,No,Electronic check,18.58,1317.08,No
C-d04faa6a,Male,0,No,No,55,Yes,No,No,No internet service,No internet service,No internet service,No internet service,No internet service,No internet service,Month-to-month,No,Bank transfer (automatic),18.0,1003.73,Yes
C-6d56ce98,Male,0,Yes,Yes,51,Yes,Yes,Fiber optic,No,Yes,Yes,Yes,No,Yes,One year,Yes,Electronic check,57.64,2939.3,No
C-5bf8afde,Male,0,No,No,8,Yes,Yes,No,No internet service,No internet service,No internet service,No internet service,No internet service,No internet service,Month-to-month,Yes,Bank transfer (automatic),22.81,187.8,No
C-c2fd179e,Female,0,Yes,Yes,29,Yes,Yes,DSL,No internet service,No,Yes,No,Yes,Yes,Month-to-month,Yes,Mailed check,47.69,1365.36,No
C-4899993c,Female,0,Yes,No,68,Yes,No,Fiber optic,No,Yes,No,No,No internet service,Yes,Month-to-month,No,Electronic check,51.86,3551.6,Yes
C-ac0c2779,Female,0,Yes,Yes,49,Yes,Yes,DSL,No,Yes,No,Yes,Yes,Yes,Two year,Yes,Electronic check,45.23,2218.55,No
C-6f8531a6,Female,0,No,Yes,59,Yes,No phone service,No,No internet service,No internet service,No internet service,No internet service,No internet service,No internet service,Month-to-month,Yes,Mailed check,22.34,1291.98,No
C-5b82d0cc,Female,0,No,No,24,Yes,No,DSL,No,No,No,No,No,No,Month-to-month,No,Electronic check,24.5,611.9,No
C-10851292,Male,0,No,Yes,26,Yes,No,Fiber optic,No,No,No,No,Yes,Yes,One year,Yes,Electronic check,53.24,1422.04,Yes
C-3f901946,Male,0,Yes,No,19,Yes,Yes,No,No internet service,No internet service,No internet service,No internet service,No internet service,No internet service,One year,No,Credit card (automatic),28.69,536.41,No
C-fa1b5447,Female,0,Yes,No,66,Yes,No phone service,DSL,No,No,No,Yes,No internet service,No,Month-to-month,No,Electronic check,30.16,1960.39,No
C-ddcacd78,Female,0,Yes,No,40,No,No phone service,DSL,No,Yes,No internet service,No,No,No,Month-to-month,Yes,Bank transfer (automatic),32.61,1306.91,No
C-51cb55d9,Male,0,Yes,Yes,9,Yes,Yes,DSL,No internet service,Yes,No,Yes,No,No,Month-to-month,Yes,Bank transfer (automatic),40.52,301.87,Yes
C-743cb860,Female,0,No,No,43,Yes,Yes,DSL,No,Yes,Yes,No,No,No,Month-to-month,Yes,Bank transfer (automatic),40.28,1732.92,No
C-b687d119,Female,0,No,No,55,Yes,Yes,Fiber optic,No internet service,Yes,Yes,No,Yes,No internet service,One year,Yes,Electronic check,57.23,3156.9,No
C-2f17dd30,Male,0,Yes,Yes,7,Yes,Yes,DSL,Yes,No,Yes,No internet service,No internet service,Yes,One year,Yes,Electronic check,41.98,317.83,No
C-7b669fb7,Female,0,Yes,Yes,35,Yes,No phone service,Fiber optic,Yes,Yes,No,No,Yes,No,Month-to-month,No,Bank transfer (automatic),54.95,1897.5,No
C-081cb441,Male,0,No,No,58,Yes,Yes,No,No internet service,No internet service,No internet service,No internet service,No internet service,No internet service,Two year,Yes,Credit card (automatic),23.83,1402.63,No
C-892fb4fd,Female,0,Yes,No,40,Yes,No,DSL,Yes,No,No,No,No,Yes,One year,No,Electronic check,36.83,1502.48,No
C-fac36429,Female,0,No,Yes,51,Yes,Yes,DSL,No internet service,No,No,Yes,No internet service,No,Month-to-month,Yes,Electronic check,31.14,1594.57,No
C-69fd026d,Female,1,No,Yes,16,No,No phone service,Fiber optic,Yes,Yes,No,Yes,No internet service,No,Two year,No,Mailed check,55.97,888.24,No
C-36bbea7e,Female,1,No,No,45,Yes,No,No,No internet service,No internet service,No internet service,No internet service,No internet service,No internet service,Month-to-month,Yes,Credit card (automatic),21.38,955.75,No
C-d73bbeef,Male,0,No,Yes,62,Yes,No,DSL,No,No,No internet service,No,Yes,No internet service,Month-to-month,Yes,Bank transfer (automatic),31.87,1955.55,No
C-5826b69a,Male,0,Yes,No,59,Yes,No,DSL,No,No,Yes,No,Yes,Yes,Month-to-month,No,Bank transfer (automatic),38.09,2256.51,No
C-140ae25c,Male,0,Yes,Yes,13,Yes,No,Fiber optic,Yes,Yes,No,No internet service,No,Yes,Month-to-month,Yes,Mailed check,55.99,727.83,No
C-8a1620e2,Female,0,Yes,No,50,Yes,Yes,DSL,Yes,No,No,Yes,No internet service,Yes,Month-to-month,No,Electronic check,41.08,2068.34,No
C-df4c575c,Male,0,No,No,7,Yes,No,Fiber optic,Yes,Yes,No,Yes,No,Yes,Two year,No,Credit card (automatic),64.3,439.45,No
C-e7e79f77,Female,1,No,No,47,Yes,No phone service,No,No internet service,No internet service,No internet service,No internet service,No internet service,No internet service,One year,No,Electronic check,20.01,883.55,No
C-72e53d4a,Female,0,Yes,No,14,Yes,No phone service,DSL,Yes,No,No internet service,No,No,Yes,Two year,Yes,Electronic check,34.77,466.68,No
C-b096658b,Male,0,Yes,No,62,Yes,No,Fiber optic,No internet service,No,No,No,No,No,Month-to-month,Yes,Bank transfer (automatic),41.11,2534.71,No
C-eeedd29d,Female,0,Yes,No,46,Yes,No,Fiber optic,No,Yes,No,Yes,No,No,Month-to-month,Yes,Electronic check,46.98,2186.61,Yes
C-41011bc4,Female,0,Yes,No,4,Yes,No,No,No internet service,No internet service,No internet service,No internet service,No internet service,No internet service,Month-to-month,Yes,Bank transfer (automatic),18.0,40.37,Yes
C-e66a0a66,Female,0,Yes,No,16,Yes,No,Fiber optic,Yes,No,Yes,Yes,No,Yes,Month-to-month,No,Mailed check,64.72,1063.72,Yes
C-be2a4992,Female,1,No,No,15,Yes,No phone service,DSL,No,Yes,Yes,Yes,No,Yes,One year,No,Electronic check,46.87,724.58,No
C-8e5c3208,Male,0,Yes,No,19,No,No phone service,DSL,No,Yes,No,Yes,No,No,Month-to-month,No,Mailed check,37.3,670.62,No
C-8cd03312,Female,0,No,No,72,Yes,Yes,DSL,No,No,No internet service,No,No,No internet service,Month-to-month,Yes,Mailed check,23.55,1719.04,No
C-ee7799d8,Male,0,No,Yes,68,Yes,No,DSL,No internet service,Yes,No,No,Yes,Yes,Two year,Yes,Electronic check,42.58,2856.25,No
C-6428e021,Female,0,No,No,20,Yes,No phone service,DSL,No,No,No,Yes,No internet service,No,One year,Yes,Electronic check,28.89,566.44,No
C-47045528,Female,1,No,No,50,Yes,Yes,Fiber optic,Yes,No internet service,Yes,Yes,No,Yes,Month-to-month,Yes,Electronic check,60.92,3052.35,Yes
C-bdd3bead,Male,1,No,No,26,No,No phone service,Fiber optic,Yes,Yes,No,No,No,Yes,One year,Yes,Electronic check,59.36,1574.29,Yes
C-9c0812af,Male,0,No,No,38,Yes,No phone service,Fiber optic,No,Yes,No,No,No internet service,No,Two year,No,Electronic check,44.04,1667.81,No
C-d3c8fffb,Male,1,No,Yes,62,Yes,Yes,DSL,No,No,No,Yes,No,Yes,One year,Yes,Credit card (automatic),35.04,2185.94,No
C-f8dc7e2c,Male,0,Yes,No,36,Yes,Yes,No,No internet service,No internet service,No internet service,No internet service,No internet service,No internet service,Two year,No,Bank transfer (automatic),18.0,642.24,No
C-fb7660da,Female,0,No,No,0,Yes,Yes,No,No internet service,No internet service,No internet service,No internet service,No internet service,No internet service,Month-to-month,Yes,Mailed check,20.92,40.21,Yes
C-303db494,Female,0,Yes,No,36,Yes,No,DSL,No,Yes,No,No,No,No,One year,Yes,Bank transfer (automatic),29.58,1076.43,No
C-da0e125f,Male,1,No,No,3,Yes,No,Fiber optic,No,Yes,No,No internet service,Yes,No,Month-to-month,Yes,Mailed check,51.82,161.06,Yes
C-f3c4e1cb,Male,0,No,Yes,49,Yes,Yes,Fiber optic,No,No internet service,No,No,No internet service,No internet service,Two year,Yes,Credit card (automatic),42.37,2079.73,No
C-f016b1fe,Male,1,Yes,No,8,Yes,Yes,No,No internet service,No internet service,No internet service,No internet service,No internet service,No internet service,One year,No,Mailed check,22.63,175.96,No
C-61875c3f,Male,0,No,Yes,69,Yes,No phone service,Fiber optic,No,Yes,Yes,No,No,No internet service,One year,Yes,Electronic check,50.73,3484.77,No
C-d0954469,Male,0,Yes,No,51,Yes,Yes,DSL,Yes,Yes,Yes,No,No,No,Month-to-month,No,Credit card (automatic),38.87,1963.45,Yes
C-2c1546c1,Male,1,Yes,Yes,23,Yes,No,No,No internet service,No internet service,No internet service,No internet service,No internet service,No internet service,One year,Yes,Electronic check,18.0,389.6,No
C-f95efc22,Female,0,Yes,No,5,Yes,No,Fiber optic,No internet service,Yes,No internet service,No,Yes,No,Two year,Yes,Electronic check,48.42,201.24,No
C-46d007e1,Male,0,No,No,3,Yes,No,Fiber optic,Yes,No,No,No,No,No internet service,Month-to-month,No,Electronic check,42.95,135.64,Yes
C-489a969c,Female,0,Yes,No,55,Yes,No phone service,DSL,Yes,No,No,Yes,No,No,Month-to-month,No,Bank transfer (automatic),35.91,1961.0,No
C-c71607ca,Female,1,Yes,No,32,Yes,Yes,DSL,No,No,No,No,Yes,No internet service,Two year,No,Electronic check,34.25,1126.85,No
C-a1767956,Male,1,No,Yes,51,Yes,No,DSL,Yes,No,No,No,No,No,Month-to-month,No,Bank transfer (automatic),31.41,1578.72,No
C-59bfb39f,Male,0,Yes,Yes,70,Yes,No phone service,No,No internet service,No internet service,No internet service,No internet service,No internet service,No internet service,One year,Yes,Credit card (automatic),18.0,1266.91,No
C-9fed2be7,Male,0,Yes,No,34,Yes,No,Fiber optic,Yes,No,No internet service,No,No,No,Two year,No,Mailed check,49.83,1702.52,No
C-e69ead8c,Male,0,No,No,67,Yes,Yes,DSL,Yes,No,No,No,No,Yes,One year,Yes,Electronic check,34.75,2345.07,No
C-d26531e3,Male,0,No,No,2,Yes,No,No,No internet service,No internet service,No internet service,No internet service,No internet service,No internet service,Month-to-month,Yes,Mailed check,21.86,43.69,Yes
C-f090ec51,Female,0,No,No,9,No,No phone service,DSL,No internet service,No,Yes,No internet service,Yes,No,Month-to-month,Yes,Credit card (automatic),40.25,332.5,Yes
C-11a127a3,Female,1,Yes,Yes,46,Yes,No,DSL,No,No,Yes,No internet service,No,No,Month-to-month,No,Mailed check,30.99,1418.01,No
C-68158c62,Female,0,Yes,No,37,Yes,Yes,DSL,No internet service,No,Yes,Yes,No,Yes,Two year,Yes,Bank transfer (automatic),42.07,1547.5,No
C-1cf70b37,Male,0,No,No,32,Yes,No,No,No internet service,No internet service,No internet service,No internet service,No internet service,No internet service,Month-to-month,Yes,Mailed check,18.0,599.75,Yes
C-507e11f3,Female,0,No,No,22,Yes,Yes,No,No internet service,No internet service,No internet service,No internet service,No internet service,No internet service,Two year,Yes,Mailed check,18.0,343.16,No
C-6888ae8c,Female,0,Yes,No,57,Yes,No phone service,No,No internet service,No internet service,No internet service,No internet service,No internet service,No internet service,Month-to-month,Yes,Electronic check,18.0,1070.69,Yes
C-fbc13ffe,Female,0,No,No,11,Yes,No,DSL,No internet service,No,No,No,Yes,Yes,Month-to-month,No,Credit card (automatic),35.87,393.67,No
C-e14ed8da,Male,0,Yes,No,0,Yes,No,No,No internet service,No internet service,No internet service,No internet service,No internet service,No internet service,Month-to-month,Yes,Mailed check,22.34,16.45,Yes
C-f180bbf9,Female,0,Yes,No,46,Yes,No,No,No internet service,No internet service,No internet service,No internet service,No internet service,No internet service,Month-to-month,Yes,Electronic check,18.0,803.26,Yes
C-83bfba52,Female,0,Yes,No,58,Yes,No phone service,No,No internet service,No internet service,No internet service,No internet service,No internet service,No internet service,Month-to-month,No,Electronic check,19.16,1109.29,No
C-874d4654,Female,1,Yes,No,1,Yes,No phone service,DSL,No,No,No internet service,Yes,No,Yes,One year,Yes,Credit card (automatic),29.9,23.45,No
C-7263022a,Male,0,Yes,Yes,22,Yes,No phone service,Fiber optic,Yes,Yes,No internet service,Yes,Yes,No internet service,Month-to-month,No,Mailed check,61.38,1362.63,No
C-dabb5b28,Female,0,Yes,No,17,Yes,No,No,No internet service,No internet service,No internet service,No internet service,No internet service,No internet service,Month-to-month,Yes,Mailed check,19.23,343.51,No
C-d6a452e3,Female,0,No,No,19,No,No phone service,DSL,No,No,No,Yes,Yes,No,Two year,Yes,Bank transfer (automatic),31.96,595.78,Yes
C-fcdcedc4,Female,0,Yes,No,13,Yes,Yes,Fiber optic,Yes,No,No,Yes,No,Yes,Two year,No,Bank transfer (automatic),50.12,660.35,No
C-073bac2c,Female,0,Yes,No,25,Yes,Yes,Fiber optic,No internet service,No,Yes,No,No,Yes,Month-to-month,Yes,Bank transfer (automatic),54.17,1335.09,Yes
C-bba0e7f0,Male,0,No,Yes,13,Yes,Yes,Fiber optic,No,No internet service,Yes,No internet service,No,Yes,Month-to-month,Yes,Electronic check,55.29,726.26,Yes
C-3cb86521,Female,0,Yes,No,0,Yes,No,Fiber optic,Yes,Yes,No,No internet service,No,No,Month-to-month,Yes,Credit card (automatic),50.2,0.0,Yes
C-e1e6f19a,Male,0,Yes,No,58,Yes,No phone service,Fiber optic,Yes,No,Yes,No,No internet service,Yes,Month-to-month,No,Credit card (automatic),55.76,3262.67,Yes
C-81fbfa68,Male,0,No,Yes,51,Yes,No,Fiber optic,No,No internet service,Yes,No,No,Yes,Month-to-month,No,Mailed check,52.12,2673.59,No
C-d4a4c715,Male,0,No,No,55,Yes,Yes,Fiber optic,No,No,No,Yes,Yes,No,Two year,Yes,Credit card (automatic),48.43,2681.12,No
C-5464488e,Female,0,Yes,No,69,Yes,Yes,Fiber optic,No,Yes,No,No,No,Yes,Month-to-month,Yes,Mailed check,56.28,3881.91,Yes
C-cbff403e,Female,1,Yes,Yes,29,No,No phone service,DSL,No,Yes,Yes,Yes,Yes,Yes,Month-to-month,Yes,Electronic check,51.22,1463.64,No
C-ab607d13,Female,0,Yes,No,18,Yes,No,Fiber optic,No,No,No,No,No,No,Two year,Yes,Bank transfer (automatic),41.05,721.0,No
C-f3027fcb,Male,1,No,No,39,Yes,No,Fiber optic,No,No,No,No internet service,Yes,Yes,One year,No,Bank transfer (automatic),51.32,1964.21,No
C-6d3e0078,Male,0,Yes,No,70,Yes,Yes,Fiber optic,No,Yes,Yes,No,No internet service,No,Month-to-month,Yes,Mailed check,59.16,4153.18,Yes
C-96ea5de7,Female,0,Yes,Yes,46,Yes,Yes,Fiber optic,No,No,No,No,Yes,Yes,Month-to-month,No,Credit card (automatic),51.44,2390.49,No
C-a94e0432,Female,0,Yes,Yes,16,Yes,No,Fiber optic,No,No internet service,No,No,No,No,Month-to-month,Yes,Bank transfer (automatic),38.89,643.18,Yes
C-ba01a96e,Male,0,No,Yes,3,Yes,No,No,No internet service,No internet service,No internet service,No internet service,No internet service,No internet service,One year,No,Electronic check,23.81,67.03,No
C-c64f733d,Female,0,No,No,18,Yes,No,No,No internet service,No internet service,No internet service,No internet service,No internet service,No internet service,Month-to-month,No,Electronic check,18.54,325.88,Yes
C-daf7b167,Male,0,No,Yes,62,Yes,No phone service,Fiber optic,Yes,No,No,No,No,No,Month-to-month,Yes,Credit card (automatic),44.0,2708.76,Yes
C-6f7c8ee6,Female,0,No,No,37,Yes,No phone service,DSL,Yes,No,No,No,No,No,Month-to-month,Yes,Credit card (automatic),31.51,1150.61,No
C-93a290d7,Female,1,Yes,No,8,Yes,No,DSL,No,No,Yes,No,No,No,Month-to-month,No,Mailed check,35.21,306.24,No
C-46ee547c,Male,0,No,No,64,Yes,Yes,No,No internet service,No internet service,No internet service,No internet service,No internet service,No internet service,Month-to-month,No,Credit card (automatic),24.6,1584.14,No
C-d93c8a3b,Male,0,No,No,43,Yes,No,DSL,No,No,No,Yes,No,No,Two year,No,Electronic check,34.53,1506.96,No
C-c704f92c,Female,0,Yes,No,57,Yes,Yes,No,No internet service,No internet service,No internet service,No internet service,No internet service,No internet service,Month-to-month,No,Mailed check,20.69,1172.85,Yes
C-401259e3,Male,0,No,No,71,Yes,Yes,Fiber optic,Yes,Yes,No,No,No,Yes,Two year,No,Credit card (automatic),61.01,4326.28,No
C-e6910130,Male,0,No,No,69,Yes,Yes,No,No internet service,No internet service,No internet service,No internet service,No internet service,No internet service,Two year,No,Electronic check,18.0,1268.03,No
C-a0ca0004,Female,1,Yes,No,40,Yes,No,No,No internet service,No internet service,No internet service,No internet service,No internet service,No internet service,Month-to-month,Yes,Bank transfer (automatic),18.0,721.33,No
C-9331b2b2,Male,0,Yes,No,55,Yes,Yes,Fiber optic,Yes,No,No internet service,No internet service,No,Yes,One year,Yes,Mailed check,54.24,2992.76,No
C-e44102ac,Female,1,Yes,No,68,Yes,No,Fiber optic,No,Yes,Yes,No,Yes,Yes,Month-to-month,No,Bank transfer (automatic),61.62,4201.68,Yes
C-16e8f54b,Male,1,Yes,No,28,Yes,Yes,DSL,Yes,No,No,Yes,Yes,No internet service,Two year,Yes,Mailed check,51.1,1409.38,No
C-b4a2e42f,Male,0,Yes,No,0,Yes,Yes,DSL,Yes,No,No,No,No,Yes,Month-to-month,Yes,Credit card (automatic),37.15,0.0,Yes
C-04292405,Female,0,No,Yes,68,No,No phone service,Fiber optic,No,Yes,No,Yes,Yes,No,Two year,Yes,Electronic check,64.18,4354.77,No
C-d6844319,Male,0,No,Yes,55,Yes,No phone service,No,No internet service,No internet service,No internet service,No internet service,No internet service,No internet service,Two year,No,Credit card (automatic),19.92,1114.39,No
C-0b889992,Female,1,No,No,47,Yes,No,DSL,No,Yes,Yes,No,No,No,Month-to-month,No,Mailed check,33.15,1542.03,No
C-a8676f5e,Female,0,No,Yes,68,Yes,No,No,No internet service,No internet service,No internet service,No internet service,No internet service,No internet service,Month-to-month,No,Bank transfer (automatic),25.89,1754.8,No
C-b82f3797,Female,0,Yes,Yes,5,Yes,Yes,DSL,No internet service,Yes,No,Yes,No,Yes,Month-to-month,Yes,Electronic check,40.53,218.17,Yes
C-dcd18f2c,Female,0,Yes,No,1,Yes,No,DSL,No,No,Yes,Yes,No,Yes,Month-to-month,No,Bank transfer (automatic),38.38,63.38,Yes
C-4ebb2c94,Male,0,Yes,Yes,16,Yes,Yes,Fiber optic,Yes,No,Yes,No,Yes,Yes,One year,No,Electronic check,64.91,1029.37,No
C-eb8d0446,Female,0,Yes,No,57,Yes,Yes,DSL,Yes,No internet service,Yes,No,Yes,Yes,Month-to-month,Yes,Electronic check,50.52,2894.31,No
C-95383887,Female,0,No,Yes,58,Yes,No phone service,No,No internet service,No internet service,No internet service,No internet service,No internet service,No internet service,One year,Yes,Electronic check,22.29,1326.87,No
C-94db04f0,Male,0,No,No,60,Yes,No phone service,Fiber optic,No,Yes,No,No,No,Yes,Month-to-month,Yes,Electronic check,54.61,3253.39,No
C-e3b61df6,Female,0,No,No,16,Yes,Yes,No,No internet service,No internet service,No internet service,No internet service,No internet service,No internet service,One year,Yes,Credit card (automatic),18.74,289.6,No
C-2345523b,Female,0,No,No,71,No,No phone service,No,No internet service,No internet service,No internet service,No internet service,No internet service,No internet service,Month-to-month,Yes,Bank transfer (automatic),19.42,1382.13,No
C-7cc53a72,Female,1,Yes,No,28,Yes,Yes,Fiber optic,No,No internet service,Yes,No,Yes,No,Two year,Yes,Bank transfer (automatic),50.37,1432.19,No
C-d126981c,Female,0,Yes,No,69,No,No phone service,No,No internet service,No internet service,No internet service,No internet service,No internet service,No internet service,One year,Yes,Electronic check,20.72,1411.76,No
C-32c4b4e6,Male,0,No,Yes,62,Yes,No,DSL,No,No,Yes,Yes,No,No,Month-to-month,No,Bank transfer (automatic),29.98,1868.61,Yes
C-2de3a1b2,Male,0,Yes,No,56,Yes,No,Fiber optic,No,Yes,Yes,No,Yes,No,Month-to-month,No,Electronic check,59.86,3370.47,Yes
C-c0b55da0,Male,0,Yes,No,14,No,No phone service,DSL,No,No,No internet service,No,No internet service,No,One year,Yes,Electronic check,20.46,280.03,Yes
C-de0a1418,Male,0,Yes,Yes,16,Yes,No,Fiber optic,No,No,Yes,Yes,Yes,Yes,Month-to-month,Yes,Mailed check,62.65,1009.79,Yes
C-6f18de0a,Female,0,Yes,No,15,Yes,No,Fiber optic,Yes,Yes,Yes,No,No internet service,No,Two year,Yes,Electronic check,48.95,779.85,No
C-e7b97b89,Male,1,No,Yes,53,No,No phone service,DSL,No,No,No,Yes,No,No,Month-to-month,Yes,Bank transfer (automatic),32.53,1735.75,Yes
C-ad368ff9,Male,0,No,Yes,11,Yes,Yes,Fiber optic,Yes,No,No,No,No,No,One year,Yes,Electronic check,44.13,467.74,No
C-9d1ce7ca,Female,0,No,No,50,Yes,Yes,No,No internet service,No internet service,No internet service,No internet service,No internet service,No internet service,Month-to-month,Yes,Electronic check,20.73,1008.97,No
C-a48c5d04,Female,0,No,Yes,51,Yes,No phone service,DSL,No internet service,Yes,No,No internet service,No internet service,No,Month-to-month,Yes,Electronic check,30.93,1607.95,No
C-6c7d725b,Female,1,No,Yes,33,Yes,No,Fiber optic,Yes,No,No,No,No,Yes,One year,Yes,Electronic check,53.06,1747.69,No
C-b17257e9,Female,0,Yes,No,58,Yes,No phone service,Fiber optic,No,No internet service,Yes,No,No,No,Month-to-month,No,Electronic check,43.14,2509.49,Yes
C-25346f4d,Male,1,No,No,53,Yes,No phone service,DSL,No,Yes,No,No,No,No,Month-to-month,No,Credit card (automatic),25.08,1347.21,No
C-25855616,Female,0,No,No,1,Yes,Yes,No,No internet service,No internet service,No internet service,No internet service,No internet service,No internet service,Month-to-month,Yes,Credit card (automatic),22.1,53.08,No
C-2230fca3,Male,0,Yes,Yes,64,Yes,No,Fiber optic,No,No,No internet service,Yes,No,No,Month-to-month,Yes,Credit card (automatic),46.61,2989.51,No
C-b30077a0,Female,0,Yes,No,8,Yes,Yes,Fiber optic,No,Yes,Yes,Yes,Yes,No,Month-to-month,Yes,Bank transfer (automatic),60.52,481.54,Yes
C-bda499a0,Male,0,No,Yes,62,Yes,Yes,DSL,No,No,No,No,No,No,One year,No,Mailed check,21.94,1334.84,No
C-41b2086b,Female,0,No,No,45,Yes,No phone service,DSL,No,No,Yes,Yes,Yes,No,Month-to-month,No,Credit card (automatic),45.63,2031.57,Yes
C-52264010,Female,0,No,Yes,3,Yes,No,No,No internet service,No internet service,No internet service,No internet service,No internet service,No internet service,Month-to-month,Yes,Bank transfer (automatic),20.3,89.48,Yes
C-ae74eebf,Male,1,No,No,27,Yes,No,Fiber optic,Yes,No,Yes,No,Yes,Yes,One year,Yes,Electronic check,62.97,1680.55,No
C-efc979ae,Female,0,Yes,No,3,Yes,Yes,Fiber optic,No,Yes,No,No,No,No internet service,One year,Yes,Mailed check,43.49,143.36,Yes
C-828ffee5,Male,1,Yes,No,2,Yes,No,No,No internet service,No internet service,No internet service,No internet service,No internet service,No internet service,Two year,No,Electronic check,21.62,2.02,Yes
C-30c6b6ad,Female,0,Yes,No,32,Yes,Yes,Fiber optic,Yes,Yes,No,Yes,No,No,Month-to-month,No,Electronic check,51.86,1662.16,Yes
C-87ee061c,Female,0,Yes,No,31,Yes,Yes,No,No internet service,No internet service,No internet service,No internet service,No internet service,No internet service,Month-to-month,Yes,Credit card (automatic),19.61,615.57,No
C-76bd75d8,Female,1,No,Yes,7,No,No phone service,DSL,No,No internet service,No,Yes,Yes,Yes,Month-to-month,No,Electronic check,44.66,316.76,Yes
C-1233f279,Male,0,Yes,No,2,Yes,Yes,No,No internet service,No internet service,No internet service,No internet service,No internet service,No internet service,Month-to-month,No,Electronic check,25.84,77.56,Yes
C-1bfc7970,Female,0,No,Yes,29,Yes,Yes,No,No internet service,No internet service,No internet service,No internet service,No internet service,No internet service,Month-to-month,Yes,Electronic check,24.95,758.23,No
C-f426756e,Female,0,No,No,16,Yes,Yes,Fiber optic,No,No,Yes,Yes,Yes,Yes,Two year,Yes,Electronic check,60.57,946.2,No
C-86cb2db6,Male,0,Yes,No,19,Yes,No,Fiber optic,No,Yes,No,No,No,No,One year,No,Bank transfer (automatic),47.54,928.99,No
C-3e4225d6,Female,1,Yes,Yes,66,Yes,Yes,DSL,No,No internet service,No internet service,No internet service,No,No,Two year,Yes,Credit card (automatic),21.94,1425.9,No
C-55dc693f,Female,0,No,Yes,26,Yes,No,Fiber optic,No internet service,No,No,No,Yes,Yes,Two year,Yes,Bank transfer (automatic),53.12,1403.08,No
C-9e8b2bb6,Male,1,No,No,32,No,No phone service,DSL,No internet service,No,No,No,No,Yes,Month-to-month,Yes,Mailed check,28.78,903.77,No
C-5da4fe73,Female,1,No,No,39,Yes,No,No,No internet service,No internet service,No internet service,No internet service,No internet service,No internet service,Month-to-month,No,Electronic check,22.7,910.65,No
C-915f1d91,Male,0,Yes,Yes,62,Yes,Yes,DSL,No,No,No,Yes,Yes,No,Month-to-month,Yes,Mailed check,40.45,2481.91,No
C-97162099,Female,0,No,No,66,Yes,No phone service,Fiber optic,No,No,No,No,No,No internet service,Month-to-month,No,Bank transfer (automatic),41.24,2710.85,No
C-13d3684f,Male,0,No,No,51,Yes,No,DSL,No,No,No,No,Yes,Yes,Month-to-month,No,Credit card (automatic),34.95,1748.81,Yes
C-01fc4c6c,Male,0,No,Yes,64,Yes,Yes,Fiber optic,No,No,No,Yes,No,No,One year,Yes,Electronic check,45.19,2893.83,Yes
C-b2cfec8a,Male,0,No,Yes,41,Yes,Yes,No,No internet service,No internet service,No internet service,No internet service,No internet service,No internet service,Two year,Yes,Mailed check,20.11,823.53,No
C-89cc9934,Female,1,No,No,56,Yes,No phone service,DSL,Yes,No,Yes,No,Yes,No internet service,Two year,Yes,Credit card (automatic),38.7,2155.24,No
C-3f434b28,Male,0,No,No,1,Yes,No phone service,No,No internet service,No internet service,No internet service,No internet service,No internet service,No internet service,Two year,Yes,Mailed check,18.0,21.2,No
C-e2c983b5,Female,0,Yes,No,42,Yes,No,DSL,No,Yes,Yes,Yes,Yes,No,One year,No,Mailed check,41.15,1777.63,No
C-46f82c9b,Male,0,No,No,55,No,No phone service,Fiber optic,No,Yes,Yes,No,No,Yes,Month-to-month,Yes,Electronic check,52.94,2904.42,Yes
C-6ea00ef9,Male,0,No,No,37,No,No phone service,Fiber optic,No,No,No,No,No,Yes,Month-to-month,Yes,Bank transfer (automatic),46.33,1686.82,Yes
C-974e1cbe,Female,0,No,No,9,Yes,No phone service,No,No internet service,No internet service,No internet service,No internet service,No internet service,No internet service,Month-to-month,No,Electronic check,18.0,199.29,Yes
C-d89134a3,Male,0,No,No,6,Yes,Yes,DSL,No,No,No,No,No,No,Month-to-month,Yes,Electronic check,22.87,134.71,Yes
C-7b128d09,Male,0,No,No,53,Yes,No,Fiber optic,No,No,Yes,Yes,No,Yes,One year,No,Electronic check,54.83,2922.79,No
C-0c20e639,Male,0,Yes,Yes,10,Yes,No phone service,Fiber optic,No,Yes,No,No internet service,No,Yes,One year,Yes,Electronic check,50.77,504.98,No
C-a8a137b5,Female,0,No,No,40,No,No phone service,DSL,No,No,No,No,No,No,Two year,Yes,Bank transfer (automatic),25.11,1001.52,No
C-15ddeed8,Female,0,No,No,21,Yes,No,DSL,No,No,No,No,No,No,One year,Yes,Electronic check,25.61,546.62,No
C-54f4639e,Male,0,No,No,12,Yes,Yes,DSL,No,No,No,Yes,No,Yes,Month-to-month,Yes,Credit card (automatic),38.41,515.1,No
C-91676e80,Female,0,No,No,45,Yes,Yes,No,No internet service,No internet service,No internet service,No internet service,No internet service,No internet service,Month-to-month,Yes,Bank transfer (automatic),19.06,859.46,Yes
C-01eb45b9,Female,0,Yes,No,21,Yes,No,DSL,No,Yes,No,No,No,No internet service,Two year,No,Electronic check,34.86,717.71,No
C-c51075ec,Female,0,No,No,30,No,No phone service,No,No internet service,No internet service,No internet service,No internet service,No internet service,No internet service,Month-to-month,No,Electronic check,18.0,526.83,Yes
C-2ea94d57,Male,0,Yes,No,3,Yes,No,Fiber optic,No,No,No,Yes,No,Yes,Month-to-month,No,Mailed check,49.37,164.0,Yes
C-4a0256d8,Male,0,No,No,18,Yes,Yes,Fiber optic,No,No,No,No internet service,No,No,One year,Yes,Electronic check,39.23,708.23,No
C-c275688d,Female,0,No,No,64,Yes,Yes,No,No internet service,No internet service,No internet service,No internet service,No internet service,No internet service,Month-to-month,Yes,Electronic check,18.63,1191.13,Yes
C-65fe99fb,Male,0,No,No,28,No,No phone service,No,No internet service,No internet service,No internet service,No internet service,No internet service,No internet service,Month-to-month,Yes,Credit card (automatic),18.67,540.23,No
C-23ebe2dd,Male,0,No,No,7,Yes,No phone service,DSL,No internet service,Yes,Yes,No,No internet service,No,Two year,No,Bank transfer (automatic),37.56,267.46,No
C-06546363,Female,0,Yes,No,63,Yes,Yes,DSL,No,No,Yes,Yes,Yes,No,One year,Yes,Electronic check,38.66,2438.84,No
C-c59d128a,Male,0,No,Yes,64,Yes,Yes,No,No internet service,No internet service,No internet service,No internet service,No internet service,No internet service,Month-to-month,No,Mailed check,21.1,1355.84,No
C-6eea1a08,Male,0,No,No,67,Yes,Yes,Fiber optic,No internet service,No,No,No,No,No,Month-to-month,No,Credit card (automatic),39.88,2658.53,No
C-6bbfbd86,Female,0,Yes,No,17,Yes,No,Fiber optic,Yes,Yes,No,No,No internet service,No,Two year,No,Mailed check,50.75,850.55,No
C-ce3731e7,Male,0,No,No,53,Yes,No phone service,Fiber optic,Yes,No,No,No,No internet service,Yes,Month-to-month,No,Bank transfer (automatic),52.09,2768.27,Yes
C-5fe8140a,Female,0,Yes,Yes,19,Yes,Yes,DSL,No,No internet service,No,No,No,No,One year,Yes,Mailed check,30.41,571.25,No
C-909e18b7,Male,0,No,Yes,55,Yes,No,Fiber optic,No,No,No,No,Yes,Yes,One year,Yes,Mailed check,54.57,3022.83,No
C-ea4ee8e5,Female,0,Yes,No,54,Yes,Yes,DSL,No,No,Yes,Yes,No,Yes,Month-to-month,No,Credit card (automatic),39.5,2122.18,No
C-7df4d0a6,Male,0,Yes,Yes,15,Yes,Yes,Fiber optic,No,Yes,No,Yes,No,Yes,Month-to-month,No,Mailed check,55.96,851.39,No
C-81c4fab2,Male,0,Yes,Yes,0,Yes,No,No,No internet service,No internet service,No internet service,No internet service,No internet service,No internet service,Month-to-month,No,Bank transfer (automatic),18.14,0.0,Yes
C-21b905b4,Male,1,No,No,18,Yes,No phone service,DSL,No,Yes,Yes,No internet service,Yes,No,Month-to-month,Yes,Credit card (automatic),36.79,676.76,No
C-ed257f88,Male,0,No,Yes,5,Yes,Yes,DSL,No,No,Yes,No internet service,No,No internet service,Month-to-month,Yes,Bank transfer (automatic),30.95,127.06,Yes
C-44853d19,Female,0,Yes,Yes,13,Yes,Yes,No,No internet service,No internet service,No internet service,No internet service,No internet service,No internet service,One year,No,Mailed check,18.0,242.59,No
C-057e1efa,Female,0,Yes,No,58,Yes,No,DSL,No,No,No,No,No,No,Two year,Yes,Bank transfer (automatic),23.69,1364.07,No
C-cf334158,Male,0,Yes,No,6,No,No phone service,No,No internet service,No internet service,No internet service,No internet service,No internet service,No internet service,Two year,Yes,Electronic check,19.0,124.76,No
C-a8de7cb5,Male,0,No,Yes,57,Yes,No phone service,Fiber optic,No,No,Yes,No,No,No internet service,Two year,Yes,Electronic check,46.38,2665.33,No
C-23708db3,Male,0,Yes,Yes,55,Yes,No,No,No internet service,No internet service,No internet service,No internet service,No internet service,No internet service,Month-to-month,Yes,Mailed check,19.02,1024.37,No
C-913642a8,Female,0,No,Yes,9,Yes,No phone service,No,No internet service,No internet service,No internet service,No internet service,No internet service,No internet service,Month-to-month,No,Mailed check,20.51,182.74,Yes
C-fa576836,Female,0,No,No,6,Yes,Yes,DSL,No,No,Yes,No internet service,Yes,No,One year,No,Credit card (automatic),37.3,237.56,No
C-075d820d,Male,0,Yes,Yes,39,Yes,No,No,No internet service,No internet service,No internet service,No internet service,No internet service,No internet service,Two year,No,Electronic check,24.6,955.64,No
C-54ee13f8,Female,0,No,No,11,Yes,No,Fiber optic,Yes,Yes,Yes,No,No,No,Two year,No,Credit card (automatic),56.15,603.84,No
C-e51d4bde,Male,0,Yes,Yes,20,Yes,No,DSL,Yes,Yes,Yes,No,No,No,One year,Yes,Credit card (automatic),45.45,954.71,No
C-697c8191,Male,0,Yes,No,25,Yes,No,DSL,Yes,No,Yes,No,No internet service,No,Month-to-month,No,Credit card (automatic),38.62,951.73,No
C-61d1e36b,Male,0,Yes,Yes,30,Yes,No,No,No internet service,No internet service,No internet service,No internet service,No internet service,No internet service,One year,Yes,Credit card (automatic),18.0,537.16,No
C-645af50f,Male,0,Yes,No,54,Yes,No phone service,Fiber optic,Yes,No,No,Yes,No,No,Month-to-month,Yes,Credit card (automatic),51.22,2770.51,Yes
C-85ef0f06,Female,0,No,No,71,No,No phone service,No,No internet service,No internet service,No internet service,No internet service,No internet service,No internet service,Month-to-month,Yes,Credit card (automatic),19.11,1327.88,Yes
C-f67340b9,Male,0,No,No,50,Yes,Yes,DSL,No,No,Yes,No,No,Yes,Two year,Yes,Electronic check,37.09,1866.8,No
C-85f38ceb,Male,0,Yes,No,0,Yes,Yes,DSL,No internet service,No,No internet service,No,Yes,No,Two year,No,Mailed check,33.68,13.2,No
C-812d0fc4,Female,1,Yes,Yes,49,Yes,Yes,DSL,No internet service,No,No,Yes,No,No,Month-to-month,Yes,Electronic check,26.1,1263.31,No
C-87a32cac,Male,0,Yes,Yes,53,Yes,No,Fiber optic,No,Yes,Yes,No,Yes,No internet service,Month-to-month,No,Mailed check,55.27,2955.02,No
C-6b71f724,Male,0,Yes,No,46,Yes,No,No,No internet service,No internet service,No internet service,No internet service,No internet service,No internet service,Month-to-month,No,Credit card (automatic),18.0,825.14,No
C-e1cbeb28,Male,0,Yes,No,50,Yes,No phone service,DSL,No,No,No,No,Yes,No,One year,Yes,Credit card (automatic),26.98,1363.22,No
C-15381e80,Male,0,No,No,10,Yes,Yes,Fiber optic,No,No,No,No,Yes,No internet service,Month-to-month,No,Mailed check,44.6,473.43,Yes
C-79e4e56a,Male,0,No,No,18,Yes,Yes,Fiber optic,No,No internet service,No,No internet service,No,Yes,Two year,Yes,Bank transfer (automatic),45.53,803.29,No
C-1210dd3c,Male,0,No,No,23,No,No phone service,Fiber optic,Yes,No,No,No,Yes,No,Month-to-month,No,Mailed check,50.97,1186.41,Yes
C-a18bdddc,Female,1,Yes,No,13,Yes,Yes,DSL,No,No,No,No,No,No,One year,Yes,Electronic check,23.83,302.41,No
C-6fe1862d,Male,0,Yes,No,30,Yes,Yes,No,No internet service,No internet service,No internet service,No internet service,No internet service,No internet service,One year,Yes,Bank transfer (automatic),24.9,730.18,No
C-4daa8155,Female,0,No,Yes,28,Yes,No phone service,Fiber optic,No,No,No,Yes,Yes,No,One year,Yes,Credit card (automatic),53.31,1481.76,No
C-4e9719f9,Male,0,Yes,No,21,Yes,No,DSL,Yes,Yes,No,No,No,No internet service,Two year,No,Credit card (automatic),37.62,787.38,No
C-4e96390e,Female,0,Yes,No,60,No,No phone service,DSL,No,No internet service,Yes,Yes,No internet service,No,Month-to-month,No,Mailed check,39.68,2350.8,No
C-57f47942,Female,0,No,No,43,Yes,No,Fiber optic,No,No,No,No,Yes,No,Two year,Yes,Mailed check,46.8,2019.06,No
C-180654c7,Female,0,No,No,16,Yes,Yes,DSL,Yes,Yes,Yes,Yes,No,No,One year,No,Mailed check,42.95,650.45,No
C-f4b4d906,Female,0,Yes,No,9,Yes,No,DSL,No internet service,Yes,Yes,No,No,No internet service,One year,No,Credit card (automatic),31.44,280.61,Yes
C-2e825d29,Male,0,No,No,25,Yes,No,Fiber optic,No,Yes,No internet service,Yes,No,Yes,Month-to-month,Yes,Credit card (automatic),57.58,1415.08,Yes
C-db8d47a4,Male,0,No,No,33,Yes,No,DSL,No internet service,No,No,No,Yes,Yes,Two year,Yes,Mailed check,42.07,1398.14,No
C-739abc1a,Male,1,Yes,No,38,Yes,No,No,No internet service,No internet service,No internet service,No internet service,No internet service,No internet service,Two year,No,Bank transfer (automatic),20.19,775.92,No
C-b7ad7e1f,Male,0,No,No,31,Yes,No,Fiber optic,Yes,Yes,No,No,Yes,No internet service,One year,Yes,Electronic check,57.06,1760.35,No
C-5877c9b9,Male,0,No,Yes,7,Yes,No phone service,DSL,No,No,Yes,No,Yes,Yes,Month-to-month,Yes,Electronic check,44.0,319.96,No
C-1c4fb9ec,Male,0,Yes,No,59,No,No phone service,DSL,No,No,No,No internet service,Yes,No,Month-to-month,Yes,Electronic check,39.8,2348.81,Yes
C-ba929dd1,Male,0,No,Yes,17,Yes,No,Fiber optic,No,No,No,Yes,No,No internet service,Two year,Yes,Mailed check,46.99,783.38,Yes
C-b44bdedc,Male,0,No,Yes,29,Yes,No phone service,Fiber optic,No,Yes,No internet service,Yes,Yes,No,Month-to-month,Yes,Electronic check,63.22,1821.97,Yes
C-c70dcf30,Female,0,No,No,23,Yes,Yes,Fiber optic,No,No internet service,No,Yes,No,No,Month-to-month,Yes,Electronic check,47.6,1087.45,No
C-ed6b8aa2,Female,0,No,No,68,Yes,Yes,No,No internet service,No internet service,No internet service,No internet service,No internet service,No internet service,Month-to-month,No,Bank transfer (automatic),20.92,1406.16,No
C-eadd04c4,Female,0,Yes,Yes,59,Yes,Yes,Fiber optic,Yes,Yes,No,Yes,No,No,Two year,Yes,Credit card (automatic),54.33,3192.08,No
C-683af5b1,Male,0,No,No,15,No,No phone service,DSL,No,No,No,No,No,Yes,Month-to-month,Yes,Credit card (automatic),31.18,474.85,No
C-e1986818,Male,0,No,Yes,10,Yes,Yes,Fiber optic,Yes,Yes,No,No,Yes,No internet service,Month-to-month,Yes,Mailed check,54.51,526.12,Yes
C-fa3d03ce,Female,0,No,Yes,40,Yes,Yes,No,No internet service,No internet service,No internet service,No internet service,No internet service,No internet service,One year,Yes,Electronic check,22.32,836.97,No
C-243ea7da,Male,0,Yes,No,72,Yes,No,No,No internet service,No internet service,No internet service,No internet service,No internet service,No internet service,One year,No,Mailed check,21.87,1601.65,No
C-c894c4c2,Male,0,Yes,No,26,Yes,Yes,Fiber optic,Yes,Yes,Yes,No,No,No internet service,Month-to-month,Yes,Mailed check,57.93,1526.02,No
C-38f8a401,Female,0,No,No,36,Yes,Yes,No,No internet service,No internet service,No internet service,No internet service,No internet service,No internet service,Month-to-month,No,Bank transfer (automatic),19.19,709.87,No
C-8b8e8c19,Male,0,Yes,No,45,No,No phone service,Fiber optic,Yes,Yes,No,No,No,No,Month-to-month,Yes,Credit card (automatic),48.75,2198.81,No
C-d4ea2cdd,Female,0,Yes,Yes,18,Yes,Yes,No,No internet service,No internet service,No internet service,No internet service,No internet service,No internet service,Month-to-month,Yes,Credit card (automatic),18.68,341.91,No
C-9d6838d0,Female,0,No,No,69,No,No phone service,Fiber optic,No internet service,No,No,No,No,No,Month-to-month,No,Credit card (automatic),44.72,3094.22,Yes
C-bc57fc69,Male,0,Yes,No,59,Yes,Yes,DSL,No,Yes,Yes,No,No,No,Month-to-month,Yes,Credit card (automatic),32.19,1899.1,No
C-e6462d2f,Female,0,No,Yes,69,Yes,Yes,Fiber optic,Yes,No,Yes,Yes,Yes,Yes,Month-to-month,Yes,Electronic check,63.73,4383.21,Yes
C-6b2398cd,Male,0,No,Yes,25,No,No phone service,DSL,No,Yes,No,No internet service,Yes,No,Two year,No,Electronic check,29.27,736.72,No
C-5f7f6931,Male,0,No,No,25,Yes,No,No,No internet service,No internet service,No internet service,No internet service,No internet service,No internet service,Month-to-month,No,Credit card (automatic),20.3,482.99,No
C-bfce0456,Female,0,No,No,54,Yes,No,No,No internet service,No internet service,No internet service,No internet service,No internet service,No internet service,Month-to-month,Yes,Electronic check,22.44,1170.81,No
C-911e96d5,Male,0,Yes,Yes,29,Yes,No,DSL,No,No,Yes,No,No,No,One year,No,Credit card (automatic),33.29,976.12,Yes
C-776b1ec9,Male,0,Yes,No,6,Yes,No,DSL,No internet service,No internet service,No internet service,No,Yes,Yes,Month-to-month,No,Electronic check,38.3,188.06,Yes
C-d3a78b0b,Male,1,No,No,68,Yes,Yes,Fiber optic,No,Yes,No,No,No internet service,Yes,Month-to-month,No,Electronic check,46.56,3177.82,No
C-1746f433,Male,0,Yes,No,57,Yes,Yes,DSL,Yes,No,No,No,Yes,No,One year,No,Mailed check,35.59,2063.15,No
C-56ac97ac,Female,0,No,No,4,Yes,Yes,No,No internet service,No internet service,No internet service,No internet service,No internet service,No internet service,One year,No,Mailed check,20.01,81.01,Yes
C-d39f0410,Female,0,No,Yes,59,Yes,No phone service,Fiber optic,No,No,No,No,Yes,No,Month-to-month,Yes,Bank transfer (automatic),46.01,2716.18,Yes
C-9586e48f,Female,0,Yes,Yes,13,Yes,No phone service,No,No internet service,No internet service,No internet service,No internet service,No internet service,No internet service,Month-to-month,Yes,Electronic check,20.91,255.59,No
C-415fa3a0,Female,1,Yes,Yes,37,No,No phone service,DSL,No,No,No,No,No,Yes,Month-to-month,Yes,Bank transfer (automatic),32.42,1186.8,Yes
C-150eefc5,Female,0,No,No,69,Yes,Yes,Fiber optic,No,No,Yes,Yes,No,No,Month-to-month,No,Electronic check,49.19,3426.4,Yes
C-367e6101,Male,0,No,Yes,5,Yes,Yes,Fiber optic,No,No,No,No,No,Yes,Two year,Yes,Mailed check,49.08,257.87,No
C-98e3e3fc,Female,0,No,No,1,Yes,No,No,No internet service,No internet service,No internet service,No internet service,No internet service,No internet service,One year,No,Credit card (automatic),20.65,10.7,Yes
C-fdd933da,Female,0,No,No,16,Yes,Yes,DSL,No,Yes,Yes,No,Yes,No,Two year,Yes,Electronic check,40.93,627.06,No
C-cfe67357,Female,0,No,Yes,22,Yes,Yes,No,No internet service,No internet service,No internet service,No internet service,No internet service,No internet service,Two year,No,Mailed check,24.31,529.93,No
C-f6194ba8,Female,0,No,No,40,Yes,No,No,No internet service,No internet service,No internet service,No internet service,No internet service,No internet service,Month-to-month,Yes,Credit card (automatic),19.71,798.34,No
C-0ee92c66,Female,0,No,Yes,3,Yes,No,No,No internet service,No internet service,No internet service,No internet service,No internet service,No internet service,Two year,Yes,Mailed check,22.89,95.45,No
C-d10adc50,Male,1,No,No,12,No,No phone service,Fiber optic,Yes,Yes,Yes,No internet service,Yes,No internet service,Two year,Yes,Bank transfer (automatic),59.2,701.79,No
C-f35fe73f,Female,0,No,No,36,Yes,Yes,No,No internet service,No internet service,No internet service,No internet service,No internet service,No internet service,One year,No,Mailed check,21.72,757.14,No
C-1c55767c,Male,0,Yes,No,13,Yes,Yes,DSL,No,No internet service,No,Yes,Yes,No,Month-to-month,No,Bank transfer (automatic),37.02,472.51,No
C-567babd6,Female,0,Yes,No,50,Yes,No phone service,Fiber optic,No,Yes,Yes,Yes,Yes,No,Month-to-month,Yes,Electronic check,57.28,2882.8,Yes
C-5d899e64,Male,0,No,No,22,Yes,Yes,DSL,No,No internet service,Yes,No,No,Yes,Month-to-month,Yes,Bank transfer (automatic),37.58,834.64,Yes
C-5cea75fb,Male,0,No,Yes,34,Yes,Yes,DSL,No,No,Yes,Yes,Yes,Yes,Two year,No,Electronic check,49.05,1672.61,Yes
C-8557d8e3,Female,0,Yes,No,68,Yes,Yes,Fiber optic,No,No,No,Yes,No,No,Month-to-month,No,Bank transfer (automatic),41.73,2864.48,Yes
C-e6c5d87c,Female,0,No,No,55,Yes,No,Fiber optic,No internet service,No,Yes,Yes,Yes,No,Month-to-month,No,Mailed check,59.16,3277.56,No
C-dda399c6,Male,0,Yes,No,58,Yes,No,DSL,No,No,Yes,No,No,No,Month-to-month,No,Bank transfer (automatic),36.79,2147.88,No
C-fe29581b,Male,1,No,No,72,Yes,Yes,No,No internet service,No internet service,No internet service,No internet service,No internet service,No internet service,One year,Yes,Credit card (automatic),18.3,1316.12,No
C-6ae230bb,Female,1,No,No,67,Yes,Yes,DSL,Yes,No,No,No,No,Yes,Month-to-month,Yes,Credit card (automatic),37.87,2544.32,Yes
C-915d7828,Female,0,Yes,No,27,Yes,Yes,DSL,No,No,No,Yes,Yes,No,One year,Yes,Mailed check,33.8,933.65,No
C-14e9600b,Female,0,No,No,36,Yes,No,Fiber optic,No,No internet service,No,Yes,No,No,Month-to-month,Yes,Bank transfer (automatic),44.92,1644.62,Yes
C-080586a0,Male,0,No,No,53,Yes,Yes,DSL,No,Yes,No,No,Yes,No,One year,No,Bank transfer (automatic),38.49,2031.84,No
C-81f89558,Female,0,Yes,No,64,No,No phone service,DSL,No,No,No,Yes,No internet service,Yes,Two year,Yes,Electronic check,32.0,2037.98,No
C-482dfd24,Male,1,Yes,Yes,14,Yes,Yes,Fiber optic,Yes,No internet service,No,No,No,Yes,One year,Yes,Credit card (automatic),51.9,712.65,No
C-fe18c7b1,Female,0,Yes,No,68,Yes,Yes,DSL,No,No,Yes,No,Yes,No,Month-to-month,No,Mailed check,37.73,2565.73,No
C-06f41aaf,Male,0,Yes,Yes,61,Yes,No phone service,No,No internet service,No internet service,No internet service,No internet service,No internet service,No internet service,Two year,Yes,Electronic check,19.22,1176.62,No
C-09faba45,Male,0,Yes,No,68,Yes,Yes,No,No internet service,No internet service,No internet service,No internet service,No internet service,No internet service,Month-to-month,Yes,Bank transfer (automatic),24.5,1708.99,No
C-aca946a5,Female,0,Yes,No,6,Yes,Yes,DSL,No,No,No,No,Yes,No,Month-to-month,No,Mailed check,30.31,175.64,Yes
C-f701afad,Female,0,No,Yes,49,Yes,Yes,DSL,No,No,Yes,No,No internet service,No internet service,One year,Yes,Credit card (automatic),28.41,1378.55,No
C-155ad965,Female,0,No,No,53,Yes,Yes,Fiber optic,No,No,No,No,Yes,Yes,Month-to-month,Yes,Electronic check,50.85,2649.17,Yes
C-4e93abba,Male,0,No,Yes,35,Yes,No phone service,DSL,No,No,No,No,Yes,No,Month-to-month,Yes,Electronic check,35.27,1252.51,No
C-827ceb1a,Female,0,Yes,Yes,40,Yes,No,No,No internet service,No internet service,No internet service,No internet service,No internet service,No internet service,Month-to-month,No,Electronic check,18.0,705.85,No
C-2044327f,Male,0,Yes,No,66,Yes,No,Fiber optic,No,Yes,Yes,No,No,Yes,Month-to-month,Yes,Bank transfer (automatic),60.35,3945.75,Yes
C-d34bf107,Female,0,Yes,No,60,Yes,Yes,No,No internet service,No internet service,No internet service,No internet service,No internet service,No internet service,Month-to-month,Yes,Bank transfer (automatic),18.93,1143.96,No
C-0b567f71,Female,0,No,Yes,34,Yes,No phone service,No,No internet service,No internet service,No internet service,No internet service,No internet service,No internet service,Month-to-month,Yes,Electronic check,23.72,806.23,No
C-51c3170f,Female,0,Yes,No,43,Yes,No,DSL,No,Yes,Yes,No,No internet service,Yes,One year,Yes,Bank transfer (automatic),35.0,1483.51,No
C-4e92bba8,Male,0,No,No,38,Yes,Yes,No,No internet service,No internet service,No internet service,No internet service,No internet service,No internet service,One year,No,Electronic check,23.06,873.66,No
C-9d6109a4,Male,0,Yes,No,35,Yes,No phone service,DSL,No,No,No,No,No internet service,Yes,One year,No,Bank transfer (automatic),33.28,1148.69,No
C-dcda910f,Male,0,Yes,No,21,Yes,Yes,DSL,No internet service,No internet service,No,No,Yes,No internet service,Month-to-month,No,Electronic check,28.77,618.14,Yes
C-122758e0,Female,0,Yes,Yes,3,Yes,Yes,DSL,No,No,Yes,Yes,No internet service,No internet service,Month-to-month,No,Credit card (automatic),30.27,80.88,Yes
C-a8183994,Male,0,Yes,Yes,19,No,No phone service,Fiber optic,No,No,Yes,No,Yes,No,Month-to-month,No,Mailed check,47.51,923.43,Yes
C-7ebb5311,Male,0,Yes,No,3,Yes,No,DSL,No,Yes,No,No,Yes,No,One year,Yes,Mailed check,37.46,127.11,Yes
C-4a057871,Female,0,Yes,Yes,57,Yes,Yes,No,No internet service,No internet service,No internet service,No internet service,No internet service,No internet service,Month-to-month,Yes,Credit card (automatic),18.0,1049.57,No
C-972f2b84,Male,0,Yes,Yes,26,Yes,No phone service,DSL,Yes,Yes,No,No internet service,Yes,No,Two year,No,Electronic check,44.93,1133.9,No
C-e9442d4e,Male,0,Yes,No,25,Yes,No,DSL,No,No,No,Yes,No,No,Two year,No,Bank transfer (automatic),34.95,877.12,No
C-4af1806f,Male,0,Yes,Yes,58,Yes,No,Fiber optic,No,No,No internet service,No,Yes,Yes,One year,Yes,Credit card (automatic),54.72,3163.7,No
C-0e8b9f46,Male,1,No,No,21,Yes,No,No,No internet service,No internet service,No internet service,No internet service,No internet service,No internet service,One year,No,Electronic check,18.85,398.15,Yes
C-9b21894c,Female,0,Yes,Yes,39,Yes,No,Fiber optic,No,No,No,No,No,No,One year,No,Credit card (automatic),37.03,1390.3,No
C-23daa41d,Female,0,No,No,68,Yes,No,No,No internet service,No internet service,No internet service,No internet service,No internet service,No internet service,One year,Yes,Electronic check,18.6,1281.32,No
C-bc92169e,Female,0,Yes,Yes,14,Yes,Yes,Fiber optic,No,Yes,No,Yes,No internet service,Yes,Month-to-month,Yes,Bank transfer (automatic),57.02,809.02,No
C-0b5ef38d,Female,0,Yes,Yes,27,Yes,No,No,No internet service,No internet service,No internet service,No internet service,No internet service,No internet service,Month-to-month,No,Bank transfer (automatic),18.0,489.9,No
C-b841b807,Female,0,No,No,60,Yes,Yes,Fiber optic,No internet service,No internet service,No,No internet service,No,No,Two year,Yes,Mailed check,41.61,2509.42,No
C-23894fc6,Male,0,No,No,51,No,No phone service,No,No internet service,No internet service,No internet service,No internet service,No internet service,No internet service,Two year,No,Electronic check,18.0,953.64,No
C-d0aacb39,Female,0,No,No,37,Yes,No,No,No internet service,No internet service,No internet service,No internet service,No internet service,No internet service,Two year,Yes,Credit card (automatic),18.76,699.1,Yes
C-f2906b21,Male,0,Yes,No,38,No,No phone service,Fiber optic,Yes,No,No internet service,No,Yes,No,Two year,Yes,Electronic check,53.16,2018.31,No
C-e414b61d,Male,0,Yes,Yes,37,Yes,No phone service,Fiber optic,No,Yes,Yes,No internet service,No,Yes,Month-to-month,Yes,Bank transfer (automatic),55.67,2063.87,No
C-481e7ab4,Female,0,Yes,No,17,Yes,No,DSL,No,No,Yes,No,No,No internet service,One year,Yes,Credit card (automatic),32.4,547.38,No
C-75d3b393,Female,0,Yes,No,6,Yes,No,Fiber optic,No,Yes,No,No,No,Yes,Month-to-month,Yes,Electronic check,51.12,313.19,Yes
C-8b026fdf,Female,0,Yes,No,1,No,No phone service,Fiber optic,No,Yes,No internet service,No,Yes,Yes,One year,Yes,Electronic check,63.29,34.85,Yes
C-8b63dc05,Male,0,Yes,No,37,Yes,No,DSL,No,Yes,Yes,No,No,No,One year,No,Electronic check,35.36,1278.2,No
C-12171e09,Female,0,No,Yes,27,Yes,Yes,No,No internet service,No internet service,No internet service,No internet service,No internet service,No internet service,Month-to-month,No,Electronic check,25.31,677.51,Yes
C-12f69698,Female,0,No,No,59,Yes,Yes,No,No internet service,No internet service,No internet service,No internet service,No internet service,No internet service,Two year,No,Electronic check,21.67,1279.73,No
C-135e5e1f,Female,0,Yes,No,28,Yes,Yes,No,No internet service,No internet service,No internet service,No internet service,No internet service,No internet service,Month-to-month,Yes,Bank transfer (automatic),18.0,522.75,Yes
C-490acc20,Male,1,No,No,11,Yes,Yes,Fiber optic,No,Yes,Yes,No,No,No,Month-to-month,Yes,Mailed check,54.76,621.86,Yes
C-316dfefe,Female,0,Yes,No,18,Yes,No,Fiber optic,No,No,No,No,Yes,No,One year,No,Mailed check,47.54,855.34,No
C-a8f8b7ff,Female,0,No,No,22,No,No phone service,Fiber optic,No,Yes,No,Yes,Yes,No,Month-to-month,No,Electronic check,59.64,1270.33,Yes
C-a4dab705,Female,1,Yes,No,49,Yes,Yes,DSL,No,Yes,Yes,No,Yes,No,Two year,No,Electronic check,37.89,1851.58,No
C-683fb888,Female,1,Yes,No,43,Yes,No,DSL,No,No,Yes,Yes,Yes,Yes,Two year,Yes,Credit card (automatic),50.75,2172.68,No
C-cda84afc,Female,0,Yes,Yes,54,Yes,No,DSL,Yes,No,Yes,Yes,No internet service,No,Month-to-month,No,Credit card (automatic),44.45,2371.56,No
C-ee58772f,Male,0,No,No,64,Yes,No phone service,Fiber optic,No,Yes,No,No,No,No,Two year,No,Electronic check,45.93,2914.14,No
C-c82e0fab,Male,0,No,No,6,Yes,Yes,Fiber optic,Yes,No,No internet service,No internet service,No,No,Month-to-month,No,Electronic check,49.37,281.94,Yes
C-cdb19d05,Male,0,Yes,No,8,Yes,Yes,DSL,No,No,Yes,Yes,No,No,Two year,Yes,Bank transfer (automatic),37.03,277.14,No
C-f308a990,Male,0,Yes,No,15,No,No phone service,DSL,No,Yes,No,No,Yes,No,Two year,No,Credit card (automatic),38.78,587.08,No
C-e3ea1acd,Female,0,No,No,22,Yes,Yes,Fiber optic,Yes,No,No,Yes,Yes,No,Two year,No,Electronic check,53.72,1184.06,No
C-e2ea1cee,Female,0,No,No,28,Yes,Yes,No,No internet service,No internet service,No internet service,No internet service,No internet service,No internet service,One year,Yes,Electronic check,18.69,537.22,No
C-c453b1ea,Female,0,Yes,No,7,Yes,Yes,DSL,Yes,Yes,No,No,Yes,Yes,Month-to-month,No,Electronic check,49.9,364.43,No
C-396b4e86,Female,0,No,No,64,Yes,Yes,No,No internet service,No internet service,No internet service,No internet service,No internet service,No internet service,Month-to-month,No,Credit card (automatic),22.73,1451.54,No
C-0a0d799c,Male,0,No,No,24,Yes,Yes,DSL,No,No,Yes,Yes,Yes,No,One year,Yes,Mailed check,35.23,842.02,No
C-39311f47,Female,0,Yes,No,34,Yes,No,Fiber optic,No,No,Yes,No internet service,No,Yes,One year,No,Mailed check,56.37,1925.22,No
C-19c4008e,Male,0,Yes,Yes,3,Yes,No,DSL,Yes,No,No,No,No,Yes,Two year,No,Mailed check,34.5,53.18,Yes
C-06e30aa3,Female,0,No,No,0,Yes,No phone service,Fiber optic,Yes,No,Yes,Yes,Yes,Yes,Month-to-month,No,Bank transfer (automatic),66.44,14.93,Yes
C-de427dc6,Male,0,No,No,42,Yes,No,Fiber optic,Yes,Yes,Yes,No,No,No,Month-to-month,Yes,Bank transfer (automatic),56.41,2376.68,Yes
C-47d19a5a,Male,1,No,Yes,31,Yes,No phone service,DSL,No,No,Yes,Yes,No,No,One year,Yes,Electronic check,32.09,999.09,No
C-b87d45e6,Female,0,Yes,No,51,Yes,No,Fiber optic,No,Yes,No,Yes,No,No,One year,Yes,Electronic check,47.27,2382.91,No
C-b7fd643f,Male,0,No,No,58,Yes,Yes,Fiber optic,No,No,No,No internet service,No,Yes,Month-to-month,Yes,Bank transfer (automatic),43.6,2535.16,No
C-0f0e9330,Male,0,Yes,No,14,Yes,No,DSL,No,No,Yes,No,No,No,One year,Yes,Electronic check,29.19,437.83,No
C-7ed366ac,Male,0,Yes,No,48,Yes,No,No,No internet service,No internet service,No internet service,No internet service,No internet service,No internet service,One year,Yes,Credit card (automatic),20.83,1011.55,No
C-a90f1cfb,Female,0,No,Yes,57,Yes,No phone service,No,No internet service,No internet service,No internet service,No internet service,No internet service,No internet service,Month-to-month,No,Bank transfer (automatic),20.28,1119.46,No
C-e2a36af9,Male,0,No,Yes,61,Yes,No,No,No internet service,No internet service,No internet service,No internet service,No internet service,No internet service,Two year,Yes,Credit card (automatic),20.17,1217.48,No
C-d3d7d9a0,Male,0,No,No,54,Yes,No,DSL,No internet service,No,Yes,No internet service,No,No internet service,Month-to-month,Yes,Mailed check,31.8,1729.36,No
C-c96727e1,Male,0,Yes,No,22,Yes,No phone service,No,No internet service,No internet service,No internet service,No internet service,No internet service,No internet service,Two year,No,Bank transfer (automatic),21.32,471.34,No
C-aed01ec2,Male,0,Yes,No,35,No,No phone service,DSL,No,Yes,Yes,Yes,No,Yes,Month-to-month,No,Bank transfer (automatic),52.92,1840.14,No
C-91ca7b1f,Female,0,No,Yes,70,Yes,Yes,DSL,No,No internet service,No,Yes,No,No,Month-to-month,No,Mailed check,29.7,2060.74,No
C-783e6bfa,Male,0,Yes,No,40,Yes,No,Fiber optic,No,No internet service,No,Yes,No,No,Two year,No,Credit card (automatic),42.4,1689.58,No
C-72825da2,Male,0,Yes,Yes,3,Yes,Yes,No,No internet service,No internet service,No internet service,No internet service,No internet service,No internet service,Two year,No,Bank transfer (automatic),18.0,67.14,No
C-62b47c4f,Male,0,No,No,42,Yes,No,Fiber optic,Yes,No internet service,Yes,No,No,No,One year,Yes,Bank transfer (automatic),45.76,1913.72,No
C-4603617a,Male,1,Yes,Yes,71,No,No phone service,Fiber optic,No,No,No,Yes,No,Yes,Two year,No,Electronic check,54.91,3872.48,No
C-6a2437df,Female,0,No,No,53,Yes,Yes,Fiber optic,No,Yes,No,No,Yes,No,Month-to-month,No,Credit card (automatic),49.98,2652.15,No
C-c7c1e3bd,Female,0,No,No,70,No,No phone service,DSL,No,No,Yes,No,No,Yes,Month-to-month,Yes,Bank transfer (automatic),28.93,2029.01,No
C-49e0d48e,Male,0,No,No,36,Yes,Yes,DSL,No internet service,No internet service,No,No,No,Yes,One year,No,Electronic check,31.96,1183.01,No
C-cb24d6dc,Male,0,Yes,Yes,67,Yes,No,Fiber optic,No,Yes,No internet service,No,Yes,No,One year,No,Electronic check,48.27,3245.7,No
C-66f95bd9,Male,0,Yes,No,19,Yes,Yes,Fiber optic,Yes,No,No,No,No,No,One year,Yes,Electronic check,43.19,824.73,No
C-bed11035,Male,1,Yes,No,68,Yes,Yes,Fiber optic,No,No internet service,No,No,No,Yes,One year,Yes,Bank transfer (automatic),47.4,3273.92,Yes
C-1d2fce96,Male,0,Yes,Yes,37,Yes,Yes,Fiber optic,No,No,No,No,Yes,Yes,Month-to-month,Yes,Credit card (automatic),49.38,1850.16,Yes
C-7c0c4b69,Female,0,No,Yes,67,Yes,Yes,DSL,Yes,Yes,No,No,No,No,Two year,Yes,Credit card (automatic),35.8,2366.28,No
C-b92753e3,Female,0,No,No,20,Yes,Yes,Fiber optic,No,No,Yes,No internet service,No,No internet service,Month-to-month,Yes,Bank transfer (automatic),39.75,798.91,No
C-8f84e308,Female,0,Yes,Yes,20,Yes,No,No,No internet service,No internet service,No internet service,No internet service,No internet service,No internet service,Month-to-month,No,Electronic check,20.93,439.12,No
C-e921b035,Female,0,No,No,61,No,No phone service,Fiber optic,No,Yes,Yes,No,No,No,Month-to-month,Yes,Credit card (automatic),46.54,2818.08,No
C-391ff727,Male,0,Yes,No,33,Yes,No,Fiber optic,No internet service,No,Yes,No,No,No,Month-to-month,Yes,Mailed check,43.65,1452.9,Yes
C-6cb60db3,Male,0,Yes,No,33,Yes,No phone service,Fiber optic,Yes,Yes,No internet service,No,Yes,Yes,Month-to-month,Yes,Mailed check,60.88,2006.58,Yes
C-e15dd964,Male,1,No,No,34,No,No phone service,No,No internet service,No internet service,No internet service,No internet service,No internet service,No internet service,Month-to-month,Yes,Electronic check,18.0,610.17,No
C-121dd813,Male,0,Yes,No,61,Yes,Yes,Fiber optic,Yes,No,Yes,No,No,No,Two year,No,Mailed check,47.14,2846.13,No
C-0adb1428,Male,0,Yes,Yes,61,Yes,No,DSL,No,Yes,Yes,No,Yes,No,Month-to-month,Yes,Mailed check,38.3,2321.59,No
C-a0493f14,Female,0,No,No,29,No,No phone service,DSL,No,Yes,No,No,No,No,Month-to-month,Yes,Bank transfer (automatic),29.59,826.28,No
C-fb9f842f,Female,0,Yes,No,47,Yes,Yes,Fiber optic,Yes,No,Yes,Yes,No,No,Month-to-month,Yes,Bank transfer (automatic),55.16,2606.05,No
C-e1aaca3a,Male,0,Yes,No,5,Yes,Yes,Fiber optic,No,No,No,Yes,No,Yes,One year,Yes,Electronic check,47.85,243.42,Yes
C-44da4211,Male,1,No,No,43,Yes,Yes,No,No internet service,No internet service,No internet service,No internet service,No internet service,No internet service,Two year,No,Mailed check,21.47,926.74,No
C-7923d5f9,Female,0,No,Yes,3,Yes,No,Fiber optic,No internet service,No,No internet service,No,No,Yes,Month-to-month,No,Credit card (automatic),45.66,170.0,Yes
C-8f640c19,Female,0,Yes,No,37,Yes,No,DSL,Yes,Yes,Yes,No internet service,Yes,No,One year,Yes,Electronic check,44.13,1634.15,No
C-b73a951f,Male,0,No,Yes,5,Yes,No phone service,Fiber optic,No internet service,Yes,Yes,No,No internet service,Yes,One year,No,Bank transfer (automatic),54.29,280.25,Yes
C-ac482d11,Female,0,Yes,No,2,Yes,No,Fiber optic,No internet service,No,No,No,No internet service,Yes,Month-to-month,No,Electronic check,46.69,57.11,Yes
C-ca0bda2d,Female,0,Yes,No,63,Yes,Yes,Fiber optic,Yes,No,Yes,No,No,Yes,One year,Yes,Electronic check,58.83,3707.82,No
C-5a9c209b,Female,0,No,Yes,72,Yes,Yes,Fiber optic,No,No,No internet service,Yes,Yes,No,Month-to-month,No,Electronic check,51.6,3754.06,Yes
C-9eda8cf6,Male,0,No,Yes,17,Yes,No,DSL,Yes,No,No,No internet service,Yes,No,Month-to-month,Yes,Electronic check,38.16,605.75,No
C-214f2971,Male,0,Yes,No,33,Yes,No phone service,DSL,No,Yes,No,No,No,Yes,Month-to-month,Yes,Credit card (automatic),34.99,1177.66,No
C-fcecc765,Male,0,No,No,18,Yes,Yes,DSL,No internet service,No,Yes,Yes,Yes,No,One year,Yes,Mailed check,38.03,676.8,No
C-e38f74bc,Female,0,No,No,44,No,No phone service,Fiber optic,No,Yes,No internet service,No,No,Yes,Month-to-month,No,Electronic check,51.59,2278.89,No
C-9bb2dc0c,Female,0,No,No,47,Yes,No phone service,No,No internet service,No internet service,No internet service,No internet service,No internet service,No internet service,One year,No,Bank transfer (automatic),20.1,951.36,No
C-efb0a785,Male,0,Yes,No,10,Yes,Yes,Fiber optic,Yes,Yes,No,No,No internet service,Yes,Month-to-month,No,Mailed check,57.09,600.21,No
C-e378765b,Female,0,No,Yes,41,Yes,No,Fiber optic,No,No,No,No,Yes,No,Month-to-month,No,Bank transfer (automatic),44.56,1840.63,No
C-2afa5170,Male,0,Yes,No,28,Yes,Yes,DSL,Yes,No,No,No,No,Yes,Two year,Yes,Electronic check,32.8,937.56,No
C-3747fab8,Female,0,No,Yes,62,Yes,Yes,Fiber optic,Yes,No,No internet service,No,No,No,Month-to-month,Yes,Electronic check,46.45,2861.05,No
C-16de3e7f,Male,0,Yes,No,50,Yes,Yes,No,No internet service,No internet service,No internet service,No internet service,No internet service,No internet service,Two year,No,Mailed check,18.0,889.33,No
C-db05fba0,Male,0,Yes,Yes,47,Yes,No,No,No internet service,No internet service,No internet service,No internet service,No internet service,No internet service,Month-to-month,Yes,Electronic check,23.4,1093.42,Yes
C-2fa4227e,Male,1,Yes,No,72,No,No phone service,Fiber optic,Yes,No,No,No,Yes,Yes,Two year,Yes,Credit card (automatic),61.96,4444.11,No
C-2b1714ab,Male,0,Yes,No,39,Yes,Yes,No,No internet service,No internet service,No internet service,No internet service,No internet service,No internet service,Month-to-month,Yes,Credit card (automatic),18.42,736.83,No
C-da304498,Female,0,Yes,Yes,41,No,No phone service,Fiber optic,No,No,Yes,Yes,No internet service,No internet service,Month-to-month,No,Electronic check,50.82,2079.15,Yes
C-b90c82ab,Male,0,No,No,48,No,No phone service,No,No internet service,No internet service,No internet service,No internet service,No internet service,No internet service,Month-to-month,No,Electronic check,19.12,891.42,No
C-ad450e24,Male,1,No,Yes,65,Yes,Yes,No,No internet service,No internet service,No internet service,No internet service,No internet service,No internet service,Two year,No,Bank transfer (automatic),25.57,1640.76,No
C-0db6e2cb,Female,1,Yes,Yes,35,Yes,No,Fiber optic,Yes,No,Yes,No,No,Yes,Month-to-month,Yes,Mailed check,54.67,1925.78,Yes
C-61186d86,Male,0,No,No,18,Yes,No phone service,DSL,No,Yes,No,No,No,Yes,Month-to-month,Yes,Credit card (automatic),30.19,528.8,No
C-33a49ba0,Male,0,No,Yes,71,No,No phone service,Fiber optic,No,No,Yes,No internet service,No,No,Two year,No,Credit card (automatic),43.88,3142.11,No
C-7ae0627f,Male,0,No,Yes,66,Yes,No,DSL,No,No,No,No,No,No,Month-to-month,Yes,Mailed check,28.07,1829.59,No
C-20832ac7,Male,0,Yes,No,61,Yes,Yes,Fiber optic,No internet service,Yes,Yes,No,No internet service,No,Two year,No,Credit card (automatic),54.37,3309.35,No
C-df2fb5f4,Male,0,Yes,Yes,49,No,No phone service,No,No internet service,No internet service,No internet service,No internet service,No internet service,No internet service,Month-to-month,Yes,Mailed check,18.0,904.08,Yes
C-c26c8523,Female,0,No,No,47,Yes,Yes,DSL,No,No,No,No,No,No,Two year,No,Credit card (automatic),26.42,1237.37,No
C-b489e8ac,Male,0,No,No,32,Yes,No,No,No internet service,No internet service,No internet service,No internet service,No internet service,No internet service,Month-to-month,Yes,Mailed check,20.0,637.33,No
C-de304a9b,Male,0,No,No,59,Yes,No phone service,Fiber optic,Yes,No,No,No,No,Yes,Month-to-month,No,Bank transfer (automatic),50.66,2994.55,No
C-74287df8,Male,0,No,Yes,0,Yes,Yes,No,No internet service,No internet service,No internet service,No internet service,No internet service,No internet service,Month-to-month,No,Electronic check,18.0,0.0,Yes
C-22772d91,Female,0,No,No,65,No,No phone service,Fiber optic,No,No,No,No,Yes,Yes,Month-to-month,Yes,Electronic check,56.92,3652.43,Yes
C-87fb3de5,Female,0,Yes,No,44,Yes,No,No,No internet service,No internet service,No internet service,No internet service,No internet service,No internet service,One year,No,Credit card (automatic),24.66,1082.99,No
C-c1293fc0,Female,0,Yes,No,29,Yes,No,DSL,Yes,No,No,Yes,Yes,Yes,One year,Yes,Electronic check,48.89,1449.46,No
C-07a65e6b,Male,0,No,No,69,Yes,No phone service,Fiber optic,No,Yes,No,No internet service,No,No internet service,Two year,Yes,Mailed check,47.39,3268.33,No
C-5c10a2de,Female,0,No,No,26,Yes,No,No,No internet service,No internet service,No internet service,No internet service,No internet service,No internet service,Two year,No,Electronic check,18.09,471.09,No
C-2869b18f,Male,0,Yes,No,17,No,No phone service,DSL,Yes,No,No,Yes,Yes,No,One year,Yes,Bank transfer (automatic),44.21,775.36,No
C-986c69e6,Male,1,Yes,No,64,Yes,Yes,No,No internet service,No internet service,No internet service,No internet service,No internet service,No internet service,One year,No,Electronic check,18.0,1134.23,No
C-e553472f,Male,1,No,No,57,Yes,No,Fiber optic,Yes,Yes,Yes,No,Yes,No,Month-to-month,Yes,Mailed check,69.13,3955.05,Yes
C-f96d1a21,Male,0,No,No,71,Yes,No,Fiber optic,Yes,No,No,No,No internet service,No,Two year,Yes,Electronic check,48.39,3474.09,Yes
C-0233b3f2,Female,0,No,No,59,Yes,Yes,Fiber optic,No,No,No,No,Yes,Yes,Two year,Yes,Bank transfer (automatic),48.64,2872.48,No
C-e2b0374a,Female,0,Yes,Yes,37,Yes,Yes,DSL,No,No,No,No,Yes,Yes,Month-to-month,No,Mailed check,38.8,1449.14,No
C-0bbdeaea,Female,0,No,No,55,Yes,No,No,No internet service,No internet service,No internet service,No internet service,No internet service,No internet service,One year,Yes,Mailed check,18.0,1007.92,No
C-238bd62f,Female,1,Yes,No,22,Yes,Yes,No,No internet service,No internet service,No internet service,No internet service,No internet service,No internet service,Two year,Yes,Bank transfer (automatic),18.74,421.54,No
C-6cb52970,Male,0,Yes,No,59,Yes,No phone service,Fiber optic,No,No internet service,No,No,No internet service,No,Month-to-month,Yes,Credit card (automatic),47.45,2813.64,Yes
C-7d7c946c,Male,0,No,Yes,42,Yes,Yes,Fiber optic,No,Yes,No,Yes,No,Yes,Two year,Yes,Mailed check,54.02,2281.55,No
C-9e8195df,Female,0,Yes,No,30,Yes,No,Fiber optic,No,No,No internet service,No,Yes,No,Month-to-month,Yes,Bank transfer (automatic),43.78,1309.03,No
C-1b07944d,Female,1,No,No,58,Yes,No,DSL,No,No internet service,Yes,No internet service,Yes,No,Month-to-month,Yes,Bank transfer (automatic),34.01,1984.57,No
C-ed3b671c,Male,0,Yes,Yes,49,Yes,Yes,DSL,Yes,Yes,No,Yes,Yes,No,Month-to-month,No,Credit card (automatic),47.96,2334.01,No
C-91b00012,Female,0,Yes,No,29,Yes,No,Fiber optic,Yes,No,No,Yes,No,Yes,Month-to-month,No,Bank transfer (automatic),50.94,1438.65,No
C-a32aa7ce,Female,0,Yes,Yes,65,Yes,No phone service,Fiber optic,No,Yes,No,No,Yes,No,Month-to-month,No,Credit card (automatic),46.42,2999.04,Yes
C-bdcb1deb,Female,0,No,Yes,46,Yes,No phone service,No,No internet service,No internet service,No internet service,No internet service,No internet service,No internet service,Month-to-month,No,Electronic check,18.0,852.06,No
C-ce5b6226,Female,1,No,Yes,29,Yes,No,Fiber optic,Yes,No,No,Yes,No,Yes,Month-to-month,Yes,Electronic check,59.67,1729.93,Yes
C-fd859fc8,Female,0,No,No,52,Yes,Yes,Fiber optic,No,Yes,No,No,No internet service,Yes,Month-to-month,Yes,Mailed check,49.94,2619.24,No
C-2e358426,Female,0,No,Yes,13,Yes,Yes,No,No internet service,No internet service,No internet service,No internet service,No internet service,No internet service,Month-to-month,Yes,Electronic check,18.0,244.02,No
C-2d26b164,Female,0,Yes,Yes,0,Yes,No,No,No internet service,No internet service,No internet service,No internet service,No internet service,No internet service,Two year,Yes,Bank transfer (automatic),19.83,11.56,No
C-69653f03,Female,0,Yes,No,62,Yes,Yes,Fiber optic,No,No,Yes,No,No,Yes,Month-to-month,No,Electronic check,53.45,3304.59,Yes
C-01f1b254,Female,1,No,No,47,Yes,No phone service,Fiber optic,No internet service,No,No,No,Yes,No,Month-to-month,Yes,Credit card (automatic),45.84,2179.39,Yes
C-3bab35e8,Female,1,No,No,5,Yes,Yes,No,No internet service,No internet service,No internet service,No internet service,No internet service,No internet service,Month-to-month,No,Electronic check,21.43,113.79,No
C-9c8edd27,Male,0,No,Yes,1,Yes,No,Fiber optic,No,No,Yes,No,Yes,No,Month-to-month,No,Credit card (automatic),49.18,46.71,Yes
C-25fc480f,Male,0,Yes,No,57,Yes,No,DSL,No,Yes,Yes,No,No internet service,Yes,Month-to-month,Yes,Credit card (automatic),41.81,2373.97,Yes
C-8263d718,Female,0,No,Yes,32,Yes,Yes,Fiber optic,Yes,No internet service,No,Yes,No,No,Two year,Yes,Electronic check,50.72,1642.6,No
C-74a05d1f,Male,0,Yes,Yes,53,Yes,Yes,DSL,No,No internet service,No,No,Yes,No internet service,Month-to-month,Yes,Mailed check,33.54,1795.66,No
C-b828ed46,Male,0,Yes,No,40,Yes,Yes,Fiber optic,No,No,No,No,Yes,Yes,Two year,No,Electronic check,52.85,2104.1,No
C-7a061a73,Male,1,Yes,Yes,56,Yes,No phone service,Fiber optic,Yes,No internet service,No,No,No,Yes,Month-to-month,Yes,Bank transfer (automatic),50.23,2808.19,Yes
C-74332939,Male,1,No,No,13,Yes,No,Fiber optic,No internet service,No,Yes,Yes,Yes,No,Two year,Yes,Credit card (automatic),53.24,671.66,No
C-a24845b4,Male,0,No,No,1,No,No phone service,No,No internet service,No internet service,No internet service,No internet service,No internet service,No internet service,Two year,No,Mailed check,18.0,33.62,No
C-d875e563,Male,0,No,No,9,Yes,No phone service,Fiber optic,No,Yes,No,No internet service,Yes,Yes,Month-to-month,No,Mailed check,59.69,559.28,Yes
C-87692c02,Female,0,No,No,44,Yes,Yes,DSL,No,No,No,Yes,Yes,No,Two year,No,Electronic check,35.84,1570.47,No
C-b47a0747,Male,0,Yes,No,48,Yes,Yes,Fiber optic,No internet service,No,No,No,No,No,Two year,Yes,Electronic check,39.38,1906.66,No
C-378c615f,Female,0,No,No,51,Yes,No phone service,Fiber optic,Yes,Yes,Yes,Yes,No,No,One year,Yes,Electronic check,57.42,2950.05,No
C-10e03fd7,Female,0,No,Yes,14,Yes,No phone service,Fiber optic,No,No,No,No,No,No,Month-to-month,Yes,Bank transfer (automatic),45.99,681.12,Yes
C-e0fe2a44,Female,0,No,Yes,29,Yes,No,Fiber optic,No internet service,No,Yes,No,No,Yes,Month-to-month,No,Bank transfer (automatic),53.64,1545.94,Yes
C-417c010e,Female,0,No,Yes,34,No,No phone service,DSL,No,No,No,Yes,No,Yes,Two year,No,Electronic check,35.15,1195.0,No
C-75514106,Male,0,No,No,11,Yes,Yes,No,No internet service,No internet service,No internet service,No internet service,No internet service,No internet service,Month-to-month,Yes,Bank transfer (automatic),18.0,198.26,Yes
C-6dcc17eb,Male,0,No,No,5,Yes,Yes,Fiber optic,No,No internet service,No,No,Yes,Yes,Two year,Yes,Electronic check,53.53,254.24,No
C-7489a6d5,Female,0,No,No,66,Yes,No,Fiber optic,Yes,No,Yes,No,No internet service,No,One year,No,Electronic check,50.32,3328.85,No
C-70b43fd2,Female,0,No,Yes,15,Yes,No,Fiber optic,No,Yes,No internet service,Yes,Yes,Yes,Two year,Yes,Credit card (automatic),64.29,899.89,No
C-d82d3d20,Female,0,Yes,No,0,Yes,No,DSL,Yes,No,No,No,No,No,Two year,No,Bank transfer (automatic),30.07,56.36,No
C-7da25dcf,Male,0,No,No,21,Yes,No,DSL,No internet service,No,No internet service,No internet service,No,No,Month-to-month,No,Electronic check,30.18,623.98,Yes
C-b58d4526,Male,0,No,No,10,No,No phone service,Fiber optic,Yes,Yes,No,No,No,No,Month-to-month,No,Bank transfer (automatic),57.55,551.43,Yes
C-f4d61b55,Female,0,Yes,No,67,Yes,Yes,Fiber optic,No,Yes,No,Yes,Yes,Yes,One year,Yes,Mailed check,57.56,3851.64,No
C-d9f86348,Female,0,Yes,No,18,Yes,Yes,Fiber optic,Yes,No,No,Yes,No,Yes,Month-to-month,Yes,Bank transfer (automatic),49.77,880.01,Yes
C-8d3d532b,Male,0,No,Yes,64,Yes,No phone service,Fiber optic,No,No,Yes,No,No,Yes,Month-to-month,Yes,Credit card (automatic),48.76,3147.05,Yes
C-79c37227,Male,0,No,No,45,Yes,Yes,Fiber optic,No,Yes,Yes,No,Yes,No,Month-to-month,Yes,Electronic check,55.23,2445.61,No
C-86f6d7c1,Female,0,Yes,Yes,11,Yes,No,Fiber optic,No,No,Yes,No,No,No,Month-to-month,No,Credit card (automatic),50.07,558.54,Yes
C-8971bf47,Male,0,Yes,Yes,67,Yes,No,DSL,No,No,No,Yes,No,No,Month-to-month,Yes,Bank transfer (automatic),29.06,1962.03,No
C-4a41516e,Male,0,No,No,48,Yes,No,Fiber optic,No,No,No,No,No,Yes,One year,Yes,Bank transfer (automatic),46.74,2265.9,No
C-822901f2,Female,0,Yes,No,1,Yes,No phone service,Fiber optic,No,No,No,No,Yes,No,Two year,No,Mailed check,51.77,47.07,Yes
C-188ec984,Female,0,No,No,24,Yes,No,Fiber optic,No,No,Yes,No internet service,No internet service,No,Month-to-month,No,Bank transfer (automatic),44.42,1051.83,Yes
C-446e400c,Male,0,Yes,No,51,Yes,No phone service,Fiber optic,Yes,No,No,No,No,Yes,Two year,Yes,Bank transfer (automatic),51.96,2648.06,No
C-bb39d5a1,Female,0,Yes,Yes,5,Yes,Yes,Fiber optic,No,No,No,No internet service,No,No,Month-to-month,Yes,Electronic check,38.05,183.68,Yes
C-9d9a46f6,Male,0,Yes,No,16,Yes,Yes,DSL,Yes,Yes,Yes,No,Yes,Yes,Month-to-month,Yes,Credit card (automatic),49.92,789.67,No
C-1b8a4100,Male,0,No,No,67,Yes,No,No,No internet service,No internet service,No internet service,No internet service,No internet service,No internet service,Month-to-month,Yes,Electronic check,18.0,1214.36,Yes
C-4763337a,Female,0,Yes,Yes,58,Yes,Yes,Fiber optic,No,No,No,Yes,Yes,No,Two year,Yes,Mailed check,53.78,3083.35,No
C-b283934e,Male,0,Yes,Yes,0,Yes,No,DSL,No internet service,Yes,Yes,Yes,No,No,One year,Yes,Bank transfer (automatic),39.56,0.0,No
C-651deb26,Female,0,No,No,11,Yes,No,Fiber optic,No,No,No,No,Yes,No,Two year,Yes,Credit card (automatic),45.96,494.24,No
C-00be1324,Male,0,No,No,60,Yes,No,Fiber optic,No,No,No,No,No,Yes,Month-to-month,Yes,Electronic check,48.4,2907.82,Yes
C-be50b42d,Female,0,No,Yes,61,Yes,Yes,DSL,No,Yes,Yes,No,No,No,Month-to-month,Yes,Credit card (automatic),31.68,1936.61,No
C-57179611,Female,1,No,No,10,Yes,Yes,Fiber optic,No,No,No,Yes,No,No internet service,Month-to-month,Yes,Bank transfer (automatic),48.68,516.63,Yes
C-dd9d9920,Male,0,Yes,Yes,43,Yes,No,Fiber optic,No internet service,No,Yes,Yes,No,Yes,One year,No,Electronic check,58.89,2518.89,Yes
C-1b43dd77,Female,0,No,Yes,5,Yes,Yes,DSL,No,No,No,No,Yes,No,Two year,Yes,Mailed check,31.08,117.79,Yes
C-fed97f35,Male,1,No,No,7,Yes,No,Fiber optic,No internet service,No,No,Yes,Yes,No,Month-to-month,Yes,Electronic check,49.71,326.66,Yes
C-0e6e9fa3,Male,1,Yes,Yes,38,Yes,No,Fiber optic,No,Yes,No,Yes,No,No,One year,Yes,Bank transfer (automatic),53.22,2043.15,Yes
C-664059e8,Female,1,Yes,No,18,No,No phone service,No,No internet service,No internet service,No internet service,No internet service,No internet service,No internet service,Month-to-month,Yes,Mailed check,24.37,434.17,No
C-6f4e3b71,Female,0,No,No,60,Yes,Yes,Fiber optic,No,No,No,No,No,Yes,Month-to-month,No,Credit card (automatic),46.31,2768.7,No
C-626df428,Male,0,No,No,29,Yes,Yes,DSL,No,No,No,No,Yes,No,Month-to-month,Yes,Electronic check,26.01,759.54,No
C-2a14fe41,Male,1,Yes,No,51,Yes,No phone service,No,No internet service,No internet service,No internet service,No internet service,No internet service,No internet service,Month-to-month,Yes,Mailed check,18.0,900.14,Yes
C-2515b4d7,Male,0,No,No,8,Yes,No,No,No internet service,No internet service,No internet service,No internet service,No internet service,No internet service,Month-to-month,No,Credit card (automatic),26.39,199.97,Yes
C-6acdc02c,Male,0,No,No,13,Yes,No,DSL,No,No,Yes,No,No,No,Two year,No,Credit card (automatic),31.82,425.29,No
C-762cea28,Male,0,No,No,25,Yes,No,DSL,No,Yes,No,No,Yes,No,Month-to-month,Yes,Credit card (automatic),41.74,1052.84,No
C-2ac54a70,Female,0,Yes,Yes,3,Yes,Yes,No,No internet service,No internet service,No internet service,No internet service,No internet service,No internet service,Two year,Yes,Electronic check,18.0,63.26,No
C-0640ef4d,Male,0,No,No,53,Yes,Yes,Fiber optic,No,Yes,No,No,No,Yes,Month-to-month,No,Electronic check,55.79,2961.36,Yes
C-ec0bb5f4,Male,1,Yes,Yes,50,Yes,No,Fiber optic,No,Yes,No,No,Yes,No,Two year,Yes,Credit card (automatic),47.19,2384.83,No
C-ccda09f7,Female,0,Yes,Yes,1,Yes,Yes,Fiber optic,Yes,No,Yes,No,No,Yes,Month-to-month,Yes,Mailed check,57.56,23.38,Yes
C-012e8056,Male,1,Yes,No,6,Yes,No,DSL,Yes,Yes,Yes,No internet service,No internet service,No,Month-to-month,Yes,Electronic check,38.87,230.02,No
C-47dd6ea4,Male,0,Yes,No,31,Yes,No,No,No internet service,No internet service,No internet service,No internet service,No internet service,No internet service,One year,Yes,Electronic check,18.0,556.3,No
C-0d6d0758,Female,0,Yes,No,26,Yes,Yes,Fiber optic,No,Yes,Yes,Yes,Yes,Yes,Month-to-month,Yes,Electronic check,63.33,1666.41,No
C-61937946,Female,0,No,No,23,Yes,Yes,Fiber optic,No,Yes,No,No,No,No,Month-to-month,Yes,Mailed check,44.2,990.89,Yes
C-15563073,Female,0,Yes,No,70,Yes,Yes,No,No internet service,No internet service,No internet service,No internet service,No internet service,No internet service,Month-to-month,Yes,Credit card (automatic),18.0,1269.45,No
C-1edd3e7a,Female,0,No,No,33,Yes,Yes,Fiber optic,No,Yes,No internet service,No internet service,No,No internet service,One year,No,Bank transfer (automatic),46.64,1538.47,No
C-714564cd,Male,0,No,No,27,Yes,No,Fiber optic,Yes,No internet service,No,No,No,No,Month-to-month,No,Electronic check,45.63,1242.37,No
C-9a2a2809,Female,0,No,No,72,No,No phone service,Fiber optic,No,No,No,No,Yes,No,Two year,Yes,Electronic check,46.46,3342.23,No
C-da840a8f,Male,0,Yes,Yes,44,No,No phone service,DSL,No,No,Yes,No,Yes,Yes,Month-to-month,No,Credit card (automatic),35.31,1588.53,No
C-cb60c740,Male,0,No,Yes,58,Yes,No phone service,DSL,Yes,No,Yes,No,No,No,One year,No,Credit card (automatic),31.21,1766.68,No
C-f0751af3,Male,0,Yes,No,23,Yes,Yes,DSL,No,Yes,No,No,Yes,Yes,Month-to-month,No,Electronic check,42.58,992.3,Yes
C-863087b7,Female,0,Yes,No,56,Yes,No phone service,DSL,Yes,Yes,No,No,No,No internet service,Month-to-month,Yes,Bank transfer (automatic),39.79,2196.16,Yes
C-4deb7df3,Male,0,No,No,37,Yes,No,DSL,No,No,Yes,Yes,Yes,No,Month-to-month,Yes,Mailed check,36.66,1402.5,No
C-2a88f9de,Male,0,Yes,No,65,Yes,No,Fiber optic,Yes,No,Yes,Yes,Yes,Yes,Month-to-month,No,Bank transfer (automatic),73.17,4748.08,No
C-1587a8c6,Male,0,Yes,No,65,Yes,Yes,DSL,Yes,No,No,No,Yes,Yes,One year,Yes,Bank transfer (automatic),42.42,2716.41,No
C-4e91eb90,Male,1,No,No,14,Yes,No,DSL,No,No internet service,No,Yes,No,No,One year,Yes,Electronic check,29.3,392.13,Yes
C-738ec12f,Male,0,Yes,No,13,Yes,Yes,No,No internet service,No internet service,No internet service,No internet service,No internet service,No internet service,Month-to-month,Yes,Bank transfer (automatic),18.79,230.65,Yes
C-7f346ae7,Male,0,No,No,3,Yes,Yes,Fiber optic,Yes,No,No internet service,No,Yes,No internet service,One year,No,Bank transfer (automatic),53.46,165.88,Yes
C-2b2b7c68,Female,0,No,Yes,50,Yes,Yes,No,No internet service,No internet service,No internet service,No internet service,No internet service,No internet service,Month-to-month,No,Mailed check,19.35,961.34,No
C-79feba46,Female,1,No,No,30,Yes,Yes,DSL,No,No,No,No,Yes,No internet service,Two year,Yes,Credit card (automatic),33.73,1022.83,No
C-d077ca0f,Male,0,Yes,No,46,Yes,Yes,Fiber optic,No,Yes,No internet service,Yes,No,No,One year,Yes,Bank transfer (automatic),47.52,2216.26,No
C-9c3427b8,Female,0,Yes,No,69,Yes,Yes,No,No internet service,No internet service,No internet service,No internet service,No internet service,No internet service,Month-to-month,Yes,Mailed check,18.16,1261.25,Yes
C-34490d48,Female,0,Yes,No,55,Yes,Yes,No,No internet service,No internet service,No internet service,No internet service,No internet service,No internet service,One year,Yes,Electronic check,18.0,1036.0,No
C-a40545eb,Female,0,No,No,23,Yes,Yes,No,No internet service,No internet service,No internet service,No internet service,No internet service,No internet service,One year,Yes,Electronic check,18.24,444.76,No
C-1404476e,Male,1,No,No,27,Yes,No phone service,Fiber optic,No,No,No,Yes,No,No,One year,No,Mailed check,45.28,1213.7,No
C-5fbd0729,Male,1,No,Yes,52,Yes,Yes,No,No internet service,No internet service,No internet service,No internet service,No internet service,No internet service,One year,No,Mailed check,23.34,1211.59,No
C-0fd6011e,Female,0,No,No,17,Yes,Yes,DSL,No,No,No,No,No,No,One year,Yes,Bank transfer (automatic),28.09,470.4,No
C-c4d91c81,Female,0,Yes,No,32,Yes,Yes,Fiber optic,No,Yes,Yes,No,No,Yes,Two year,No,Electronic check,56.94,1824.54,Yes
C-e50743ac,Male,0,Yes,No,27,No,No phone service,No,No internet service,No internet service,No internet service,No internet service,No internet service,No internet service,Month-to-month,No,Bank transfer (automatic),21.21,554.08,No
C-c6cbedaf,Female,0,No,No,65,Yes,Yes,DSL,No,No,Yes,No,No,No,Month-to-month,Yes,Electronic check,31.34,2009.27,Yes
C-94df73d6,Male,1,No,No,14,Yes,Yes,Fiber optic,No internet service,Yes,No,No,Yes,Yes,Month-to-month,No,Bank transfer (automatic),58.89,848.22,No
C-64994c8f,Male,0,Yes,No,43,Yes,No,DSL,No,Yes,Yes,No,No internet service,No,Month-to-month,No,Mailed check,37.34,1611.34,No
C-9d48114a,Female,0,Yes,No,53,Yes,No phone service,DSL,Yes,No,No,Yes,Yes,Yes,Month-to-month,Yes,Credit card (automatic),51.81,2754.22,Yes
C-4ac755c6,Female,1,No,No,28,Yes,No phone service,DSL,Yes,Yes,No,No,No,Yes,Two year,No,Bank transfer (automatic),46.99,1311.58,No
C-381cf717,Female,1,No,No,57,Yes,Yes,No,No internet service,No internet service,No internet service,No internet service,No internet service,No internet service,Two year,No,Credit card (automatic),21.09,1229.29,No
C-44e69b0b,Male,0,Yes,Yes,33,Yes,No,Fiber optic,Yes,No,Yes,Yes,No,No,Month-to-month,Yes,Credit card (automatic),54.36,1810.81,No
C-8511cab7,Male,1,Yes,No,7,Yes,Yes,Fiber optic,No,No,No internet service,No,No,No,One year,No,Electronic check,37.6,250.76,No
C-7c045f3c,Male,0,Yes,No,71,Yes,Yes,No,No internet service,No internet service,No internet service,No internet service,No internet service,No internet service,One year,Yes,Electronic check,25.15,1744.76,No
C-3bafb152,Female,0,No,No,66,Yes,No,Fiber optic,Yes,No,Yes,No,No,No,One year,Yes,Electronic check,53.15,3505.79,No
C-5b0678ef,Female,0,No,No,72,No,No phone service,DSL,No,No,No,No,Yes,No,Month-to-month,Yes,Mailed check,33.1,2373.75,No
C-d28dca1c,Male,0,No,Yes,1,Yes,Yes,Fiber optic,No,No,No,No,Yes,No,One year,No,Bank transfer (automatic),44.86,72.13,Yes
C-4a63cd3e,Male,0,No,No,61,No,No phone service,DSL,Yes,No,No,No internet service,No,No,Two year,No,Bank transfer (automatic),36.25,2219.79,No
C-deac42fc,Female,0,No,No,28,No,No phone service,DSL,Yes,No internet service,No internet service,Yes,Yes,Yes,One year,Yes,Mailed check,48.1,1314.71,No
C-efb9fbd2,Female,0,No,No,23,No,No phone service,No,No internet service,No internet service,No internet service,No internet service,No internet service,No internet service,Month-to-month,Yes,Electronic check,21.84,514.87,Yes
C-099a9113,Male,0,Yes,No,39,Yes,No,Fiber optic,No,No internet service,No,No,No,Yes,Month-to-month,No,Mailed check,45.34,1727.62,Yes
C-7ee09efb,Male,0,Yes,No,29,Yes,Yes,DSL,No,No,No,No,No,No,Two year,No,Electronic check,28.4,802.55,No
C-1cb5f102,Male,1,No,Yes,50,Yes,Yes,Fiber optic,No internet service,Yes,Yes,No,No,Yes,Month-to-month,Yes,Electronic check,55.19,2788.11,No
C-f890deda,Female,1,Yes,No,49,Yes,No phone service,DSL,Yes,No,Yes,Yes,Yes,No internet service,Month-to-month,Yes,Bank transfer (automatic),47.17,2336.05,No
C-9fc57583,Female,0,No,No,72,Yes,No,DSL,No,No internet service,Yes,No,Yes,No,Two year,No,Credit card (automatic),35.37,2557.95,No
C-ad715e12,Female,0,Yes,No,68,Yes,No,Fiber optic,Yes,No,No,No,No,Yes,Month-to-month,No,Mailed check,48.4,3295.06,No
C-a37f3743,Male,0,No,Yes,1,Yes,Yes,No,No internet service,No internet service,No internet service,No internet service,No internet service,No internet service,Month-to-month,Yes,Electronic check,18.0,30.56,Yes
C-9c91e67d,Female,0,No,Yes,15,Yes,Yes,Fiber optic,No internet service,No,No,No,Yes,Yes,Two year,No,Credit card (automatic),51.76,745.63,No
C-3c217429,Male,0,No,Yes,65,Yes,Yes,Fiber optic,No,Yes,No,Yes,Yes,No,Two year,Yes,Mailed check,53.62,3513.35,No
C-2be3e99a,Male,0,Yes,No,60,Yes,No,No,No internet service,No internet service,No internet service,No internet service,No internet service,No internet service,Month-to-month,No,Electronic check,18.76,1092.94,No
C-55857470,Male,0,Yes,No,39,Yes,Yes,No,No internet service,No internet service,No internet service,No internet service,No internet service,No internet service,One year,No,Mailed check,18.26,718.93,No
C-14dc0efa,Male,0,Yes,No,0,Yes,No,Fiber optic,Yes,No,Yes,Yes,No,Yes,Month-to-month,No,Electronic check,65.14,13.04,Yes
C-1914eb7b,Male,0,Yes,No,33,Yes,Yes,No,No internet service,No internet service,No internet service,No internet service,No internet service,No internet service,One year,Yes,Mailed check,18.0,564.44,No
C-228a087e,Male,0,No,No,66,Yes,Yes,DSL,No,No,No,No,No,No internet service,Month-to-month,Yes,Electronic check,27.8,1829.7,No
C-2fb78c8a,Female,0,Yes,Yes,10,Yes,No phone service,DSL,No,No,No,Yes,No,No,One year,Yes,Electronic check,29.0,297.95,No
C-90e71e27,Female,0,No,No,63,Yes,Yes,Fiber optic,Yes,Yes,Yes,No,Yes,Yes,Month-to-month,Yes,Bank transfer (automatic),64.05,4022.98,Yes
C-10e8d744,Female,0,Yes,No,18,Yes,No,DSL,Yes,No,No,No,Yes,No,Month-to-month,Yes,Bank transfer (automatic),34.93,664.44,No
C-72336eab,Female,1,No,No,6,Yes,No,DSL,No,No,Yes,No internet service,No,No,Month-to-month,No,Electronic check,29.79,172.12,No
C-d4ad80d5,Male,0,No,No,28,Yes,No phone service,DSL,Yes,No internet service,No,No,No,No internet service,Month-to-month,No,Bank transfer (automatic),33.97,955.66,No
C-af5cfef9,Male,0,No,No,28,Yes,No,DSL,No,No,No,No,No internet service,No,One year,Yes,Electronic check,25.55,701.35,No
C-415aa9ac,Male,1,Yes,Yes,61,Yes,No,Fiber optic,No,No,Yes,No,No,No,Two year,No,Bank transfer (automatic),45.7,2768.91,No
C-98351105,Male,0,Yes,No,65,Yes,Yes,Fiber optic,No,Yes,No internet service,No,No,No,Month-to-month,Yes,Electronic check,45.4,2953.35,Yes
C-095f7ee3,Female,0,Yes,Yes,59,Yes,No phone service,Fiber optic,No,No,No,No internet service,Yes,No,One year,No,Bank transfer (automatic),46.2,2737.34,No
C-6d602fb4,Male,0,No,Yes,17,Yes,Yes,Fiber optic,No,No,Yes,Yes,Yes,Yes,Two year,No,Bank transfer (automatic),62.82,1045.63,No
C-8252690a,Female,0,Yes,Yes,0,Yes,Yes,DSL,No,No,No internet service,No,No,Yes,Month-to-month,Yes,Credit card (automatic),34.64,0.0,Yes
C-f5f094fd,Male,0,No,No,38,Yes,No,DSL,Yes,No,No,Yes,Yes,Yes,Month-to-month,Yes,Credit card (automatic),51.56,1938.79,No
C-707d4790,Male,0,No,No,30,Yes,No,Fiber optic,No,No,Yes,No,No,Yes,Month-to-month,No,Bank transfer (automatic),55.55,1678.87,Yes
C-3fec7a23,Female,1,No,Yes,30,Yes,Yes,DSL,No internet service,Yes,Yes,No,Yes,No,Month-to-month,No,Bank transfer (automatic),38.53,1158.67,Yes
C-75e47e4d,Female,0,No,No,58,No,No phone service,No,No internet service,No internet service,No internet service,No internet service,No internet service,No internet service,Two year,No,Electronic check,24.66,1423.65,No
C-c066dcfa,Female,0,No,No,62,Yes,No,Fiber optic,Yes,No,No,No,No,No,Month-to-month,Yes,Credit card (automatic),45.91,2856.7,No
C-e1d344c0,Male,1,Yes,Yes,20,Yes,No,DSL,No,Yes,No,No,Yes,No,Two year,Yes,Electronic check,38.2,741.51,No
C-41ca5dd9,Female,0,No,Yes,46,Yes,No,Fiber optic,No,No,Yes,Yes,Yes,Yes,Two year,No,Electronic check,62.55,2876.01,No
C-04c789c3,Female,0,No,No,61,Yes,No,Fiber optic,No,Yes,No,Yes,Yes,No,Two year,No,Electronic check,58.92,3637.09,No
C-79ef7ff1,Male,0,Yes,No,19,Yes,No,Fiber optic,No internet service,No,No,No,Yes,Yes,Month-to-month,No,Electronic check,50.72,960.75,Yes
C-6e01a884,Female,0,No,Yes,58,Yes,Yes,DSL,No,Yes,No internet service,No,Yes,No,Month-to-month,Yes,Electronic check,35.44,2066.74,Yes
C-0111ad2c,Male,1,No,Yes,15,Yes,No,Fiber optic,Yes,No,Yes,No internet service,Yes,No internet service,Month-to-month,No,Bank transfer (automatic),52.43,776.31,No
C-de9ff18b,Female,0,Yes,No,42,Yes,Yes,DSL,Yes,Yes,No,Yes,Yes,Yes,One year,No,Electronic check,56.27,2365.92,No
C-5f042627,Female,1,Yes,No,20,Yes,Yes,DSL,No,Yes,Yes,No,No,No,Month-to-month,Yes,Credit card (automatic),34.71,725.07,Yes
C-aaa25638,Male,0,Yes,No,26,Yes,Yes,DSL,Yes,No,No,Yes,Yes,Yes,Two year,Yes,Credit card (automatic),54.01,1392.19,No
C-e2277d07,Female,0,Yes,No,68,Yes,No,Fiber optic,Yes,No,No,Yes,Yes,Yes,Two year,No,Credit card (automatic),63.72,4334.77,No
C-5ac6f465,Female,1,No,No,15,Yes,No phone service,DSL,No internet service,No internet service,Yes,No,Yes,No,Two year,No,Electronic check,38.59,561.7,No
C-30fe6ab4,Male,0,No,No,41,No,No phone service,No,No internet service,No internet service,No internet service,No internet service,No internet service,No internet service,Two year,Yes,Mailed check,20.63,879.38,No
C-70048d18,Male,0,No,No,13,Yes,No phone service,Fiber optic,No,No,No internet service,No,No,No,Month-to-month,Yes,Credit card (automatic),43.22,558.3,Yes
C-cfdde41d,Female,0,Yes,No,57,Yes,No,No,No internet service,No internet service,No internet service,No internet service,No internet service,No internet service,Month-to-month,No,Electronic check,24.47,1406.16,No
C-219f3208,Female,0,No,Yes,32,Yes,Yes,Fiber optic,No,No,Yes,No,No,Yes,Month-to-month,Yes,Electronic check,50.49,1599.59,No
C-bb65dba5,Female,1,No,No,49,Yes,Yes,Fiber optic,No,No,No,Yes,Yes,Yes,Two year,No,Mailed check,53.29,2592.34,No
C-5881b780,Male,0,No,Yes,36,Yes,No,Fiber optic,No,No internet service,No,No,Yes,No,One year,No,Mailed check,48.84,1781.33,No
C-2c100c0e,Male,0,Yes,No,0,Yes,No,Fiber optic,No,No,No,No,Yes,Yes,One year,No,Bank transfer (automatic),46.9,39.57,Yes
C-fec14275,Female,0,No,No,67,No,No phone service,Fiber optic,Yes,No,No,Yes,No,No,Month-to-month,Yes,Electronic check,51.9,3447.3,Yes
C-0fb4c122,Female,0,Yes,No,18,Yes,No,Fiber optic,No internet service,No,Yes,No,No,No,Month-to-month,Yes,Bank transfer (automatic),46.19,809.74,No
C-893a0c31,Female,0,No,No,14,Yes,No,Fiber optic,No,No,No internet service,Yes,No internet service,No internet service,One year,Yes,Bank transfer (automatic),43.43,575.82,No
C-e31a2ada,Male,0,No,No,43,Yes,Yes,No,No internet service,No internet service,No internet service,No internet service,No internet service,No internet service,Month-to-month,Yes,Electronic check,24.09,1023.72,No
C-7937d12e,Male,0,Yes,Yes,68,Yes,Yes,DSL,No,Yes,No,Yes,No,No,Month-to-month,Yes,Credit card (automatic),32.75,2236.66,No
C-d5c24d40,Male,0,No,No,66,Yes,No phone service,Fiber optic,No,No,Yes,No internet service,Yes,Yes,Month-to-month,No,Electronic check,56.28,3726.78,Yes
C-51bf8281,Female,1,No,No,2,Yes,No phone service,DSL,No,No,No,No,Yes,Yes,Month-to-month,No,Electronic check,32.92,70.33,Yes
C-b6d00042,Female,0,Yes,No,15,No,No phone service,DSL,No,Yes,Yes,Yes,No,Yes,Month-to-month,No,Credit card (automatic),41.45,622.73,No
C-4e476ed9,Male,0,No,No,12,Yes,Yes,DSL,No,No,Yes,No internet service,No internet service,No,Month-to-month,Yes,Electronic check,39.84,469.87,No
C-9ae20adb,Male,0,No,No,63,Yes,No,DSL,No,No,No,Yes,Yes,No,Month-to-month,Yes,Electronic check,37.26,2375.26,No
C-fba37240,Male,0,Yes,No,9,Yes,Yes,DSL,No,No,No,Yes,No,No,One year,Yes,Bank transfer (automatic),33.61,313.8,No
C-830baa7b,Female,0,Yes,No,15,Yes,Yes,Fiber optic,No,No,No,No internet service,No,Yes,One year,Yes,Credit card (automatic),42.33,663.37,Yes
C-d8b8f051,Female,0,No,No,48,No,No phone service,DSL,No internet service,Yes,No internet service,Yes,Yes,No,Two year,Yes,Electronic check,40.74,1959.29,No
C-89361cd1,Male,0,Yes,No,19,Yes,No,Fiber optic,No,No,Yes,No internet service,Yes,No,Two year,No,Electronic check,50.42,921.14,No
C-ba364a50,Male,0,No,No,63,No,No phone service,DSL,No,No internet service,No,No,Yes,Yes,One year,Yes,Electronic check,32.54,2029.86,No
C-df6d9b91,Male,0,No,Yes,36,Yes,Yes,DSL,No internet service,No,No,No,No internet service,Yes,One year,No,Credit card (automatic),35.72,1323.49,No
C-447c8e6b,Male,0,No,No,57,Yes,Yes,No,No internet service,No internet service,No internet service,No internet service,No internet service,No internet service,One year,Yes,Credit card (automatic),20.44,1171.29,No
C-61a5618e,Female,1,No,No,34,Yes,No phone service,Fiber optic,No,No,No,No,No internet service,Yes,Two year,Yes,Bank transfer (automatic),44.33,1528.16,No
C-21e25b08,Male,1,No,No,28,Yes,No phone service,DSL,Yes,No,Yes,Yes,No,No,Two year,No,Mailed check,40.32,1138.55,No
C-c47ef027,Male,0,No,Yes,12,No,No phone service,DSL,Yes,No internet service,No,Yes,No,Yes,Two year,Yes,Bank transfer (automatic),43.41,547.75,No
C-3199111f,Male,0,Yes,No,36,Yes,Yes,Fiber optic,Yes,Yes,No,Yes,No,No,Month-to-month,No,Electronic check,56.82,2045.46,Yes
C-6ce7f0eb,Male,0,No,No,50,Yes,Yes,Fiber optic,Yes,No,No,No,No,Yes,Month-to-month,Yes,Bank transfer (automatic),49.18,2446.0,No
C-72fdac18,Male,0,No,Yes,43,Yes,Yes,No,No internet service,No internet service,No internet service,No internet service,No internet service,No internet service,Month-to-month,No,Bank transfer (automatic),20.85,909.99,Yes
C-31c054f0,Female,0,No,No,51,Yes,No phone service,DSL,Yes,Yes,No,No internet service,Yes,Yes,Month-to-month,No,Bank transfer (automatic),47.29,2416.65,No
C-9d3bc724,Female,0,No,No,70,Yes,Yes,DSL,Yes,Yes,No,No,Yes,No,Month-to-month,No,Electronic check,44.02,3063.13,No
C-01f814fd,Male,0,Yes,No,50,Yes,No phone service,DSL,No,Yes,No internet service,Yes,No,Yes,Month-to-month,Yes,Mailed check,37.39,1875.11,No
C-e6db13b2,Female,0,No,No,43,Yes,Yes,No,No internet service,No internet service,No internet service,No internet service,No internet service,No internet service,One year,No,Bank transfer (automatic),19.43,849.54,No
C-bfd9e847,Male,0,No,No,61,Yes,Yes,Fiber optic,Yes,Yes,Yes,No,Yes,Yes,Two year,Yes,Mailed check,76.85,4694.66,No
C-0133e397,Male,1,Yes,No,55,No,No phone service,Fiber optic,Yes,No,No internet service,No internet service,No,No,Two year,Yes,Electronic check,41.24,2271.54,No
C-a5f41f3d,Male,0,No,No,55,Yes,Yes,No,No internet service,No internet service,No internet service,No internet service,No internet service,No internet service,Two year,No,Electronic check,21.29,1164.19,No
C-ab323b8f,Female,0,Yes,No,61,Yes,No,DSL,No,No,Yes,No internet service,Yes,No,One year,Yes,Electronic check,33.69,2059.12,No
C-1cb98b14,Male,0,No,No,24,Yes,No,Fiber optic,Yes,No,No,Yes,Yes,No,Month-to-month,Yes,Bank transfer (automatic),55.99,1301.07,Yes
C-85f31156,Male,0,No,Yes,24,Yes,No,Fiber optic,No,No internet service,Yes,No,Yes,Yes,Two year,No,Mailed check,60.44,1456.48,No
C-e39e99ba,Female,0,No,No,17,Yes,No phone service,DSL,Yes,No,No,No,No,Yes,Month-to-month,Yes,Electronic check,37.12,685.16,No
C-8be2d0a9,Female,0,No,No,38,Yes,No phone service,DSL,No internet service,No,No,No,No,No,Month-to-month,Yes,Mailed check,24.81,954.3,No
C-eea9201c,Male,0,No,No,15,Yes,Yes,No,No internet service,No internet service,No internet service,No internet service,No internet service,No internet service,Two year,No,Credit card (automatic),18.46,272.96,No
C-6b403fc6,Female,0,No,Yes,11,Yes,Yes,DSL,No,No,Yes,Yes,No internet service,Yes,Two year,Yes,Electronic check,35.95,407.26,No
C-eeac08d6,Male,0,No,No,44,No,No phone service,No,No internet service,No internet service,No internet service,No internet service,No internet service,No internet service,Two year,No,Electronic check,18.0,786.89,No
C-f4bb02b3,Female,0,No,No,28,No,No phone service,DSL,No,Yes,No,No,Yes,No,Month-to-month,No,Credit card (automatic),32.35,931.36,No
C-9d8243dc,Female,0,Yes,No,60,Yes,Yes,Fiber optic,Yes,Yes,No internet service,Yes,Yes,Yes,Two year,Yes,Electronic check,68.09,4090.24,No
C-94a9c462,Male,0,Yes,Yes,70,Yes,Yes,DSL,No,No,Yes,No,Yes,No,One year,Yes,Electronic check,37.47,2586.15,No
C-e09f8e47,Female,0,Yes,No,0,No,No phone service,DSL,Yes,Yes,Yes,No,Yes,No,Month-to-month,Yes,Bank transfer (automatic),45.99,2.61,Yes
C-2e2f27dd,Male,0,No,No,38,Yes,Yes,Fiber optic,No,Yes,Yes,Yes,No,No,Month-to-month,No,Bank transfer (automatic),56.53,2185.51,Yes
C-22e77885,Female,0,Yes,No,36,Yes,No,Fiber optic,No,No,Yes,No internet service,No internet service,Yes,Two year,Yes,Bank transfer (automatic),48.89,1780.42,No
C-e6c8c2ad,Male,0,Yes,No,23,Yes,No,Fiber optic,No,Yes,Yes,No,Yes,No,Two year,No,Bank transfer (automatic),58.12,1335.05,No
C-3a3e6566,Female,0,No,Yes,61,No,No phone service,No,No internet service,No internet service,No internet service,No internet service,No internet service,No internet service,Month-to-month,No,Electronic check,19.6,1154.32,Yes
C-2b2a7c31,Female,0,No,No,45,Yes,Yes,DSL,Yes,No,No,Yes,Yes,No,One year,No,Electronic check,38.17,1748.59,No
C-4d57374a,Female,0,Yes,No,52,Yes,Yes,DSL,No,Yes,No,Yes,Yes,No,Two year,Yes,Electronic check,37.93,2006.25,No
C-49292a85,Female,0,Yes,Yes,55,No,No phone service,Fiber optic,Yes,Yes,No,Yes,No,No,Month-to-month,Yes,Bank transfer (automatic),56.7,3136.63,Yes
C-ea483cb2,Male,0,Yes,Yes,70,Yes,No phone service,DSL,Yes,Yes,No,No internet service,Yes,Yes,Two year,No,Electronic check,47.32,3294.6,No
C-4cdacf0c,Female,0,Yes,No,9,Yes,No,DSL,No,No,No internet service,No,Yes,No,Month-to-month,No,Electronic check,31.28,307.17,No
C-42f56aa0,Female,0,No,Yes,32,No,No phone service,Fiber optic,No,No,Yes,Yes,No,No,Two year,No,Bank transfer (automatic),50.06,1580.72,No
C-f7af4b77,Female,0,Yes,No,72,Yes,Yes,Fiber optic,Yes,No,No,Yes,Yes,Yes,One year,Yes,Electronic check,66.05,4759.93,No
C-df873f8e,Male,0,Yes,Yes,71,Yes,Yes,Fiber optic,No,Yes,Yes,No,No,No,Month-to-month,No,Mailed check,48.36,3440.44,Yes
C-84fd29f3,Male,0,No,No,38,Yes,Yes,Fiber optic,Yes,Yes,Yes,Yes,No,Yes,Month-to-month,Yes,Electronic check,67.65,2553.95,Yes
C-27988f56,Male,0,Yes,No,59,Yes,Yes,Fiber optic,Yes,Yes,No internet service,No,Yes,Yes,Month-to-month,Yes,Mailed check,64.77,3832.4,No
C-aedb2dbf,Male,0,No,No,16,Yes,No phone service,Fiber optic,No,No,No internet service,No,Yes,No,Month-to-month,Yes,Bank transfer (automatic),42.87,696.25,Yes
C-1ec6a23b,Female,0,Yes,No,69,Yes,No phone service,No,No internet service,No internet service,No internet service,No internet service,No internet service,No internet service,Month-to-month,Yes,Electronic check,22.57,1585.88,Yes
C-d4b75c2a,Female,0,Yes,No,62,Yes,No,Fiber optic,Yes,No,No internet service,No internet service,No,No,Month-to-month,No,Electronic check,40.83,2510.92,Yes
C-aedaff91,Male,0,Yes,Yes,59,Yes,No,DSL,No,No internet service,No,Yes,No,Yes,One year,Yes,Bank transfer (automatic),34.84,2035.46,No
C-081ea951,Female,0,No,Yes,34,Yes,No,No,No internet service,No internet service,No internet service,No internet service,No internet service,No internet service,Two year,Yes,Mailed check,18.87,602.17,No
C-82061142,Female,0,No,No,54,Yes,No phone service,Fiber optic,No,No,Yes,Yes,No,No,One year,Yes,Bank transfer (automatic),49.74,2681.74,No
C-646ad759,Female,1,No,No,48,Yes,No phone service,DSL,Yes,No,No,Yes,Yes,No,One year,Yes,Credit card (automatic),47.79,2298.55,No
C-ef80e264,Female,0,No,No,32,No,No phone service,DSL,No,No,Yes,No,No internet service,No,Two year,No,Electronic check,29.22,932.5,No
C-8ee7fbd6,Female,0,Yes,No,9,Yes,Yes,Fiber optic,No,No,Yes,No,Yes,Yes,Month-to-month,Yes,Electronic check,59.89,542.62,Yes
C-d45ca432,Female,0,Yes,No,62,Yes,No,DSL,No,Yes,No,No,No,No,Month-to-month,No,Electronic check,27.6,1684.93,No
C-7b3751d9,Female,0,Yes,No,5,No,No phone service,Fiber optic,Yes,No,No internet service,No internet service,No,No internet service,One year,Yes,Bank transfer (automatic),47.5,259.32,Yes
C-2f7cb52f,Female,0,No,No,15,Yes,No,DSL,Yes,No,No,Yes,No,No,One year,Yes,Credit card (automatic),35.26,522.58,No
C-178ccf91,Female,0,Yes,No,64,Yes,Yes,DSL,Yes,No,Yes,Yes,No,No internet service,Two year,Yes,Bank transfer (automatic),42.42,2733.78,No
C-72f719c3,Female,0,No,No,31,Yes,No,Fiber optic,Yes,Yes,Yes,No,No,Yes,Two year,No,Credit card (automatic),66.64,2063.76,Yes
C-dc4c8007,Female,0,Yes,No,24,Yes,Yes,No,No internet service,No internet service,No internet service,No internet service,No internet service,No internet service,Month-to-month,No,Credit card (automatic),23.9,566.08,No
C-d3012a77,Male,1,No,Yes,67,Yes,No phone service,DSL,No,Yes,No,No,No,Yes,Two year,Yes,Electronic check,36.54,2417.76,No
C-eadc0e97,Male,0,Yes,No,7,Yes,No,DSL,Yes,Yes,No internet service,No,Yes,Yes,Month-to-month,Yes,Bank transfer (automatic),44.92,307.26,Yes
C-47e4c11e,Female,0,No,No,30,Yes,No,DSL,No,Yes,No,Yes,No,Yes,Two year,No,Bank transfer (automatic),44.98,1383.86,No
C-6632af32,Male,0,No,No,63,Yes,No,Fiber optic,No,No,No,No,No,No,One year,Yes,Mailed check,38.43,2463.22,No
C-79e2b6d0,Female,0,Yes,No,32,Yes,No,DSL,Yes,No,Yes,No,No,No,Month-to-month,Yes,Credit card (automatic),36.51,1117.29,Yes
C-76eb355e,Male,0,No,Yes,21,Yes,No,Fiber optic,No,No internet service,No,No,Yes,Yes,One year,Yes,Electronic check,51.81,1109.4,No
C-9bb5b8c9,Female,1,Yes,No,32,Yes,No,Fiber optic,Yes,Yes,Yes,No,No,Yes,Month-to-month,Yes,Bank transfer (automatic),65.49,2102.0,No
C-1e45af3b,Female,1,Yes,No,35,Yes,Yes,Fiber optic,No internet service,Yes,No,Yes,No,No internet service,Month-to-month,Yes,Electronic check,42.1,1491.82,Yes
C-954a450b,Female,0,No,No,34,Yes,No phone service,No,No internet service,No internet service,No internet service,No internet service,No internet service,No internet service,Two year,Yes,Mailed check,30.01,1036.12,No
C-91ba0635,Male,1,No,No,34,Yes,No,Fiber optic,No,No,Yes,No,Yes,No internet service,Two year,Yes,Electronic check,45.14,1510.88,No
C-f6d1bf46,Male,1,Yes,Yes,69,Yes,Yes,Fiber optic,No,No,No internet service,Yes,No,Yes,Month-to-month,Yes,Electronic check,50.52,3498.39,Yes
C-6af8af02,Female,0,No,Yes,26,Yes,No,DSL,No,No,Yes,No,No,Yes,One year,No,Electronic check,37.95,992.74,No
C-251f0262,Female,0,Yes,No,6,Yes,Yes,DSL,No,No,No,No,No,No,One year,Yes,Credit card (automatic),22.14,151.31,No
C-0e7497d7,Male,0,No,No,24,Yes,No,Fiber optic,No,No,No internet service,Yes,Yes,No,Month-to-month,No,Mailed check,46.15,1116.6,No
C-626f213d,Male,0,No,No,41,Yes,No phone service,DSL,Yes,Yes,No,Yes,No,No,Month-to-month,Yes,Electronic check,42.24,1709.38,No
C-5f822347,Female,0,Yes,No,0,Yes,Yes,Fiber optic,No internet service,No,Yes,No,Yes,No,Two year,Yes,Electronic check,49.69,0.0,Yes
C-02b607cd,Male,0,No,No,31,Yes,No,DSL,Yes,Yes,Yes,Yes,No,No,Month-to-month,No,Electronic check,50.06,1562.12,No
C-1bf7d3df,Male,0,No,No,20,Yes,Yes,DSL,No,No,Yes,No internet service,Yes,Yes,Month-to-month,No,Mailed check,42.98,864.02,No
C-ee53ec1e,Female,0,No,No,38,Yes,Yes,DSL,No,Yes,Yes,No,No,Yes,One year,Yes,Credit card (automatic),44.63,1650.14,No
C-90c8cd11,Female,0,Yes,Yes,38,No,No phone service,Fiber optic,No,No,No,No,Yes,No internet service,Two year,Yes,Bank transfer (automatic),45.97,1754.27,Yes
C-5f59c948,Male,0,Yes,Yes,35,Yes,No,Fiber optic,No,No,Yes,No,Yes,Yes,Month-to-month,Yes,Electronic check,54.95,1932.34,Yes
C-6a737f34,Male,0,Yes,Yes,68,Yes,No,Fiber optic,Yes,Yes,No,No internet service,No,Yes,Month-to-month,No,Credit card (automatic),57.01,3860.53,Yes
C-969d1613,Male,0,No,No,58,Yes,No,DSL,No internet service,Yes,Yes,No,No,No,Month-to-month,Yes,Electronic check,33.26,1926.31,No
C-648d9187,Male,0,No,No,50,Yes,No,No,No internet service,No internet service,No internet service,No internet service,No internet service,No internet service,Month-to-month,Yes,Mailed check,20.33,1031.23,No
C-0c445e91,Male,0,Yes,No,61,Yes,Yes,Fiber optic,No,Yes,No,No,No,No,Month-to-month,No,Electronic check,42.93,2609.07,Yes
C-ba5c52d8,Male,0,No,No,7,Yes,Yes,Fiber optic,Yes,Yes,Yes,Yes,Yes,Yes,Two year,Yes,Credit card (automatic),74.69,517.48,No
C-c7da5eaf,Female,0,Yes,No,46,Yes,No,Fiber optic,Yes,No,Yes,No,Yes,No,Month-to-month,Yes,Electronic check,57.25,2636.79,Yes
C-8f20e101,Male,0,No,No,23,Yes,No,DSL,No,Yes,Yes,Yes,Yes,No,Month-to-month,No,Bank transfer (automatic),43.28,989.95,No
C-ede4c50d,Female,0,No,Yes,10,Yes,No,Fiber optic,No,No,Yes,No,No internet service,Yes,Month-to-month,No,Electronic check,50.86,511.85,Yes
C-895a034b,Male,0,Yes,No,4,Yes,No,No,No internet service,No internet service,No internet service,No internet service,No internet service,No internet service,Month-to-month,Yes,Credit card (automatic),22.26,105.67,Yes
C-7ef2c656,Female,0,Yes,No,17,Yes,Yes,Fiber optic,No internet service,No,No,No internet service,Yes,No,Two year,No,Electronic check,35.6,608.03,No
C-3637b925,Male,0,Yes,Yes,6,Yes,Yes,No,No internet service,No internet service,No internet service,No internet service,No internet service,No internet service,One year,Yes,Bank transfer (automatic),21.59,153.11,Yes
C-8fe5074a,Female,0,No,No,69,Yes,Yes,No,No internet service,No internet service,No internet service,No internet service,No internet service,No internet service,Two year,Yes,Credit card (automatic),20.99,1424.84,Yes
C-efb7c05f,Male,0,No,Yes,64,Yes,No,No,No internet service,No internet service,No internet service,No internet service,No internet service,No internet service,Two year,Yes,Electronic check,20.04,1292.84,No
C-2cf4acf9,Female,0,No,No,14,No,No phone service,Fiber optic,No,No,No,No,No,No,Month-to-month,No,Mailed check,40.55,565.08,Yes
C-d8377286,Male,1,Yes,Yes,47,Yes,No,Fiber optic,No,No,No,No,No,No,Month-to-month,No,Credit card (automatic),42.63,2014.59,No
C-a444cb25,Male,0,No,No,41,Yes,Yes,Fiber optic,No,Yes,No internet service,Yes,No,No,Month-to-month,Yes,Electronic check,51.62,2120.12,No
C-d4f6f0d0,Male,0,Yes,No,28,Yes,Yes,Fiber optic,No,Yes,Yes,No,No,No,Two year,Yes,Mailed check,53.52,1474.97,No
C-bffdd58f,Female,0,Yes,No,60,Yes,No,Fiber optic,No,No internet service,Yes,No,Yes,No,Month-to-month,Yes,Mailed check,47.92,2858.7,No
C-53a7d38f,Male,0,No,No,14,Yes,Yes,DSL,Yes,Yes,Yes,No,No,No,Two year,No,Bank transfer (automatic),43.89,608.15,No
C-51afb961,Male,0,Yes,No,1,Yes,No,DSL,No,No,No,No,No,Yes,Month-to-month,Yes,Credit card (automatic),33.35,41.29,Yes
C-1d789b68,Male,0,Yes,No,28,Yes,No,No,No internet service,No internet service,No internet service,No internet service,No internet service,No internet service,Month-to-month,Yes,Mailed check,19.53,563.6,Yes
C-2d53b3d1,Female,0,Yes,No,51,Yes,No,Fiber optic,Yes,Yes,Yes,Yes,No,No,One year,Yes,Electronic check,65.15,3310.06,No
C-424f20b6,Male,1,No,No,45,Yes,Yes,DSL,No,No,No,No,Yes,Yes,Month-to-month,Yes,Electronic check,34.63,1581.78,Yes
C-0ecd824f,Male,1,No,No,45,Yes,No,Fiber optic,No,No,No,No,Yes,Yes,One year,Yes,Electronic check,52.56,2355.0,No
C-01ce2396,Male,0,No,No,40,Yes,No phone service,Fiber optic,No,No,No,Yes,No,Yes,Two year,No,Bank transfer (automatic),53.22,2116.75,No
C-47500111,Female,0,No,No,17,Yes,No,DSL,No,No,No,No,Yes,No,Month-to-month,Yes,Electronic check,34.68,618.93,Yes
C-a8c6f8ac,Male,0,Yes,No,18,Yes,No phone service,No,No internet service,No internet service,No internet service,No internet service,No internet service,No internet service,Month-to-month,Yes,Credit card (automatic),22.85,440.63,No
C-5cd1f407,Male,1,Yes,No,53,Yes,No phone service,DSL,Yes,No,No,Yes,No,No,Month-to-month,Yes,Bank transfer (automatic),37.31,1948.4,No
C-b0cc73e2,Male,0,Yes,Yes,3,Yes,Yes,No,No internet service,No internet service,No internet service,No internet service,No internet service,No internet service,Month-to-month,Yes,Electronic check,18.0,60.84,Yes
C-1d9c0d4a,Female,0,Yes,Yes,38,No,No phone service,Fiber optic,Yes,No,No,No,Yes,No,Month-to-month,Yes,Credit card (automatic),52.76,1993.46,No
C-2ecd4d53,Male,0,Yes,Yes,6,Yes,No phone service,Fiber optic,No,No,Yes,No,Yes,Yes,Two year,Yes,Credit card (automatic),52.47,309.38,No
C-c99b0427,Female,0,Yes,Yes,38,Yes,No,DSL,No,No,Yes,No,Yes,No,One year,No,Credit card (automatic),39.66,1474.01,No
C-015cfca2,Female,0,No,No,46,No,No phone service,Fiber optic,Yes,No internet service,No,No internet service,No,Yes,One year,Yes,Mailed check,51.96,2440.03,No
C-4781a327,Female,0,No,No,36,No,No phone service,DSL,No,No,No,Yes,Yes,No,Month-to-month,Yes,Bank transfer (automatic),33.2,1177.15,No
C-34cd94d5,Male,0,No,No,47,Yes,Yes,Fiber optic,No,No,No,Yes,No,Yes,Month-to-month,Yes,Electronic check,47.33,2227.58,Yes
C-79edd4e1,Female,0,Yes,No,54,Yes,No,Fiber optic,Yes,No,No,No,Yes,No,Month-to-month,No,Bank transfer (automatic),52.07,2838.29,No
C-e02d56f0,Male,0,No,No,70,Yes,Yes,DSL,No,No,No,No,No,Yes,Two year,Yes,Electronic check,30.64,2141.66,No
C-c51d3f45,Male,1,No,No,47,Yes,No,Fiber optic,No,No,No,No,Yes,No,Month-to-month,Yes,Credit card (automatic),46.62,2184.71,Yes
C-68b72a9f,Male,1,Yes,Yes,70,Yes,Yes,Fiber optic,Yes,No,Yes,Yes,No,No internet service,Two year,Yes,Electronic check,58.13,4096.12,No
C-c3dc4f54,Male,0,Yes,No,63,Yes,No phone service,Fiber optic,No,Yes,No,No,No internet service,Yes,Month-to-month,Yes,Credit card (automatic),48.99,3129.69,Yes
C-9ad64237,Male,0,No,No,22,Yes,No phone service,Fiber optic,No,Yes,No internet service,No,Yes,No,Two year,Yes,Electronic check,52.27,1135.94,No
C-f7e6f520,Male,0,Yes,No,37,Yes,No,Fiber optic,Yes,No internet service,No internet service,Yes,No,No,Month-to-month,Yes,Mailed check,50.42,1896.23,Yes
C-eb5f25ef,Male,0,No,No,58,Yes,No phone service,DSL,No,No internet service,Yes,Yes,No,No,Two year,Yes,Electronic check,34.43,2022.19,No
C-4bb9aa14,Male,0,Yes,No,7,Yes,Yes,DSL,No,No,No,No,No internet service,No,Month-to-month,No,Electronic check,21.06,165.17,Yes
C-df86e113,Male,0,Yes,No,68,Yes,Yes,Fiber optic,No,No,Yes,No,Yes,Yes,Month-to-month,Yes,Credit card (automatic),56.45,3825.23,Yes
C-628bdd7d,Male,0,No,No,41,Yes,No phone service,Fiber optic,No,No,No,No,No internet service,Yes,Month-to-month,Yes,Electronic check,43.33,1779.22,Yes
C-68b093d0,Male,0,Yes,No,25,No,No phone service,No,No internet service,No internet service,No internet service,No internet service,No internet service,No internet service,Month-to-month,Yes,Bank transfer (automatic),18.0,500.38,Yes
C-04e4dac2,Male,0,Yes,No,25,Yes,No,DSL,No,No,No,No,No,No,Month-to-month,Yes,Mailed check,21.29,525.97,Yes
C-93924930,Male,0,No,No,67,Yes,Yes,Fiber optic,No,No,Yes,No,Yes,Yes,Month-to-month,No,Electronic check,61.84,4147.33,No
C-2a4b7424,Male,0,No,No,17,Yes,No,DSL,Yes,Yes,No internet service,No,No,Yes,One year,No,Credit card (automatic),42.09,691.19,No
C-f1c04409,Female,1,Yes,No,54,Yes,Yes,DSL,Yes,No,No,No,No,No,Month-to-month,Yes,Credit card (automatic),27.27,1455.59,No
C-e66647c7,Male,0,Yes,No,41,Yes,Yes,DSL,Yes,No internet service,Yes,No,No,No internet service,Month-to-month,No,Electronic check,38.1,1533.26,No
C-54870e4f,Female,0,Yes,No,66,Yes,Yes,No,No internet service,No internet service,No internet service,No internet service,No internet service,No internet service,Month-to-month,Yes,Electronic check,18.0,1202.07,No
C-28805dfe,Male,0,No,No,13,Yes,Yes,No,No internet service,No internet service,No internet service,No internet service,No internet service,No internet service,Month-to-month,Yes,Mailed check,18.0,235.91,No
C-e0eea135,Male,0,Yes,No,19,Yes,Yes,Fiber optic,No,Yes,No,No,No,No internet service,Month-to-month,Yes,Mailed check,45.01,815.57,No
C-5b47dc34,Male,0,Yes,Yes,46,Yes,Yes,Fiber optic,Yes,No,No,No,No,No,Two year,No,Bank transfer (automatic),49.74,2286.06,No
C-eab4d0c6,Female,0,No,No,54,Yes,No,No,No internet service,No internet service,No internet service,No internet service,No internet service,No internet service,Month-to-month,Yes,Credit card (automatic),20.85,1142.08,No
C-1cc1850e,Female,0,Yes,Yes,7,Yes,Yes,Fiber optic,No,Yes,Yes,Yes,No,Yes,Two year,No,Credit card (automatic),63.48,427.97,No
C-85519a19,Male,0,No,No,61,Yes,No,No,No internet service,No internet service,No internet service,No internet service,No internet service,No internet service,Month-to-month,No,Credit card (automatic),21.27,1289.43,No
C-43cac396,Female,0,Yes,Yes,54,Yes,No phone service,No,No internet service,No internet service,No internet service,No internet service,No internet service,No internet service,One year,Yes,Credit card (automatic),18.0,981.07,No
C-8afbf222,Female,0,No,No,2,No,No phone service,No,No internet service,No internet service,No internet service,No internet service,No internet service,No internet service,Month-to-month,No,Electronic check,23.39,17.78,Yes
C-b2a8626a,Male,0,No,No,70,Yes,No,Fiber optic,Yes,Yes,Yes,Yes,Yes,Yes,One year,Yes,Bank transfer (automatic),73.52,5141.33,No
C-0cc4cb1c,Female,1,Yes,No,2,Yes,No phone service,Fiber optic,No,No,No,No,Yes,No internet service,Month-to-month,No,Credit card (automatic),46.91,116.12,Yes
C-3a680828,Male,0,Yes,No,63,Yes,Yes,Fiber optic,No,No internet service,No internet service,No,No,No,One year,Yes,Bank transfer (automatic),38.96,2427.18,No
C-b7a4d6d5,Male,0,No,No,55,Yes,No,No,No internet service,No internet service,No internet service,No internet service,No internet service,No internet service,One year,No,Electronic check,19.74,1090.01,No
C-36fc73b6,Male,0,Yes,No,63,Yes,Yes,DSL,No,No,No,No,No,Yes,Month-to-month,No,Electronic check,30.82,1982.64,Yes
C-d8e55fe6,Male,0,No,No,36,Yes,Yes,DSL,Yes,No,No,No,No,Yes,Month-to-month,Yes,Mailed check,35.01,1258.39,No
C-3320d769,Male,0,No,No,34,Yes,No,No,No internet service,No internet service,No internet service,No internet service,No internet service,No internet service,Month-to-month,Yes,Electronic check,21.13,721.05,No
C-3acb8488,Female,0,Yes,No,27,Yes,No,Fiber optic,No,No,Yes,Yes,No,No,One year,No,Credit card (automatic),51.67,1423.35,No
C-117311a4,Female,0,No,No,67,Yes,Yes,No,No internet service,No internet service,No internet service,No internet service,No internet service,No internet service,Month-to-month,No,Electronic check,20.08,1373.81,No
C-63cac194,Male,1,No,Yes,55,Yes,Yes,No,No internet service,No internet service,No internet service,No internet service,No internet service,No internet service,Month-to-month,Yes,Credit card (automatic),18.0,1021.07,No
C-b473deec,Female,0,No,Yes,50,Yes,No,Fiber optic,Yes,Yes,Yes,No internet service,Yes,Yes,One year,Yes,Bank transfer (automatic),69.34,3477.38,No
C-66a348d0,Male,0,Yes,No,7,Yes,Yes,DSL,No,No,No,No,No,Yes,One year,Yes,Mailed check,30.27,183.51,No
C-b5b7e600,Male,1,No,No,3,Yes,No,DSL,No,No internet service,No,No,No,No,Month-to-month,Yes,Electronic check,28.77,80.53,Yes
C-3a393d6b,Female,0,No,No,6,Yes,No,DSL,No,Yes,Yes,No,No,No,Month-to-month,No,Mailed check,39.05,213.23,No
C-33b5c525,Female,0,Yes,Yes,26,Yes,No phone service,Fiber optic,No,No,Yes,Yes,No,No internet service,Month-to-month,No,Bank transfer (automatic),53.72,1410.57,Yes
C-50adc2b1,Female,0,Yes,No,47,Yes,Yes,DSL,No,No,Yes,No,No,Yes,Month-to-month,Yes,Electronic check,35.73,1682.83,No
C-1513cc8b,Female,0,Yes,No,35,Yes,No,Fiber optic,Yes,No,No,No,Yes,No internet service,One year,No,Mailed check,52.28,1831.52,No
C-6b667473,Male,0,Yes,Yes,16,Yes,No,DSL,No,No,No internet service,No,Yes,No,Month-to-month,No,Credit card (automatic),28.93,444.55,Yes
C-cd33598b,Female,0,Yes,No,16,Yes,Yes,DSL,No internet service,No,No,No,No,No,One year,Yes,Electronic check,21.73,337.35,No
C-f9b81c20,Female,0,No,No,16,Yes,No,DSL,Yes,Yes,No,Yes,No,Yes,Two year,Yes,Credit card (automatic),48.12,768.14,No
C-48466e35,Male,0,Yes,No,13,Yes,No,Fiber optic,No,No internet service,No internet service,Yes,No,Yes,Month-to-month,Yes,Electronic check,46.99,625.09,No
C-d9411af4,Male,0,Yes,No,4,Yes,No,No,No internet service,No internet service,No internet service,No internet service,No internet service,No internet service,Month-to-month,Yes,Electronic check,22.59,85.79,Yes
C-8beca635,Male,0,No,Yes,33,Yes,Yes,DSL,No internet service,Yes,No,Yes,No,Yes,Month-to-month,Yes,Credit card (automatic),42.26,1442.56,Yes
C-ab796a8f,Female,1,No,No,28,Yes,No phone service,DSL,No internet service,No internet service,No,Yes,No,No,Two year,Yes,Bank transfer (automatic),29.8,845.07,No
C-491e4756,Male,0,No,No,70,Yes,Yes,Fiber optic,No,No internet service,No,No,No,Yes,Month-to-month,No,Bank transfer (automatic),49.53,3448.11,No
C-7a56e4e3,Male,0,Yes,Yes,36,Yes,No,No,No internet service,No internet service,No internet service,No internet service,No internet service,No internet service,Month-to-month,No,Credit card (automatic),18.46,692.65,No
C-2f0dd545,Female,0,No,No,31,Yes,No,DSL,Yes,No,Yes,No internet service,No,No internet service,Month-to-month,No,Bank transfer (automatic),37.95,1189.93,Yes
C-6a1593ea,Female,0,Yes,Yes,9,Yes,No,DSL,No,No internet service,No,No,Yes,No,Month-to-month,Yes,Bank transfer (automatic),29.42,238.61,Yes
C-1a54cded,Male,1,No,Yes,42,Yes,Yes,DSL,Yes,Yes,No,No,No,No,Month-to-month,Yes,Electronic check,36.79,1567.12,No
C-0e2b1946,Male,1,Yes,No,48,Yes,No,DSL,No,No,No,Yes,No,No,One year,No,Credit card (automatic),26.05,1226.86,No
C-55fc54f6,Male,0,No,Yes,36,Yes,No,No,No internet service,No internet service,No internet service,No internet service,No internet service,No internet service,Month-to-month,No,Credit card (automatic),18.0,657.41,No
C-73de9ec6,Female,0,No,No,28,No,No phone service,Fiber optic,No,Yes,No,No,No,No,Two year,No,Electronic check,43.09,1218.87,No
C-aa60cf2d,Male,0,Yes,Yes,69,Yes,No,DSL,Yes,No internet service,No,No,No,Yes,Two year,No,Bank transfer (automatic),36.7,2549.72,No
C-00e36267,Male,0,No,No,44,Yes,No,DSL,No,No,No,No internet service,No internet service,Yes,Month-to-month,No,Mailed check,34.82,1566.23,No
C-ee48c901,Male,0,No,Yes,37,Yes,Yes,No,No internet service,No internet service,No internet service,No internet service,No internet service,No internet service,Month-to-month,Yes,Mailed check,20.82,781.11,Yes
C-269adef2,Female,0,Yes,No,57,Yes,Yes,Fiber optic,Yes,No,Yes,No,Yes,No,Month-to-month,Yes,Bank transfer (automatic),56.97,3260.73,Yes
C-276145e9,Male,0,No,Yes,40,Yes,No phone service,Fiber optic,No,No internet service,No,No,No,Yes,Month-to-month,Yes,Electronic check,44.58,1756.47,Yes
C-9665d95a,Female,0,Yes,No,69,No,No phone service,Fiber optic,No,Yes,No internet service,No,Yes,Yes,Month-to-month,No,Mailed check,55.14,3801.54,No
C-076e4848,Male,0,Yes,No,41,Yes,Yes,Fiber optic,Yes,No internet service,Yes,No,No,No,Month-to-month,Yes,Mailed check,47.25,1955.89,Yes
C-948fdde7,Female,0,Yes,No,23,Yes,Yes,DSL,No,No,No,No,No,Yes,Two year,Yes,Bank transfer (automatic),28.59,687.72,No
C-564817a6,Male,0,No,No,35,Yes,Yes,Fiber optic,Yes,No,No,No,No,Yes,Two year,Yes,Electronic check,48.5,1705.96,No
C-2d2a6691,Male,0,No,Yes,46,Yes,Yes,DSL,Yes,No,No,No,Yes,Yes,Two year,Yes,Bank transfer (automatic),46.26,2149.0,No
C-f92c21a3,Male,0,No,Yes,19,Yes,Yes,No,No internet service,No internet service,No internet service,No internet service,No internet service,No internet service,Two year,No,Credit card (automatic),19.39,365.32,No
C-dd8b79cc,Male,0,No,Yes,66,Yes,Yes,DSL,No,No,No,No,No,Yes,Month-to-month,Yes,Bank transfer (automatic),35.42,2344.75,No
C-ebf3f48a,Female,0,Yes,No,62,No,No phone service,Fiber optic,No,No internet service,No,Yes,Yes,No,Month-to-month,Yes,Electronic check,49.4,3074.69,No
C-fea8fdd3,Male,0,No,No,7,Yes,Yes,Fiber optic,Yes,No,No,Yes,Yes,No internet service,Month-to-month,Yes,Credit card (automatic),57.06,423.85,Yes
C-46693ab2,Male,0,No,Yes,29,No,No phone service,DSL,No,No,Yes,Yes,No,No internet service,Month-to-month,Yes,Credit card (automatic),34.36,1013.0,No
C-925eef83,Male,0,No,No,49,No,No phone service,No,No internet service,No internet service,No internet service,No internet service,No internet service,No internet service,Month-to-month,No,Bank transfer (automatic),24.87,1200.1,No
C-faf38942,Male,0,No,No,54,No,No phone service,No,No internet service,No internet service,No internet service,No internet service,No internet service,No internet service,Two year,Yes,Credit card (automatic),18.0,962.22,No
C-db7a2456,Male,0,No,No,7,Yes,No,No,No internet service,No internet service,No internet service,No internet service,No internet service,No internet service,Month-to-month,Yes,Electronic check,19.01,167.84,Yes
C-674b995a,Male,1,No,No,33,Yes,No,Fiber optic,No internet service,Yes,No,No,Yes,Yes,Two year,Yes,Credit card (automatic),58.72,1919.0,No
C-43cef233,Female,0,Yes,Yes,20,Yes,No,No,No internet service,No internet service,No internet service,No internet service,No internet service,No internet service,Month-to-month,Yes,Mailed check,20.62,433.01,Yes
C-97d2a336,Male,0,No,Yes,14,Yes,No phone service,No,No internet service,No internet service,No internet service,No internet service,No internet service,No internet service,Month-to-month,No,Electronic check,18.0,271.16,No
C-690eeda5,Male,0,Yes,No,36,Yes,Yes,Fiber optic,No internet service,Yes,No,No,No internet service,No,Month-to-month,No,Electronic check,46.3,1654.58,Yes
C-c151851e,Male,0,No,No,61,Yes,Yes,No,No internet service,No internet service,No internet service,No internet service,No internet service,No internet service,Month-to-month,Yes,Mailed check,21.12,1266.27,Yes
C-8cd58967,Male,0,No,No,17,Yes,Yes,Fiber optic,No,No,No internet service,No internet service,No,No,Month-to-month,No,Mailed check,42.14,716.77,No
C-770d7fac,Female,0,No,Yes,17,Yes,No,Fiber optic,Yes,Yes,Yes,No,Yes,Yes,Two year,No,Electronic check,65.27,1151.78,No
C-8b9eaeff,Male,0,No,No,57,No,No phone service,DSL,Yes,No,Yes,No,Yes,No,Month-to-month,No,Mailed check,48.83,2813.64,No
C-ac199fa9,Male,0,No,No,55,Yes,No,DSL,No,No,Yes,Yes,No,Yes,Month-to-month,Yes,Electronic check,43.94,2434.83,No
C-be67d49a,Male,0,Yes,Yes,45,Yes,No,Fiber optic,No,No,No,No,Yes,No internet service,Month-to-month,No,Credit card (automatic),44.36,1999.21,No
C-87f41032,Female,0,No,No,47,No,No phone service,DSL,No,No,Yes,No,Yes,Yes,One year,No,Electronic check,42.13,1947.36,No
C-30d11a54,Female,0,No,No,55,Yes,No,Fiber optic,No,Yes,Yes,No,Yes,Yes,Month-to-month,No,Bank transfer (automatic),66.9,3699.86,Yes
C-e347ccf8,Female,0,No,No,58,Yes,Yes,Fiber optic,No,No,Yes,No,Yes,No,Month-to-month,Yes,Electronic check,53.17,3067.85,Yes
C-7b8dd42b,Male,0,Yes,No,28,Yes,No,DSL,No internet service,No,Yes,No,Yes,Yes,One year,Yes,Mailed check,43.41,1226.34,No
C-43fc0a0c,Male,0,Yes,Yes,18,Yes,No,DSL,Yes,No internet service,No,Yes,No internet service,Yes,One year,Yes,Bank transfer (automatic),37.12,677.75,No
C-cff0b47e,Female,0,No,No,54,Yes,No phone service,DSL,No,No,No,No,No,Yes,Two year,No,Mailed check,29.45,1550.69,No
C-9c550e38,Male,0,Yes,No,36,Yes,No,No,No internet service,No internet service,No internet service,No internet service,No internet service,No internet service,Month-to-month,No,Mailed check,21.3,768.73,Yes
C-699be139,Female,0,No,No,36,Yes,Yes,Fiber optic,No internet service,Yes,Yes,No internet service,No,No,One year,Yes,Mailed check,43.35,1557.89,Yes
C-06700be6,Male,0,Yes,Yes,20,Yes,No phone service,DSL,No,Yes,Yes,Yes,No,Yes,Two year,No,Mailed check,42.71,849.46,No
C-b243269e,Female,0,No,Yes,59,Yes,Yes,No,No internet service,No internet service,No internet service,No internet service,No internet service,No internet service,Month-to-month,No,Bank transfer (automatic),19.32,1152.87,No
C-8bf2d78e,Female,0,Yes,No,25,No,No phone service,Fiber optic,No,Yes,Yes,No,Yes,Yes,Month-to-month,Yes,Bank transfer (automatic),61.15,1514.84,No
C-5c09a76b,Male,0,No,No,30,Yes,No,DSL,No,No,No,No,No,Yes,Two year,No,Electronic check,31.52,969.27,No
C-de01fc3c,Male,0,Yes,Yes,2,Yes,Yes,Fiber optic,No,Yes,No,Yes,No,No,Two year,No,Mailed check,55.56,93.09,No
C-e8e4fda2,Male,0,No,No,56,Yes,No,DSL,No,No,Yes,No,No,Yes,Two year,Yes,Bank transfer (automatic),36.54,2063.05,No
C-5e1babc4,Female,0,Yes,No,2,Yes,No,Fiber optic,No,No,Yes,No,Yes,No,Two year,No,Mailed check,48.21,103.24,Yes
C-9a6a3ef3,Male,0,No,No,29,No,No phone service,Fiber optic,Yes,No,No,Yes,No,No,Month-to-month,Yes,Electronic check,52.02,1528.37,No
C-9d3c69b4,Male,0,No,No,20,Yes,No,DSL,No internet service,No,No,Yes,Yes,No,Month-to-month,No,Credit card (automatic),29.45,622.97,No
C-14a7512c,Male,0,No,No,28,Yes,No,No,No internet service,No internet service,No internet service,No internet service,No internet service,No internet service,Month-to-month,Yes,Electronic check,22.13,617.86,No
C-243c00fa,Male,0,No,No,8,Yes,No phone service,Fiber optic,Yes,No,Yes,Yes,No,No internet service,Month-to-month,No,Electronic check,55.09,441.93,No
C-c056bb47,Female,0,Yes,Yes,54,Yes,Yes,DSL,No,No,No,Yes,No,No internet service,Month-to-month,Yes,Electronic check,32.91,1765.88,No
C-51e9ef07,Male,0,Yes,Yes,71,Yes,No phone service,DSL,Yes,No,No,No internet service,Yes,Yes,Month-to-month,Yes,Bank transfer (automatic),44.25,3145.92,No
C-1f4d48c3,Male,0,Yes,No,42,No,No phone service,No,No internet service,No internet service,No internet service,No internet service,No internet service,No internet service,One year,Yes,Mailed check,18.0,704.26,No
C-2ab6a90c,Female,0,Yes,Yes,6,Yes,No phone service,DSL,No,No,Yes,No,No,No internet service,One year,Yes,Bank transfer (automatic),29.72,180.14,Yes
C-9f1813e4,Male,0,Yes,No,6,Yes,Yes,DSL,Yes,No,Yes,No,Yes,Yes,Month-to-month,Yes,Mailed check,46.7,271.16,Yes
C-8a451a8b,Female,0,Yes,Yes,39,Yes,Yes,No,No internet service,No internet service,No internet service,No internet service,No internet service,No internet service,Month-to-month,No,Electronic check,19.65,786.47,No
C-913a8fef,Male,0,Yes,No,0,Yes,Yes,No,No internet service,No internet service,No internet service,No internet service,No internet service,No internet service,Month-to-month,Yes,Electronic check,21.23,0.0,Yes
C-8dd907fd,Male,1,No,No,11,Yes,Yes,No,No internet service,No internet service,No internet service,No internet service,No internet service,No internet service,Month-to-month,No,Bank transfer (automatic),19.57,193.22,No
C-2ab38dc0,Male,1,No,Yes,69,Yes,No,DSL,No,No,Yes,No,Yes,No,Two year,No,Electronic check,33.5,2332.37,No
C-0b04cd8a,Female,0,No,Yes,42,Yes,Yes,Fiber optic,No,No,Yes,Yes,Yes,No,Month-to-month,Yes,Credit card (automatic),52.56,2196.65,Yes
C-07d27664,Male,0,No,No,66,No,No phone service,DSL,Yes,Yes,No,Yes,No,No,Month-to-month,Yes,Electronic check,41.02,2717.0,No
C-aaef77ba,Male,0,Yes,Yes,10,Yes,Yes,DSL,No internet service,Yes,No,No,No,Yes,Month-to-month,No,Bank transfer (automatic),31.69,313.54,Yes
C-d55ab03b,Male,0,Yes,No,41,Yes,Yes,No,No internet service,No internet service,No internet service,No internet service,No internet service,No internet service,Month-to-month,No,Electronic check,21.62,923.38,Yes
C-bc521f31,Male,0,Yes,No,42,Yes,No,Fiber optic,No,Yes,No,No,Yes,No,Month-to-month,No,Credit card (automatic),48.9,2008.2,Yes
C-ae9ddd87,Male,0,No,No,66,Yes,No,DSL,Yes,No,Yes,No,Yes,Yes,Two year,Yes,Electronic check,44.43,2963.57,No
C-b29075c4,Male,0,No,No,46,Yes,No,Fiber optic,No,No,No,Yes,No,Yes,Month-to-month,No,Mailed check,49.02,2244.94,Yes
C-485f2fc1,Male,0,Yes,No,38,Yes,No,Fiber optic,No,Yes,No,No,No,No,Month-to-month,No,Bank transfer (automatic),49.19,1882.84,Yes
C-15f7f63a,Female,0,Yes,No,15,Yes,Yes,DSL,No,No,No internet service,No,Yes,Yes,Month-to-month,Yes,Bank transfer (automatic),30.12,420.01,Yes
C-c85ccabc,Male,1,No,No,69,Yes,Yes,DSL,No,No internet service,No,No,No internet service,Yes,Month-to-month,Yes,Electronic check,34.07,2351.11,Yes
C-e4b740ff,Female,1,No,No,33,Yes,Yes,No,No internet service,No internet service,No internet service,No internet service,No internet service,No internet service,Month-to-month,Yes,Mailed check,20.68,681.69,No
C-21fbb424,Female,0,Yes,No,28,Yes,No phone service,DSL,No,Yes,No,Yes,No,No,Month-to-month,Yes,Electronic check,35.32,1012.07,No
C-61c5125e,Female,0,Yes,No,24,Yes,Yes,Fiber optic,No,No,No internet service,Yes,No internet service,Yes,Month-to-month,Yes,Credit card (automatic),51.37,1230.97,Yes
C-936287d7,Male,0,No,Yes,36,Yes,No,No,No internet service,No internet service,No internet service,No internet service,No internet service,No internet service,Two year,No,Electronic check,22.54,802.76,No
C-0e1dfd8c,Male,0,Yes,No,32,Yes,No,DSL,No,Yes,No,No,Yes,No,Month-to-month,Yes,Electronic check,36.21,1143.51,Yes
C-3758585f,Male,0,Yes,No,49,Yes,Yes,No,No internet service,No internet service,No internet service,No internet service,No internet service,No internet service,One year,Yes,Credit card (automatic),20.83,1003.97,No
C-33e0de3e,Female,0,Yes,Yes,37,Yes,No,Fiber optic,No internet service,No,Yes,Yes,No,No internet service,Month-to-month,Yes,Bank transfer (automatic),51.78,1900.5,No
C-c7ac31ed,Male,0,Yes,No,32,Yes,No,No,No internet service,No internet service,No internet service,No internet service,No internet service,No internet service,Month-to-month,No,Bank transfer (automatic),22.64,700.97,No
C-35f2e60d,Male,0,Yes,Yes,36,Yes,Yes,No,No internet service,No internet service,No internet service,No internet service,No internet service,No internet service,Month-to-month,Yes,Electronic check,18.0,613.63,No
C-7e8bb022,Male,0,Yes,No,61,Yes,No,Fiber optic,Yes,No,No,No,No,No,Two year,No,Credit card (automatic),47.45,2946.72,No
C-f9ac01c6,Female,0,No,Yes,63,Yes,No phone service,Fiber optic,Yes,No,No,No,No,Yes,Month-to-month,Yes,Mailed check,50.39,3144.09,Yes
C-72f46ca8,Male,0,Yes,Yes,26,Yes,No,Fiber optic,Yes,No,No,Yes,Yes,Yes,Two year,Yes,Bank transfer (automatic),66.65,1745.66,No
C-c14e2707,Male,0,No,No,61,Yes,Yes,Fiber optic,No,No,No internet service,No,Yes,Yes,Month-to-month,No,Credit card (automatic),52.11,3215.9,No
C-b9240fb5,Female,0,No,Yes,66,Yes,Yes,DSL,No,No,Yes,Yes,No,No,Month-to-month,Yes,Credit card (automatic),34.73,2290.39,No
C-a33467f8,Male,0,Yes,No,56,No,No phone service,Fiber optic,No,Yes,Yes,No,No,No,One year,No,Electronic check,52.34,2904.96,No
C-4fc1f42e,Female,0,Yes,Yes,69,Yes,No phone service,Fiber optic,No,No,No internet service,No internet service,No internet service,Yes,One year,No,Bank transfer (automatic),43.16,2983.9,No
C-04d63a74,Male,1,No,No,37,Yes,Yes,DSL,No,Yes,Yes,No,No internet service,Yes,Two year,Yes,Bank transfer (automatic),37.67,1394.15,No
C-60db1536,Male,0,No,No,45,Yes,Yes,Fiber optic,No,No internet service,Yes,No,No internet service,Yes,Two year,No,Credit card (automatic),50.79,2281.22,Yes
C-05e213d3,Female,0,Yes,No,21,Yes,No phone service,No,No internet service,No internet service,No internet service,No internet service,No internet service,No internet service,Month-to-month,Yes,Credit card (automatic),21.13,399.41,Yes
C-73959461,Male,0,No,Yes,55,Yes,No,Fiber optic,No,No,No,Yes,Yes,No internet service,Month-to-month,No,Credit card (automatic),53.31,2985.84,No
C-4f787280,Female,1,No,No,10,Yes,Yes,No,No internet service,No internet service,No internet service,No internet service,No internet service,No internet service,Two year,Yes,Electronic check,19.21,172.39,No
C-63821fb2,Female,0,Yes,No,0,Yes,No,Fiber optic,No,No,Yes,No,No,No,One year,Yes,Electronic check,47.15,44.88,Yes
C-39900454,Male,1,No,Yes,0,No,No phone service,DSL,Yes,Yes,No,No internet service,No,No,Month-to-month,Yes,Electronic check,37.07,0.0,Yes
C-492d497a,Male,1,No,No,20,Yes,No phone service,Fiber optic,No,No internet service,Yes,No,No,No,One year,No,Mailed check,42.23,794.46,No
C-a94474a1,Female,0,No,No,38,Yes,Yes,DSL,No,Yes,No,No internet service,Yes,Yes,Month-to-month,Yes,Mailed check,44.88,1682.25,Yes
C-38e707ef,Male,0,No,Yes,39,Yes,Yes,No,No internet service,No internet service,No internet service,No internet service,No internet service,No internet service,Two year,No,Electronic check,21.2,828.06,No
C-d2435108,Female,0,No,Yes,23,Yes,No,No,No internet service,No internet service,No internet service,No internet service,No internet service,No internet service,Month-to-month,Yes,Mailed check,21.56,523.28,No
C-b1dc7cdb,Female,0,No,No,48,Yes,Yes,Fiber optic,Yes,No,No,No,No,No,Two year,No,Electronic check,48.21,2315.51,No
C-27fa6b9e,Male,0,No,No,59,Yes,Yes,DSL,No,No,No,Yes,Yes,Yes,One year,No,Bank transfer (automatic),45.84,2736.68,No
C-605e9aaa,Male,0,No,No,23,No,No phone service,Fiber optic,No,No,No internet service,No,No,No,Month-to-month,No,Mailed check,40.71,927.8,No
C-b56200d3,Male,0,Yes,No,53,Yes,Yes,No,No internet service,No internet service,No internet service,No internet service,No internet service,No internet service,Month-to-month,No,Credit card (automatic),19.58,1027.0,No
C-b3673cbd,Female,0,No,No,72,Yes,No,No,No internet service,No internet service,No internet service,No internet service,No internet service,No internet service,Month-to-month,No,Electronic check,18.0,1275.28,No
C-a37dadc9,Male,1,No,No,34,Yes,Yes,DSL,Yes,No,No internet service,Yes,Yes,No,One year,No,Mailed check,42.03,1422.89,No
C-7a2cf6bc,Female,0,Yes,No,22,Yes,Yes,Fiber optic,Yes,No,Yes,No,Yes,Yes,Month-to-month,No,Mailed check,61.14,1321.18,No
C-9934400c,Male,1,Yes,No,58,Yes,No phone service,No,No internet service,No internet service,No internet service,No internet service,No internet service,No internet service,Month-to-month,Yes,Electronic check,18.0,1039.05,No
C-572cc2f1,Female,0,No,No,12,Yes,No phone service,No,No internet service,No internet service,No internet service,No internet service,No internet service,No internet service,Month-to-month,Yes,Electronic check,19.8,283.8,Yes
C-eaa48aa9,Male,0,No,No,29,Yes,No phone service,DSL,No,Yes,No,No,No,Yes,Month-to-month,Yes,Electronic check,39.27,1116.34,Yes
C-6dec736a,Female,0,Yes,Yes,5,Yes,No,No,No internet service,No internet service,No internet service,No internet service,No internet service,No internet service,Two year,No,Credit card (automatic),18.0,64.85,No
C-2f52e6e6,Male,0,Yes,No,29,Yes,No phone service,DSL,No,No,No,No,No,Yes,One year,No,Mailed check,32.23,934.77,Yes
C-ad2eba79,Female,0,Yes,No,67,Yes,No,Fiber optic,No,No internet service,Yes,Yes,No,No,Month-to-month,Yes,Electronic check,50.23,3346.47,Yes
C-423ee9eb,Male,1,Yes,No,53,Yes,No,Fiber optic,Yes,No,Yes,Yes,No,No internet service,Month-to-month,No,Bank transfer (automatic),55.52,2939.87,Yes
C-09e8401b,Female,0,No,No,15,No,No phone service,DSL,No internet service,Yes,No,No,Yes,No,Month-to-month,Yes,Mailed check,28.9,447.84,No
C-17d47dc7,Female,0,Yes,Yes,25,Yes,No phone service,DSL,No,No internet service,No,No,Yes,No,One year,No,Credit card (automatic),25.09,646.65,No
C-4d681a82,Male,0,Yes,No,54,Yes,No,DSL,Yes,No,Yes,Yes,No internet service,No,Month-to-month,Yes,Electronic check,39.23,2125.61,No
C-aee0b93c,Male,0,Yes,Yes,8,Yes,No,Fiber optic,Yes,Yes,Yes,No,Yes,No internet service,Month-to-month,No,Electronic check,60.22,497.74,No
C-78ea88a4,Male,0,Yes,Yes,71,Yes,Yes,DSL,No,No,No,Yes,Yes,No,Two year,Yes,Credit card (automatic),39.53,2804.52,No
C-cb15c531,Female,0,Yes,Yes,29,No,No phone service,DSL,No,No,Yes,No,No,No,One year,No,Mailed check,28.04,815.05,No
C-6428a95b,Female,0,No,No,67,Yes,No,Fiber optic,No,No,No,No,No,No,Month-to-month,No,Bank transfer (automatic),40.67,2732.08,Yes
C-bb515715,Male,0,No,Yes,42,Yes,No,DSL,No,No,Yes,No,No,Yes,One year,Yes,Bank transfer (automatic),39.03,1627.4,No
C-895bd3a6,Male,1,Yes,No,66,Yes,No,Fiber optic,No,No,No,No,Yes,No,One year,No,Bank transfer (automatic),43.47,2865.44,No
C-846eee9c,Female,0,No,No,5,Yes,No,DSL,No,Yes,No internet service,No,Yes,No,Two year,Yes,Mailed check,35.44,204.95,No
C-39e0e2b4,Female,0,Yes,No,29,Yes,No,Fiber optic,No internet service,No internet service,No,No,No,Yes,One year,Yes,Electronic check,46.44,1323.1,No
C-b6765fed,Female,0,No,Yes,36,Yes,Yes,No,No internet service,No internet service,No internet service,No internet service,No internet service,No internet service,One year,Yes,Mailed check,18.0,642.83,No
C-c28f6be1,Female,0,No,Yes,69,Yes,No phone service,Fiber optic,Yes,Yes,No,Yes,No,Yes,Month-to-month,Yes,Bank transfer (automatic),60.48,4167.5,No
C-6957a8b8,Female,0,No,Yes,71,Yes,No phone service,DSL,No,No,No,No internet service,No,No,Month-to-month,Yes,Bank transfer (automatic),21.14,1528.37,No
C-ccac7707,Female,0,No,No,68,No,No phone service,Fiber optic,No,Yes,No,No,Yes,No,Month-to-month,Yes,Electronic check,53.15,3609.17,Yes
C-045f06db,Male,0,No,No,50,Yes,Yes,Fiber optic,No,Yes,No,Yes,Yes,No,One year,No,Electronic check,56.01,2798.12,No
C-cdd013f6,Male,0,Yes,No,37,Yes,No,Fiber optic,Yes,Yes,Yes,No,No,Yes,Two year,Yes,Electronic check,61.01,2283.93,No
C-429226e7,Male,0,No,No,23,Yes,Yes,Fiber optic,No,No,No,Yes,No,No,Month-to-month,No,Electronic check,45.79,1065.58,Yes
C-e80f8f05,Female,0,No,No,67,Yes,No,DSL,No,Yes,Yes,No,Yes,Yes,Two year,Yes,Electronic check,50.12,3333.55,No
C-948c5614,Female,0,No,Yes,52,Yes,No phone service,Fiber optic,No,No,Yes,No,Yes,Yes,Month-to-month,No,Mailed check,56.95,2947.39,Yes
C-ade45895,Male,1,Yes,Yes,16,Yes,Yes,DSL,No,No,No,No,Yes,No,Two year,No,Electronic check,30.29,506.33,No
C-69986fa5,Female,0,No,No,38,Yes,No,No,No internet service,No internet service,No internet service,No internet service,No internet service,No internet service,Month-to-month,No,Electronic check,23.5,948.11,No
C-65ce9b2c,Female,0,Yes,No,32,Yes,Yes,Fiber optic,No,No internet service,No,Yes,No,Yes,Month-to-month,No,Bank transfer (automatic),57.36,1842.23,Yes
C-538dc8d9,Male,0,Yes,Yes,1,Yes,No,DSL,No,No,Yes,No,No,No,Month-to-month,Yes,Electronic check,33.27,14.17,Yes
C-e080e5f9,Female,1,No,No,5,Yes,Yes,Fiber optic,Yes,No,No,Yes,Yes,No internet service,Month-to-month,No,Electronic check,55.2,280.54,Yes
C-ed05a6bc,Male,0,No,No,41,Yes,Yes,DSL,No internet service,No,No,No,Yes,Yes,Month-to-month,Yes,Electronic check,37.11,1515.89,No
C-3c00664a,Female,0,No,No,71,No,No phone service,DSL,No,No,No,No,Yes,No internet service,One year,No,Electronic check,30.06,2113.03,No
C-25fd911a,Male,0,Yes,No,53,Yes,Yes,No,No internet service,No internet service,No internet service,No internet service,No internet service,No internet service,Two year,Yes,Mailed check,27.76,1440.97,No
C-acbc2942,Male,0,Yes,No,53,Yes,Yes,DSL,Yes,No,Yes,No,Yes,Yes,One year,No,Electronic check,53.21,2809.97,No
C-edbeaaff,Female,0,No,No,7,Yes,No phone service,Fiber optic,No,No,No,No,Yes,No internet service,One year,No,Bank transfer (automatic),52.22,370.59,Yes
C-fdb59537,Female,0,Yes,No,20,Yes,Yes,DSL,Yes,No,Yes,Yes,No,No,Two year,No,Credit card (automatic),38.86,779.02,No
C-9248f078,Female,0,Yes,No,44,Yes,No phone service,No,No internet service,No internet service,No internet service,No internet service,No internet service,No internet service,One year,No,Electronic check,21.64,947.34,No
C-2d26d76e,Female,0,No,No,32,Yes,Yes,Fiber optic,No internet service,No internet service,No,No,Yes,No,One year,Yes,Bank transfer (automatic),41.67,1339.35,Yes
C-49bb2351,Female,0,No,Yes,35,Yes,Yes,Fiber optic,No,Yes,No,Yes,No,No,Month-to-month,Yes,Mailed check,52.6,1832.86,No
C-c9b41e05,Male,0,Yes,No,64,Yes,No phone service,Fiber optic,Yes,No,No,Yes,No,Yes,Two year,Yes,Credit card (automatic),54.01,3482.23,No
C-e6cf7177,Male,0,No,Yes,44,Yes,No,DSL,No,No,No,No,Yes,No internet service,Month-to-month,No,Credit card (automatic),24.91,1118.09,No
C-4aa9fef2,Male,1,Yes,No,39,Yes,No,DSL,Yes,No,No,No,No,No internet service,Two year,Yes,Credit card (automatic),28.24,1091.51,No
C-db038145,Female,0,Yes,No,47,No,No phone service,DSL,Yes,Yes,Yes,No internet service,No,No,Month-to-month,Yes,Electronic check,40.03,1909.42,Yes
C-e78d3667,Male,0,No,No,44,Yes,Yes,DSL,No,No,Yes,Yes,No internet service,Yes,Two year,Yes,Credit card (automatic),38.69,1717.78,No
C-f0f5996d,Female,0,Yes,No,5,Yes,No,Fiber optic,No,No,No,No internet service,No,No,Month-to-month,No,Electronic check,36.86,162.9,Yes
C-cbc51e60,Female,0,No,Yes,52,Yes,No phone service,DSL,Yes,Yes,No,No internet service,No,No,Month-to-month,Yes,Electronic check,39.11,2032.06,No
C-680c285a,Male,0,No,No,12,Yes,Yes,No,No internet service,No internet service,No internet service,No internet service,No internet service,No internet service,Month-to-month,Yes,Mailed check,20.38,269.05,No
C-a45fddd0,Male,0,Yes,No,69,Yes,Yes,Fiber optic,No,Yes,No,No,No internet service,No,Two year,Yes,Mailed check,41.79,2863.55,No
C-a94b50cb,Male,1,No,No,61,Yes,No phone service,Fiber optic,Yes,Yes,No,No,Yes,No,Month-to-month,No,Electronic check,53.93,3338.52,Yes
C-ad3c342e,Male,0,No,Yes,28,Yes,Yes,Fiber optic,Yes,Yes,No,Yes,Yes,No,Month-to-month,Yes,Electronic check,65.54,1811.71,No
C-e73fe046,Female,0,Yes,No,48,Yes,Yes,Fiber optic,No,No,No,Yes,Yes,No,Month-to-month,Yes,Bank transfer (automatic),53.24,2536.83,Yes
C-a44e93ff,Female,0,No,Yes,68,Yes,No,Fiber optic,Yes,Yes,Yes,Yes,Yes,Yes,Two year,No,Mailed check,76.48,5213.65,No
C-a4431013,Female,0,Yes,Yes,66,Yes,Yes,DSL,No,Yes,Yes,No,No,No,Month-to-month,No,Bank transfer (automatic),37.52,2443.59,No
C-869754d1,Female,0,Yes,Yes,8,Yes,No,DSL,Yes,No,Yes,Yes,Yes,Yes,Month-to-month,No,Mailed check,53.13,441.95,No
C-53f5ede3,Female,0,No,Yes,59,Yes,Yes,Fiber optic,No,No,No,No,Yes,No,Month-to-month,No,Electronic check,46.03,2702.71,Yes
C-1c0ced38,Female,0,No,No,39,Yes,Yes,Fiber optic,No,No internet service,Yes,Yes,No,No,One year,Yes,Bank transfer (automatic),51.2,1982.73,No
C-9c6c1003,Female,0,No,No,29,Yes,Yes,Fiber optic,No,Yes,No,Yes,No,Yes,Two year,Yes,Mailed check,52.09,1486.62,No
C-60a3aad0,Male,0,Yes,No,69,Yes,No,Fiber optic,No,Yes,Yes,Yes,Yes,Yes,Two year,Yes,Credit card (automatic),69.12,4803.44,Yes
C-3dc5f33e,Male,0,No,No,55,Yes,No,Fiber optic,Yes,No,No,Yes,No,No,Two year,No,Credit card (automatic),51.91,2825.07,No
C-5c4579a4,Female,0,No,No,63,No,No phone service,Fiber optic,Yes,Yes,No internet service,No,No,No,Two year,No,Mailed check,53.32,3367.79,No
C-d63091e9,Female,0,No,No,16,No,No phone service,DSL,No,Yes,No,Yes,Yes,Yes,Month-to-month,Yes,Mailed check,53.58,867.37,No
C-8ec10f4f,Male,0,Yes,Yes,34,Yes,No,DSL,No,No internet service,Yes,No,No,No,Month-to-month,Yes,Credit card (automatic),31.22,1038.51,No
C-5e5bc28a,Male,0,Yes,Yes,40,Yes,No phone service,No,No internet service,No internet service,No internet service,No internet service,No internet service,No internet service,Two year,Yes,Credit card (automatic),18.56,769.02,No
C-190e2030,Male,1,Yes,No,55,Yes,No,Fiber optic,No,No,Yes,No,Yes,No,Month-to-month,Yes,Bank transfer (automatic),51.38,2847.01,Yes
C-88040757,Male,0,Yes,No,55,No,No phone service,DSL,No,No internet service,No,No internet service,Yes,Yes,Month-to-month,Yes,Mailed check,33.68,1832.11,No
C-8b3203ef,Female,0,No,No,67,Yes,Yes,No,No internet service,No internet service,No internet service,No internet service,No internet service,No internet service,Two year,No,Bank transfer (automatic),18.0,1201.96,No
C-cd4c7dc4,Female,1,Yes,No,61,Yes,No,DSL,No,Yes,No,Yes,No,Yes,One year,Yes,Credit card (automatic),40.5,2490.26,No
C-c7e7c8cb,Male,0,Yes,No,14,Yes,Yes,No,No internet service,No internet service,No internet service,No internet service,No internet service,No internet service,Month-to-month,No,Credit card (automatic),18.39,300.96,No
C-1b4760c0,Male,0,Yes,No,72,Yes,No,DSL,No,Yes,Yes,No,No,No,Two year,No,Electronic check,40.59,2904.14,No
C-924af6c5,Male,0,Yes,No,35,No,No phone service,DSL,Yes,No,No,Yes,No,Yes,One year,Yes,Electronic check,43.65,1508.39,Yes
C-6492580d,Male,0,No,No,71,Yes,No,Fiber optic,No,Yes,No,No,No internet service,Yes,Two year,Yes,Electronic check,50.52,3588.0,No
C-76e0d871,Female,0,No,No,45,Yes,Yes,No,No internet service,No internet service,No internet service,No internet service,No internet service,No internet service,Two year,Yes,Mailed check,19.73,888.71,No
C-aea77ca2,Male,0,No,No,34,Yes,No,Fiber optic,No internet service,Yes,Yes,No,Yes,No,One year,No,Bank transfer (automatic),53.54,1816.16,No
C-a93e4dab,Female,0,Yes,No,16,Yes,No,DSL,No,No,Yes,No,Yes,No,Month-to-month,No,Mailed check,40.39,652.86,Yes
C-ef4d0e33,Male,0,No,Yes,19,Yes,Yes,Fiber optic,Yes,No internet service,Yes,No,No,Yes,Month-to-month,Yes,Electronic check,52.52,1014.77,Yes
C-7c3383a0,Female,0,Yes,No,19,No,No phone service,DSL,No internet service,No internet service,Yes,No internet service,No,Yes,Month-to-month,No,Credit card (automatic),33.39,643.26,Yes
C-96bc9964,Female,1,No,Yes,65,Yes,Yes,DSL,No,No,No,Yes,No,No,Month-to-month,No,Electronic check,30.6,2031.55,No
C-c39eb302,Female,0,Yes,No,66,Yes,No,No,No internet service,No internet service,No internet service,No internet service,No internet service,No internet service,Month-to-month,No,Electronic check,22.55,1485.69,No
C-b844134c,Female,0,Yes,No,6,Yes,No,Fiber optic,No internet service,Yes,Yes,No,No,No internet service,One year,No,Bank transfer (automatic),56.02,352.41,No
C-2867e83b,Female,0,No,No,20,Yes,No phone service,No,No internet service,No internet service,No internet service,No internet service,No internet service,No internet service,Month-to-month,No,Credit card (automatic),20.43,405.83,No
C-8816ce8d,Female,0,Yes,No,71,Yes,No,Fiber optic,Yes,Yes,No,No,Yes,Yes,Two year,Yes,Electronic check,60.23,4259.72,No
C-ca744809,Female,0,Yes,No,1,Yes,Yes,Fiber optic,No internet service,Yes,No,Yes,No,Yes,One year,No,Credit card (automatic),57.17,54.79,Yes
C-fa77135b,Female,0,Yes,No,48,Yes,Yes,Fiber optic,Yes,No,No,No,No internet service,No,Two year,No,Electronic check,38.73,1850.94,No
C-a1ce6941,Female,0,Yes,No,32,Yes,No,Fiber optic,No,Yes,No,No,No,No internet service,One year,Yes,Credit card (automatic),47.19,1485.14,Yes
C-e3eff774,Female,0,Yes,Yes,52,Yes,No,No,No internet service,No internet service,No internet service,No internet service,No internet service,No internet service,Two year,No,Credit card (automatic),23.91,1246.31,No
C-497b7ed9,Female,0,Yes,No,55,Yes,No,Fiber optic,No,Yes,No,No,No,Yes,Two year,Yes,Credit card (automatic),49.93,2755.03,No
C-227c070f,Female,0,No,No,6,Yes,Yes,Fiber optic,No,No,Yes,No,No,No,Two year,Yes,Electronic check,41.16,224.65,No
C-29621fb0,Female,0,No,Yes,66,Yes,Yes,No,No internet service,No internet service,No internet service,No internet service,No internet service,No internet service,Month-to-month,Yes,Electronic check,19.17,1274.13,Yes
C-8f75ae3e,Female,0,No,No,55,Yes,Yes,DSL,No internet service,Yes,Yes,Yes,No internet service,No internet service,Two year,No,Mailed check,41.45,2278.53,No
C-94fd989f,Male,0,Yes,Yes,27,Yes,No,No,No internet service,No internet service,No internet service,No internet service,No internet service,No internet service,Month-to-month,Yes,Mailed check,21.41,612.42,No
C-85a7851f,Male,0,Yes,No,37,Yes,No phone service,No,No internet service,No internet service,No internet service,No internet service,No internet service,No internet service,One year,No,Mailed check,18.0,683.32,No
C-ef5ada09,Female,0,No,Yes,19,Yes,No,No,No internet service,No internet service,No internet service,No internet service,No internet service,No internet service,Month-to-month,No,Electronic check,22.17,410.78,Yes
C-2543abd8,Male,1,Yes,Yes,51,Yes,No,Fiber optic,No,Yes,No,No,No,No,Month-to-month,Yes,Credit card (automatic),43.52,2212.47,No
C-5e1c79a7,Female,1,No,No,43,Yes,Yes,Fiber optic,Yes,Yes,No,No,Yes,No,Month-to-month,No,Bank transfer (automatic),52.47,2270.54,No
C-93eed85a,Female,0,No,Yes,55,Yes,No,Fiber optic,No,No,No,No,No internet service,Yes,Month-to-month,Yes,Electronic check,47.81,2658.71,Yes
C-65625518,Male,0,Yes,No,67,No,No phone service,Fiber optic,Yes,No,Yes,No internet service,Yes,No,One year,Yes,Electronic check,50.35,3379.61,No
C-7cf80058,Male,0,Yes,No,14,Yes,Yes,Fiber optic,No,No,No internet service,Yes,No,Yes,Month-to-month,Yes,Mailed check,51.2,728.57,No
C-36b95635,Male,1,No,No,35,Yes,Yes,No,No internet service,No internet service,No internet service,No internet service,No internet service,No internet service,One year,No,Electronic check,19.91,703.72,No
C-4ed9b239,Male,1,Yes,No,42,Yes,No,DSL,Yes,No,Yes,Yes,No,Yes,Month-to-month,Yes,Electronic check,47.47,1958.66,Yes
C-60d7ae7e,Female,0,No,No,64,Yes,No phone service,Fiber optic,No,No,Yes,No internet service,No internet service,No internet service,Two year,Yes,Electronic check,40.72,2639.05,No
C-b293b0c8,Female,1,Yes,No,61,Yes,No,DSL,No internet service,No,Yes,Yes,No,Yes,Month-to-month,Yes,Credit card (automatic),40.35,2460.9,Yes
C-60e664c6,Male,1,Yes,No,59,Yes,No,DSL,No,No,No,Yes,No,No,Month-to-month,No,Electronic check,28.97,1711.51,Yes
C-3788b130,Female,0,No,No,10,Yes,No,DSL,No,No,Yes,No,Yes,No,Month-to-month,No,Electronic check,38.89,382.92,Yes
C-8590faf1,Male,0,No,No,58,Yes,Yes,DSL,No,No,No,No,Yes,No,One year,No,Electronic check,32.88,1880.06,Yes
C-5de97e75,Male,0,No,Yes,1,Yes,Yes,No,No internet service,No internet service,No internet service,No internet service,No internet service,No internet service,Two year,Yes,Electronic check,19.02,32.09,Yes
C-93805c54,Female,0,No,No,60,Yes,No,Fiber optic,No,No internet service,No,No,No,Yes,Two year,Yes,Mailed check,41.47,2477.78,No
C-f2892a21,Male,1,No,Yes,36,Yes,Yes,DSL,No,Yes,No,No,Yes,Yes,Two year,Yes,Bank transfer (automatic),42.68,1544.43,No
C-aac00981,Female,1,No,Yes,50,Yes,No,DSL,No,No,No,No,Yes,No internet service,One year,Yes,Bank transfer (automatic),24.84,1287.88,No
C-085517ef,Male,0,Yes,No,23,Yes,No,DSL,Yes,No,Yes,No,Yes,No,One year,No,Mailed check,40.69,898.29,No
C-9a83d8ce,Female,0,Yes,Yes,17,Yes,No,DSL,No internet service,No,No,No,No,No,Month-to-month,Yes,Bank transfer (automatic),28.42,493.5,No
C-efc7e729,Female,0,No,No,28,Yes,No phone service,Fiber optic,No,Yes,Yes,Yes,No,Yes,One year,Yes,Bank transfer (automatic),58.1,1619.14,No
C-b83a9cab,Male,0,No,No,40,No,No phone service,No,No internet service,No internet service,No internet service,No internet service,No internet service,No internet service,One year,Yes,Electronic check,22.04,858.93,No
C-061ab124,Female,0,Yes,No,4,Yes,Yes,DSL,No,Yes,Yes,No,No,No,Month-to-month,No,Mailed check,35.62,127.55,Yes
C-d70d8e70,Male,0,Yes,No,47,Yes,No,DSL,No,Yes,Yes,Yes,Yes,No internet service,Month-to-month,No,Credit card (automatic),48.42,2278.71,No
C-18cfbfc9,Male,0,No,No,4,Yes,No,Fiber optic,No,Yes,No,No,No,Yes,Two year,Yes,Mailed check,47.13,181.62,Yes
C-88701e74,Female,1,No,No,21,Yes,No,Fiber optic,No,No,No internet service,Yes,Yes,Yes,Month-to-month,Yes,Electronic check,60.76,1275.08,Yes
C-ed077deb,Male,0,No,Yes,18,Yes,Yes,DSL,Yes,No,No,Yes,Yes,Yes,Two year,No,Bank transfer (automatic),49.32,853.65,No
C-99b91d9a,Female,0,No,No,21,Yes,Yes,DSL,Yes,No,No,Yes,No,No,One year,No,Electronic check,36.71,780.71,No
C-d183adf0,Male,0,No,Yes,22,Yes,Yes,DSL,No,No,Yes,No,No,Yes,Month-to-month,Yes,Mailed check,37.86,852.06,No
C-cce51e54,Female,0,No,No,66,Yes,Yes,DSL,No internet service,Yes,Yes,No,No,No,Month-to-month,Yes,Bank transfer (automatic),33.86,2220.92,Yes
C-a6e55c4a,Female,0,No,No,39,Yes,No,No,No internet service,No internet service,No internet service,No internet service,No internet service,No internet service,Month-to-month,Yes,Mailed check,20.81,798.76,No
C-f09ea023,Male,0,Yes,No,67,Yes,Yes,Fiber optic,Yes,No,Yes,Yes,Yes,No internet service,Month-to-month,Yes,Mailed check,66.9,4469.73,Yes
C-17ebb92c,Male,0,No,No,66,Yes,No,Fiber optic,No,No,No,No,No internet service,No,Month-to-month,No,Electronic check,36.6,2435.18,Yes
C-3370e232,Male,0,Yes,No,28,Yes,No,No,No internet service,No internet service,No internet service,No internet service,No internet service,No internet service,Two year,Yes,Electronic check,20.18,532.54,Yes
C-53f5b029,Female,0,No,No,70,Yes,Yes,DSL,No,No,Yes,No,Yes,Yes,Month-to-month,Yes,Mailed check,37.24,2608.15,No
C-d9324b22,Female,0,No,No,53,Yes,No,Fiber optic,No,No,No internet service,Yes,Yes,Yes,Two year,No,Mailed check,59.54,3138.77,No
C-824cb974,Male,0,Yes,No,1,Yes,No,DSL,No,No,Yes,Yes,No,No,One year,No,Mailed check,31.83,38.68,No
C-1bf706c0,Female,1,Yes,No,61,No,No phone service,Fiber optic,Yes,No,No,No,No internet service,Yes,Month-to-month,No,Credit card (automatic),49.67,3050.53,Yes
C-fd0018f2,Female,0,Yes,No,12,Yes,Yes,Fiber optic,Yes,No,No,No,Yes,Yes,Month-to-month,No,Bank transfer (automatic),54.88,692.52,Yes
C-e23a8c64,Male,0,No,Yes,35,Yes,No,No,No internet service,No internet service,No internet service,No internet service,No internet service,No internet service,Month-to-month,No,Credit card (automatic),25.35,863.08,No
C-95d158f6,Female,0,Yes,No,50,Yes,No,Fiber optic,No,Yes,Yes,Yes,No,Yes,Month-to-month,Yes,Mailed check,62.21,3116.9,Yes
C-a1013e06,Male,0,No,No,49,Yes,No,Fiber optic,No,No,No,Yes,No internet service,Yes,One year,Yes,Mailed check,49.76,2439.03,No
C-c4b8e1ae,Female,0,Yes,No,72,Yes,No,Fiber optic,No,No,No,No,Yes,Yes,Two year,Yes,Bank transfer (automatic),52.22,3775.43,No
C-2ac3dc2b,Male,1,No,Yes,17,Yes,Yes,DSL,No,No internet service,No internet service,No,Yes,No internet service,Month-to-month,No,Mailed check,29.96,520.45,No
C-613e301f,Female,0,No,No,12,Yes,Yes,Fiber optic,No internet service,Yes,No,No,No,No,One year,No,Mailed check,46.43,529.87,Yes
C-7ddb0413,Male,0,No,No,8,Yes,No,DSL,Yes,No,No internet service,No,Yes,No,Month-to-month,Yes,Credit card (automatic),38.18,301.48,Yes
C-ac16cefe,Female,0,No,Yes,65,No,No phone service,Fiber optic,No,Yes,No internet service,Yes,No internet service,No,Two year,No,Electronic check,47.82,3107.45,No
C-4d21a30f,Female,1,No,Yes,53,Yes,No,DSL,No,No,Yes,No internet service,Yes,No,One year,Yes,Credit card (automatic),31.87,1707.36,No
C-8fb71df6,Female,0,Yes,Yes,39,Yes,No,No,No internet service,No internet service,No internet service,No internet service,No internet service,No internet service,Month-to-month,No,Credit card (automatic),18.0,701.5,No
C-c582823d,Female,1,Yes,No,38,Yes,Yes,Fiber optic,Yes,No,Yes,Yes,No,No,Two year,Yes,Electronic check,58.97,2225.14,No
C-a954669c,Male,0,Yes,Yes,18,Yes,Yes,No,No internet service,No internet service,No internet service,No internet service,No internet service,No internet service,Month-to-month,Yes,Bank transfer (automatic),21.84,389.53,No
C-fa13c14d,Female,0,Yes,No,5,No,No phone service,DSL,No,No,No,No,Yes,Yes,Month-to-month,No,Electronic check,33.42,206.5,Yes
C-acec0230,Male,0,No,Yes,18,Yes,No,Fiber optic,No,No internet service,No,Yes,No,No,Month-to-month,No,Bank transfer (automatic),51.06,929.36,No
C-af01c4bb,Female,1,No,No,57,Yes,No,Fiber optic,Yes,No,No,No,Yes,Yes,Month-to-month,No,Credit card (automatic),55.03,3151.29,No
C-2cc111c9,Female,0,No,No,66,Yes,Yes,DSL,Yes,Yes,No,No internet service,Yes,No,Month-to-month,Yes,Credit card (automatic),36.3,2411.26,No
C-997021dd,Female,0,No,No,9,Yes,Yes,DSL,Yes,No,No internet service,No,No internet service,Yes,Month-to-month,No,Credit card (automatic),38.62,353.37,Yes
C-2f4029d8,Male,0,No,No,39,Yes,No,Fiber optic,No,Yes,No,No,No,No,Month-to-month,No,Bank transfer (automatic),46.66,1801.15,Yes
C-b3b0fbe2,Male,0,No,No,10,Yes,Yes,Fiber optic,No,No,No,No internet service,Yes,No,Two year,Yes,Credit card (automatic),43.48,439.54,Yes
C-28a3a4a2,Female,0,No,Yes,60,Yes,Yes,Fiber optic,No,Yes,No,No,Yes,Yes,Month-to-month,Yes,Credit card (automatic),58.04,3459.79,Yes
C-6e149a39,Female,0,Yes,No,44,Yes,Yes,No,No internet service,No internet service,No internet service,No internet service,No internet service,No internet service,Month-to-month,No,Electronic check,18.29,804.07,No
C-15a76df2,Male,0,No,Yes,6,Yes,No,Fiber optic,Yes,No,No,No internet service,No,Yes,Month-to-month,No,Electronic check,61.06,340.47,Yes
C-c8e9d6fc,Female,1,Yes,No,57,Yes,No,DSL,No,No,No,No,No,Yes,Month-to-month,Yes,Credit card (automatic),34.67,1972.22,No
C-f4a96a46,Female,0,Yes,Yes,17,Yes,No,DSL,Yes,Yes,No,No,No,No internet service,Month-to-month,Yes,Electronic check,36.47,645.71,No
C-a66d3b4e,Female,1,Yes,No,68,Yes,No,DSL,Yes,No,No,No,No,No,Two year,No,Bank transfer (automatic),27.44,1890.03,No
C-daa044ca,Male,1,No,No,5,Yes,No,Fiber optic,No,No,No,No,No,No,Month-to-month,No,Electronic check,39.48,186.46,Yes
C-20d4f879,Male,1,No,Yes,57,No,No phone service,No,No internet service,No internet service,No internet service,No internet service,No internet service,No internet service,Month-to-month,Yes,Electronic check,18.83,1089.26,No
C-1d9fe000,Female,0,No,No,58,Yes,No,Fiber optic,No,Yes,No internet service,No internet service,Yes,No,Month-to-month,No,Bank transfer (automatic),49.95,2863.66,Yes
C-15ba8e04,Female,0,No,No,48,Yes,No,Fiber optic,No,No,Yes,No,No,Yes,Two year,Yes,Electronic check,49.47,2417.79,Yes
C-7fb00323,Male,0,No,No,45,No,No phone service,DSL,Yes,No,No,No,No internet service,Yes,Two year,Yes,Credit card (automatic),37.69,1658.74,No
C-5598603f,Male,0,No,No,56,Yes,Yes,Fiber optic,No,No,No,No,No,No,One year,No,Mailed check,39.63,2217.72,No
C-6f40c13c,Male,0,Yes,No,36,Yes,No phone service,DSL,No internet service,No,Yes,Yes,Yes,No internet service,Month-to-month,Yes,Credit card (automatic),45.43,1613.65,No
C-c837c198,Male,1,No,No,9,Yes,No phone service,DSL,No,No,Yes,No internet service,No,Yes,One year,Yes,Electronic check,37.87,357.48,No
C-7818a8ff,Female,0,No,Yes,44,Yes,Yes,Fiber optic,No,No,Yes,No,Yes,No,Month-to-month,Yes,Mailed check,45.34,2028.71,No
C-3bef4f61,Female,0,Yes,No,39,Yes,No,No,No internet service,No internet service,No internet service,No internet service,No internet service,No internet service,One year,Yes,Credit card (automatic),22.44,844.51,No
C-325a4a00,Male,0,No,Yes,49,Yes,No phone service,Fiber optic,Yes,No,Yes,No,Yes,Yes,Two year,Yes,Credit card (automatic),61.61,3037.96,No
C-ad482e24,Female,0,No,No,1,No,No phone service,DSL,No,Yes,No,Yes,No internet service,No,Two year,Yes,Credit card (automatic),35.46,8.99,No
C-775ebb79,Male,0,No,Yes,17,Yes,No,Fiber optic,No,No,No,No,No,No,Month-to-month,Yes,Bank transfer (automatic),38.02,650.22,No
C-4c2e950f,Male,0,Yes,No,18,Yes,Yes,No,No internet service,No internet service,No internet service,No internet service,No internet service,No internet service,Month-to-month,Yes,Bank transfer (automatic),18.55,356.75,Yes
C-7ebb3c71,Male,1,No,No,18,Yes,No phone service,Fiber optic,Yes,No,No internet service,Yes,Yes,Yes,Month-to-month,Yes,Credit card (automatic),63.52,1129.26,Yes
C-6dce53bc,Female,1,Yes,No,49,Yes,No,Fiber optic,No,Yes,No,Yes,Yes,Yes,One year,Yes,Credit card (automatic),61.5,3000.63,Yes
C-1fbcfa47,Male,1,Yes,No,50,Yes,Yes,Fiber optic,Yes,No,No internet service,No,Yes,Yes,One year,No,Credit card (automatic),54.84,2695.91,No
C-8f2fc21e,Female,0,No,Yes,36,Yes,No phone service,DSL,No,No,Yes,No,No,No,Month-to-month,Yes,Mailed check,30.74,1121.81,No
C-baba7db3,Male,0,No,No,15,Yes,Yes,Fiber optic,Yes,No,No,No,No,No,Two year,Yes,Mailed check,44.53,691.93,No
C-d4bc167e,Female,0,No,No,31,No,No phone service,Fiber optic,No,No,Yes,No,Yes,No,Month-to-month,No,Credit card (automatic),51.58,1588.88,Yes
C-101d5911,Female,0,Yes,No,23,Yes,No,DSL,No,Yes,No internet service,No,No,No,Month-to-month,Yes,Electronic check,29.58,646.09,Yes
C-55aa79a2,Female,1,No,No,23,Yes,Yes,DSL,No,Yes,No,No,No,No,One year,Yes,Electronic check,29.76,666.08,No
C-b67ff625,Female,0,No,No,25,Yes,No phone service,Fiber optic,No,No,No,No,Yes,No,One year,No,Mailed check,50.36,1262.99,Yes
C-20e0f103,Male,1,Yes,No,19,Yes,No,Fiber optic,No,Yes,No,No,No,No internet service,Two year,Yes,Mailed check,43.83,827.39,No
C-742f6667,Male,1,Yes,No,70,Yes,Yes,Fiber optic,No,No,No,No,Yes,Yes,Month-to-month,Yes,Bank transfer (automatic),48.48,3413.69,Yes
C-8910c200,Male,0,No,Yes,39,Yes,No,No,No internet service,No internet service,No internet service,No internet service,No internet service,No internet service,One year,No,Bank transfer (automatic),18.06,695.98,No
C-dfc7c2ce,Female,0,Yes,Yes,35,Yes,No,No,No internet service,No internet service,No internet service,No internet service,No internet service,No internet service,Month-to-month,Yes,Electronic check,24.07,859.47,Yes
C-3f922c65,Female,0,No,No,65,Yes,Yes,No,No internet service,No internet service,No internet service,No internet service,No internet service,No internet service,One year,Yes,Bank transfer (automatic),18.0,1136.08,No
C-99319f84,Female,0,Yes,Yes,1,Yes,Yes,Fiber optic,No internet service,No,Yes,No,Yes,Yes,Month-to-month,No,Credit card (automatic),55.61,40.79,Yes
C-b5f881d0,Male,0,Yes,No,28,Yes,No,No,No internet service,No internet service,No internet service,No internet service,No internet service,No internet service,Month-to-month,No,Credit card (automatic),18.69,522.89,Yes
C-de330556,Female,1,No,No,36,Yes,No,Fiber optic,No,Yes,Yes,No,Yes,No internet service,Month-to-month,Yes,Credit card (automatic),54.27,1926.51,No
C-dc01d26f,Female,0,Yes,No,30,Yes,No,Fiber optic,No,No,No,No,No,No,One year,Yes,Electronic check,40.43,1193.26,No
C-186d5ef1,Male,0,Yes,No,47,Yes,No phone service,Fiber optic,No,No,No internet service,Yes,No,No,One year,No,Bank transfer (automatic),48.35,2278.22,No
C-faf40172,Male,0,No,Yes,72,Yes,Yes,Fiber optic,No,No,Yes,No,No,No,Two year,Yes,Bank transfer (automatic),41.27,2989.98,No
C-c9452d01,Male,1,No,No,47,Yes,Yes,Fiber optic,Yes,Yes,Yes,No,Yes,No,Two year,Yes,Bank transfer (automatic),65.81,3085.29,Yes
C-37ca4efe,Male,0,No,Yes,33,Yes,No,Fiber optic,No internet service,No,Yes,Yes,Yes,No,Month-to-month,Yes,Mailed check,58.82,1943.07,No
C-ef03b65d,Female,0,No,No,44,No,No phone service,Fiber optic,No,No,No internet service,Yes,No internet service,No,Month-to-month,No,Mailed check,46.14,2034.55,Yes
C-29be5440,Male,0,No,No,63,Yes,No phone service,No,No internet service,No internet service,No internet service,No internet service,No internet service,No internet service,Month-to-month,No,Bank transfer (automatic),20.35,1252.58,No
C-4bc89cf2,Male,0,Yes,No,5,Yes,No,No,No internet service,No internet service,No internet service,No internet service,No internet service,No internet service,One year,No,Credit card (automatic),19.71,79.75,No
C-ae5f3369,Female,0,No,Yes,43,Yes,No,DSL,No,No,Yes,Yes,No internet service,Yes,Two year,No,Mailed check,40.88,1742.73,No
C-48445e45,Female,0,Yes,No,39,Yes,No phone service,No,No internet service,No internet service,No internet service,No internet service,No internet service,No internet service,Month-to-month,Yes,Electronic check,18.0,679.83,No
C-19fde524,Female,0,Yes,Yes,5,Yes,Yes,DSL,Yes,No internet service,No,Yes,Yes,No internet service,Month-to-month,Yes,Bank transfer (automatic),40.32,185.83,Yes
C-1aba3e8c,Female,0,Yes,No,41,Yes,No phone service,DSL,No,Yes,Yes,Yes,No,Yes,Month-to-month,Yes,Mailed check,46.12,1879.46,Yes
C-d3fa5f44,Male,0,No,No,31,Yes,No phone service,DSL,Yes,No,No,No,No,No,Month-to-month,Yes,Mailed check,29.21,871.15,No
C-a983c666,Female,0,No,Yes,5,Yes,No phone service,Fiber optic,No internet service,Yes,No internet service,Yes,No,No internet service,Two year,No,Electronic check,54.29,222.64,Yes
C-9ff4b412,Male,0,No,No,13,Yes,No,Fiber optic,No,No,No,No,Yes,Yes,Month-to-month,No,Electronic check,53.4,708.24,Yes
C-ff37bc8d,Male,0,No,No,0,Yes,No,Fiber optic,No,Yes,No,Yes,No,No,Month-to-month,No,Mailed check,51.61,30.34,Yes
C-7c63121f,Female,0,No,Yes,23,Yes,Yes,Fiber optic,No,Yes,No,Yes,No internet service,Yes,One year,Yes,Electronic check,57.2,1321.75,No
C-917b3981,Female,0,Yes,No,9,Yes,Yes,No,No internet service,No internet service,No internet service,No internet service,No internet service,No internet service,Month-to-month,Yes,Bank transfer (automatic),20.58,199.25,No
C-4a543737,Female,0,No,No,31,Yes,Yes,DSL,Yes,No,No,No internet service,Yes,Yes,Month-to-month,No,Mailed check,44.86,1412.46,Yes
C-c775bbf5,Female,0,Yes,No,8,Yes,No phone service,DSL,No,No,No internet service,Yes,No,No,Month-to-month,Yes,Electronic check,26.82,200.27,No
C-12320b54,Female,0,No,No,12,Yes,Yes,Fiber optic,No,Yes,Yes,Yes,No,Yes,Month-to-month,No,Electronic check,60.28,682.61,No
C-343bd14d,Male,0,Yes,No,60,Yes,Yes,Fiber optic,No,No,Yes,No,No,No,Month-to-month,Yes,Mailed check,41.09,2465.88,No
C-bd1b47fa,Male,1,No,No,38,Yes,Yes,No,No internet service,No internet service,No internet service,No internet service,No internet service,No internet service,Month-to-month,Yes,Bank transfer (automatic),21.01,779.85,Yes
C-3d0c5dc7,Female,0,Yes,No,58,Yes,Yes,Fiber optic,No,No internet service,No,Yes,No,No internet service,Two year,Yes,Mailed check,42.79,2490.02,No
C-8e72ab93,Female,0,No,Yes,10,Yes,Yes,Fiber optic,No,Yes,No,No,Yes,No,One year,Yes,Electronic check,53.95,561.07,Yes
C-cdc8cc49,Male,0,Yes,Yes,31,Yes,No,No,No internet service,No internet service,No internet service,No internet service,No internet service,No internet service,Two year,No,Mailed check,18.0,593.06,No
C-9e507788,Female,0,No,No,56,No,No phone service,No,No internet service,No internet service,No internet service,No internet service,No internet service,No internet service,Month-to-month,No,Bank transfer (automatic),21.57,1219.12,No
C-52bccbde,Female,0,No,No,8,Yes,No,Fiber optic,No,No internet service,No,Yes,No internet service,Yes,One year,Yes,Mailed check,48.36,388.32,No
C-ce82b9e3,Female,0,Yes,No,59,Yes,Yes,Fiber optic,No,No,No,Yes,Yes,Yes,Month-to-month,No,Mailed check,57.23,3389.43,Yes
C-2b8463f9,Male,0,Yes,No,12,Yes,Yes,Fiber optic,Yes,No,Yes,No,No internet service,No,Month-to-month,Yes,Bank transfer (automatic),51.18,590.27,Yes
C-480154d1,Male,0,Yes,No,28,Yes,No phone service,No,No internet service,No internet service,No internet service,No internet service,No internet service,No internet service,Month-to-month,Yes,Electronic check,18.0,500.54,Yes
C-0c9adbc3,Female,0,No,Yes,32,No,No phone service,DSL,No,No,Yes,Yes,Yes,No,Month-to-month,Yes,Electronic check,43.89,1414.01,No
C-8e7e4b88,Female,0,No,No,18,Yes,Yes,Fiber optic,Yes,No,No,No,No,Yes,Two year,No,Bank transfer (automatic),53.96,970.09,Yes
C-2c0b6ef5,Female,1,No,No,44,Yes,Yes,Fiber optic,No,Yes,Yes,No,Yes,No,Month-to-month,No,Electronic check,49.77,2190.24,No
C-40c08438,Female,0,No,No,20,Yes,Yes,Fiber optic,No internet service,No,Yes,No internet service,No,Yes,Month-to-month,Yes,Electronic check,55.42,1110.86,Yes
C-29050d65,Male,1,Yes,Yes,46,Yes,Yes,Fiber optic,No,No,Yes,Yes,No,Yes,One year,No,Credit card (automatic),53.55,2447.27,No
C-204834b2,Female,0,No,No,38,Yes,Yes,Fiber optic,Yes,No,Yes,Yes,No,No internet service,Two year,No,Credit card (automatic),52.29,2024.85,No
C-318e7ea0,Female,0,No,No,60,Yes,Yes,DSL,No,No,Yes,No internet service,Yes,No,Two year,Yes,Mailed check,33.04,1986.62,No
C-ddb44ee2,Male,0,No,No,34,No,No phone service,Fiber optic,Yes,No internet service,No,No internet service,Yes,No,Month-to-month,Yes,Credit card (automatic),52.04,1723.24,Yes
C-4b620315,Male,0,No,Yes,41,Yes,No,No,No internet service,No internet service,No internet service,No internet service,No internet service,No internet service,One year,Yes,Electronic check,19.7,823.81,No
C-950ae29f,Female,0,No,No,63,Yes,Yes,No,No internet service,No internet service,No internet service,No internet service,No internet service,No internet service,Month-to-month,Yes,Electronic check,19.47,1273.64,No
C-bf7c6c99,Male,0,Yes,Yes,63,No,No phone service,DSL,No,Yes,No,No,Yes,Yes,Month-to-month,No,Bank transfer (automatic),43.29,2724.58,No
C-c29ab395,Female,1,Yes,No,22,Yes,Yes,DSL,No,No,Yes,No,No,No,Month-to-month,No,Mailed check,28.28,621.29,No
C-2b4245d1,Male,0,Yes,No,63,Yes,No phone service,DSL,Yes,No internet service,No,No,No,No internet service,Month-to-month,Yes,Credit card (automatic),33.62,2126.65,No
C-2e3ac546,Male,0,No,Yes,48,No,No phone service,Fiber optic,No,No internet service,Yes,No,Yes,No,Month-to-month,No,Mailed check,52.54,2510.97,Yes
C-b6f61d11,Male,0,Yes,Yes,56,Yes,Yes,DSL,No,No internet service,No internet service,No,No internet service,No,One year,No,Bank transfer (automatic),26.8,1479.26,No
C-b8ddcb10,Female,0,No,No,26,Yes,Yes,DSL,Yes,No,No,No,No,Yes,One year,No,Mailed check,37.98,952.64,No
C-47c96f04,Female,0,No,No,58,Yes,No,Fiber optic,Yes,Yes,No,No,No,Yes,Month-to-month,Yes,Electronic check,54.43,3183.6,Yes
C-e9854ae0,Female,1,Yes,No,8,Yes,No phone service,Fiber optic,Yes,No,Yes,Yes,No,Yes,Month-to-month,No,Bank transfer (automatic),58.3,469.92,Yes
C-7e39d03e,Male,0,No,No,15,Yes,No,Fiber optic,No,No,Yes,No,Yes,No internet service,Month-to-month,Yes,Credit card (automatic),53.45,800.61,No
C-159637c7,Male,0,No,No,70,Yes,Yes,DSL,No,No,No,No,No,Yes,One year,Yes,Electronic check,34.52,2387.21,No
C-b9196116,Female,0,Yes,No,24,Yes,No,Fiber optic,No,No,Yes,No,No,No,Two year,Yes,Credit card (automatic),43.03,1034.58,No
C-356dc9da,Male,0,Yes,No,26,Yes,No phone service,Fiber optic,Yes,No,Yes,Yes,No,No,Two year,No,Electronic check,56.54,1470.29,No
C-d80379ec,Female,0,No,Yes,72,Yes,No phone service,No,No internet service,No internet service,No internet service,No internet service,No internet service,No internet service,One year,Yes,Bank transfer (automatic),19.7,1403.78,No
C-bb08de19,Male,0,Yes,Yes,44,Yes,No,No,No internet service,No internet service,No internet service,No internet service,No internet service,No internet service,Month-to-month,Yes,Mailed check,22.89,1018.71,Yes
C-d771774e,Female,0,No,No,3,No,No phone service,Fiber optic,No internet service,Yes,No,Yes,No,No,One year,Yes,Credit card (automatic),51.57,163.86,Yes
C-5b467d93,Male,0,No,No,52,Yes,No,Fiber optic,Yes,No,Yes,No,Yes,No,One year,No,Credit card (automatic),55.62,2944.71,No
C-2f672811,Male,0,Yes,Yes,4,Yes,No phone service,Fiber optic,No,No,No internet service,No,No,No,Month-to-month,Yes,Bank transfer (automatic),45.82,181.08,Yes
C-a7f8cbab,Female,0,No,Yes,53,Yes,No,Fiber optic,No internet service,Yes,No,No,Yes,Yes,Month-to-month,Yes,Credit card (automatic),59.15,3120.68,Yes
C-5cd38902,Male,0,No,No,16,Yes,No,Fiber optic,No,No,Yes,Yes,Yes,Yes,One year,No,Bank transfer (automatic),61.48,1007.39,No
C-a3f80e5e,Male,0,Yes,No,14,Yes,No phone service,Fiber optic,No,No internet service,Yes,No,Yes,No,One year,No,Electronic check,43.8,659.95,Yes
C-8a790ea5,Female,0,No,No,68,Yes,Yes,Fiber optic,No,No,No,No internet service,Yes,Yes,Two year,No,Bank transfer (automatic),50.49,3429.26,No
C-de6b0a44,Male,0,Yes,No,49,Yes,Yes,No,No internet service,No internet service,No internet service,No internet service,No internet service,No internet service,Month-to-month,Yes,Credit card (automatic),22.91,1122.35,Yes
C-2298267e,Female,0,No,Yes,55,Yes,Yes,DSL,No,No,No,Yes,No,Yes,Month-to-month,Yes,Electronic check,35.05,1959.6,Yes
C-fbbd3bfe,Female,0,Yes,No,62,Yes,No phone service,No,No internet service,No internet service,No internet service,No internet service,No internet service,No internet service,Two year,Yes,Electronic check,18.59,1120.71,No
C-bbf7e363,Female,1,No,Yes,3,No,No phone service,No,No internet service,No internet service,No internet service,No internet service,No internet service,No internet service,Month-to-month,No,Electronic check,19.31,15.83,Yes
C-5ccbacda,Female,0,No,No,11,Yes,Yes,No,No internet service,No internet service,No internet service,No internet service,No internet service,No internet service,Month-to-month,No,Bank transfer (automatic),21.55,272.72,No
C-b7bfd76f,Female,0,No,Yes,55,Yes,No,No,No internet service,No internet service,No internet service,No internet service,No internet service,No internet service,Month-to-month,No,Mailed check,19.26,1070.68,No
C-4b1ab1f0,Female,0,No,No,66,Yes,No phone service,DSL,No,No,No,No,No,No,One year,Yes,Electronic check,23.17,1545.48,No
C-978ba90c,Male,0,No,No,2,Yes,Yes,Fiber optic,No,No,Yes,No,Yes,Yes,Month-to-month,No,Mailed check,56.8,109.44,No
C-9e1cbe52,Male,1,Yes,No,52,No,No phone service,DSL,No,No internet service,No internet service,No,No,No,One year,Yes,Electronic check,22.57,1201.37,No
C-57b0df40,Male,0,Yes,Yes,67,Yes,Yes,Fiber optic,No,No,No,No internet service,Yes,Yes,Month-to-month,No,Bank transfer (automatic),46.57,3107.0,Yes
C-7720a0fd,Male,0,No,No,17,Yes,Yes,Fiber optic,No internet service,Yes,Yes,No,Yes,No,Two year,Yes,Mailed check,61.87,1081.84,No
C-9b3c9723,Female,0,Yes,No,45,Yes,Yes,DSL,No,No internet service,No,Yes,Yes,Yes,Two year,Yes,Credit card (automatic),35.33,1634.04,No
C-a3520ac8,Male,0,Yes,No,38,Yes,No,Fiber optic,No,No,No,Yes,Yes,Yes,Month-to-month,Yes,Bank transfer (automatic),60.04,2313.9,Yes
C-60cd5668,Female,0,Yes,No,12,Yes,No,DSL,No,Yes,No internet service,Yes,No,No internet service,One year,Yes,Electronic check,35.9,503.37,Yes
C-f6be9de2,Male,0,Yes,No,15,No,No phone service,Fiber optic,No,No,No,No,Yes,No,Month-to-month,No,Electronic check,39.76,591.03,No
C-86446f37,Male,0,Yes,No,18,Yes,Yes,Fiber optic,Yes,No,No,No,No,Yes,Two year,Yes,Electronic check,52.65,932.2,No
C-a8eabb64,Female,0,Yes,No,24,Yes,Yes,DSL,No internet service,No,No,No,No internet service,Yes,Month-to-month,No,Bank transfer (automatic),33.4,799.37,No
C-2b88d79f,Male,0,No,No,57,Yes,Yes,DSL,No,No,No internet service,No,No internet service,No,Month-to-month,No,Electronic check,21.7,1174.7,No
C-1e94a9c9,Male,0,No,No,66,Yes,No,DSL,No,No internet service,Yes,No,Yes,Yes,Month-to-month,No,Electronic check,34.98,2305.24,No
C-3b3b59ad,Male,1,Yes,Yes,51,Yes,Yes,Fiber optic,No internet service,No,No,Yes,No,No,Month-to-month,Yes,Electronic check,39.19,1975.51,Yes
C-59262986,Female,0,No,No,48,No,No phone service,No,No internet service,No internet service,No internet service,No internet service,No internet service,No internet service,Two year,Yes,Electronic check,23.49,1147.64,No
C-127fc94e,Male,0,Yes,Yes,36,Yes,No phone service,Fiber optic,No,No,Yes,Yes,No,No,Month-to-month,No,Bank transfer (automatic),46.52,1682.35,No
C-b940f91b,Male,0,Yes,No,50,Yes,Yes,No,No internet service,No internet service,No internet service,No internet service,No internet service,No internet service,Month-to-month,Yes,Electronic check,18.0,936.91,No
C-ed2cd605,Male,0,Yes,No,29,Yes,No,DSL,Yes,No,Yes,No,No,No internet service,Month-to-month,Yes,Electronic check,37.01,1063.74,No
C-1e1e772c,Male,0,No,No,52,Yes,Yes,Fiber optic,No,No,Yes,No,No,Yes,Month-to-month,No,Electronic check,51.96,2741.96,No
C-e55e6d7b,Male,0,Yes,Yes,29,Yes,Yes,DSL,No,No,Yes,No,No,No,Two year,No,Electronic check,28.15,827.14,No
C-ca204a5e,Female,0,Yes,Yes,42,Yes,Yes,Fiber optic,Yes,No internet service,No,No,No,No,One year,No,Credit card (automatic),47.79,2026.43,No
C-9d939d3b,Female,1,Yes,Yes,39,Yes,No phone service,No,No internet service,No internet service,No internet service,No internet service,No internet service,No internet service,Month-to-month,Yes,Credit card (automatic),18.6,707.42,Yes
C-58ec0c6c,Male,0,No,No,71,Yes,No,Fiber optic,No,Yes,No,No,No,No internet service,Month-to-month,No,Mailed check,45.38,3230.38,Yes
C-b98f057a,Female,1,Yes,No,34,Yes,No phone service,Fiber optic,No,Yes,No,No,Yes,Yes,Two year,Yes,Electronic check,55.51,1899.83,Yes
C-8e6e1769,Male,0,Yes,Yes,29,Yes,No,Fiber optic,No,No,Yes,No,No internet service,No,One year,Yes,Electronic check,45.31,1302.13,No
C-dedf7382,Male,0,Yes,No,62,Yes,Yes,Fiber optic,No,Yes,No internet service,No,Yes,No,One year,Yes,Mailed check,51.91,3206.98,No
C-4fd53143,Male,0,No,No,51,Yes,No phone service,Fiber optic,No,No,No internet service,No,Yes,Yes,Two year,Yes,Electronic check,52.03,2642.99,No
C-8a02b0a6,Female,0,No,Yes,27,Yes,Yes,Fiber optic,No internet service,Yes,Yes,No,No,No internet service,Month-to-month,No,Bank transfer (automatic),50.65,1354.05,Yes
C-9a019ca3,Male,0,No,No,17,Yes,No,Fiber optic,Yes,Yes,No,Yes,Yes,No,Month-to-month,No,Bank transfer (automatic),62.28,1050.89,No
C-28e084f6,Male,0,No,Yes,11,Yes,No,No,No internet service,No internet service,No internet service,No internet service,No internet service,No internet service,Month-to-month,Yes,Bank transfer (automatic),22.87,252.24,Yes
C-339c5238,Female,0,No,No,50,Yes,No phone service,Fiber optic,No,No,No,Yes,No,No,Month-to-month,No,Credit card (automatic),47.63,2374.66,No
C-78e44de8,Male,1,Yes,No,6,No,No phone service,No,No internet service,No internet service,No internet service,No internet service,No internet service,No internet service,Two year,No,Credit card (automatic),18.0,122.51,No
C-c84e00c9,Male,0,No,No,64,Yes,No phone service,Fiber optic,No,No,Yes,Yes,No,No,Two year,No,Credit card (automatic),47.34,3019.5,No
C-641391a5,Female,0,Yes,No,10,Yes,No,DSL,No,Yes,No,No,Yes,Yes,Month-to-month,Yes,Credit card (automatic),36.5,348.9,Yes
C-13029e0c,Male,1,Yes,Yes,61,Yes,Yes,Fiber optic,Yes,No,No,Yes,Yes,No,Month-to-month,Yes,Bank transfer (automatic),55.06,3363.43,Yes
C-4e9b1441,Female,0,No,No,68,Yes,Yes,DSL,No,Yes,No,No,No,No internet service,Month-to-month,No,Electronic check,36.17,2444.96,No
C-e193dc38,Female,0,No,No,58,Yes,Yes,DSL,Yes,Yes,No,No internet service,No,Yes,One year,Yes,Mailed check,37.03,2138.26,No
C-c74b93e0,Female,0,No,No,63,Yes,No phone service,DSL,Yes,Yes,Yes,No,Yes,No,Month-to-month,No,Mailed check,44.79,2822.5,No
C-61a86736,Male,0,Yes,Yes,70,Yes,No,Fiber optic,Yes,No,No,No,Yes,No,Two year,Yes,Credit card (automatic),53.37,3728.08,No
C-7325f270,Female,0,No,No,53,Yes,No,DSL,No,Yes,No,No,Yes,Yes,One year,No,Credit card (automatic),40.22,2171.82,No
C-c23f8b9c,Male,0,Yes,No,17,Yes,No,DSL,No,Yes,No,No internet service,Yes,Yes,Month-to-month,No,Electronic check,41.48,729.34,No
C-c0129878,Female,0,Yes,No,55,Yes,Yes,DSL,No,Yes,No,No,No,Yes,One year,No,Electronic check,38.22,2123.05,No
C-e9543789,Female,0,Yes,No,17,Yes,No,DSL,Yes,No internet service,No,No,Yes,No,Two year,Yes,Electronic check,33.85,604.41,No
C-797841b3,Female,1,No,No,39,Yes,Yes,No,No internet service,No internet service,No internet service,No internet service,No internet service,No internet service,Month-to-month,No,Bank transfer (automatic),18.0,735.85,No
C-5e094249,Female,0,Yes,No,39,Yes,No,No,No internet service,No internet service,No internet service,No internet service,No internet service,No internet service,Month-to-month,No,Credit card (automatic),21.56,810.02,No
C-297fdc5b,Female,1,Yes,No,64,Yes,Yes,DSL,No,No,No,No internet service,Yes,No,Two year,Yes,Electronic check,29.63,1885.44,No
C-99e2f3ad,Male,0,Yes,No,26,No,No phone service,DSL,No,No,Yes,Yes,Yes,No,One year,Yes,Credit card (automatic),40.2,1059.42,No
C-e32d1e21,Female,0,Yes,Yes,5,Yes,No,Fiber optic,No,No,No,Yes,No,No,Month-to-month,Yes,Electronic check,46.95,254.54,Yes
C-6b9438d5,Male,1,No,No,46,Yes,No,DSL,No,No,Yes,Yes,Yes,No,One year,No,Mailed check,39.1,1759.6,No
C-77661d6e,Female,0,Yes,Yes,19,Yes,Yes,No,No internet service,No internet service,No internet service,No internet service,No internet service,No internet service,Month-to-month,No,Electronic check,23.72,466.51,Yes
C-7a1fff38,Female,0,No,No,1,Yes,No,Fiber optic,No,Yes,No,No,No,No,Month-to-month,Yes,Bank transfer (automatic),46.38,34.43,Yes
C-d7aff5d7,Female,0,No,No,21,Yes,Yes,DSL,No,No,No,No,No,No,Month-to-month,Yes,Bank transfer (automatic),24.56,523.33,Yes
C-3918a2e8,Female,0,No,No,27,Yes,Yes,Fiber optic,No internet service,No,No,No,Yes,Yes,One year,Yes,Bank transfer (automatic),50.12,1338.42,Yes
C-aae54f2e,Male,0,Yes,No,67,Yes,No,DSL,Yes,No,Yes,No,Yes,No,Month-to-month,No,Electronic check,40.27,2704.05,Yes
C-01a4a4c5,Female,0,No,Yes,5,Yes,Yes,No,No internet service,No internet service,No internet service,No internet service,No internet service,No internet service,Two year,No,Electronic check,19.46,96.72,No
C-2c9c9066,Male,0,No,No,34,Yes,Yes,Fiber optic,No,No,Yes,No,No,Yes,Two year,Yes,Electronic check,50.11,1689.48,No
C-3df52753,Male,0,No,No,20,Yes,No phone service,No,No internet service,No internet service,No internet service,No internet service,No internet service,No internet service,Month-to-month,No,Credit card (automatic),18.0,390.0,Yes
C-1dbb032d,Male,0,No,No,31,Yes,Yes,Fiber optic,Yes,Yes,No,No,Yes,No,Month-to-month,No,Bank transfer (automatic),52.33,1621.71,No
C-2a2ea000,Female,0,Yes,No,38,Yes,No,DSL,No,No,No,Yes,Yes,No internet service,One year,Yes,Electronic check,37.54,1435.82,No
C-d952f3fb,Female,0,No,No,41,Yes,No,Fiber optic,No,Yes,No,No internet service,No,Yes,Two year,Yes,Bank transfer (automatic),54.04,2236.47,No
C-d29a6fa0,Male,1,No,No,13,Yes,No,No,No internet service,No internet service,No internet service,No internet service,No internet service,No internet service,Month-to-month,Yes,Electronic check,18.13,197.83,No
C-93823354,Male,0,No,No,66,Yes,No,Fiber optic,Yes,No,No,No,No,Yes,Month-to-month,Yes,Bank transfer (automatic),44.85,2953.45,No
C-bbcfbc33,Female,0,No,No,47,Yes,Yes,Fiber optic,No,No,Yes,Yes,No,Yes,Month-to-month,Yes,Bank transfer (automatic),53.95,2523.3,Yes
C-26d242f9,Female,0,No,No,36,Yes,Yes,DSL,No,No,No,No internet service,No,No,Month-to-month,Yes,Mailed check,26.34,946.87,Yes
C-18119945,Male,0,No,Yes,3,No,No phone service,No,No internet service,No internet service,No internet service,No internet service,No internet service,No internet service,Two year,No,Electronic check,26.31,70.81,Yes
C-bfaf9ea2,Male,0,No,No,33,Yes,No,No,No internet service,No internet service,No internet service,No internet service,No internet service,No internet service,Month-to-month,Yes,Mailed check,19.87,676.07,No
C-b439d705,Male,1,No,No,50,Yes,Yes,DSL,No,No,Yes,No,No internet service,Yes,One year,Yes,Bank transfer (automatic),37.85,1911.93,No
C-5f071534,Male,0,No,No,10,Yes,No phone service,DSL,No,Yes,No internet service,No,No,No,Two year,No,Mailed check,34.45,305.44,No
C-52ba12b1,Female,0,Yes,No,46,Yes,No,DSL,Yes,Yes,No,No,No,No,One year,Yes,Mailed check,34.4,1581.69,No
C-1afb495e,Male,1,No,No,20,Yes,No,No,No internet service,No internet service,No internet service,No internet service,No internet service,No internet service,Month-to-month,No,Mailed check,20.24,372.28,Yes
C-6b178b3d,Female,1,No,No,54,Yes,No phone service,DSL,No internet service,No,Yes,Yes,No,No,Month-to-month,No,Mailed check,36.27,1967.63,No
C-a9b21796,Female,0,No,No,15,No,No phone service,Fiber optic,No,Yes,Yes,No,No,Yes,Two year,No,Electronic check,55.09,831.27,No
C-80b2c5ed,Female,0,Yes,No,55,Yes,Yes,No,No internet service,No internet service,No internet service,No internet service,No internet service,No internet service,Two year,Yes,Electronic check,18.18,993.15,No
C-85bf1995,Female,0,Yes,Yes,17,Yes,Yes,Fiber optic,Yes,No,Yes,No,Yes,No,Month-to-month,Yes,Credit card (automatic),58.57,1009.01,Yes
C-7c4e41ce,Male,0,No,No,45,Yes,Yes,DSL,No,No,Yes,No,No,Yes,Month-to-month,Yes,Electronic check,33.5,1528.34,No
C-6d6ce481,Female,0,Yes,No,33,Yes,Yes,DSL,No,Yes,No,No internet service,No,No,Month-to-month,Yes,Mailed check,30.08,1008.01,No
C-5d02e065,Male,0,Yes,Yes,15,Yes,Yes,DSL,No,Yes,No internet service,No,No,No,One year,No,Electronic check,30.67,439.4,No
C-545cc553,Male,1,No,No,9,Yes,No,Fiber optic,No,No,No,No,No,Yes,Month-to-month,Yes,Electronic check,42.59,400.67,Yes
C-94fbbadd,Female,0,No,Yes,50,Yes,Yes,No,No internet service,No internet service,No internet service,No internet service,No internet service,No internet service,Two year,Yes,Bank transfer (automatic),20.18,1024.4,No
C-9c372904,Male,0,No,No,30,Yes,Yes,DSL,No,Yes,No,No internet service,Yes,No,Two year,Yes,Electronic check,31.52,959.65,No
C-3c889796,Female,0,No,No,18,Yes,No,Fiber optic,No,No,Yes,Yes,No internet service,Yes,Two year,Yes,Mailed check,55.97,979.71,No
C-261aebbd,Female,1,No,No,2,Yes,No,Fiber optic,No,No,No internet service,No internet service,Yes,No,Month-to-month,No,Mailed check,40.05,40.54,Yes
C-109f9c50,Male,0,No,Yes,34,Yes,No phone service,No,No internet service,No internet service,No internet service,No internet service,No internet service,No internet service,One year,No,Mailed check,20.67,726.0,No
C-d0e10d3d,Male,1,No,No,39,Yes,Yes,No,No internet service,No internet service,No internet service,No internet service,No internet service,No internet service,One year,Yes,Credit card (automatic),19.23,800.58,No
C-cb1cbcff,Male,1,Yes,No,50,Yes,No,DSL,No,Yes,No internet service,No internet service,No,Yes,One year,Yes,Credit card (automatic),31.33,1552.69,No
C-0939a5c1,Female,0,No,Yes,42,Yes,Yes,DSL,No,Yes,Yes,No,Yes,Yes,Month-to-month,No,Bank transfer (automatic),41.64,1736.11,No
C-7fda3a2b,Female,1,No,No,62,Yes,No,Fiber optic,No,No,Yes,No,Yes,Yes,Month-to-month,Yes,Credit card (automatic),56.33,3479.77,Yes
C-bded2d71,Female,0,Yes,Yes,18,Yes,No,No,No internet service,No internet service,No internet service,No internet service,No internet service,No internet service,One year,Yes,Electronic check,18.0,284.89,No
C-83018580,Male,0,No,Yes,3,Yes,No phone service,Fiber optic,Yes,No,No internet service,No,Yes,Yes,One year,No,Mailed check,61.55,157.17,Yes
C-b551c0c7,Female,1,Yes,No,4,Yes,Yes,No,No internet service,No internet service,No internet service,No internet service,No internet service,No internet service,Two year,Yes,Electronic check,19.68,93.2,No
C-fdacfed3,Female,0,No,No,40,Yes,No phone service,Fiber optic,No,Yes,No,No,Yes,No,Two year,No,Bank transfer (automatic),46.3,1831.32,Yes
C-8c349766,Female,0,Yes,No,7,Yes,No,DSL,No,Yes,No,Yes,No,Yes,Month-to-month,No,Credit card (automatic),37.57,266.85,Yes
C-7c40d65b,Male,0,No,Yes,5,Yes,No phone service,Fiber optic,No,No,No,No,Yes,Yes,Two year,No,Credit card (automatic),49.81,275.79,No
C-6c83b6f8,Female,0,No,No,9,Yes,No,DSL,Yes,No,Yes,No,No,No internet service,Month-to-month,Yes,Bank transfer (automatic),34.22,288.78,Yes
C-62c23cd5,Female,0,Yes,Yes,48,Yes,No phone service,DSL,No,Yes,Yes,No,Yes,Yes,Month-to-month,No,Credit card (automatic),42.9,2063.15,No
C-09991b54,Male,0,No,No,49,Yes,No,DSL,No,No,No internet service,Yes,Yes,No,One year,Yes,Electronic check,33.17,1661.37,No
C-1aa61f67,Male,0,No,Yes,47,Yes,No,Fiber optic,Yes,Yes,No,No,No,No,Month-to-month,No,Bank transfer (automatic),52.44,2485.54,No
C-d2e18de1,Male,0,No,No,1,Yes,Yes,DSL,Yes,No,Yes,No,No,No,Month-to-month,No,Mailed check,37.51,0.0,Yes
C-6f3d5fac,Male,1,No,No,49,Yes,No,DSL,No,No,No,Yes,No,No internet service,One year,No,Electronic check,28.28,1391.99,No
C-a715082d,Male,0,Yes,No,41,Yes,No phone service,DSL,No,No,No,Yes,No,Yes,Month-to-month,Yes,Electronic check,33.68,1400.7,No
C-8c259864,Male,0,Yes,No,3,Yes,No phone service,Fiber optic,Yes,No,No,Yes,No,Yes,Two year,Yes,Electronic check,57.12,196.78,Yes
C-f6b5b83c,Male,0,Yes,No,41,Yes,No,Fiber optic,No,Yes,Yes,No,No,Yes,One year,Yes,Bank transfer (automatic),60.37,2511.73,Yes
C-4362b3f8,Male,1,Yes,No,61,Yes,Yes,Fiber optic,Yes,No,Yes,No,Yes,No,Two year,Yes,Bank transfer (automatic),57.38,3497.35,No
C-417d0072,Male,0,No,No,51,Yes,No,Fiber optic,No,No,No,No,Yes,No,Two year,No,Mailed check,47.38,2404.2,No
C-985a3906,Female,0,Yes,Yes,61,Yes,Yes,DSL,No,No,Yes,Yes,Yes,No internet service,Two year,Yes,Bank transfer (automatic),41.21,2533.99,No
C-f0ff35d4,Female,0,Yes,No,23,Yes,No,Fiber optic,No,Yes,No,No,No,No internet service,One year,Yes,Electronic check,49.03,1104.1,No
C-0e1c3004,Female,0,Yes,Yes,71,Yes,Yes,No,No internet service,No internet service,No internet service,No internet service,No internet service,No internet service,Month-to-month,Yes,Credit card (automatic),21.48,1521.86,Yes
C-4562bcdb,Male,0,Yes,No,54,Yes,No phone service,Fiber optic,No,Yes,No,No,No,No,Month-to-month,No,Credit card (automatic),43.06,2312.78,Yes
C-07a4df51,Female,0,Yes,Yes,1,Yes,No,DSL,No,Yes,Yes,No,Yes,Yes,Two year,Yes,Electronic check,45.15,26.67,Yes
C-cb74fdcf,Male,0,Yes,No,1,Yes,Yes,Fiber optic,Yes,No,No internet service,No,No,No,Month-to-month,Yes,Mailed check,48.29,36.67,Yes
C-267de1f5,Female,0,No,Yes,63,Yes,Yes,DSL,Yes,No,No,Yes,No,Yes,Month-to-month,Yes,Credit card (automatic),45.03,2844.9,No
C-5aa07020,Female,0,No,Yes,27,Yes,No,No,No internet service,No internet service,No internet service,No internet service,No internet service,No internet service,One year,No,Mailed check,18.0,479.85,No
C-e8267393,Male,0,Yes,No,8,Yes,No,Fiber optic,No,Yes,Yes,No internet service,No,No,Month-to-month,Yes,Mailed check,50.86,399.91,Yes
C-7d219c0c,Male,0,No,No,49,Yes,No,DSL,No,No,Yes,No,Yes,No,Two year,Yes,Electronic check,31.55,1557.12,No
C-37306be8,Female,0,Yes,No,44,Yes,Yes,Fiber optic,No,No,No,No internet service,No internet service,Yes,Month-to-month,No,Bank transfer (automatic),49.1,2155.07,No
C-a300cb18,Male,0,No,Yes,61,Yes,Yes,DSL,No,Yes,Yes,Yes,No,Yes,Two year,Yes,Electronic check,50.26,3051.67,No
C-7a3b0b68,Male,0,No,No,48,Yes,Yes,DSL,No internet service,No,No internet service,No,Yes,Yes,Month-to-month,Yes,Credit card (automatic),36.48,1731.37,Yes
C-319b33d0,Male,0,Yes,No,19,Yes,No,Fiber optic,No,No,No,Yes,No,No,One year,Yes,Credit card (automatic),39.54,781.37,No
C-efc8be8b,Female,0,No,No,43,Yes,No,Fiber optic,No,No internet service,Yes,No,No,No internet service,Month-to-month,Yes,Bank transfer (automatic),45.11,1922.74,Yes
C-801ec316,Male,0,Yes,No,25,Yes,No phone service,No,No internet service,No internet service,No internet service,No internet service,No internet service,No internet service,Month-to-month,No,Bank transfer (automatic),20.59,522.26,No
C-7363b8ff,Female,0,Yes,No,49,Yes,No,No,No internet service,No internet service,No internet service,No internet service,No internet service,No internet service,One year,Yes,Electronic check,20.36,953.45,No
C-4518921a,Male,1,No,No,15,Yes,No,No,No internet service,No internet service,No internet service,No internet service,No internet service,No internet service,One year,Yes,Mailed check,22.24,389.55,No
C-0af9b0f6,Female,0,Yes,No,31,No,No phone service,DSL,Yes,Yes,No,No,No,No,Month-to-month,Yes,Credit card (automatic),37.14,1139.81,No
C-9358f3ec,Male,0,No,Yes,29,Yes,No,No,No internet service,No internet service,No internet service,No internet service,No internet service,No internet service,Month-to-month,No,Mailed check,21.67,636.86,Yes
C-4d1b12dc,Male,0,Yes,Yes,0,Yes,No,Fiber optic,No,No,Yes,No,No,Yes,Month-to-month,Yes,Credit card (automatic),51.11,39.88,Yes
C-efad0c80,Male,0,Yes,Yes,5,Yes,Yes,DSL,No,No,No,Yes,Yes,Yes,Month-to-month,Yes,Electronic check,40.72,201.07,Yes
C-fcd464ed,Female,1,Yes,Yes,35,Yes,No,Fiber optic,No internet service,Yes,No,Yes,No,Yes,One year,No,Bank transfer (automatic),58.59,2057.75,No
C-b21c5830,Male,0,No,No,54,Yes,No,DSL,Yes,No,No,No,Yes,Yes,Month-to-month,No,Mailed check,48.02,2613.55,No
C-e1bb5949,Male,0,Yes,Yes,30,Yes,Yes,Fiber optic,No,No,No,No,Yes,No,Month-to-month,Yes,Bank transfer (automatic),46.29,1390.77,No
C-3a61b9a2,Female,0,Yes,No,62,Yes,No,DSL,No,No,Yes,No,No,No,Month-to-month,Yes,Credit card (automatic),27.32,1684.57,No
C-74b67450,Male,0,Yes,No,0,Yes,No,DSL,No,No internet service,No,No internet service,No,No,One year,No,Electronic check,23.76,0.0,Yes
C-587cd7c9,Female,0,No,No,3,Yes,No phone service,DSL,No,Yes,No,No,No,Yes,Two year,Yes,Bank transfer (automatic),35.12,124.86,No
C-22f2f11a,Female,1,No,No,7,Yes,No,DSL,No,No,Yes,No,No,Yes,Two year,Yes,Electronic check,41.14,333.24,No
C-1eef1330,Female,0,Yes,No,17,Yes,Yes,Fiber optic,No,No,No internet service,No,No,Yes,Two year,Yes,Electronic check,40.28,711.77,No
C-8ff9bad9,Male,0,Yes,Yes,0,Yes,Yes,DSL,No,No,No,No,Yes,Yes,Two year,Yes,Electronic check,35.46,0.0,No
C-25e022a8,Male,0,No,No,57,Yes,No,Fiber optic,Yes,No,No internet service,No,Yes,No,Month-to-month,Yes,Credit card (automatic),49.88,2849.46,No
C-556d0142,Male,0,No,No,3,Yes,Yes,Fiber optic,No internet service,Yes,No,No,Yes,No,Month-to-month,No,Mailed check,55.64,184.57,Yes
C-88359bf2,Female,0,Yes,No,21,Yes,Yes,Fiber optic,No,No,Yes,No,No,Yes,Month-to-month,Yes,Electronic check,52.91,1125.34,Yes
C-df7b0250,Male,0,No,Yes,17,Yes,Yes,No,No internet service,No internet service,No internet service,No internet service,No internet service,No internet service,Month-to-month,No,Electronic check,22.38,374.65,Yes
C-3ebaa2ce,Male,0,No,No,14,Yes,No,Fiber optic,Yes,No,Yes,No,No,Yes,Month-to-month,Yes,Credit card (automatic),52.56,742.86,No
C-1e1325de,Male,1,No,No,8,Yes,Yes,Fiber optic,No,No,No,No internet service,No,No,Month-to-month,No,Mailed check,42.19,348.46,No
C-8f444382,Male,0,Yes,Yes,65,No,No phone service,Fiber optic,No,No,No,No,No,Yes,Month-to-month,No,Electronic check,48.0,3115.81,No
C-9bd64c67,Female,0,No,No,62,Yes,No,No,No internet service,No internet service,No internet service,No internet service,No internet service,No internet service,Month-to-month,Yes,Electronic check,19.36,1214.83,Yes
C-f13c7acd,Male,0,No,No,56,Yes,No phone service,DSL,No,Yes,Yes,No,Yes,No,One year,Yes,Electronic check,41.17,2338.0,No
C-b469499b,Male,0,No,No,47,No,No phone service,DSL,No,No,Yes,No,Yes,No,Month-to-month,No,Bank transfer (automatic),37.38,1725.69,No
C-ae90c8a1,Female,0,Yes,Yes,17,Yes,Yes,Fiber optic,No,Yes,No,Yes,No internet service,No,Two year,Yes,Bank transfer (automatic),48.27,793.85,No
C-a2aa0453,Female,0,Yes,No,3,Yes,No phone service,Fiber optic,No,No,No,No,Yes,No,Month-to-month,No,Bank transfer (automatic),43.71,130.47,Yes
C-c0674f52,Female,0,Yes,No,6,Yes,Yes,Fiber optic,Yes,Yes,No,No,Yes,No,Month-to-month,Yes,Credit card (automatic),60.87,375.83,No
C-0a68c0fe,Male,1,No,No,30,Yes,Yes,Fiber optic,No,Yes,No,No,No,No,Month-to-month,Yes,Credit card (automatic),46.5,1388.94,Yes
C-b2b40684,Male,0,No,Yes,58,Yes,No phone service,No,No internet service,No internet service,No internet service,No internet service,No internet service,No internet service,Month-to-month,No,Electronic check,25.8,1483.98,No
C-c100c9a7,Male,1,Yes,No,40,Yes,No,Fiber optic,Yes,No,No,No,No,No,Two year,Yes,Mailed check,49.23,1986.17,No
C-7c84e882,Male,0,No,No,47,Yes,No phone service,No,No internet service,No internet service,No internet service,No internet service,No internet service,No internet service,Month-to-month,Yes,Credit card (automatic),22.92,1086.82,Yes
C-a9802e2e,Female,0,No,No,26,Yes,Yes,DSL,No,Yes,No,Yes,No,No,Two year,Yes,Electronic check,34.66,885.03,No
C-c025bd59,Male,0,No,No,16,Yes,No,DSL,No,No,No internet service,No,Yes,Yes,Two year,Yes,Electronic check,36.52,599.29,No
C-d2ce4828,Female,0,Yes,No,37,Yes,Yes,Fiber optic,No internet service,No,No,No,No,No,One year,Yes,Bank transfer (automatic),35.8,1342.92,No
C-a9870f71,Male,0,No,Yes,51,Yes,Yes,No,No internet service,No internet service,No internet service,No internet service,No internet service,No internet service,Month-to-month,No,Mailed check,18.0,905.28,Yes
C-408e0e10,Male,0,Yes,Yes,49,Yes,No,Fiber optic,No,No,No,Yes,No,No,Month-to-month,Yes,Credit card (automatic),44.42,2131.51,No
C-73e5f6f2,Female,0,Yes,Yes,70,Yes,Yes,Fiber optic,No,Yes,No,No,No,No internet service,Month-to-month,Yes,Mailed check,43.54,3048.99,Yes
C-02c98dcc,Male,0,No,No,0,Yes,Yes,DSL,No,No,No,No,Yes,No,One year,No,Bank transfer (automatic),25.9,0.0,No
C-5bf4d9f1,Female,0,Yes,No,43,Yes,No,No,No internet service,No internet service,No internet service,No internet service,No internet service,No internet service,Month-to-month,Yes,Mailed check,18.25,738.67,Yes
C-5b969146,Female,1,Yes,Yes,40,No,No phone service,Fiber optic,Yes,No,No,No,No,No,Two year,No,Bank transfer (automatic),43.28,1742.61,No
C-0b0d8e03,Male,0,No,No,3,Yes,No phone service,Fiber optic,No,No,No,No,No,No internet service,Two year,Yes,Mailed check,44.87,129.7,Yes
C-334e031d,Female,0,Yes,No,24,Yes,Yes,DSL,No,No,No,Yes,No,No,One year,Yes,Electronic check,34.56,802.51,Yes
C-57218c17,Female,1,Yes,Yes,19,Yes,Yes,DSL,No,No,No,No,Yes,No,Two year,No,Electronic check,30.72,605.27,No
C-eb0d90d9,Male,1,Yes,No,47,Yes,Yes,DSL,No,No,No,Yes,No,Yes,Month-to-month,Yes,Mailed check,34.27,1611.94,No
C-c4991694,Female,0,Yes,No,3,Yes,No,Fiber optic,Yes,No,No,Yes,No,Yes,Month-to-month,No,Electronic check,53.76,205.99,Yes
C-24aee36a,Female,1,Yes,No,64,Yes,No phone service,Fiber optic,No,No internet service,No,Yes,No,Yes,Two year,Yes,Electronic check,52.36,3347.46,No
C-0dbbf5f3,Male,0,No,Yes,14,Yes,Yes,Fiber optic,No,No,No,No,Yes,Yes,Two year,No,Bank transfer (automatic),50.34,717.13,Yes
C-58e26f7b,Female,1,Yes,Yes,63,Yes,Yes,Fiber optic,No,Yes,No,No internet service,Yes,No internet service,One year,Yes,Electronic check,44.65,2783.76,Yes
C-434d0ecd,Female,0,Yes,No,70,Yes,No phone service,Fiber optic,No,No internet service,No,No,No,Yes,Month-to-month,Yes,Bank transfer (automatic),43.29,3007.83,Yes
C-aa6087e2,Female,0,Yes,No,53,No,No phone service,DSL,No internet service,No,No internet service,No,No,Yes,Two year,No,Credit card (automatic),23.74,1232.0,No
C-92a2f6de,Female,0,No,No,26,Yes,No,DSL,No,No,No,No,No,No,One year,No,Mailed check,22.52,614.52,No
C-411e5a29,Male,1,Yes,No,69,Yes,No,DSL,No internet service,Yes,Yes,No,Yes,No,One year,Yes,Electronic check,39.99,2771.49,No
C-3e61af9d,Female,1,No,No,38,Yes,No,Fiber optic,No,Yes,No,No,No,No,One year,Yes,Credit card (automatic),43.11,1620.34,No
C-360bbce2,Female,1,Yes,No,67,Yes,Yes,DSL,No,Yes,No,No,No,No,Month-to-month,Yes,Bank transfer (automatic),30.77,2063.03,Yes
C-d9a65b50,Male,1,No,No,59,Yes,No,Fiber optic,No,No,Yes,Yes,No,No,One year,No,Electronic check,53.04,3143.35,Yes
C-072bf0c4,Male,1,No,No,45,Yes,No,DSL,No,No,Yes,Yes,No internet service,No internet service,Month-to-month,No,Electronic check,37.25,1674.51,Yes
C-fbeef32f,Male,0,No,No,6,Yes,Yes,Fiber optic,No internet service,No,Yes,No,No internet service,Yes,Month-to-month,Yes,Bank transfer (automatic),51.86,320.82,Yes
C-eff7705b,Male,0,Yes,No,39,No,No phone service,No,No internet service,No internet service,No internet service,No internet service,No internet service,No internet service,Two year,No,Credit card (automatic),23.83,918.77,No
C-0e676691,Female,0,No,Yes,14,Yes,Yes,Fiber optic,No,No,Yes,Yes,Yes,No,Month-to-month,Yes,Electronic check,55.37,787.8,No
C-aba6b3e3,Female,0,Yes,No,64,Yes,No phone service,Fiber optic,Yes,No,No,No,No,No,One year,Yes,Credit card (automatic),44.98,2893.47,No
C-705e3bbf,Female,0,No,No,14,Yes,No phone service,DSL,No internet service,No,Yes,No,Yes,Yes,Month-to-month,Yes,Electronic check,46.74,656.84,Yes
C-6a57fa65,Male,0,No,No,30,Yes,No phone service,Fiber optic,No internet service,Yes,No internet service,No,No,Yes,Two year,No,Mailed check,49.33,1483.28,No
C-2d3db069,Male,0,No,No,72,Yes,Yes,No,No internet service,No internet service,No internet service,No internet service,No internet service,No internet service,Month-to-month,No,Electronic check,24.05,1694.2,No
C-500839c7,Female,0,No,No,58,Yes,Yes,Fiber optic,No,No internet service,No internet service,No,No,No,Month-to-month,No,Electronic check,42.56,2469.06,No
C-f43c50c8,Female,0,No,No,71,Yes,No,DSL,Yes,No,Yes,Yes,No,Yes,Month-to-month,Yes,Electronic check,48.36,3431.46,No
C-d1e70154,Male,1,No,No,11,Yes,No phone service,DSL,No,Yes,No,No internet service,No,No,Two year,No,Mailed check,31.85,368.92,No
C-6f2dab8d,Male,0,Yes,No,9,Yes,No,DSL,No,Yes,No internet service,No,No,Yes,Two year,Yes,Electronic check,33.8,333.07,No
C-9d59ecf4,Female,0,Yes,No,48,Yes,No,Fiber optic,Yes,Yes,Yes,No,No,No,Two year,Yes,Bank transfer (automatic),58.14,2802.96,No
C-97f62fdd,Male,0,No,No,70,No,No phone service,No,No internet service,No internet service,No internet service,No internet service,No internet service,No internet service,Two year,No,Mailed check,18.16,1302.79,No
C-6c88d134,Male,0,Yes,No,6,Yes,No phone service,DSL,No,No,Yes,No,Yes,No,Month-to-month,Yes,Electronic check,38.35,242.24,No
C-41f9db81,Male,0,Yes,No,38,Yes,No,No,No internet service,No internet service,No internet service,No internet service,No internet service,No internet service,Month-to-month,Yes,Electronic check,18.0,665.51,Yes
C-edde7c78,Female,0,No,No,64,Yes,No phone service,Fiber optic,No,No internet service,Yes,No,Yes,No internet service,Month-to-month,No,Credit card (automatic),53.66,3433.25,Yes
C-393eb2ae,Male,0,No,Yes,14,Yes,Yes,Fiber optic,No,Yes,Yes,No,No internet service,No,One year,No,Electronic check,45.81,657.57,No
C-6eec6bf3,Male,0,Yes,Yes,70,Yes,Yes,No,No internet service,No internet service,No internet service,No internet service,No internet service,No internet service,Month-to-month,Yes,Electronic check,18.0,1234.14,Yes
C-51b1be64,Male,1,Yes,No,33,Yes,Yes,No,No internet service,No internet service,No internet service,No internet service,No internet service,No internet service,Month-to-month,No,Mailed check,19.26,603.37,No
C-b0f4ef2c,Female,0,Yes,No,23,Yes,Yes,Fiber optic,Yes,No,No,No,No,No,Month-to-month,No,Electronic check,44.84,1060.77,No
C-4df965da,Male,0,No,No,45,Yes,Yes,Fiber optic,No,Yes,No,Yes,No,Yes,One year,No,Electronic check,60.04,2730.46,Yes
C-ddde39b7,Male,0,Yes,Yes,11,Yes,No,DSL,No internet service,No,No,No,No,Yes,One year,Yes,Electronic check,29.9,330.98,No
C-8429eef0,Female,1,No,No,55,Yes,Yes,Fiber optic,No,Yes,No,No internet service,No internet service,No internet service,Month-to-month,Yes,Electronic check,48.03,2681.15,No
C-f0cd5550,Male,0,No,No,16,Yes,No,Fiber optic,Yes,No,No,No,Yes,No,Month-to-month,No,Credit card (automatic),54.61,877.91,No
C-da6e8d3e,Male,1,Yes,No,41,Yes,No,Fiber optic,No,No,No,No internet service,Yes,No,Month-to-month,Yes,Bank transfer (automatic),48.26,1988.0,Yes
C-7f00eee9,Female,0,Yes,No,31,Yes,Yes,Fiber optic,No,No,Yes,No,Yes,Yes,Month-to-month,Yes,Credit card (automatic),54.73,1710.59,Yes
C-c0da8f2f,Male,0,No,No,34,Yes,No,No,No internet service,No internet service,No internet service,No internet service,No internet service,No internet service,One year,Yes,Credit card (automatic),22.62,698.96,No
C-bd8ba096,Female,0,No,No,9,Yes,No,Fiber optic,No,Yes,Yes,No,No,No,Month-to-month,Yes,Electronic check,46.5,451.83,Yes
C-2f904378,Male,0,Yes,No,50,Yes,No,DSL,No,Yes,No,No,No,No,Month-to-month,No,Bank transfer (automatic),35.26,1756.26,No
C-95b6bbbe,Female,1,Yes,No,34,Yes,Yes,DSL,No internet service,No,No,No,Yes,No,Month-to-month,Yes,Electronic check,29.4,1017.75,Yes
C-ee1931b0,Male,0,Yes,No,68,Yes,Yes,Fiber optic,Yes,No,Yes,No,Yes,No,Month-to-month,Yes,Electronic check,57.84,3936.66,No
C-9ce11b03,Female,0,Yes,No,48,Yes,Yes,DSL,No,Yes,No internet service,No internet service,No,No,Month-to-month,Yes,Credit card (automatic),28.1,1338.48,No
C-f7cfb85c,Male,0,No,No,40,Yes,No,DSL,No,Yes,No,Yes,No,No,One year,Yes,Bank transfer (automatic),33.46,1357.94,No
C-28c93e00,Male,0,Yes,No,51,No,No phone service,Fiber optic,No,No,No,No,No,Yes,Month-to-month,No,Electronic check,45.24,2287.42,No
C-7f331fe0,Female,0,No,No,42,Yes,No,DSL,No internet service,No internet service,Yes,Yes,Yes,No,One year,No,Bank transfer (automatic),44.57,1875.91,Yes
C-79d08292,Female,0,No,No,45,Yes,No,Fiber optic,No,Yes,No,No,Yes,No,Two year,No,Credit card (automatic),49.44,2249.74,No
C-beefd88f,Male,0,Yes,No,4,Yes,No,Fiber optic,No,No,No internet service,No,No,No,Two year,Yes,Electronic check,35.12,160.34,No
C-5d44ed15,Female,0,No,Yes,3,Yes,Yes,No,No internet service,No internet service,No internet service,No internet service,No internet service,No internet service,Two year,No,Credit card (automatic),27.78,79.94,No
C-59b63550,Female,0,Yes,No,62,Yes,No,No,No internet service,No internet service,No internet service,No internet service,No internet service,No internet service,Month-to-month,Yes,Mailed check,19.59,1204.06,No
C-54645fe8,Male,0,Yes,No,12,Yes,No,DSL,No,No,No,No,Yes,No internet service,Month-to-month,Yes,Electronic check,35.37,412.16,Yes
C-b1ea7a14,Male,0,No,No,60,Yes,No,DSL,No,Yes,Yes,No,Yes,No,Month-to-month,Yes,Mailed check,37.25,2208.16,No
C-83ea1c77,Female,1,No,No,48,Yes,Yes,Fiber optic,No,Yes,No,No internet service,No,No,One year,No,Credit card (automatic),45.15,2178.24,No
C-684a0bf5,Female,0,No,No,8,Yes,No,No,No internet service,No internet service,No internet service,No internet service,No internet service,No internet service,Month-to-month,Yes,Bank transfer (automatic),18.36,145.91,No
C-857c339b,Female,1,No,Yes,8,Yes,No phone service,No,No internet service,No internet service,No internet service,No internet service,No internet service,No internet service,Two year,No,Bank transfer (automatic),18.0,168.11,Yes
C-046124cd,Male,0,Yes,No,6,Yes,Yes,Fiber optic,No,No,Yes,No,Yes,No,Month-to-month,Yes,Credit card (automatic),52.26,309.13,Yes
C-5b291ef7,Female,0,Yes,No,72,No,No phone service,DSL,No,No,No internet service,Yes,No internet service,No,Two year,Yes,Bank transfer (automatic),30.47,2181.07,No
C-8b73bd29,Male,0,No,No,68,Yes,No phone service,DSL,No,Yes,Yes,No,Yes,No,Month-to-month,Yes,Electronic check,38.65,2655.27,Yes
C-622ab762,Female,0,Yes,No,68,Yes,No phone service,DSL,Yes,No,Yes,No,Yes,No,Month-to-month,No,Electronic check,41.15,2767.93,Yes
C-fad987d3,Female,0,Yes,No,63,Yes,No,Fiber optic,Yes,No,No,Yes,No internet service,No internet service,Month-to-month,Yes,Electronic check,51.63,3266.95,Yes
C-bccf5639,Female,0,Yes,No,7,Yes,Yes,Fiber optic,No,No,No,No,No,No,Two year,Yes,Mailed check,40.13,271.46,No
C-24a94bb4,Male,0,Yes,No,63,Yes,No,Fiber optic,Yes,No,No,No,No,No,Two year,Yes,Electronic check,49.1,3090.88,No
C-842d4708,Female,1,Yes,Yes,56,Yes,Yes,Fiber optic,No,Yes,No internet service,No,No internet service,Yes,Month-to-month,No,Electronic check,47.79,2681.7,Yes
C-55d12214,Female,1,No,Yes,4,No,No phone service,DSL,Yes,No,No,No,No,Yes,One year,Yes,Electronic check,32.82,113.44,Yes
C-a5dc9b16,Male,1,No,No,24,Yes,Yes,DSL,Yes,No,Yes,No,No internet service,Yes,Two year,Yes,Mailed check,40.69,945.9,No
C-fa4cbcb7,Female,1,Yes,No,38,Yes,No,Fiber optic,No internet service,No,Yes,No,Yes,No,One year,No,Mailed check,51.21,1940.6,Yes
C-bd3d5f30,Female,1,Yes,Yes,61,Yes,Yes,DSL,No internet service,No,No,No,Yes,Yes,One year,Yes,Mailed check,35.9,2185.64,No
C-64e52c01,Male,1,Yes,Yes,15,Yes,No,Fiber optic,Yes,No,No,No,No,No,Two year,Yes,Electronic check,47.61,712.77,No
C-6a071a3d,Male,0,No,Yes,6,Yes,No,DSL,Yes,No internet service,No,Yes,No,Yes,Month-to-month,Yes,Credit card (automatic),43.03,250.71,Yes
C-062d3345,Male,0,No,Yes,38,Yes,Yes,DSL,No,Yes,Yes,Yes,No,No,Month-to-month,Yes,Credit card (automatic),37.09,1371.48,No
C-5864ffae,Male,0,Yes,No,67,Yes,Yes,DSL,Yes,No,No,No,Yes,No internet service,Month-to-month,No,Mailed check,40.92,2744.83,No
C-e2035a57,Female,0,No,No,3,Yes,No phone service,DSL,Yes,Yes,No,No,No,No internet service,Month-to-month,Yes,Mailed check,33.31,118.76,Yes
C-040de515,Male,0,Yes,Yes,29,Yes,Yes,Fiber optic,No,No,Yes,Yes,Yes,Yes,Month-to-month,Yes,Mailed check,60.52,1758.37,No
C-7e4b744a,Female,0,Yes,No,54,Yes,Yes,DSL,No,Yes,No,No internet service,Yes,No,Month-to-month,Yes,Electronic check,38.41,2067.78,No
C-0742b477,Male,0,Yes,No,61,No,No phone service,DSL,No,Yes,No,Yes,Yes,Yes,Two year,No,Electronic check,45.77,2779.6,No
C-7fa9676a,Female,0,Yes,No,71,No,No phone service,Fiber optic,Yes,No,No internet service,No,Yes,No internet service,Two year,No,Bank transfer (automatic),52.54,3712.93,No
C-eccccb9e,Male,0,Yes,Yes,18,Yes,No,DSL,No,No,Yes,No,No,No,One year,Yes,Credit card (automatic),32.35,570.96,No
C-dff5271a,Male,0,No,Yes,39,Yes,Yes,No,No internet service,No internet service,No internet service,No internet service,No internet service,No internet service,Two year,No,Electronic check,20.75,811.75,No
C-f0162dfb,Female,0,Yes,No,25,Yes,Yes,Fiber optic,No,No,No internet service,Yes,No internet service,No,Month-to-month,Yes,Mailed check,50.72,1267.98,Yes
C-ad3873a6,Female,0,No,No,19,Yes,Yes,DSL,No,No,No,No,Yes,No,Two year,No,Electronic check,30.14,570.88,No
C-23ac249d,Female,0,Yes,No,6,Yes,No phone service,DSL,No,No,No,No,Yes,Yes,Month-to-month,Yes,Mailed check,35.42,193.84,No
C-2084c57c,Female,0,No,No,67,Yes,Yes,Fiber optic,No,No,No,No,No,No,Month-to-month,No,Mailed check,46.64,3092.76,Yes
C-8887b0cd,Male,0,No,No,58,No,No phone service,Fiber optic,No,Yes,Yes,No,Yes,Yes,Two year,Yes,Bank transfer (automatic),59.71,3452.69,No
C-97320ae1,Male,0,No,No,66,Yes,No,No,No internet service,No internet service,No internet service,No internet service,No internet service,No internet service,Two year,No,Electronic check,20.3,1350.54,No
C-d5598463,Male,0,Yes,No,32,Yes,No phone service,DSL,No internet service,No,No,No,Yes,No,Two year,Yes,Electronic check,29.6,946.01,Yes
C-03ffd206,Female,0,No,No,65,Yes,Yes,DSL,No,No,No,Yes,Yes,No,One year,Yes,Mailed check,38.0,2435.59,No
C-a4fc54e3,Female,0,No,Yes,41,Yes,Yes,DSL,No,Yes,No,Yes,Yes,Yes,Month-to-month,Yes,Mailed check,45.68,1867.4,No
C-d5d5505e,Female,0,No,No,39,No,No phone service,Fiber optic,No,No,No,Yes,No,Yes,Month-to-month,Yes,Bank transfer (automatic),52.66,2058.75,Yes
C-7d086af9,Male,0,Yes,No,10,Yes,Yes,DSL,No,No internet service,Yes,Yes,No,No,One year,No,Electronic check,34.57,327.86,No
C-15f8c596,Male,0,No,No,17,Yes,No,No,No internet service,No internet service,No internet service,No internet service,No internet service,No internet service,One year,Yes,Bank transfer (automatic),18.0,313.07,No
C-dd16a09c,Male,0,Yes,No,67,Yes,Yes,No,No internet service,No internet service,No internet service,No internet service,No internet service,No internet service,One year,No,Electronic check,23.03,1590.93,No
C-574217af,Female,0,Yes,No,70,Yes,Yes,DSL,No,No,No,Yes,No,No internet service,Two year,No,Credit card (automatic),34.22,2424.17,No
C-e78eb8c0,Female,0,No,No,29,Yes,Yes,DSL,No,Yes,No,No,Yes,Yes,One year,Yes,Electronic check,42.69,1234.2,No
C-fd4d19f3,Female,0,No,No,64,Yes,Yes,Fiber optic,No,Yes,No,No,Yes,Yes,Month-to-month,Yes,Mailed check,58.1,3712.99,No
C-a9d596b7,Female,1,Yes,No,60,Yes,No phone service,Fiber optic,No,Yes,Yes,No,No,Yes,Month-to-month,Yes,Electronic check,55.52,3297.91,No
C-b81f8b42,Female,0,Yes,No,25,Yes,No,No,No internet service,No internet service,No internet service,No internet service,No internet service,No internet service,Month-to-month,Yes,Credit card (automatic),19.82,488.14,No
C-a15fc68c,Female,0,No,No,72,Yes,Yes,No,No internet service,No internet service,No internet service,No internet service,No internet service,No internet service,Month-to-month,No,Electronic check,24.36,1738.13,No
C-f1c0ac62,Male,1,No,No,14,Yes,No phone service,Fiber optic,No,Yes,No,No,No internet service,Yes,Two year,No,Credit card (automatic),48.29,647.17,No
C-f6194c24,Male,0,No,Yes,16,Yes,No phone service,DSL,No internet service,No,Yes,No,No internet service,No,Month-to-month,Yes,Mailed check,26.3,403.59,No
C-14971176,Male,0,Yes,No,23,Yes,Yes,No,No internet service,No internet service,No internet service,No internet service,No internet service,No internet service,Month-to-month,Yes,Credit card (automatic),20.35,458.26,No
C-5536d9c9,Female,0,No,Yes,72,Yes,Yes,Fiber optic,Yes,No,No,No,No,No,Two year,Yes,Mailed check,44.69,3242.11,No
C-6824c890,Male,0,Yes,No,28,Yes,No,No,No internet service,No internet service,No internet service,No internet service,No internet service,No internet service,Month-to-month,No,Electronic check,22.6,640.44,Yes
C-cd7b3447,Male,0,No,Yes,43,Yes,Yes,Fiber optic,No,No,Yes,Yes,Yes,Yes,Two year,No,Electronic check,64.47,2762.89,No
C-afa9ac6f,Male,0,Yes,Yes,68,Yes,No,Fiber optic,No,No,Yes,Yes,No,No,Month-to-month,Yes,Bank transfer (automatic),51.97,3511.83,No
C-a588de3d,Male,1,No,Yes,13,Yes,No,DSL,No,No,No,No,Yes,No internet service,Month-to-month,No,Electronic check,36.85,491.77,No
C-7233bf5e,Male,1,No,Yes,40,Yes,No phone service,DSL,Yes,No,Yes,No,No,Yes,Two year,No,Electronic check,39.36,1536.47,No
C-245c6c43,Male,0,Yes,Yes,5,Yes,Yes,Fiber optic,Yes,No,Yes,No internet service,No,No,Month-to-month,Yes,Mailed check,48.86,226.8,Yes
C-78c6114c,Female,0,Yes,No,2,Yes,Yes,DSL,Yes,Yes,No,No,No,No,Two year,Yes,Credit card (automatic),33.54,67.98,No
C-d0608156,Male,0,Yes,Yes,68,Yes,No,Fiber optic,No internet service,Yes,Yes,No internet service,Yes,Yes,Month-to-month,Yes,Credit card (automatic),56.32,3838.12,Yes
C-83a0d302,Female,0,Yes,No,29,Yes,Yes,Fiber optic,No internet service,Yes,No,No,Yes,Yes,Two year,No,Credit card (automatic),47.02,1392.05,No
C-4906ef1a,Female,0,No,No,5,Yes,Yes,Fiber optic,Yes,No,No,Yes,No,Yes,Two year,No,Electronic check,63.8,287.15,Yes
C-819e56ee,Female,0,No,No,15,Yes,No phone service,No,No internet service,No internet service,No internet service,No internet service,No internet service,No internet service,Month-to-month,Yes,Mailed check,24.69,386.2,Yes
C-27b44eaa,Female,0,No,No,15,Yes,Yes,DSL,No,No,Yes,No,Yes,No,Two year,No,Electronic check,39.25,586.15,No
C-6b21ec8d,Male,0,Yes,No,4,Yes,Yes,Fiber optic,No,No,No,Yes,Yes,No,Two year,Yes,Credit card (automatic),50.41,176.02,No
C-ebb8cbe2,Male,0,Yes,No,6,Yes,No,DSL,No,No internet service,No,Yes,No,No internet service,Month-to-month,Yes,Bank transfer (automatic),32.83,180.87,No
C-f656c36b,Male,0,No,Yes,33,Yes,No,DSL,No,Yes,Yes,Yes,No,No,Month-to-month,Yes,Credit card (automatic),41.3,1359.67,No
C-b5040811,Female,0,No,No,25,Yes,Yes,No,No internet service,No internet service,No internet service,No internet service,No internet service,No internet service,Month-to-month,No,Mailed check,24.39,595.65,No
C-7b327c61,Male,0,No,No,22,Yes,No,DSL,Yes,No,No,No internet service,Yes,No,Month-to-month,Yes,Credit card (automatic),33.75,740.34,Yes
C-62fd91eb,Male,0,No,Yes,9,Yes,Yes,Fiber optic,Yes,Yes,No,No,Yes,No,Month-to-month,Yes,Electronic check,55.21,486.03,Yes
C-69b0b638,Female,0,No,No,42,Yes,No,DSL,No,No internet service,No,Yes,Yes,No,One year,Yes,Bank transfer (automatic),38.94,1630.09,No
C-080edb3d,Female,0,Yes,Yes,0,Yes,Yes,No,No internet service,No internet service,No internet service,No internet service,No internet service,No internet service,Month-to-month,Yes,Electronic check,18.0,10.14,Yes
C-0cd2c8fb,Female,0,No,Yes,13,Yes,No phone service,No,No internet service,No internet service,No internet service,No internet service,No internet service,No internet service,Month-to-month,Yes,Electronic check,20.44,269.52,Yes
C-2e8e8269,Female,0,No,Yes,4,No,No phone service,DSL,Yes,No internet service,No,Yes,No,No internet service,One year,Yes,Electronic check,37.48,155.15,No
C-c1cac3ca,Female,0,No,No,31,Yes,No phone service,Fiber optic,Yes,No,No,Yes,No,No internet service,One year,No,Credit card (automatic),53.37,1670.96,No
C-45ac85b7,Male,0,No,No,5,Yes,No,Fiber optic,No internet service,Yes,Yes,No,Yes,No,Month-to-month,Yes,Credit card (automatic),60.73,334.85,Yes
C-325c06bd,Female,1,Yes,No,32,Yes,No phone service,DSL,No,No,No,No,No,No,Two year,Yes,Electronic check,26.33,832.41,No
C-0f78d8af,Male,0,No,No,45,Yes,No phone service,No,No internet service,No internet service,No internet service,No internet service,No internet service,No internet service,Two year,No,Mailed check,18.0,833.3,No
C-16feb0be,Male,0,Yes,No,26,Yes,No,DSL,No,No,No internet service,Yes,Yes,No,Month-to-month,No,Credit card (automatic),35.87,948.36,No
C-5685acda,Female,0,Yes,No,56,Yes,No,Fiber optic,Yes,Yes,No,No internet service,No internet service,No,Month-to-month,Yes,Mailed check,48.97,2722.05,No
C-b52c158b,Female,0,Yes,Yes,27,Yes,No phone service,Fiber optic,No internet service,No,No,No,No,No,Month-to-month,No,Mailed check,46.01,1212.6,Yes
C-77c04a6e,Female,0,No,Yes,17,Yes,No phone service,No,No internet service,No internet service,No internet service,No internet service,No internet service,No internet service,Month-to-month,Yes,Electronic check,18.0,302.58,Yes
C-fcc42c34,Male,0,No,Yes,23,No,No phone service,Fiber optic,Yes,No,No,No,Yes,No,Month-to-month,Yes,Electronic check,51.52,1166.01,Yes
C-05236532,Male,0,Yes,No,3,Yes,Yes,Fiber optic,Yes,Yes,No,Yes,No,No internet service,Month-to-month,Yes,Mailed check,57.43,185.9,Yes
C-33b0b851,Female,1,No,No,23,Yes,Yes,Fiber optic,No,No,No,No,No,No,Month-to-month,Yes,Credit card (automatic),38.05,867.18,Yes
C-e7b868d8,Male,0,No,No,3,Yes,No,No,No internet service,No internet service,No internet service,No internet service,No internet service,No internet service,Month-to-month,No,Electronic check,19.9,62.26,Yes
C-6d585f19,Male,1,No,Yes,28,Yes,No phone service,No,No internet service,No internet service,No internet service,No internet service,No internet service,No internet service,Month-to-month,No,Bank transfer (automatic),18.0,472.95,Yes
C-77ae6edc,Male,0,No,No,68,No,No phone service,No,No internet service,No internet service,No internet service,No internet service,No internet service,No internet service,One year,Yes,Credit card (automatic),18.66,1281.15,No
C-7a5404ea,Female,0,No,Yes,41,No,No phone service,No,No internet service,No internet service,No internet service,No internet service,No internet service,No internet service,Month-to-month,Yes,Mailed check,21.67,858.75,No
C-9dbe7a1a,Female,0,No,No,33,Yes,No phone service,Fiber optic,No,Yes,No,No,Yes,No,One year,Yes,Electronic check,55.38,1838.06,No
C-b4232ff9,Female,1,Yes,No,10,Yes,No phone service,Fiber optic,No,No,No,No,Yes,Yes,Month-to-month,Yes,Bank transfer (automatic),53.69,548.03,Yes
C-0d6bd634,Male,0,No,Yes,33,Yes,No,Fiber optic,Yes,No,Yes,No,No,Yes,Month-to-month,No,Electronic check,63.79,2095.75,Yes
C-397ed3f3,Male,1,Yes,No,38,Yes,No,No,No internet service,No internet service,No internet service,No internet service,No internet service,No internet service,Month-to-month,Yes,Mailed check,20.26,799.84,No
C-854ca342,Female,0,No,No,28,Yes,No,Fiber optic,No,No,Yes,No,Yes,No,One year,Yes,Electronic check,52.21,1470.43,No
C-0f9b1eee,Male,0,No,No,16,Yes,Yes,DSL,Yes,No internet service,No,Yes,No,Yes,Month-to-month,Yes,Electronic check,42.59,697.59,No
C-22e7ff0c,Female,1,No,No,30,Yes,No phone service,Fiber optic,No,No,Yes,No,Yes,No,One year,Yes,Electronic check,57.42,1701.44,No
C-b2ef7240,Female,0,No,Yes,39,No,No phone service,Fiber optic,No internet service,Yes,No,No,No,No,Month-to-month,Yes,Credit card (automatic),45.37,1745.06,Yes
C-8fd61cd2,Female,0,No,Yes,39,No,No phone service,No,No internet service,No internet service,No internet service,No internet service,No internet service,No internet service,Month-to-month,Yes,Bank transfer (automatic),18.0,689.32,No
C-1e1eb0cc,Male,0,Yes,No,60,Yes,No,No,No internet service,No internet service,No internet service,No internet service,No internet service,No internet service,Month-to-month,Yes,Electronic check,21.36,1305.49,No
C-45e15db5,Male,0,No,No,10,Yes,No phone service,Fiber optic,No,Yes,No,No,Yes,No,Month-to-month,Yes,Electronic check,55.94,534.78,Yes
C-7a459204,Male,0,No,Yes,45,Yes,Yes,Fiber optic,No internet service,No,Yes,Yes,No,No,Month-to-month,No,Credit card (automatic),53.31,2456.72,Yes
C-a07307ce,Male,0,No,No,1,Yes,Yes,Fiber optic,Yes,No,No,No,No,No,One year,No,Credit card (automatic),48.56,26.0,No
C-f3113021,Male,1,Yes,Yes,31,Yes,Yes,No,No internet service,No internet service,No internet service,No internet service,No internet service,No internet service,Month-to-month,Yes,Mailed check,18.0,548.59,No
C-f3107bfd,Female,0,Yes,No,65,Yes,Yes,No,No internet service,No internet service,No internet service,No internet service,No internet service,No internet service,Two year,No,Electronic check,18.0,1174.55,No
C-0bc4f85b,Male,1,No,No,2,Yes,Yes,Fiber optic,No,No,No,No internet service,Yes,Yes,Month-to-month,Yes,Credit card (automatic),49.85,106.24,Yes
C-f3bc347c,Male,0,No,Yes,72,No,No phone service,No,No internet service,No internet service,No internet service,No internet service,No internet service,No internet service,Month-to-month,Yes,Mailed check,18.0,1286.9,No
C-608bb698,Male,0,No,No,49,Yes,Yes,DSL,No,No,Yes,Yes,No,No,One year,Yes,Mailed check,30.96,1510.98,No
C-0918d7fa,Male,0,Yes,No,16,Yes,Yes,Fiber optic,No internet service,No,No internet service,No internet service,No internet service,No,One year,Yes,Mailed check,44.49,725.94,No
C-bd01da41,Female,0,Yes,Yes,63,Yes,No,Fiber optic,No,Yes,No,Yes,No,No,Two year,Yes,Bank transfer (automatic),49.02,3077.56,Yes
C-0f7c74a6,Female,1,Yes,No,8,Yes,No,Fiber optic,Yes,No,No,No,No internet service,Yes,Month-to-month,No,Electronic check,47.02,403.71,Yes
C-635fa99c,Female,0,Yes,Yes,16,Yes,No,DSL,No,No,No,Yes,Yes,Yes,One year,Yes,Mailed check,37.2,615.27,No
C-80a858f2,Male,0,No,No,36,Yes,No,Fiber optic,Yes,No,No,No,No internet service,Yes,Two year,Yes,Electronic check,53.55,1920.81,No
C-2768d464,Female,1,Yes,Yes,5,Yes,No,No,No internet service,No internet service,No internet service,No internet service,No internet service,No internet service,One year,Yes,Credit card (automatic),20.61,126.01,Yes
C-dc1fc339,Male,0,No,Yes,11,Yes,Yes,DSL,No,No,No,No,Yes,Yes,Month-to-month,Yes,Electronic check,41.48,429.45,Yes
C-e6077421,Male,0,Yes,No,8,Yes,No,Fiber optic,Yes,Yes,Yes,No,No,No,One year,No,Mailed check,50.02,392.7,Yes
C-d05bc8a0,Female,0,No,Yes,27,Yes,Yes,Fiber optic,Yes,Yes,No,No,Yes,Yes,Month-to-month,Yes,Electronic check,60.84,1630.0,Yes
C-5fdcdc9d,Female,0,No,Yes,24,Yes,No phone service,Fiber optic,Yes,No,No,No,No internet service,No,Two year,Yes,Electronic check,43.74,1082.27,No
C-17d62042,Male,0,Yes,No,47,Yes,No,DSL,No,No,Yes,No internet service,No,No,Two year,No,Electronic check,33.87,1561.38,No
C-9bf0948b,Female,0,Yes,No,9,Yes,Yes,DSL,No,No,Yes,Yes,No,Yes,Two year,No,Electronic check,39.77,345.88,No
C-ca90be8e,Male,1,Yes,Yes,36,Yes,Yes,DSL,Yes,No,No,No,No,Yes,Month-to-month,Yes,Electronic check,35.24,1278.73,Yes
C-0a88e843,Female,0,No,No,46,Yes,No,DSL,No,No,Yes,No,Yes,No,Month-to-month,Yes,Electronic check,34.53,1596.9,Yes
C-38624b3f,Male,0,Yes,No,51,Yes,No,No,No internet service,No internet service,No internet service,No internet service,No internet service,No internet service,Month-to-month,Yes,Credit card (automatic),20.73,1050.38,No
C-9837208c,Female,1,Yes,No,27,Yes,No,Fiber optic,Yes,No,No,No,No internet service,No,Month-to-month,Yes,Credit card (automatic),41.09,1070.86,No
C-bd2707a2,Female,0,Yes,Yes,56,Yes,No,Fiber optic,No,No,No,Yes,Yes,Yes,Two year,Yes,Mailed check,56.98,3193.08,No
C-0d088e14,Female,0,Yes,No,60,Yes,No phone service,No,No internet service,No internet service,No internet service,No internet service,No internet service,No internet service,One year,Yes,Credit card (automatic),20.93,1279.23,No
C-1893dae2,Female,1,Yes,No,61,Yes,No,Fiber optic,No,No internet service,No internet service,No,No,No,Month-to-month,No,Bank transfer (automatic),43.75,2688.55,No
C-8a858f38,Male,0,No,No,61,Yes,No,Fiber optic,No,Yes,Yes,No,No,No,Two year,No,Electronic check,51.71,3171.8,No
C-34a7fd14,Male,1,No,No,45,Yes,Yes,DSL,No internet service,No,Yes,No,Yes,Yes,Month-to-month,Yes,Electronic check,43.1,1973.48,No
C-0cf7c5e5,Female,0,No,No,55,Yes,No phone service,DSL,Yes,No,No,No,Yes,No,Month-to-month,Yes,Mailed check,36.27,2021.4,No
C-8434e810,Male,0,No,No,69,No,No phone service,Fiber optic,Yes,No,No,No,No,Yes,Two year,Yes,Bank transfer (automatic),50.11,3463.68,No
C-3fd84b98,Female,0,Yes,No,50,Yes,Yes,DSL,No,No,No,Yes,No,No,Month-to-month,Yes,Credit card (automatic),28.53,1430.33,No
C-61f31a90,Female,0,Yes,Yes,44,Yes,No phone service,Fiber optic,Yes,Yes,Yes,No,No,No,Month-to-month,No,Electronic check,58.13,2586.46,Yes
C-44598b9f,Male,0,Yes,No,19,Yes,No phone service,DSL,No,No,Yes,No,Yes,No,One year,Yes,Credit card (automatic),36.87,701.15,No
C-73db2735,Male,0,Yes,No,40,Yes,No phone service,Fiber optic,Yes,No internet service,No,No,No,No,Month-to-month,No,Credit card (automatic),44.67,1786.22,Yes
C-4e8d4a85,Male,0,No,No,8,Yes,Yes,Fiber optic,No,No,Yes,No,No,No,Two year,No,Credit card (automatic),38.32,304.1,Yes
C-79bcf753,Male,0,No,No,69,Yes,No,Fiber optic,No,Yes,Yes,No,No,No,Two year,Yes,Electronic check,48.45,3325.23,No
C-fddc8da9,Female,0,Yes,Yes,16,Yes,No,Fiber optic,Yes,Yes,No,Yes,No,No,Two year,Yes,Bank transfer (automatic),54.46,882.15,No
C-77bf64b1,Female,0,No,Yes,9,Yes,No phone service,DSL,No,No,Yes,No,Yes,No,Two year,No,Electronic check,39.12,340.84,Yes
C-38be1e76,Male,1,No,No,19,Yes,No,Fiber optic,No,No internet service,No internet service,No internet service,Yes,No,Month-to-month,Yes,Electronic check,47.05,891.43,Yes
C-b4e34629,Female,0,No,No,43,No,No phone service,DSL,No,No,No internet service,No,No internet service,No,Two year,No,Electronic check,25.82,1114.08,No
C-3a63e637,Female,0,Yes,No,9,Yes,Yes,Fiber optic,No,No,No,No,Yes,No,Month-to-month,Yes,Electronic check,47.09,423.21,No
C-96def8e7,Male,0,No,Yes,50,Yes,Yes,No,No internet service,No internet service,No internet service,No internet service,No internet service,No internet service,Two year,Yes,Mailed check,21.58,1060.2,No
C-913ae27d,Male,0,Yes,No,20,Yes,No,DSL,No internet service,Yes,No,Yes,No internet service,No internet service,One year,Yes,Bank transfer (automatic),39.74,799.61,No
C-1ddb5036,Female,0,Yes,Yes,1,Yes,Yes,DSL,No,No internet service,No,Yes,Yes,No,One year,Yes,Mailed check,34.74,8.18,Yes
C-bec429eb,Female,0,Yes,No,7,Yes,No phone service,No,No internet service,No internet service,No internet service,No internet service,No internet service,No internet service,One year,Yes,Bank transfer (automatic),19.45,133.6,Yes
C-761ccc39,Female,0,No,No,42,Yes,No,Fiber optic,No,No,Yes,No,Yes,No,Month-to-month,Yes,Bank transfer (automatic),50.81,2113.58,Yes
C-176fe207,Female,1,No,No,1,Yes,No,Fiber optic,Yes,Yes,No,Yes,Yes,No,Month-to-month,Yes,Mailed check,62.44,28.8,Yes
C-21ff0523,Male,0,No,No,14,Yes,Yes,DSL,Yes,No,Yes,No,No,No internet service,Two year,Yes,Mailed check,38.07,548.08,No
C-f21ac1df,Female,0,Yes,Yes,68,Yes,No phone service,DSL,No internet service,No,No,No,Yes,No internet service,Month-to-month,Yes,Credit card (automatic),29.17,1971.9,No
C-2793f10c,Male,0,Yes,No,41,No,No phone service,No,No internet service,No internet service,No internet service,No internet service,No internet service,No internet service,Month-to-month,Yes,Mailed check,22.39,940.83,No
C-db6f60bf,Female,0,No,No,29,Yes,No phone service,Fiber optic,No,Yes,No,Yes,No,No,One year,No,Electronic check,50.97,1484.52,No
C-bc45c406,Male,0,No,No,37,Yes,No,Fiber optic,Yes,No,No,No internet service,No,Yes,Month-to-month,No,Credit card (automatic),49.47,1828.82,Yes
C-b557447c,Female,0,Yes,Yes,71,Yes,Yes,No,No internet service,No internet service,No internet service,No internet service,No internet service,No internet service,Month-to-month,Yes,Credit card (automatic),24.63,1765.78,No
C-e21fe0f3,Male,0,No,No,17,Yes,No,DSL,No,Yes,Yes,No,No internet service,Yes,Two year,Yes,Electronic check,42.4,707.49,Yes
C-924657f3,Female,1,No,No,56,Yes,Yes,DSL,No,Yes,No,No,No,Yes,Month-to-month,Yes,Bank transfer (automatic),43.04,2423.1,Yes
C-86a4acfa,Male,0,Yes,No,0,Yes,No,Fiber optic,No,Yes,No,Yes,Yes,No,Month-to-month,Yes,Credit card (automatic),52.36,0.0,Yes
C-cff96e2c,Female,0,No,No,14,Yes,No phone service,Fiber optic,Yes,Yes,No,No,Yes,Yes,Month-to-month,No,Electronic check,63.22,910.21,No
C-96ff5947,Female,0,Yes,No,18,Yes,Yes,Fiber optic,No,No,Yes,No,No,No,Month-to-month,Yes,Bank transfer (automatic),40.08,714.79,No
C-9501da3a,Male,0,No,No,2,Yes,Yes,Fiber optic,No,No,No,Yes,No,No internet service,Month-to-month,Yes,Electronic check,42.18,99.54,Yes
C-2edfbac7,Female,0,Yes,No,67,Yes,No,Fiber optic,Yes,No,Yes,No,Yes,Yes,Month-to-month,Yes,Mailed check,64.03,4302.71,Yes
C-193692a7,Female,0,Yes,Yes,29,Yes,No,Fiber optic,No,No,Yes,Yes,No,No,Two year,Yes,Electronic check,44.68,1293.42,No
C-a32d5a49,Female,0,Yes,Yes,3,Yes,No,DSL,Yes,Yes,No internet service,No,No,No,Month-to-month,Yes,Bank transfer (automatic),33.67,100.36,Yes
C-4177a2e5,Male,0,Yes,No,23,Yes,No,DSL,No,No,Yes,Yes,Yes,No,Month-to-month,No,Electronic check,39.84,916.25,Yes
C-334eefa5,Male,0,Yes,Yes,32,Yes,Yes,No,No internet service,No internet service,No internet service,No internet service,No internet service,No internet service,Month-to-month,Yes,Electronic check,23.02,750.93,Yes
C-926f84ae,Male,1,Yes,No,43,Yes,Yes,DSL,No,No,Yes,Yes,Yes,No,Month-to-month,Yes,Electronic check,44.62,1937.57,Yes
C-164e6adf,Female,0,Yes,No,31,Yes,Yes,Fiber optic,No,Yes,No,No,No,Yes,Month-to-month,Yes,Bank transfer (automatic),50.57,1546.46,Yes
C-f1fda735,Male,0,No,No,14,Yes,Yes,DSL,Yes,No internet service,No internet service,No,Yes,No internet service,Two year,Yes,Electronic check,33.58,449.08,No
C-60e92b8d,Male,0,Yes,Yes,41,Yes,No,DSL,No,Yes,No,Yes,Yes,No,Two year,No,Credit card (automatic),49.25,2014.58,No
C-ca1ee2e3,Male,0,No,Yes,66,Yes,Yes,Fiber optic,Yes,Yes,No internet service,Yes,Yes,No,Month-to-month,No,Bank transfer (automatic),65.69,4307.5,No
C-3fa2be5d,Female,1,Yes,No,69,Yes,No,Fiber optic,Yes,No,No,Yes,Yes,Yes,One year,No,Electronic check,59.68,4097.21,No
C-ebfac3b4,Female,0,Yes,Yes,2,No,No phone service,Fiber optic,Yes,No,No,No,Yes,Yes,Month-to-month,Yes,Electronic check,58.2,137.44,Yes
C-686d20bf,Female,0,No,No,51,Yes,No,No,No internet service,No internet service,No internet service,No internet service,No internet service,No internet service,Two year,No,Credit card (automatic),20.81,1060.24,No
C-83cd9cdb,Female,0,Yes,Yes,52,Yes,No phone service,Fiber optic,No,Yes,Yes,No,Yes,No,Two year,No,Bank transfer (automatic),54.42,2845.21,No
C-5bda232a,Male,0,No,No,13,Yes,No phone service,No,No internet service,No internet service,No internet service,No internet service,No internet service,No internet service,Month-to-month,No,Electronic check,21.35,267.73,No
C-fc32e0ec,Female,0,No,No,60,No,No phone service,No,No internet service,No internet service,No internet service,No internet service,No internet service,No internet service,Month-to-month,Yes,Mailed check,18.02,1054.92,Yes
C-152165aa,Female,1,No,No,55,Yes,No,Fiber optic,No,No,Yes,No,No,Yes,Month-to-month,Yes,Mailed check,49.97,2767.13,No
C-76eabcfa,Female,1,No,No,10,Yes,No phone service,No,No internet service,No internet service,No internet service,No internet service,No internet service,No internet service,Month-to-month,Yes,Electronic check,24.21,263.67,Yes
C-458179a4,Male,0,No,Yes,38,Yes,No,DSL,No,No,Yes,No,No,No internet service,One year,Yes,Mailed check,32.01,1196.22,No
C-81cd0e55,Male,0,No,No,71,Yes,No,No,No internet service,No internet service,No internet service,No internet service,No internet service,No internet service,Month-to-month,Yes,Bank transfer (automatic),18.0,1283.2,No
C-768ed204,Female,1,No,No,48,Yes,No,Fiber optic,No,Yes,No,No,No,No,Month-to-month,Yes,Electronic check,41.85,2012.57,Yes
C-ea1b0868,Female,0,No,No,40,Yes,Yes,Fiber optic,No,No,No,No,No,Yes,Two year,Yes,Bank transfer (automatic),49.9,1981.11,No
C-9a0f3ef3,Female,0,No,Yes,62,Yes,No,Fiber optic,No,No internet service,No internet service,No internet service,Yes,No,One year,No,Bank transfer (automatic),41.68,2557.61,No
C-e3d8389b,Female,0,No,Yes,47,Yes,No phone service,Fiber optic,No,Yes,Yes,No internet service,No,No internet service,Month-to-month,Yes,Electronic check,50.14,2359.89,No
C-c9815a00,Female,0,Yes,Yes,39,Yes,No,Fiber optic,Yes,No,No,No,Yes,No,Month-to-month,Yes,Mailed check,48.18,1849.85,Yes
C-f6a4cb38,Male,0,No,Yes,25,Yes,Yes,Fiber optic,No,Yes,Yes,No,No,Yes,Month-to-month,Yes,Bank transfer (automatic),51.44,1284.91,No
C-f42ac175,Male,1,Yes,Yes,22,No,No phone service,No,No internet service,No internet service,No internet service,No internet service,No internet service,No internet service,One year,No,Bank transfer (automatic),18.27,402.14,No
C-8fad08ca,Female,1,Yes,No,13,Yes,No,DSL,No,Yes,No,No,No,No,Month-to-month,No,Credit card (automatic),27.8,360.87,Yes
C-484ff79d,Male,1,No,Yes,50,Yes,No,Fiber optic,No,No,Yes,No,Yes,No,Month-to-month,No,Bank transfer (automatic),52.8,2657.18,No
C-1c597e0e,Female,0,No,No,36,No,No phone service,Fiber optic,No,No,Yes,No internet service,Yes,No,Two year,Yes,Electronic check,55.28,1987.66,No
C-3449d6a8,Male,0,Yes,Yes,40,Yes,Yes,DSL,No,No,No,No internet service,No,No,Month-to-month,No,Mailed check,24.1,956.54,No
C-9fa652df,Male,0,Yes,No,21,Yes,No phone service,Fiber optic,Yes,Yes,No,No,Yes,No,Month-to-month,Yes,Credit card (automatic),54.86,1173.98,No
C-11b6cf44,Female,0,Yes,Yes,67,Yes,Yes,No,No internet service,No internet service,No internet service,No internet service,No internet service,No internet service,Month-to-month,Yes,Bank transfer (automatic),18.55,1234.65,No
C-364a8de9,Male,0,Yes,No,29,Yes,Yes,No,No internet service,No internet service,No internet service,No internet service,No internet service,No internet service,One year,Yes,Credit card (automatic),23.8,683.61,No
C-11f9bfa0,Male,0,Yes,No,39,Yes,No,Fiber optic,No,Yes,Yes,No internet service,No,No,Month-to-month,Yes,Credit card (automatic),49.43,1947.3,No
C-e97a5602,Female,0,No,No,0,Yes,Yes,DSL,No,No,No internet service,No,No,No internet service,One year,Yes,Electronic check,20.91,18.03,Yes
C-50fcbd04,Male,0,Yes,No,12,Yes,No,Fiber optic,No,Yes,Yes,No,No,Yes,One year,Yes,Electronic check,54.94,644.87,No
C-88f784c4,Male,0,No,Yes,7,No,No phone service,Fiber optic,No,No internet service,Yes,No,No,No,Month-to-month,No,Credit card (automatic),51.58,353.13,Yes
C-dbffedc6,Male,0,No,Yes,38,Yes,Yes,Fiber optic,No,No,No,No,No,Yes,Month-to-month,Yes,Mailed check,49.67,1908.38,Yes
C-8c194aa5,Female,0,Yes,No,31,Yes,No phone service,No,No internet service,No internet service,No internet service,No internet service,No internet service,No internet service,Month-to-month,No,Electronic check,18.0,572.23,Yes
C-f8d690c1,Male,0,Yes,No,44,Yes,No phone service,Fiber optic,No,Yes,Yes,No,Yes,Yes,Month-to-month,Yes,Credit card (automatic),64.91,2849.57,Yes
C-f1a6e42c,Female,0,No,Yes,36,Yes,No,No,No internet service,No internet service,No internet service,No internet service,No internet service,No internet service,Two year,No,Electronic check,19.1,661.79,Yes
C-82ddcd29,Male,0,No,No,2,Yes,Yes,DSL,No internet service,No,No,Yes,No,No,One year,Yes,Credit card (automatic),31.51,58.42,No
C-74286366,Female,0,No,No,20,Yes,No,Fiber optic,No,Yes,Yes,No,No,No,Month-to-month,Yes,Mailed check,53.1,1094.66,No
C-b507b60e,Female,1,No,No,38,No,No phone service,Fiber optic,No,No,Yes,No,Yes,No,Month-to-month,No,Mailed check,55.2,2118.53,Yes
C-af7a3ad8,Male,0,No,No,1,Yes,Yes,DSL,Yes,Yes,No,No,No,Yes,Two year,Yes,Electronic check,42.5,30.89,Yes
C-45ce6121,Female,0,No,No,2,Yes,Yes,DSL,Yes,No,No,No,No,Yes,Month-to-month,Yes,Bank transfer (automatic),32.38,66.99,Yes
C-f2992bf7,Female,0,No,No,14,Yes,Yes,DSL,No internet service,No,Yes,Yes,No internet service,No,One year,No,Electronic check,37.66,477.68,No
C-dfb1113a,Female,0,Yes,No,30,Yes,No,DSL,Yes,No,Yes,No internet service,No,No,Month-to-month,No,Electronic check,32.87,975.55,No
C-78326f22,Female,0,No,No,57,No,No phone service,Fiber optic,No,No,No,No internet service,No,Yes,Month-to-month,Yes,Electronic check,38.39,2194.72,No
C-bfb484ac,Female,0,Yes,No,7,Yes,Yes,No,No internet service,No internet service,No internet service,No internet service,No internet service,No internet service,Month-to-month,Yes,Bank transfer (automatic),19.41,103.66,No
C-6e619fd6,Female,0,Yes,No,57,Yes,Yes,DSL,No internet service,No,No internet service,No,No,Yes,Month-to-month,No,Credit card (automatic),28.01,1606.4,No
C-e4a89e57,Female,0,No,No,33,Yes,Yes,No,No internet service,No internet service,No internet service,No internet service,No internet service,No internet service,Month-to-month,Yes,Bank transfer (automatic),18.0,631.12,No
C-d9fe5d69,Female,0,No,No,42,Yes,Yes,DSL,No,No,Yes,Yes,Yes,Yes,One year,No,Electronic check,45.3,1918.24,No
C-929d750c,Female,1,Yes,No,30,Yes,Yes,No,No internet service,No internet service,No internet service,No internet service,No internet service,No internet service,Month-to-month,Yes,Mailed check,18.0,570.25,Yes
C-148d6e40,Male,0,No,No,32,Yes,Yes,Fiber optic,No,No,No,No internet service,No,Yes,Month-to-month,Yes,Electronic check,44.48,1433.35,No
C-5397de92,Male,0,Yes,No,61,Yes,No,DSL,No,No,No,No,No,No,One year,No,Electronic check,22.59,1404.84,No
C-49792453,Female,0,No,No,35,Yes,No phone service,DSL,No internet service,No internet service,No,No,Yes,No,Two year,Yes,Mailed check,33.09,1144.69,No
C-6a7ae6e6,Female,0,Yes,No,67,Yes,Yes,Fiber optic,No,Yes,Yes,No,No,No,Month-to-month,Yes,Electronic check,47.19,3174.65,Yes
C-d2e359e0,Male,1,No,Yes,6,Yes,Yes,No,No internet service,No internet service,No internet service,No internet service,No internet service,No internet service,Month-to-month,Yes,Credit card (automatic),21.13,126.18,Yes
C-6f6faa5b,Male,0,Yes,No,15,Yes,Yes,DSL,No,No,Yes,Yes,No,No,One year,Yes,Mailed check,35.77,529.09,No
C-7848fdda,Female,0,No,Yes,23,Yes,No,Fiber optic,Yes,No,No,No,No,No,One year,Yes,Mailed check,44.02,1006.54,No
C-a7d91291,Female,0,Yes,Yes,66,Yes,No phone service,Fiber optic,Yes,No,Yes,Yes,Yes,No,Two year,Yes,Electronic check,64.02,4261.94,No
C-5ddc826d,Male,0,No,No,27,Yes,Yes,No,No internet service,No internet service,No internet service,No internet service,No internet service,No internet service,Month-to-month,No,Credit card (automatic),22.0,582.08,Yes
C-8d8112f9,Male,0,No,No,14,Yes,No,Fiber optic,No,Yes,Yes,Yes,No,No,Two year,Yes,Mailed check,56.84,779.32,No
C-3fa36ffa,Male,0,No,No,16,Yes,No,DSL,No,No,No,No,No,No,Month-to-month,Yes,Credit card (automatic),28.22,435.08,No
C-f2f84038,Male,0,No,No,60,Yes,Yes,DSL,No,Yes,Yes,No,No,No,Month-to-month,Yes,Credit card (automatic),35.06,2122.71,No
C-6ed84bd8,Male,0,No,No,20,Yes,No,No,No internet service,No internet service,No internet service,No internet service,No internet service,No internet service,Month-to-month,No,Electronic check,18.0,361.49,Yes
C-f37477f4,Female,0,Yes,Yes,34,No,No phone service,No,No internet service,No internet service,No internet service,No internet service,No internet service,No internet service,Two year,No,Credit card (automatic),21.3,707.92,No
C-bce47baa,Male,0,No,No,30,Yes,Yes,DSL,No,Yes,No internet service,Yes,No,No,Two year,Yes,Bank transfer (automatic),30.7,908.0,No
C-8ebfa645,Female,0,Yes,No,26,Yes,No phone service,Fiber optic,No internet service,Yes,Yes,No,No internet service,No,Month-to-month,Yes,Credit card (automatic),51.82,1315.36,No
C-07dd5630,Female,0,Yes,No,42,Yes,No,DSL,Yes,No,No,Yes,No,No,Month-to-month,No,Electronic check,37.03,1593.33,No
C-1f10bf97,Female,0,Yes,No,27,Yes,No phone service,DSL,No,Yes,No,No,No,Yes,Month-to-month,Yes,Electronic check,35.29,944.32,Yes
C-2fab0d71,Male,0,Yes,No,34,Yes,Yes,DSL,No,No internet service,No,Yes,Yes,Yes,Month-to-month,Yes,Credit card (automatic),43.89,1535.59,No
C-a3b97de5,Male,0,No,No,4,Yes,No phone service,No,No internet service,No internet service,No internet service,No internet service,No internet service,No internet service,Month-to-month,Yes,Electronic check,20.93,73.69,Yes
C-6d088e20,Female,0,Yes,No,17,Yes,No,DSL,Yes,No,No,No,No,Yes,Two year,Yes,Mailed check,34.79,584.42,No
C-bd442d86,Female,0,Yes,Yes,55,Yes,Yes,Fiber optic,No,Yes,No,No,No internet service,No,One year,Yes,Electronic check,48.12,2685.57,No
C-1ccc7b7f,Male,0,No,No,58,Yes,No,Fiber optic,No,No,No,No,Yes,Yes,Month-to-month,No,Mailed check,59.75,3446.36,Yes
C-aa356806,Female,0,Yes,Yes,50,No,No phone service,DSL,No internet service,Yes,Yes,Yes,No,Yes,One year,No,Bank transfer (automatic),46.93,2357.19,No
C-07510774,Male,0,No,No,38,Yes,Yes,No,No internet service,No internet service,No internet service,No internet service,No internet service,No internet service,Month-to-month,Yes,Electronic check,18.0,707.95,No
C-1b987fd5,Female,0,Yes,No,35,Yes,Yes,Fiber optic,No,Yes,No,No internet service,No,No internet service,Month-to-month,No,Mailed check,45.95,1646.71,No
C-ae63551c,Male,0,Yes,No,35,Yes,No,DSL,No,No,No,No,Yes,No,Month-to-month,Yes,Electronic check,36.13,1247.47,No
C-bce46a0b,Female,0,No,No,15,Yes,Yes,DSL,Yes,No,No,No,Yes,No,Month-to-month,Yes,Bank transfer (automatic),36.88,525.97,No
C-6c116c09,Female,1,Yes,Yes,6,Yes,No,Fiber optic,Yes,Yes,No,Yes,No,No,Two year,No,Electronic check,60.45,360.74,Yes
C-3427e422,Female,0,No,No,63,Yes,No,DSL,No,No,No,No,Yes,Yes,Month-to-month,No,Credit card (automatic),41.67,2601.96,Yes
C-68d5100c,Female,0,Yes,Yes,56,Yes,No,No,No internet service,No internet service,No internet service,No internet service,No internet service,No internet service,One year,No,Mailed check,24.12,1361.92,No
C-2806faf7,Female,1,No,No,25,Yes,No phone service,DSL,No,No,No,No,No,Yes,Month-to-month,No,Mailed check,31.92,796.75,No
C-13ee1c2c,Male,0,Yes,Yes,60,Yes,No phone service,DSL,Yes,No internet service,Yes,No,Yes,No,One year,No,Mailed check,42.72,2563.34,No
C-6056ab28,Male,0,No,No,44,Yes,Yes,DSL,Yes,No,Yes,No,No,No,Month-to-month,Yes,Mailed check,34.32,1481.74,No
C-728b4fbc,Male,0,No,No,24,Yes,No,DSL,No,Yes,No,No,Yes,No,Month-to-month,No,Electronic check,32.85,786.35,No
C-07fd6e15,Female,0,No,Yes,18,Yes,No,DSL,No,Yes,No internet service,Yes,No,Yes,One year,Yes,Electronic check,34.46,632.1,No
C-4b9153d5,Female,1,No,No,48,Yes,No,DSL,No,Yes,No internet service,No,No,No,Month-to-month,Yes,Credit card (automatic),31.33,1525.21,No
C-608c118b,Male,0,No,No,6,Yes,Yes,Fiber optic,No,No,No,Yes,No,Yes,Two year,No,Mailed check,54.07,335.1,No
C-d507f4b5,Male,0,Yes,No,62,Yes,Yes,DSL,Yes,No internet service,No,No,No,No,Two year,Yes,Bank transfer (automatic),29.81,1846.45,No
C-86f81278,Female,0,Yes,No,20,No,No phone service,Fiber optic,Yes,Yes,No internet service,No,No,Yes,Month-to-month,Yes,Electronic check,55.61,1097.02,Yes
C-08824021,Female,0,No,Yes,59,Yes,Yes,No,No internet service,No internet service,No internet service,No internet service,No internet service,No internet service,Month-to-month,Yes,Electronic check,23.7,1427.33,No
C-da0a3035,Male,0,No,Yes,52,Yes,Yes,No,No internet service,No internet service,No internet service,No internet service,No internet service,No internet service,Month-to-month,No,Electronic check,18.0,960.74,Yes
C-0482b0a4,Male,0,No,No,26,No,No phone service,DSL,No,No,No,No,No,Yes,Month-to-month,No,Electronic check,28.53,781.33,No
C-11eea728,Male,0,Yes,No,0,Yes,Yes,Fiber optic,No,No,No,No,No,No,Two year,No,Mailed check,36.48,0.0,No
C-557ef8d3,Female,1,No,No,3,Yes,Yes,Fiber optic,Yes,Yes,Yes,Yes,No,No,Month-to-month,No,Credit card (automatic),67.53,246.5,Yes
C-a36d8053,Male,1,No,No,14,No,No phone service,No,No internet service,No internet service,No internet service,No internet service,No internet service,No internet service,One year,Yes,Electronic check,18.0,213.0,No
C-ac809aaf,Female,0,No,No,23,Yes,No phone service,DSL,No,No,No,Yes,No,No,Two year,Yes,Bank transfer (automatic),33.33,772.24,No
C-6194cc76,Male,1,No,No,67,Yes,No,No,No internet service,No internet service,No internet service,No internet service,No internet service,No internet service,Month-to-month,Yes,Bank transfer (automatic),23.05,1532.01,Yes
C-1a8aa1cf,Male,0,No,No,68,Yes,No,Fiber optic,Yes,No,Yes,No,No,No,One year,Yes,Bank transfer (automatic),48.82,3312.53,No
C-24c5ef0e,Male,0,Yes,No,55,Yes,Yes,Fiber optic,Yes,No,Yes,Yes,No,No,Two year,No,Electronic check,52.63,2889.25,No
C-848e8b15,Male,0,No,No,50,Yes,Yes,DSL,No,No,No,No,Yes,Yes,Month-to-month,Yes,Electronic check,37.58,1896.68,Yes
C-b78dca25,Male,0,Yes,No,52,Yes,Yes,DSL,No,No,Yes,No,No,No,Two year,Yes,Credit card (automatic),31.16,1668.97,No
C-37145e4f,Male,0,Yes,No,9,No,No phone service,Fiber optic,Yes,Yes,Yes,No internet service,No internet service,Yes,Month-to-month,No,Mailed check,62.76,570.57,Yes
C-ee386d5c,Female,0,No,No,24,Yes,No,Fiber optic,Yes,Yes,No,No,No,No,Two year,No,Mailed check,47.63,1121.97,No
C-2c9d9303,Male,1,Yes,No,1,No,No phone service,DSL,No,Yes,No,No,Yes,No internet service,Month-to-month,No,Credit card (automatic),31.26,48.21,Yes
C-0d78bd00,Female,1,Yes,No,19,Yes,No,Fiber optic,No,No,No internet service,Yes,No,No internet service,Month-to-month,Yes,Credit card (automatic),41.97,779.52,Yes
C-f69def7a,Male,0,No,No,30,No,No phone service,DSL,Yes,No,No,Yes,No,Yes,Two year,Yes,Electronic check,46.04,1388.17,No
C-23d76750,Male,0,No,Yes,14,Yes,No,Fiber optic,Yes,Yes,No,No,No,Yes,Month-to-month,Yes,Credit card (automatic),58.99,826.46,No
C-83f092e1,Male,0,No,No,35,Yes,Yes,DSL,Yes,No internet service,Yes,No,No,No,One year,Yes,Credit card (automatic),40.49,1434.46,No
C-3560ea0f,Male,0,Yes,Yes,48,Yes,No,No,No internet service,No internet service,No internet service,No internet service,No internet service,No internet service,Month-to-month,No,Bank transfer (automatic),21.23,992.96,No
C-489f4a6b,Female,0,Yes,No,39,Yes,Yes,Fiber optic,Yes,No,No,No,No,Yes,Month-to-month,No,Mailed check,48.2,1856.01,Yes
C-b91fe372,Female,0,No,Yes,39,Yes,No,DSL,No internet service,No,Yes,No internet service,Yes,No,Two year,Yes,Electronic check,38.38,1510.04,No
C-0fbcca86,Male,0,Yes,No,7,Yes,Yes,Fiber optic,No,Yes,No,Yes,Yes,Yes,One year,No,Mailed check,60.93,447.95,No
C-c1c65888,Female,0,Yes,Yes,19,Yes,Yes,Fiber optic,No,No,No,No internet service,No,No,Two year,No,Credit card (automatic),45.6,830.74,Yes
C-04a54663,Female,0,Yes,No,15,Yes,Yes,DSL,No,Yes,No internet service,No,Yes,No,Two year,Yes,Electronic check,36.25,584.03,No
C-b484ee0b,Female,0,No,No,1,Yes,Yes,DSL,Yes,Yes,No,No,No,Yes,Month-to-month,No,Credit card (automatic),40.11,56.78,Yes
C-442341da,Female,0,Yes,No,21,Yes,Yes,Fiber optic,No internet service,No,Yes,No,No internet service,Yes,Month-to-month,No,Mailed check,46.65,990.15,Yes
C-54fd0158,Female,0,No,Yes,44,Yes,Yes,Fiber optic,No internet service,No,No,No,Yes,No,Two year,No,Bank transfer (automatic),45.71,2029.66,No
C-571b7800,Female,0,No,No,69,Yes,No phone service,Fiber optic,No,Yes,Yes,Yes,No,Yes,One year,Yes,Credit card (automatic),58.69,4058.3,Yes
C-07eb229f,Female,0,No,No,57,No,No phone service,Fiber optic,No,No,Yes,No,No,No,Month-to-month,Yes,Mailed check,43.57,2461.58,Yes
C-2654fad9,Female,0,Yes,No,44,Yes,No,DSL,No,No,Yes,Yes,No,No internet service,Month-to-month,Yes,Credit card (automatic),34.23,1501.48,No
C-d3798604,Female,0,No,No,22,Yes,No,DSL,Yes,No,No,No internet service,Yes,Yes,Two year,No,Credit card (automatic),45.1,983.36,No
C-0e01e1bb,Male,0,No,Yes,9,Yes,Yes,DSL,Yes,No,Yes,Yes,Yes,No,Month-to-month,Yes,Electronic check,46.86,410.91,Yes
C-34dfa6b0,Male,0,Yes,No,26,Yes,Yes,No,No internet service,No internet service,No internet service,No internet service,No internet service,No internet service,Month-to-month,No,Credit card (automatic),20.2,508.15,No
C-4238c69b,Female,0,Yes,No,70,Yes,No,Fiber optic,No,No internet service,Yes,No,No,Yes,Month-to-month,Yes,Electronic check,50.33,3539.0,No
C-03d48176,Male,0,No,No,48,Yes,No,DSL,No,Yes,No,Yes,No,No,Two year,Yes,Electronic check,35.9,1711.87,No
C-97d3ce46,Male,0,Yes,No,47,Yes,No phone service,Fiber optic,No,No,Yes,No,No,No,Month-to-month,No,Mailed check,42.89,2002.62,Yes
C-0c2f8028,Male,0,Yes,Yes,18,No,No phone service,DSL,No internet service,Yes,No,No internet service,Yes,Yes,Month-to-month,Yes,Mailed check,35.82,669.35,No
C-b7f8f040,Male,0,No,No,42,Yes,Yes,Fiber optic,No,No,No,Yes,No,No,Month-to-month,Yes,Bank transfer (automatic),41.23,1726.39,Yes
C-22feb2c2,Male,1,Yes,No,1,Yes,No,Fiber optic,Yes,No,No,Yes,No,No,One year,Yes,Bank transfer (automatic),56.05,40.88,No
C-31239154,Male,0,Yes,Yes,39,No,No phone service,Fiber optic,No,No,No internet service,No,No,No internet service,One year,Yes,Electronic check,40.51,1547.03,Yes
C-3a0e300f,Male,0,Yes,No,24,Yes,Yes,No,No internet service,No internet service,No internet service,No internet service,No internet service,No internet service,Month-to-month,Yes,Credit card (automatic),23.96,545.12,No
C-1f8e0bfa,Male,0,No,No,34,Yes,Yes,Fiber optic,No,No,No,No,Yes,Yes,Month-to-month,Yes,Mailed check,54.64,1849.07,Yes
C-07a8d056,Male,1,Yes,No,40,No,No phone service,DSL,No,Yes,No,No,No,No,Month-to-month,Yes,Credit card (automatic),34.27,1413.54,Yes
C-6d7bffa4,Female,0,Yes,No,11,Yes,No,Fiber optic,No internet service,No internet service,No,No,No,Yes,One year,Yes,Bank transfer (automatic),46.68,497.9,No
C-aea67fc9,Female,0,Yes,No,38,Yes,No,No,No internet service,No internet service,No internet service,No internet service,No internet service,No internet service,One year,Yes,Bank transfer (automatic),18.86,675.76,No
C-c0d57371,Male,0,Yes,No,47,Yes,Yes,DSL,Yes,No,No,No,No,Yes,One year,Yes,Bank transfer (automatic),37.35,1766.37,No
C-b114d866,Male,0,No,No,20,Yes,Yes,No,No internet service,No internet service,No internet service,No internet service,No internet service,No internet service,Month-to-month,Yes,Electronic check,20.17,396.97,Yes
C-56255676,Male,1,Yes,No,11,Yes,No phone service,No,No internet service,No internet service,No internet service,No internet service,No internet service,No internet service,Month-to-month,Yes,Credit card (automatic),18.0,197.73,No
C-6ff901d1,Male,0,No,No,49,Yes,Yes,Fiber optic,Yes,No,No,No,No,Yes,One year,No,Mailed check,52.31,2542.35,No
C-5508e63d,Female,0,Yes,Yes,44,Yes,Yes,Fiber optic,No,No,Yes,No,No,No,Month-to-month,Yes,Electronic check,40.51,1777.39,No
C-bcb0213c,Male,1,Yes,Yes,37,Yes,Yes,Fiber optic,No,No,No,No internet service,Yes,No,Month-to-month,Yes,Electronic check,47.43,1776.43,Yes
C-d24f154b,Female,0,Yes,No,3,Yes,No,Fiber optic,Yes,No,Yes,No,Yes,No,Two year,No,Electronic check,57.92,174.78,Yes
C-ca92481d,Male,1,Yes,No,69,Yes,No,DSL,Yes,Yes,No internet service,No,No internet service,No,Month-to-month,No,Credit card (automatic),38.68,2671.63,Yes
C-bedaf307,Female,0,No,No,60,Yes,No,No,No internet service,No internet service,No internet service,No internet service,No internet service,No internet service,Two year,Yes,Bank transfer (automatic),22.82,1335.2,No
C-9aa2cba2,Male,0,No,No,43,Yes,Yes,No,No internet service,No internet service,No internet service,No internet service,No internet service,No internet service,Two year,Yes,Bank transfer (automatic),18.0,783.03,No
C-2a6393b3,Male,0,No,No,37,Yes,Yes,No,No internet service,No internet service,No internet service,No internet service,No internet service,No internet service,Month-to-month,No,Mailed check,18.0,656.07,No
C-6ef43ea2,Male,0,No,No,40,Yes,Yes,DSL,No,No internet service,No,No,Yes,Yes,Month-to-month,No,Bank transfer (automatic),42.06,1695.34,No
C-c9518095,Male,0,Yes,No,26,Yes,No,Fiber optic,No,Yes,Yes,No,No,No,Two year,Yes,Electronic check,49.34,1308.01,No
C-a7185bbb,Male,0,No,No,40,Yes,No,DSL,No,Yes,No,No,No,Yes,One year,No,Electronic check,37.93,1516.47,No
C-416b1517,Female,0,Yes,Yes,31,Yes,No phone service,No,No internet service,No internet service,No internet service,No internet service,No internet service,No internet service,Month-to-month,Yes,Bank transfer (automatic),18.0,561.18,No
C-d31c70de,Female,0,Yes,Yes,52,Yes,Yes,Fiber optic,Yes,Yes,No,No internet service,No internet service,No internet service,Two year,Yes,Electronic check,49.6,2591.23,No
C-c169052c,Female,1,No,No,15,Yes,Yes,No,No internet service,No internet service,No internet service,No internet service,No internet service,No internet service,One year,Yes,Electronic check,21.4,313.46,No
C-bf7fc37c,Male,0,Yes,Yes,53,Yes,Yes,Fiber optic,Yes,Yes,No,No,Yes,No,Month-to-month,No,Credit card (automatic),57.45,3012.44,Yes
C-64ce1f1e,Female,0,No,No,25,Yes,No phone service,No,No internet service,No internet service,No internet service,No internet service,No internet service,No internet service,Month-to-month,No,Electronic check,20.0,518.58,No
C-b342c37b,Female,0,No,No,35,No,No phone service,DSL,No,No internet service,Yes,Yes,Yes,Yes,Two year,Yes,Mailed check,45.82,1608.55,No
C-c6b09865,Female,0,No,Yes,45,Yes,Yes,Fiber optic,No,No,No,Yes,No,No,Two year,Yes,Mailed check,44.26,1991.8,No
C-84e59045,Male,0,Yes,Yes,63,Yes,No,Fiber optic,No internet service,No,No,No,Yes,Yes,One year,Yes,Credit card (automatic),55.02,3492.57,Yes
C-c02b281f,Male,0,No,Yes,39,No,No phone service,No,No internet service,No internet service,No internet service,No internet service,No internet service,No internet service,Month-to-month,No,Bank transfer (automatic),18.0,673.54,No
C-6b666149,Male,0,Yes,No,3,Yes,Yes,Fiber optic,Yes,No,No internet service,Yes,No,No internet service,One year,No,Electronic check,52.13,181.29,Yes
C-8108ce3c,Male,0,Yes,No,14,Yes,Yes,Fiber optic,Yes,No,No,No,No,No internet service,Two year,Yes,Electronic check,47.94,666.64,No
C-c9397270,Female,0,No,No,46,Yes,No,DSL,Yes,No,No,Yes,No,Yes,Two year,Yes,Credit card (automatic),41.66,1881.91,No
C-2bcc2ab7,Male,1,No,Yes,32,Yes,No,DSL,No,Yes,No,No,No,No,Two year,Yes,Electronic check,27.09,843.59,No
C-8f67c3ca,Female,0,No,No,33,Yes,No phone service,Fiber optic,No,No,Yes,No,Yes,Yes,Month-to-month,Yes,Mailed check,55.67,1866.95,Yes
C-09ad4108,Male,0,No,Yes,21,No,No phone service,DSL,No,Yes,No internet service,No,No,Yes,One year,Yes,Electronic check,34.26,698.79,No
C-c3b360ce,Male,0,Yes,No,49,Yes,Yes,DSL,Yes,No,Yes,Yes,Yes,No,Month-to-month,Yes,Electronic check,47.05,2305.13,No
C-f745e11c,Female,0,Yes,No,58,Yes,Yes,DSL,No,Yes,No internet service,No,Yes,No,Month-to-month,Yes,Electronic check,35.04,2038.29,No
C-a5ec8245,Male,0,Yes,No,45,Yes,No,Fiber optic,No,No,No,No,No,Yes,Month-to-month,Yes,Bank transfer (automatic),49.59,2276.59,No
C-11e88a9f,Male,1,No,No,34,Yes,No,DSL,No,No,Yes,No,No internet service,No,Two year,Yes,Mailed check,32.9,1154.11,No
C-ed550d53,Male,1,Yes,No,23,No,No phone service,No,No internet service,No internet service,No internet service,No internet service,No internet service,No internet service,Month-to-month,Yes,Credit card (automatic),18.0,370.58,No
C-9a890a5e,Female,0,No,No,68,Yes,No,No,No internet service,No internet service,No internet service,No internet service,No internet service,No internet service,Two year,Yes,Bank transfer (automatic),21.67,1504.26,No
C-6339beac,Female,0,No,No,64,No,No phone service,No,No internet service,No internet service,No internet service,No internet service,No internet service,No internet service,Month-to-month,Yes,Electronic check,20.54,1322.75,No
C-4ee0b6e6,Male,0,No,Yes,8,Yes,No,No,No internet service,No internet service,No internet service,No internet service,No internet service,No internet service,Month-to-month,No,Mailed check,21.65,172.18,No
C-2f70fbd4,Female,1,Yes,No,3,Yes,No,Fiber optic,No internet service,No,No,Yes,No,No internet service,Month-to-month,Yes,Mailed check,40.43,126.11,Yes
C-687dbc6c,Female,0,No,No,42,Yes,No,No,No internet service,No internet service,No internet service,No internet service,No internet service,No internet service,Two year,Yes,Bank transfer (automatic),19.27,815.92,No
C-1746e6cc,Female,1,Yes,No,64,Yes,No phone service,Fiber optic,No internet service,No,Yes,No,Yes,No,Month-to-month,No,Electronic check,49.61,3169.19,Yes
C-bedb5fda,Female,0,Yes,No,72,Yes,Yes,Fiber optic,No,No,Yes,No,Yes,Yes,Two year,No,Mailed check,55.18,3967.97,No
C-85b31b0c,Female,0,No,No,54,Yes,No phone service,DSL,No,Yes,Yes,No,Yes,Yes,Month-to-month,Yes,Bank transfer (automatic),46.97,2512.29,No
C-80254500,Female,0,No,Yes,5,Yes,Yes,Fiber optic,No,No,No,No internet service,No,No,Month-to-month,No,Mailed check,45.93,260.62,Yes
C-302a3a06,Male,0,No,No,72,Yes,Yes,Fiber optic,No,No,No,No,No,No,Month-to-month,No,Mailed check,34.72,2501.02,Yes
C-678a2977,Male,0,Yes,No,9,Yes,No phone service,No,No internet service,No internet service,No internet service,No internet service,No internet service,No internet service,One year,No,Bank transfer (automatic),20.98,169.34,No
C-820c25b9,Female,1,Yes,No,29,Yes,Yes,DSL,No,No,No,No internet service,Yes,No,Month-to-month,No,Electronic check,32.22,928.78,No
C-baebcd3d,Female,0,No,Yes,44,Yes,No,DSL,No,No internet service,Yes,No,No,No,Month-to-month,No,Credit card (automatic),31.52,1381.59,No
C-ca194035,Male,0,Yes,Yes,18,Yes,No phone service,Fiber optic,Yes,No,No,Yes,Yes,Yes,One year,Yes,Electronic check,64.98,1184.92,No
C-ad193a27,Female,0,No,No,4,Yes,Yes,Fiber optic,Yes,No,No,No,No,Yes,One year,No,Credit card (automatic),55.68,217.63,Yes
C-605bf328,Male,0,Yes,No,15,Yes,No phone service,DSL,No,No,Yes,No,No internet service,No,Two year,Yes,Mailed check,27.14,408.28,No
C-37f7cffd,Male,0,Yes,No,25,Yes,No,DSL,No,Yes,Yes,Yes,No,No internet service,Month-to-month,Yes,Bank transfer (automatic),42.19,1046.8,No
C-b146ed95,Male,0,Yes,Yes,35,Yes,No,DSL,Yes,Yes,Yes,No,No internet service,No internet service,Month-to-month,No,Electronic check,36.81,1288.18,No
C-3bb9751b,Female,0,No,No,25,Yes,No phone service,DSL,No internet service,No,No,No,No,No internet service,Month-to-month,Yes,Bank transfer (automatic),23.3,575.48,No
C-b030eb24,Male,0,Yes,No,30,Yes,No,DSL,No,No,No,Yes,Yes,Yes,Two year,No,Bank transfer (automatic),46.45,1355.33,No
C-4c28dc1c,Female,0,No,Yes,23,Yes,No phone service,Fiber optic,No,No,No,No,No internet service,Yes,Month-to-month,Yes,Electronic check,48.36,1082.51,Yes
C-eb977d7c,Male,1,No,No,17,No,No phone service,Fiber optic,No,No,No,Yes,No,No,Two year,No,Electronic check,47.47,789.33,No
C-cac3e37d,Female,0,No,No,65,Yes,No phone service,Fiber optic,Yes,No,Yes,No,Yes,No,Month-to-month,Yes,Bank transfer (automatic),59.49,3880.81,No
C-8d7e1db0,Female,0,Yes,No,51,Yes,No,Fiber optic,Yes,No internet service,No internet service,No internet service,Yes,Yes,Month-to-month,No,Electronic check,55.56,2836.74,Yes
C-c847dbd4,Male,0,Yes,Yes,23,Yes,No phone service,Fiber optic,No,Yes,No,No,No,Yes,Month-to-month,Yes,Credit card (automatic),53.68,1217.85,Yes
C-f55a543d,Female,1,Yes,No,9,No,No phone service,DSL,No,No,No internet service,No,No,No,One year,Yes,Mailed check,31.7,275.23,No
C-d878d7a1,Male,1,Yes,No,28,Yes,Yes,Fiber optic,Yes,Yes,Yes,Yes,No,No,Month-to-month,Yes,Mailed check,59.11,1643.51,Yes
C-150da482,Male,0,Yes,No,19,Yes,No,Fiber optic,No,Yes,No,No,No,No,Month-to-month,No,Electronic check,45.4,865.49,No
C-9be7b698,Female,1,No,No,69,No,No phone service,Fiber optic,No,Yes,No,Yes,No,No,Month-to-month,No,Mailed check,50.26,3468.35,Yes
C-2f0dfe8a,Female,0,No,No,7,Yes,No phone service,Fiber optic,No,No,Yes,No,Yes,Yes,Month-to-month,Yes,Credit card (automatic),58.98,418.31,Yes
C-a214b6e2,Female,0,Yes,Yes,2,Yes,Yes,DSL,No,Yes,Yes,No,Yes,No,Month-to-month,Yes,Credit card (automatic),44.33,80.13,Yes
C-acbf1c56,Male,0,Yes,No,28,Yes,Yes,No,No internet service,No internet service,No internet service,No internet service,No internet service,No internet service,Month-to-month,Yes,Mailed check,18.51,499.56,Yes
C-1462c310,Female,0,No,Yes,4,Yes,No,Fiber optic,No,No,No,Yes,No,No,Month-to-month,Yes,Bank transfer (automatic),44.16,175.03,Yes
C-9ba6368f,Male,0,Yes,Yes,5,Yes,Yes,Fiber optic,No,Yes,Yes,Yes,Yes,Yes,Month-to-month,Yes,Mailed check,63.11,288.5,Yes
C-12566359,Female,0,Yes,Yes,50,Yes,No,No,No internet service,No internet service,No internet service,No internet service,No internet service,No internet service,One year,No,Credit card (automatic),21.84,1106.9,No
C-3a8c8986,Female,0,Yes,No,72,Yes,No,No,No internet service,No internet service,No internet service,No internet service,No internet service,No internet service,Month-to-month,Yes,Mailed check,18.24,1299.1,Yes
C-6fd1e4f1,Male,1,Yes,Yes,58,Yes,No,DSL,No,No,Yes,No,Yes,No,Month-to-month,No,Mailed check,34.31,1994.57,No
C-e5185e23,Male,0,No,Yes,18,Yes,No,Fiber optic,No,No,No,No internet service,No,No,Two year,No,Mailed check,37.11,618.8,No
C-de3858e6,Female,0,Yes,No,26,Yes,No,Fiber optic,Yes,Yes,No,No,Yes,No internet service,Month-to-month,No,Electronic check,57.35,1435.79,No
C-96647406,Male,0,Yes,No,64,Yes,Yes,DSL,No,No,No internet service,No,Yes,No internet service,One year,No,Credit card (automatic),33.11,2113.59,No
C-d893ea55,Male,0,No,No,23,Yes,Yes,Fiber optic,Yes,No,No,Yes,No,No internet service,Month-to-month,Yes,Credit card (automatic),55.37,1261.28,Yes
C-2defc8af,Male,0,No,No,31,Yes,No,Fiber optic,No internet service,No,No,No,Yes,No,Month-to-month,No,Credit card (automatic),49.56,1567.11,Yes
C-69a54a0c,Female,1,No,No,63,Yes,Yes,Fiber optic,Yes,Yes,Yes,Yes,No,No,Month-to-month,No,Credit card (automatic),60.62,3812.09,No
C-383e0db0,Female,0,No,No,40,Yes,No phone service,Fiber optic,No,Yes,Yes,No,No,No,Month-to-month,No,Bank transfer (automatic),52.53,2133.76,Yes
C-d5053539,Female,1,Yes,No,23,Yes,No,DSL,No,No,No,No,No,Yes,Month-to-month,Yes,Mailed check,33.4,788.58,No
C-22ae53fe,Female,0,No,No,37,Yes,No,No,No internet service,No internet service,No internet service,No internet service,No internet service,No internet service,Month-to-month,Yes,Credit card (automatic),18.7,727.58,No
C-e902d0e6,Male,0,No,No,59,Yes,No,Fiber optic,No,No,Yes,Yes,No,No,Two year,Yes,Bank transfer (automatic),49.33,2906.22,No
C-08559c08,Female,0,No,No,67,Yes,Yes,No,No internet service,No internet service,No internet service,No internet service,No internet service,No internet service,Two year,Yes,Credit card (automatic),22.52,1507.32,No
C-42b79e1c,Male,0,Yes,No,39,Yes,No,No,No internet service,No internet service,No internet service,No internet service,No internet service,No internet service,Month-to-month,No,Mailed check,18.0,712.37,Yes
C-2d77cdc5,Male,1,Yes,Yes,58,Yes,Yes,DSL,No,Yes,Yes,Yes,Yes,No,Month-to-month,Yes,Bank transfer (automatic),43.06,2518.1,No
C-1825a8d5,Female,0,No,Yes,33,No,No phone service,No,No internet service,No internet service,No internet service,No internet service,No internet service,No internet service,Month-to-month,No,Mailed check,24.14,810.83,No
C-eebd729a,Male,0,Yes,No,21,Yes,Yes,DSL,Yes,No,No,No,No,No,Two year,No,Electronic check,28.71,597.4,No
C-3435f72f,Female,0,Yes,Yes,38,No,No phone service,DSL,No,No,No,No,No,Yes,Two year,Yes,Credit card (automatic),37.74,1431.94,No
C-9dac61d5,Female,1,No,No,47,Yes,No,DSL,No,No,No,Yes,No,Yes,Two year,Yes,Electronic check,34.3,1624.72,No
C-7b64825d,Female,0,Yes,No,9,Yes,No,DSL,No,No,No,Yes,No,Yes,Two year,No,Credit card (automatic),36.94,333.76,No
C-44fa0ea4,Male,0,Yes,No,62,Yes,Yes,Fiber optic,Yes,Yes,No,No,No,No,Two year,Yes,Electronic check,49.94,3118.31,No
C-4c3c975c,Female,0,Yes,Yes,51,Yes,Yes,Fiber optic,No,No,No internet service,Yes,No,Yes,Month-to-month,Yes,Credit card (automatic),52.7,2667.53,Yes
C-04924abd,Female,0,No,No,61,Yes,No,DSL,No,No,No,Yes,No,No,Month-to-month,No,Electronic check,25.94,1562.48,No
C-54498792,Female,0,No,Yes,8,Yes,No,Fiber optic,No,No,No,Yes,No,No,Month-to-month,Yes,Mailed check,48.73,375.27,Yes
C-49ba812b,Male,0,No,No,40,Yes,No,Fiber optic,No,No,No,Yes,No internet service,No internet service,One year,No,Electronic check,48.83,1926.52,Yes
C-227526e6,Male,0,Yes,Yes,14,Yes,No phone service,Fiber optic,Yes,No,Yes,No,No,Yes,Month-to-month,Yes,Electronic check,53.98,740.96,Yes
C-20c11b97,Female,0,Yes,No,27,Yes,No,No,No internet service,No internet service,No internet service,No internet service,No internet service,No internet service,Month-to-month,Yes,Credit card (automatic),18.0,500.1,No
C-99eb75c7,Male,0,Yes,No,71,Yes,Yes,DSL,No,No,No internet service,No,No,No,One year,Yes,Mailed check,24.25,1751.96,No
C-ad5c0502,Male,0,No,No,66,Yes,Yes,Fiber optic,No,No,No,Yes,No internet service,No,Month-to-month,Yes,Mailed check,46.55,3075.69,Yes
C-5177d2bc,Male,1,No,Yes,5,Yes,No phone service,DSL,No,No,No,No,No,No,Month-to-month,No,Bank transfer (automatic),18.26,125.51,Yes
C-5e6c5a87,Male,0,No,Yes,53,Yes,Yes,Fiber optic,Yes,No,No,Yes,No,No,Month-to-month,No,Credit card (automatic),46.08,2449.84,Yes
C-d22ddc77,Male,0,No,No,23,Yes,Yes,Fiber optic,Yes,No,No,Yes,Yes,No,Two year,Yes,Electronic check,59.39,1384.92,No
C-4afd1fed,Female,0,Yes,No,41,Yes,No,DSL,No,No internet service,No,No,No internet service,No,One year,No,Bank transfer (automatic),23.29,934.04,No
C-c020e0ae,Male,0,Yes,No,8,Yes,Yes,No,No internet service,No internet service,No internet service,No internet service,No internet service,No internet service,Month-to-month,Yes,Bank transfer (automatic),18.0,182.22,No
C-586517e0,Female,0,No,Yes,71,No,No phone service,DSL,Yes,No,No,Yes,No,No internet service,Month-to-month,No,Credit card (automatic),32.64,2342.77,No
C-d16ae687,Female,0,No,Yes,49,Yes,No phone service,No,No internet service,No internet service,No internet service,No internet service,No internet service,No internet service,One year,No,Bank transfer (automatic),18.0,938.65,No
C-d71ad65e,Male,0,No,No,69,Yes,No phone service,DSL,Yes,Yes,Yes,Yes,Yes,No,One year,Yes,Bank transfer (automatic),48.07,3306.24,No
C-299be67a,Female,0,No,No,13,Yes,Yes,No,No internet service,No internet service,No internet service,No internet service,No internet service,No internet service,Two year,Yes,Bank transfer (automatic),23.37,308.41,No
C-e725331a,Female,0,Yes,No,19,Yes,No,DSL,No,Yes,No,Yes,No internet service,Yes,Two year,No,Mailed check,38.39,740.95,No
C-d416a4e2,Female,0,Yes,No,26,Yes,Yes,Fiber optic,No,Yes,No,No,Yes,No,Month-to-month,No,Bank transfer (automatic),52.54,1377.12,Yes
C-b3de2571,Female,0,Yes,No,60,Yes,Yes,Fiber optic,No,No,Yes,No,No,No,Month-to-month,Yes,Bank transfer (automatic),45.4,2705.2,Yes
C-e2c757e3,Female,0,Yes,No,48,Yes,Yes,DSL,No,No,Yes,No,Yes,No,Month-to-month,Yes,Electronic check,29.6,1411.5,Yes
C-f9e74d9d,Male,0,No,No,71,Yes,Yes,Fiber optic,Yes,No,No,No,No,No,Month-to-month,Yes,Electronic check,45.88,3275.37,No
C-4543aeb6,Male,1,No,No,53,Yes,No,No,No internet service,No internet service,No internet service,No internet service,No internet service,No internet service,Month-to-month,Yes,Bank transfer (automatic),18.0,960.18,No
C-4107e3e3,Female,0,No,No,52,Yes,Yes,Fiber optic,Yes,Yes,No,No,Yes,No,Two year,Yes,Credit card (automatic),59.17,3113.44,Yes
C-7bba55f2,Male,0,No,No,36,No,No phone service,No,No internet service,No internet service,No internet service,No internet service,No internet service,No internet service,Month-to-month,No,Electronic check,18.0,652.24,No
C-56476142,Female,0,Yes,No,47,Yes,Yes,No,No internet service,No internet service,No internet service,No internet service,No internet service,No internet service,Two year,Yes,Bank transfer (automatic),22.25,1040.86,No
C-419c8129,Female,0,Yes,No,59,Yes,Yes,Fiber optic,No,No,No,Yes,Yes,Yes,Two year,Yes,Credit card (automatic),56.08,3322.34,No
C-12b4f346,Male,0,Yes,Yes,57,Yes,No phone service,DSL,No,No,No internet service,No,No,Yes,Month-to-month,Yes,Electronic check,33.34,1906.07,No
C-e721600c,Female,0,No,Yes,8,Yes,No,No,No internet service,No internet service,No internet service,No internet service,No internet service,No internet service,Two year,Yes,Mailed check,23.57,162.63,No
C-27c47b78,Male,0,No,No,52,Yes,No,DSL,No,No internet service,Yes,No,Yes,Yes,Two year,Yes,Credit card (automatic),38.72,2028.81,No
C-2e265b44,Female,0,No,Yes,7,Yes,No,DSL,No,Yes,Yes,No internet service,Yes,Yes,Month-to-month,No,Credit card (automatic),45.73,324.26,No
C-55b7d1a9,Female,0,Yes,No,35,Yes,Yes,No,No internet service,No internet service,No internet service,No internet service,No internet service,No internet service,Month-to-month,Yes,Credit card (automatic),18.49,649.63,No
C-bff466a2,Female,1,No,No,55,No,No phone service,Fiber optic,No,No,Yes,No,No,Yes,Month-to-month,Yes,Mailed check,48.08,2674.95,Yes
C-02ddceda,Female,0,No,Yes,69,Yes,Yes,No,No internet service,No internet service,No internet service,No internet service,No internet service,No internet service,Two year,Yes,Credit card (automatic),21.16,1443.59,No
C-5db3701e,Male,1,Yes,No,14,Yes,No,DSL,No internet service,No,No,No,No,No internet service,One year,Yes,Electronic check,30.4,431.43,No
C-59502897,Female,0,No,No,20,Yes,Yes,Fiber optic,No,No,No,Yes,No,Yes,Two year,Yes,Bank transfer (automatic),51.65,1011.66,No
C-beaab37d,Male,0,Yes,No,72,Yes,No,Fiber optic,No,Yes,No,No internet service,No,No,Month-to-month,No,Mailed check,47.56,3437.45,Yes
C-a0124296,Male,0,No,No,23,Yes,No phone service,No,No internet service,No internet service,No internet service,No internet service,No internet service,No internet service,Month-to-month,No,Credit card (automatic),21.46,511.45,Yes
C-4cfd3898,Female,1,No,Yes,57,Yes,No,No,No internet service,No internet service,No internet service,No internet service,No internet service,No internet service,Two year,No,Bank transfer (automatic),19.89,1150.85,No
C-670cea23,Male,0,No,No,30,Yes,Yes,Fiber optic,Yes,No internet service,Yes,No,No,Yes,Month-to-month,No,Electronic check,62.56,1892.14,Yes
C-49debe35,Male,0,Yes,Yes,65,Yes,No phone service,Fiber optic,No,No,Yes,No,No,No internet service,Two year,No,Electronic check,41.93,2724.53,No
C-ab010f2f,Male,0,Yes,Yes,69,Yes,Yes,DSL,No,No,Yes,No,Yes,No,Month-to-month,No,Credit card (automatic),37.73,2574.81,No
C-fd20088d,Male,0,Yes,No,39,Yes,Yes,No,No internet service,No internet service,No internet service,No internet service,No internet service,No internet service,Two year,Yes,Bank transfer (automatic),23.42,882.29,No
C-e93597e1,Female,0,No,No,11,Yes,No phone service,Fiber optic,Yes,No,No internet service,No internet service,No,No internet service,One year,No,Bank transfer (automatic),49.73,533.59,Yes
C-dbda7743,Female,0,Yes,No,44,Yes,Yes,DSL,No,No,Yes,No internet service,No,No,Two year,No,Electronic check,31.47,1382.53,Yes
C-36da94f2,Female,0,Yes,No,10,Yes,No phone service,Fiber optic,Yes,No,Yes,No,Yes,No,Month-to-month,Yes,Electronic check,52.17,500.24,Yes
C-417115f6,Female,0,Yes,Yes,0,No,No phone service,No,No internet service,No internet service,No internet service,No internet service,No internet service,No internet service,One year,Yes,Electronic check,20.22,5.5,Yes
C-803b5300,Female,0,Yes,Yes,44,Yes,No phone service,DSL,No,No,No,No,No internet service,No internet service,Two year,Yes,Mailed check,26.12,1157.98,No
C-8f2b9221,Female,0,No,Yes,70,Yes,Yes,No,No internet service,No internet service,No internet service,No internet service,No internet service,No internet service,Two year,Yes,Electronic check,18.11,1294.02,No
C-d3489e0a,Male,0,No,No,22,Yes,No,DSL,Yes,No,No,No internet service,No,No internet service,One year,Yes,Mailed check,32.97,714.64,No
C-47678b73,Female,1,No,No,6,Yes,Yes,No,No internet service,No internet service,No internet service,No internet service,No internet service,No internet service,Month-to-month,Yes,Credit card (automatic),20.54,81.22,Yes
C-28c923e9,Male,0,Yes,No,29,Yes,No,DSL,No,Yes,No,No,No,No,Month-to-month,Yes,Electronic check,31.95,916.35,No
C-c6f2ebb8,Male,0,No,No,14,Yes,No phone service,No,No internet service,No internet service,No internet service,No internet service,No internet service,No internet service,Month-to-month,Yes,Electronic check,20.27,249.22,No
C-46e371f7,Female,0,No,Yes,60,Yes,No,DSL,No,No,No,No,No,Yes,One year,No,Credit card (automatic),23.72,1415.94,No
C-9dec66d6,Female,0,Yes,No,11,Yes,No phone service,Fiber optic,No,No,Yes,No,No,Yes,Month-to-month,No,Electronic check,51.29,528.53,Yes
C-b9603976,Male,0,Yes,No,43,Yes,Yes,DSL,Yes,No,No,No internet service,No,No,One year,Yes,Electronic check,34.8,1516.41,No
C-82d65272,Male,0,No,No,28,Yes,No phone service,Fiber optic,No internet service,Yes,No internet service,No internet service,No,Yes,One year,Yes,Electronic check,47.78,1343.27,Yes
C-95485059,Male,0,No,Yes,43,No,No phone service,Fiber optic,No,Yes,Yes,Yes,No,No,Two year,No,Mailed check,55.79,2369.38,No
C-451ea8b1,Female,0,Yes,No,6,No,No phone service,Fiber optic,Yes,No,Yes,Yes,Yes,No,Month-to-month,Yes,Mailed check,57.64,324.6,Yes
C-dec1856b,Male,0,No,Yes,54,Yes,No,DSL,No,No internet service,No,No,Yes,No internet service,One year,Yes,Bank transfer (automatic),36.52,1996.92,Yes
C-2ed93950,Female,0,No,Yes,8,Yes,No,DSL,No internet service,Yes,No,No internet service,Yes,No,Month-to-month,Yes,Mailed check,33.66,263.62,Yes
C-76571a8c,Male,1,No,No,34,Yes,Yes,Fiber optic,No,Yes,Yes,No,No,Yes,Two year,No,Electronic check,57.52,1951.96,No
C-0006d02f,Female,1,No,No,9,Yes,No phone service,Fiber optic,Yes,Yes,Yes,No,No,No,Two year,Yes,Bank transfer (automatic),57.59,523.84,No
C-c3920e19,Female,1,Yes,Yes,2,Yes,No,DSL,Yes,No,Yes,Yes,Yes,Yes,Month-to-month,Yes,Electronic check,54.61,101.76,Yes
C-002311b0,Male,1,No,No,0,No,No phone service,No,No internet service,No internet service,No internet service,No internet service,No internet service,No internet service,Month-to-month,Yes,Mailed check,23.13,0.0,Yes
C-233ee980,Female,0,Yes,No,10,No,No phone service,DSL,Yes,Yes,Yes,Yes,No,Yes,Month-to-month,Yes,Electronic check,52.64,519.66,Yes
C-80db81f7,Male,0,Yes,No,51,Yes,Yes,Fiber optic,Yes,No,No internet service,Yes,Yes,No internet service,Two year,No,Electronic check,55.3,2789.54,No
C-6249d0dd,Male,0,Yes,No,29,Yes,Yes,DSL,Yes,No internet service,No,Yes,Yes,Yes,One year,Yes,Mailed check,44.56,1286.7,No
C-7d1fe47f,Female,0,Yes,No,29,Yes,No,Fiber optic,No,No internet service,No,Yes,No,No,Two year,No,Bank transfer (automatic),40.72,1170.11,No
C-b470333e,Female,0,No,No,63,Yes,Yes,Fiber optic,Yes,Yes,Yes,No,No,No,Month-to-month,Yes,Credit card (automatic),50.26,3165.25,Yes
C-9a15573a,Female,0,No,No,40,Yes,No phone service,No,No internet service,No internet service,No internet service,No internet service,No internet service,No internet service,Month-to-month,No,Bank transfer (automatic),21.15,839.39,No
C-e0cc3b15,Male,1,Yes,Yes,59,Yes,No phone service,Fiber optic,No,No,No internet service,No,Yes,No,Month-to-month,No,Mailed check,51.55,3046.69,Yes
C-27aed9ae,Female,0,No,No,29,Yes,Yes,Fiber optic,No,Yes,No,No,No,No,Two year,No,Electronic check,46.65,1340.8,No
C-eaf18b97,Female,0,No,No,29,Yes,Yes,DSL,No,No,Yes,Yes,Yes,Yes,Month-to-month,No,Mailed check,41.75,1218.67,Yes
C-1c6a6291,Female,0,Yes,No,20,Yes,Yes,DSL,Yes,Yes,No internet service,No internet service,No,No,Month-to-month,No,Mailed check,33.52,688.7,No
C-b57aefd2,Male,0,Yes,No,58,Yes,Yes,DSL,No internet service,No,No internet service,Yes,No,Yes,Two year,No,Mailed check,43.19,2464.32,No
C-0eaeecb3,Male,0,No,Yes,38,Yes,No phone service,DSL,No,No,No internet service,No internet service,No,Yes,Two year,No,Electronic check,29.81,1122.94,No
C-3206adee,Female,0,No,No,13,Yes,No phone service,No,No internet service,No internet service,No internet service,No internet service,No internet service,No internet service,Month-to-month,Yes,Credit card (automatic),18.05,238.27,No
C-def1cbc3,Male,0,No,Yes,0,Yes,No,Fiber optic,No,Yes,Yes,No,Yes,No,Month-to-month,Yes,Bank transfer (automatic),55.82,0.0,Yes
C-b399d7f3,Female,0,No,No,68,Yes,No,DSL,Yes,No internet service,No,Yes,Yes,No,One year,No,Electronic check,43.21,2906.25,No
C-1159e29f,Female,0,No,No,32,Yes,No,No,No internet service,No internet service,No internet service,No internet service,No internet service,No internet service,Month-to-month,No,Mailed check,19.66,632.26,Yes
C-23cb867e,Female,0,No,Yes,70,Yes,Yes,Fiber optic,No,No,No,No,Yes,No internet service,Month-to-month,No,Credit card (automatic),44.25,3088.05,Yes
C-04d531cd,Female,0,No,No,7,Yes,Yes,Fiber optic,Yes,No,No,Yes,No,No,Month-to-month,Yes,Credit card (automatic),49.72,340.42,No
C-140a0e33,Female,0,No,No,69,Yes,No,Fiber optic,No,No,No,Yes,No,Yes,Two year,Yes,Electronic check,50.41,3462.15,No
C-030c7fa0,Male,0,Yes,Yes,14,Yes,No,Fiber optic,No,No internet service,No,No,No internet service,No,Month-to-month,Yes,Bank transfer (automatic),38.25,536.11,No
C-04ad9eab,Female,0,No,No,19,No,No phone service,Fiber optic,No,Yes,Yes,Yes,Yes,Yes,Month-to-month,Yes,Bank transfer (automatic),67.71,1278.82,Yes
C-dfbb22bb,Female,0,No,Yes,68,Yes,Yes,Fiber optic,No,Yes,No,Yes,Yes,Yes,Month-to-month,Yes,Mailed check,58.62,4000.47,No
C-cb4467a9,Female,0,No,Yes,64,Yes,No,DSL,No,No internet service,Yes,No internet service,No internet service,Yes,Month-to-month,No,Electronic check,34.93,2227.66,No
C-c3599187,Female,0,No,Yes,28,Yes,No,No,No internet service,No internet service,No internet service,No internet service,No internet service,No internet service,One year,Yes,Mailed check,20.43,543.55,No
C-f9f59a7f,Male,0,Yes,No,8,Yes,No phone service,No,No internet service,No internet service,No internet service,No internet service,No internet service,No internet service,Month-to-month,Yes,Bank transfer (automatic),19.84,144.01,No
C-a634bd48,Female,0,No,Yes,69,No,No phone service,Fiber optic,No,Yes,No,No,No,Yes,One year,Yes,Mailed check,54.63,3731.66,No
C-21bdc986,Female,0,No,Yes,5,Yes,Yes,No,No internet service,No internet service,No internet service,No internet service,No internet service,No internet service,Month-to-month,Yes,Mailed check,18.0,109.38,Yes
C-31c95c2a,Female,0,No,No,22,Yes,No,No,No internet service,No internet service,No internet service,No internet service,No internet service,No internet service,One year,No,Electronic check,18.25,381.56,Yes
C-7ce6e6a8,Female,0,Yes,No,29,Yes,Yes,No,No internet service,No internet service,No internet service,No internet service,No internet service,No internet service,Month-to-month,No,Mailed check,19.98,596.9,No
C-b00d5112,Female,0,Yes,No,71,Yes,No,Fiber optic,No,Yes,No,No,No,No,Two year,Yes,Credit card (automatic),44.42,3137.42,No
C-a7502970,Male,0,Yes,No,58,Yes,Yes,Fiber optic,Yes,Yes,No,No internet service,No,No,Month-to-month,Yes,Electronic check,54.77,3198.89,Yes
C-11a9275c,Female,0,Yes,Yes,2,Yes,Yes,Fiber optic,No internet service,No,Yes,No,Yes,No,Two year,Yes,Credit card (automatic),53.28,94.78,No
C-21fd39dd,Female,0,Yes,No,63,Yes,No,Fiber optic,Yes,Yes,No internet service,No,No,No,Two year,No,Electronic check,46.29,2933.97,No
C-9645edb4,Male,0,No,No,11,Yes,No,No,No internet service,No internet service,No internet service,No internet service,No internet service,No internet service,Month-to-month,Yes,Mailed check,18.77,181.0,No
C-483530eb,Female,1,Yes,No,42,Yes,Yes,No,No internet service,No internet service,No internet service,No internet service,No internet service,No internet service,Two year,No,Credit card (automatic),18.0,764.3,No
C-ec1931e7,Female,0,No,Yes,66,Yes,Yes,No,No internet service,No internet service,No internet service,No internet service,No internet service,No internet service,Month-to-month,Yes,Electronic check,19.49,1280.16,No
C-39900137,Male,0,Yes,No,32,Yes,No,Fiber optic,No,No,Yes,No,No,No,Month-to-month,Yes,Electronic check,40.0,1236.29,Yes
C-ad413c0a,Female,0,Yes,No,58,No,No phone service,No,No internet service,No internet service,No internet service,No internet service,No internet service,No internet service,One year,Yes,Credit card (automatic),18.0,1034.84,No
C-a6be1d1c,Male,0,No,No,36,Yes,No phone service,No,No internet service,No internet service,No internet service,No internet service,No internet service,No internet service,Two year,Yes,Mailed check,21.09,761.96,No
C-c8572625,Male,0,No,Yes,47,Yes,No,No,No internet service,No internet service,No internet service,No internet service,No internet service,No internet service,Two year,No,Electronic check,19.24,898.94,No
C-5c25346b,Male,1,Yes,Yes,30,Yes,Yes,DSL,No internet service,Yes,Yes,No,Yes,No,Two year,No,Electronic check,39.77,1197.48,No
C-82492867,Male,0,Yes,No,12,Yes,No,No,No internet service,No internet service,No internet service,No internet service,No internet service,No internet service,One year,Yes,Bank transfer (automatic),28.04,333.33,No
C-7f71031e,Male,0,No,No,18,Yes,Yes,Fiber optic,No,No,Yes,Yes,No,Yes,Two year,Yes,Credit card (automatic),55.34,988.58,No
C-4a4e0afa,Male,0,No,Yes,41,Yes,No phone service,No,No internet service,No internet service,No internet service,No internet service,No internet service,No internet service,Month-to-month,Yes,Bank transfer (automatic),19.45,778.24,No
C-b760603e,Female,0,Yes,Yes,39,Yes,No,No,No internet service,No internet service,No internet service,No internet service,No internet service,No internet service,One year,No,Mailed check,22.37,870.61,No
C-7bafd6a8,Female,0,Yes,Yes,22,Yes,Yes,DSL,No,No,Yes,No,No,Yes,Month-to-month,Yes,Credit card (automatic),37.54,867.77,Yes
C-a681c15d,Male,0,No,No,8,Yes,No,No,No internet service,No internet service,No internet service,No internet service,No internet service,No internet service,Two year,Yes,Mailed check,18.69,144.51,Yes
C-21312214,Male,0,No,No,1,Yes,Yes,Fiber optic,No,Yes,No,Yes,Yes,Yes,One year,No,Electronic check,66.24,67.21,Yes
C-4636668c,Male,0,No,No,65,Yes,No phone service,Fiber optic,No,Yes,Yes,No,No,No,Month-to-month,Yes,Credit card (automatic),50.22,3226.2,Yes
C-7341db3a,Female,0,No,No,5,Yes,Yes,Fiber optic,No,Yes,No,Yes,No,No,Month-to-month,No,Electronic check,53.11,223.49,Yes
C-902fca48,Female,0,No,No,13,Yes,No,DSL,No,No,No internet service,Yes,No,No,Month-to-month,Yes,Credit card (automatic),33.29,454.86,No
C-5e6fea81,Male,0,Yes,No,48,Yes,Yes,Fiber optic,Yes,No,Yes,No,No,No,Month-to-month,Yes,Bank transfer (automatic),53.34,2516.88,Yes
C-406dd520,Male,0,No,No,63,Yes,No phone service,DSL,No,No,No internet service,Yes,No,Yes,Month-to-month,No,Bank transfer (automatic),40.75,2577.07,No
C-b9ac523d,Male,0,Yes,Yes,10,Yes,No phone service,No,No internet service,No internet service,No internet service,No internet service,No internet service,No internet service,Month-to-month,No,Electronic check,22.31,219.78,Yes
C-08e61731,Male,1,Yes,No,72,Yes,No,Fiber optic,No,No,Yes,No,Yes,No,One year,Yes,Electronic check,50.77,3660.74,Yes
C-c35311bc,Male,1,Yes,Yes,21,Yes,Yes,DSL,No,No,No,Yes,Yes,No,One year,Yes,Electronic check,40.49,847.68,No
C-31f1123d,Male,0,No,No,71,Yes,No,DSL,No,Yes,No,Yes,No,No,Month-to-month,Yes,Electronic check,27.3,1947.75,Yes
C-9253d7cc,Male,1,Yes,Yes,3,Yes,Yes,Fiber optic,No,No,Yes,No,No,Yes,Two year,No,Electronic check,50.54,148.46,No
C-c289473f,Male,0,Yes,No,5,Yes,Yes,Fiber optic,No,No internet service,No,Yes,No,No,Month-to-month,No,Credit card (automatic),41.8,234.01,Yes
C-2562762d,Female,0,No,No,15,No,No phone service,No,No internet service,No internet service,No internet service,No internet service,No internet service,No internet service,Two year,Yes,Bank transfer (automatic),18.0,285.52,No
C-d64de7a1,Male,0,Yes,No,10,Yes,No phone service,DSL,Yes,No,No,No,No,No,Month-to-month,Yes,Bank transfer (automatic),35.43,376.42,No
C-ae541faf,Male,0,No,No,1,Yes,Yes,No,No internet service,No internet service,No internet service,No internet service,No internet service,No internet service,Month-to-month,Yes,Electronic check,18.0,0.0,Yes
C-d7029460,Male,0,No,No,2,Yes,Yes,No,No internet service,No internet service,No internet service,No internet service,No internet service,No internet service,One year,No,Electronic check,26.01,64.05,Yes
C-7fc711ce,Female,0,No,Yes,2,No,No phone service,No,No internet service,No internet service,No internet service,No internet service,No internet service,No internet service,One year,No,Electronic check,18.0,23.18,No
C-f88d0d76,Male,1,No,Yes,1,No,No phone service,Fiber optic,No,Yes,No,No,Yes,Yes,Month-to-month,Yes,Electronic check,53.94,75.27,Yes
C-6c10b443,Female,0,Yes,No,18,No,No phone service,No,No internet service,No internet service,No internet service,No internet service,No internet service,No internet service,Month-to-month,Yes,Credit card (automatic),18.0,320.79,No
C-b929aa9a,Female,0,Yes,No,14,Yes,Yes,Fiber optic,No,No,Yes,No,Yes,Yes,Month-to-month,Yes,Credit card (automatic),56.65,808.98,Yes
C-df3e2201,Male,0,Yes,Yes,3,No,No phone service,DSL,No,Yes,No,Yes,No,Yes,Two year,Yes,Credit card (automatic),38.97,130.4,No
C-2fada7e1,Female,0,No,No,11,Yes,No phone service,Fiber optic,No,No,Yes,No,No internet service,No,Month-to-month,No,Electronic check,40.29,471.05,Yes
C-21b26235,Female,0,No,Yes,16,Yes,No,Fiber optic,No,Yes,No,No,No,Yes,One year,Yes,Bank transfer (automatic),52.07,799.61,No
C-a0e2fb37,Female,0,Yes,No,64,No,No phone service,DSL,No,No,No,No internet service,No,Yes,Month-to-month,Yes,Bank transfer (automatic),34.5,2178.34,No
C-95b49e1f,Male,0,Yes,No,65,Yes,Yes,Fiber optic,No internet service,Yes,No,No,No,Yes,One year,Yes,Credit card (automatic),50.08,3252.42,No
C-5facf4be,Male,0,Yes,No,42,Yes,Yes,Fiber optic,No,No,No,No,No,Yes,Month-to-month,No,Credit card (automatic),46.79,1969.4,No
C-91e178de,Female,0,Yes,No,40,Yes,Yes,DSL,No,Yes,Yes,No,No,No internet service,Month-to-month,Yes,Electronic check,40.27,1620.12,No
C-0031f2ff,Male,0,No,No,60,Yes,Yes,DSL,No,No internet service,No,Yes,No,Yes,Two year,No,Electronic check,32.7,1974.78,No
C-3b74c20c,Male,0,Yes,No,24,Yes,No,DSL,No,Yes,No,Yes,No internet service,Yes,Month-to-month,Yes,Bank transfer (automatic),39.39,959.23,No
C-db3660c1,Female,1,No,No,69,No,No phone service,DSL,No,No,Yes,No,No internet service,No,Month-to-month,No,Electronic check,28.16,1935.25,Yes
C-56324fa6,Male,0,Yes,No,17,Yes,Yes,Fiber optic,No,No,No,No,No,No,Month-to-month,Yes,Electronic check,36.42,621.35,Yes
C-62187468,Male,0,No,No,26,Yes,No phone service,Fiber optic,No,No,No,Yes,Yes,No,Two year,Yes,Electronic check,54.38,1397.14,No
C-e77b909d,Female,0,Yes,No,12,Yes,Yes,Fiber optic,No,No,No,No,Yes,No,Month-to-month,Yes,Electronic check,50.04,587.49,Yes
C-63a9d2b4,Female,0,Yes,Yes,47,Yes,No phone service,Fiber optic,Yes,No,Yes,No,No,No internet service,Month-to-month,No,Mailed check,52.19,2467.4,No
C-a24a8cd1,Female,0,No,No,46,Yes,Yes,No,No internet service,No internet service,No internet service,No internet service,No internet service,No internet service,One year,No,Mailed check,21.47,988.5,No
C-139845b0,Female,0,Yes,Yes,33,Yes,No phone service,No,No internet service,No internet service,No internet service,No internet service,No internet service,No internet service,One year,No,Credit card (automatic),18.0,589.64,No
C-0513bd66,Male,1,No,No,45,Yes,No,Fiber optic,No,No,No,Yes,No,Yes,Two year,No,Bank transfer (automatic),56.85,2589.2,No
C-20336090,Male,0,Yes,No,63,Yes,Yes,Fiber optic,No,No,Yes,No,Yes,Yes,Month-to-month,No,Bank transfer (automatic),59.26,3725.4,Yes
C-cd697cef,Male,0,Yes,No,51,Yes,No,No,No internet service,No internet service,No internet service,No internet service,No internet service,No internet service,Month-to-month,Yes,Mailed check,23.54,1223.42,No
C-a9897ecf,Female,1,No,No,64,Yes,Yes,Fiber optic,No,No,Yes,No,No,No,Month-to-month,No,Bank transfer (automatic),48.53,3094.09,Yes
C-f4e655e2,Male,0,No,No,34,Yes,No phone service,DSL,No,No,No,No,No internet service,Yes,One year,No,Credit card (automatic),33.94,1171.22,No
C-9132f60f,Female,0,Yes,Yes,33,Yes,Yes,DSL,No,No internet service,No,No,Yes,No,Month-to-month,Yes,Credit card (automatic),31.66,1023.11,No
C-4bd3ca40,Female,0,No,No,67,Yes,No,DSL,No,No,No,No,Yes,No,One year,Yes,Mailed check,27.8,1859.14,No
C-d925a2d1,Male,0,Yes,No,46,Yes,No,Fiber optic,Yes,No,Yes,Yes,No,Yes,Month-to-month,Yes,Bank transfer (automatic),62.34,2854.96,No
C-cc7ab88f,Male,0,No,Yes,71,Yes,No,No,No internet service,No internet service,No internet service,No internet service,No internet service,No internet service,Two year,No,Bank transfer (automatic),19.54,1432.63,No
C-2f76a2ab,Female,0,Yes,No,26,Yes,Yes,Fiber optic,No,Yes,No,Yes,Yes,Yes,Two year,No,Electronic check,59.36,1540.05,No
C-cfe0355a,Female,0,No,No,1,Yes,Yes,DSL,No,No,No,Yes,No,No,Month-to-month,No,Mailed check,27.87,46.53,Yes
C-95d27ed0,Female,0,No,No,72,Yes,No,Fiber optic,Yes,No,No,No,No,Yes,Two year,No,Credit card (automatic),51.85,3747.39,No
C-8359f832,Female,0,Yes,Yes,33,Yes,No phone service,No,No internet service,No internet service,No internet service,No internet service,No internet service,No internet service,One year,Yes,Electronic check,22.7,726.05,No
C-0cf888be,Male,0,No,Yes,56,Yes,No,No,No internet service,No internet service,No internet service,No internet service,No internet service,No internet service,Two year,Yes,Electronic check,18.0,1014.23,No
C-856483b9,Male,0,Yes,No,49,Yes,Yes,DSL,No,No,No,No,No,No,Two year,Yes,Mailed check,24.92,1211.97,No
C-a7989899,Female,1,Yes,No,37,Yes,No phone service,Fiber optic,Yes,No,No,No,No,No,One year,No,Mailed check,47.24,1735.14,No
C-965701c4,Female,0,No,Yes,48,Yes,No phone service,Fiber optic,Yes,No,Yes,No,No,No internet service,Month-to-month,Yes,Mailed check,53.76,2561.23,No
C-496ab608,Female,0,No,No,15,Yes,No,DSL,No,Yes,No,Yes,Yes,No,Month-to-month,No,Mailed check,43.16,667.41,Yes
C-8ea53e92,Male,0,Yes,Yes,49,Yes,No,Fiber optic,Yes,No internet service,No,No internet service,No internet service,No internet service,Month-to-month,Yes,Electronic check,48.54,2384.02,Yes
C-c6ff10e2,Male,0,No,No,68,Yes,No phone service,DSL,Yes,No,No,Yes,Yes,Yes,Month-to-month,Yes,Bank transfer (automatic),46.28,3173.23,No
C-cd48e7f9,Female,0,Yes,Yes,53,Yes,No,Fiber optic,No,No internet service,No,Yes,No,No,Month-to-month,Yes,Mailed check,43.3,2306.59,No
C-3270143e,Female,1,Yes,Yes,28,Yes,Yes,DSL,No,No,No,No,No,No,One year,Yes,Bank transfer (automatic),24.37,648.35,No
C-8c3067f6,Male,0,No,No,10,Yes,No,No,No internet service,No internet service,No internet service,No internet service,No internet service,No internet service,Month-to-month,No,Mailed check,22.63,205.68,Yes
C-e672cb4e,Female,0,No,No,24,Yes,No,No,No internet service,No internet service,No internet service,No internet service,No internet service,No internet service,Month-to-month,Yes,Electronic check,18.0,418.94,No
C-39f1a129,Female,0,No,Yes,67,Yes,No,DSL,No,Yes,Yes,No internet service,Yes,Yes,Month-to-month,Yes,Bank transfer (automatic),43.03,2929.47,No
C-8f52b579,Female,0,Yes,No,31,No,No phone service,No,No internet service,No internet service,No internet service,No internet service,No internet service,No internet service,Month-to-month,Yes,Mailed check,24.6,774.06,No
C-140c703a,Female,0,No,No,60,Yes,Yes,Fiber optic,No,No,No internet service,No,No,No,Month-to-month,Yes,Mailed check,41.22,2484.62,Yes
C-7e8d325c,Female,1,No,Yes,27,No,No phone service,No,No internet service,No internet service,No internet service,No internet service,No internet service,No internet service,Month-to-month,Yes,Credit card (automatic),18.0,480.43,No
C-f9aa8744,Male,1,Yes,Yes,37,Yes,No phone service,DSL,No,Yes,No,Yes,Yes,No,Month-to-month,No,Bank transfer (automatic),37.64,1420.28,No
C-30b41f14,Male,0,Yes,No,29,Yes,Yes,DSL,No,No,Yes,No,Yes,No,Month-to-month,Yes,Bank transfer (automatic),37.68,1087.92,No
C-0e4ebc6c,Male,1,Yes,No,34,Yes,Yes,DSL,No,Yes,Yes,No,No,No,Month-to-month,Yes,Electronic check,34.71,1178.33,Yes
C-96d1b05a,Male,0,No,No,29,Yes,No,DSL,No,No internet service,Yes,Yes,Yes,Yes,Two year,Yes,Electronic check,48.55,1413.23,No
C-f2a8700b,Female,0,Yes,No,37,Yes,No,DSL,Yes,Yes,Yes,Yes,Yes,No,Two year,Yes,Credit card (automatic),53.21,1979.75,No
C-e2690548,Male,0,Yes,No,47,Yes,Yes,Fiber optic,No,No,No,No,Yes,No,Month-to-month,No,Electronic check,37.99,1794.46,Yes
C-84df953e,Female,1,Yes,No,22,Yes,No phone service,DSL,Yes,No internet service,No,No internet service,No,Yes,Two year,Yes,Bank transfer (automatic),33.19,737.7,No
C-ef239975,Female,0,Yes,No,37,Yes,Yes,DSL,No,No internet service,No,No,No,Yes,Month-to-month,Yes,Mailed check,31.1,1132.36,No
C-ddee751d,Female,0,Yes,No,18,Yes,No phone service,No,No internet service,No internet service,No internet service,No internet service,No internet service,No internet service,Month-to-month,Yes,Credit card (automatic),18.0,310.36,No
C-f8ace112,Female,0,No,Yes,23,Yes,Yes,DSL,Yes,No internet service,No,No,Yes,No,Two year,Yes,Credit card (automatic),39.32,902.0,No
C-2af98679,Female,0,Yes,Yes,9,No,No phone service,DSL,No internet service,No,No,No internet service,Yes,Yes,Two year,No,Electronic check,36.6,323.23,No
C-981b396f,Male,0,Yes,No,68,Yes,No,Fiber optic,No internet service,Yes,No,No,Yes,No,Month-to-month,Yes,Mailed check,52.05,3508.88,No
C-e8f9e4b9,Male,0,No,Yes,4,Yes,No,Fiber optic,Yes,No,No,Yes,Yes,No internet service,Two year,Yes,Electronic check,58.34,224.04,No
C-ae619f58,Female,0,No,No,49,Yes,No,DSL,No,Yes,Yes,No,No,No,One year,Yes,Electronic check,35.24,1722.52,No
C-8c5a2dd9,Female,0,Yes,Yes,12,Yes,Yes,DSL,No internet service,No,Yes,No,No,Yes,Month-to-month,No,Mailed check,40.95,443.61,No
C-5e1524e7,Female,0,No,Yes,45,Yes,No,Fiber optic,No,No,No internet service,Yes,No,No,Month-to-month,No,Mailed check,42.58,1892.26,No
C-941b6121,Male,0,No,No,4,Yes,No,Fiber optic,No,Yes,No,No internet service,Yes,No,Two year,No,Mailed check,50.71,203.86,No
C-e300d148,Female,0,No,No,20,Yes,No phone service,Fiber optic,Yes,No,Yes,No,No internet service,No,Month-to-month,No,Credit card (automatic),45.98,899.82,No
C-cfd33f3d,Female,0,No,No,35,Yes,No,No,No internet service,No internet service,No internet service,No internet service,No internet service,No internet service,Month-to-month,Yes,Mailed check,19.47,646.8,No
C-f0e78899,Female,0,No,No,38,Yes,Yes,DSL,Yes,No,No,No,Yes,Yes,One year,Yes,Electronic check,45.06,1719.6,No
C-5da6c220,Male,0,Yes,Yes,35,No,No phone service,Fiber optic,No,Yes,No,No,No,No,Two year,No,Mailed check,48.79,1695.44,Yes
C-046c53e6,Female,0,No,No,19,Yes,No phone service,DSL,No,No internet service,No,No,No,Yes,Month-to-month,Yes,Electronic check,35.47,692.45,Yes
C-3142c07e,Female,0,Yes,No,43,Yes,No phone service,No,No internet service,No internet service,No internet service,No internet service,No internet service,No internet service,One year,No,Mailed check,18.0,799.08,No
C-7ec3c0dd,Male,1,Yes,Yes,12,Yes,No phone service,DSL,No,Yes,Yes,No,No,No,Two year,Yes,Credit card (automatic),35.63,427.25,No
C-05b40247,Male,0,No,No,68,Yes,Yes,DSL,Yes,No,No,No,No,No,Month-to-month,Yes,Bank transfer (automatic),30.56,2060.36,No
C-5bfe7a82,Male,1,No,No,50,Yes,No phone service,No,No internet service,No internet service,No internet service,No internet service,No internet service,No internet service,Two year,Yes,Credit card (automatic),19.07,962.42,No
C-bf9bbab2,Male,1,Yes,No,55,Yes,No,Fiber optic,No,No internet service,Yes,No,No,No,Month-to-month,No,Electronic check,40.47,2217.68,Yes
C-e3a2293b,Female,0,Yes,No,21,Yes,Yes,Fiber optic,No internet service,Yes,No,No,No internet service,No,One year,Yes,Electronic check,43.52,963.21,No
C-70924294,Female,0,Yes,No,63,Yes,No phone service,Fiber optic,No internet service,Yes,Yes,No internet service,Yes,No,Month-to-month,No,Credit card (automatic),59.47,3744.1,Yes
C-4a3eebc9,Male,0,No,Yes,62,Yes,No phone service,Fiber optic,No,No,No,Yes,Yes,No,Month-to-month,Yes,Credit card (automatic),52.39,3255.92,Yes
C-3ce22534,Female,0,Yes,Yes,45,Yes,No phone service,Fiber optic,No,Yes,No,Yes,Yes,No,One year,Yes,Electronic check,56.73,2588.84,Yes
C-6e54debc,Female,0,No,No,12,Yes,Yes,Fiber optic,Yes,Yes,No,No,No internet service,No,Two year,No,Credit card (automatic),51.81,619.11,No
C-7fa2db8e,Male,1,Yes,No,36,Yes,No,Fiber optic,No internet service,No internet service,No,No,Yes,Yes,One year,Yes,Mailed check,55.52,1987.79,No
C-afa446ce,Female,0,Yes,Yes,18,Yes,Yes,Fiber optic,Yes,No,No,No,Yes,No,Two year,Yes,Mailed check,53.85,964.67,No
C-c39d321f,Male,1,No,No,6,No,No phone service,No,No internet service,No internet service,No internet service,No internet service,No internet service,No internet service,One year,No,Bank transfer (automatic),18.0,109.59,No
C-74227907,Female,1,No,Yes,66,Yes,Yes,Fiber optic,No internet service,No,No,No internet service,No,No internet service,Two year,Yes,Bank transfer (automatic),40.06,2644.52,No
C-6766726b,Female,0,No,No,15,Yes,Yes,No,No internet service,No internet service,No internet service,No internet service,No internet service,No internet service,Month-to-month,Yes,Electronic check,18.0,282.93,Yes
C-d11233fe,Male,0,No,No,69,Yes,No phone service,Fiber optic,No internet service,Yes,Yes,No,No,Yes,Month-to-month,Yes,Bank transfer (automatic),55.94,3867.43,Yes
C-094df13e,Male,1,No,No,7,Yes,No,Fiber optic,No,Yes,No,No,No,No,Two year,Yes,Credit card (automatic),42.33,299.89,Yes
C-6ee44a2b,Female,0,No,No,45,Yes,No,Fiber optic,No,No,No,No,No,Yes,Two year,No,Bank transfer (automatic),47.4,2138.93,No
C-cd59168c,Male,0,Yes,No,31,Yes,No phone service,DSL,No,No,Yes,No,Yes,Yes,Month-to-month,No,Mailed check,43.79,1364.48,Yes
C-8d63bb22,Male,0,Yes,No,45,Yes,Yes,Fiber optic,No,No,No internet service,Yes,No,No,Month-to-month,Yes,Credit card (automatic),45.11,2027.32,No
C-ae6e65b6,Male,0,No,No,23,Yes,Yes,DSL,No,No,No,No,No,Yes,Two year,No,Electronic check,37.68,863.1,No
C-3c5421ac,Female,0,No,Yes,13,Yes,No,Fiber optic,Yes,No,No,Yes,No,No,One year,Yes,Electronic check,50.67,682.7,Yes
C-8cebf966,Female,0,Yes,No,49,Yes,No,Fiber optic,Yes,No internet service,No,No,No,Yes,Two year,Yes,Bank transfer (automatic),50.56,2453.3,No
C-62fc67f3,Male,1,No,No,72,No,No phone service,DSL,No,No,Yes,No,Yes,No,Two year,No,Bank transfer (automatic),36.09,2590.32,No
C-a27a2513,Female,0,Yes,Yes,30,Yes,Yes,DSL,No,No internet service,Yes,No internet service,No,No,Month-to-month,Yes,Electronic check,31.21,909.86,Yes
C-f938f3e8,Female,0,No,No,68,Yes,Yes,DSL,No internet service,Yes,No,No,No,No,Month-to-month,Yes,Mailed check,28.46,1962.14,Yes
C-b9c9290a,Male,0,No,Yes,35,Yes,No,DSL,No,Yes,No,No,No,No,Month-to-month,No,Mailed check,30.72,1052.74,Yes
C-19ef9bd2,Male,1,Yes,No,52,Yes,No,Fiber optic,Yes,No internet service,No,No,No,Yes,Two year,Yes,Mailed check,51.93,2694.59,No
C-743b6bc8,Female,0,Yes,No,4,Yes,Yes,No,No internet service,No internet service,No internet service,No internet service,No internet service,No internet service,Month-to-month,Yes,Mailed check,18.0,62.43,No
C-3bea42ab,Female,1,Yes,No,27,Yes,No,Fiber optic,No,No,Yes,Yes,Yes,Yes,Month-to-month,Yes,Bank transfer (automatic),61.4,1656.94,Yes
C-b74d06d3,Female,0,Yes,Yes,42,Yes,Yes,Fiber optic,No,No,Yes,No,No,No,Month-to-month,Yes,Electronic check,43.75,1872.96,No
C-6af13d93,Female,1,No,No,49,No,No phone service,DSL,Yes,No,Yes,No,No,No,One year,No,Bank transfer (automatic),37.36,1838.89,Yes
C-31ac013c,Male,0,No,No,37,Yes,No phone service,Fiber optic,No,Yes,No,No,Yes,No,Month-to-month,Yes,Bank transfer (automatic),50.57,1869.99,Yes
C-5c3f29e0,Female,1,No,No,13,No,No phone service,DSL,No,No,Yes,No,No internet service,No,One year,Yes,Electronic check,33.75,438.32,No
C-811dc8df,Female,0,Yes,No,31,Yes,No,Fiber optic,No,No,No,No internet service,No,No,Two year,Yes,Electronic check,35.49,1093.9,No
C-9195763d,Male,0,No,No,3,Yes,Yes,Fiber optic,No,Yes,No,Yes,No,No,Two year,No,Electronic check,52.91,161.96,Yes
C-5483b194,Female,1,Yes,No,46,Yes,No,DSL,No,No,Yes,Yes,Yes,No internet service,Month-to-month,Yes,Electronic check,45.14,2060.99,No
C-6e6d9556,Female,0,No,No,11,Yes,No phone service,Fiber optic,No,Yes,Yes,No,Yes,No,Month-to-month,Yes,Credit card (automatic),56.79,579.58,Yes
C-3eb3b3f3,Male,0,No,Yes,40,Yes,No,DSL,Yes,No,No,No,No,No,Two year,No,Bank transfer (automatic),33.44,1337.27,No
C-c839773e,Male,0,No,No,12,Yes,Yes,DSL,No internet service,Yes,No,No,Yes,No,One year,Yes,Mailed check,33.92,407.55,No
C-85ed3ae3,Female,0,Yes,No,11,Yes,No,DSL,No,No,No,No,Yes,No,Month-to-month,Yes,Credit card (automatic),30.04,333.04,No
C-99580f1a,Female,0,Yes,No,66,Yes,No,Fiber optic,No,Yes,No internet service,No,No,No,Month-to-month,No,Bank transfer (automatic),44.11,2901.83,Yes
C-f6f50ecd,Male,1,Yes,Yes,13,Yes,No phone service,Fiber optic,No,No,No,No,Yes,Yes,Month-to-month,Yes,Electronic check,53.64,692.97,Yes
C-a9e5f12a,Female,0,Yes,No,51,Yes,No phone service,DSL,No,No,No,No,Yes,Yes,Two year,No,Electronic check,36.76,1851.75,No
C-c797e34c,Male,0,No,Yes,22,Yes,No,No,No internet service,No internet service,No internet service,No internet service,No internet service,No internet service,Month-to-month,Yes,Bank transfer (automatic),18.0,389.41,No
C-0f86b9f0,Female,0,No,Yes,1,Yes,Yes,No,No internet service,No internet service,No internet service,No internet service,No internet service,No internet service,Two year,No,Bank transfer (automatic),21.76,31.0,No
C-de1940ed,Female,0,No,No,45,Yes,No,Fiber optic,Yes,No internet service,No internet service,Yes,Yes,Yes,Month-to-month,Yes,Credit card (automatic),63.72,2852.43,No
C-1f9e0f0d,Female,1,Yes,No,36,Yes,No,Fiber optic,No,No,Yes,No,No,Yes,One year,No,Mailed check,48.57,1761.88,No
C-9cf17fb1,Female,0,Yes,No,23,No,No phone service,Fiber optic,No,No internet service,No,No,No,Yes,One year,Yes,Mailed check,46.04,1040.7,No
C-3ea13882,Male,0,Yes,No,3,No,No phone service,No,No internet service,No internet service,No internet service,No internet service,No internet service,No internet service,One year,Yes,Electronic check,18.0,26.43,No
C-4258dc64,Female,0,No,No,30,Yes,Yes,Fiber optic,No,No,Yes,No internet service,No,Yes,One year,Yes,Electronic check,56.0,1660.02,No
C-de5039e7,Male,0,Yes,Yes,43,Yes,Yes,DSL,No,No,No internet service,No,Yes,No,Month-to-month,Yes,Mailed check,29.69,1256.3,Yes
C-c57bf634,Female,1,Yes,No,61,Yes,Yes,Fiber optic,No,Yes,No,No,Yes,No internet service,One year,Yes,Electronic check,50.2,3045.03,No
C-485a244e,Male,0,Yes,Yes,57,No,No phone service,No,No internet service,No internet service,No internet service,No internet service,No internet service,No internet service,One year,No,Electronic check,22.79,1288.52,No
C-b7c74350,Male,0,No,Yes,3,Yes,No phone service,No,No internet service,No internet service,No internet service,No internet service,No internet service,No internet service,Month-to-month,Yes,Credit card (automatic),18.39,39.17,Yes
C-6b59b50c,Female,0,Yes,No,14,Yes,No,Fiber optic,Yes,No,No,No,No,No,Month-to-month,Yes,Mailed check,41.09,517.47,No
C-94bbb33b,Male,0,No,No,1,No,No phone service,Fiber optic,No,No,No,No,No,No internet service,Month-to-month,No,Electronic check,38.43,44.15,Yes
C-f1b6f1dc,Female,0,No,No,65,Yes,Yes,Fiber optic,No,Yes,Yes,No,Yes,Yes,Month-to-month,Yes,Mailed check,63.33,4144.82,Yes
C-34c820ed,Female,0,Yes,No,58,Yes,No,DSL,No internet service,No internet service,Yes,Yes,Yes,No,Month-to-month,No,Credit card (automatic),44.21,2570.92,Yes
C-80fc4bfd,Female,0,No,No,3,Yes,Yes,DSL,No,No internet service,No,No,No,No,Month-to-month,No,Credit card (automatic),23.42,85.44,Yes
C-4a2f1fc8,Male,0,No,No,12,Yes,Yes,DSL,No,No,No,No,Yes,Yes,Month-to-month,No,Bank transfer (automatic),35.62,401.69,Yes
C-5b284a49,Female,0,Yes,No,59,No,No phone service,Fiber optic,Yes,No,Yes,No,No,Yes,One year,No,Credit card (automatic),63.18,3704.88,No
C-cd6e3637,Male,0,No,No,39,Yes,No phone service,DSL,No,Yes,Yes,Yes,Yes,No,One year,Yes,Credit card (automatic),50.65,1981.46,No
C-83f0789a,Female,0,No,No,55,Yes,No phone service,Fiber optic,Yes,No internet service,No,Yes,Yes,No internet service,Month-to-month,Yes,Credit card (automatic),57.09,3141.4,Yes
C-08646aa7,Female,1,Yes,No,4,Yes,Yes,Fiber optic,Yes,Yes,No,Yes,No,No,Month-to-month,Yes,Mailed check,57.12,240.16,Yes
C-90f76e8d,Female,0,No,Yes,64,Yes,No,DSL,No,No internet service,No,No,No,No,One year,Yes,Mailed check,24.78,1574.15,No
C-7679066a,Male,0,Yes,No,4,Yes,No,Fiber optic,No,Yes,No,No,No,Yes,One year,Yes,Mailed check,55.1,229.12,Yes
C-079b00de,Male,0,Yes,No,45,Yes,No,Fiber optic,No,No internet service,No,No,No,Yes,Two year,Yes,Bank transfer (automatic),44.32,2012.13,No
C-cdf7cf93,Male,0,No,No,17,Yes,Yes,No,No internet service,No internet service,No internet service,No internet service,No internet service,No internet service,Month-to-month,Yes,Mailed check,19.22,331.39,No
C-e383844f,Female,1,Yes,No,63,Yes,Yes,Fiber optic,No,Yes,Yes,No internet service,Yes,No,One year,Yes,Mailed check,58.76,3725.91,Yes
C-5dcc915b,Female,0,Yes,No,64,Yes,No phone service,Fiber optic,Yes,Yes,No,Yes,Yes,No,Month-to-month,No,Electronic check,61.44,3950.8,No
C-9a9e99c5,Female,0,No,Yes,39,Yes,Yes,DSL,Yes,Yes,No,No,No internet service,No,One year,No,Electronic check,32.58,1268.51,No
C-f1469f62,Female,0,Yes,No,32,Yes,No phone service,Fiber optic,Yes,No,No,No,Yes,No,One year,No,Electronic check,52.65,1658.98,No
C-21fa1561,Female,1,Yes,No,59,No,No phone service,No,No internet service,No internet service,No internet service,No internet service,No internet service,No internet service,Month-to-month,Yes,Electronic check,19.0,1113.85,No
C-0fb48899,Male,1,Yes,No,25,Yes,No,No,No internet service,No internet service,No internet service,No internet service,No internet service,No internet service,Month-to-month,No,Electronic check,20.28,502.42,Yes
C-a106a677,Female,0,No,No,30,Yes,No,DSL,Yes,No internet service,Yes,No,No,No,One year,Yes,Bank transfer (automatic),36.42,1084.13,No
C-99e78bd8,Male,0,Yes,Yes,28,Yes,No,DSL,No,No,Yes,Yes,No,Yes,Month-to-month,Yes,Bank transfer (automatic),36.61,1005.36,No
C-fde029a0,Female,0,Yes,Yes,42,No,No phone service,DSL,Yes,No,No,No,Yes,No,One year,Yes,Credit card (automatic),44.81,1842.99,No
C-61fed17b,Male,0,Yes,Yes,11,Yes,Yes,No,No internet service,No internet service,No internet service,No internet service,No internet service,No internet service,Month-to-month,Yes,Electronic check,19.72,209.86,No
C-e8951abb,Male,0,Yes,No,36,Yes,Yes,DSL,Yes,Yes,Yes,No,No,No,Month-to-month,Yes,Mailed check,41.75,1493.28,Yes
C-7c4da390,Female,1,Yes,No,54,Yes,No,Fiber optic,Yes,No,No,No,Yes,Yes,Month-to-month,Yes,Credit card (automatic),61.87,3343.71,No
C-d760bef4,Female,0,Yes,No,59,Yes,No,Fiber optic,No,Yes,No,Yes,Yes,Yes,Month-to-month,Yes,Bank transfer (automatic),61.3,3603.94,Yes
C-f90d1095,Female,0,Yes,No,44,Yes,No,No,No internet service,No internet service,No internet service,No internet service,No internet service,No internet service,Month-to-month,Yes,Bank transfer (automatic),18.0,800.0,No
C-039035c7,Female,0,No,No,69,Yes,Yes,No,No internet service,No internet service,No internet service,No internet service,No internet service,No internet service,One year,Yes,Electronic check,18.0,1244.94,No
C-4ce589f7,Male,0,Yes,No,12,Yes,No,DSL,Yes,No,Yes,Yes,No internet service,Yes,Month-to-month,Yes,Electronic check,42.29,518.52,No
C-42f420eb,Male,1,Yes,No,10,Yes,No,DSL,No,No,No,No,Yes,No,Two year,No,Bank transfer (automatic),32.42,306.66,No
C-72b5297c,Male,0,No,Yes,53,No,No phone service,No,No internet service,No internet service,No internet service,No internet service,No internet service,No internet service,Month-to-month,No,Electronic check,18.0,951.55,No
C-1d555d8a,Female,1,No,Yes,21,Yes,No,Fiber optic,Yes,No,No,Yes,Yes,No internet service,Month-to-month,No,Electronic check,54.89,1161.63,Yes
C-c76db446,Male,0,No,No,9,Yes,No phone service,Fiber optic,No,No,No,No,Yes,No,Two year,No,Mailed check,43.49,394.54,No
C-fad82a28,Female,0,No,No,58,Yes,No phone service,No,No internet service,No internet service,No internet service,No internet service,No internet service,No internet service,Month-to-month,No,Bank transfer (automatic),22.72,1266.95,Yes
C-4c36d405,Male,0,No,Yes,3,Yes,No,Fiber optic,No internet service,Yes,No,No,Yes,No,Month-to-month,No,Bank transfer (automatic),51.62,181.35,Yes
C-77e2f7e5,Female,0,Yes,No,9,Yes,No,No,No internet service,No internet service,No internet service,No internet service,No internet service,No internet service,Two year,No,Electronic check,18.0,191.78,No
C-cbc3833d,Female,0,No,Yes,62,Yes,No,DSL,Yes,No,No internet service,Yes,No,Yes,Month-to-month,No,Credit card (automatic),41.22,2541.89,No
C-6371d760,Female,1,No,Yes,71,Yes,Yes,No,No internet service,No internet service,No internet service,No internet service,No internet service,No internet service,Two year,No,Bank transfer (automatic),18.0,1299.37,Yes
C-6be37666,Female,0,Yes,No,9,Yes,Yes,DSL,Yes,No,No,Yes,No internet service,No internet service,Month-to-month,Yes,Mailed check,40.32,316.2,No
C-4b7554d4,Female,0,Yes,No,71,Yes,Yes,DSL,Yes,No,Yes,Yes,Yes,No,Month-to-month,Yes,Credit card (automatic),46.99,3301.04,No
C-6b012563,Male,0,Yes,No,25,Yes,No,DSL,No,Yes,No,No internet service,No,Yes,Two year,No,Mailed check,37.91,987.17,No
C-29148177,Male,0,Yes,Yes,22,Yes,No phone service,Fiber optic,No,No,Yes,No,No,Yes,Two year,Yes,Mailed check,49.33,1074.72,No
C-1582db80,Female,0,No,No,49,Yes,No,Fiber optic,No,Yes,Yes,Yes,Yes,No,Month-to-month,No,Bank transfer (automatic),59.18,2914.6,Yes
C-b272c72e,Female,0,No,No,3,Yes,No phone service,Fiber optic,No,Yes,No,Yes,No,Yes,Month-to-month,Yes,Electronic check,54.5,165.24,Yes
C-45ba96f1,Male,0,Yes,No,55,No,No phone service,Fiber optic,No,Yes,No internet service,No,No,Yes,Month-to-month,Yes,Mailed check,55.56,3050.88,No
C-7b32d95b,Male,0,Yes,Yes,54,No,No phone service,DSL,No,Yes,No,No internet service,No,Yes,Two year,Yes,Bank transfer (automatic),39.06,2095.59,No
C-29411822,Female,0,Yes,No,21,Yes,Yes,No,No internet service,No internet service,No internet service,No internet service,No internet service,No internet service,Month-to-month,Yes,Credit card (automatic),18.94,424.84,No
C-0c23745c,Male,0,No,Yes,46,Yes,No phone service,DSL,No,Yes,No,No internet service,Yes,No,One year,No,Mailed check,34.81,1618.68,No
C-6f2ab529,Female,0,No,No,1,Yes,No phone service,Fiber optic,No,No,No,No,Yes,Yes,Month-to-month,Yes,Bank transfer (automatic),50.31,94.4,Yes
C-eb4cdb6c,Female,0,Yes,No,46,Yes,Yes,Fiber optic,No,No internet service,No,Yes,Yes,Yes,Month-to-month,Yes,Mailed check,58.1,2721.53,Yes
C-d60648b5,Male,0,No,Yes,0,Yes,No phone service,No,No internet service,No internet service,No internet service,No internet service,No internet service,No internet service,Two year,Yes,Mailed check,18.0,11.52,No
C-f9e99923,Female,1,No,No,6,Yes,No,Fiber optic,No,Yes,No,No,No,Yes,Month-to-month,Yes,Credit card (automatic),49.94,300.12,Yes
C-b517555b,Male,0,Yes,No,25,Yes,No,No,No internet service,No internet service,No internet service,No internet service,No internet service,No internet service,Month-to-month,Yes,Electronic check,18.41,485.6,No
C-3073e9ce,Male,0,No,No,43,Yes,Yes,Fiber optic,Yes,No,Yes,No,Yes,No,Two year,No,Mailed check,61.96,2648.26,No
C-a9e9bef5,Male,0,Yes,No,57,Yes,No phone service,Fiber optic,No,No internet service,No,No internet service,Yes,Yes,Month-to-month,Yes,Mailed check,55.42,3168.49,No
C-175722f3,Male,1,Yes,No,57,Yes,Yes,DSL,No internet service,Yes,No,Yes,No internet service,Yes,Month-to-month,Yes,Electronic check,38.83,2205.6,Yes
C-1e72bfed,Female,0,Yes,No,26,Yes,No,Fiber optic,No internet service,Yes,No,Yes,Yes,No,Month-to-month,Yes,Bank transfer (automatic),57.97,1526.27,Yes
C-6e7516b3,Female,0,Yes,No,72,Yes,No,Fiber optic,Yes,No,No,No,Yes,Yes,One year,No,Mailed check,56.86,4053.53,No
C-3ee90d3c,Female,0,No,Yes,31,Yes,Yes,Fiber optic,No,No,No,No internet service,No internet service,Yes,Month-to-month,Yes,Bank transfer (automatic),46.95,1411.15,No
C-19216f73,Female,0,No,Yes,56,Yes,No phone service,DSL,No,Yes,No,Yes,Yes,No,Two year,No,Bank transfer (automatic),40.72,2253.12,No
C-9cec243b,Female,0,Yes,Yes,42,Yes,Yes,Fiber optic,Yes,Yes,No,Yes,No,No,One year,Yes,Mailed check,58.46,2434.23,No
C-810751b7,Male,0,No,No,69,Yes,No,Fiber optic,Yes,No,Yes,Yes,No,No,Two year,No,Bank transfer (automatic),53.92,3762.84,No
C-21c1672d,Male,0,No,No,44,Yes,No phone service,No,No internet service,No internet service,No internet service,No internet service,No internet service,No internet service,Month-to-month,No,Electronic check,19.54,834.75,Yes
C-3f127475,Male,0,Yes,No,20,Yes,No,Fiber optic,No,No,No,No,No internet service,No,Month-to-month,Yes,Credit card (automatic),36.5,692.42,Yes
C-e6d47150,Male,1,No,No,40,Yes,No,Fiber optic,No,No,Yes,No,No,No,Month-to-month,Yes,Electronic check,42.95,1710.39,Yes
C-099648df,Male,0,Yes,Yes,56,Yes,No,DSL,No,No,No,No,Yes,No,Month-to-month,Yes,Credit card (automatic),28.19,1573.19,No
C-ba1680db,Female,0,No,No,4,Yes,No,DSL,Yes,No,No,No,No,No,Two year,Yes,Bank transfer (automatic),27.77,118.07,No
C-06bfd4af,Female,0,Yes,Yes,34,Yes,Yes,Fiber optic,Yes,No,No,No,No,No,Month-to-month,Yes,Electronic check,46.23,1556.19,No
C-81d0d974,Female,1,Yes,No,22,Yes,Yes,Fiber optic,No internet service,Yes,No,Yes,Yes,No,Two year,Yes,Electronic check,55.4,1162.59,No
C-bf2423cd,Male,1,Yes,No,56,Yes,No phone service,No,No internet service,No internet service,No internet service,No internet service,No internet service,No internet service,Month-to-month,No,Electronic check,22.58,1270.08,No
C-0e649027,Male,0,No,No,35,No,No phone service,Fiber optic,No,No,No,Yes,Yes,Yes,Two year,Yes,Credit card (automatic),54.54,1868.33,Yes
C-ef0c4b16,Female,1,No,No,40,Yes,No,Fiber optic,Yes,No,Yes,No,No,No,Two year,No,Mailed check,48.06,1920.91,No
C-7a1485b3,Female,0,No,No,24,Yes,Yes,DSL,No,No,Yes,Yes,Yes,Yes,Month-to-month,Yes,Mailed check,45.32,1053.91,No
C-88fe1d69,Male,0,Yes,Yes,35,Yes,Yes,No,No internet service,No internet service,No internet service,No internet service,No internet service,No internet service,Two year,No,Bank transfer (automatic),18.0,599.1,No
C-45a7d9af,Female,0,Yes,No,23,Yes,No,Fiber optic,No,No,No,No,No,Yes,One year,No,Mailed check,40.41,923.62,No
C-1ea09143,Male,1,Yes,No,11,Yes,Yes,Fiber optic,No internet service,No,Yes,No,Yes,Yes,Month-to-month,No,Bank transfer (automatic),60.57,668.03,Yes
C-dc6ca1f0,Male,0,No,No,21,Yes,No phone service,DSL,Yes,No,No,No,No,Yes,One year,Yes,Electronic check,30.65,659.32,No
C-d9aa85f7,Female,0,No,Yes,40,Yes,Yes,DSL,Yes,Yes,No,No,No internet service,Yes,Month-to-month,No,Electronic check,43.27,1748.95,No
C-96f2ccf9,Female,0,Yes,Yes,46,Yes,No phone service,Fiber optic,Yes,No,No internet service,No,Yes,Yes,One year,No,Credit card (automatic),62.82,2867.23,No
C-e7a8f924,Male,0,Yes,No,25,Yes,No phone service,No,No internet service,No internet service,No internet service,No internet service,No internet service,No internet service,Month-to-month,Yes,Credit card (automatic),25.02,632.28,No
C-1c03a609,Female,0,No,No,25,Yes,Yes,Fiber optic,Yes,No,Yes,No,No,No internet service,Month-to-month,No,Electronic check,55.34,1381.89,No
C-a85838c2,Male,1,Yes,No,3,Yes,Yes,No,No internet service,No internet service,No internet service,No internet service,No internet service,No internet service,Month-to-month,No,Bank transfer (automatic),26.11,101.66,No
C-a3502f39,Female,0,No,No,72,Yes,No,Fiber optic,No,No,No internet service,Yes,No,No,Month-to-month,Yes,Bank transfer (automatic),38.61,2742.81,No
C-9f10bd2f,Male,0,No,No,33,Yes,No phone service,DSL,Yes,No,Yes,Yes,No,No,Month-to-month,Yes,Mailed check,51.96,1744.96,No
C-8005932c,Female,0,No,No,36,Yes,No,Fiber optic,No,No,Yes,No,No,No,Month-to-month,No,Credit card (automatic),44.1,1560.68,Yes
C-eaf6d71b,Male,0,No,No,47,Yes,No,DSL,No,Yes,Yes,No internet service,Yes,No,Month-to-month,Yes,Mailed check,38.66,1818.29,No
C-abf68908,Female,0,Yes,No,43,Yes,Yes,DSL,No,No,Yes,Yes,No,Yes,Month-to-month,Yes,Credit card (automatic),40.64,1734.83,Yes
C-fa9a9db0,Male,0,Yes,No,1,Yes,No phone service,DSL,No,Yes,No,No,No,Yes,Two year,Yes,Mailed check,31.64,0.0,No
C-55a947a0,Male,0,Yes,No,69,Yes,No,DSL,No,No,No,Yes,No,No,Month-to-month,Yes,Bank transfer (automatic),28.74,1984.91,No
C-9b72c425,Male,0,Yes,No,42,Yes,Yes,DSL,No,No,No,No,No,Yes,One year,Yes,Electronic check,31.28,1306.53,Yes
C-8e75b40f,Male,0,No,Yes,63,Yes,No,DSL,No,No,No,No,No,No internet service,One year,Yes,Electronic check,25.16,1598.4,No
C-0331c271,Female,0,Yes,No,12,No,No phone service,Fiber optic,No,No internet service,No,No,No,No,Month-to-month,Yes,Electronic check,40.99,515.11,Yes
C-7c5fdd80,Male,0,No,No,49,Yes,Yes,Fiber optic,Yes,No,Yes,No,No,No internet service,Two year,No,Bank transfer (automatic),53.05,2593.77,No
C-7f70a8ef,Male,1,Yes,No,51,No,No phone service,Fiber optic,Yes,No,No,No,No,No,One year,Yes,Electronic check,48.02,2456.38,No
C-8e40766c,Female,0,Yes,No,48,Yes,Yes,DSL,No internet service,No,No,No,No,No,Month-to-month,Yes,Electronic check,21.12,1044.51,Yes
C-eaf82a04,Female,0,No,Yes,15,No,No phone service,No,No internet service,No internet service,No internet service,No internet service,No internet service,No internet service,One year,No,Credit card (automatic),23.32,337.47,No
C-7f487914,Female,0,Yes,Yes,6,Yes,No,Fiber optic,No,No,No,No internet service,Yes,Yes,Month-to-month,Yes,Electronic check,52.49,341.82,Yes
C-d0bce1b1,Male,1,Yes,No,22,Yes,Yes,DSL,Yes,No internet service,No internet service,Yes,No,Yes,Two year,Yes,Bank transfer (automatic),44.61,938.15,No
C-896f4fe1,Female,0,No,No,36,Yes,No phone service,DSL,Yes,No,No,Yes,No,Yes,One year,Yes,Bank transfer (automatic),39.77,1492.55,No
C-4435ca1a,Male,0,Yes,No,65,Yes,No phone service,No,No internet service,No internet service,No internet service,No internet service,No internet service,No internet service,Two year,Yes,Electronic check,18.83,1240.75,No
C-d17835f8,Male,0,No,No,31,Yes,Yes,DSL,No internet service,No,No internet service,No,Yes,No,One year,Yes,Mailed check,30.2,923.52,No
C-f675fda1,Male,0,No,No,6,Yes,No,Fiber optic,No,No,No internet service,No,No,Yes,Two year,Yes,Credit card (automatic),47.74,276.06,No
C-9be02d41,Male,0,Yes,No,51,Yes,Yes,Fiber optic,No,No,No,No,Yes,Yes,Two year,Yes,Credit card (automatic),48.44,2479.73,No
C-aef6cb21,Female,0,Yes,No,21,Yes,Yes,No,No internet service,No internet service,No internet service,No internet service,No internet service,No internet service,Month-to-month,Yes,Electronic check,20.21,441.44,Yes
C-5c13db8b,Male,0,Yes,No,10,Yes,Yes,DSL,Yes,No,No,No,No,Yes,One year,No,Electronic check,37.74,387.42,No
C-fa3a8823,Male,1,No,No,53,No,No phone service,Fiber optic,Yes,No,Yes,No,No,No,One year,Yes,Mailed check,49.91,2659.83,No
C-df134d95,Male,0,No,No,8,Yes,No,No,No internet service,No internet service,No internet service,No internet service,No internet service,No internet service,Month-to-month,No,Electronic check,19.81,136.17,Yes
C-76567eee,Male,0,No,No,34,Yes,No,Fiber optic,No,No,No,No,No internet service,Yes,Month-to-month,Yes,Bank transfer (automatic),44.13,1479.94,Yes
C-6734bab4,Female,0,Yes,No,30,Yes,Yes,Fiber optic,No,Yes,No,No,No,No,Two year,Yes,Electronic check,52.28,1600.49,Yes
C-df297015,Female,0,Yes,No,60,Yes,Yes,DSL,No,No,No,Yes,No,Yes,Month-to-month,Yes,Electronic check,34.71,2099.35,Yes
C-2dc3b2eb,Female,0,Yes,No,23,Yes,No,No,No internet service,No internet service,No internet service,No internet service,No internet service,No internet service,One year,Yes,Bank transfer (automatic),18.0,412.51,No
C-973a32bf,Male,0,Yes,No,5,Yes,No phone service,No,No internet service,No internet service,No internet service,No internet service,No internet service,No internet service,Two year,Yes,Electronic check,21.44,106.93,No
C-0375c22f,Male,0,No,Yes,50,Yes,Yes,Fiber optic,No,Yes,Yes,No,Yes,Yes,One year,Yes,Mailed check,62.51,3111.74,No
C-e91e8e17,Female,0,Yes,No,16,Yes,No,No,No internet service,No internet service,No internet service,No internet service,No internet service,No internet service,One year,No,Mailed check,18.88,262.45,No
C-b01f2063,Female,0,Yes,No,19,Yes,No,DSL,No,No,No,No,No,Yes,One year,Yes,Bank transfer (automatic),29.4,573.79,No
C-6e27b94f,Female,0,No,Yes,72,Yes,Yes,No,No internet service,No internet service,No internet service,No internet service,No internet service,No internet service,Month-to-month,No,Electronic check,22.69,1643.55,No
C-a7291c1c,Female,0,No,No,12,Yes,Yes,DSL,No,No,Yes,No,No,No,Two year,Yes,Credit card (automatic),24.26,277.73,No
C-3c80d9a7,Male,0,No,No,36,Yes,Yes,Fiber optic,No,No,Yes,No internet service,No,No,Two year,No,Electronic check,38.12,1395.67,No
C-2da4f486,Male,0,Yes,No,53,Yes,Yes,DSL,Yes,No,Yes,No,No,No,Two year,No,Credit card (automatic),34.39,1811.46,No
C-6837d219,Male,0,Yes,No,31,Yes,No,No,No internet service,No internet service,No internet service,No internet service,No internet service,No internet service,Month-to-month,No,Bank transfer (automatic),18.0,562.17,No
C-1ff5cf77,Male,0,No,No,43,No,No phone service,Fiber optic,No,Yes,Yes,No,Yes,No,Two year,No,Credit card (automatic),57.98,2520.83,No
C-811fff63,Male,0,No,No,1,No,No phone service,Fiber optic,No,No,No,Yes,No,Yes,Month-to-month,Yes,Mailed check,48.68,40.18,Yes
C-4c034d0a,Female,0,Yes,No,30,Yes,No phone service,No,No internet service,No internet service,No internet service,No internet service,No internet service,No internet service,Two year,No,Electronic check,20.26,602.94,Yes
C-a1752d18,Male,0,Yes,No,6,Yes,Yes,Fiber optic,No,No,No,No internet service,Yes,No,Two year,Yes,Credit card (automatic),48.89,318.62,No
C-b6cced6b,Female,0,Yes,Yes,4,Yes,No phone service,Fiber optic,Yes,No,No,Yes,Yes,No,Month-to-month,Yes,Mailed check,56.84,226.82,Yes
C-731f5b85,Female,0,No,No,27,Yes,Yes,Fiber optic,Yes,Yes,No,Yes,Yes,No,Two year,Yes,Mailed check,57.52,1559.77,No
C-93b397f4,Male,0,Yes,No,72,Yes,Yes,DSL,No,No,No,No,No internet service,No,Month-to-month,No,Electronic check,20.15,1491.92,No
C-e3b773a2,Male,0,No,Yes,51,Yes,Yes,DSL,No,No,No,No internet service,Yes,Yes,Month-to-month,No,Electronic check,38.39,1979.31,Yes
C-1be75280,Female,0,Yes,No,40,Yes,No phone service,Fiber optic,No,Yes,No,Yes,No,Yes,Month-to-month,No,Mailed check,56.4,2282.72,No
C-b2c331ad,Female,1,Yes,No,17,Yes,No phone service,DSL,Yes,No,Yes,Yes,No,No internet service,Month-to-month,Yes,Mailed check,33.59,564.5,No
C-360da371,Male,0,Yes,No,22,Yes,Yes,No,No internet service,No internet service,No internet service,No internet service,No internet service,No internet service,Month-to-month,Yes,Credit card (automatic),19.51,447.58,No
C-2f5bc1ce,Male,0,Yes,No,0,No,No phone service,Fiber optic,Yes,No,No internet service,No,No,Yes,One year,Yes,Electronic check,55.13,19.19,Yes
C-d128eb82,Male,1,No,No,18,Yes,Yes,No,No internet service,No internet service,No internet service,No internet service,No internet service,No internet service,Month-to-month,Yes,Bank transfer (automatic),20.47,354.52,Yes
C-eb428cdf,Male,0,Yes,No,71,Yes,No,No,No internet service,No internet service,No internet service,No internet service,No internet service,No internet service,Month-to-month,Yes,Electronic check,19.62,1426.43,No
C-af203a28,Female,0,Yes,Yes,47,Yes,No,DSL,No,No,Yes,Yes,No,No,Month-to-month,No,Bank transfer (automatic),38.08,1783.96,Yes
C-8857dabc,Male,0,Yes,Yes,45,Yes,No,Fiber optic,No,Yes,No,No,No,Yes,Month-to-month,Yes,Mailed check,50.86,2276.38,Yes
C-59c53e52,Female,0,No,Yes,61,Yes,No,No,No internet service,No internet service,No internet service,No internet service,No internet service,No internet service,Month-to-month,Yes,Mailed check,23.54,1445.28,No
C-8c771188,Male,0,Yes,No,9,Yes,No phone service,No,No internet service,No internet service,No internet service,No internet service,No internet service,No internet service,Month-to-month,No,Credit card (automatic),21.48,197.98,Yes
C-f4c314cd,Male,0,No,No,33,No,No phone service,Fiber optic,No internet service,No,Yes,No,Yes,No,Month-to-month,No,Mailed check,51.55,1697.31,Yes
C-6b50dd9e,Male,0,Yes,No,16,Yes,Yes,Fiber optic,Yes,Yes,No,No,No internet service,Yes,Two year,No,Electronic check,57.14,939.54,No
C-62b6afbd,Female,0,No,Yes,24,Yes,Yes,No,No internet service,No internet service,No internet service,No internet service,No internet service,No internet service,Two year,Yes,Electronic check,18.0,397.8,No
C-ae347af6,Male,0,No,No,43,Yes,Yes,Fiber optic,No internet service,No,No,Yes,No,No internet service,Month-to-month,Yes,Electronic check,47.79,2019.3,Yes
C-e93aad6a,Male,1,No,Yes,0,Yes,No phone service,Fiber optic,Yes,Yes,No,No internet service,No,No,Two year,No,Credit card (automatic),51.37,17.09,No
C-2bdd6d53,Female,0,No,No,42,Yes,Yes,No,No internet service,No internet service,No internet service,No internet service,No internet service,No internet service,Month-to-month,No,Electronic check,21.24,869.09,No
C-92b922ea,Female,1,Yes,No,31,Yes,Yes,DSL,No,No,No,Yes,No,Yes,Month-to-month,No,Credit card (automatic),37.6,1158.91,Yes
C-389bc2c0,Female,0,No,Yes,35,Yes,Yes,DSL,No,No,Yes,Yes,No,No internet service,One year,Yes,Bank transfer (automatic),31.8,1145.66,No
C-2f6c0500,Male,0,No,No,19,Yes,No phone service,Fiber optic,No,No,No,Yes,No internet service,Yes,Month-to-month,Yes,Mailed check,45.37,871.19,Yes
C-33fa4a4b,Female,0,Yes,No,64,Yes,No,DSL,No,No internet service,No,No,No internet service,Yes,Month-to-month,Yes,Bank transfer (automatic),31.45,1998.0,No
C-3a41d409,Female,0,No,No,5,Yes,Yes,No,No internet service,No internet service,No internet service,No internet service,No internet service,No internet service,One year,Yes,Mailed check,22.73,110.75,Yes
C-7a6ac916,Male,0,No,No,16,Yes,No phone service,No,No internet service,No internet service,No internet service,No internet service,No internet service,No internet service,Month-to-month,Yes,Bank transfer (automatic),20.01,329.87,No
C-5cf2661d,Female,1,No,Yes,61,Yes,No,No,No internet service,No internet service,No internet service,No internet service,No internet service,No internet service,Month-to-month,Yes,Credit card (automatic),24.02,1477.85,No
C-296a4fc0,Female,0,Yes,Yes,9,Yes,No,Fiber optic,Yes,No internet service,Yes,Yes,Yes,Yes,Month-to-month,No,Electronic check,62.5,535.95,Yes
C-d79ba93b,Female,0,No,No,54,Yes,No,DSL,No,No,No,No,No,No,Two year,No,Mailed check,26.64,1445.43,No
C-2e347630,Female,0,Yes,No,48,Yes,Yes,Fiber optic,Yes,No internet service,Yes,Yes,Yes,Yes,Month-to-month,No,Bank transfer (automatic),72.15,3426.85,Yes
C-d2f70b3b,Female,0,No,Yes,32,Yes,No,No,No internet service,No internet service,No internet service,No internet service,No internet service,No internet service,One year,Yes,Mailed check,20.9,667.75,No
C-d81e9fcf,Female,0,Yes,No,30,Yes,No,No,No internet service,No internet service,No internet service,No internet service,No internet service,No internet service,Month-to-month,Yes,Mailed check,20.37,603.09,No
C-b3ca0f50,Female,0,Yes,No,57,Yes,Yes,No,No internet service,No internet service,No internet service,No internet service,No internet service,No internet service,One year,Yes,Bank transfer (automatic),22.66,1276.82,No
C-6f46c049,Female,0,No,Yes,18,Yes,Yes,DSL,Yes,No internet service,No internet service,Yes,No internet service,Yes,Month-to-month,Yes,Electronic check,43.62,800.51,Yes
C-6390f6be,Female,0,No,No,25,No,No phone service,DSL,Yes,No,No,No,No,Yes,Two year,Yes,Electronic check,38.83,978.96,No
C-f6a6a553,Female,0,No,No,30,Yes,Yes,No,No internet service,No internet service,No internet service,No internet service,No internet service,No internet service,Two year,Yes,Mailed check,19.38,563.25,No
C-1d11c322,Male,0,Yes,Yes,61,Yes,No,Fiber optic,No,Yes,Yes,No internet service,Yes,Yes,Two year,Yes,Mailed check,55.49,3345.64,No
C-b2c67776,Female,0,Yes,Yes,64,Yes,No,DSL,No internet service,No,No,No,No,Yes,Month-to-month,No,Credit card (automatic),32.7,2071.97,Yes
C-489bfd78,Female,0,No,No,11,Yes,No phone service,Fiber optic,No,Yes,Yes,No,Yes,Yes,Two year,Yes,Bank transfer (automatic),65.09,708.2,No
C-e89da1d2,Female,0,No,Yes,52,Yes,Yes,No,No internet service,No internet service,No internet service,No internet service,No internet service,No internet service,One year,Yes,Electronic check,18.0,912.52,No
C-d715aa8b,Female,0,Yes,No,45,Yes,No phone service,No,No internet service,No internet service,No internet service,No internet service,No internet service,No internet service,Month-to-month,No,Bank transfer (automatic),19.94,853.03,Yes
C-9b5fe36c,Male,0,Yes,No,31,Yes,No,No,No internet service,No internet service,No internet service,No internet service,No internet service,No internet service,Month-to-month,Yes,Credit card (automatic),19.02,572.96,Yes
C-b1b919c8,Male,0,Yes,No,67,Yes,No,DSL,No,No,No,No,No,Yes,One year,No,Credit card (automatic),37.01,2509.2,No
C-eea3e8b7,Male,0,No,No,28,No,No phone service,No,No internet service,No internet service,No internet service,No internet service,No internet service,No internet service,Month-to-month,No,Credit card (automatic),20.65,562.6,No
C-5a893a7b,Male,0,Yes,Yes,13,Yes,No,Fiber optic,Yes,Yes,No,No,Yes,Yes,Month-to-month,Yes,Mailed check,62.98,815.3,Yes
C-8e821bd9,Male,0,No,No,48,Yes,No,Fiber optic,No internet service,No,No internet service,Yes,No,No,Month-to-month,No,Credit card (automatic),42.13,2028.89,Yes
C-8a3cc612,Male,1,Yes,No,28,Yes,No,No,No internet service,No internet service,No internet service,No internet service,No internet service,No internet service,One year,Yes,Bank transfer (automatic),21.72,606.31,No
C-e91061f0,Male,0,Yes,No,66,No,No phone service,DSL,No,No,No,Yes,Yes,No,Month-to-month,Yes,Credit card (automatic),33.65,2208.93,No
C-1b62f2c7,Male,0,No,Yes,45,Yes,Yes,Fiber optic,No,Yes,No,Yes,No,No,Month-to-month,Yes,Bank transfer (automatic),54.11,2425.51,Yes
C-4b951ccd,Male,0,No,Yes,62,Yes,Yes,DSL,No,No,Yes,No,Yes,Yes,Month-to-month,No,Bank transfer (automatic),40.35,2528.34,No
C-cfda8305,Female,0,Yes,No,29,Yes,No,Fiber optic,No,No,No,No internet service,Yes,No,Month-to-month,Yes,Bank transfer (automatic),40.98,1188.42,No
C-f436a238,Female,0,No,No,5,Yes,Yes,Fiber optic,No,No,Yes,No,No,No,Two year,Yes,Credit card (automatic),43.36,192.75,Yes
C-60644653,Female,0,No,No,38,No,No phone service,No,No internet service,No internet service,No internet service,No internet service,No internet service,No internet service,Two year,No,Bank transfer (automatic),18.0,649.58,No
C-ae6871c7,Male,0,No,No,24,Yes,No,Fiber optic,Yes,No,No,Yes,Yes,No,Two year,No,Electronic check,56.13,1352.97,No
C-63eda2b4,Female,0,Yes,Yes,46,Yes,No,Fiber optic,No,Yes,No,No,Yes,No internet service,Month-to-month,Yes,Bank transfer (automatic),55.78,2530.91,Yes
C-e101367c,Female,0,No,Yes,39,Yes,No,DSL,No,Yes,Yes,Yes,No,No internet service,Month-to-month,No,Electronic check,40.57,1583.56,No
C-7ca4bec3,Female,0,Yes,No,54,Yes,Yes,Fiber optic,No,Yes,Yes,No,No,No,One year,Yes,Bank transfer (automatic),54.52,2936.47,No
C-e9ba3f88,Female,0,Yes,No,60,Yes,No phone service,Fiber optic,No,Yes,No,Yes,No,No,Two year,Yes,Bank transfer (automatic),51.16,3088.9,No
C-1d188a28,Female,0,No,No,16,Yes,Yes,No,No internet service,No internet service,No internet service,No internet service,No internet service,No internet service,Month-to-month,Yes,Credit card (automatic),18.45,256.31,Yes
C-52955e9d,Male,0,Yes,No,52,Yes,Yes,No,No internet service,No internet service,No internet service,No internet service,No internet service,No internet service,Month-to-month,Yes,Electronic check,18.05,959.57,No
C-a58092ea,Female,0,No,No,29,Yes,Yes,No,No internet service,No internet service,No internet service,No internet service,No internet service,No internet service,Month-to-month,No,Bank transfer (automatic),18.0,526.37,No
C-021cb525,Male,1,No,No,31,Yes,Yes,Fiber optic,No,No,Yes,No,Yes,Yes,Month-to-month,No,Electronic check,58.24,1809.78,Yes
C-5acb2bed,Female,1,No,No,58,Yes,No,DSL,No,No,No,No,No,No internet service,One year,Yes,Credit card (automatic),24.97,1479.99,No
C-4178f25a,Female,0,Yes,No,20,Yes,No,DSL,No,Yes,No,No,Yes,Yes,Month-to-month,No,Electronic check,46.97,949.01,Yes
C-de9ee9c0,Female,0,Yes,No,4,Yes,No,No,No internet service,No internet service,No internet service,No internet service,No internet service,No internet service,Two year,Yes,Bank transfer (automatic),19.73,80.18,No
C-c9b87542,Male,0,No,No,26,Yes,No,No,No internet service,No internet service,No internet service,No internet service,No internet service,No internet service,Month-to-month,No,Electronic check,20.25,513.41,Yes
C-09128a9d,Male,0,No,No,21,Yes,No,Fiber optic,No internet service,No,No,No,No,No,Two year,No,Electronic check,38.26,803.26,No
C-225afa75,Female,0,No,Yes,39,Yes,No phone service,DSL,Yes,No,No,No,No,Yes,One year,Yes,Electronic check,30.41,1220.1,No
C-6d29d095,Female,0,Yes,No,12,Yes,No,Fiber optic,No,No,No,No,No,No,Two year,No,Electronic check,44.36,540.64,No
C-640b5016,Female,1,No,No,36,Yes,No,Fiber optic,No,No,Yes,Yes,Yes,No,Month-to-month,Yes,Mailed check,54.5,1964.68,Yes
C-05866400,Male,0,No,No,31,Yes,No,Fiber optic,No,No,No,No internet service,No,No,One year,Yes,Electronic check,40.34,1257.26,No
C-1d8546d1,Male,1,Yes,No,35,Yes,No,DSL,No,No internet service,No,No,Yes,No internet service,Two year,Yes,Credit card (automatic),29.57,1053.53,Yes
C-33cf7742,Female,0,No,Yes,64,Yes,No,DSL,No,No internet service,No internet service,No,Yes,Yes,One year,No,Mailed check,35.85,2325.69,No
C-296f3868,Male,0,Yes,Yes,30,Yes,Yes,No,No internet service,No internet service,No internet service,No internet service,No internet service,No internet service,Month-to-month,No,Bank transfer (automatic),25.45,740.3,No
C-f071cd7d,Male,1,No,No,10,Yes,Yes,DSL,Yes,No,Yes,Yes,No,No,Month-to-month,Yes,Bank transfer (automatic),40.69,414.09,Yes
C-5bf6424c,Female,0,Yes,No,40,Yes,No,DSL,No,Yes,Yes,No,Yes,No,Month-to-month,No,Mailed check,39.85,1590.77,Yes
C-8b4ce405,Female,1,Yes,No,37,Yes,Yes,No,No internet service,No internet service,No internet service,No internet service,No internet service,No internet service,Month-to-month,Yes,Electronic check,18.0,717.31,Yes
C-1c313a67,Male,1,Yes,No,65,Yes,No,Fiber optic,Yes,No internet service,No,No internet service,No internet service,Yes,Month-to-month,Yes,Bank transfer (automatic),52.33,3396.95,Yes
C-2edca7c6,Male,0,No,Yes,54,Yes,No phone service,Fiber optic,Yes,No,No,Yes,No,No,Two year,Yes,Credit card (automatic),53.13,2856.33,No
C-598c9c00,Female,0,Yes,No,49,Yes,No,Fiber optic,No,No,No,No,No,Yes,One year,Yes,Electronic check,47.51,2340.93,No
C-174085ae,Male,0,Yes,No,54,Yes,No phone service,Fiber optic,No,Yes,No,No,No,No internet service,Month-to-month,Yes,Electronic check,47.14,2552.2,No
C-4d765c88,Male,0,Yes,No,51,No,No phone service,Fiber optic,Yes,No internet service,No,Yes,No,Yes,Month-to-month,No,Electronic check,54.53,2771.43,Yes
C-59fa582d,Male,0,No,No,54,No,No phone service,DSL,No,Yes,No,Yes,No,No,Two year,Yes,Bank transfer (automatic),33.14,1758.96,No
C-8cc906be,Female,0,Yes,No,42,Yes,No phone service,Fiber optic,No,Yes,No,No,Yes,Yes,Month-to-month,Yes,Mailed check,57.32,2425.08,No
C-9eb758dd,Female,0,Yes,No,63,Yes,Yes,DSL,No,Yes,No,Yes,Yes,No,Month-to-month,No,Bank transfer (automatic),40.32,2578.19,No
C-f8cc8e85,Male,0,No,Yes,21,Yes,No,DSL,No,No internet service,No,Yes,No,No,Month-to-month,No,Bank transfer (automatic),25.03,506.7,No
C-ea450995,Female,0,No,No,2,Yes,No phone service,Fiber optic,No internet service,No internet service,No,No,No internet service,No internet service,One year,No,Bank transfer (automatic),38.61,42.38,Yes
C-c71762d5,Male,0,No,No,27,Yes,Yes,Fiber optic,No,No,Yes,No,Yes,Yes,Two year,Yes,Bank transfer (automatic),53.57,1427.72,No
C-945c13e0,Female,1,No,No,28,Yes,No,DSL,No,Yes,No,Yes,No internet service,No,Month-to-month,No,Bank transfer (automatic),35.21,977.24,No
C-59364638,Male,0,No,No,67,No,No phone service,Fiber optic,No,No,Yes,No,No,Yes,One year,Yes,Credit card (automatic),49.74,3344.81,Yes
C-e9c3cc10,Male,0,No,No,33,Yes,No phone service,Fiber optic,No,Yes,No internet service,Yes,No,Yes,One year,Yes,Electronic check,56.3,1888.82,No
C-799b25b3,Female,0,No,No,0,Yes,No,Fiber optic,Yes,No,No internet service,No,Yes,Yes,Month-to-month,Yes,Bank transfer (automatic),53.9,0.0,No
C-903e5482,Male,0,Yes,No,72,Yes,No,No,No internet service,No internet service,No internet service,No internet service,No internet service,No internet service,Two year,Yes,Electronic check,18.0,1276.26,No
C-02ccb635,Female,1,Yes,Yes,47,Yes,No,No,No internet service,No internet service,No internet service,No internet service,No internet service,No internet service,Two year,No,Mailed check,19.21,886.72,No
C-b6b27ef9,Female,0,Yes,No,29,Yes,No phone service,No,No internet service,No internet service,No internet service,No internet service,No internet service,No internet service,One year,Yes,Electronic check,20.52,607.43,No
C-2873cecc,Male,0,No,Yes,30,Yes,No phone service,Fiber optic,No,No,No,No,No internet service,Yes,Two year,Yes,Bank transfer (automatic),46.06,1383.3,No
C-324109e8,Female,0,Yes,No,44,Yes,No phone service,DSL,No,No,Yes,No,Yes,No,Two year,No,Mailed check,39.39,1732.34,No
C-2bb72c24,Female,0,No,No,71,Yes,No,Fiber optic,No,No,Yes,Yes,No,Yes,Month-to-month,Yes,Bank transfer (automatic),52.42,3701.72,No
C-8e2a000c,Male,0,No,Yes,45,Yes,No phone service,Fiber optic,Yes,Yes,No,No,No,No,Month-to-month,No,Credit card (automatic),50.73,2253.7,Yes
C-294d883b,Male,1,Yes,No,5,Yes,No phone service,Fiber optic,No,Yes,No,Yes,No internet service,Yes,Month-to-month,No,Credit card (automatic),50.9,248.6,Yes
C-595b21c2,Male,1,Yes,Yes,57,Yes,Yes,Fiber optic,No,Yes,No,No internet service,No,Yes,Month-to-month,No,Credit card (automatic),56.23,3218.77,Yes
C-09f25122,Male,0,Yes,No,62,No,No phone service,No,No internet service,No internet service,No internet service,No internet service,No internet service,No internet service,Month-to-month,Yes,Electronic check,18.0,1090.29,No
C-b9cd52b6,Male,0,No,Yes,6,Yes,Yes,Fiber optic,No,No,Yes,No,No,Yes,One year,Yes,Mailed check,50.17,317.14,No
C-df7876ad,Female,0,Yes,No,26,Yes,Yes,DSL,No,No,No,Yes,No,Yes,Month-to-month,No,Credit card (automatic),32.69,827.46,Yes
C-fd141e7e,Female,0,No,No,9,Yes,No,DSL,No,No,No,No,Yes,Yes,Month-to-month,No,Electronic check,40.94,351.06,Yes
C-27a2c2e4,Male,0,Yes,No,42,Yes,No phone service,Fiber optic,No,Yes,Yes,No,No,Yes,Month-to-month,Yes,Mailed check,62.17,2597.42,Yes
C-11489a66,Female,1,Yes,No,50,Yes,No phone service,DSL,No,Yes,Yes,No,No,No internet service,One year,Yes,Mailed check,34.26,1719.0,No
C-d7fb5d8d,Male,1,Yes,No,56,Yes,No phone service,DSL,No,No,No,Yes,No internet service,No,One year,No,Bank transfer (automatic),32.16,1785.27,No
C-323c8247,Female,0,Yes,No,43,Yes,Yes,DSL,No,No,No internet service,No,No,No,Two year,Yes,Electronic check,22.06,986.89,No
C-0760b9db,Male,0,No,No,40,Yes,Yes,Fiber optic,No internet service,Yes,No,No,No,No,Month-to-month,No,Electronic check,48.96,1951.43,Yes
C-b1b23e5a,Female,0,Yes,No,6,Yes,No,DSL,No internet service,Yes,No internet service,No,Yes,No,Month-to-month,Yes,Electronic check,37.26,222.36,No
C-8b45bbb6,Female,0,Yes,No,35,Yes,No,Fiber optic,No,Yes,No,No internet service,No,Yes,Month-to-month,No,Bank transfer (automatic),45.69,1592.61,Yes
C-5b3fc9ef,Male,1,No,No,57,Yes,Yes,Fiber optic,No internet service,Yes,No,No internet service,No,No,Month-to-month,No,Electronic check,45.58,2638.43,No
C-4acb3b48,Female,0,Yes,No,22,Yes,No,Fiber optic,Yes,Yes,Yes,No,Yes,No,One year,Yes,Credit card (automatic),57.01,1246.22,Yes
C-2e40a384,Male,0,No,No,42,No,No phone service,DSL,No,No,Yes,Yes,Yes,No,Month-to-month,No,Bank transfer (automatic),44.56,1862.97,Yes
C-1b1d15f1,Female,0,Yes,No,5,Yes,Yes,Fiber optic,No,Yes,Yes,No,No,No,Month-to-month,No,Electronic check,54.61,267.76,Yes
C-2720de93,Female,0,Yes,No,14,Yes,Yes,No,No internet service,No internet service,No internet service,No internet service,No internet service,No internet service,Month-to-month,Yes,Electronic check,18.0,236.51,Yes
C-ffb99532,Male,1,No,Yes,69,Yes,No,No,No internet service,No internet service,No internet service,No internet service,No internet service,No internet service,Month-to-month,No,Mailed check,19.94,1378.26,No
C-f1818818,Male,0,Yes,No,63,Yes,Yes,DSL,No,No,No internet service,No,No,No,One year,No,Mailed check,24.88,1557.88,No
C-6bdf4338,Female,0,Yes,No,10,Yes,Yes,Fiber optic,No,Yes,No,No,Yes,Yes,Two year,No,Credit card (automatic),58.16,541.89,No
C-696924e7,Female,1,No,No,5,No,No phone service,No,No internet service,No internet service,No internet service,No internet service,No internet service,No internet service,Month-to-month,No,Credit card (automatic),19.65,94.95,Yes
C-9ca6fb02,Female,0,No,Yes,52,Yes,Yes,No,No internet service,No internet service,No internet service,No internet service,No internet service,No internet service,Month-to-month,Yes,Electronic check,25.77,1352.09,No
C-8e6b3c41,Male,1,No,No,31,Yes,No,DSL,Yes,No,No,No,No,No internet service,Month-to-month,Yes,Credit card (automatic),34.3,1061.85,No
C-17e98223,Female,0,Yes,No,20,Yes,No,Fiber optic,No,No,No,Yes,No,No,Month-to-month,No,Mailed check,49.47,1021.14,No
C-377429a9,Male,0,No,No,19,Yes,Yes,DSL,No,No,No,No,No,No,Month-to-month,No,Credit card (automatic),28.66,502.75,Yes
C-3acd9860,Female,1,Yes,No,51,Yes,No,Fiber optic,No,Yes,No,Yes,Yes,Yes,Month-to-month,Yes,Mailed check,63.93,3255.84,Yes
C-90e387db,Female,0,Yes,No,66,Yes,No phone service,DSL,No,No,No,No,Yes,Yes,Month-to-month,Yes,Credit card (automatic),39.85,2608.81,No
C-8e122922,Male,0,No,No,16,Yes,No,Fiber optic,No,Yes,No,No,Yes,No,Month-to-month,No,Mailed check,47.33,735.86,Yes
C-66660639,Male,0,Yes,No,21,Yes,No,DSL,No internet service,No,No,No,No,No,Month-to-month,Yes,Electronic check,27.98,585.41,No
C-a7ab7929,Female,0,No,No,71,Yes,Yes,Fiber optic,Yes,Yes,No,No,No,Yes,Two year,No,Credit card (automatic),55.76,3969.05,No
C-992ae664,Male,1,Yes,No,10,Yes,Yes,No,No internet service,No internet service,No internet service,No internet service,No internet service,No internet service,One year,No,Electronic check,25.25,265.84,No
C-3b922a8e,Male,0,No,No,15,Yes,Yes,Fiber optic,Yes,No,Yes,No,No,No,Month-to-month,Yes,Bank transfer (automatic),51.61,774.02,No
C-d0c4555a,Male,0,Yes,No,28,Yes,No,Fiber optic,No,No,No,No,No,Yes,Two year,No,Mailed check,40.91,1165.32,No
C-c824cc8c,Male,0,Yes,Yes,59,Yes,No,DSL,No,Yes,No,No,Yes,Yes,Two year,No,Credit card (automatic),43.16,2523.58,No
C-c8d81681,Female,0,No,Yes,11,No,No phone service,No,No internet service,No internet service,No internet service,No internet service,No internet service,No internet service,Month-to-month,Yes,Credit card (automatic),18.21,208.67,Yes
C-e95b6596,Male,0,Yes,No,32,Yes,No phone service,DSL,No,No,Yes,No,Yes,Yes,Two year,Yes,Bank transfer (automatic),42.3,1379.44,No
C-2a4873b8,Female,0,No,No,28,Yes,Yes,Fiber optic,Yes,No internet service,Yes,No,No,No,One year,Yes,Bank transfer (automatic),48.57,1334.33,No
C-7425895e,Female,1,Yes,No,36,Yes,No phone service,No,No internet service,No internet service,No internet service,No internet service,No internet service,No internet service,Month-to-month,No,Mailed check,18.0,653.84,Yes
C-c4eff1a2,Male,0,Yes,No,3,Yes,No phone service,Fiber optic,No,No,No,No internet service,No,Yes,Month-to-month,Yes,Electronic check,46.49,146.92,Yes
C-54f88902,Female,0,Yes,No,47,Yes,Yes,DSL,Yes,No,Yes,Yes,No,Yes,One year,No,Electronic check,47.58,2229.2,No
C-8612a938,Female,1,No,No,56,No,No phone service,Fiber optic,No internet service,Yes,No,Yes,No internet service,No,Two year,Yes,Credit card (automatic),53.56,2972.75,No
C-9e9c4308,Male,0,No,No,22,Yes,Yes,DSL,No,No,No,No,No,Yes,Month-to-month,Yes,Mailed check,28.7,616.94,Yes
C-d4a12615,Female,0,No,No,10,Yes,No,No,No internet service,No internet service,No internet service,No internet service,No internet service,No internet service,Month-to-month,No,Bank transfer (automatic),18.0,218.41,No
C-3b3e8bb3,Female,0,Yes,Yes,59,Yes,Yes,Fiber optic,No,No,Yes,No,Yes,No,Two year,Yes,Credit card (automatic),54.2,3164.64,No
C-ce87fc9e,Male,1,Yes,Yes,71,Yes,No,DSL,No,No,No,No,Yes,No,One year,No,Electronic check,28.99,2025.56,Yes
C-aa24dd9e,Female,0,No,No,48,Yes,No,Fiber optic,No internet service,Yes,Yes,No,No,No,Month-to-month,No,Electronic check,55.29,2673.47,No
C-71dac99c,Male,0,Yes,No,52,Yes,Yes,DSL,No,Yes,No,Yes,No,No internet service,Month-to-month,Yes,Credit card (automatic),34.41,1797.36,No
C-769ef401,Female,0,No,No,24,Yes,No,DSL,No,No internet service,Yes,No,No,Yes,Month-to-month,Yes,Electronic check,35.76,852.07,No
C-264a98b7,Female,0,Yes,No,34,Yes,No phone service,Fiber optic,No internet service,No,No,No,Yes,Yes,Month-to-month,Yes,Electronic check,50.52,1687.57,Yes
C-b7bbfe72,Male,0,Yes,Yes,32,No,No phone service,DSL,No,Yes,No,No,No internet service,No,One year,No,Mailed check,26.39,866.45,No
C-62c236b6,Female,0,Yes,No,50,Yes,Yes,DSL,Yes,No,Yes,No,No,No,Month-to-month,Yes,Mailed check,37.6,1903.97,No
C-858b5481,Female,1,Yes,No,48,Yes,Yes,Fiber optic,No,No,No,No,No,Yes,Month-to-month,No,Electronic check,48.78,2354.03,Yes
C-0d7d5ed2,Female,0,No,No,61,Yes,Yes,Fiber optic,No,Yes,No,No internet service,Yes,No internet service,One year,No,Electronic check,51.5,3145.81,Yes
C-35157c61,Male,0,Yes,No,60,Yes,No,DSL,No internet service,Yes,No,No,No,No,Month-to-month,Yes,Bank transfer (automatic),32.72,1951.6,No
C-8bed6df0,Female,1,Yes,No,38,Yes,No,DSL,Yes,Yes,Yes,Yes,No,Yes,Two year,No,Credit card (automatic),50.38,1940.99,No
C-a3757300,Male,0,No,Yes,56,Yes,Yes,No,No internet service,No internet service,No internet service,No internet service,No internet service,No internet service,Month-to-month,No,Mailed check,26.59,1436.53,No
C-ec1c36a6,Male,0,Yes,No,47,No,No phone service,Fiber optic,No internet service,No,No,No,No,No,Month-to-month,Yes,Bank transfer (automatic),38.04,1791.96,No
C-f120beed,Female,0,Yes,No,47,Yes,Yes,No,No internet service,No internet service,No internet service,No internet service,No internet service,No internet service,Month-to-month,No,Electronic check,20.05,955.14,No
C-73624085,Male,1,No,No,16,Yes,Yes,Fiber optic,No,No internet service,No internet service,No,Yes,No,Two year,Yes,Credit card (automatic),45.25,697.45,No
C-ceb8d0b1,Female,0,No,No,66,Yes,No,Fiber optic,Yes,No,No,No,No,Yes,Month-to-month,Yes,Bank transfer (automatic),51.28,3386.11,Yes
C-18a4a9e3,Male,1,No,No,46,Yes,No phone service,Fiber optic,Yes,No internet service,No,Yes,Yes,Yes,Two year,Yes,Electronic check,63.25,2919.77,No
C-eac6d3a7,Male,1,No,Yes,38,Yes,Yes,Fiber optic,No,No,No internet service,Yes,No internet service,No internet service,One year,Yes,Electronic check,44.89,1705.33,No
C-784720fb,Male,0,No,No,5,Yes,Yes,DSL,Yes,No,No,Yes,No internet service,No,Month-to-month,No,Mailed check,39.94,196.01,No
C-f9465263,Male,0,Yes,No,28,No,No phone service,Fiber optic,Yes,No,No,No,No,Yes,Month-to-month,No,Mailed check,46.83,1364.38,Yes
C-7ca04bb3,Male,0,No,Yes,24,Yes,No,No,No internet service,No internet service,No internet service,No internet service,No internet service,No internet service,Two year,Yes,Bank transfer (automatic),21.46,503.19,No
C-be062603,Female,0,Yes,No,38,Yes,Yes,Fiber optic,No,No,Yes,Yes,No,Yes,Month-to-month,Yes,Electronic check,51.41,1980.82,No
C-ad83b582,Female,0,Yes,No,10,Yes,No,No,No internet service,No internet service,No internet service,No internet service,No internet service,No internet service,Two year,No,Mailed check,24.33,241.69,No
C-d69b0ad3,Male,1,No,Yes,40,Yes,No,No,No internet service,No internet service,No internet service,No internet service,No internet service,No internet service,Month-to-month,Yes,Credit card (automatic),18.0,741.53,No
C-4c1a3613,Female,1,No,Yes,28,Yes,Yes,Fiber optic,No,No,No,No internet service,No,Yes,Month-to-month,Yes,Bank transfer (automatic),39.69,1106.48,Yes
C-a1d68dc3,Female,0,Yes,Yes,68,Yes,Yes,Fiber optic,Yes,No,No,No internet service,No,Yes,Month-to-month,Yes,Bank transfer (automatic),47.52,3234.4,Yes
C-1b28725f,Male,0,No,No,30,Yes,No,DSL,No,Yes,No internet service,No,Yes,Yes,Two year,No,Electronic check,38.82,1148.57,No
C-e1369bae,Male,0,Yes,Yes,3,Yes,No,DSL,No,No,Yes,No,Yes,No,Month-to-month,Yes,Credit card (automatic),36.8,141.88,No
C-54de54f6,Female,1,Yes,Yes,60,Yes,No,Fiber optic,No internet service,No,Yes,No,No,No,Two year,No,Credit card (automatic),47.52,2849.05,Yes
C-3453ddde,Male,1,Yes,No,28,Yes,No,Fiber optic,No,No,No,Yes,No,No,Two year,No,Electronic check,46.67,1314.15,No
C-a5bad29e,Male,0,No,Yes,44,No,No phone service,Fiber optic,No,No,No,No,No,No,Two year,Yes,Credit card (automatic),34.85,1527.92,No
C-2be74b3d,Male,0,No,No,10,Yes,Yes,No,No internet service,No internet service,No internet service,No internet service,No internet service,No internet service,Month-to-month,Yes,Electronic check,19.7,202.44,No
C-800088e5,Male,0,Yes,No,58,Yes,Yes,Fiber optic,No,Yes,Yes,Yes,No internet service,Yes,One year,Yes,Credit card (automatic),61.93,3589.97,Yes
C-c886172a,Female,0,No,No,55,Yes,Yes,No,No internet service,No internet service,No internet service,No internet service,No internet service,No internet service,Two year,Yes,Mailed check,18.0,952.36,No
C-b04160e0,Male,0,No,No,22,Yes,No,DSL,No,No,No,No,Yes,Yes,Month-to-month,No,Bank transfer (automatic),38.1,854.73,No
C-d6eb2b13,Female,0,Yes,No,7,Yes,Yes,DSL,Yes,No,Yes,No,No,No,One year,No,Electronic check,33.77,249.51,No
C-23b4c4ff,Female,0,Yes,Yes,10,Yes,Yes,Fiber optic,No,No,Yes,Yes,Yes,Yes,Month-to-month,Yes,Mailed check,61.13,631.89,Yes
C-7df735c1,Female,0,Yes,No,12,Yes,No,Fiber optic,No internet service,No internet service,No,No,Yes,No,Two year,Yes,Electronic check,44.86,559.72,No
C-a62b40a6,Female,1,Yes,No,67,Yes,No phone service,DSL,No,Yes,Yes,Yes,No,No,Month-to-month,Yes,Electronic check,40.17,2671.86,No
C-d9ab8865,Female,0,No,No,30,Yes,No,Fiber optic,No,Yes,No,Yes,Yes,No internet service,Two year,No,Electronic check,56.84,1708.84,No
C-36330599,Male,0,Yes,No,68,Yes,Yes,No,No internet service,No internet service,No internet service,No internet service,No internet service,No internet service,Month-to-month,No,Credit card (automatic),20.12,1379.09,No
C-8954ecd5,Female,0,No,No,31,Yes,Yes,Fiber optic,No,No,Yes,Yes,No,Yes,Month-to-month,Yes,Mailed check,52.73,1673.93,Yes
C-5e457d1c,Female,0,Yes,Yes,40,Yes,No phone service,Fiber optic,No,No internet service,Yes,No,No,No,Two year,Yes,Bank transfer (automatic),49.06,1993.46,No
C-8a91dbdd,Male,0,No,No,9,Yes,Yes,Fiber optic,No internet service,No,No,No,Yes,Yes,Month-to-month,Yes,Electronic check,54.85,472.47,Yes
C-4794facd,Male,1,Yes,No,34,Yes,No phone service,Fiber optic,No internet service,Yes,No,No,No,Yes,One year,Yes,Mailed check,53.01,1773.94,No
C-e8ad444e,Male,0,No,Yes,16,Yes,Yes,No,No internet service,No internet service,No internet service,No internet service,No internet service,No internet service,Two year,No,Bank transfer (automatic),20.03,326.72,No
C-9d539e88,Male,0,Yes,Yes,61,Yes,Yes,DSL,No,No,No,No,No internet service,No,Two year,Yes,Credit card (automatic),24.83,1534.22,No
C-04bae2a2,Female,0,No,No,59,No,No phone service,No,No internet service,No internet service,No internet service,No internet service,No internet service,No internet service,Two year,Yes,Mailed check,22.89,1331.97,No
C-85542691,Male,0,No,No,48,Yes,Yes,Fiber optic,No internet service,No internet service,No,No,No,No internet service,Month-to-month,Yes,Bank transfer (automatic),36.7,1751.18,Yes
C-21c0a01f,Female,0,No,No,46,Yes,No,DSL,No internet service,No,No,No,No,No,Two year,No,Electronic check,24.46,1090.98,No
C-39125cc1,Female,0,No,Yes,49,Yes,Yes,Fiber optic,No,Yes,No,Yes,Yes,Yes,One year,Yes,Electronic check,64.97,3204.43,No
C-7a8dcb20,Female,0,Yes,No,14,Yes,No,DSL,No,No,No,No internet service,No,Yes,One year,No,Credit card (automatic),34.63,452.66,No
C-8801f90c,Male,0,No,No,4,Yes,Yes,Fiber optic,No,Yes,No,No internet service,Yes,Yes,Two year,Yes,Electronic check,61.0,270.48,Yes
C-25741153,Male,0,No,No,39,Yes,No phone service,Fiber optic,No internet service,No,No,Yes,No internet service,Yes,One year,Yes,Electronic check,50.49,1965.3,Yes
C-551c644d,Male,1,Yes,Yes,34,No,No phone service,Fiber optic,No,Yes,Yes,No,Yes,Yes,Month-to-month,Yes,Bank transfer (automatic),61.48,2112.5,Yes
C-d7396baf,Female,0,No,No,36,Yes,No phone service,Fiber optic,No,Yes,No,Yes,Yes,Yes,Month-to-month,No,Mailed check,66.09,2369.64,No
C-b6fe82d9,Male,1,Yes,No,50,Yes,No phone service,Fiber optic,No,Yes,Yes,No,Yes,Yes,Month-to-month,Yes,Bank transfer (automatic),66.59,3325.41,No
C-e86d2784,Male,0,No,Yes,68,Yes,No,DSL,Yes,No internet service,No,Yes,Yes,Yes,Month-to-month,Yes,Mailed check,46.79,3150.06,No
C-83366b3f,Female,0,Yes,No,51,Yes,No,DSL,Yes,Yes,Yes,No,No,No,Month-to-month,No,Electronic check,40.8,2073.01,No
C-5e82251a,Male,0,Yes,No,26,Yes,No,Fiber optic,Yes,No internet service,Yes,No,Yes,No,One year,Yes,Electronic check,58.84,1533.67,No
C-5f0849b5,Male,0,No,No,72,Yes,No,Fiber optic,No,No,Yes,No,No,Yes,Two year,Yes,Mailed check,52.34,3742.51,No
C-e436425b,Male,0,No,No,29,Yes,No,DSL,Yes,No,Yes,Yes,No,No,Month-to-month,Yes,Electronic check,40.04,1146.52,No
C-fb006b80,Male,0,No,Yes,31,Yes,No phone service,Fiber optic,No internet service,No,No,No,No,No,Month-to-month,Yes,Electronic check,35.43,1071.13,Yes
C-bac2f832,Female,0,No,Yes,25,Yes,Yes,No,No internet service,No internet service,No internet service,No internet service,No internet service,No internet service,Two year,Yes,Mailed check,21.41,508.23,No
C-c867f70c,Male,0,Yes,No,40,Yes,No,Fiber optic,Yes,Yes,No,No,No,No,Month-to-month,No,Credit card (automatic),51.18,2057.75,No
C-f493fe42,Female,1,Yes,Yes,13,Yes,Yes,No,No internet service,No internet service,No internet service,No internet service,No internet service,No internet service,Month-to-month,No,Electronic check,20.46,274.2,Yes
C-c201c462,Female,0,Yes,Yes,16,Yes,Yes,No,No internet service,No internet service,No internet service,No internet service,No internet service,No internet service,Month-to-month,No,Electronic check,18.64,310.9,No
C-7063f388,Male,0,No,Yes,0,Yes,Yes,No,No internet service,No internet service,No internet service,No internet service,No internet service,No internet service,Two year,Yes,Bank transfer (automatic),23.59,2.5,No
C-a564ff5e,Female,0,Yes,Yes,35,Yes,No,Fiber optic,Yes,No,Yes,No,Yes,No,Month-to-month,Yes,Electronic check,54.77,1935.5,Yes
C-9688611d,Male,0,Yes,Yes,35,Yes,No,DSL,Yes,No internet service,No,No,No,Yes,Two year,No,Credit card (automatic),37.32,1337.03,No
C-3c5d5fcf,Female,1,No,No,23,Yes,Yes,No,No internet service,No internet service,No internet service,No internet service,No internet service,No internet service,Month-to-month,No,Bank transfer (automatic),18.0,415.23,No
C-6dbe680d,Male,0,Yes,No,26,Yes,No,No,No internet service,No internet service,No internet service,No internet service,No internet service,No internet service,Month-to-month,No,Electronic check,20.78,543.63,No
C-f8acc827,Female,0,No,Yes,11,Yes,No,Fiber optic,No,No,Yes,Yes,No,No internet service,Month-to-month,Yes,Credit card (automatic),47.87,520.97,Yes
C-514caa77,Female,0,No,No,58,Yes,Yes,Fiber optic,No,Yes,Yes,No,No,No,Month-to-month,Yes,Credit card (automatic),51.21,2974.66,Yes
C-ad0eb5c9,Female,0,No,Yes,11,Yes,No,DSL,No,Yes,Yes,No,No,Yes,Month-to-month,No,Electronic check,39.25,451.78,Yes
C-ffd99d4d,Female,0,Yes,No,35,Yes,No,DSL,No,Yes,No,No,Yes,Yes,Month-to-month,Yes,Bank transfer (automatic),35.62,1246.39,Yes
C-1d3850da,Female,1,Yes,No,27,Yes,Yes,Fiber optic,No,Yes,No,Yes,Yes,No,Two year,No,Credit card (automatic),48.97,1319.96,No
C-e7a35295,Male,0,Yes,Yes,67,Yes,Yes,Fiber optic,Yes,No internet service,Yes,Yes,No,No,Month-to-month,Yes,Credit card (automatic),54.54,3655.82,No
C-31775111,Male,0,No,No,38,Yes,No,DSL,No internet service,Yes,No internet service,No,Yes,Yes,Month-to-month,Yes,Electronic check,41.11,1583.4,No
C-8a1fb120,Male,0,No,No,56,Yes,No,Fiber optic,No,Yes,Yes,Yes,Yes,No,Month-to-month,Yes,Bank transfer (automatic),60.66,3397.07,No
C-cf0ff506,Male,0,No,Yes,44,Yes,Yes,DSL,No,No,Yes,Yes,No,No,One year,Yes,Mailed check,34.72,1531.74,No
C-bf4e2b37,Male,0,No,No,1,Yes,Yes,Fiber optic,Yes,No,Yes,No internet service,No,No,One year,Yes,Mailed check,50.98,47.84,Yes
C-b0c3a1ef,Female,0,Yes,No,4,Yes,Yes,Fiber optic,Yes,No internet service,Yes,No,Yes,No,Month-to-month,Yes,Credit card (automatic),62.16,297.88,No
C-6de54235,Female,1,Yes,Yes,8,No,No phone service,Fiber optic,No,Yes,No,Yes,No,Yes,One year,Yes,Electronic check,56.89,431.64,No
C-e1e19589,Male,0,Yes,Yes,30,Yes,Yes,DSL,Yes,No,Yes,Yes,Yes,No,Month-to-month,Yes,Electronic check,49.6,1494.91,Yes
C-3aa13523,Female,0,Yes,No,71,Yes,No,Fiber optic,No,No,No,No,Yes,Yes,Month-to-month,Yes,Electronic check,52.37,3736.15,No
C-e583c777,Male,1,No,No,12,Yes,Yes,Fiber optic,No,No,No,No,No,No,Two year,Yes,Electronic check,41.35,485.25,No
C-6b439609,Female,0,Yes,Yes,60,Yes,Yes,Fiber optic,No,Yes,No,No,No,No,Month-to-month,Yes,Electronic check,43.35,2587.92,Yes
C-9393d478,Male,0,No,No,20,Yes,Yes,Fiber optic,No,Yes,No,No,No,Yes,Month-to-month,Yes,Credit card (automatic),52.4,1038.63,Yes
C-77c5323a,Male,0,Yes,No,50,Yes,No,Fiber optic,No internet service,No,Yes,No,No,No,One year,Yes,Electronic check,43.64,2165.01,No
C-ab9f6cb5,Male,0,Yes,No,48,Yes,No,Fiber optic,No,No,No,Yes,Yes,Yes,Month-to-month,Yes,Bank transfer (automatic),55.43,2684.73,Yes
C-7ca6351d,Female,0,No,No,33,Yes,No,No,No internet service,No internet service,No internet service,No internet service,No internet service,No internet service,Month-to-month,Yes,Electronic check,18.0,593.11,No
C-64a264f1,Female,0,No,Yes,27,Yes,No phone service,No,No internet service,No internet service,No internet service,No internet service,No internet service,No internet service,Month-to-month,Yes,Bank transfer (automatic),22.5,593.92,Yes
C-c0e3bb6f,Male,0,No,Yes,16,Yes,No,No,No internet service,No internet service,No internet service,No internet service,No internet service,No internet service,One year,Yes,Electronic check,23.59,364.27,No
C-1c61a4fd,Female,0,Yes,No,28,Yes,Yes,Fiber optic,No,Yes,Yes,Yes,No internet service,Yes,Two year,Yes,Mailed check,63.2,1737.78,No
C-eb02d226,Female,0,No,No,21,Yes,No,Fiber optic,No,No,Yes,No,Yes,No,Two year,Yes,Electronic check,55.29,1150.13,No
C-09bffd4e,Female,0,Yes,No,55,Yes,Yes,No,No internet service,No internet service,No internet service,No internet service,No internet service,No internet service,One year,No,Credit card (automatic),18.7,1035.7,No
C-79d90ca2,Female,1,No,No,42,Yes,No,DSL,No,No,Yes,No,No,Yes,One year,Yes,Mailed check,32.31,1349.1,No
C-71bb1afe,Female,1,Yes,No,35,Yes,No,DSL,No,No,No internet service,Yes,No,No,One year,No,Bank transfer (automatic),33.11,1144.36,No
C-4af44ed6,Female,0,Yes,No,20,Yes,Yes,DSL,No,No,No,No,Yes,No,One year,Yes,Credit card (automatic),33.97,669.05,Yes
C-c936271f,Male,0,Yes,No,62,No,No phone service,No,No internet service,No internet service,No internet service,No internet service,No internet service,No internet service,Month-to-month,Yes,Electronic check,24.82,1540.11,Yes
C-69448744,Male,0,Yes,No,49,Yes,Yes,DSL,No,Yes,No,No,Yes,Yes,Two year,Yes,Mailed check,43.85,2191.17,No
C-1de311aa,Male,0,No,No,1,Yes,Yes,Fiber optic,Yes,No,No internet service,No,Yes,No,One year,No,Credit card (automatic),47.94,25.58,No
C-336db9ea,Male,1,Yes,No,37,Yes,No,Fiber optic,Yes,Yes,Yes,No internet service,Yes,No,Month-to-month,Yes,Credit card (automatic),62.94,2288.43,Yes
C-9208d70d,Male,1,No,No,71,Yes,Yes,DSL,No,No,No,No,No,Yes,One year,No,Mailed check,33.0,2332.41,No
C-49a139b6,Male,0,Yes,No,8,Yes,Yes,Fiber optic,No,No,Yes,No,Yes,No,Two year,No,Mailed check,52.58,408.54,No
C-238ffa4a,Female,0,Yes,Yes,1,Yes,Yes,No,No internet service,No internet service,No internet service,No internet service,No internet service,No internet service,One year,No,Mailed check,20.93,19.3,Yes
C-6eddbb58,Female,0,No,No,32,Yes,No phone service,No,No internet service,No internet service,No internet service,No internet service,No internet service,No internet service,Month-to-month,No,Mailed check,20.5,683.61,Yes
C-10b5a4c7,Male,1,No,No,46,Yes,Yes,No,No internet service,No internet service,No internet service,No internet service,No internet service,No internet service,Month-to-month,Yes,Electronic check,19.18,900.73,No
C-e651a45a,Female,0,Yes,Yes,15,Yes,Yes,No,No internet service,No internet service,No internet service,No internet service,No internet service,No internet service,One year,No,Electronic check,26.13,403.41,No
C-5f6624ba,Male,0,Yes,No,41,Yes,No,No,No internet service,No internet service,No internet service,No internet service,No internet service,No internet service,Two year,No,Bank transfer (automatic),20.42,855.91,No
C-08e1f3d6,Female,0,No,No,3,Yes,Yes,DSL,No,No,Yes,No,No,No,Month-to-month,Yes,Bank transfer (automatic),31.42,106.2,Yes
C-cdaef982,Male,0,No,No,68,Yes,No,Fiber optic,Yes,No internet service,Yes,Yes,Yes,No,Two year,No,Mailed check,64.0,4349.51,No
C-d0976983,Male,0,No,No,12,No,No phone service,Fiber optic,No,Yes,No,No,No,Yes,Month-to-month,Yes,Electronic check,53.28,613.42,No
C-95ee35af,Male,0,Yes,No,67,Yes,No,DSL,No,Yes,Yes,No internet service,Yes,No,One year,Yes,Credit card (automatic),39.38,2624.29,No
C-520d97ac,Male,0,No,No,9,Yes,Yes,No,No internet service,No internet service,No internet service,No internet service,No internet service,No internet service,Month-to-month,No,Mailed check,21.08,183.7,Yes
C-bbd1c24d,Male,0,No,Yes,70,Yes,Yes,Fiber optic,No,No,No internet service,No,No,Yes,Month-to-month,No,Credit card (automatic),45.96,3209.58,Yes
C-1f6612ea,Female,0,No,No,61,Yes,No,No,No internet service,No internet service,No internet service,No internet service,No internet service,No internet service,Two year,Yes,Bank transfer (automatic),18.04,1107.14,No
C-c54991d7,Male,0,No,Yes,21,No,No phone service,Fiber optic,No,Yes,Yes,No internet service,No,Yes,Month-to-month,Yes,Bank transfer (automatic),58.44,1217.26,Yes
C-a7438c9a,Male,0,No,Yes,37,Yes,Yes,Fiber optic,Yes,No,No,No internet service,Yes,Yes,One year,No,Mailed check,55.71,2052.9,No
C-9632e365,Male,0,No,No,15,Yes,No,Fiber optic,Yes,Yes,Yes,Yes,Yes,No internet service,One year,Yes,Electronic check,67.47,1018.96,No
C-fc615952,Female,0,No,No,70,Yes,No,No,No internet service,No internet service,No internet service,No internet service,No internet service,No internet service,Two year,No,Electronic check,25.64,1823.38,No
C-21f52d79,Male,0,No,Yes,34,Yes,No phone service,Fiber optic,No,No internet service,No,No,No,Yes,Month-to-month,No,Electronic check,42.37,1449.76,No
C-2fa138e8,Male,0,Yes,No,40,No,No phone service,No,No internet service,No internet service,No internet service,No internet service,No internet service,No internet service,Two year,Yes,Mailed check,19.84,809.93,No
C-fd629cff,Female,0,Yes,Yes,28,No,No phone service,DSL,No,Yes,No,Yes,No,No,Month-to-month,Yes,Electronic check,39.68,1115.45,No
C-11d24050,Male,1,Yes,No,27,Yes,Yes,Fiber optic,No,Yes,No,No,No internet service,Yes,Month-to-month,Yes,Mailed check,46.88,1240.96,Yes
C-d0ad1a7c,Female,0,No,No,5,Yes,No,No,No internet service,No internet service,No internet service,No internet service,No internet service,No internet service,Month-to-month,Yes,Credit card (automatic),20.99,86.47,No
C-acf463e1,Female,0,No,Yes,62,Yes,No,DSL,No internet service,No,Yes,No,Yes,No,Two year,Yes,Credit card (automatic),41.44,2564.9,No
C-d7bdc4ba,Male,0,Yes,Yes,36,Yes,No,DSL,No,No,Yes,No,No,Yes,Month-to-month,Yes,Mailed check,43.05,1526.84,No
C-39cb73c1,Male,0,No,No,2,Yes,No phone service,No,No internet service,No internet service,No internet service,No internet service,No internet service,No internet service,One year,Yes,Mailed check,21.04,52.64,No
C-b2ba6c14,Male,0,No,No,61,Yes,Yes,No,No internet service,No internet service,No internet service,No internet service,No internet service,No internet service,Two year,No,Mailed check,20.4,1224.28,No
C-d8bb7329,Female,0,No,No,15,No,No phone service,DSL,No,No internet service,Yes,No internet service,No,No internet service,One year,No,Credit card (automatic),30.04,452.77,No
C-1062a8db,Female,0,Yes,No,59,Yes,No,No,No internet service,No internet service,No internet service,No internet service,No internet service,No internet service,Month-to-month,No,Mailed check,19.61,1185.33,Yes
C-252db771,Female,0,No,Yes,38,No,No phone service,DSL,No internet service,No,No,No,No,No internet service,One year,Yes,Credit card (automatic),26.86,1043.07,No
C-1b04f248,Male,0,Yes,Yes,23,No,No phone service,No,No internet service,No internet service,No internet service,No internet service,No internet service,No internet service,Two year,No,Electronic check,18.92,437.14,No
C-9c5146d4,Male,0,No,No,69,Yes,No phone service,Fiber optic,No,No,No,Yes,No,No internet service,Month-to-month,Yes,Bank transfer (automatic),46.51,3217.87,No
C-0e8a95eb,Female,0,No,Yes,45,Yes,No,DSL,Yes,No,No,Yes,Yes,Yes,Month-to-month,No,Electronic check,50.43,2283.2,No
C-d8c74c47,Female,0,No,Yes,54,Yes,No,DSL,No,No,No internet service,Yes,No internet service,Yes,Month-to-month,No,Bank transfer (automatic),35.15,1897.48,No
C-45b35b12,Male,0,Yes,No,66,Yes,No,No,No internet service,No internet service,No internet service,No internet service,No internet service,No internet service,One year,Yes,Electronic check,18.89,1248.71,No
C-bff842ea,Female,0,No,Yes,13,No,No phone service,DSL,No,Yes,No,No,No,No,Month-to-month,No,Mailed check,32.89,411.52,No
C-f854791f,Male,0,No,No,71,No,No phone service,Fiber optic,No,No,No,No,No,No,Two year,Yes,Electronic check,39.29,2833.75,No
C-d88252d2,Female,0,Yes,No,72,Yes,No,DSL,No,Yes,No internet service,No,No internet service,Yes,One year,No,Electronic check,39.85,2829.69,No
C-d846dbd9,Female,0,No,Yes,20,Yes,No,Fiber optic,No internet service,Yes,No,Yes,No,No internet service,One year,Yes,Mailed check,46.18,906.32,No
C-8a66fb32,Male,0,Yes,No,5,Yes,No,Fiber optic,No internet service,No,Yes,No,No,No,Month-to-month,No,Electronic check,42.29,219.63,Yes
C-0b596c64,Female,1,No,No,18,Yes,No,DSL,Yes,No,Yes,No,No internet service,No internet service,One year,Yes,Credit card (automatic),29.49,522.09,No
C-9abcc4b3,Male,0,Yes,No,1,Yes,No,DSL,No,No,No,Yes,Yes,Yes,Month-to-month,Yes,Mailed check,45.21,42.1,Yes
C-15e894f8,Male,0,No,No,7,Yes,Yes,No,No internet service,No internet service,No internet service,No internet service,No internet service,No internet service,Month-to-month,Yes,Bank transfer (automatic),18.69,155.59,Yes
C-eba3e25e,Female,0,No,No,15,Yes,Yes,DSL,Yes,Yes,No,No internet service,No,Yes,Month-to-month,Yes,Mailed check,41.15,611.44,Yes
C-e45056e3,Female,0,Yes,Yes,39,Yes,Yes,DSL,No,No,Yes,No,Yes,Yes,Month-to-month,Yes,Mailed check,45.79,1758.8,No
C-3d983511,Male,0,Yes,No,34,Yes,No,DSL,No,No,Yes,Yes,Yes,Yes,One year,No,Credit card (automatic),49.19,1699.82,No
C-cf3f151b,Female,0,No,No,15,Yes,No,Fiber optic,No internet service,Yes,Yes,No,Yes,No,Month-to-month,No,Credit card (automatic),54.65,837.24,Yes
C-fe0b6264,Male,0,No,No,17,Yes,Yes,Fiber optic,Yes,No,No,No,Yes,No,Month-to-month,Yes,Mailed check,52.89,890.03,Yes
C-cfc45e90,Female,0,No,No,49,No,No phone service,Fiber optic,Yes,No,No,No,No,No,Month-to-month,Yes,Credit card (automatic),43.11,2119.4,Yes
C-15799642,Male,0,Yes,Yes,57,No,No phone service,No,No internet service,No internet service,No internet service,No internet service,No internet service,No internet service,Month-to-month,Yes,Electronic check,18.0,1047.78,No
C-b1a658f5,Male,0,No,No,12,Yes,No,DSL,No,Yes,No,No,No,No,Two year,Yes,Credit card (automatic),30.15,398.16,No
C-2c3a0c54,Male,0,Yes,No,6,Yes,No,Fiber optic,No,No,No,No internet service,No,No,Month-to-month,Yes,Electronic check,37.23,195.67,No
C-bf24cf0f,Male,0,No,No,44,Yes,No phone service,DSL,No internet service,No,No,Yes,No,No,One year,No,Electronic check,29.6,1300.96,No
C-eb79e863,Male,0,No,No,59,No,No phone service,DSL,No internet service,Yes,Yes,No,No,No,Two year,Yes,Bank transfer (automatic),31.44,1850.98,No
C-f1e20bdb,Female,0,No,No,52,Yes,Yes,DSL,Yes,Yes,No,No,Yes,No internet service,Month-to-month,Yes,Bank transfer (automatic),42.91,2199.69,No
C-ada790e4,Male,0,Yes,No,67,Yes,No,DSL,No,No,Yes,Yes,Yes,No,One year,No,Bank transfer (automatic),46.03,3078.67,No
C-d1d6c296,Female,0,Yes,No,0,No,No phone service,DSL,Yes,No internet service,Yes,No internet service,No,No,Two year,Yes,Electronic check,33.51,0.0,Yes
C-93c35ca4,Male,0,No,Yes,23,Yes,Yes,No,No internet service,No internet service,No internet service,No internet service,No internet service,No internet service,Two year,Yes,Electronic check,22.94,497.71,No
C-8a832af1,Male,1,Yes,No,43,Yes,No,DSL,Yes,No,No,No,No,No,Two year,No,Mailed check,29.65,1230.2,No
C-5fe4a756,Male,0,No,Yes,22,No,No phone service,Fiber optic,No internet service,Yes,No,Yes,No,Yes,Month-to-month,No,Electronic check,60.59,1331.55,No
C-2cfe2fb0,Male,1,No,No,1,Yes,No,DSL,No,Yes,No,No,No,No,Month-to-month,Yes,Bank transfer (automatic),34.38,37.16,Yes
C-3b1387a5,Female,0,No,No,52,Yes,No,Fiber optic,No,No,No,No,No,No,Month-to-month,No,Electronic check,39.06,2041.73,Yes
C-acc46243,Male,0,Yes,No,44,Yes,No,No,No internet service,No internet service,No internet service,No internet service,No internet service,No internet service,Month-to-month,No,Bank transfer (automatic),18.0,795.82,No
C-d0a4f4f2,Male,0,No,No,2,Yes,No,Fiber optic,No internet service,No,Yes,No,Yes,No,Two year,No,Credit card (automatic),54.84,113.65,No
C-2d815d7c,Female,0,Yes,No,18,Yes,No phone service,DSL,Yes,No internet service,No,No,No,Yes,Month-to-month,No,Electronic check,35.9,633.19,Yes
C-ab386310,Male,0,No,No,32,Yes,No,DSL,Yes,No internet service,No,Yes,No internet service,Yes,Month-to-month,Yes,Electronic check,45.7,1493.7,Yes
C-f5791f78,Male,0,No,No,23,Yes,No phone service,No,No internet service,No internet service,No internet service,No internet service,No internet service,No internet service,Month-to-month,Yes,Bank transfer (automatic),21.32,470.49,No
C-937765f8,Female,1,No,No,49,Yes,No phone service,No,No internet service,No internet service,No internet service,No internet service,No internet service,No internet service,Month-to-month,No,Bank transfer (automatic),22.22,1094.77,No
C-7b67742e,Male,0,Yes,Yes,2,Yes,Yes,Fiber optic,No,No,No,No internet service,Yes,Yes,One year,Yes,Mailed check,46.83,82.27,Yes
C-f47743e8,Male,1,Yes,No,31,Yes,No,No,No internet service,No internet service,No internet service,No internet service,No internet service,No internet service,Month-to-month,Yes,Electronic check,20.13,606.62,Yes
C-e1bf9ea6,Female,0,Yes,Yes,12,Yes,No,No,No internet service,No internet service,No internet service,No internet service,No internet service,No internet service,One year,No,Credit card (automatic),21.18,244.22,No
C-02496292,Male,0,Yes,No,30,Yes,No,No,No internet service,No internet service,No internet service,No internet service,No internet service,No internet service,Month-to-month,Yes,Bank transfer (automatic),18.0,566.75,No
C-c71b20e1,Male,0,Yes,No,61,Yes,No phone service,Fiber optic,Yes,Yes,Yes,No,No internet service,No,Month-to-month,No,Electronic check,60.47,3685.41,Yes
C-f7541b80,Male,0,No,No,67,No,No phone service,No,No internet service,No internet service,No internet service,No internet service,No internet service,No internet service,One year,No,Credit card (automatic),20.96,1394.53,No
C-39ad65e2,Male,0,No,No,0,Yes,Yes,Fiber optic,Yes,Yes,Yes,No,No,Yes,Month-to-month,No,Electronic check,58.86,21.64,Yes
C-0830550a,Female,0,No,No,66,Yes,No,Fiber optic,Yes,No internet service,No,No,Yes,Yes,Month-to-month,Yes,Electronic check,57.0,3777.39,Yes
C-7ed43522,Male,1,No,Yes,65,Yes,No,DSL,No,No,No,Yes,No,Yes,One year,No,Electronic check,35.04,2331.97,No
C-78119e53,Female,1,No,No,34,Yes,No phone service,DSL,No,Yes,No,No,Yes,No,One year,Yes,Bank transfer (automatic),39.01,1370.37,No
C-6e7c5f0d,Male,0,No,No,62,Yes,No,DSL,Yes,No,Yes,No,Yes,No,Month-to-month,No,Electronic check,45.2,2793.32,Yes
C-0119900f,Male,0,Yes,Yes,22,Yes,No,No,No internet service,No internet service,No internet service,No internet service,No internet service,No internet service,Month-to-month,Yes,Bank transfer (automatic),19.64,441.65,No
C-12c66b1d,Male,1,Yes,No,54,Yes,Yes,Fiber optic,Yes,No,Yes,No,Yes,No internet service,Two year,No,Credit card (automatic),54.78,2945.66,No
C-1616e80f,Female,0,No,No,40,Yes,Yes,DSL,No,No,No,No,No,Yes,Month-to-month,No,Bank transfer (automatic),32.17,1292.07,No
C-401cca7b,Male,0,Yes,No,40,Yes,No phone service,No,No internet service,No internet service,No internet service,No internet service,No internet service,No internet service,One year,Yes,Credit card (automatic),19.64,792.06,No
C-c07c716d,Male,1,Yes,Yes,47,Yes,No,No,No internet service,No internet service,No internet service,No internet service,No internet service,No internet service,Two year,Yes,Bank transfer (automatic),20.39,959.93,No
C-28cad088,Female,0,Yes,Yes,7,Yes,No,Fiber optic,No,No,No,No,No,No,One year,Yes,Credit card (automatic),36.29,249.44,No
C-d978f29a,Male,0,No,No,3,Yes,No,Fiber optic,Yes,No,No,No,No,No,Month-to-month,Yes,Electronic check,45.64,141.71,Yes
C-d6da1ce4,Female,0,Yes,No,24,Yes,Yes,Fiber optic,No,No,No internet service,No internet service,No,No,Month-to-month,Yes,Credit card (automatic),38.63,955.13,Yes
C-09824e2b,Male,1,Yes,Yes,47,No,No phone service,Fiber optic,No,Yes,No,No,Yes,No,Month-to-month,Yes,Mailed check,45.24,2112.64,No
C-cce9de88,Male,0,No,Yes,62,Yes,Yes,Fiber optic,No,No,Yes,No,Yes,No internet service,Month-to-month,No,Mailed check,51.56,3258.22,Yes
C-77db090e,Male,0,No,No,51,No,No phone service,DSL,No,Yes,Yes,No,Yes,No,One year,No,Electronic check,41.35,2109.42,No
C-35ea98d0,Male,0,Yes,No,56,Yes,No,Fiber optic,No,No,No,No,No,No,Two year,Yes,Electronic check,40.96,2286.4,Yes
C-6601bed2,Female,0,No,Yes,55,Yes,Yes,DSL,No,No,No,No internet service,No,Yes,Month-to-month,Yes,Electronic check,28.93,1575.24,No
C-b1a6d578,Female,0,Yes,Yes,55,Yes,No,No,No internet service,No internet service,No internet service,No internet service,No internet service,No internet service,One year,Yes,Mailed check,18.32,1036.24,No
C-d8a236ee,Female,0,No,Yes,59,Yes,No phone service,No,No internet service,No internet service,No internet service,No internet service,No internet service,No internet service,Two year,Yes,Electronic check,21.53,1259.38,No
C-638f40cd,Female,0,No,No,63,No,No phone service,Fiber optic,No,Yes,Yes,No,No,No,Month-to-month,Yes,Mailed check,50.38,3163.49,No
C-8c1925d0,Female,0,No,No,34,Yes,Yes,DSL,No,Yes,Yes,No,No,No,Month-to-month,Yes,Electronic check,39.29,1328.98,No
C-ceddf7ea,Female,0,No,Yes,22,Yes,No phone service,Fiber optic,No internet service,No internet service,No internet service,Yes,Yes,No,Month-to-month,Yes,Bank transfer (automatic),47.94,1069.33,No
C-bfc3d1e1,Male,0,Yes,No,30,Yes,No,DSL,No,No,No,Yes,Yes,No,Month-to-month,No,Electronic check,36.31,1082.51,No
C-ca82bb88,Male,0,No,No,12,No,No phone service,No,No internet service,No internet service,No internet service,No internet service,No internet service,No internet service,Month-to-month,No,Electronic check,18.88,229.08,No
C-27eb8a18,Male,0,Yes,No,11,Yes,No phone service,DSL,No,No,No,No,Yes,Yes,Month-to-month,Yes,Credit card (automatic),37.33,411.7,Yes
C-1ffc1cee,Female,0,No,Yes,48,Yes,No,Fiber optic,No,No,No internet service,Yes,No internet service,No,Month-to-month,No,Credit card (automatic),36.23,1731.98,Yes
C-f6b3c6b8,Male,0,Yes,No,12,Yes,Yes,Fiber optic,No internet service,No,No,Yes,Yes,No,One year,No,Electronic check,52.67,651.0,No
C-06f5592c,Male,0,Yes,No,34,Yes,No,DSL,No,No,No internet service,No,Yes,No,One year,Yes,Mailed check,25.33,855.71,No
C-f17eabef,Male,1,Yes,No,19,Yes,Yes,DSL,Yes,Yes,No,No internet service,No,Yes,Two year,Yes,Mailed check,42.18,790.64,No
C-612dd690,Male,0,Yes,Yes,30,Yes,Yes,Fiber optic,No,No,No,No,No,Yes,Month-to-month,Yes,Electronic check,42.64,1282.03,No
C-6329801a,Male,0,No,No,55,Yes,Yes,Fiber optic,No,No,No internet service,No,No,No,Month-to-month,No,Electronic check,39.97,2215.53,Yes
C-684dc342,Male,0,No,No,27,Yes,No,No,No internet service,No internet service,No internet service,No internet service,No internet service,No internet service,Month-to-month,No,Bank transfer (automatic),18.69,520.21,Yes
C-6c80c16e,Male,0,No,Yes,12,Yes,Yes,Fiber optic,Yes,No internet service,No,No,No,No,One year,Yes,Credit card (automatic),47.35,556.68,Yes
C-def113b0,Female,1,No,No,17,Yes,Yes,DSL,No internet service,Yes,Yes,No,No internet service,No,Two year,Yes,Electronic check,34.82,604.37,No
C-ea161959,Male,0,No,Yes,3,Yes,No,No,No internet service,No internet service,No internet service,No internet service,No internet service,No internet service,Month-to-month,No,Electronic check,18.0,71.42,Yes
C-3a1aceb3,Female,1,Yes,No,70,Yes,Yes,Fiber optic,No,Yes,No,No internet service,Yes,Yes,Month-to-month,Yes,Electronic check,53.51,3768.15,Yes
C-a1e9eea0,Male,0,Yes,No,11,Yes,Yes,No,No internet service,No internet service,No internet service,No internet service,No internet service,No internet service,Month-to-month,Yes,Mailed check,18.61,230.39,Yes
C-0e1117e5,Female,1,Yes,No,71,Yes,Yes,DSL,No,No,Yes,No,Yes,No internet service,Two year,Yes,Credit card (automatic),31.28,2215.95,No
C-719beea4,Female,1,No,No,11,No,No phone service,Fiber optic,Yes,No,Yes,No,Yes,No,Two year,Yes,Credit card (automatic),62.83,688.17,No
C-72420ffa,Male,0,No,Yes,56,Yes,Yes,Fiber optic,No,No,No,No,No,No,Two year,No,Mailed check,42.36,2359.17,No
C-51aaab1a,Female,0,Yes,No,25,Yes,Yes,Fiber optic,No,Yes,No internet service,Yes,No,No,Month-to-month,Yes,Electronic check,49.14,1254.72,No
C-3a832745,Male,0,No,No,20,Yes,No,DSL,No,No,Yes,No,Yes,Yes,One year,Yes,Mailed check,41.26,809.01,No
C-b4be248e,Female,1,No,No,43,Yes,Yes,DSL,No,No,No,Yes,No,Yes,Month-to-month,Yes,Bank transfer (automatic),36.46,1570.46,No
C-00ad34e1,Male,0,No,No,10,Yes,Yes,Fiber optic,No,Yes,No,No,Yes,No,Month-to-month,No,Electronic check,51.24,564.25,Yes
C-ff6b076c,Male,0,No,No,65,Yes,Yes,No,No internet service,No internet service,No internet service,No internet service,No internet service,No internet service,One year,Yes,Electronic check,18.0,1173.41,Yes
C-37e2349b,Male,0,Yes,No,14,Yes,Yes,Fiber optic,No,No,No,No,Yes,Yes,Two year,No,Mailed check,50.48,702.81,No
C-37e13873,Male,0,No,No,35,No,No phone service,Fiber optic,No,Yes,Yes,No,Yes,No,One year,Yes,Bank transfer (automatic),61.4,2149.29,No
C-74b3b018,Female,0,Yes,No,39,Yes,No,Fiber optic,No,No,No internet service,Yes,Yes,No,Two year,Yes,Credit card (automatic),51.36,2002.22,No
C-de0fb394,Male,0,Yes,No,54,Yes,No,DSL,Yes,No,No,No,Yes,No,Month-to-month,No,Bank transfer (automatic),33.47,1777.71,No
C-43431cd1,Male,0,Yes,Yes,51,Yes,No,Fiber optic,No,No,Yes,No internet service,Yes,No,Month-to-month,No,Electronic check,55.26,2801.48,No
C-7e4112c3,Male,0,No,Yes,43,Yes,Yes,Fiber optic,Yes,No,Yes,No,No,Yes,Two year,No,Electronic check,57.52,2458.79,No
C-fc11e5e4,Female,0,Yes,Yes,55,Yes,Yes,No,No internet service,No internet service,No internet service,No internet service,No internet service,No internet service,Month-to-month,Yes,Credit card (automatic),18.0,975.16,No
C-ee2e51af,Female,1,Yes,No,70,Yes,Yes,Fiber optic,Yes,No,No,No,No,No,Two year,Yes,Bank transfer (automatic),49.21,3425.99,No
C-b2f5ccb0,Female,0,No,No,35,Yes,Yes,Fiber optic,Yes,No,Yes,No,No internet service,Yes,Two year,No,Bank transfer (automatic),53.05,1848.51,No
C-086750f3,Male,0,Yes,Yes,16,Yes,Yes,Fiber optic,No,No,No,Yes,Yes,Yes,Two year,Yes,Electronic check,55.24,919.16,Yes
C-15dee99f,Male,1,Yes,Yes,59,Yes,Yes,Fiber optic,Yes,Yes,No,No,No,No,Month-to-month,Yes,Credit card (automatic),48.92,2885.12,No
C-f478d0e5,Female,0,No,No,3,Yes,Yes,DSL,No internet service,No,No,Yes,No,Yes,Month-to-month,No,Credit card (automatic),37.03,105.09,No
C-e4f9c8db,Female,0,Yes,No,5,No,No phone service,No,No internet service,No internet service,No internet service,No internet service,No internet service,No internet service,Month-to-month,Yes,Bank transfer (automatic),18.0,68.91,Yes
C-16be0ad6,Female,0,Yes,No,18,Yes,Yes,Fiber optic,No internet service,No,No,No,Yes,Yes,Month-to-month,Yes,Bank transfer (automatic),49.4,918.85,Yes
C-f3b897b6,Female,0,No,Yes,2,Yes,No phone service,Fiber optic,Yes,No,No,Yes,Yes,No,One year,No,Credit card (automatic),57.69,114.03,Yes
C-ebaf3dc9,Male,0,Yes,No,64,Yes,Yes,Fiber optic,No,No,No,No,Yes,No,Month-to-month,No,Bank transfer (automatic),46.06,2961.5,No
C-f02b0c4f,Female,0,Yes,Yes,15,Yes,No phone service,DSL,No,No,No,Yes,Yes,No internet service,Month-to-month,No,Electronic check,39.51,577.1,No
C-27c41607,Male,0,Yes,No,47,Yes,Yes,Fiber optic,No,No,No,No,Yes,No,Two year,No,Bank transfer (automatic),48.98,2331.45,No
C-9cdb05de,Female,0,No,Yes,19,Yes,No,Fiber optic,No internet service,No,Yes,No,No,No,Two year,Yes,Electronic check,44.59,847.5,No
C-75651d5c,Female,0,Yes,No,17,Yes,No,No,No internet service,No internet service,No internet service,No internet service,No internet service,No internet service,One year,Yes,Credit card (automatic),18.0,298.53,No
C-b7c19f01,Female,1,Yes,No,27,Yes,No,DSL,No,No,Yes,No,Yes,Yes,Month-to-month,Yes,Credit card (automatic),46.6,1268.57,No
C-4dea6158,Female,1,Yes,No,72,Yes,No phone service,DSL,Yes,No,Yes,No internet service,No internet service,Yes,Month-to-month,Yes,Bank transfer (automatic),39.09,2804.71,Yes
C-04c0df38,Male,1,No,No,12,Yes,No,Fiber optic,Yes,No internet service,No,Yes,Yes,No,One year,No,Credit card (automatic),55.7,708.23,Yes
C-97b362b4,Male,1,Yes,No,36,Yes,No,Fiber optic,No,No,No,No,No,No internet service,Two year,Yes,Bank transfer (automatic),43.48,1583.53,No
C-392536fd,Female,0,Yes,No,40,Yes,No,Fiber optic,No,No,No,No,No,No,One year,Yes,Mailed check,38.71,1559.11,No
C-d8df5614,Female,1,Yes,No,68,Yes,Yes,Fiber optic,No,No,No internet service,No,No,No,Two year,Yes,Electronic check,43.96,3016.99,No
C-83dfe618,Female,0,Yes,No,50,Yes,No,Fiber optic,No,Yes,No,No,Yes,Yes,Month-to-month,Yes,Mailed check,52.65,2659.7,No
C-6a134fa4,Female,0,Yes,No,0,Yes,No,Fiber optic,Yes,No internet service,No,No,No,Yes,Two year,No,Mailed check,52.75,21.59,No
C-e38ad033,Male,0,Yes,Yes,53,Yes,Yes,Fiber optic,Yes,No,Yes,No,No,No,Month-to-month,Yes,Bank transfer (automatic),46.95,2489.62,No
C-7851604c,Female,0,No,No,44,Yes,Yes,DSL,Yes,No,Yes,No,No internet service,Yes,One year,No,Mailed check,45.26,1984.2,No
C-d49ee625,Male,0,No,No,38,Yes,No,No,No internet service,No internet service,No internet service,No internet service,No internet service,No internet service,Two year,Yes,Electronic check,18.0,656.46,No
C-63f3967f,Female,0,No,Yes,46,Yes,Yes,Fiber optic,No,No,Yes,No,No,No,Two year,Yes,Bank transfer (automatic),46.58,2151.84,No
C-03a95a35,Male,0,No,No,56,Yes,No,Fiber optic,No internet service,No,Yes,No,No,No internet service,Month-to-month,Yes,Credit card (automatic),48.44,2702.06,Yes
C-7cb4f42e,Male,0,Yes,No,15,Yes,No phone service,Fiber optic,No,No,No,No,No,No,Month-to-month,Yes,Bank transfer (automatic),31.76,448.9,No
C-da8f614b,Female,0,Yes,No,8,Yes,No phone service,Fiber optic,Yes,Yes,No,Yes,No,No,Month-to-month,No,Credit card (automatic),61.75,509.56,Yes
C-0ca19729,Male,0,No,No,9,No,No phone service,DSL,No,Yes,Yes,Yes,No,Yes,Month-to-month,Yes,Electronic check,46.23,391.18,Yes
C-51db1ceb,Male,0,Yes,No,54,Yes,No,Fiber optic,No internet service,No,Yes,No,Yes,No,Month-to-month,Yes,Bank transfer (automatic),49.49,2646.04,Yes
C-fe4025ba,Female,0,Yes,Yes,25,No,No phone service,Fiber optic,No,No internet service,Yes,No,No,No,Two year,No,Credit card (automatic),47.28,1218.97,No
C-6a491294,Female,0,Yes,No,1,Yes,No phone service,Fiber optic,No,No internet service,Yes,No,Yes,Yes,Month-to-month,Yes,Electronic check,57.44,27.44,Yes
C-3ba737a1,Male,0,Yes,No,55,Yes,No,Fiber optic,No,Yes,No,No,Yes,No,One year,Yes,Electronic check,51.78,2862.21,No
C-ccb296e9,Male,0,Yes,Yes,3,Yes,Yes,No,No internet service,No internet service,No internet service,No internet service,No internet service,No internet service,Month-to-month,No,Electronic check,20.94,76.94,Yes
C-98b73f9c,Female,0,No,No,9,Yes,Yes,No,No internet service,No internet service,No internet service,No internet service,No internet service,No internet service,One year,Yes,Bank transfer (automatic),20.5,173.04,No
C-949adf71,Female,0,No,No,25,Yes,No,DSL,No,No,Yes,Yes,Yes,No,Month-to-month,No,Mailed check,45.25,1123.48,No
C-312f93b8,Female,0,Yes,No,26,Yes,Yes,Fiber optic,Yes,No,No internet service,Yes,No,Yes,Month-to-month,No,Bank transfer (automatic),55.12,1429.8,Yes
C-8e6c4f2b,Female,0,No,No,6,Yes,No,No,No internet service,No internet service,No internet service,No internet service,No internet service,No internet service,One year,Yes,Credit card (automatic),21.31,157.68,No
C-b532283a,Female,0,Yes,No,31,Yes,No phone service,Fiber optic,Yes,No,No,No internet service,No internet service,No,One year,No,Electronic check,46.99,1487.16,No
C-2a4f73c3,Male,1,Yes,No,7,Yes,No,DSL,Yes,Yes,Yes,No,No internet service,Yes,One year,Yes,Credit card (automatic),42.49,295.37,Yes
C-2d66cab0,Female,0,Yes,Yes,45,Yes,Yes,DSL,No,Yes,No,No,Yes,No,Two year,Yes,Mailed check,34.01,1512.33,No
C-bcdae397,Female,1,No,No,56,Yes,Yes,No,No internet service,No internet service,No internet service,No internet service,No internet service,No internet service,Month-to-month,Yes,Mailed check,22.62,1261.63,No
C-5acaabfb,Female,1,Yes,No,38,Yes,Yes,No,No internet service,No internet service,No internet service,No internet service,No internet service,No internet service,Month-to-month,No,Electronic check,23.36,896.64,Yes
C-ede9cc58,Female,0,No,No,45,Yes,Yes,No,No internet service,No internet service,No internet service,No internet service,No internet service,No internet service,Month-to-month,Yes,Mailed check,21.11,961.49,No
C-0df0dcad,Male,0,Yes,No,65,Yes,Yes,DSL,No,No,No,Yes,No,No,Month-to-month,Yes,Bank transfer (automatic),29.63,1921.17,No
C-085b31aa,Male,1,No,Yes,60,Yes,No,No,No internet service,No internet service,No internet service,No internet service,No internet service,No internet service,One year,No,Credit card (automatic),23.02,1395.44,No
C-8c68d4c4,Male,0,Yes,Yes,31,Yes,Yes,Fiber optic,Yes,No internet service,Yes,No,No internet service,No,One year,Yes,Electronic check,54.47,1679.17,No
C-cccaf8cf,Male,0,No,No,33,Yes,Yes,DSL,No internet service,No,Yes,No,No,No,Month-to-month,Yes,Electronic check,28.72,908.17,Yes
C-87ced678,Male,1,Yes,No,22,Yes,No phone service,DSL,Yes,No,No,No,No,Yes,Two year,Yes,Bank transfer (automatic),41.73,927.66,No
C-0ae1d56d,Female,0,No,No,2,Yes,Yes,Fiber optic,No,No,No,No internet service,Yes,No,Month-to-month,No,Credit card (automatic),46.19,93.59,Yes
C-a9456db6,Female,0,No,No,21,Yes,No,Fiber optic,No,No,No,No internet service,Yes,No,Two year,Yes,Bank transfer (automatic),48.49,1008.2,No
C-5dd69a72,Female,0,Yes,No,29,Yes,No,Fiber optic,No,No,Yes,No,Yes,No internet service,Month-to-month,Yes,Bank transfer (automatic),53.24,1523.81,No
C-50c65c28,Male,0,No,No,68,Yes,No,DSL,No,No,No,No,No,No internet service,Month-to-month,No,Bank transfer (automatic),23.77,1605.26,No
C-f37fcbc6,Male,0,No,No,52,Yes,No phone service,Fiber optic,Yes,No,Yes,No,No internet service,No,One year,No,Mailed check,52.05,2678.62,No
C-c80fbb3c,Male,0,No,No,71,No,No phone service,Fiber optic,Yes,Yes,No,No internet service,No,No,Two year,Yes,Mailed check,49.95,3557.75,No
C-6e71b294,Male,0,No,No,0,Yes,No,Fiber optic,No,Yes,Yes,No internet service,No internet service,Yes,Month-to-month,Yes,Bank transfer (automatic),55.69,9.34,Yes
C-634e36c2,Female,1,No,Yes,10,Yes,Yes,DSL,No,No,No,No,No,No,One year,Yes,Mailed check,26.96,289.04,No
C-328951df,Male,0,No,No,40,Yes,Yes,Fiber optic,No,Yes,Yes,Yes,No,No,One year,No,Electronic check,58.19,2349.19,No
C-a902311c,Female,0,Yes,Yes,44,Yes,Yes,No,No internet service,No internet service,No internet service,No internet service,No internet service,No internet service,Month-to-month,Yes,Credit card (automatic),18.0,797.35,No
C-0d5faa2e,Female,1,Yes,No,33,Yes,No phone service,Fiber optic,Yes,No internet service,No,No,No,Yes,Month-to-month,Yes,Credit card (automatic),52.39,1749.53,Yes
C-923c4eb1,Female,0,Yes,Yes,7,No,No phone service,Fiber optic,No,Yes,Yes,No,No,No,Month-to-month,Yes,Mailed check,47.52,332.98,Yes
C-26a6c68f,Female,0,No,Yes,20,Yes,Yes,Fiber optic,No internet service,No,No internet service,Yes,No,Yes,One year,No,Credit card (automatic),50.18,1010.65,Yes
C-f8bf2204,Female,1,Yes,No,8,Yes,Yes,Fiber optic,No,No,No internet service,No,Yes,No,Month-to-month,Yes,Bank transfer (automatic),46.59,371.82,Yes
C-18175b87,Female,0,Yes,Yes,37,Yes,Yes,Fiber optic,Yes,No,No,No,Yes,No,Month-to-month,No,Bank transfer (automatic),56.89,2075.66,Yes
C-292d30cc,Male,0,Yes,No,20,Yes,No,Fiber optic,Yes,No,Yes,Yes,No,Yes,One year,No,Electronic check,61.04,1201.76,No
C-8ee6cb07,Female,0,No,No,61,Yes,No phone service,DSL,Yes,No,Yes,No,No,Yes,One year,Yes,Bank transfer (automatic),41.25,2522.39,No
C-cd4645d0,Male,1,No,Yes,23,Yes,Yes,Fiber optic,No,No,No,Yes,No,Yes,Month-to-month,Yes,Bank transfer (automatic),48.4,1162.72,Yes
C-1960c133,Male,0,Yes,Yes,35,Yes,No,Fiber optic,No,Yes,No,Yes,No,No internet service,Month-to-month,Yes,Credit card (automatic),49.58,1754.3,No
C-709543c4,Male,1,No,No,66,Yes,No,No,No internet service,No internet service,No internet service,No internet service,No internet service,No internet service,Month-to-month,Yes,Electronic check,18.0,1173.32,No
C-cafa6fca,Male,0,Yes,No,21,Yes,No phone service,Fiber optic,No,Yes,Yes,No internet service,No internet service,No,Month-to-month,No,Electronic check,45.19,950.85,Yes
C-2a9eaa32,Female,0,Yes,No,36,Yes,No phone service,No,No internet service,No internet service,No internet service,No internet service,No internet service,No internet service,Two year,Yes,Bank transfer (automatic),21.24,718.72,No
C-a6bdb9b8,Male,0,Yes,No,53,Yes,Yes,DSL,No,No,No,No,No,Yes,Month-to-month,No,Mailed check,30.85,1672.05,No
C-b1405af3,Male,0,No,No,13,Yes,No,Fiber optic,Yes,No,No,No,Yes,Yes,Month-to-month,No,Bank transfer (automatic),50.57,669.23,No
C-f47db2ea,Male,0,No,Yes,51,Yes,Yes,Fiber optic,Yes,No,No,No,Yes,Yes,Two year,Yes,Electronic check,58.42,2942.69,No
C-ca434e37,Female,0,No,No,40,No,No phone service,Fiber optic,Yes,No,No,No,No,No internet service,Month-to-month,Yes,Mailed check,47.78,1909.8,No
C-63c0fb7d,Male,0,No,No,1,No,No phone service,Fiber optic,Yes,Yes,No,No internet service,No internet service,Yes,Month-to-month,Yes,Electronic check,52.95,23.47,No
C-1a9f6148,Female,0,Yes,Yes,36,Yes,No,DSL,No,No,Yes,No,No,Yes,Month-to-month,No,Electronic check,33.56,1221.47,No
C-2fcffc6f,Male,0,Yes,Yes,52,Yes,Yes,Fiber optic,No,Yes,No,No,Yes,Yes,Month-to-month,Yes,Electronic check,57.95,3013.71,Yes
C-84131a61,Female,0,No,Yes,46,Yes,No,Fiber optic,No,No,No internet service,No,Yes,No,Month-to-month,Yes,Mailed check,44.5,2050.25,Yes
C-1e42b03c,Male,0,Yes,No,43,Yes,No,Fiber optic,Yes,No,Yes,No,No internet service,No internet service,One year,No,Mailed check,54.06,2341.72,No
C-5c7aa3d9,Male,0,Yes,No,34,No,No phone service,No,No internet service,No internet service,No internet service,No internet service,No internet service,No internet service,Month-to-month,No,Mailed check,21.82,723.83,Yes
C-0812b8d2,Female,1,Yes,Yes,48,Yes,No phone service,Fiber optic,No,No,No,Yes,No,No,Month-to-month,No,Mailed check,48.69,2341.86,Yes
C-ac4f3342,Male,0,No,No,4,Yes,No,Fiber optic,No,Yes,No,No,No,No,Month-to-month,No,Bank transfer (automatic),45.15,184.38,Yes
C-d7aa01dd,Male,1,Yes,No,34,Yes,No,DSL,Yes,No,No internet service,No,Yes,No,Month-to-month,Yes,Bank transfer (automatic),40.15,1356.34,Yes
C-b8ab7b3c,Male,0,No,No,2,Yes,Yes,No,No internet service,No internet service,No internet service,No internet service,No internet service,No internet service,Month-to-month,Yes,Mailed check,21.96,35.11,Yes
C-ad41e0fc,Female,1,No,Yes,10,Yes,Yes,Fiber optic,No,No,No,No,No,Yes,Month-to-month,Yes,Mailed check,47.62,490.12,Yes
C-ff8845aa,Male,1,No,Yes,35,Yes,No phone service,DSL,No,Yes,Yes,No,No,No,Month-to-month,No,Bank transfer (automatic),33.19,1172.75,Yes
C-def02b52,Female,1,No,No,54,Yes,No,DSL,Yes,No,No,No,Yes,No,One year,Yes,Bank transfer (automatic),35.42,1917.2,No
C-f483c4e9,Female,0,No,Yes,59,Yes,Yes,No,No internet service,No internet service,No internet service,No internet service,No internet service,No internet service,Two year,No,Mailed check,18.16,1091.22,No
C-454d7320,Female,0,No,Yes,19,Yes,Yes,Fiber optic,No,No,No,No,Yes,Yes,Month-to-month,Yes,Bank transfer (automatic),53.98,1024.99,Yes
C-54bc967b,Male,0,No,No,60,Yes,No,No,No internet service,No internet service,No internet service,No internet service,No internet service,No internet service,Month-to-month,No,Credit card (automatic),18.0,1119.48,Yes
C-766280b8,Female,0,No,Yes,65,Yes,Yes,DSL,No,No,Yes,No,No internet service,No,Month-to-month,Yes,Mailed check,26.58,1699.91,No
C-ae19bd1e,Male,1,Yes,No,31,Yes,Yes,Fiber optic,Yes,No,No,Yes,Yes,No,Two year,No,Credit card (automatic),61.53,1909.08,No
C-abb949f1,Male,1,No,No,57,Yes,No,DSL,No,Yes,No,Yes,No,No,Two year,Yes,Credit card (automatic),34.9,2007.98,No
C-6c1cbfc9,Female,0,No,No,10,Yes,No,No,No internet service,No internet service,No internet service,No internet service,No internet service,No internet service,Month-to-month,Yes,Bank transfer (automatic),20.95,243.31,No
C-05624684,Male,0,No,No,15,Yes,No,DSL,No,No,No internet service,No,No internet service,No internet service,One year,Yes,Electronic check,18.22,282.38,Yes
C-230cc676,Female,0,No,Yes,60,Yes,Yes,DSL,No,Yes,Yes,No,Yes,No,Two year,No,Electronic check,41.1,2467.57,No
C-1b9820cd,Male,1,Yes,Yes,58,Yes,Yes,Fiber optic,No,No internet service,No internet service,Yes,No,No,Month-to-month,Yes,Bank transfer (automatic),42.96,2481.57,Yes
C-e8387e02,Male,1,No,No,4,Yes,No,No,No internet service,No internet service,No internet service,No internet service,No internet service,No internet service,One year,No,Mailed check,18.0,79.6,Yes
C-90f8a6d3,Male,0,No,Yes,53,Yes,Yes,Fiber optic,No,Yes,No,Yes,Yes,No,One year,Yes,Credit card (automatic),51.93,2752.0,No
C-a30c88f7,Female,0,Yes,No,19,Yes,Yes,Fiber optic,No,No,No,No,Yes,Yes,Month-to-month,Yes,Credit card (automatic),50.25,978.57,Yes
C-2d8551f4,Female,0,Yes,No,35,Yes,No phone service,Fiber optic,No,No,No,No,Yes,Yes,One year,Yes,Bank transfer (automatic),51.38,1815.26,No
C-43e342ca,Male,0,Yes,Yes,16,Yes,Yes,Fiber optic,No,No,No,No,Yes,No,Month-to-month,No,Mailed check,47.72,748.1,Yes
C-a3daab15,Male,0,No,No,27,Yes,No,DSL,No,No,Yes,Yes,Yes,Yes,Month-to-month,Yes,Bank transfer (automatic),40.0,1135.19,No
C-e5aeae5f,Male,0,No,No,32,Yes,Yes,Fiber optic,No,No,Yes,No,Yes,No,One year,Yes,Electronic check,58.07,1836.5,No
C-6f4286dd,Female,0,Yes,No,22,Yes,No,Fiber optic,No internet service,Yes,Yes,Yes,No,No,Month-to-month,Yes,Mailed check,54.86,1193.6,No
C-e3070294,Female,0,No,No,32,Yes,Yes,DSL,No,No,No,No,No,No,One year,Yes,Electronic check,27.1,867.03,No
C-7574b1d6,Female,0,Yes,No,40,Yes,Yes,DSL,No internet service,No,Yes,Yes,Yes,Yes,Month-to-month,No,Bank transfer (automatic),47.77,1886.68,No
C-0756ab1b,Female,0,No,No,45,Yes,No,No,No internet service,No internet service,No internet service,No internet service,No internet service,No internet service,Two year,Yes,Bank transfer (automatic),18.51,803.93,No
C-5843c219,Male,0,No,No,7,Yes,No phone service,Fiber optic,No,No,No,No,Yes,Yes,Two year,Yes,Credit card (automatic),51.06,338.16,No
C-da741a38,Female,0,Yes,No,21,Yes,No phone service,Fiber optic,No,No,Yes,No,No,No internet service,Month-to-month,No,Electronic check,45.55,980.76,Yes
C-da4949c9,Female,0,No,No,6,Yes,No,DSL,No,Yes,No,Yes,Yes,No internet service,Month-to-month,No,Electronic check,43.03,249.36,Yes
C-50f1099d,Female,0,No,Yes,29,Yes,No,DSL,No,No,No,No,No,No,Month-to-month,Yes,Electronic check,27.54,792.36,No
C-e76fa516,Male,0,Yes,No,45,Yes,No,DSL,No,Yes,No,No internet service,No,No,Month-to-month,Yes,Electronic check,28.2,1279.48,Yes
C-9d74e093,Male,0,Yes,Yes,6,Yes,Yes,DSL,No,No,No,No,No,No,Month-to-month,No,Mailed check,24.41,139.05,Yes
C-3c6cb6e1,Female,0,No,Yes,2,Yes,No phone service,DSL,No,No internet service,No,No,Yes,Yes,Month-to-month,Yes,Bank transfer (automatic),33.27,67.04,Yes
C-1de2b7b6,Male,0,Yes,No,17,Yes,No,No,No internet service,No internet service,No internet service,No internet service,No internet service,No internet service,One year,Yes,Electronic check,21.08,369.68,No
C-b4a5d485,Female,0,No,No,49,Yes,No,Fiber optic,Yes,No,Yes,No,No,No,Month-to-month,Yes,Bank transfer (automatic),47.04,2326.8,No
C-93a7f075,Male,1,No,Yes,64,Yes,No,DSL,No,No internet service,Yes,Yes,No internet service,Yes,Month-to-month,Yes,Electronic check,43.46,2783.22,No
C-da3dadd4,Female,0,Yes,No,67,Yes,No,Fiber optic,No,No,Yes,No,Yes,No,Month-to-month,Yes,Bank transfer (automatic),47.85,3211.92,Yes
C-8d472bfb,Female,0,Yes,No,51,Yes,Yes,Fiber optic,No,No,No,No internet service,Yes,No internet service,Month-to-month,Yes,Electronic check,49.78,2524.17,No
C-fa2d39de,Female,0,Yes,No,0,Yes,No,Fiber optic,No internet service,No internet service,No,No,Yes,No,Two year,Yes,Electronic check,47.11,0.0,No
C-3c26d6d3,Female,0,No,Yes,20,Yes,No phone service,DSL,No,No internet service,Yes,Yes,Yes,No,Two year,No,Bank transfer (automatic),42.19,816.18,No
C-32662376,Female,1,Yes,No,51,Yes,No,No,No internet service,No internet service,No internet service,No internet service,No internet service,No internet service,Month-to-month,Yes,Mailed check,21.37,1095.14,Yes
C-67655914,Female,0,Yes,Yes,55,Yes,No,DSL,Yes,No,No,No,No,No,Month-to-month,Yes,Electronic check,28.83,1579.4,No
C-80624ca5,Female,0,No,No,20,Yes,No phone service,No,No internet service,No internet service,No internet service,No internet service,No internet service,No internet service,Two year,No,Mailed check,18.0,330.09,No
C-bdc11680,Male,1,Yes,Yes,12,Yes,Yes,Fiber optic,No,Yes,No internet service,No internet service,No internet service,No,One year,No,Electronic check,38.28,465.79,No
C-b1fc501b,Male,0,Yes,Yes,58,Yes,No,DSL,No,Yes,Yes,No,Yes,Yes,Month-to-month,No,Mailed check,47.46,2740.09,Yes
C-ff21c837,Female,1,No,No,57,Yes,No,Fiber optic,No,No,Yes,No,No,Yes,One year,No,Mailed check,50.71,2894.4,No
C-bd7e87f2,Female,0,Yes,Yes,29,No,No phone service,Fiber optic,No,No,No internet service,No,No,No internet service,Month-to-month,Yes,Mailed check,39.86,1149.03,No
C-e53df5d4,Male,0,Yes,No,12,Yes,Yes,Fiber optic,No,Yes,Yes,No internet service,No,No,Month-to-month,No,Bank transfer (automatic),51.25,613.04,Yes
C-06703c37,Male,1,Yes,Yes,37,Yes,Yes,No,No internet service,No internet service,No internet service,No internet service,No internet service,No internet service,Month-to-month,No,Electronic check,23.37,893.01,No
C-1cc37761,Male,1,No,No,47,Yes,Yes,Fiber optic,No,No,No,Yes,Yes,No,One year,Yes,Mailed check,44.19,2064.93,No
C-b28f2cc0,Female,0,No,No,52,No,No phone service,DSL,Yes,Yes,No,No internet service,No,No,Month-to-month,Yes,Bank transfer (automatic),38.31,1979.25,Yes
C-02490f66,Male,0,No,No,22,Yes,Yes,No,No internet service,No internet service,No internet service,No internet service,No internet service,No internet service,Month-to-month,No,Electronic check,21.65,503.42,Yes
C-9ee7cbe1,Male,1,No,No,56,Yes,No phone service,DSL,No,No,No,No,No internet service,No,Month-to-month,Yes,Bank transfer (automatic),22.43,1227.65,No
C-da9f5455,Male,0,Yes,No,68,Yes,No,Fiber optic,Yes,Yes,Yes,No,Yes,No internet service,Month-to-month,No,Electronic check,63.03,4280.9,No
C-241d2bf1,Male,0,Yes,Yes,41,Yes,Yes,No,No internet service,No internet service,No internet service,No internet service,No internet service,No internet service,Two year,Yes,Electronic check,19.25,807.73,No
C-6caee5d1,Female,1,No,No,24,Yes,Yes,Fiber optic,Yes,Yes,Yes,Yes,No,No,Two year,No,Credit card (automatic),59.24,1420.4,No
C-b73cec42,Male,0,Yes,No,21,No,No phone service,No,No internet service,No internet service,No internet service,No internet service,No internet service,No internet service,Two year,No,Mailed check,18.0,396.42,No
C-d99e98e2,Female,0,No,Yes,71,Yes,Yes,DSL,No,No,No,Yes,No,Yes,Month-to-month,No,Bank transfer (automatic),38.77,2741.31,No
C-05a5d9b7,Female,0,No,No,38,Yes,Yes,Fiber optic,No,No,No,Yes,Yes,Yes,Two year,No,Credit card (automatic),62.43,2355.11,No
C-0220e383,Female,0,No,Yes,51,Yes,No,Fiber optic,Yes,No,No,No,Yes,No,Month-to-month,Yes,Mailed check,49.31,2536.3,Yes
C-0c9275dc,Female,1,Yes,No,14,Yes,Yes,DSL,Yes,No,No,No,Yes,No,Month-to-month,Yes,Credit card (automatic),36.89,525.41,No
C-489c87ec,Female,0,No,No,12,Yes,No,DSL,No,No,Yes,No,Yes,No,One year,Yes,Credit card (automatic),30.71,353.12,No
C-015e7429,Male,0,No,No,51,Yes,No,DSL,Yes,No internet service,No internet service,No,Yes,No,One year,Yes,Electronic check,32.6,1682.59,No
C-31900695,Female,0,No,No,16,Yes,No,DSL,No,No,No,No internet service,No,No internet service,One year,No,Credit card (automatic),23.39,368.58,No
C-8312bd9e,Female,0,No,No,69,Yes,Yes,Fiber optic,No internet service,No,Yes,No,Yes,No,One year,No,Electronic check,47.93,3292.61,Yes
C-b96f78a5,Male,0,No,No,54,Yes,Yes,DSL,Yes,Yes,No,Yes,No,Yes,Two year,No,Credit card (automatic),45.07,2441.33,No
C-5f437f8d,Female,0,Yes,No,5,Yes,Yes,No,No internet service,No internet service,No internet service,No internet service,No internet service,No internet service,Month-to-month,Yes,Bank transfer (automatic),19.43,134.05,Yes
C-9b0b61f8,Male,0,Yes,Yes,38,Yes,No,Fiber optic,No,No,No,Yes,Yes,No internet service,Month-to-month,Yes,Credit card (automatic),50.31,1868.58,No
C-504845db,Male,0,Yes,Yes,4,Yes,Yes,No,No internet service,No internet service,No internet service,No internet service,No internet service,No internet service,Month-to-month,No,Electronic check,22.15,90.1,Yes
C-d7ebcde1,Female,0,Yes,No,63,Yes,Yes,DSL,No,No,No internet service,No,No,Yes,Month-to-month,Yes,Bank transfer (automatic),32.29,2037.81,Yes
C-b81329db,Male,0,Yes,No,46,Yes,No,DSL,No,Yes,Yes,No,Yes,No,Month-to-month,No,Mailed check,42.0,1892.3,Yes
C-7cffad7b,Male,0,Yes,Yes,8,Yes,No phone service,DSL,No,No,No,No,No,Yes,One year,No,Credit card (automatic),31.05,234.89,No
C-4852c308,Female,0,No,No,60,Yes,Yes,DSL,Yes,Yes,No,Yes,No,Yes,Month-to-month,Yes,Mailed check,45.71,2718.02,No
C-651432f5,Female,0,No,Yes,10,Yes,No,DSL,No,Yes,No,Yes,Yes,Yes,Two year,Yes,Credit card (automatic),48.83,501.02,No
C-f8baa977,Female,0,No,No,17,Yes,Yes,DSL,Yes,No internet service,No,No,Yes,No,Month-to-month,Yes,Mailed check,41.8,711.95,Yes
C-e439d022,Male,0,Yes,No,31,Yes,No,Fiber optic,Yes,No,No,Yes,No,No internet service,Month-to-month,Yes,Bank transfer (automatic),52.8,1639.99,No
C-92437c3d,Female,0,No,No,22,Yes,No,No,No internet service,No internet service,No internet service,No internet service,No internet service,No internet service,Month-to-month,Yes,Credit card (automatic),18.2,352.08,No
C-a8f8e505,Female,0,No,No,11,No,No phone service,Fiber optic,No internet service,Yes,No,No,No,Yes,Month-to-month,No,Bank transfer (automatic),55.94,641.64,Yes
C-1903aac1,Male,0,Yes,Yes,43,Yes,No,Fiber optic,Yes,Yes,No internet service,Yes,Yes,Yes,Month-to-month,No,Bank transfer (automatic),71.89,3097.71,Yes
C-3698fe73,Female,0,No,No,7,Yes,No phone service,No,No internet service,No internet service,No internet service,No internet service,No internet service,No internet service,Two year,Yes,Bank transfer (automatic),19.4,127.27,No
C-97606926,Female,0,Yes,Yes,65,Yes,No phone service,Fiber optic,No,No internet service,Yes,Yes,No,No,Two year,No,Bank transfer (automatic),46.95,3078.09,No
C-6aa538cf,Female,0,Yes,Yes,51,Yes,No phone service,No,No internet service,No internet service,No internet service,No internet service,No internet service,No internet service,Two year,No,Bank transfer (automatic),20.11,1018.9,No
C-135418ee,Male,0,No,Yes,1,Yes,Yes,DSL,No,No,No,Yes,Yes,No,One year,Yes,Mailed check,35.06,52.4,No
C-ad05fb47,Female,0,Yes,No,68,Yes,No,DSL,No internet service,No,No,No,No,Yes,Month-to-month,Yes,Credit card (automatic),33.85,2323.33,No
C-a577f9ae,Male,0,No,Yes,2,Yes,No phone service,DSL,No internet service,No,No,Yes,Yes,No,One year,No,Bank transfer (automatic),36.24,69.28,Yes
C-2d70bd2c,Female,0,No,No,17,Yes,No,DSL,No,Yes,Yes,No,No,No,Two year,No,Credit card (automatic),33.58,582.04,No
C-66d35eae,Female,1,No,No,58,Yes,Yes,DSL,No,No,No,Yes,No,Yes,Month-to-month,Yes,Credit card (automatic),34.23,1977.18,No
C-8112295b,Male,0,Yes,No,11,Yes,No phone service,Fiber optic,No,Yes,No internet service,No,Yes,No,One year,No,Bank transfer (automatic),52.14,605.51,Yes
C-38c273d0,Female,0,Yes,No,26,Yes,No,DSL,Yes,No,Yes,Yes,Yes,No,Two year,Yes,Credit card (automatic),42.97,1108.26,No
C-8ba7965c,Male,0,Yes,No,64,Yes,Yes,Fiber optic,No,No,Yes,No,No,Yes,One year,Yes,Bank transfer (automatic),53.99,3451.31,No
C-45fba03f,Female,0,Yes,No,13,Yes,Yes,DSL,No,Yes,Yes,No,Yes,Yes,Month-to-month,Yes,Bank transfer (automatic),50.76,691.44,Yes
C-ef3c6d21,Female,0,Yes,Yes,23,Yes,No,Fiber optic,No,No,No,No,Yes,No,Two year,No,Bank transfer (automatic),42.72,1021.82,No
C-3024bcac,Male,0,Yes,Yes,42,Yes,No,Fiber optic,No,No,No,Yes,No,No,Month-to-month,Yes,Mailed check,45.35,1872.02,No
C-3c1054f4,Male,0,No,Yes,8,Yes,No,Fiber optic,No,No,No,No,Yes,No,Two year,Yes,Mailed check,47.12,370.11,No
C-5708ac95,Male,0,No,No,33,Yes,No phone service,DSL,Yes,No internet service,No,Yes,No internet service,No,Month-to-month,No,Credit card (automatic),36.33,1178.86,No
C-eed92d6e,Female,0,Yes,No,10,Yes,No phone service,DSL,No,Yes,No,Yes,Yes,No,Month-to-month,Yes,Electronic check,44.27,449.15,Yes
C-de4a0305,Female,0,No,No,49,Yes,Yes,DSL,Yes,No,Yes,No,No,No internet service,Month-to-month,Yes,Mailed check,40.41,1973.54,No
C-0679910d,Female,0,Yes,No,12,Yes,No,Fiber optic,Yes,No,No,No,Yes,Yes,Month-to-month,Yes,Mailed check,57.29,675.21,No
C-e93b8bcb,Male,0,No,No,19,Yes,No,DSL,No,Yes,No,No,No internet service,No,One year,No,Mailed check,36.71,687.37,Yes
C-25272c4b,Female,0,Yes,No,13,Yes,Yes,No,No internet service,No internet service,No internet service,No internet service,No internet service,No internet service,One year,Yes,Credit card (automatic),19.73,255.1,No
C-20913682,Male,0,Yes,No,50,Yes,No,DSL,Yes,Yes,No,No,No,No,One year,No,Credit card (automatic),33.05,1655.39,No
C-826db566,Male,0,No,No,9,No,No phone service,No,No internet service,No internet service,No internet service,No internet service,No internet service,No internet service,One year,No,Electronic check,18.0,160.49,No
C-1e050171,Male,0,Yes,Yes,35,Yes,Yes,Fiber optic,No internet service,No,Yes,No,Yes,Yes,Two year,Yes,Mailed check,57.62,2009.28,No
C-20244616,Male,0,Yes,No,22,No,No phone service,DSL,No,Yes,No,No,Yes,Yes,Month-to-month,Yes,Electronic check,42.53,911.78,No
C-68393479,Female,0,Yes,No,40,Yes,No,Fiber optic,Yes,No,Yes,Yes,Yes,No,Month-to-month,Yes,Credit card (automatic),59.63,2377.85,Yes
C-1d0f6c7e,Male,0,No,Yes,62,Yes,No,Fiber optic,No,Yes,Yes,No,Yes,No,Two year,No,Electronic check,59.63,3693.15,No
C-474813e0,Male,0,Yes,No,66,Yes,Yes,DSL,No internet service,No,No,Yes,Yes,No,One year,Yes,Mailed check,35.19,2313.58,No
C-a507fa1d,Female,0,No,Yes,21,Yes,No,Fiber optic,No,No,No,No,Yes,Yes,Two year,Yes,Electronic check,54.38,1188.89,No
C-1ae45dde,Male,0,Yes,Yes,53,Yes,No,Fiber optic,No,No,Yes,No,Yes,Yes,Month-to-month,Yes,Mailed check,60.02,3168.23,Yes
C-25988398,Male,0,Yes,Yes,15,Yes,No,DSL,Yes,No,No,No,No,No internet service,One year,Yes,Bank transfer (automatic),31.65,446.87,No
C-febc5506,Male,0,Yes,No,53,Yes,No,DSL,Yes,No internet service,No,No internet service,Yes,No,Month-to-month,No,Bank transfer (automatic),39.44,2064.49,Yes
C-a00bd103,Male,0,No,No,58,No,No phone service,Fiber optic,Yes,No,No,Yes,No,Yes,Two year,Yes,Electronic check,54.62,3166.09,No
C-c672fee5,Male,0,No,Yes,13,No,No phone service,No,No internet service,No internet service,No internet service,No internet service,No internet service,No internet service,Month-to-month,Yes,Mailed check,18.0,206.42,Yes
C-352f03ea,Male,0,Yes,No,6,Yes,Yes,DSL,No,No,No,No,No,No,Two year,No,Bank transfer (automatic),29.52,178.36,No
C-a1a63a6e,Female,0,No,Yes,68,Yes,Yes,Fiber optic,No internet service,Yes,No internet service,No,No,No,One year,Yes,Electronic check,42.76,2882.03,No
C-d30e8863,Male,0,Yes,Yes,59,Yes,No phone service,Fiber optic,No,Yes,Yes,Yes,No,No,Two year,Yes,Electronic check,55.0,3233.94,No
C-a91a2fc3,Male,0,No,No,19,Yes,Yes,Fiber optic,Yes,No,Yes,No,No,No,One year,Yes,Electronic check,52.75,978.91,No
C-1d55951f,Male,1,No,No,46,Yes,No,Fiber optic,No internet service,Yes,Yes,No,Yes,No internet service,Month-to-month,No,Electronic check,54.62,2499.27,No
C-7293c675,Male,1,No,Yes,37,Yes,Yes,DSL,No,No,No,No,No,Yes,Month-to-month,Yes,Credit card (automatic),37.31,1357.92,No
C-92e07d6f,Female,1,Yes,Yes,19,Yes,Yes,No,No internet service,No internet service,No internet service,No internet service,No internet service,No internet service,Two year,No,Electronic check,23.6,441.21,No
C-18a9f23b,Male,0,Yes,Yes,40,Yes,Yes,Fiber optic,No,No,Yes,No,No,No,One year,No,Mailed check,46.59,1840.08,No
C-d8b30746,Male,1,Yes,No,42,Yes,No,DSL,No,Yes,No,No,Yes,Yes,Month-to-month,Yes,Credit card (automatic),37.46,1574.26,Yes
C-46f02680,Male,0,Yes,No,36,Yes,Yes,DSL,Yes,Yes,No,No,Yes,Yes,Month-to-month,No,Mailed check,51.39,1862.27,No
C-1299cb2e,Male,0,No,No,12,Yes,No,DSL,No,No,No,No,No,Yes,Two year,Yes,Electronic check,34.21,424.92,No
C-ee278173,Female,0,No,Yes,16,Yes,No phone service,DSL,No,No,No,No,No internet service,No,Two year,Yes,Bank transfer (automatic),26.28,445.05,No
C-51cfa1aa,Female,0,Yes,Yes,59,Yes,No,Fiber optic,No,No,No,No,Yes,Yes,Month-to-month,No,Bank transfer (automatic),53.62,3137.16,No
C-44c24ae0,Female,0,No,Yes,39,Yes,Yes,No,No internet service,No internet service,No internet service,No internet service,No internet service,No internet service,Two year,Yes,Bank transfer (automatic),22.43,867.26,No
C-70c074c4,Male,0,No,No,1,Yes,Yes,DSL,No,No,No internet service,Yes,Yes,No,Month-to-month,Yes,Bank transfer (automatic),36.12,31.27,Yes
C-8462b780,Male,0,No,Yes,34,Yes,No phone service,DSL,No,No internet service,Yes,Yes,Yes,Yes,One year,No,Mailed check,52.36,1775.6,No
C-d69de3ef,Male,0,Yes,Yes,49,Yes,Yes,Fiber optic,No internet service,No,No internet service,No,No,No internet service,Two year,Yes,Credit card (automatic),36.09,1761.24,No
C-ecebb65e,Male,0,Yes,Yes,61,Yes,Yes,Fiber optic,Yes,No,No,Yes,Yes,No,Month-to-month,No,Credit card (automatic),58.67,3550.18,Yes
C-debac258,Female,1,No,Yes,0,Yes,No,No,No internet service,No internet service,No internet service,No internet service,No internet service,No internet service,Month-to-month,Yes,Mailed check,27.28,15.43,Yes
C-1a713bd4,Female,0,No,No,18,Yes,Yes,Fiber optic,Yes,No,No internet service,Yes,No,No internet service,Month-to-month,Yes,Electronic check,51.9,947.58,Yes
C-ba2ef623,Female,0,No,Yes,2,Yes,Yes,Fiber optic,No,No,No,No,No,Yes,One year,Yes,Credit card (automatic),45.43,110.06,No
C-0fc0f524,Male,0,No,No,0,No,No phone service,Fiber optic,Yes,No,No,Yes,Yes,No,Two year,Yes,Mailed check,56.15,0.0,Yes
C-7d5ec66c,Female,0,Yes,No,41,Yes,Yes,Fiber optic,No,No,No,No,No,Yes,Two year,No,Mailed check,41.42,1704.52,No
C-2bee8ad9,Male,0,Yes,No,16,Yes,Yes,DSL,Yes,Yes,Yes,Yes,No,Yes,Month-to-month,No,Bank transfer (automatic),60.94,925.31,Yes
C-1b3c6cc7,Male,0,Yes,No,15,Yes,Yes,DSL,No,Yes,No,No,Yes,No,Month-to-month,No,Mailed check,32.25,512.32,No
C-8d167706,Male,0,No,No,3,Yes,No,Fiber optic,No,No internet service,No,Yes,No,No internet service,Month-to-month,No,Bank transfer (automatic),42.72,116.1,Yes
C-30a57bdb,Male,0,Yes,No,1,Yes,No,DSL,Yes,No,No,Yes,No internet service,Yes,Month-to-month,Yes,Electronic check,38.77,26.2,Yes
C-10b17859,Male,0,No,Yes,48,Yes,No phone service,DSL,No internet service,No,No,No,No,No,Month-to-month,No,Bank transfer (automatic),23.35,1114.1,No
C-350e9218,Female,1,Yes,No,70,Yes,No,Fiber optic,No,Yes,Yes,No internet service,No,No,Two year,Yes,Bank transfer (automatic),49.63,3482.29,No
C-51fd12b0,Female,1,No,No,58,Yes,No,DSL,Yes,No internet service,No,Yes,Yes,Yes,Month-to-month,No,Bank transfer (automatic),48.86,2830.72,No
C-0844e700,Female,0,Yes,No,56,Yes,No,Fiber optic,Yes,No internet service,Yes,No,No,No,Two year,No,Electronic check,50.75,2861.18,No
C-ca45cee5,Female,0,No,No,62,Yes,No phone service,DSL,No,No,No,No internet service,Yes,No,Month-to-month,Yes,Credit card (automatic),27.28,1679.92,No
C-7dce912a,Male,0,Yes,No,69,Yes,No,Fiber optic,Yes,No,No,No,No,Yes,Month-to-month,Yes,Bank transfer (automatic),54.4,3745.67,No
C-79d4f09a,Female,0,Yes,No,26,Yes,Yes,Fiber optic,Yes,Yes,No,No,No,Yes,Month-to-month,Yes,Electronic check,59.46,1547.19,Yes
C-00797227,Male,0,No,No,49,Yes,Yes,DSL,No,No,Yes,No,No,No internet service,Month-to-month,Yes,Electronic check,34.35,1673.55,Yes
C-798e1c96,Male,0,Yes,No,7,Yes,Yes,No,No internet service,No internet service,No internet service,No internet service,No internet service,No internet service,One year,Yes,Credit card (automatic),18.51,110.71,No
C-a10bfd58,Female,1,No,No,53,Yes,No,Fiber optic,No internet service,No,Yes,No,No,Yes,Month-to-month,No,Credit card (automatic),50.98,2694.16,Yes
C-162cefd3,Female,0,Yes,No,43,Yes,Yes,No,No internet service,No internet service,No internet service,No internet service,No internet service,No internet service,Month-to-month,No,Bank transfer (automatic),22.06,983.85,No
C-4ab6d838,Male,0,Yes,No,48,Yes,No phone service,No,No internet service,No internet service,No internet service,No internet service,No internet service,No internet service,Month-to-month,Yes,Mailed check,20.38,968.93,Yes
C-6b523d50,Male,0,Yes,Yes,33,No,No phone service,No,No internet service,No internet service,No internet service,No internet service,No internet service,No internet service,Two year,Yes,Mailed check,18.0,612.16,No
C-ad18de76,Male,0,No,No,9,Yes,No,Fiber optic,No,No,No,Yes,Yes,Yes,Month-to-month,No,Credit card (automatic),57.73,527.89,Yes
C-a8118b8e,Male,0,Yes,No,42,Yes,No,No,No internet service,No internet service,No internet service,No internet service,No internet service,No internet service,Month-to-month,Yes,Credit card (automatic),22.66,982.71,No
C-1ee9015b,Female,0,No,No,28,Yes,Yes,DSL,No,No internet service,No internet service,No,Yes,No,Month-to-month,Yes,Electronic check,29.95,882.32,Yes
C-c81131c5,Male,0,No,No,43,Yes,Yes,Fiber optic,Yes,No,No,No,Yes,No,One year,Yes,Bank transfer (automatic),59.7,2554.17,No
C-1c7cb464,Male,0,Yes,No,44,Yes,Yes,DSL,Yes,No,Yes,No,No,Yes,One year,Yes,Bank transfer (automatic),39.78,1736.61,No
C-d16d7f16,Male,0,Yes,No,62,No,No phone service,DSL,No,No,No,No,No,No,Two year,No,Bank transfer (automatic),25.77,1561.62,No
C-0daed195,Male,0,Yes,No,19,Yes,Yes,Fiber optic,No internet service,No internet service,No,Yes,No,No,Month-to-month,Yes,Electronic check,49.53,967.19,No
C-001427b1,Female,0,Yes,Yes,45,Yes,No,Fiber optic,Yes,No,Yes,No,No,No,Month-to-month,No,Credit card (automatic),47.54,2142.31,No
C-395135e7,Female,0,Yes,No,1,Yes,No,DSL,Yes,Yes,Yes,No,No,No internet service,One year,Yes,Credit card (automatic),48.22,37.67,Yes
C-7187edbe,Male,0,Yes,No,47,Yes,Yes,No,No internet service,No internet service,No internet service,No internet service,No internet service,No internet service,Two year,Yes,Credit card (automatic),21.96,1035.41,Yes
C-13931b48,Male,0,Yes,Yes,15,Yes,Yes,Fiber optic,No internet service,Yes,Yes,No internet service,No,Yes,One year,No,Bank transfer (automatic),57.48,796.47,No
C-c9995962,Female,0,Yes,No,12,No,No phone service,Fiber optic,No,No,Yes,No,Yes,No,Month-to-month,Yes,Mailed check,54.81,674.31,Yes
C-74ceb7d9,Male,0,Yes,No,31,Yes,No,Fiber optic,No,Yes,No,No internet service,No internet service,No internet service,Month-to-month,Yes,Credit card (automatic),47.07,1425.51,No
C-09ae059f,Male,1,No,Yes,40,Yes,Yes,No,No internet service,No internet service,No internet service,No internet service,No internet service,No internet service,Month-to-month,Yes,Bank transfer (automatic),19.87,802.46,No
C-8d55a733,Female,0,No,Yes,60,Yes,Yes,Fiber optic,Yes,Yes,No,Yes,No,No,Month-to-month,Yes,Electronic check,58.88,3524.32,Yes
C-11666f46,Female,0,Yes,Yes,14,Yes,Yes,No,No internet service,No internet service,No internet service,No internet service,No internet service,No internet service,Month-to-month,Yes,Electronic check,19.3,302.06,Yes
C-03186338,Male,0,Yes,No,26,Yes,No phone service,Fiber optic,No,Yes,No,Yes,Yes,Yes,Two year,No,Credit card (automatic),62.12,1645.1,No
C-f448a129,Male,0,Yes,No,25,Yes,Yes,DSL,No,Yes,No,Yes,No internet service,No,One year,No,Electronic check,29.84,725.15,No
C-0c36ec36,Male,0,Yes,No,62,Yes,Yes,DSL,No,No,Yes,No internet service,No,Yes,Month-to-month,Yes,Mailed check,37.3,2299.75,No
C-66ca6831,Male,0,Yes,Yes,65,Yes,No,DSL,Yes,No,No,No,No,Yes,Month-to-month,No,Bank transfer (automatic),32.93,2142.91,No
C-ed4ccb65,Female,0,Yes,No,19,No,No phone service,Fiber optic,Yes,Yes,Yes,No,No,No,Two year,Yes,Credit card (automatic),56.8,1098.19,No
C-c3ce737b,Female,0,No,No,30,Yes,No,DSL,No internet service,Yes,Yes,Yes,Yes,Yes,Month-to-month,Yes,Credit card (automatic),50.96,1551.49,No
C-9b517898,Male,0,Yes,No,62,Yes,Yes,Fiber optic,No internet service,No,Yes,No internet service,No,Yes,One year,Yes,Credit card (automatic),50.2,3101.25,No
C-3f8f8564,Male,0,Yes,No,65,Yes,Yes,Fiber optic,No,Yes,No,No,No,No,Two year,Yes,Credit card (automatic),41.47,2672.13,No
C-e7b9d757,Male,1,Yes,No,72,Yes,Yes,No,No internet service,No internet service,No internet service,No internet service,No internet service,No internet service,One year,No,Electronic check,18.0,1286.43,No
C-b4b35db4,Female,0,No,No,72,Yes,No,DSL,No,No,Yes,No,No,No,Month-to-month,No,Bank transfer (automatic),30.66,2219.13,No
C-62099c68,Female,0,No,No,35,Yes,Yes,Fiber optic,No internet service,No,No,Yes,No,Yes,Two year,No,Electronic check,48.43,1736.74,No
C-daaae6d4,Female,0,No,Yes,64,Yes,No,No,No internet service,No internet service,No internet service,No internet service,No internet service,No internet service,Month-to-month,No,Electronic check,18.0,1145.18,No
C-760680cd,Female,0,Yes,Yes,28,Yes,No,Fiber optic,No,No,No internet service,Yes,No,Yes,Month-to-month,Yes,Mailed check,53.77,1512.8,Yes
C-0488954f,Male,0,No,No,39,Yes,Yes,Fiber optic,No,Yes,No,No,No,No internet service,One year,No,Mailed check,46.97,1810.89,No
C-fad7b404,Male,0,No,Yes,14,Yes,Yes,Fiber optic,Yes,No,No internet service,No,Yes,No,Month-to-month,Yes,Electronic check,53.55,741.77,Yes
C-07bc74dc,Female,0,Yes,No,55,Yes,Yes,DSL,No,No,Yes,No,Yes,Yes,One year,Yes,Mailed check,40.63,2227.5,No
C-46978c4e,Male,0,Yes,No,2,Yes,No,No,No internet service,No internet service,No internet service,No internet service,No internet service,No internet service,Month-to-month,Yes,Electronic check,18.0,0.55,Yes
C-ba875164,Male,0,Yes,Yes,0,Yes,No phone service,No,No internet service,No internet service,No internet service,No internet service,No internet service,No internet service,One year,Yes,Bank transfer (automatic),19.49,1.93,No
C-cc734ff5,Female,1,Yes,No,23,Yes,Yes,DSL,No,No,No,No internet service,No,Yes,Two year,No,Electronic check,32.18,727.49,No
C-dc03a56a,Female,0,No,No,19,Yes,Yes,Fiber optic,No,No,No,Yes,Yes,No,Month-to-month,Yes,Bank transfer (automatic),49.09,917.78,No
C-cb6a6824,Female,0,Yes,No,14,Yes,No,No,No internet service,No internet service,No internet service,No internet service,No internet service,No internet service,Month-to-month,Yes,Bank transfer (automatic),23.32,308.61,No
C-a63cae17,Male,0,No,No,72,Yes,No,No,No internet service,No internet service,No internet service,No internet service,No internet service,No internet service,One year,No,Bank transfer (automatic),18.0,1260.04,No
C-722217a9,Male,0,No,Yes,53,Yes,Yes,DSL,No internet service,Yes,No,Yes,No internet service,No internet service,Two year,Yes,Electronic check,31.22,1626.23,No
C-50cdece1,Female,0,Yes,Yes,11,No,No phone service,Fiber optic,No,Yes,No internet service,No,Yes,Yes,One year,Yes,Credit card (automatic),56.4,631.37,No
C-dd1be797,Male,0,No,No,14,Yes,No,DSL,No,Yes,No,Yes,Yes,Yes,Month-to-month,Yes,Electronic check,47.43,667.59,No
C-edd08c7b,Male,1,No,No,67,Yes,No phone service,Fiber optic,No,No,Yes,No,No internet service,Yes,Month-to-month,Yes,Credit card (automatic),55.34,3701.46,Yes
C-c0387c7c,Female,0,No,No,57,Yes,No,Fiber optic,No,No,Yes,Yes,No,No,Two year,Yes,Bank transfer (automatic),52.27,2994.75,No
C-f5c3735e,Female,0,No,Yes,3,Yes,No,No,No internet service,No internet service,No internet service,No internet service,No internet service,No internet service,One year,No,Credit card (automatic),18.2,42.31,No
C-4490671d,Male,1,No,Yes,3,Yes,No,No,No internet service,No internet service,No internet service,No internet service,No internet service,No internet service,One year,Yes,Electronic check,23.52,64.11,Yes
C-67d25f00,Male,0,No,No,63,Yes,No,Fiber optic,Yes,No,No,No internet service,Yes,No,Month-to-month,No,Mailed check,52.16,3284.4,No
C-7a6773d2,Male,1,No,Yes,68,Yes,Yes,DSL,Yes,No,No,Yes,Yes,No,Month-to-month,Yes,Mailed check,39.97,2715.65,No
C-f974ea40,Female,1,No,No,69,Yes,Yes,No,No internet service,No internet service,No internet service,No internet service,No internet service,No internet service,Two year,No,Bank transfer (automatic),18.76,1290.49,No
C-bd94a271,Male,1,Yes,No,14,Yes,No,Fiber optic,No,No,No,No,No,No internet service,Month-to-month,Yes,Mailed check,41.1,553.88,Yes
C-fbbba53b,Female,0,No,No,5,Yes,No,DSL,No internet service,No,Yes,No,No,No,Month-to-month,No,Mailed check,30.38,134.33,Yes
C-c857b7dc,Male,0,No,No,42,No,No phone service,No,No internet service,No internet service,No internet service,No internet service,No internet service,No internet service,One year,Yes,Bank transfer (automatic),26.1,1111.43,No
C-cfaafccd,Female,0,No,No,3,Yes,Yes,Fiber optic,No internet service,Yes,No,No,No,Yes,Two year,No,Mailed check,55.06,162.84,Yes
C-ce8aae0d,Male,0,No,No,2,Yes,Yes,Fiber optic,No,Yes,No,No,No,Yes,Month-to-month,Yes,Credit card (automatic),49.33,102.16,Yes
C-0f471a88,Male,0,No,No,41,Yes,Yes,Fiber optic,No,No,No internet service,No internet service,No,No,Month-to-month,Yes,Bank transfer (automatic),44.25,1815.01,Yes
C-af71e5d0,Female,0,No,No,69,Yes,No,Fiber optic,Yes,Yes,No,No,No,Yes,Month-to-month,Yes,Bank transfer (automatic),61.54,4226.29,No
C-2e0c1efd,Male,0,Yes,Yes,25,Yes,Yes,Fiber optic,No,No,No,No,No,No,One year,Yes,Credit card (automatic),35.03,869.31,No
C-3658d141,Male,0,No,Yes,36,Yes,Yes,No,No internet service,No internet service,No internet service,No internet service,No internet service,No internet service,One year,Yes,Bank transfer (automatic),19.34,727.59,Yes
C-e6caaec6,Female,0,Yes,No,60,Yes,No phone service,Fiber optic,Yes,Yes,Yes,No,No,Yes,Month-to-month,Yes,Bank transfer (automatic),64.42,3853.48,No
C-560f4d20,Male,0,No,No,51,Yes,No phone service,No,No internet service,No internet service,No internet service,No internet service,No internet service,No internet service,Two year,Yes,Bank transfer (automatic),18.3,956.54,Yes
C-b8557c0f,Female,0,No,No,35,Yes,No,DSL,No,Yes,Yes,No,No internet service,Yes,One year,No,Electronic check,47.15,1643.76,No
C-fd2041b9,Male,0,Yes,No,63,Yes,No,Fiber optic,No,Yes,No internet service,No,Yes,No,Two year,Yes,Credit card (automatic),43.97,2753.22,No
C-3149cbc5,Female,0,No,Yes,35,Yes,No phone service,DSL,No,No,Yes,No,Yes,No,Month-to-month,Yes,Credit card (automatic),35.27,1232.84,Yes
C-430c7a01,Male,0,Yes,No,10,Yes,No,DSL,No internet service,No internet service,No,No,Yes,Yes,Two year,Yes,Electronic check,39.19,420.24,No
C-59cc3c2b,Female,0,Yes,No,9,Yes,No,DSL,No,No,No,No internet service,No,Yes,Month-to-month,Yes,Credit card (automatic),33.88,314.49,Yes
C-168faaaa,Male,0,No,No,0,Yes,Yes,Fiber optic,No,No,Yes,No internet service,Yes,No,Two year,No,Credit card (automatic),54.12,17.93,Yes
C-b45e8449,Female,0,No,Yes,9,Yes,No,Fiber optic,No,No,Yes,No,No,Yes,Two year,Yes,Electronic check,52.02,494.31,No
C-0ca2e250,Male,0,Yes,No,0,Yes,Yes,DSL,No,No internet service,No,No,Yes,No,Month-to-month,No,Bank transfer (automatic),29.62,6.61,No
C-dbdc81e6,Male,0,No,No,61,Yes,No phone service,DSL,No,Yes,Yes,No,No,No,Two year,Yes,Mailed check,36.62,2224.28,No
C-5a55dcbf,Female,0,No,Yes,55,Yes,No phone service,Fiber optic,No,No,No,No,No,Yes,One year,No,Electronic check,40.5,2244.34,Yes
C-d6e70b06,Female,0,No,Yes,5,Yes,No phone service,DSL,No,No,No,No,No,Yes,One year,No,Bank transfer (automatic),29.85,134.12,Yes
C-7ea65e63,Female,0,Yes,No,7,Yes,No,DSL,Yes,Yes,No,Yes,Yes,No,Two year,Yes,Electronic check,50.38,348.09,No
C-8a59d1e5,Male,0,No,No,50,Yes,No,DSL,Yes,Yes,Yes,No,No,No,Month-to-month,No,Mailed check,42.47,2141.93,Yes
C-42d71619,Female,0,Yes,No,32,Yes,Yes,Fiber optic,No internet service,No,No,No,No,Yes,One year,Yes,Credit card (automatic),46.96,1527.63,No
C-aface050,Female,0,No,No,8,Yes,Yes,Fiber optic,Yes,No,No,No,No,Yes,Month-to-month,Yes,Electronic check,49.81,434.77,Yes
C-f4162fa3,Female,0,Yes,No,3,Yes,Yes,DSL,No,Yes,No,Yes,No,Yes,Month-to-month,No,Electronic check,44.22,179.5,Yes
C-a2d4148a,Male,0,No,Yes,30,Yes,No phone service,DSL,No,No,No internet service,No,No,Yes,One year,Yes,Mailed check,28.69,849.88,No
C-731e1002,Female,0,No,Yes,47,Yes,Yes,DSL,Yes,No,No internet service,No,No,No internet service,Two year,Yes,Credit card (automatic),32.26,1559.7,No
C-ce732d33,Female,0,Yes,No,45,No,No phone service,No,No internet service,No internet service,No internet service,No internet service,No internet service,No internet service,Month-to-month,Yes,Credit card (automatic),21.77,973.59,No
C-ca83e431,Female,1,Yes,No,69,Yes,Yes,No,No internet service,No internet service,No internet service,No internet service,No internet service,No internet service,Month-to-month,Yes,Electronic check,19.88,1405.94,No
C-bf2d223d,Male,0,Yes,Yes,13,Yes,No,Fiber optic,No,No,No,No,No,No,Month-to-month,Yes,Mailed check,38.33,490.84,Yes
C-6a08567f,Male,0,Yes,No,24,Yes,No,Fiber optic,No,Yes,No,No,Yes,Yes,One year,Yes,Bank transfer (automatic),55.06,1301.36,No
C-22670f58,Male,0,Yes,No,39,Yes,No,Fiber optic,No,No,No,No,Yes,No,Month-to-month,No,Electronic check,45.42,1734.36,Yes
C-5630e4f7,Male,0,No,Yes,45,Yes,Yes,Fiber optic,Yes,Yes,No,Yes,No,No internet service,Two year,No,Credit card (automatic),58.12,2608.32,No
C-14e15209,Female,0,No,No,26,Yes,No,DSL,Yes,No,Yes,No,No,No,Month-to-month,No,Mailed check,32.74,860.23,No
C-8ab1f34e,Female,0,No,No,68,Yes,No phone service,DSL,No internet service,No,No,Yes,No,No,Month-to-month,No,Mailed check,31.42,2112.38,No
C-bf3f96a6,Male,0,Yes,Yes,56,Yes,No,DSL,Yes,No,No,Yes,No,No,Two year,Yes,Mailed check,40.78,2250.74,No
C-2b495a07,Female,0,No,No,32,Yes,No,Fiber optic,No,No,No internet service,No,Yes,Yes,Month-to-month,Yes,Electronic check,52.58,1675.11,Yes
C-2b0c4895,Male,0,No,Yes,12,Yes,Yes,DSL,No internet service,Yes,Yes,No,Yes,No,Two year,Yes,Electronic check,39.43,511.42,No
C-68a28014,Male,0,No,Yes,29,Yes,No,No,No internet service,No internet service,No internet service,No internet service,No internet service,No internet service,Month-to-month,Yes,Credit card (automatic),23.91,678.57,Yes
C-f5f0f32c,Female,0,Yes,No,51,Yes,Yes,No,No internet service,No internet service,No internet service,No internet service,No internet service,No internet service,Month-to-month,Yes,Mailed check,22.28,1115.17,No
C-9e4919c7,Female,0,No,No,49,Yes,Yes,DSL,Yes,No internet service,No,Yes,Yes,No,Month-to-month,Yes,Mailed check,45.59,2212.65,No
C-440defa1,Male,1,No,No,11,No,No phone service,No,No internet service,No internet service,No internet service,No internet service,No internet service,No internet service,Month-to-month,No,Electronic check,22.11,231.99,Yes
C-5166fd86,Female,0,No,Yes,49,Yes,Yes,Fiber optic,No,No,Yes,No,No,No,Month-to-month,Yes,Bank transfer (automatic),40.66,2000.13,Yes
C-c64523fd,Female,0,No,Yes,24,Yes,Yes,Fiber optic,Yes,Yes,Yes,Yes,Yes,No internet service,Month-to-month,Yes,Electronic check,67.48,1623.99,Yes
C-1ae83431,Male,0,Yes,No,53,Yes,No,No,No internet service,No internet service,No internet service,No internet service,No internet service,No internet service,Two year,Yes,Bank transfer (automatic),20.46,1125.57,No
C-30d98065,Female,0,Yes,Yes,44,Yes,No,Fiber optic,No,Yes,Yes,No,No,No,Month-to-month,Yes,Credit card (automatic),50.59,2219.46,Yes
C-2da764fa,Male,0,No,Yes,20,Yes,No,DSL,No,Yes,No,Yes,No,No,Month-to-month,No,Electronic check,40.71,823.43,Yes
C-1d10ed2e,Male,0,Yes,No,26,Yes,Yes,No,No internet service,No internet service,No internet service,No internet service,No internet service,No internet service,Month-to-month,Yes,Mailed check,18.52,459.61,Yes
C-20459b25,Female,0,No,Yes,52,Yes,No,No,No internet service,No internet service,No internet service,No internet service,No internet service,No internet service,One year,Yes,Electronic check,18.0,935.8,No
C-17da1395,Female,1,No,Yes,39,Yes,No phone service,Fiber optic,Yes,No,No,No,Yes,Yes,Two year,No,Electronic check,60.98,2427.73,No
C-93b7f9ea,Female,0,No,Yes,50,Yes,No,DSL,No,Yes,Yes,No,No,Yes,Month-to-month,Yes,Mailed check,41.17,2048.6,No
C-820fc0d0,Female,0,No,No,61,Yes,No,Fiber optic,Yes,Yes,No,No,Yes,Yes,Month-to-month,Yes,Bank transfer (automatic),58.7,3581.56,No
C-a77e578b,Male,0,Yes,No,25,Yes,No,Fiber optic,No,No,No,No,Yes,No,Month-to-month,No,Credit card (automatic),45.79,1124.16,No
C-bd0219bd,Male,1,No,Yes,51,Yes,Yes,DSL,No,No,No,No internet service,No,Yes,Month-to-month,Yes,Electronic check,31.7,1605.1,Yes
C-b80f6b27,Female,0,Yes,No,59,No,No phone service,No,No internet service,No internet service,No internet service,No internet service,No internet service,No internet service,Month-to-month,Yes,Electronic check,21.59,1266.39,Yes
C-c81c0b55,Female,0,No,No,40,No,No phone service,Fiber optic,Yes,No internet service,Yes,No,No internet service,Yes,Month-to-month,Yes,Credit card (automatic),55.37,2202.87,Yes
C-9f3b405d,Male,0,Yes,No,13,Yes,Yes,DSL,No,No,No,Yes,No internet service,No internet service,Month-to-month,Yes,Mailed check,30.12,416.95,No
C-7ff5a725,Female,0,Yes,No,55,Yes,No,Fiber optic,Yes,No,No,No,No internet service,No,Month-to-month,Yes,Credit card (automatic),42.85,2352.62,No
C-c5325bbc,Female,1,No,No,70,Yes,No phone service,Fiber optic,No,No internet service,Yes,No,Yes,No,Month-to-month,Yes,Bank transfer (automatic),48.87,3427.35,No
C-e1ee2943,Male,1,Yes,Yes,32,Yes,No,Fiber optic,No,No,No,No,No,Yes,Two year,Yes,Bank transfer (automatic),46.18,1485.68,No
C-a4df15c4,Female,0,No,No,71,Yes,Yes,DSL,Yes,Yes,No,Yes,No,No,Month-to-month,Yes,Electronic check,42.43,3020.62,No
C-1facbf19,Male,0,Yes,Yes,21,Yes,No,DSL,No internet service,No,No,Yes,No,No,One year,No,Electronic check,24.69,512.96,No
C-194e826f,Male,0,No,No,55,Yes,No,Fiber optic,No,No,No,No,Yes,Yes,Month-to-month,Yes,Electronic check,52.08,2864.94,No
C-2c2c199a,Male,0,Yes,No,23,Yes,No,No,No internet service,No internet service,No internet service,No internet service,No internet service,No internet service,Month-to-month,Yes,Credit card (automatic),26.79,610.62,Yes
C-5468f8fe,Female,1,No,No,56,No,No phone service,Fiber optic,No,No,No,No,No,No,Two year,Yes,Bank transfer (automatic),39.87,2257.61,No
C-99143c09,Female,0,No,No,3,Yes,No,No,No internet service,No internet service,No internet service,No internet service,No internet service,No internet service,One year,Yes,Electronic check,25.62,71.0,No
C-8b5dcdad,Male,0,Yes,Yes,30,Yes,No,DSL,Yes,No,No,No,No,Yes,One year,Yes,Electronic check,38.07,1156.67,No
C-4cb05f25,Male,0,Yes,No,59,Yes,No,Fiber optic,Yes,Yes,Yes,Yes,No,Yes,Month-to-month,Yes,Credit card (automatic),63.43,3741.97,Yes
C-02f09516,Male,1,No,No,31,Yes,Yes,DSL,Yes,No internet service,No,Yes,Yes,Yes,Month-to-month,Yes,Credit card (automatic),45.4,1402.15,No
C-bacb87b8,Male,0,No,No,15,Yes,No,No,No internet service,No internet service,No internet service,No internet service,No internet service,No internet service,Month-to-month,Yes,Bank transfer (automatic),25.01,401.61,Yes
C-e614b3d4,Male,0,No,No,42,Yes,No,No,No internet service,No internet service,No internet service,No internet service,No internet service,No internet service,One year,Yes,Credit card (automatic),26.37,1107.53,No
C-97877475,Male,0,No,No,46,Yes,No,DSL,No,Yes,No,Yes,Yes,No internet service,Two year,Yes,Mailed check,42.89,1964.12,No
C-eb5fe22c,Male,0,No,Yes,5,Yes,Yes,Fiber optic,No internet service,No,No,No,No,No,Month-to-month,No,Bank transfer (automatic),42.81,215.53,Yes
C-68d38fae,Female,0,Yes,No,0,Yes,No,No,No internet service,No internet service,No internet service,No internet service,No internet service,No internet service,Month-to-month,Yes,Bank transfer (automatic),18.76,0.0,Yes
C-85687acf,Male,0,No,No,42,Yes,No phone service,Fiber optic,Yes,No internet service,No,No,No,No,Month-to-month,Yes,Mailed check,43.21,1807.65,No
C-a77cbc4f,Male,1,No,No,51,Yes,No,Fiber optic,Yes,No,No,No,No,No,One year,Yes,Electronic check,45.23,2336.21,No
C-8bb6264c,Female,0,No,No,12,Yes,No phone service,Fiber optic,No internet service,Yes,No,No internet service,Yes,No internet service,One year,Yes,Mailed check,52.06,620.01,No
C-4585188a,Female,0,No,No,13,Yes,No,No,No internet service,No internet service,No internet service,No internet service,No internet service,No internet service,Two year,Yes,Mailed check,19.97,306.56,No
C-597b7c12,Female,0,No,No,35,Yes,No,Fiber optic,No,Yes,No,No,Yes,Yes,Month-to-month,No,Mailed check,55.39,1948.68,Yes
C-b4df8fb4,Male,0,Yes,Yes,72,No,No phone service,Fiber optic,No internet service,Yes,No,No,Yes,No internet service,Month-to-month,Yes,Electronic check,47.55,3415.11,Yes
C-c9f36c43,Male,0,Yes,No,13,Yes,Yes,DSL,No,Yes,Yes,No,Yes,Yes,Month-to-month,Yes,Bank transfer (automatic),49.64,628.3,Yes
C-98a6c1d9,Male,0,Yes,Yes,60,Yes,Yes,Fiber optic,No,Yes,Yes,No internet service,No,No,Two year,Yes,Bank transfer (automatic),52.46,3160.07,No
C-82a68869,Male,0,Yes,Yes,6,Yes,No,DSL,No,No internet service,No internet service,No,No internet service,Yes,One year,Yes,Mailed check,32.71,218.87,No
C-18737123,Male,1,No,Yes,56,Yes,No phone service,Fiber optic,No,No,No,No,No,No,Month-to-month,Yes,Electronic check,40.54,2248.59,Yes
C-ca2e0959,Male,0,No,Yes,3,Yes,No phone service,Fiber optic,No internet service,No,Yes,No,No,No,One year,No,Mailed check,40.61,112.6,Yes
C-2d4a2ca4,Male,0,Yes,No,32,Yes,Yes,No,No internet service,No internet service,No internet service,No internet service,No internet service,No internet service,Month-to-month,Yes,Electronic check,19.68,648.17,Yes
C-b27f5857,Female,0,Yes,No,10,Yes,No,Fiber optic,No,Yes,No,No internet service,No,No internet service,Month-to-month,Yes,Credit card (automatic),49.09,490.93,No
C-94ae84e1,Male,0,Yes,Yes,54,Yes,No,DSL,No,No,No,No,No,No,Two year,No,Bank transfer (automatic),31.3,1674.78,No
C-7d44eda9,Female,0,No,Yes,32,Yes,No,No,No internet service,No internet service,No internet service,No internet service,No internet service,No internet service,Month-to-month,Yes,Mailed check,27.29,869.18,Yes
C-d3d9bad1,Female,0,No,No,30,Yes,No phone service,No,No internet service,No internet service,No internet service,No internet service,No internet service,No internet service,Month-to-month,No,Electronic check,19.58,584.91,Yes
C-dddcd4cf,Female,0,Yes,No,18,No,No phone service,DSL,No,No,No,No,No,No,Month-to-month,Yes,Electronic check,23.93,423.38,No
C-b98c33e2,Male,0,No,No,59,Yes,No phone service,Fiber optic,No,No,Yes,No,No internet service,No,Month-to-month,No,Bank transfer (automatic),40.17,2360.35,No
C-373aca38,Female,0,No,Yes,7,Yes,No,DSL,Yes,Yes,No,No,Yes,No,Month-to-month,No,Mailed check,40.41,296.89,Yes
C-974bfaa3,Male,1,Yes,No,9,Yes,No,Fiber optic,No,Yes,No,No,No internet service,Yes,Month-to-month,Yes,Mailed check,48.23,437.62,Yes
C-937f7949,Female,0,Yes,No,44,Yes,Yes,Fiber optic,No,No,No internet service,No,Yes,Yes,Month-to-month,Yes,Electronic check,50.45,2229.02,Yes
C-4ba8d59d,Female,0,No,No,29,Yes,No,No,No internet service,No internet service,No internet service,No internet service,No internet service,No internet service,One year,No,Electronic check,19.19,528.47,Yes
C-1d150c20,Male,0,No,No,56,Yes,Yes,No,No internet service,No internet service,No internet service,No internet service,No internet service,No internet service,Month-to-month,Yes,Electronic check,19.98,1089.86,No
C-9ddce99c,Female,0,Yes,No,30,Yes,Yes,DSL,Yes,No,Yes,No,No,No,Month-to-month,Yes,Credit card (automatic),36.41,1076.89,No
C-66fbfaa2,Male,0,Yes,Yes,27,Yes,No phone service,Fiber optic,No,No,No,No,No,Yes,Month-to-month,Yes,Bank transfer (automatic),39.71,1070.47,Yes
C-0a87a51f,Male,0,No,No,60,Yes,No,DSL,No,No,Yes,No,No,No,Month-to-month,Yes,Electronic check,31.53,1897.24,No
C-bc64704a,Female,1,No,Yes,52,No,No phone service,Fiber optic,No,Yes,No,Yes,No,No,One year,Yes,Credit card (automatic),51.22,2666.7,No
C-26e36193,Male,0,No,No,40,Yes,Yes,No,No internet service,No internet service,No internet service,No internet service,No internet service,No internet service,One year,No,Credit card (automatic),24.18,954.43,No
C-f6ce5d31,Female,0,No,No,24,No,No phone service,Fiber optic,No,No,No,Yes,Yes,No,One year,No,Mailed check,50.91,1224.08,No
C-20e596e1,Female,0,No,Yes,26,Yes,Yes,No,No internet service,No internet service,No internet service,No internet service,No internet service,No internet service,Month-to-month,Yes,Credit card (automatic),19.56,497.08,Yes
C-f79304d5,Female,0,No,Yes,42,Yes,No,DSL,No,Yes,No,Yes,No,No internet service,One year,No,Bank transfer (automatic),35.41,1480.47,No
C-4d22263d,Male,0,No,No,68,Yes,No,DSL,No,Yes,No,No,Yes,No,Month-to-month,No,Mailed check,35.86,2440.2,No
C-573417c9,Male,0,Yes,Yes,20,Yes,No,Fiber optic,No internet service,No,No,No,No,No,One year,No,Bank transfer (automatic),41.66,815.15,No
C-87ac4b48,Male,0,No,No,56,Yes,No,Fiber optic,No,Yes,No,Yes,Yes,No internet service,One year,Yes,Electronic check,57.98,3218.29,No
C-5b752182,Male,0,No,No,24,Yes,Yes,No,No internet service,No internet service,No internet service,No internet service,No internet service,No internet service,Month-to-month,Yes,Electronic check,24.03,625.91,No
C-a9bdb32c,Male,0,Yes,Yes,43,Yes,No,DSL,Yes,Yes,No,No,Yes,No,One year,No,Electronic check,42.1,1802.45,No
C-36fad989,Male,0,No,No,21,Yes,No,DSL,Yes,Yes,No internet service,No internet service,Yes,Yes,Month-to-month,Yes,Credit card (automatic),46.88,974.41,No
C-af96ee7a,Male,0,No,No,18,Yes,Yes,DSL,No,Yes,Yes,No,Yes,No,Month-to-month,No,Electronic check,42.23,742.95,No
C-58682865,Male,0,Yes,Yes,22,Yes,No phone service,No,No internet service,No internet service,No internet service,No internet service,No internet service,No internet service,Two year,No,Bank transfer (automatic),23.04,487.13,No
C-af95907d,Female,0,Yes,No,62,No,No phone service,No,No internet service,No internet service,No internet service,No internet service,No internet service,No internet service,Month-to-month,No,Credit card (automatic),19.88,1266.19,No
C-397ead7d,Female,0,Yes,No,53,Yes,No,DSL,Yes,No,No,No,No,Yes,Two year,No,Credit card (automatic),37.23,1964.99,No
C-392c06cc,Male,0,Yes,No,30,Yes,No phone service,DSL,Yes,No internet service,No,No,Yes,Yes,Month-to-month,No,Mailed check,42.76,1312.64,Yes
C-f1aa4ad6,Female,0,Yes,No,24,Yes,Yes,No,No internet service,No internet service,No internet service,No internet service,No internet service,No internet service,Two year,Yes,Bank transfer (automatic),21.34,501.81,No
C-e7d58cd3,Male,0,No,No,43,No,No phone service,DSL,Yes,No,Yes,No,No,Yes,Month-to-month,Yes,Bank transfer (automatic),45.8,1950.91,No
C-2cf7fb87,Female,0,Yes,No,0,No,No phone service,Fiber optic,No internet service,No,No,Yes,No,No,Month-to-month,Yes,Credit card (automatic),48.97,1.64,Yes
C-ce95b61d,Male,0,No,No,33,Yes,No phone service,DSL,No,No internet service,Yes,No,Yes,Yes,Month-to-month,No,Bank transfer (automatic),45.45,1499.77,No
C-50cf3312,Female,0,Yes,No,46,Yes,No,No,No internet service,No internet service,No internet service,No internet service,No internet service,No internet service,Month-to-month,Yes,Mailed check,18.43,844.72,No
C-e272b17f,Male,0,Yes,No,67,Yes,No,DSL,No,No internet service,Yes,Yes,No,No,Month-to-month,No,Electronic check,37.86,2526.75,Yes
C-7c5b615a,Female,0,Yes,No,58,Yes,Yes,Fiber optic,Yes,No,Yes,Yes,No internet service,No,One year,No,Mailed check,60.05,3481.98,No
C-e70e0b6d,Female,0,No,No,49,No,No phone service,DSL,No,Yes,No internet service,No,Yes,Yes,Month-to-month,No,Mailed check,36.52,1778.93,No
C-91ef911b,Male,1,Yes,Yes,19,Yes,Yes,DSL,No,Yes,No,No,No,No,One year,No,Credit card (automatic),28.8,562.09,No
C-f234191d,Male,0,No,No,65,Yes,Yes,Fiber optic,Yes,No,Yes,Yes,No,No,Month-to-month,Yes,Mailed check,52.68,3439.14,Yes
C-794c2164,Female,0,No,No,37,Yes,Yes,Fiber optic,No,No,No,No,No,No,Month-to-month,No,Mailed check,46.2,1690.79,No
C-dc27e772,Male,0,Yes,Yes,54,Yes,No,DSL,No,No,No,No,No,No internet service,Two year,No,Electronic check,23.62,1280.83,No
C-775c5921,Male,0,No,Yes,20,Yes,No,No,No internet service,No internet service,No internet service,No internet service,No internet service,No internet service,Month-to-month,No,Credit card (automatic),21.45,428.97,Yes
C-ce787a69,Male,0,No,Yes,8,Yes,No phone service,Fiber optic,Yes,No,Yes,Yes,Yes,No,Two year,Yes,Electronic check,63.62,507.56,No
C-7f033a5c,Male,0,No,No,15,Yes,No,Fiber optic,No,Yes,No,Yes,No,Yes,One year,No,Credit card (automatic),59.03,906.32,No
C-ff9b62d6,Female,1,No,Yes,15,Yes,Yes,Fiber optic,Yes,No,No,No,Yes,No,Two year,Yes,Mailed check,53.04,757.56,No
C-36909ca8,Female,0,No,No,41,Yes,Yes,Fiber optic,Yes,No,No,No internet service,Yes,No,Two year,No,Mailed check,54.59,2225.54,No
C-ace539d8,Male,0,No,No,13,Yes,Yes,DSL,No internet service,No,No,Yes,No,No,Two year,No,Electronic check,31.83,413.0,No
C-cdf7253c,Male,0,No,No,6,Yes,Yes,Fiber optic,Yes,No,No,Yes,No,No,Month-to-month,No,Electronic check,48.38,291.36,Yes
C-a13dc764,Male,0,No,No,45,Yes,No,No,No internet service,No internet service,No internet service,No internet service,No internet service,No internet service,One year,Yes,Electronic check,20.84,939.92,No
C-66f98f14,Male,0,Yes,Yes,29,Yes,No phone service,No,No internet service,No internet service,No internet service,No internet service,No internet service,No internet service,Two year,No,Credit card (automatic),20.64,596.09,No
C-d790f906,Male,0,No,No,36,Yes,No,Fiber optic,No,No,Yes,No,No,No internet service,One year,No,Credit card (automatic),44.24,1600.7,No
C-a5f6bcd0,Male,0,No,No,7,No,No phone service,DSL,No,No internet service,No,Yes,Yes,Yes,One year,No,Mailed check,40.86,279.83,No
C-54e16093,Male,0,No,Yes,37,Yes,Yes,No,No internet service,No internet service,No internet service,No internet service,No internet service,No internet service,Two year,Yes,Electronic check,18.0,653.14,No
C-221096b9,Male,0,No,No,67,Yes,Yes,No,No internet service,No internet service,No internet service,No internet service,No internet service,No internet service,Two year,No,Credit card (automatic),21.54,1468.34,No
C-c40de75f,Male,0,Yes,No,4,Yes,No,DSL,No,No,Yes,No,No,No,Month-to-month,No,Credit card (automatic),32.98,126.68,Yes
C-961fcff1,Female,0,Yes,Yes,12,No,No phone service,Fiber optic,No,No internet service,Yes,No,Yes,No,Month-to-month,No,Mailed check,53.59,641.79,Yes
C-2323eb0b,Female,0,No,Yes,8,Yes,No phone service,Fiber optic,Yes,No,No,Yes,Yes,Yes,Two year,No,Mailed check,58.58,456.5,Yes
C-77e3ce01,Male,0,Yes,Yes,4,Yes,Yes,Fiber optic,Yes,No internet service,No,No,Yes,No,Month-to-month,Yes,Mailed check,52.45,193.69,Yes
C-7b83f376,Male,0,No,No,61,Yes,Yes,Fiber optic,Yes,No,No,Yes,No,No,Month-to-month,No,Electronic check,50.85,3097.67,No
C-e972261a,Male,0,Yes,Yes,45,Yes,No,Fiber optic,No,No,No,No,No internet service,No,Two year,Yes,Electronic check,43.28,1905.84,No
C-ea999a92,Male,0,Yes,Yes,60,Yes,No phone service,No,No internet service,No internet service,No internet service,No internet service,No internet service,No internet service,One year,Yes,Bank transfer (automatic),18.0,1077.77,No
C-dd91fd69,Male,0,No,Yes,57,No,No phone service,Fiber optic,No,No,No,Yes,Yes,Yes,Month-to-month,Yes,Electronic check,56.02,3186.29,Yes
C-706f6cda,Female,0,Yes,No,5,Yes,No,DSL,No,No,Yes,No,Yes,Yes,Month-to-month,Yes,Bank transfer (automatic),40.82,221.39,Yes
C-ec9bed8a,Female,0,Yes,No,71,Yes,No phone service,Fiber optic,No,No,No internet service,Yes,No,No internet service,Month-to-month,No,Mailed check,43.17,3048.63,Yes
C-dfa85f9b,Male,0,Yes,No,71,Yes,No,Fiber optic,No,Yes,No,No internet service,Yes,Yes,Two year,Yes,Electronic check,58.1,4113.26,No
C-8c3627fe,Female,0,No,Yes,25,Yes,Yes,Fiber optic,No,No,Yes,Yes,Yes,No,Month-to-month,Yes,Mailed check,54.16,1350.85,Yes
C-d91ac5ac,Male,0,No,No,24,Yes,No,Fiber optic,No,No,No,No internet service,No,No internet service,One year,No,Mailed check,39.16,966.51,No
C-70b5655b,Male,0,Yes,No,46,Yes,No,Fiber optic,Yes,No,Yes,No,No,No,Month-to-month,No,Mailed check,54.47,2535.22,No
C-ef94c410,Male,0,No,No,12,Yes,Yes,Fiber optic,No,Yes,No,No,Yes,Yes,One year,Yes,Electronic check,58.15,674.7,No
C-c766a07e,Female,0,Yes,No,48,Yes,Yes,DSL,No,Yes,Yes,Yes,No,No,Month-to-month,Yes,Bank transfer (automatic),40.01,1922.55,Yes
C-f74ecbd8,Female,0,Yes,No,15,Yes,Yes,DSL,No,No,No,Yes,No,No,Month-to-month,No,Credit card (automatic),29.22,421.39,Yes
C-527664f1,Male,0,No,No,41,Yes,No,Fiber optic,No,No internet service,Yes,No,No,Yes,Two year,No,Mailed check,50.28,2019.38,Yes
C-0cfd1585,Female,0,Yes,No,38,Yes,No,Fiber optic,No,No,No,No internet service,No,No,Month-to-month,No,Electronic check,41.72,1580.3,Yes
C-d10d8044,Male,0,No,Yes,12,Yes,No phone service,DSL,No,No,Yes,No,Yes,No,Month-to-month,Yes,Mailed check,33.56,379.4,Yes
C-740d38ba,Female,0,No,No,25,Yes,Yes,Fiber optic,No,No,No,Yes,No,No,Month-to-month,Yes,Mailed check,41.82,1090.47,Yes
C-659c3276,Male,1,No,Yes,11,Yes,No,Fiber optic,No,No,No,Yes,No,No,One year,No,Electronic check,48.13,550.19,Yes
C-1a3205dd,Male,0,Yes,No,14,Yes,Yes,DSL,No,No internet service,Yes,Yes,Yes,Yes,One year,Yes,Bank transfer (automatic),51.61,754.75,No
C-c6c8d8a7,Male,0,No,Yes,18,No,No phone service,Fiber optic,Yes,No,Yes,No internet service,No,Yes,Month-to-month,Yes,Bank transfer (automatic),53.18,1018.92,Yes
C-a70fabff,Female,0,No,Yes,12,Yes,No,DSL,Yes,Yes,No,No,No internet service,No,One year,Yes,Mailed check,36.52,427.76,Yes
C-99e71f5b,Female,0,No,Yes,24,Yes,No,No,No internet service,No internet service,No internet service,No internet service,No internet service,No internet service,Month-to-month,Yes,Mailed check,21.78,529.68,No
C-18a33ce8,Male,0,No,Yes,67,Yes,No,Fiber optic,Yes,Yes,No internet service,Yes,No,No,Two year,No,Mailed check,54.46,3653.38,No
C-74ab4c06,Female,0,Yes,No,46,Yes,No,Fiber optic,No,No,No,No internet service,Yes,No,One year,Yes,Mailed check,43.98,2036.48,Yes
C-a4345e34,Female,0,No,Yes,40,Yes,No,Fiber optic,No,No internet service,No,No internet service,No,No,One year,Yes,Credit card (automatic),43.5,1741.29,Yes
C-38aa6476,Female,0,Yes,Yes,9,No,No phone service,Fiber optic,No internet service,Yes,No,Yes,No,Yes,One year,Yes,Mailed check,50.82,470.4,No
C-5b0bfff4,Female,1,No,No,69,Yes,No,Fiber optic,No,Yes,No,No,Yes,Yes,Month-to-month,No,Bank transfer (automatic),57.89,3999.75,No
C-23b0d425,Male,0,Yes,Yes,54,Yes,No,Fiber optic,Yes,Yes,No,Yes,No,Yes,One year,Yes,Bank transfer (automatic),62.36,3346.34,No
C-563ac681,Male,0,Yes,Yes,14,Yes,Yes,Fiber optic,Yes,Yes,Yes,No,No,No,Two year,No,Mailed check,55.17,760.03,No
C-67bc9c38,Female,0,Yes,No,52,Yes,Yes,DSL,Yes,No internet service,Yes,No internet service,No,No,One year,Yes,Bank transfer (automatic),37.41,1922.58,Yes
C-8bec9f5f,Male,0,Yes,No,31,Yes,No phone service,Fiber optic,No,Yes,No,Yes,Yes,No,Month-to-month,No,Electronic check,54.85,1689.89,Yes
C-e6861c1d,Male,0,Yes,No,53,No,No phone service,DSL,Yes,Yes,No,No,Yes,Yes,Month-to-month,No,Electronic check,45.68,2429.52,No
C-1bcc1235,Female,0,No,No,35,Yes,No phone service,DSL,No,No,Yes,No,Yes,No,Month-to-month,No,Electronic check,36.6,1280.0,No
C-228e5053,Male,0,No,No,61,Yes,Yes,Fiber optic,No,No,No,No,Yes,No,Month-to-month,No,Bank transfer (automatic),48.74,2990.03,No
C-728ca454,Male,0,Yes,Yes,64,Yes,Yes,DSL,Yes,No,No,Yes,Yes,No,Month-to-month,Yes,Electronic check,39.25,2540.33,Yes
C-b6977bbe,Male,0,Yes,Yes,36,Yes,No,Fiber optic,Yes,Yes,Yes,No,Yes,No,Two year,Yes,Credit card (automatic),58.46,2120.22,No
C-0f56ef43,Male,0,No,No,46,No,No phone service,DSL,Yes,No,Yes,No internet service,No,No,Two year,No,Electronic check,32.7,1516.6,No
C-e14ad6ee,Male,0,Yes,No,17,Yes,No,DSL,Yes,No,No internet service,No internet service,No internet service,Yes,Two year,Yes,Credit card (automatic),41.26,714.05,No
C-137fcfed,Female,0,No,No,69,Yes,Yes,Fiber optic,Yes,No,No,No,Yes,No,Month-to-month,Yes,Mailed check,63.45,4366.82,No
C-59b8f8bb,Male,0,No,Yes,37,No,No phone service,Fiber optic,Yes,No,No,No,Yes,Yes,Month-to-month,Yes,Mailed check,64.28,2386.97,Yes
C-265c369d,Female,0,No,No,19,Yes,Yes,Fiber optic,No,No internet service,No,Yes,No,No,One year,Yes,Bank transfer (automatic),45.6,843.16,No
C-b13c3513,Male,0,Yes,Yes,30,No,No phone service,Fiber optic,No,No internet service,No,No,No,No,Month-to-month,No,Bank transfer (automatic),43.5,1300.13,Yes
C-2eb62ecc,Male,0,No,Yes,59,Yes,No,DSL,No internet service,No,No,No,Yes,Yes,Month-to-month,No,Electronic check,37.18,2182.99,No
C-1a0fd46c,Female,0,Yes,No,64,Yes,No phone service,Fiber optic,No,Yes,No,Yes,No,No,Month-to-month,Yes,Electronic check,48.61,3114.63,Yes
C-f1da7879,Male,0,No,Yes,6,Yes,No phone service,DSL,No,No,No,Yes,No,Yes,Month-to-month,No,Electronic check,34.27,228.71,Yes
C-c30f9dab,Female,0,No,No,20,No,No phone service,DSL,Yes,No,No,No,Yes,No,One year,Yes,Electronic check,35.63,703.26,No
C-12745981,Male,0,No,No,36,No,No phone service,Fiber optic,No,Yes,No,No,No,No,Month-to-month,Yes,Electronic check,50.54,1792.71,Yes
C-b09b4ef8,Female,0,No,No,57,No,No phone service,No,No internet service,No internet service,No internet service,No internet service,No internet service,No internet service,One year,No,Mailed check,20.08,1156.12,No
C-c6616844,Female,0,No,No,52,Yes,Yes,DSL,No,No,Yes,Yes,Yes,No,Two year,Yes,Bank transfer (automatic),38.28,1976.06,No
C-c234188a,Male,0,Yes,No,47,Yes,No phone service,No,No internet service,No internet service,No internet service,No internet service,No internet service,No internet service,Month-to-month,Yes,Bank transfer (automatic),18.27,855.77,Yes
C-39f46704,Female,0,No,Yes,1,Yes,No,Fiber optic,Yes,Yes,Yes,No,No,No,Month-to-month,No,Electronic check,54.31,74.4,Yes
C-bee646de,Male,0,No,No,69,No,No phone service,No,No internet service,No internet service,No internet service,No internet service,No internet service,No internet service,One year,Yes,Mailed check,20.3,1407.07,No
C-45e349e5,Male,0,Yes,No,47,Yes,No phone service,Fiber optic,No,No,No internet service,Yes,Yes,Yes,Month-to-month,Yes,Mailed check,54.69,2545.05,Yes
C-660cc6e8,Male,1,Yes,No,38,Yes,No,Fiber optic,No internet service,No,Yes,No,Yes,No,Month-to-month,Yes,Bank transfer (automatic),49.45,1887.16,Yes
C-e41b2a66,Female,0,No,No,29,Yes,No,Fiber optic,No,No,Yes,No,No,Yes,Two year,Yes,Credit card (automatic),54.3,1536.83,No
C-b9c33cd6,Female,0,No,Yes,0,Yes,No,Fiber optic,No,No,No,No,No,Yes,Month-to-month,Yes,Electronic check,43.13,16.86,Yes
C-f7aa6199,Male,0,No,Yes,35,Yes,Yes,DSL,Yes,No,No internet service,No,No,No,Two year,Yes,Bank transfer (automatic),32.7,1132.42,No
C-1a909110,Female,0,Yes,Yes,4,Yes,Yes,DSL,No,No,Yes,No,No,Yes,Month-to-month,No,Electronic check,35.56,134.43,Yes
C-7d749349,Male,0,No,No,4,No,No phone service,Fiber optic,No,No,No,No,No,Yes,Month-to-month,No,Mailed check,43.99,176.1,Yes
C-5404b3b6,Female,0,Yes,Yes,69,Yes,No,Fiber optic,Yes,No,No,No internet service,Yes,No,Month-to-month,Yes,Electronic check,53.24,3666.65,No
C-e5d10e3d,Male,0,No,No,25,Yes,No,Fiber optic,No,No,No,No,No,Yes,Month-to-month,Yes,Electronic check,47.8,1210.36,No
C-24a69ed6,Male,0,No,Yes,21,Yes,Yes,Fiber optic,No,Yes,No,Yes,Yes,No,Two year,No,Bank transfer (automatic),56.02,1156.19,No
C-ceaa84d2,Male,0,Yes,No,33,Yes,No,Fiber optic,No,No,Yes,No,No internet service,Yes,Month-to-month,Yes,Mailed check,46.39,1507.33,Yes
C-25bc269b,Female,0,No,No,24,Yes,No,No,No internet service,No internet service,No internet service,No internet service,No internet service,No internet service,Month-to-month,No,Mailed check,21.82,520.32,No
C-f4133763,Female,0,Yes,No,40,Yes,No,DSL,Yes,No internet service,No,Yes,No,No,Two year,No,Mailed check,41.02,1641.8,No
C-46e361bd,Male,0,No,Yes,53,Yes,Yes,Fiber optic,Yes,No,No internet service,Yes,Yes,Yes,Two year,Yes,Mailed check,61.72,3287.26,No
C-d79303ce,Female,0,Yes,Yes,50,No,No phone service,DSL,Yes,No internet service,Yes,No,Yes,No,Month-to-month,No,Credit card (automatic),43.39,2142.31,Yes
C-4c034cb2,Female,0,Yes,No,32,Yes,Yes,Fiber optic,No,Yes,No,No,Yes,No internet service,Month-to-month,Yes,Credit card (automatic),45.87,1482.7,Yes
C-62af4c8c,Male,0,Yes,No,65,No,No phone service,DSL,Yes,Yes,No,Yes,Yes,No,Two year,Yes,Bank transfer (automatic),44.71,2887.27,No
C-0eec8ad0,Male,0,No,No,63,Yes,Yes,DSL,No,No,Yes,No,No,No,Two year,Yes,Electronic check,30.17,1900.11,No
C-d4fbc314,Male,1,Yes,No,11,Yes,No,DSL,No,No,No,No,No,No,Month-to-month,No,Credit card (automatic),19.41,235.34,Yes
C-6d3670e9,Female,1,Yes,No,72,No,No phone service,DSL,No,Yes,No,No,No,Yes,One year,No,Electronic check,35.06,2487.02,No
C-08461fe7,Female,0,No,Yes,30,Yes,Yes,No,No internet service,No internet service,No internet service,No internet service,No internet service,No internet service,Month-to-month,Yes,Credit card (automatic),23.95,715.51,Yes
C-1f4daa93,Male,0,No,Yes,58,Yes,No,No,No internet service,No internet service,No internet service,No internet service,No internet service,No internet service,Month-to-month,Yes,Bank transfer (automatic),18.73,1092.61,Yes
C-db2e7db3,Female,0,Yes,No,61,Yes,No,DSL,No,No internet service,Yes,No,No,No,Month-to-month,No,Credit card (automatic),27.44,1638.57,No
C-6d3e1662,Male,0,No,Yes,4,Yes,No,Fiber optic,No,Yes,No internet service,Yes,Yes,Yes,Two year,No,Electronic check,61.51,237.31,Yes
C-73860edc,Male,0,No,No,56,Yes,No,DSL,No,No,No internet service,Yes,No internet service,Yes,Month-to-month,No,Electronic check,41.97,2375.88,No
C-5b07f9c2,Male,0,Yes,No,8,Yes,Yes,Fiber optic,Yes,No,Yes,Yes,No,No internet service,Month-to-month,No,Credit card (automatic),53.17,436.74,Yes
C-1c0365ee,Female,0,No,Yes,52,Yes,Yes,Fiber optic,No,No,No,No,No,No internet service,Two year,No,Electronic check,38.01,1989.22,No
C-900c2f91,Female,0,No,No,14,Yes,No phone service,DSL,Yes,No,No internet service,No,No,No,Month-to-month,Yes,Credit card (automatic),24.7,347.09,No
C-87d8ea7f,Female,1,No,Yes,67,Yes,Yes,Fiber optic,No internet service,Yes,Yes,No,No,Yes,Month-to-month,No,Credit card (automatic),55.95,3742.61,No
C-333eae9e,Male,0,No,Yes,22,Yes,No phone service,No,No internet service,No internet service,No internet service,No internet service,No internet service,No internet service,Month-to-month,Yes,Electronic check,21.5,468.46,Yes
C-a35b6924,Male,0,Yes,Yes,24,Yes,No phone service,DSL,Yes,No,Yes,No,Yes,Yes,One year,Yes,Electronic check,45.6,1085.43,No
C-88edec67,Female,0,Yes,No,18,Yes,No,DSL,Yes,No,Yes,Yes,No,Yes,Month-to-month,Yes,Bank transfer (automatic),44.88,779.66,No
C-e103171e,Female,0,Yes,No,32,Yes,No,DSL,Yes,No,Yes,No,No,Yes,Month-to-month,Yes,Bank transfer (automatic),34.19,1085.05,No
C-824ebb2f,Female,0,Yes,No,55,No,No phone service,Fiber optic,Yes,No,No,Yes,No,Yes,Month-to-month,Yes,Bank transfer (automatic),57.42,3189.8,Yes
C-41d2fcfe,Female,0,No,No,68,Yes,No,No,No internet service,No internet service,No internet service,No internet service,No internet service,No internet service,Two year,No,Electronic check,18.0,1249.64,No
C-811aeef7,Male,0,No,No,68,Yes,No,Fiber optic,No,No,Yes,No,Yes,No,Month-to-month,Yes,Credit card (automatic),48.0,3288.92,Yes
C-5704cb18,Male,0,Yes,No,58,Yes,No,DSL,No internet service,No,Yes,Yes,No,No,Month-to-month,Yes,Electronic check,36.73,2144.59,No
C-252253c7,Female,0,Yes,No,46,Yes,No,DSL,No,No,Yes,No,Yes,No,Month-to-month,Yes,Electronic check,37.68,1741.67,Yes
C-9cd61ada,Female,0,Yes,No,41,Yes,No,Fiber optic,Yes,No,No,No,No,No,One year,Yes,Mailed check,43.98,1806.68,No
C-3cf91cf9,Female,0,Yes,No,12,Yes,No phone service,DSL,No internet service,No,No internet service,No,No,No,One year,Yes,Mailed check,29.64,368.86,No
C-ee9cd3a5,Male,1,Yes,No,50,Yes,Yes,Fiber optic,No,No,No,No,No,No,Month-to-month,Yes,Electronic check,39.72,2019.04,Yes
C-02b457aa,Female,0,Yes,No,68,Yes,No,Fiber optic,No,Yes,No,Yes,No,Yes,Month-to-month,Yes,Electronic check,58.22,3963.61,Yes
C-ce47e64a,Female,0,Yes,No,19,Yes,No,DSL,No,No,No,No,No,Yes,Two year,No,Mailed check,31.26,595.85,No
C-e4080471,Female,1,No,No,39,Yes,No,Fiber optic,Yes,No,No,No,No,Yes,One year,Yes,Electronic check,54.99,2189.03,No
C-c32b8820,Male,0,Yes,No,53,Yes,No,DSL,Yes,No,Yes,No,No,No,One year,No,Bank transfer (automatic),36.44,1959.32,No
C-cb6bd1fd,Female,0,Yes,Yes,72,Yes,No,DSL,No,No,Yes,No,No,Yes,Month-to-month,No,Credit card (automatic),38.71,2778.03,Yes
C-a54842ba,Male,0,No,No,11,Yes,No phone service,Fiber optic,No internet service,Yes,No,No,No,No,Month-to-month,Yes,Bank transfer (automatic),41.57,483.21,Yes
C-fed90202,Female,1,No,No,40,Yes,No phone service,Fiber optic,No,Yes,No,Yes,No internet service,Yes,Two year,Yes,Mailed check,51.13,2065.54,No
C-76640aa7,Female,1,Yes,No,55,Yes,No,Fiber optic,No,No,No,Yes,No,No,Month-to-month,No,Mailed check,41.93,2335.31,Yes
C-36261fad,Female,0,Yes,Yes,66,Yes,Yes,No,No internet service,No internet service,No internet service,No internet service,No internet service,No internet service,One year,No,Credit card (automatic),22.5,1489.58,No
C-2c572afd,Female,1,No,No,13,Yes,No phone service,Fiber optic,Yes,No,No,No,No,Yes,One year,Yes,Electronic check,52.65,684.05,Yes
C-b8911408,Female,0,No,No,33,Yes,Yes,DSL,No,No,No,No,Yes,No internet service,Month-to-month,No,Bank transfer (automatic),32.21,1051.85,Yes
C-b114ce16,Female,0,Yes,No,41,Yes,No,Fiber optic,No,Yes,Yes,No,Yes,No,One year,No,Mailed check,61.56,2501.76,No
C-b85460ac,Male,0,Yes,No,37,Yes,No,Fiber optic,No,No internet service,No,No,Yes,Yes,Month-to-month,Yes,Credit card (automatic),49.32,1834.74,Yes
C-3ec204c3,Female,0,No,Yes,57,Yes,Yes,Fiber optic,No,No internet service,No,No,No,No,Month-to-month,Yes,Mailed check,40.72,2313.94,Yes
C-910772f1,Male,0,No,Yes,35,No,No phone service,Fiber optic,No,Yes,No,Yes,Yes,No,Month-to-month,Yes,Bank transfer (automatic),58.97,2057.41,Yes
C-b5dc114b,Female,0,No,Yes,51,Yes,Yes,No,No internet service,No internet service,No internet service,No internet service,No internet service,No internet service,Month-to-month,Yes,Electronic check,24.12,1220.56,No
C-8adf4ec5,Male,0,No,No,9,Yes,Yes,DSL,No,No internet service,Yes,No,Yes,No,One year,No,Bank transfer (automatic),39.66,348.35,No
C-13efd2ab,Female,0,Yes,No,27,Yes,No phone service,DSL,No,No,No,Yes,No,Yes,Month-to-month,Yes,Credit card (automatic),34.93,932.58,No
C-6215dc57,Female,0,Yes,No,27,No,No phone service,DSL,Yes,No,No,No,Yes,No,Month-to-month,Yes,Mailed check,40.04,1069.73,Yes
C-99a82688,Female,1,No,No,14,Yes,No phone service,Fiber optic,No,No,Yes,No,Yes,No internet service,Month-to-month,No,Electronic check,56.87,791.03,Yes
C-48b238d5,Female,0,No,Yes,43,Yes,No,Fiber optic,No,No,Yes,No,No internet service,Yes,Two year,Yes,Electronic check,49.68,2147.25,No
C-ce686013,Male,0,Yes,No,25,Yes,Yes,No,No internet service,No internet service,No internet service,No internet service,No internet service,No internet service,Two year,Yes,Electronic check,24.18,605.68,No
C-648a075f,Male,0,Yes,Yes,59,Yes,Yes,Fiber optic,Yes,Yes,No,Yes,No internet service,Yes,Month-to-month,No,Mailed check,65.26,3883.98,No
C-0eb3c48a,Male,0,No,No,69,Yes,No phone service,Fiber optic,No,No,Yes,No,No,No,Two year,Yes,Bank transfer (automatic),44.95,3114.97,No
C-4a368c5c,Male,0,No,No,18,Yes,No phone service,Fiber optic,No,Yes,No,No,No,Yes,Month-to-month,Yes,Electronic check,51.64,946.32,Yes
C-e1d03640,Male,0,No,Yes,56,Yes,Yes,No,No internet service,No internet service,No internet service,No internet service,No internet service,No internet service,Two year,No,Electronic check,20.14,1110.5,No
C-833a3ae3,Male,0,Yes,Yes,18,Yes,No phone service,Fiber optic,No,Yes,Yes,No,No internet service,No internet service,Month-to-month,No,Mailed check,53.1,976.24,No
C-aaed8e23,Female,0,No,No,52,Yes,No,DSL,Yes,No,Yes,No,Yes,No,Two year,Yes,Electronic check,43.32,2238.64,No
C-4b000074,Male,0,No,Yes,54,Yes,No,No,No internet service,No internet service,No internet service,No internet service,No internet service,No internet service,Month-to-month,Yes,Mailed check,18.0,976.83,Yes
C-181f70e1,Female,0,Yes,No,0,Yes,No,No,No internet service,No internet service,No internet service,No internet service,No internet service,No internet service,Month-to-month,Yes,Credit card (automatic),18.0,14.32,Yes
C-dff4ba0b,Male,0,No,Yes,37,Yes,Yes,DSL,Yes,No,No internet service,No,No,Yes,Month-to-month,No,Bank transfer (automatic),30.97,1162.56,No
C-9806d67c,Male,0,Yes,No,55,Yes,No,DSL,No,No,No,No,No,No,Month-to-month,No,Mailed check,27.48,1520.52,No
C-c97a4f1c,Female,0,No,No,57,Yes,No,DSL,No,Yes,Yes,No,Yes,Yes,One year,No,Bank transfer (automatic),43.99,2511.31,No
C-521a18a2,Female,1,No,No,36,Yes,Yes,Fiber optic,No,No,No,No,Yes,No,Month-to-month,Yes,Credit card (automatic),45.84,1658.35,Yes
C-ca2dde7f,Female,0,Yes,No,72,Yes,No phone service,DSL,No internet service,No internet service,No,No,Yes,No,Month-to-month,No,Electronic check,30.36,2177.38,No
C-7865e768,Female,0,Yes,No,54,Yes,No,Fiber optic,No,No,Yes,Yes,No,Yes,Month-to-month,Yes,Electronic check,55.38,3010.76,Yes
C-4c41e2e4,Female,0,Yes,Yes,64,Yes,No,No,No internet service,No internet service,No internet service,No internet service,No internet service,No internet service,Two year,Yes,Mailed check,22.39,1452.41,No
C-8711c01f,Male,0,Yes,No,46,Yes,No,DSL,Yes,Yes,Yes,No,Yes,No,Two year,Yes,Credit card (automatic),41.65,1939.98,No
C-ef62d335,Male,0,Yes,No,62,Yes,No,DSL,No internet service,No,No,No,No,No,Month-to-month,Yes,Bank transfer (automatic),23.44,1470.27,No
C-a3dfeed9,Female,1,Yes,Yes,50,Yes,Yes,Fiber optic,No,Yes,Yes,No,No,Yes,Two year,Yes,Electronic check,56.94,2867.03,No
C-3ee19768,Female,1,Yes,No,57,Yes,No phone service,Fiber optic,No internet service,No,Yes,No,Yes,No,Month-to-month,No,Electronic check,49.23,2777.92,Yes
C-1af5d224,Male,0,Yes,No,63,Yes,No phone service,No,No internet service,No internet service,No internet service,No internet service,No internet service,No internet service,Two year,No,Electronic check,24.84,1546.5,No
C-97aeb0f9,Female,0,No,No,17,No,No phone service,Fiber optic,Yes,Yes,No,No,No internet service,Yes,One year,Yes,Mailed check,55.1,962.2,No
C-6c8cbca8,Female,0,No,No,63,Yes,No,DSL,Yes,No,No,No internet service,No,Yes,Month-to-month,Yes,Bank transfer (automatic),30.94,1975.71,No
C-34ad13d2,Female,0,Yes,No,56,Yes,No,DSL,No,Yes,No,No internet service,Yes,Yes,Month-to-month,No,Mailed check,39.59,2220.99,Yes
C-3b18f191,Male,0,No,No,27,Yes,No,No,No internet service,No internet service,No internet service,No internet service,No internet service,No internet service,Month-to-month,Yes,Mailed check,18.0,485.24,Yes
C-92e016c4,Male,0,Yes,No,21,Yes,Yes,Fiber optic,Yes,Yes,No,No,Yes,No,Two year,Yes,Electronic check,60.53,1255.17,No
C-7709dcb7,Male,0,Yes,No,8,Yes,No,No,No internet service,No internet service,No internet service,No internet service,No internet service,No internet service,One year,No,Mailed check,18.98,146.6,No
C-66874f37,Male,0,No,No,41,Yes,No,Fiber optic,Yes,Yes,No,No internet service,No,No,One year,Yes,Credit card (automatic),50.39,2064.26,No
C-3238397c,Female,0,Yes,No,37,Yes,No,DSL,No,No internet service,No,No,No internet service,No,Two year,No,Electronic check,23.62,865.22,No
C-0e1e08d4,Female,0,Yes,No,18,Yes,No,DSL,Yes,Yes,No internet service,Yes,No,No,Month-to-month,Yes,Mailed check,38.1,686.92,No
C-708467c1,Male,0,Yes,Yes,65,Yes,No,Fiber optic,No,No,No,No,Yes,No,Month-to-month,Yes,Bank transfer (automatic),45.77,2972.08,Yes
C-20c8d1f2,Female,0,Yes,No,16,Yes,Yes,DSL,No,Yes,No internet service,No,No,Yes,Two year,No,Mailed check,41.74,658.64,No
C-26f3f3a0,Female,0,No,Yes,65,Yes,No phone service,DSL,No,No,Yes,Yes,Yes,Yes,Month-to-month,Yes,Mailed check,50.18,3233.78,Yes
C-c15adb1e,Female,0,Yes,Yes,11,Yes,No,DSL,No,Yes,No internet service,No,No internet service,Yes,Month-to-month,Yes,Electronic check,30.83,350.56,Yes
C-9c687df1,Female,0,No,No,21,No,No phone service,DSL,No,No,No,Yes,No,No,Month-to-month,Yes,Credit card (automatic),29.86,611.34,No
C-ecabbc0c,Female,1,Yes,No,12,Yes,No phone service,Fiber optic,No,Yes,No,Yes,Yes,No,Two year,No,Credit card (automatic),56.66,686.07,Yes
C-f7ae1cbd,Male,0,Yes,No,5,Yes,Yes,No,No internet service,No internet service,No internet service,No internet service,No internet service,No internet service,Month-to-month,No,Credit card (automatic),18.0,103.66,Yes
C-5736b305,Male,0,Yes,Yes,41,Yes,No,Fiber optic,No,No,No,No,Yes,Yes,One year,Yes,Bank transfer (automatic),51.99,2121.39,No
C-74d116e0,Female,0,Yes,No,47,Yes,No,No,No internet service,No internet service,No internet service,No internet service,No internet service,No internet service,Month-to-month,Yes,Credit card (automatic),18.0,836.93,No
C-e4d9aa29,Female,1,Yes,Yes,40,Yes,No,Fiber optic,No,Yes,No,No,No,No,Two year,No,Credit card (automatic),46.92,1867.16,No
C-9cb7dada,Male,0,Yes,No,28,Yes,Yes,DSL,Yes,Yes,Yes,Yes,Yes,No internet service,One year,Yes,Credit card (automatic),48.31,1362.7,No
C-affd37f8,Female,0,Yes,No,59,Yes,No,DSL,Yes,Yes,No,No,Yes,No,Month-to-month,No,Mailed check,39.88,2317.4,No
C-1eb9162f,Female,0,Yes,No,7,Yes,Yes,Fiber optic,Yes,Yes,Yes,No,No,Yes,Two year,No,Credit card (automatic),66.12,439.57,No
C-f8ecd6fe,Female,0,Yes,No,8,Yes,Yes,No,No internet service,No internet service,No internet service,No internet service,No internet service,No internet service,Month-to-month,Yes,Mailed check,18.0,109.87,No
C-12bb4c77,Female,1,No,No,56,Yes,Yes,DSL,Yes,Yes,No,No,Yes,No,Two year,No,Mailed check,46.03,2527.03,No
C-621b670d,Male,1,Yes,No,26,Yes,No,DSL,No,No,Yes,No internet service,Yes,No,Month-to-month,Yes,Electronic check,45.52,1227.32,Yes
C-48de8070,Male,1,Yes,Yes,16,Yes,Yes,Fiber optic,No,No internet service,No,No,Yes,No,Month-to-month,Yes,Credit card (automatic),48.77,785.45,Yes
C-6cece90d,Female,0,No,No,57,Yes,Yes,No,No internet service,No internet service,No internet service,No internet service,No internet service,No internet service,Month-to-month,No,Electronic check,23.15,1321.25,Yes
C-fc810bd1,Female,0,No,Yes,50,Yes,Yes,Fiber optic,No,No,No,Yes,No internet service,Yes,One year,No,Mailed check,51.03,2580.23,No
C-d11497e9,Female,0,No,No,4,Yes,No phone service,DSL,Yes,No,No,No,Yes,No,Month-to-month,Yes,Mailed check,37.52,163.79,Yes
C-4d695fc3,Female,0,No,No,18,Yes,No,DSL,No,No,No,No,No,No,Month-to-month,No,Credit card (automatic),23.54,400.36,No
C-4cdec561,Female,0,No,No,67,Yes,Yes,No,No internet service,No internet service,No internet service,No internet service,No internet service,No internet service,Month-to-month,Yes,Credit card (automatic),21.52,1447.77,Yes
C-2c7cae03,Female,0,No,No,7,Yes,No,Fiber optic,Yes,Yes,No,No,Yes,No,Two year,No,Bank transfer (automatic),51.59,342.43,No
C-a3e7559c,Male,0,No,Yes,51,Yes,Yes,DSL,Yes,No,No,Yes,No,No internet service,Month-to-month,Yes,Credit card (automatic),35.17,1816.32,No
C-a3ef9832,Male,0,No,No,13,Yes,No,No,No internet service,No internet service,No internet service,No internet service,No internet service,No internet service,Month-to-month,No,Electronic check,18.0,204.94,No
C-dcc49467,Male,1,No,No,64,Yes,Yes,Fiber optic,No,Yes,No internet service,Yes,Yes,No,Month-to-month,Yes,Electronic check,51.5,3280.83,Yes
C-66716425,Female,0,Yes,No,4,Yes,Yes,Fiber optic,No,No internet service,No internet service,No,No,No,One year,No,Electronic check,38.07,142.03,Yes
C-06b403c9,Female,0,Yes,Yes,57,Yes,Yes,No,No internet service,No internet service,No internet service,No internet service,No internet service,No internet service,Two year,Yes,Mailed check,18.0,1011.1,No
C-7f04c193,Female,0,No,Yes,72,Yes,No phone service,Fiber optic,Yes,Yes,No,Yes,No internet service,No,Month-to-month,No,Electronic check,61.56,4444.97,No
C-34b5757b,Female,0,Yes,No,27,Yes,Yes,Fiber optic,No,Yes,No internet service,No,No,Yes,Month-to-month,No,Mailed check,49.76,1365.8,Yes
C-78564b72,Female,0,Yes,Yes,14,Yes,Yes,Fiber optic,No,No,No,No,Yes,No internet service,One year,No,Bank transfer (automatic),46.0,626.82,No
C-3e5a579d,Male,0,Yes,No,8,Yes,Yes,Fiber optic,No,Yes,Yes,No,Yes,No,One year,Yes,Bank transfer (automatic),52.58,420.21,No
C-75a5bb6d,Female,0,No,Yes,50,Yes,No,DSL,No,No internet service,No,No,Yes,No,Two year,Yes,Mailed check,31.14,1611.55,No
C-cfe45baa,Female,0,No,No,45,Yes,No phone service,Fiber optic,No,Yes,No,No,No,No,Month-to-month,Yes,Electronic check,45.37,2002.4,No
C-112f10b0,Male,0,Yes,Yes,6,Yes,No,Fiber optic,Yes,No,Yes,No,Yes,Yes,Month-to-month,No,Credit card (automatic),62.64,368.32,Yes
C-0500b83c,Female,0,Yes,No,66,Yes,No phone service,Fiber optic,No,Yes,Yes,No,Yes,No,Two year,Yes,Electronic check,55.74,3661.04,No
C-da71b1cb,Male,0,No,Yes,67,Yes,Yes,Fiber optic,Yes,No,No,Yes,No,No,One year,Yes,Credit card (automatic),49.27,3303.19,No
C-ac71b36c,Male,0,No,Yes,20,Yes,Yes,DSL,No,Yes,No internet service,Yes,Yes,Yes,Two year,No,Credit card (automatic),40.76,777.01,No
C-24c2490b,Male,0,Yes,No,36,Yes,Yes,DSL,No,Yes,No,Yes,Yes,No,Month-to-month,Yes,Electronic check,40.41,1443.5,No
C-5853a1b0,Male,0,No,No,55,Yes,Yes,Fiber optic,No internet service,No,No,Yes,No,No,Two year,Yes,Electronic check,40.71,2221.99,No
C-85e90c88,Male,0,No,No,57,Yes,No,Fiber optic,No internet service,Yes,No,Yes,Yes,No,Month-to-month,No,Electronic check,53.57,3072.11,Yes
C-b8299130,Male,1,No,No,67,Yes,Yes,No,No internet service,No internet service,No internet service,No internet service,No internet service,No internet service,Month-to-month,Yes,Electronic check,19.11,1294.63,No
C-5a8a89fb,Female,0,No,No,15,Yes,No,Fiber optic,No internet service,Yes,Yes,Yes,Yes,No internet service,One year,No,Electronic check,60.87,946.83,No
C-19a5569a,Female,0,No,No,70,No,No phone service,Fiber optic,No,Yes,No,No internet service,No internet service,Yes,Two year,Yes,Electronic check,49.19,3459.76,No
C-8a2f0185,Male,1,No,No,55,Yes,No phone service,Fiber optic,No,No,Yes,No,Yes,No internet service,One year,Yes,Mailed check,46.97,2598.99,No
C-9e9682cd,Male,0,No,No,66,Yes,No,Fiber optic,No internet service,No,No,No,Yes,No,One year,Yes,Bank transfer (automatic),40.72,2700.22,No
C-c127be9d,Female,1,Yes,No,35,Yes,No,DSL,No,No,No,No,Yes,Yes,Month-to-month,Yes,Credit card (automatic),37.82,1288.08,No
C-3b3f2ce2,Male,0,No,No,47,Yes,No,Fiber optic,No,Yes,No,No,No,Yes,Month-to-month,No,Credit card (automatic),54.9,2602.32,Yes
C-1743107e,Female,0,No,No,45,Yes,No,DSL,Yes,Yes,Yes,No,No,No,Month-to-month,Yes,Electronic check,38.99,1740.44,Yes
C-fee267b3,Male,0,No,No,29,Yes,Yes,DSL,No,Yes,No internet service,No,No internet service,No,Month-to-month,No,Mailed check,29.61,846.21,No
C-3794e5ac,Female,0,No,No,38,Yes,No,Fiber optic,No,Yes,Yes,No,No internet service,No,Two year,Yes,Electronic check,49.32,1859.13,No
C-d0b7c7a2,Female,0,No,No,61,Yes,No phone service,Fiber optic,No,Yes,No,Yes,Yes,No internet service,One year,No,Credit card (automatic),55.75,3396.64,No
C-4869a0c1,Female,0,No,Yes,2,Yes,No,Fiber optic,No,No,Yes,Yes,No,Yes,Two year,No,Bank transfer (automatic),50.82,111.19,No
C-50a163c3,Female,1,Yes,No,51,Yes,No,DSL,Yes,No,No,No,Yes,No,Two year,Yes,Credit card (automatic),38.46,1964.18,No
C-139dd867,Male,1,Yes,No,23,Yes,Yes,Fiber optic,No,No,No internet service,No,Yes,No,Month-to-month,Yes,Bank transfer (automatic),46.49,1073.44,No
C-abeb1113,Male,1,No,No,39,Yes,Yes,Fiber optic,Yes,No,No,No,Yes,Yes,Two year,Yes,Electronic check,57.16,2202.45,No
C-f8dd62fc,Male,0,Yes,Yes,35,Yes,Yes,DSL,Yes,No internet service,No,Yes,Yes,Yes,Month-to-month,No,Mailed check,52.54,1851.15,No
C-b510d982,Female,1,Yes,No,58,Yes,No,Fiber optic,No,No,Yes,No,No internet service,No,Month-to-month,Yes,Credit card (automatic),42.2,2468.57,No
C-874aedc3,Male,0,No,No,23,Yes,Yes,DSL,No internet service,No,No internet service,No,No,No,Two year,No,Credit card (automatic),20.83,462.18,No
C-86282f58,Male,0,No,No,72,Yes,No,Fiber optic,Yes,Yes,No,No,No,No,Month-to-month,No,Electronic check,48.06,3475.88,No
C-f0453ab5,Male,0,No,No,7,Yes,Yes,DSL,No,No,No,No,No,Yes,Month-to-month,Yes,Electronic check,26.81,170.38,Yes
C-5dcc1cc5,Female,0,No,Yes,26,No,No phone service,Fiber optic,No,No,No,No,Yes,No,Month-to-month,No,Mailed check,49.49,1279.15,Yes
C-3707b1d1,Male,0,Yes,No,22,Yes,Yes,No,No internet service,No internet service,No internet service,No internet service,No internet service,No internet service,Month-to-month,Yes,Mailed check,18.0,375.75,Yes
C-285a291d,Female,1,Yes,No,13,Yes,Yes,DSL,No,No,No,No,No,No,One year,No,Bank transfer (automatic),26.16,338.77,No
C-8f5dce78,Male,0,No,No,18,Yes,No,DSL,Yes,Yes,No,No,No internet service,Yes,Two year,Yes,Credit card (automatic),38.82,708.67,No
C-14459e5b,Male,0,Yes,Yes,40,Yes,Yes,Fiber optic,Yes,No,No,No,No,No,Month-to-month,No,Mailed check,46.54,1881.73,No
C-7bc5b59d,Male,0,No,Yes,47,Yes,No phone service,No,No internet service,No internet service,No internet service,No internet service,No internet service,No internet service,Two year,No,Electronic check,25.03,1212.99,No
C-3e58bfd6,Female,0,Yes,No,65,Yes,No phone service,Fiber optic,No internet service,No,Yes,No,No,No,Month-to-month,No,Electronic check,48.09,3114.54,Yes
C-2b878115,Male,0,Yes,Yes,62,Yes,Yes,Fiber optic,No,No,Yes,No,No,No,Month-to-month,Yes,Credit card (automatic),44.41,2767.09,No
C-1211a789,Male,0,Yes,Yes,16,Yes,No,Fiber optic,Yes,No,No internet service,No,Yes,No,Month-to-month,Yes,Mailed check,58.58,926.33,No
C-55eca795,Female,0,No,No,61,Yes,Yes,Fiber optic,Yes,No internet service,No,No,Yes,No internet service,One year,Yes,Mailed check,54.35,3314.01,No
C-ccfd9371,Male,1,No,Yes,46,Yes,No,DSL,No,No,No internet service,No,No,Yes,Two year,Yes,Mailed check,32.41,1485.72,No
C-35045e21,Male,0,No,No,65,Yes,Yes,Fiber optic,No,No,Yes,No,No,No internet service,Two year,No,Electronic check,49.97,3239.44,No
C-a89bbc9f,Female,1,Yes,No,21,No,No phone service,Fiber optic,No,Yes,No,Yes,Yes,No,Month-to-month,Yes,Electronic check,57.43,1201.63,Yes
C-2c30fdb9,Female,0,No,No,0,Yes,No phone service,No,No internet service,No internet service,No internet service,No internet service,No internet service,No internet service,One year,No,Credit card (automatic),20.44,11.05,No
C-8fd502eb,Male,0,Yes,No,63,Yes,Yes,DSL,Yes,No,No,No,No,No,Month-to-month,Yes,Electronic check,27.29,1689.05,Yes
C-0476d508,Female,0,Yes,No,72,Yes,Yes,No,No internet service,No internet service,No internet service,No internet service,No internet service,No internet service,One year,Yes,Electronic check,22.95,1669.07,No
C-e81a3949,Female,0,No,No,28,Yes,Yes,DSL,No internet service,Yes,Yes,No,No,No,Month-to-month,Yes,Credit card (automatic),39.4,1111.23,Yes
C-26a79964,Female,0,Yes,No,64,Yes,Yes,Fiber optic,Yes,Yes,No,Yes,Yes,No,One year,Yes,Bank transfer (automatic),61.02,3896.57,No
C-2715a232,Male,0,No,No,28,Yes,Yes,Fiber optic,Yes,Yes,Yes,Yes,No,Yes,Two year,Yes,Electronic check,64.53,1791.01,No
C-ac12fa4e,Female,0,Yes,Yes,69,Yes,No,DSL,Yes,No,No,No internet service,No,Yes,One year,Yes,Electronic check,35.54,2476.33,No
C-38506534,Female,1,Yes,No,23,Yes,Yes,No,No internet service,No internet service,No internet service,No internet service,No internet service,No internet service,One year,Yes,Electronic check,19.86,451.95,No
C-89e32417,Female,0,Yes,No,7,No,No phone service,Fiber optic,No,No,Yes,No,No internet service,No,Two year,Yes,Credit card (automatic),40.29,259.58,No
C-cbb0f654,Male,1,No,No,11,Yes,Yes,DSL,No,No,No internet service,Yes,No internet service,Yes,Month-to-month,No,Mailed check,35.41,373.12,No
C-82e18a1e,Female,0,Yes,No,29,Yes,No phone service,No,No internet service,No internet service,No internet service,No internet service,No internet service,No internet service,Two year,No,Bank transfer (automatic),18.0,528.71,No
C-8f66bb32,Male,0,Yes,No,3,Yes,No,DSL,No,Yes,No,No,No,No,Month-to-month,No,Mailed check,29.66,95.67,Yes
C-5711c2ba,Male,0,Yes,Yes,66,No,No phone service,DSL,No,No,No,No,No,Yes,Two year,No,Bank transfer (automatic),32.49,2174.71,No
C-d1d7387d,Male,0,Yes,Yes,69,Yes,No,Fiber optic,No,No internet service,Yes,No,Yes,No,One year,No,Credit card (automatic),49.2,3402.25,No
C-d51f21a5,Male,0,No,Yes,11,Yes,No,Fiber optic,No,No,No,No,No,No,Month-to-month,No,Bank transfer (automatic),45.72,514.49,Yes
C-3212d2a3,Female,0,No,No,57,Yes,No phone service,DSL,Yes,Yes,No,Yes,Yes,No,Month-to-month,No,Credit card (automatic),42.55,2442.56,Yes
C-ad4281e4,Male,0,Yes,No,7,Yes,Yes,Fiber optic,Yes,Yes,No,No,No internet service,Yes,One year,Yes,Electronic check,54.35,372.33,No
C-936573fc,Female,0,No,No,9,Yes,Yes,No,No internet service,No internet service,No internet service,No internet service,No internet service,No internet service,Month-to-month,Yes,Electronic check,19.26,133.91,Yes
C-5436ac5b,Female,0,No,No,53,Yes,No phone service,Fiber optic,No,No,No internet service,Yes,No,No,Month-to-month,Yes,Mailed check,45.74,2431.74,Yes
C-5616f0f8,Male,0,No,Yes,8,Yes,Yes,Fiber optic,No internet service,No,No,No,No,Yes,One year,Yes,Mailed check,47.53,391.19,No
C-4dd2afcb,Male,0,Yes,No,68,Yes,Yes,DSL,No internet service,No,No internet service,No,No internet service,Yes,Month-to-month,No,Bank transfer (automatic),30.73,2083.3,Yes
C-e2bd451f,Male,0,Yes,No,71,No,No phone service,DSL,Yes,No,No,Yes,Yes,No,Two year,Yes,Mailed check,41.05,2958.58,No
C-02f80881,Female,0,Yes,No,67,Yes,Yes,No,No internet service,No internet service,No internet service,No internet service,No internet service,No internet service,Month-to-month,No,Credit card (automatic),19.97,1319.85,No
C-3948cf8a,Female,0,No,Yes,50,Yes,No,DSL,No,Yes,No internet service,No,No,No internet service,One year,No,Mailed check,26.72,1350.41,No
C-8e96b574,Female,0,No,No,9,Yes,No phone service,No,No internet service,No internet service,No internet service,No internet service,No internet service,No internet service,One year,Yes,Electronic check,18.0,143.5,No
C-6a2b376d,Female,0,No,No,41,Yes,No,Fiber optic,No,No,No,Yes,Yes,Yes,Month-to-month,Yes,Electronic check,56.66,2325.36,Yes
C-c2416ed1,Female,0,Yes,Yes,67,Yes,Yes,DSL,Yes,No internet service,No,No internet service,Yes,No,One year,Yes,Electronic check,35.5,2374.56,No
C-d3dbe9a2,Female,0,Yes,No,59,Yes,Yes,No,No internet service,No internet service,No internet service,No internet service,No internet service,No internet service,Month-to-month,Yes,Bank transfer (automatic),22.6,1343.06,No
C-966a1c6a,Male,0,Yes,Yes,10,Yes,Yes,Fiber optic,No,Yes,Yes,Yes,No internet service,No,Month-to-month,No,Mailed check,53.81,521.39,No
C-a4cbc3a0,Female,0,Yes,Yes,50,Yes,No,Fiber optic,No,Yes,No,No,No,No,Month-to-month,Yes,Electronic check,39.36,1947.46,Yes
C-f1f4fa8a,Female,0,No,Yes,24,Yes,Yes,No,No internet service,No internet service,No internet service,No internet service,No internet service,No internet service,Month-to-month,No,Bank transfer (automatic),20.37,479.72,Yes
C-f3b4ae90,Male,0,No,No,20,Yes,Yes,No,No internet service,No internet service,No internet service,No internet service,No internet service,No internet service,Month-to-month,Yes,Electronic check,21.55,417.47,No
C-1ed57989,Male,0,No,No,48,Yes,No phone service,No,No internet service,No internet service,No internet service,No internet service,No internet service,No internet service,One year,Yes,Credit card (automatic),23.18,1080.55,No
C-0d8f616e,Male,0,No,Yes,15,Yes,No,DSL,No,No,No,No,Yes,No internet service,Month-to-month,Yes,Electronic check,31.59,472.7,No
C-b08d8b2f,Female,0,No,No,36,Yes,No,DSL,No,No,No,Yes,No,No,Two year,No,Bank transfer (automatic),30.74,1095.9,No
C-ae7130d2,Female,0,No,No,69,Yes,No,DSL,No,No,No,No,No,No,One year,No,Electronic check,24.63,1662.09,No
C-42c176f4,Male,0,No,No,69,Yes,No,No,No internet service,No internet service,No internet service,No internet service,No internet service,No internet service,Two year,No,Mailed check,19.29,1336.64,No
C-f8e14d95,Male,0,No,Yes,13,Yes,Yes,Fiber optic,No,No,No,Yes,No,No,Month-to-month,Yes,Electronic check,39.89,501.7,Yes
C-a4e9bb42,Female,0,No,Yes,25,Yes,No,Fiber optic,Yes,Yes,Yes,No,No,No,One year,Yes,Bank transfer (automatic),54.38,1396.91,No
C-e04c860b,Female,0,Yes,No,1,Yes,Yes,DSL,No,Yes,No,No internet service,No internet service,No,Month-to-month,Yes,Credit card (automatic),37.84,27.02,Yes
C-d9b87176,Male,0,Yes,No,23,Yes,No phone service,DSL,No,Yes,Yes,Yes,No,No,Month-to-month,No,Credit card (automatic),40.73,954.11,No
C-71a368ac,Male,1,Yes,No,46,Yes,No phone service,Fiber optic,No,Yes,No,No,Yes,No internet service,Two year,Yes,Electronic check,50.93,2306.4,No
C-a85d1723,Male,1,Yes,No,26,Yes,No,Fiber optic,No,Yes,No internet service,Yes,Yes,Yes,Month-to-month,No,Bank transfer (automatic),62.41,1604.27,Yes
C-33c56846,Female,0,Yes,No,60,Yes,No phone service,Fiber optic,No,No,No,Yes,Yes,No internet service,One year,Yes,Credit card (automatic),53.16,3207.63,No
C-a4ea58f9,Male,0,No,No,27,Yes,Yes,Fiber optic,No internet service,No,Yes,No,No internet service,No,Month-to-month,No,Bank transfer (automatic),44.97,1227.69,Yes
C-57acb1c3,Female,0,Yes,No,63,Yes,Yes,DSL,No,No internet service,No,Yes,Yes,No,Two year,Yes,Credit card (automatic),37.13,2323.22,No
C-7ed37363,Male,1,No,No,20,Yes,No phone service,DSL,No,No,No,Yes,No internet service,Yes,Month-to-month,Yes,Bank transfer (automatic),36.37,729.24,Yes
C-750fdea9,Male,1,Yes,No,23,Yes,Yes,Fiber optic,No,No,No internet service,No,Yes,No,One year,Yes,Credit card (automatic),48.29,1098.14,No
C-fdc4d6f2,Male,0,Yes,No,11,Yes,No,Fiber optic,Yes,Yes,No,No,No,No,Month-to-month,Yes,Bank transfer (automatic),53.92,590.63,Yes
C-c4e468c5,Female,0,Yes,No,47,Yes,No,No,No internet service,No internet service,No internet service,No internet service,No internet service,No internet service,Month-to-month,No,Electronic check,18.83,883.41,Yes
C-3c6d9def,Male,0,Yes,No,23,Yes,No,DSL,No,No,Yes,No,Yes,No,Two year,Yes,Electronic check,36.13,809.27,No
C-0c27fc98,Male,0,No,No,19,No,No phone service,Fiber optic,No internet service,No,No internet service,No,Yes,Yes,One year,No,Credit card (automatic),48.83,935.82,No
C-21a1ed4f,Male,0,No,No,64,Yes,No,DSL,Yes,No,No,No,No,No,Month-to-month,No,Credit card (automatic),32.05,2059.11,No
C-9e9c346a,Male,0,No,Yes,3,Yes,Yes,No,No internet service,No internet service,No internet service,No internet service,No internet service,No internet service,One year,No,Mailed check,24.35,89.21,Yes
C-7f5525b9,Female,0,Yes,No,46,Yes,Yes,DSL,No,No,No,No,No,No,Month-to-month,No,Bank transfer (automatic),25.28,1183.97,No
C-1567cf70,Female,0,No,No,55,Yes,No phone service,Fiber optic,No,Yes,No,No,No,No,Month-to-month,Yes,Bank transfer (automatic),44.86,2461.98,Yes
C-f7621ecd,Female,0,No,No,54,Yes,Yes,DSL,No,Yes,No,Yes,No internet service,No internet service,Two year,Yes,Credit card (automatic),33.75,1806.7,No
C-ebcf02d8,Female,1,Yes,Yes,42,Yes,Yes,No,No internet service,No internet service,No internet service,No internet service,No internet service,No internet service,Two year,Yes,Electronic check,20.84,837.41,No
C-138f8e1f,Male,0,Yes,Yes,47,Yes,No,Fiber optic,No,Yes,No internet service,No,Yes,Yes,Month-to-month,Yes,Bank transfer (automatic),58.79,2744.36,Yes
C-f8632cee,Male,0,Yes,Yes,60,No,No phone service,Fiber optic,No,No,No,No,No,No,Month-to-month,Yes,Electronic check,40.79,2457.8,Yes
C-0e5cd097,Female,1,Yes,Yes,40,Yes,Yes,DSL,No,No,No,No,No internet service,No,Month-to-month,Yes,Electronic check,27.72,1134.36,No
C-b6ae04de,Female,0,No,Yes,56,Yes,Yes,Fiber optic,No,Yes,Yes,No,Yes,No,One year,Yes,Credit card (automatic),57.76,3196.83,No
C-4f30b165,Male,0,No,Yes,22,Yes,No,Fiber optic,Yes,No,No internet service,No,Yes,Yes,Month-to-month,No,Electronic check,57.68,1247.17,Yes
C-f217d63b,Male,0,No,No,9,Yes,No,DSL,No,No,No,No internet service,Yes,Yes,Month-to-month,No,Mailed check,36.92,336.03,Yes
C-83cc0ab1,Male,0,No,No,18,Yes,No,Fiber optic,No,Yes,No,No,No,Yes,Month-to-month,Yes,Electronic check,46.44,845.9,Yes
C-64d5e8dd,Female,0,Yes,No,40,Yes,No,No,No internet service,No internet service,No internet service,No internet service,No internet service,No internet service,Month-to-month,Yes,Bank transfer (automatic),20.22,822.31,No
C-9a79cae5,Female,0,Yes,No,58,Yes,No,Fiber optic,No,No,No,No,Yes,Yes,Two year,No,Electronic check,50.85,2953.81,No
C-284d5c51,Female,1,Yes,No,61,Yes,Yes,Fiber optic,No,Yes,Yes,Yes,No,No,One year,Yes,Credit card (automatic),54.58,3336.36,No
C-29273fe2,Female,0,No,No,59,Yes,Yes,Fiber optic,No,No,No,Yes,Yes,Yes,Month-to-month,Yes,Mailed check,60.8,3532.3,No
C-fd4d7474,Female,1,No,Yes,20,Yes,Yes,Fiber optic,Yes,No internet service,No,No internet service,Yes,Yes,One year,Yes,Credit card (automatic),57.74,1135.88,No
C-326419c6,Female,0,No,No,54,No,No phone service,Fiber optic,No,No,No,No,Yes,No,Month-to-month,Yes,Credit card (automatic),39.08,2078.43,Yes
C-3c9355d8,Female,0,Yes,No,29,Yes,Yes,DSL,No,No,No internet service,No,Yes,Yes,Month-to-month,No,Credit card (automatic),42.28,1235.39,No
C-70e32224,Female,0,Yes,No,56,Yes,Yes,No,No internet service,No internet service,No internet service,No internet service,No internet service,No internet service,One year,No,Mailed check,25.6,1408.1,No
C-585ce0f7,Male,0,No,No,31,Yes,No phone service,DSL,No,No internet service,Yes,No internet service,No,No,One year,No,Mailed check,30.85,972.67,No
C-76ab1843,Male,0,No,No,68,Yes,No phone service,DSL,No,No,No,No,Yes,No,Month-to-month,Yes,Bank transfer (automatic),31.36,2139.69,No
C-560d7926,Female,0,No,No,41,Yes,No,Fiber optic,No internet service,No,No,Yes,Yes,No,Month-to-month,Yes,Electronic check,54.22,2229.15,Yes
C-75779ccc,Female,1,No,No,66,Yes,No,No,No internet service,No internet service,No internet service,No internet service,No internet service,No internet service,One year,Yes,Electronic check,18.0,1193.8,No
C-6dbb5363,Male,1,Yes,No,13,Yes,No,No,No internet service,No internet service,No internet service,No internet service,No internet service,No internet service,One year,No,Mailed check,18.0,204.75,No
C-d9556cc4,Female,1,Yes,No,45,Yes,No,Fiber optic,No,No,Yes,No,No,No,Month-to-month,Yes,Electronic check,42.24,1868.03,Yes
C-6c6059f6,Male,0,No,No,68,Yes,Yes,DSL,No,No,No,No,Yes,No,Two year,Yes,Mailed check,33.13,2250.48,No
C-65b1eba5,Male,0,Yes,No,43,Yes,Yes,Fiber optic,No,No,No,No internet service,No,No,One year,Yes,Electronic check,41.19,1765.58,Yes
C-5b5ff7b5,Male,1,No,No,60,Yes,No,No,No internet service,No internet service,No internet service,No internet service,No internet service,No internet service,Month-to-month,Yes,Credit card (automatic),27.64,1687.55,No
C-1e4493ca,Female,0,Yes,No,68,Yes,Yes,DSL,No,Yes,No,No,No,No,One year,Yes,Mailed check,27.63,1882.19,No
C-b4e87097,Female,0,Yes,No,20,Yes,No,Fiber optic,Yes,No,Yes,No,Yes,No,Month-to-month,Yes,Credit card (automatic),55.38,1127.8,Yes
C-59ac6600,Female,0,Yes,Yes,64,Yes,No,DSL,Yes,No,No,No,No,No,One year,No,Electronic check,29.01,1835.42,No
C-ad0c7bff,Female,0,Yes,No,0,Yes,No,Fiber optic,No,No,No,No,No,No,One year,No,Bank transfer (automatic),39.48,23.05,Yes
C-3b3aebcd,Male,0,No,No,20,Yes,No,Fiber optic,No,Yes,No,Yes,No,No,One year,No,Bank transfer (automatic),51.43,1063.75,No
C-b5a135f8,Male,1,Yes,No,49,No,No phone service,DSL,Yes,Yes,No,No,Yes,No,One year,Yes,Mailed check,38.44,1875.58,No
C-ea8eecf1,Female,1,Yes,Yes,45,Yes,No phone service,No,No internet service,No internet service,No internet service,No internet service,No internet service,No internet service,Two year,Yes,Bank transfer (automatic),19.49,879.32,No
C-4067eec6,Male,0,Yes,No,61,No,No phone service,Fiber optic,Yes,No,No internet service,No,Yes,Yes,Month-to-month,No,Electronic check,61.54,3742.45,No
C-8fe4a4f6,Male,1,No,No,32,Yes,Yes,Fiber optic,Yes,No,No,Yes,Yes,No,Month-to-month,No,Mailed check,52.81,1695.5,Yes
C-7a5a8cbb,Female,1,Yes,No,38,No,No phone service,Fiber optic,No,Yes,No internet service,No,Yes,No,One year,Yes,Mailed check,53.0,2029.31,No
C-e4339d3d,Male,0,No,No,62,Yes,No,DSL,No,No,No internet service,No,No,No,Month-to-month,No,Credit card (automatic),24.12,1507.34,No
C-46ee4672,Female,0,No,No,6,Yes,No phone service,DSL,Yes,No,Yes,Yes,No,No,One year,No,Mailed check,39.8,247.48,No
C-975fd5c6,Male,0,Yes,No,9,Yes,No,DSL,No,No,No,No,Yes,No,Two year,Yes,Credit card (automatic),35.93,295.64,No
C-2d2f6f78,Male,0,No,No,23,Yes,Yes,No,No internet service,No internet service,No internet service,No internet service,No internet service,No internet service,One year,No,Credit card (automatic),18.0,396.59,No
C-45c112be,Male,0,No,No,58,Yes,No,Fiber optic,Yes,Yes,No,No,No,No,Two year,No,Electronic check,53.65,3120.01,No
C-3200e44c,Male,1,Yes,No,13,Yes,Yes,Fiber optic,No,No,No,Yes,Yes,No,Month-to-month,Yes,Credit card (automatic),47.98,606.51,Yes
C-566c9108,Female,0,Yes,No,22,Yes,Yes,Fiber optic,Yes,No,No,No,No,Yes,Month-to-month,No,Electronic check,55.42,1217.72,Yes
C-f5a63503,Female,0,No,Yes,13,Yes,Yes,Fiber optic,Yes,No internet service,No,No,No,No,Two year,Yes,Credit card (automatic),43.96,589.25,No
C-39b4e6ea,Female,0,Yes,No,29,Yes,No phone service,DSL,Yes,Yes,No,Yes,No,No,Two year,Yes,Credit card (automatic),38.88,1128.66,No
C-db5b1484,Female,0,No,Yes,53,Yes,No phone service,DSL,No,No,Yes,Yes,No,No internet service,Two year,Yes,Mailed check,33.31,1777.95,No
C-85989109,Female,1,Yes,No,20,Yes,No,DSL,No,No,Yes,Yes,Yes,Yes,Month-to-month,No,Credit card (automatic),52.96,1025.04,No
C-979b4a71,Male,0,No,No,6,Yes,No,No,No internet service,No internet service,No internet service,No internet service,No internet service,No internet service,Month-to-month,No,Bank transfer (automatic),20.36,116.86,No
C-aa76560b,Male,0,No,No,59,Yes,Yes,DSL,No,Yes,No,Yes,No internet service,No,One year,Yes,Mailed check,33.72,1986.93,No
C-8a2cb426,Female,0,Yes,No,45,Yes,Yes,Fiber optic,No,No internet service,No,No,No,No,Month-to-month,Yes,Bank transfer (automatic),36.17,1631.24,Yes
C-e2b228dd,Female,1,No,No,58,Yes,No,Fiber optic,No,No,No,No,No,No,Month-to-month,No,Credit card (automatic),42.98,2449.16,Yes
C-c8568599,Female,0,Yes,No,51,Yes,No,Fiber optic,No,No internet service,No,Yes,Yes,Yes,Month-to-month,Yes,Electronic check,51.7,2652.98,No
C-73a2a345,Male,1,No,No,66,Yes,No,No,No internet service,No internet service,No internet service,No internet service,No internet service,No internet service,Month-to-month,Yes,Electronic check,18.0,1195.35,No
C-eebb438f,Female,0,No,No,30,Yes,Yes,Fiber optic,No,Yes,No internet service,No,Yes,No,Month-to-month,No,Electronic check,50.56,1485.58,Yes
C-f36d1e24,Female,0,Yes,Yes,7,Yes,Yes,No,No internet service,No internet service,No internet service,No internet service,No internet service,No internet service,Month-to-month,Yes,Credit card (automatic),19.63,151.04,Yes
C-1a156642,Male,0,Yes,No,17,Yes,Yes,DSL,Yes,No,Yes,No,No,Yes,Month-to-month,Yes,Electronic check,45.34,782.0,No
C-8bc27566,Male,0,No,Yes,2,Yes,Yes,Fiber optic,No internet service,No,Yes,Yes,Yes,Yes,One year,Yes,Electronic check,59.87,142.36,No
C-99573e2d,Female,1,Yes,Yes,48,Yes,No,DSL,Yes,No,No,No internet service,No,No,Two year,No,Bank transfer (automatic),35.25,1642.28,No
C-6ac1ab92,Female,0,No,No,45,Yes,Yes,DSL,No,Yes,Yes,Yes,Yes,No,Month-to-month,No,Electronic check,43.75,1962.44,No
C-faff8098,Male,0,Yes,No,71,Yes,Yes,Fiber optic,Yes,Yes,No,No,Yes,Yes,Month-to-month,No,Bank transfer (automatic),60.31,4272.85,Yes
C-74fa5117,Male,0,No,Yes,50,Yes,Yes,No,No internet service,No internet service,No internet service,No internet service,No internet service,No internet service,One year,No,Credit card (automatic),18.0,896.45,No
C-bd96b631,Male,0,Yes,No,15,Yes,No,DSL,No,Yes,No internet service,No,Yes,No internet service,Two year,No,Electronic check,40.69,606.87,No
C-20ae7437,Female,0,Yes,No,71,No,No phone service,DSL,Yes,Yes,Yes,No,No internet service,Yes,Two year,Yes,Electronic check,44.3,3154.55,No
C-960dc4a9,Female,0,No,No,3,Yes,No,Fiber optic,Yes,No,No,No,Yes,Yes,Month-to-month,Yes,Mailed check,60.65,202.43,Yes
C-63b98dc0,Male,1,Yes,No,13,Yes,No,DSL,Yes,No,No,No,No,No,Month-to-month,Yes,Bank transfer (automatic),29.67,376.68,Yes
C-10eac4cc,Female,0,Yes,Yes,65,Yes,No phone service,Fiber optic,No,No,No,No,No,Yes,Two year,Yes,Mailed check,45.45,2954.06,No
C-20fbc30b,Male,0,No,No,32,Yes,Yes,Fiber optic,No,No,No,No,Yes,No,Two year,Yes,Mailed check,46.19,1494.88,No
C-2eef4064,Female,0,Yes,No,14,Yes,Yes,Fiber optic,No,No,No,Yes,No,No,Month-to-month,Yes,Electronic check,40.76,592.43,Yes
C-c18cf7ba,Female,0,Yes,Yes,29,Yes,Yes,Fiber optic,No internet service,No,Yes,Yes,Yes,No,Month-to-month,Yes,Bank transfer (automatic),62.76,1794.19,Yes
C-a7c027b8,Male,0,Yes,No,36,Yes,No phone service,DSL,No,No,No internet service,No,Yes,No,Two year,Yes,Mailed check,34.83,1298.48,No
C-1a49e37e,Female,1,No,Yes,37,No,No phone service,DSL,Yes,Yes,No,No,No,No,Two year,Yes,Electronic check,36.16,1307.57,No
C-39954e99,Male,0,Yes,Yes,37,Yes,No,Fiber optic,Yes,Yes,No,No,No,No,Month-to-month,No,Bank transfer (automatic),52.5,1952.92,No
C-73b0ea42,Female,0,Yes,Yes,46,Yes,No,Fiber optic,No,No,Yes,No,No,No internet service,Two year,Yes,Credit card (automatic),43.02,2009.38,No
C-56e7cee2,Male,0,No,No,64,Yes,Yes,No,No internet service,No internet service,No internet service,No internet service,No internet service,No internet service,Two year,Yes,Electronic check,24.06,1543.39,No
C-940b8e92,Male,0,Yes,No,36,Yes,No phone service,DSL,No,Yes,Yes,No,Yes,No,One year,Yes,Electronic check,39.55,1399.9,Yes
C-e252dae5,Female,1,No,Yes,44,Yes,No,No,No internet service,No internet service,No internet service,No internet service,No internet service,No internet service,Month-to-month,Yes,Mailed check,18.0,787.26,No
C-56b73cdc,Female,0,No,No,43,Yes,No,No,No internet service,No internet service,No internet service,No internet service,No internet service,No internet service,Month-to-month,Yes,Electronic check,18.0,784.52,No
C-c189c747,Female,0,No,No,21,Yes,No,No,No internet service,No internet service,No internet service,No internet service,No internet service,No internet service,One year,Yes,Electronic check,24.38,531.97,No
C-5ec0ab4f,Female,0,No,No,12,Yes,Yes,DSL,Yes,No internet service,No,No,No,No,Month-to-month,Yes,Bank transfer (automatic),25.67,291.52,No
C-4fbbea05,Male,0,No,No,41,Yes,No phone service,Fiber optic,Yes,No internet service,No,Yes,Yes,No,Month-to-month,Yes,Electronic check,58.85,2399.0,No
C-4df2e19e,Female,0,No,No,5,Yes,Yes,DSL,No,Yes,No,No,No,No,Month-to-month,No,Mailed check,29.42,118.12,Yes
C-731ed03c,Female,1,No,No,53,Yes,No,Fiber optic,No,Yes,No,No internet service,No,No,One year,No,Mailed check,41.9,2199.6,No
C-187e74fd,Female,0,No,No,71,Yes,No phone service,DSL,Yes,No,No,No,Yes,No,Two year,No,Electronic check,37.26,2657.19,No
C-5c4220a0,Female,0,Yes,No,25,No,No phone service,No,No internet service,No internet service,No internet service,No internet service,No internet service,No internet service,Month-to-month,No,Bank transfer (automatic),18.81,493.16,Yes
C-c24205e3,Male,1,No,No,14,Yes,Yes,DSL,Yes,Yes,No internet service,Yes,Yes,No,Month-to-month,No,Electronic check,47.1,678.54,Yes
C-1299eee0,Male,0,Yes,No,57,Yes,Yes,DSL,Yes,No internet service,No,No internet service,No,No,Two year,Yes,Mailed check,32.74,1865.6,No
C-14599978,Male,0,Yes,No,67,Yes,Yes,DSL,No,Yes,No internet service,No,No,No internet service,One year,No,Mailed check,28.52,1927.8,No
C-795caabf,Female,0,Yes,No,2,Yes,No,Fiber optic,No,Yes,Yes,No,No internet service,No,Two year,No,Mailed check,49.97,80.3,Yes
C-4c2fc43a,Female,1,No,Yes,28,Yes,Yes,Fiber optic,No,Yes,No,No,No,No,Two year,Yes,Mailed check,51.47,1447.1,No
C-5f9fd7c5,Male,0,No,No,4,Yes,No phone service,Fiber optic,No,No,Yes,Yes,No,No internet service,Month-to-month,No,Credit card (automatic),50.31,207.14,Yes
C-268e757b,Male,0,No,Yes,16,Yes,No,No,No internet service,No internet service,No internet service,No internet service,No internet service,No internet service,Month-to-month,Yes,Bank transfer (automatic),18.0,246.28,Yes
C-3ef62761,Female,0,Yes,No,51,Yes,No,No,No internet service,No internet service,No internet service,No internet service,No internet service,No internet service,One year,Yes,Mailed check,19.48,1021.81,No
C-0359207e,Female,1,Yes,No,5,Yes,No phone service,DSL,Yes,No internet service,Yes,No,No internet service,No internet service,Month-to-month,Yes,Electronic check,36.74,175.45,Yes
C-b0b28062,Male,0,No,No,43,Yes,No phone service,DSL,No,No,Yes,No,No internet service,Yes,Month-to-month,Yes,Bank transfer (automatic),30.06,1268.79,No
C-1305948b,Male,0,No,No,30,Yes,Yes,Fiber optic,No,No,Yes,No,Yes,Yes,Month-to-month,Yes,Bank transfer (automatic),52.39,1547.2,Yes
C-5ff6b765,Female,0,No,No,38,Yes,Yes,DSL,No,No internet service,Yes,No,Yes,Yes,Month-to-month,Yes,Credit card (automatic),38.07,1436.89,No
C-757de409,Male,1,No,Yes,35,Yes,Yes,DSL,Yes,Yes,No,No,No,Yes,Month-to-month,Yes,Bank transfer (automatic),39.86,1385.5,Yes
C-1c01a9f3,Male,1,No,No,22,Yes,Yes,No,No internet service,No internet service,No internet service,No internet service,No internet service,No internet service,Month-to-month,No,Electronic check,19.74,451.61,Yes
C-c4434796,Male,1,Yes,No,33,Yes,Yes,DSL,Yes,No,No,No,No internet service,No,Two year,Yes,Mailed check,34.76,1144.41,No
C-8586a204,Female,0,Yes,No,7,No,No phone service,DSL,No internet service,No,No,No,No,Yes,Two year,No,Mailed check,29.91,262.21,Yes
C-45dd9394,Female,0,No,No,23,Yes,Yes,Fiber optic,No,Yes,No internet service,No,Yes,No,Two year,Yes,Credit card (automatic),47.72,1080.7,No
C-76f19330,Male,1,No,No,71,Yes,Yes,No,No internet service,No internet service,No internet service,No internet service,No internet service,No internet service,Two year,No,Electronic check,19.56,1352.74,No
C-ef24b68e,Female,0,Yes,No,18,Yes,No,Fiber optic,No,No,Yes,No,No,No,Month-to-month,Yes,Electronic check,43.08,805.77,Yes
C-d4471fe1,Male,0,Yes,No,7,Yes,No,DSL,No,Yes,No,No,Yes,Yes,One year,Yes,Electronic check,40.02,273.92,No
C-b84546b3,Male,1,Yes,No,49,Yes,Yes,No,No internet service,No internet service,No internet service,No internet service,No internet service,No internet service,Month-to-month,No,Mailed check,19.05,940.26,No
C-bfde2fbb,Male,0,No,Yes,29,Yes,Yes,DSL,No,No,Yes,Yes,No,Yes,Two year,No,Mailed check,43.93,1261.73,No
C-1b13ffe3,Female,0,Yes,No,43,Yes,No,Fiber optic,No,No,No,No,No,No,Month-to-month,Yes,Electronic check,46.54,1984.1,No
C-78a7422b,Male,0,Yes,No,54,Yes,Yes,Fiber optic,No internet service,No,Yes,No,No,Yes,Two year,Yes,Mailed check,50.86,2748.96,No
C-af3aa20e,Female,0,No,Yes,45,Yes,Yes,DSL,No,Yes,No,Yes,No,No,One year,Yes,Electronic check,34.09,1518.98,No
C-1d1c114e,Male,0,Yes,No,36,Yes,No,Fiber optic,Yes,Yes,Yes,No,Yes,Yes,One year,Yes,Electronic check,68.32,2451.43,No
C-92dba5da,Female,0,No,No,64,Yes,No phone service,Fiber optic,Yes,No,No,No,Yes,Yes,Month-to-month,Yes,Credit card (automatic),58.43,3724.78,No
C-23938647,Female,0,No,No,27,Yes,Yes,No,No internet service,No internet service,No internet service,No internet service,No internet service,No internet service,One year,No,Electronic check,18.0,453.35,No
C-a34343f6,Female,0,Yes,No,11,Yes,No,Fiber optic,No,No,Yes,Yes,Yes,No,Two year,Yes,Bank transfer (automatic),54.25,608.65,Yes
C-a07f7f77,Male,0,Yes,No,70,No,No phone service,DSL,Yes,Yes,No,No,No,No internet service,Two year,No,Electronic check,35.95,2501.15,No
C-88868769,Male,0,Yes,No,19,Yes,Yes,Fiber optic,No,Yes,No,Yes,No,No,Two year,Yes,Credit card (automatic),54.36,1044.2,No
C-83dfb1a5,Male,0,No,No,47,Yes,Yes,DSL,No,No,Yes,No,Yes,No,Month-to-month,Yes,Electronic check,27.18,1235.58,No
C-1e30e32c,Female,0,No,Yes,35,Yes,No,Fiber optic,No,Yes,No,No,Yes,No,Two year,No,Mailed check,49.67,1759.58,No
C-1e3a3be2,Male,0,No,No,4,Yes,No phone service,Fiber optic,No,Yes,No,No internet service,Yes,No internet service,One year,Yes,Electronic check,54.68,225.76,Yes
C-2daf1aa7,Male,0,Yes,No,11,Yes,No,Fiber optic,Yes,No,No,No,No internet service,No,Month-to-month,Yes,Electronic check,39.02,366.02,Yes
C-c0d96f88,Female,0,No,Yes,39,No,No phone service,Fiber optic,No,Yes,No,No,No,No,Two year,No,Credit card (automatic),47.19,1844.3,No
C-0cc9b358,Male,1,Yes,No,49,Yes,Yes,DSL,No,Yes,No,No,No,Yes,One year,Yes,Mailed check,32.24,1576.85,No
C-83ce302f,Male,0,Yes,No,43,Yes,No phone service,Fiber optic,No,No internet service,Yes,Yes,No,No,Month-to-month,Yes,Electronic check,48.35,2070.22,No
C-8eb50fc0,Male,0,No,No,43,Yes,Yes,Fiber optic,No,No,No,No,Yes,No,Month-to-month,Yes,Bank transfer (automatic),43.43,1907.39,Yes
C-f25ba37d,Male,0,No,No,36,Yes,Yes,No,No internet service,No internet service,No internet service,No internet service,No internet service,No internet service,Month-to-month,Yes,Mailed check,21.09,738.47,Yes
C-aec0150b,Male,0,No,No,49,Yes,Yes,Fiber optic,No,No,Yes,No,Yes,Yes,Month-to-month,No,Electronic check,57.91,2834.79,Yes
C-f91c6707,Female,0,No,No,62,Yes,Yes,No,No internet service,No internet service,No internet service,No internet service,No internet service,No internet service,Month-to-month,No,Bank transfer (automatic),19.36,1195.37,No
C-1e966cce,Female,0,Yes,No,28,Yes,No phone service,DSL,No,Yes,No,No internet service,No,No,One year,Yes,Bank transfer (automatic),28.23,781.94,No
C-829a9334,Male,1,Yes,Yes,30,No,No phone service,No,No internet service,No internet service,No internet service,No internet service,No internet service,No internet service,Month-to-month,Yes,Electronic check,18.0,535.91,No
C-99c59ec5,Male,0,No,No,41,Yes,Yes,Fiber optic,No,No,Yes,No,Yes,No internet service,One year,No,Electronic check,51.84,2108.6,No
C-b3497931,Female,1,Yes,No,16,Yes,No,Fiber optic,No,No internet service,Yes,No,Yes,No internet service,Two year,No,Mailed check,51.7,825.39,No
C-0f360c2d,Male,1,Yes,No,62,Yes,Yes,Fiber optic,No,Yes,Yes,Yes,No,Yes,Month-to-month,No,Mailed check,62.67,3873.14,Yes
C-b7896f6f,Male,0,No,No,39,Yes,Yes,No,No internet service,No internet service,No internet service,No internet service,No internet service,No internet service,Month-to-month,Yes,Credit card (automatic),18.0,688.86,No
C-55691e96,Female,1,No,No,66,Yes,No,Fiber optic,No,Yes,Yes,Yes,No internet service,Yes,One year,No,Bank transfer (automatic),60.94,4031.04,No
C-8b460af4,Female,0,No,No,63,Yes,Yes,Fiber optic,Yes,Yes,Yes,No,No,No,Month-to-month,Yes,Credit card (automatic),58.11,3658.28,No
C-3c107fcd,Male,0,No,No,41,Yes,Yes,Fiber optic,Yes,No,Yes,No,Yes,No,Month-to-month,Yes,Electronic check,54.62,2247.36,Yes
C-1cae6920,Female,0,No,No,36,Yes,Yes,No,No internet service,No internet service,No internet service,No internet service,No internet service,No internet service,One year,Yes,Mailed check,18.0,654.8,No
C-44532bc7,Female,0,No,No,20,Yes,No phone service,No,No internet service,No internet service,No internet service,No internet service,No internet service,No internet service,One year,No,Credit card (automatic),22.51,460.47,No
C-5fe845b8,Male,0,No,No,29,Yes,Yes,DSL,No,No,No,No,Yes,No,One year,No,Mailed check,31.43,910.06,No
C-489195d6,Female,0,No,No,13,Yes,No,No,No internet service,No internet service,No internet service,No internet service,No internet service,No internet service,Two year,No,Credit card (automatic),18.0,242.74,No
C-1e702ef8,Male,1,No,No,30,Yes,Yes,Fiber optic,No,No,Yes,Yes,Yes,No,Two year,Yes,Credit card (automatic),57.78,1700.11,No
C-221d103a,Male,0,Yes,No,31,Yes,Yes,Fiber optic,No,No,No,Yes,No,Yes,Two year,No,Credit card (automatic),51.39,1599.72,Yes
C-eba9e4c4,Female,0,Yes,No,27,Yes,Yes,No,No internet service,No internet service,No internet service,No internet service,No internet service,No internet service,Month-to-month,No,Mailed check,25.54,709.8,No
C-53ac2175,Female,0,Yes,Yes,41,Yes,Yes,Fiber optic,No,Yes,No,No,Yes,No internet service,Two year,No,Mailed check,53.09,2185.8,No
C-8a496e00,Male,1,No,Yes,42,Yes,No,DSL,No,Yes,No,No,No,Yes,Two year,Yes,Electronic check,32.39,1393.71,No
C-74d2d6e0,Female,0,No,Yes,10,Yes,No,No,No internet service,No internet service,No internet service,No internet service,No internet service,No internet service,Two year,No,Mailed check,23.93,261.54,No
C-72a04d39,Female,1,No,No,70,Yes,Yes,Fiber optic,No,No,No,No,Yes,No,Month-to-month,No,Mailed check,37.89,2648.77,Yes
C-44def0d2,Female,1,No,No,38,Yes,No phone service,DSL,No,No,Yes,No,No,No,One year,Yes,Credit card (automatic),28.26,1074.61,No
C-aa96ff1c,Male,0,Yes,Yes,42,Yes,Yes,Fiber optic,No,No,No,Yes,Yes,Yes,Two year,Yes,Credit card (automatic),54.11,2293.47,No
C-8666a254,Male,0,Yes,No,34,No,No phone service,DSL,No internet service,No,No internet service,No,No,Yes,Month-to-month,Yes,Electronic check,31.98,1080.66,Yes
C-07df97b5,Male,0,Yes,No,44,Yes,Yes,DSL,No,No,No,Yes,Yes,No,Two year,No,Bank transfer (automatic),31.93,1385.21,No
C-dcc61175,Male,0,Yes,No,54,Yes,No,No,No internet service,No internet service,No internet service,No internet service,No internet service,No internet service,Two year,Yes,Bank transfer (automatic),19.66,1083.16,No
C-755160ed,Female,0,Yes,Yes,37,No,No phone service,DSL,Yes,No internet service,Yes,No internet service,No,Yes,One year,No,Mailed check,39.19,1429.0,No
C-2e839870,Male,0,Yes,No,70,Yes,No,Fiber optic,No internet service,No internet service,Yes,No,No,No internet service,Two year,No,Bank transfer (automatic),39.77,2781.27,Yes
C-123a4512,Female,0,No,No,65,Yes,No,DSL,Yes,Yes,No,No,Yes,No internet service,One year,No,Mailed check,42.52,2789.78,No
C-0395b1aa,Male,0,Yes,No,15,Yes,Yes,Fiber optic,No,No internet service,No,No,No,No internet service,Month-to-month,Yes,Mailed check,42.7,630.93,No
C-ccf8c4a9,Male,0,Yes,No,57,No,No phone service,DSL,Yes,No,No,No,Yes,Yes,Two year,No,Bank transfer (automatic),33.55,1922.69,No
C-40b7b2bc,Female,0,Yes,No,22,Yes,No,No,No internet service,No internet service,No internet service,No internet service,No internet service,No internet service,Month-to-month,Yes,Mailed check,18.63,393.26,No
C-e099fdda,Male,0,Yes,Yes,33,Yes,Yes,Fiber optic,No,No,Yes,Yes,No,Yes,One year,Yes,Electronic check,51.03,1697.88,Yes
C-444339e0,Female,0,Yes,No,48,Yes,No,DSL,No,No,No,No,No,Yes,Month-to-month,Yes,Mailed check,28.48,1340.48,No
C-fc4cd103,Male,0,No,No,38,No,No phone service,No,No internet service,No internet service,No internet service,No internet service,No internet service,No internet service,One year,Yes,Mailed check,18.0,650.31,No
C-e151bae4,Female,0,Yes,No,27,Yes,No,Fiber optic,No,No,No,No,Yes,No,One year,Yes,Bank transfer (automatic),44.09,1193.84,No
C-82c1f48d,Male,0,No,No,63,Yes,No phone service,Fiber optic,No,No,No,No,No,No internet service,Two year,Yes,Mailed check,42.59,2661.22,No
C-02dd24d9,Male,0,Yes,Yes,53,No,No phone service,DSL,Yes,No,No,No,No internet service,No,One year,Yes,Bank transfer (automatic),32.61,1695.75,No
C-ab2600e8,Female,0,No,Yes,7,Yes,No,Fiber optic,No,No,Yes,Yes,Yes,No,Month-to-month,Yes,Credit card (automatic),56.76,388.52,Yes
C-d3db6372,Female,0,No,Yes,68,Yes,No,DSL,Yes,No,Yes,Yes,No,Yes,Two year,Yes,Bank transfer (automatic),43.05,2922.31,No
C-aaa2458d,Female,0,Yes,No,33,Yes,No,DSL,No,No,No,No internet service,Yes,No,One year,Yes,Bank transfer (automatic),30.66,1077.16,No
C-65406a7c,Female,0,No,Yes,2,Yes,Yes,Fiber optic,Yes,No,No,No,Yes,Yes,Two year,No,Mailed check,62.26,136.34,No
C-9905e2d8,Male,0,Yes,No,69,Yes,No,No,No internet service,No internet service,No internet service,No internet service,No internet service,No internet service,Two year,Yes,Electronic check,21.56,1490.4,No
C-605bcfe4,Male,1,No,No,40,Yes,No phone service,DSL,No,No,No internet service,Yes,Yes,No,One year,Yes,Bank transfer (automatic),32.42,1292.34,No
C-16bba497,Male,0,No,No,31,Yes,Yes,Fiber optic,No,Yes,Yes,Yes,No,No,One year,Yes,Credit card (automatic),59.1,1849.94,Yes
C-ee1d4549,Female,0,Yes,No,49,Yes,Yes,No,No internet service,No internet service,No internet service,No internet service,No internet service,No internet service,Two year,No,Electronic check,28.45,1390.58,No
C-f4258e2f,Female,1,Yes,No,59,Yes,No,DSL,No,Yes,Yes,Yes,No,No,Month-to-month,No,Bank transfer (automatic),43.44,2545.34,No
C-e946c725,Male,0,No,No,39,Yes,Yes,DSL,Yes,No,No,No,Yes,Yes,Month-to-month,No,Bank transfer (automatic),39.28,1495.62,No
C-d4eaa9c5,Female,0,Yes,Yes,1,Yes,No,No,No internet service,No internet service,No internet service,No internet service,No internet service,No internet service,Month-to-month,No,Electronic check,18.55,35.09,Yes
C-d63a00b8,Female,1,No,No,19,Yes,Yes,Fiber optic,No,Yes,Yes,No,No,Yes,Two year,No,Electronic check,49.0,929.75,No
C-3f3c7ec2,Female,0,No,Yes,61,Yes,No phone service,DSL,No internet service,No,No,Yes,Yes,Yes,Month-to-month,No,Electronic check,41.88,2564.08,No
C-98c2a5b5,Male,1,No,Yes,47,No,No phone service,DSL,No,No,No internet service,No,No,Yes,One year,Yes,Bank transfer (automatic),33.32,1545.9,No
C-87bd827d,Male,0,No,No,56,Yes,No phone service,Fiber optic,No,Yes,Yes,No,No,Yes,Month-to-month,No,Bank transfer (automatic),53.66,3017.05,No
C-3e2b8f46,Female,0,Yes,No,1,Yes,No phone service,No,No internet service,No internet service,No internet service,No internet service,No internet service,No internet service,Month-to-month,Yes,Electronic check,18.0,0.0,Yes
C-4b06307e,Female,0,No,No,64,No,No phone service,No,No internet service,No internet service,No internet service,No internet service,No internet service,No internet service,Month-to-month,Yes,Bank transfer (automatic),19.69,1264.72,No
C-c343266b,Female,0,No,No,37,Yes,No,Fiber optic,Yes,No,No,No,Yes,Yes,One year,Yes,Bank transfer (automatic),61.19,2277.99,No
C-bc25cb9b,Male,0,Yes,No,61,Yes,No,DSL,No,Yes,No internet service,No,No,No,Month-to-month,No,Bank transfer (automatic),27.53,1709.5,No
C-ec84f97b,Male,0,Yes,Yes,13,Yes,No,Fiber optic,No,No,Yes,Yes,No,Yes,Month-to-month,No,Electronic check,54.66,674.49,Yes
C-f6644c64,Female,0,No,No,15,Yes,No phone service,Fiber optic,Yes,Yes,No,No internet service,No internet service,No internet service,Month-to-month,Yes,Credit card (automatic),50.75,755.3,No
C-c9ce84b1,Female,0,No,No,38,Yes,Yes,DSL,No,Yes,Yes,No,No internet service,No,Two year,No,Electronic check,42.27,1575.94,Yes
C-23fb3726,Female,0,Yes,No,56,Yes,Yes,Fiber optic,Yes,Yes,No,No,No,No,Month-to-month,No,Electronic check,48.93,2751.36,No
C-633dca9b,Male,0,Yes,No,71,Yes,No,DSL,Yes,Yes,No,No,No,Yes,One year,Yes,Mailed check,40.88,2921.32,No
C-ba8949cd,Male,0,No,No,43,Yes,Yes,DSL,Yes,No internet service,Yes,Yes,No,No,One year,Yes,Credit card (automatic),40.93,1739.35,No
C-03e3e9e5,Female,0,No,No,36,Yes,Yes,DSL,Yes,No,No,No,No,Yes,Two year,Yes,Credit card (automatic),37.13,1316.18,No
C-0247a67a,Male,1,No,Yes,66,Yes,No phone service,Fiber optic,No,No,No,No,No,Yes,Two year,Yes,Bank transfer (automatic),46.23,3032.94,No
C-1ff07df1,Female,0,Yes,No,17,Yes,Yes,Fiber optic,No,No,No,No,No,Yes,One year,Yes,Credit card (automatic),46.07,791.53,No
C-3dcef28c,Female,0,No,No,12,Yes,Yes,Fiber optic,No internet service,No,No,Yes,Yes,No,Two year,Yes,Mailed check,51.01,586.18,No
C-a2909922,Female,0,No,Yes,67,No,No phone service,DSL,No,No,No internet service,No internet service,Yes,No,Month-to-month,No,Electronic check,27.81,1870.29,No
C-c9fa1639,Male,1,No,No,20,Yes,No,Fiber optic,No,No,Yes,No,No,No internet service,Two year,Yes,Credit card (automatic),48.52,972.33,No
C-8a8bb558,Male,0,No,No,39,Yes,No phone service,Fiber optic,No,No,Yes,Yes,No,No,One year,Yes,Credit card (automatic),49.36,1928.88,No
C-e4e29802,Female,1,Yes,Yes,37,Yes,Yes,Fiber optic,No,Yes,Yes,No,No,No,Month-to-month,Yes,Electronic check,53.49,1941.39,Yes
C-f408efc6,Female,0,No,No,35,Yes,No phone service,No,No internet service,No internet service,No internet service,No internet service,No internet service,No internet service,Month-to-month,Yes,Mailed check,25.43,866.89,Yes
C-e4590006,Male,0,Yes,No,42,Yes,No,DSL,No,Yes,No,No,No,Yes,One year,Yes,Mailed check,37.11,1556.45,No
C-a5265700,Female,0,Yes,Yes,2,Yes,No,No,No internet service,No internet service,No internet service,No internet service,No internet service,No internet service,One year,Yes,Electronic check,18.91,25.12,Yes
C-c34edd3d,Female,0,No,No,38,Yes,Yes,No,No internet service,No internet service,No internet service,No internet service,No internet service,No internet service,Month-to-month,Yes,Mailed check,22.72,863.81,No
C-df9a2e42,Female,1,No,No,0,Yes,No,DSL,No,Yes,No,No,Yes,Yes,Month-to-month,Yes,Mailed check,35.76,0.0,Yes
C-ff01e806,Male,0,No,No,56,Yes,Yes,Fiber optic,Yes,No,No,Yes,Yes,No,Month-to-month,No,Electronic check,54.56,3073.92,No
C-ecfdabac,Female,1,No,No,41,Yes,No phone service,DSL,No,Yes,No internet service,No,No,No,Month-to-month,Yes,Electronic check,30.66,1287.53,Yes
C-09ab9a1a,Male,1,Yes,Yes,49,Yes,Yes,Fiber optic,No,No,Yes,Yes,No internet service,Yes,Month-to-month,Yes,Electronic check,55.25,2707.49,Yes
C-e8f62599,Male,0,No,No,22,Yes,Yes,No,No internet service,No internet service,No internet service,No internet service,No internet service,No internet service,Month-to-month,No,Electronic check,19.14,395.21,Yes
C-a2a6e7ec,Female,0,No,No,49,Yes,Yes,DSL,No,No,No internet service,Yes,No internet service,No,Month-to-month,Yes,Mailed check,26.92,1329.51,No
C-a3c6c13d,Female,0,No,No,31,Yes,Yes,DSL,No internet service,No,No,No,No,Yes,Month-to-month,No,Electronic check,32.23,1018.47,Yes
C-303489f8,Female,0,No,No,55,Yes,No,DSL,No,Yes,Yes,Yes,No,No,Month-to-month,No,Bank transfer (automatic),39.97,2189.02,No
C-1690aa77,Male,0,No,No,43,Yes,Yes,DSL,No,No,No internet service,No internet service,Yes,No,Month-to-month,Yes,Electronic check,26.25,1137.58,Yes
C-1750064f,Female,1,Yes,No,66,Yes,No,Fiber optic,No,No,No,Yes,No,Yes,Month-to-month,Yes,Credit card (automatic),51.25,3396.07,No
C-821df62d,Female,0,Yes,Yes,34,Yes,Yes,No,No internet service,No internet service,No internet service,No internet service,No internet service,No internet service,Month-to-month,Yes,Credit card (automatic),20.59,713.28,No
C-c0454fe9,Female,0,No,No,71,Yes,No,No,No internet service,No internet service,No internet service,No internet service,No internet service,No internet service,Month-to-month,Yes,Bank transfer (automatic),20.27,1392.53,Yes
C-dc46a77e,Male,0,No,Yes,21,Yes,Yes,No,No internet service,No internet service,No internet service,No internet service,No internet service,No internet service,Month-to-month,Yes,Electronic check,21.02,467.35,Yes
C-d04bc404,Female,0,Yes,No,67,Yes,Yes,Fiber optic,No,No,Yes,Yes,No,No,Month-to-month,Yes,Bank transfer (automatic),48.96,3277.33,Yes
C-11992976,Male,0,No,No,7,Yes,Yes,DSL,No,No,Yes,Yes,Yes,No,One year,Yes,Mailed check,41.68,294.58,No
C-f9116a9c,Male,0,No,No,11,Yes,Yes,No,No internet service,No internet service,No internet service,No internet service,No internet service,No internet service,Month-to-month,Yes,Mailed check,19.66,208.67,No
C-6792160d,Female,1,No,No,14,Yes,No,Fiber optic,No,No,Yes,No internet service,No internet service,Yes,Month-to-month,Yes,Credit card (automatic),50.48,700.07,Yes
C-8cdf5567,Male,0,Yes,No,47,Yes,Yes,DSL,No,No,Yes,No,No internet service,No internet service,Month-to-month,Yes,Mailed check,32.48,1545.74,No
C-32368324,Male,0,Yes,No,71,Yes,No,DSL,No internet service,No,No internet service,No,Yes,No internet service,One year,Yes,Bank transfer (automatic),35.78,2502.01,No
C-84f0a130,Male,1,No,Yes,26,No,No phone service,DSL,Yes,No,No,No,No,No,Month-to-month,Yes,Bank transfer (automatic),33.2,863.07,No
C-3bd9d8cc,Male,0,No,No,23,Yes,Yes,DSL,No,No internet service,No,No,No,Yes,Month-to-month,No,Credit card (automatic),28.58,671.19,No
C-f50cad57,Female,0,Yes,No,50,Yes,No,Fiber optic,No,No,No,Yes,No internet service,No,One year,Yes,Electronic check,44.35,2206.78,No
C-08dccb1c,Male,0,Yes,Yes,56,Yes,No phone service,DSL,No,No,No,No,No internet service,No,Two year,No,Electronic check,33.43,1853.52,No
C-658409ab,Female,0,No,Yes,66,Yes,No,Fiber optic,Yes,No,No,No,No internet service,Yes,One year,No,Electronic check,55.18,3660.48,No
C-021c615f,Male,0,Yes,No,58,Yes,No,Fiber optic,No,No,No,No,No,No,Two year,Yes,Electronic check,43.25,2498.67,No
C-477a46b6,Male,0,Yes,No,33,Yes,Yes,Fiber optic,No internet service,No,Yes,Yes,Yes,Yes,One year,Yes,Bank transfer (automatic),61.75,2027.05,No
C-383b42df,Male,0,No,No,3,Yes,No phone service,DSL,No,Yes,No internet service,No internet service,Yes,No,Month-to-month,No,Bank transfer (automatic),36.37,123.7,Yes
C-beadfcf7,Female,0,Yes,No,70,Yes,No phone service,DSL,Yes,No,No internet service,No internet service,No,No,One year,Yes,Bank transfer (automatic),36.15,2537.88,No
C-47505fb1,Male,0,Yes,No,33,Yes,Yes,Fiber optic,No,No,No internet service,No,No,Yes,Two year,Yes,Mailed check,44.77,1459.98,No
C-fd5b7c7c,Male,0,No,No,31,Yes,Yes,Fiber optic,Yes,No,Yes,No,No,No,Month-to-month,Yes,Credit card (automatic),51.95,1636.46,Yes
C-a3b76df2,Male,0,Yes,Yes,55,Yes,Yes,DSL,Yes,No,No,No,Yes,No,Month-to-month,Yes,Credit card (automatic),42.48,2322.96,No
C-f74cf8ca,Male,0,No,No,63,Yes,No,DSL,No,No internet service,No,No,Yes,Yes,One year,No,Mailed check,37.21,2319.87,No
C-4e7441ed,Female,0,Yes,No,68,Yes,No,No,No internet service,No internet service,No internet service,No internet service,No internet service,No internet service,One year,Yes,Credit card (automatic),18.82,1264.67,No
C-4309004e,Female,0,Yes,No,34,Yes,No,No,No internet service,No internet service,No internet service,No internet service,No internet service,No internet service,One year,No,Mailed check,18.0,627.7,No
C-e9a9eaa8,Male,0,Yes,No,6,No,No phone service,Fiber optic,Yes,No,Yes,No,No internet service,No,Two year,Yes,Bank transfer (automatic),52.78,291.28,No
C-a7e1d725,Female,0,No,Yes,21,Yes,Yes,Fiber optic,No,No,No,No,No,No,Two year,Yes,Electronic check,38.62,779.25,No
C-96cae3b1,Male,0,No,No,55,Yes,No phone service,Fiber optic,Yes,Yes,No,No,Yes,No,Month-to-month,No,Mailed check,56.17,3091.86,No
C-635f70e0,Female,0,Yes,No,54,Yes,No,DSL,No,No,No internet service,No,Yes,Yes,Two year,No,Bank transfer (automatic),35.94,1939.05,No
C-6d586e0f,Male,0,No,Yes,22,Yes,Yes,DSL,No,No,No,No,No,No,Month-to-month,Yes,Bank transfer (automatic),19.64,440.86,No
C-178e7059,Male,0,No,No,21,Yes,Yes,DSL,No,Yes,Yes,Yes,No,No,Two year,No,Electronic check,37.03,784.5,No
C-ed3b2b2c,Male,0,Yes,Yes,36,Yes,No phone service,Fiber optic,No,No internet service,No internet service,Yes,No,No,Month-to-month,Yes,Credit card (automatic),45.78,1652.38,Yes
C-acce4a61,Female,0,Yes,No,31,No,No phone service,No,No internet service,No internet service,No internet service,No internet service,No internet service,No internet service,Two year,Yes,Mailed check,20.29,670.4,No
C-a074f7cc,Male,0,No,Yes,0,Yes,No,No,No internet service,No internet service,No internet service,No internet service,No internet service,No internet service,Month-to-month,Yes,Electronic check,20.62,3.34,Yes
C-32818ca1,Female,1,No,No,65,Yes,No,No,No internet service,No internet service,No internet service,No internet service,No internet service,No internet service,One year,No,Electronic check,20.48,1302.35,No
C-a4e4340b,Male,0,No,No,69,Yes,No,Fiber optic,No,No,No internet service,No,No internet service,Yes,Month-to-month,Yes,Bank transfer (automatic),49.22,3395.24,No
C-b9918545,Female,0,No,No,4,Yes,Yes,No,No internet service,No internet service,No internet service,No internet service,No internet service,No internet service,Month-to-month,No,Mailed check,25.1,103.18,Yes
C-a0fa9547,Male,1,No,No,31,Yes,No phone service,DSL,Yes,No,No internet service,No,Yes,Yes,Month-to-month,No,Bank transfer (automatic),45.32,1385.72,No
C-602ecc66,Female,0,Yes,No,21,Yes,Yes,DSL,No,Yes,Yes,Yes,No internet service,No,Month-to-month,Yes,Credit card (automatic),41.39,847.69,No
C-513b71bd,Female,0,Yes,No,46,Yes,Yes,No,No internet service,No internet service,No internet service,No internet service,No internet service,No internet service,Month-to-month,Yes,Bank transfer (automatic),20.17,911.57,No
C-708a3c35,Female,0,No,Yes,0,Yes,No phone service,No,No internet service,No internet service,No internet service,No internet service,No internet service,No internet service,One year,Yes,Electronic check,20.37,22.87,No
C-f5d95abc,Male,0,No,Yes,61,Yes,Yes,DSL,No internet service,Yes,No,No,No,Yes,Month-to-month,No,Electronic check,38.43,2376.53,No
C-35f7a3a8,Female,1,Yes,No,8,No,No phone service,DSL,No,No,Yes,No,No internet service,No,Month-to-month,No,Bank transfer (automatic),29.68,239.99,No
C-50419aad,Female,0,Yes,Yes,71,Yes,No,Fiber optic,Yes,Yes,No,No,No,No,Month-to-month,No,Mailed check,50.34,3603.03,Yes
C-cacfe8c7,Female,0,No,No,26,Yes,Yes,Fiber optic,Yes,No,No,No,Yes,No,One year,No,Credit card (automatic),48.5,1273.95,No
C-ea3a23e6,Female,0,Yes,Yes,42,Yes,Yes,DSL,Yes,Yes,Yes,No,Yes,No,One year,No,Bank transfer (automatic),50.0,2112.93,No
C-be1d06eb,Female,0,No,No,66,Yes,Yes,Fiber optic,No,No internet service,No,Yes,Yes,No,Month-to-month,No,Electronic check,51.85,3453.73,Yes
C-a40a14a0,Female,0,No,No,7,Yes,Yes,DSL,No,No internet service,No,No,No internet service,No,Month-to-month,No,Mailed check,26.25,188.33,No
C-6b27f190,Male,0,No,No,10,Yes,Yes,Fiber optic,No,No,Yes,No,Yes,No,Month-to-month,No,Mailed check,48.74,471.68,Yes
C-bd008e09,Female,1,No,No,66,Yes,No,No,No internet service,No internet service,No internet service,No internet service,No internet service,No internet service,Month-to-month,Yes,Electronic check,21.53,1387.62,No
C-08a414f1,Female,0,Yes,No,20,Yes,No phone service,DSL,No,Yes,No,No,No,Yes,Month-to-month,Yes,Mailed check,36.33,736.46,No
C-a559da74,Female,0,Yes,Yes,56,Yes,Yes,DSL,No internet service,No internet service,Yes,No,Yes,No,Month-to-month,Yes,Credit card (automatic),40.75,2326.28,No
C-9aaf2100,Male,0,No,No,71,Yes,No,DSL,No internet service,No,Yes,No,No internet service,No,Month-to-month,No,Credit card (automatic),23.63,1675.6,No
C-0e0731e6,Female,0,No,No,30,Yes,Yes,Fiber optic,No,No,Yes,No,No internet service,Yes,Two year,Yes,Bank transfer (automatic),51.56,1557.38,No
C-733c8120,Male,0,Yes,No,37,Yes,Yes,DSL,No internet service,Yes,Yes,No,No,Yes,Month-to-month,No,Electronic check,40.18,1458.79,No
C-94b3dece,Male,1,Yes,Yes,46,Yes,No,Fiber optic,No,No,Yes,Yes,No,Yes,Month-to-month,Yes,Bank transfer (automatic),54.95,2485.77,Yes
C-576a58d7,Male,0,Yes,No,51,No,No phone service,DSL,Yes,No internet service,Yes,Yes,Yes,No,Month-to-month,No,Credit card (automatic),46.99,2401.51,No
C-955cc0fe,Male,0,Yes,Yes,10,Yes,No,Fiber optic,No,Yes,No,Yes,Yes,Yes,One year,No,Mailed check,62.55,607.56,Yes
C-d18df2f4,Female,0,Yes,No,53,Yes,No,No,No internet service,No internet service,No internet service,No internet service,No internet service,No internet service,One year,Yes,Credit card (automatic),20.52,1108.6,Yes
C-3d982de2,Male,0,No,No,13,Yes,Yes,No,No internet service,No internet service,No internet service,No internet service,No internet service,No internet service,One year,Yes,Bank transfer (automatic),20.11,284.31,No
C-aee0c87a,Male,0,Yes,No,68,Yes,Yes,No,No internet service,No internet service,No internet service,No internet service,No internet service,No internet service,Month-to-month,Yes,Credit card (automatic),26.13,1789.36,No
C-5027a238,Female,0,Yes,No,22,Yes,Yes,DSL,Yes,Yes,No,No,Yes,No,Month-to-month,No,Credit card (automatic),43.21,979.11,Yes
C-d1c294ae,Male,0,Yes,No,53,Yes,No,No,No internet service,No internet service,No internet service,No internet service,No internet service,No internet service,Two year,No,Electronic check,18.2,995.55,No
C-23e7a181,Male,0,Yes,No,37,No,No phone service,DSL,No,No,No,No,Yes,No,One year,No,Bank transfer (automatic),31.02,1177.32,No
C-032311af,Male,0,Yes,Yes,38,Yes,No,DSL,No,Yes,No,No,Yes,No,Two year,Yes,Credit card (automatic),35.99,1359.44,No
C-563faa17,Female,0,No,No,23,No,No phone service,DSL,No,No,Yes,Yes,No,Yes,Two year,Yes,Electronic check,39.12,893.29,No
C-1adb3f7d,Male,0,Yes,No,1,Yes,No phone service,DSL,No,No,No,No,No,No,Month-to-month,No,Electronic check,23.51,0.0,Yes
C-11ea0563,Male,0,Yes,Yes,28,Yes,Yes,No,No internet service,No internet service,No internet service,No internet service,No internet service,No internet service,Month-to-month,No,Credit card (automatic),18.0,507.95,Yes
C-e2814462,Male,0,No,No,32,Yes,No,No,No internet service,No internet service,No internet service,No internet service,No internet service,No internet service,One year,Yes,Credit card (automatic),18.0,575.25,No
C-046d3e50,Female,1,No,Yes,26,Yes,No phone service,No,No internet service,No internet service,No internet service,No internet service,No internet service,No internet service,Month-to-month,Yes,Electronic check,23.2,609.13,Yes
C-877109ed,Female,0,Yes,Yes,72,Yes,Yes,No,No internet service,No internet service,No internet service,No internet service,No internet service,No internet service,One year,No,Mailed check,19.09,1407.15,No
C-88bea6bc,Female,0,No,No,67,No,No phone service,DSL,No,No,No internet service,No,Yes,No,One year,No,Bank transfer (automatic),30.29,1994.79,No
C-5f39a7e5,Male,0,No,No,72,Yes,Yes,Fiber optic,Yes,Yes,No,No,Yes,No,Month-to-month,Yes,Bank transfer (automatic),54.29,3895.23,No
C-8993c873,Female,1,Yes,Yes,13,Yes,No,DSL,No,Yes,No,Yes,No,No,Month-to-month,Yes,Bank transfer (automatic),32.04,388.25,Yes
C-1994ed26,Female,0,Yes,No,46,Yes,No,No,No internet service,No internet service,No internet service,No internet service,No internet service,No internet service,Two year,Yes,Mailed check,26.91,1201.5,No
C-d39de5b2,Male,0,Yes,Yes,7,No,No phone service,Fiber optic,No internet service,Yes,No,Yes,Yes,No,Month-to-month,Yes,Credit card (automatic),54.51,364.42,Yes
C-9d480709,Female,0,Yes,Yes,28,Yes,No,DSL,Yes,Yes,Yes,Yes,Yes,Yes,Month-to-month,Yes,Mailed check,58.76,1630.06,Yes
C-13b6d425,Male,0,Yes,No,35,Yes,No phone service,DSL,No,Yes,No,No,Yes,Yes,Month-to-month,Yes,Credit card (automatic),41.94,1473.46,No
C-c00ff204,Male,0,No,No,21,No,No phone service,DSL,No,No internet service,No internet service,No,Yes,Yes,Month-to-month,No,Electronic check,37.83,781.25,No
C-522dba00,Male,0,No,No,31,Yes,Yes,DSL,No,No internet service,No,Yes,Yes,Yes,One year,No,Mailed check,44.89,1400.25,Yes
C-e44daaef,Male,0,Yes,No,61,No,No phone service,DSL,No internet service,No,Yes,No,No,No,Month-to-month,No,Mailed check,25.24,1555.05,Yes
C-8f1da792,Male,1,Yes,No,47,Yes,No,Fiber optic,No,No,Yes,No,Yes,No internet service,Month-to-month,Yes,Electronic check,46.7,2180.7,Yes
C-2e96e5b0,Male,0,Yes,No,6,Yes,No,DSL,No,No,No,Yes,No internet service,No internet service,Month-to-month,Yes,Electronic check,28.17,180.83,Yes
C-b75261a7,Male,0,No,No,7,Yes,No,DSL,No,Yes,No,Yes,No internet service,Yes,One year,Yes,Mailed check,41.5,259.88,No
C-339adfcb,Female,0,No,Yes,6,Yes,Yes,DSL,No,Yes,No,No,No,Yes,One year,Yes,Bank transfer (automatic),36.63,244.14,No
C-e4c344c3,Female,0,No,No,13,Yes,Yes,No,No internet service,No internet service,No internet service,No internet service,No internet service,No internet service,Month-to-month,Yes,Electronic check,18.0,248.08,No
C-8716ae53,Female,0,Yes,No,0,Yes,No,DSL,No,No,No internet service,No,No,Yes,Month-to-month,No,Bank transfer (automatic),32.56,0.0,Yes
C-3b9d825d,Male,0,No,Yes,41,Yes,No,Fiber optic,Yes,Yes,Yes,No internet service,No,Yes,Month-to-month,No,Bank transfer (automatic),59.58,2455.84,Yes
C-a6dad336,Female,0,Yes,No,66,Yes,No,Fiber optic,No,Yes,Yes,No,Yes,Yes,Month-to-month,Yes,Credit card (automatic),57.04,3786.34,Yes
C-2ac062d3,Male,1,Yes,No,37,No,No phone service,Fiber optic,No,No,No internet service,No,No,No internet service,Month-to-month,No,Electronic check,38.25,1402.05,No
C-f925e962,Male,0,Yes,No,5,Yes,Yes,Fiber optic,No,No,Yes,No,Yes,Yes,Two year,Yes,Credit card (automatic),57.22,270.26,No
C-8fb512d0,Female,0,Yes,No,12,Yes,No phone service,DSL,No,Yes,Yes,No,No internet service,No,One year,Yes,Credit card (automatic),26.77,333.51,No
C-3f91f071,Female,1,Yes,No,1,Yes,No,No,No internet service,No internet service,No internet service,No internet service,No internet service,No internet service,Month-to-month,No,Bank transfer (automatic),20.11,55.66,Yes
C-0ebfad54,Female,0,No,No,8,No,No phone service,DSL,No internet service,No,Yes,Yes,Yes,Yes,Month-to-month,Yes,Electronic check,41.9,300.09,No
C-e1b4677d,Male,1,No,No,21,Yes,Yes,Fiber optic,No,No,No,Yes,Yes,No,Two year,Yes,Bank transfer (automatic),49.94,1043.03,No
C-ba2108d3,Male,0,Yes,No,15,Yes,No phone service,Fiber optic,No,No,No,No,No,Yes,Month-to-month,Yes,Mailed check,45.32,709.28,Yes
C-d1068519,Female,0,No,Yes,52,Yes,No,No,No internet service,No internet service,No internet service,No internet service,No internet service,No internet service,One year,Yes,Bank transfer (automatic),21.81,1143.65,No
C-f460d6ca,Male,0,Yes,Yes,39,Yes,No,No,No internet service,No internet service,No internet service,No internet service,No internet service,No internet service,Two year,Yes,Electronic check,24.81,978.06,No
C-a6e2cbdc,Male,0,No,Yes,16,Yes,No,DSL,Yes,Yes,No,No,No internet service,Yes,Month-to-month,Yes,Credit card (automatic),41.46,613.04,No
C-c6246fe5,Female,0,Yes,No,45,Yes,Yes,Fiber optic,No internet service,Yes,No,Yes,Yes,No,One year,No,Mailed check,59.73,2679.79,Yes
C-f071d067,Male,0,No,Yes,46,Yes,No,DSL,Yes,No,No,Yes,Yes,Yes,Month-to-month,Yes,Credit card (automatic),43.13,2036.22,No
C-1d428bfe,Female,0,Yes,No,30,Yes,Yes,Fiber optic,Yes,No internet service,Yes,No,Yes,Yes,One year,No,Mailed check,61.04,1858.5,No
C-477192f6,Male,0,No,Yes,18,Yes,Yes,Fiber optic,Yes,No,No,Yes,No,No,Month-to-month,Yes,Electronic check,49.89,893.6,No
C-d75d765f,Female,0,No,No,25,Yes,Yes,Fiber optic,Yes,No,Yes,No,No,No,Month-to-month,No,Mailed check,53.28,1346.9,No
C-7140f159,Male,1,No,Yes,37,Yes,Yes,DSL,No,Yes,Yes,Yes,No,Yes,Two year,Yes,Bank transfer (automatic),45.02,1655.89,No
C-1642d7cb,Female,1,No,Yes,26,Yes,Yes,Fiber optic,No internet service,No,No,No,Yes,No internet service,Month-to-month,No,Mailed check,44.86,1182.87,Yes
C-f32e9f25,Female,0,No,No,20,Yes,Yes,Fiber optic,No,No,No,No,No,No,Month-to-month,Yes,Credit card (automatic),39.26,768.57,Yes
C-44afe11b,Female,0,No,No,22,Yes,No,Fiber optic,No,No,No,Yes,No,No,Month-to-month,No,Credit card (automatic),42.97,953.8,Yes
C-5ddd0f44,Female,0,Yes,No,11,Yes,Yes,No,No internet service,No internet service,No internet service,No internet service,No internet service,No internet service,Month-to-month,No,Mailed check,19.61,226.44,No
C-5aa3f932,Male,1,Yes,No,40,Yes,No,Fiber optic,Yes,No,No,Yes,Yes,No internet service,One year,Yes,Bank transfer (automatic),58.85,2355.89,No
C-40becb30,Male,0,No,No,67,Yes,Yes,DSL,No internet service,No internet service,No,Yes,No,No,One year,No,Bank transfer (automatic),25.83,1730.87,No
C-02c0dc6e,Male,0,No,No,6,Yes,No phone service,DSL,No,No internet service,No,Yes,No,Yes,Two year,Yes,Electronic check,34.6,216.82,No
C-7ba4d351,Female,0,No,Yes,29,Yes,No,Fiber optic,No internet service,No internet service,Yes,No,No,No internet service,Two year,Yes,Bank transfer (automatic),45.91,1330.62,No
C-821ba51c,Female,0,No,Yes,20,Yes,Yes,DSL,No,No internet service,Yes,No,Yes,No,One year,No,Electronic check,31.48,617.51,No
C-178b99bd,Male,1,Yes,Yes,11,Yes,Yes,DSL,Yes,Yes,No,No internet service,Yes,No,Two year,Yes,Electronic check,40.81,444.02,No
C-aa714616,Male,0,No,No,44,Yes,Yes,No,No internet service,No internet service,No internet service,No internet service,No internet service,No internet service,One year,No,Electronic check,21.42,965.58,No
C-f7c186c2,Male,0,No,No,11,Yes,No,No,No internet service,No internet service,No internet service,No internet service,No internet service,No internet service,Month-to-month,Yes,Credit card (automatic),19.13,212.53,Yes
C-afd44931,Female,0,Yes,No,38,Yes,No,Fiber optic,No,No internet service,No,No,Yes,No,One year,No,Electronic check,44.26,1687.88,Yes
C-b9388ee5,Male,0,No,No,31,Yes,Yes,DSL,No,No,No,No,No,Yes,Month-to-month,No,Electronic check,27.07,825.91,No
C-c8f5b3b5,Female,0,No,No,31,Yes,No,DSL,No,Yes,No,Yes,No internet service,No,Two year,Yes,Credit card (automatic),30.83,963.51,No
C-d7a85ea2,Male,0,No,No,69,Yes,No,Fiber optic,No internet service,No,No,Yes,No internet service,Yes,Month-to-month,Yes,Credit card (automatic),49.28,3370.16,Yes
C-e820ece3,Female,0,No,No,72,Yes,No,Fiber optic,No,No internet service,No,No,No,Yes,Month-to-month,Yes,Electronic check,44.51,3196.13,Yes
C-13a4f3c7,Female,0,Yes,No,20,Yes,No,Fiber optic,Yes,No,No,No,Yes,Yes,Two year,Yes,Electronic check,53.28,1086.72,No
C-506a2db6,Male,0,Yes,No,12,Yes,Yes,No,No internet service,No internet service,No internet service,No internet service,No internet service,No internet service,Month-to-month,Yes,Bank transfer (automatic),20.66,218.0,No
C-82b1d832,Male,0,No,No,69,Yes,Yes,No,No internet service,No internet service,No internet service,No internet service,No internet service,No internet service,Month-to-month,No,Bank transfer (automatic),20.98,1427.91,Yes
C-05d8e504,Female,0,No,Yes,22,Yes,No,Fiber optic,Yes,No,No,No,Yes,No,One year,Yes,Mailed check,55.14,1254.94,No
C-316c98b9,Male,0,No,No,41,Yes,No,No,No internet service,No internet service,No internet service,No internet service,No internet service,No internet service,One year,No,Bank transfer (automatic),20.68,851.2,No
C-deb9f760,Male,0,No,Yes,46,No,No phone service,Fiber optic,No internet service,No,No,No,Yes,Yes,Month-to-month,Yes,Credit card (automatic),52.59,2405.25,No
C-87a68fed,Female,0,Yes,No,72,Yes,No,Fiber optic,No,No,No,Yes,Yes,Yes,One year,Yes,Credit card (automatic),56.11,4024.21,No
C-76f65130,Male,0,No,Yes,49,Yes,Yes,Fiber optic,Yes,Yes,Yes,No internet service,Yes,No,Month-to-month,Yes,Bank transfer (automatic),57.62,2767.07,Yes
C-fa140290,Male,0,No,No,0,Yes,No phone service,Fiber optic,No,Yes,No,Yes,Yes,No,Month-to-month,No,Mailed check,53.6,37.29,Yes
C-958df53d,Male,0,Yes,No,21,Yes,No,DSL,No,No,No,No,Yes,No internet service,Month-to-month,Yes,Electronic check,29.34,604.98,Yes
C-c5957b20,Male,1,No,No,67,Yes,Yes,Fiber optic,No internet service,Yes,Yes,No,Yes,No,Month-to-month,No,Electronic check,51.11,3432.66,No
C-1ca8c598,Female,0,Yes,No,42,Yes,No phone service,Fiber optic,Yes,Yes,No internet service,Yes,No,No,Month-to-month,Yes,Electronic check,55.63,2366.78,Yes
C-b96993cd,Male,0,No,No,51,Yes,No,No,No internet service,No internet service,No internet service,No internet service,No internet service,No internet service,One year,Yes,Mailed check,18.25,931.41,No
C-cca7fc16,Male,0,No,No,51,Yes,No phone service,Fiber optic,No,Yes,No,No,Yes,Yes,One year,No,Electronic check,55.82,2819.53,No
C-016a4ea5,Male,0,Yes,No,21,Yes,No,No,No internet service,No internet service,No internet service,No internet service,No internet service,No internet service,One year,Yes,Credit card (automatic),22.71,483.43,No
C-93c1a7b6,Male,0,No,No,40,Yes,Yes,DSL,No,Yes,No,No,No,Yes,One year,Yes,Electronic check,38.93,1551.31,No
C-8d3cafd7,Male,0,Yes,No,65,No,No phone service,DSL,Yes,No,No,Yes,Yes,No,One year,Yes,Mailed check,43.56,2838.18,No
C-6e3496b4,Male,0,No,No,64,Yes,Yes,Fiber optic,Yes,No,Yes,No,Yes,No internet service,Month-to-month,No,Electronic check,53.79,3434.97,Yes
C-b41be7af,Male,0,Yes,No,71,Yes,Yes,DSL,Yes,Yes,Yes,No internet service,No,Yes,Month-to-month,Yes,Electronic check,45.66,3264.89,Yes
C-208b388a,Female,0,Yes,No,52,Yes,Yes,Fiber optic,No,Yes,No,No,Yes,Yes,Month-to-month,Yes,Electronic check,56.72,2945.38,Yes
C-f65fd603,Male,0,No,No,64,Yes,Yes,No,No internet service,No internet service,No internet service,No internet service,No internet service,No internet service,Month-to-month,No,Electronic check,18.07,1131.53,Yes
C-b0886c07,Male,1,Yes,No,8,Yes,Yes,DSL,No internet service,No,No,Yes,Yes,Yes,Month-to-month,Yes,Bank transfer (automatic),45.03,318.18,Yes
C-0051b04c,Female,0,Yes,No,24,Yes,Yes,No,No internet service,No internet service,No internet service,No internet service,No internet service,No internet service,Month-to-month,Yes,Electronic check,18.6,438.69,Yes
C-925b9754,Male,0,No,No,32,Yes,No phone service,Fiber optic,No,No,No,Yes,No internet service,No,Month-to-month,No,Bank transfer (automatic),40.23,1273.5,No
