customerID,gender,SeniorCitizen,Partner,Dependents,tenure,PhoneService,MultipleLines,InternetService,OnlineSecurity,OnlineBackup,DeviceProtection,TechSupport,StreamingTV,StreamingMovies,Contract,PaperlessBilling,PaymentMethod,MonthlyCharges,TotalCharges,Churn
C-2c744126,Female,0,No,Yes,18,Yes,No,Fiber optic,No,No,No,Yes,Yes,No,Month-to-month,Yes,Bank transfer (automatic),53.21,958.61,Yes
C-bd739977,Female,1,Yes,No,22,Yes,Yes,DSL,Yes,No,No,No,Yes,No,Month-to-month,Yes,Electronic check,47.03,1043.02,Yes
C-0b16077d,Female,0,No,No,59,Yes,No phone service,No,No internet service,No internet service,No internet service,No internet service,No internet service,No internet service,One year,Yes,Electronic check,26.83,1606.51,No
C-b01f98a5,Female,0,No,No,12,No,No phone service,No,No internet service,No internet service,No internet service,No internet service,No internet service,No internet service,Month-to-month,Yes,Credit card (automatic),27.39,300.51,Yes
C-8edfc584,Male,0,No,No,17,Yes,No,DSL,Yes,No,No,No,No,No,Month-to-month,No,Bank transfer (automatic),38.12,675.77,No
C-b1d78249,Female,0,Yes,Yes,36,Yes,No,Fiber optic,No internet service,Yes,Yes,No,No internet service,Yes,One year,No,Bank transfer (automatic),67.68,2448.57,No
C-77ed6ce4,Female,0,Yes,No,29,Yes,No,Fiber optic,Yes,No,No,Yes,Yes,No,Month-to-month,No,Mailed check,62.27,1821.65,No
C-eaf3e17b,Female,1,No,Yes,20,Yes,Yes,Fiber optic,Yes,No internet service,No,No,Yes,Yes,Two year,Yes,Electronic check,70.26,1441.81,No
C-f5e446b6,Female,0,No,Yes,51,Yes,Yes,Fiber optic,No,No,No internet service,Yes,No,Yes,Two year,Yes,Mailed check,61.14,3118.52,No
C-8b7aab46,Female,0,No,No,22,Yes,No,DSL,No,No,No,No,Yes,Yes,Month-to-month,No,Credit card (automatic),46.08,1038.36,No
C-6592af06,Male,0,No,No,68,Yes,Yes,Fiber optic,Yes,Yes,No,No,No,No,Month-to-month,Yes,Mailed check,60.7,4100.04,No
C-5344c7b6,Female,0,Yes,Yes,34,Yes,Yes,DSL,No,No,Yes,No,No,No,One year,Yes,Mailed check,35.14,1200.9,No
C-524bf4d9,Female,0,Yes,No,31,Yes,No,DSL,No,No,No internet service,No,Yes,No,One year,No,Bank transfer (automatic),43.67,1353.38,No
C-0b7d9854,Male,0,Yes,Yes,62,Yes,Yes,Fiber optic,Yes,No,Yes,No,No internet service,No,Month-to-month,Yes,Mailed check,56.54,3493.16,No
C-7f582459,Female,0,Yes,No,21,No,No phone service,Fiber optic,No,Yes,No,No internet service,No,No,Month-to-month,No,Bank transfer (automatic),50.57,1087.97,No
C-53f5568e,Female,0,No,No,56,Yes,Yes,No,No internet service,No internet service,No internet service,No internet service,No internet service,No internet service,One year,Yes,Mailed check,25.43,1438.99,No
C-59deee28,Male,0,Yes,Yes,12,Yes,Yes,Fiber optic,Yes,No internet service,No,No,No,No,One year,No,Bank transfer (automatic),57.29,650.73,No
C-34665d11,Male,1,No,No,24,No,No phone service,DSL,Yes,No,Yes,No,Yes,No internet service,Month-to-month,No,Credit card (automatic),51.69,1232.83,No
C-4134f009,Male,0,No,Yes,32,Yes,No,DSL,No internet service,No,No,No,No,Yes,Month-to-month,No,Bank transfer (automatic),41.12,1308.73,No
C-74ae4086,Female,0,Yes,No,13,Yes,No,Fiber optic,No,Yes,No,No,No,Yes,Month-to-month,Yes,Mailed check,56.76,728.6,Yes
C-d843e2ee,Male,0,Yes,No,33,No,No phone service,DSL,No,Yes,No,No,No,No,Month-to-month,Yes,Credit card (automatic),40.66,1320.14,Yes
C-c275bc74,Female,0,No,Yes,23,Yes,No,Fiber optic,No,Yes,No,No,Yes,Yes,Month-to-month,No,Credit card (automatic),68.0,1558.06,Yes
C-a87a4fb3,Male,1,Yes,No,39,Yes,Yes,Fiber optic,No,No,No,Yes,Yes,No,Two year,Yes,Credit card (automatic),52.96,2083.45,No
C-687bdb7d,Male,0,Yes,No,17,Yes,Yes,DSL,No,No,No,No,No,No,Month-to-month,No,Credit card (automatic),37.59,629.53,Yes
C-5b108d97,Female,0,No,No,11,Yes,Yes,Fiber optic,No,No,Yes,No,No,No,Month-to-month,No,Mailed check,57.07,615.86,Yes
C-a3af3e7b,Male,0,No,Yes,6,No,No phone service,Fiber optic,No internet service,Yes,No,No,Yes,No,One year,Yes,Credit card (automatic),60.64,358.21,No
C-b0177b55,Male,0,No,No,25,Yes,No,No,No internet service,No internet service,No internet service,No internet service,No internet service,No internet service,Month-to-month,No,Electronic check,25.2,657.89,Yes
C-a18e9dfb,Male,0,No,Yes,7,Yes,No,Fiber optic,Yes,Yes,Yes,No,No,No,Two year,Yes,Electronic check,62.44,418.36,No
C-28aca2d0,Female,0,Yes,No,60,Yes,No,Fiber optic,No,No,No,No,Yes,Yes,Month-to-month,No,Bank transfer (automatic),61.17,3706.78,Yes
C-eac17d13,Male,0,Yes,Yes,57,Yes,No,DSL,Yes,No,Yes,No,No,No,One year,Yes,Bank transfer (automatic),39.46,2254.88,No
C-5394823a,Female,0,Yes,No,5,Yes,No phone service,No,No internet service,No internet service,No internet service,No internet service,No internet service,No internet service,Month-to-month,Yes,Electronic check,26.26,144.17,No
C-93777622,Male,0,Yes,No,53,Yes,No phone service,Fiber optic,No internet service,Yes,No,No,No,Yes,One year,Yes,Bank transfer (automatic),65.8,3474.37,Yes
C-e30b8346,Female,0,No,Yes,41,Yes,Yes,DSL,No,Yes,No internet service,Yes,No,No,Month-to-month,Yes,Bank transfer (automatic),41.38,1687.12,Yes
C-b44c134e,Female,0,No,No,16,Yes,No,Fiber optic,No,No,Yes,No,Yes,No internet service,One year,Yes,Electronic check,63.13,1034.6,Yes
C-87f00f83,Female,0,No,No,16,Yes,Yes,No,No internet service,No internet service,No internet service,No internet service,No internet service,No internet service,Month-to-month,Yes,Credit card (automatic),28.58,462.39,No
C-f28e5a1b,Male,0,No,Yes,34,Yes,Yes,Fiber optic,No,No,No,No,No,Yes,Month-to-month,No,Bank transfer (automatic),59.07,1976.36,Yes
C-781d796d,Female,0,No,No,55,Yes,Yes,DSL,No,No,Yes,No,Yes,No,Month-to-month,Yes,Mailed check,51.07,2837.75,No
C-8cfaa19a,Female,0,No,No,9,Yes,Yes,Fiber optic,Yes,Yes,Yes,Yes,Yes,No,Month-to-month,Yes,Credit card (automatic),71.56,654.66,No
C-e25f5f1e,Female,0,Yes,No,31,Yes,No phone service,No,No internet service,No internet service,No internet service,No internet service,No internet service,No internet service,Two year,No,Electronic check,28.09,859.07,Yes
C-1db1cd42,Male,0,Yes,No,63,Yes,Yes,Fiber optic,No,No,No,Yes,Yes,Yes,One year,Yes,Mailed check,62.71,3938.64,No
C-2e26f427,Male,0,No,Yes,28,Yes,No,DSL,Yes,No,Yes,No,No,No internet service,Month-to-month,No,Electronic check,47.65,1352.14,No
C-df8a2574,Male,1,No,No,59,Yes,Yes,DSL,Yes,No,Yes,No,No,No,Two year,Yes,Credit card (automatic),42.72,2538.02,No
C-331d1f88,Male,1,No,No,29,Yes,Yes,No,No internet service,No internet service,No internet service,No internet service,No internet service,No internet service,One year,No,Electronic check,25.96,773.37,Yes
C-9a950c0b,Female,0,No,No,19,Yes,Yes,DSL,No internet service,No,No,No,No,Yes,Two year,Yes,Electronic check,38.83,726.69,Yes
C-35d60a20,Male,1,Yes,No,7,Yes,No,DSL,Yes,No,No,Yes,Yes,Yes,Month-to-month,No,Credit card (automatic),53.06,406.99,No
C-6bee53a2,Male,0,Yes,Yes,1,Yes,Yes,Fiber optic,No,No,No,No,Yes,Yes,Month-to-month,Yes,Electronic check,60.99,57.66,Yes
C-9a87ad35,Female,0,Yes,No,5,Yes,Yes,Fiber optic,No,No internet service,Yes,No,Yes,Yes,Month-to-month,No,Bank transfer (automatic),61.91,303.97,Yes
C-1f710580,Female,0,Yes,Yes,14,Yes,No,DSL,No,No,No,No,Yes,Yes,Month-to-month,Yes,Bank transfer (automatic),49.2,685.72,Yes
C-07320edd,Male,0,No,No,29,Yes,No phone service,No,No internet service,No internet service,No internet service,No internet service,No internet service,No internet service,Month-to-month,Yes,Credit card (automatic),29.64,873.03,No
C-1cb4c210,Male,0,No,No,45,Yes,No,Fiber optic,Yes,No,No internet service,Yes,No,No,One year,No,Bank transfer (automatic),62.14,2799.29,No
C-978e6c97,Male,0,No,No,48,Yes,No,Fiber optic,No,Yes,No internet service,No internet service,Yes,No,Two year,No,Mailed check,58.24,2770.1,No
C-06b8c8af,Female,0,Yes,Yes,45,Yes,Yes,Fiber optic,No,No,Yes,No,No,No,Month-to-month,Yes,Credit card (automatic),49.67,2229.29,Yes
C-8b605de8,Female,0,No,No,18,Yes,Yes,Fiber optic,Yes,No,No internet service,No,No internet service,No,Month-to-month,No,Electronic check,55.16,996.62,Yes
C-3634b2a1,Female,0,No,Yes,25,Yes,No,Fiber optic,No,No internet service,No,No,Yes,Yes,Month-to-month,Yes,Mailed check,59.2,1453.76,No
C-9fb9e618,Female,0,Yes,No,10,Yes,Yes,Fiber optic,No,No,Yes,No,No,Yes,Month-to-month,Yes,Bank transfer (automatic),57.66,569.65,Yes
C-1ce589fc,Female,0,Yes,No,43,Yes,No phone service,No,No internet service,No internet service,No internet service,No internet service,No internet service,No internet service,Month-to-month,Yes,Mailed check,26.55,1127.73,Yes
C-b956f23a,Male,0,No,No,24,Yes,No,Fiber optic,No,Yes,No,No,Yes,Yes,One year,Yes,Credit card (automatic),69.41,1714.16,Yes
C-30d33695,Female,1,Yes,No,23,Yes,No,Fiber optic,No,No,No,No,Yes,No,Month-to-month,Yes,Mailed check,55.44,1267.12,Yes
C-73ec9d86,Male,0,No,No,34,Yes,No,Fiber optic,Yes,Yes,Yes,No,No,Yes,Month-to-month,No,Electronic check,72.02,2465.27,No
C-2350477c,Female,0,Yes,No,64,Yes,No,Fiber optic,Yes,No,No,No,No,No,Month-to-month,Yes,Mailed check,51.92,3348.37,No
C-60228c52,Female,1,No,Yes,60,No,No phone service,Fiber optic,No,No,No,No,No internet service,Yes,Two year,No,Credit card (automatic),51.35,3094.65,No
C-339f7f1a,Male,0,No,No,12,Yes,No phone service,Fiber optic,No,Yes,No internet service,No,No,No,Two year,Yes,Electronic check,50.7,620.57,No
C-6f22b7ce,Male,0,Yes,Yes,3,Yes,No,Fiber optic,No,No internet service,Yes,Yes,No internet service,Yes,One year,Yes,Mailed check,60.08,181.92,No
C-577eb606,Male,0,No,No,61,Yes,No,No,No internet service,No internet service,No internet service,No internet service,No internet service,No internet service,Month-to-month,Yes,Mailed check,29.96,1861.56,Yes
C-a2fbf180,Male,0,No,No,41,Yes,No phone service,Fiber optic,Yes,No,No internet service,No,No,No,Month-to-month,Yes,Mailed check,57.61,2327.3,Yes
C-49816dcd,Male,0,No,No,22,No,No phone service,Fiber optic,No,No,Yes,No,No,No,Two year,No,Electronic check,48.43,1054.62,No
C-ae2c71ba,Male,0,Yes,No,70,No,No phone service,Fiber optic,No,No,Yes,Yes,Yes,No,One year,No,Mailed check,61.53,4337.71,No
C-ed8c2252,Male,0,Yes,No,19,Yes,Yes,Fiber optic,No,No,No,No,No,Yes,Month-to-month,Yes,Electronic check,56.41,1088.25,Yes
C-b2bfe461,Female,0,Yes,No,24,Yes,Yes,Fiber optic,Yes,Yes,Yes,Yes,No,Yes,One year,No,Bank transfer (automatic),71.41,1691.47,No
C-b25a9c45,Male,0,Yes,No,6,Yes,Yes,No,No internet service,No internet service,No internet service,No internet service,No internet service,No internet service,Month-to-month,Yes,Electronic check,31.85,213.29,No
C-fd65bcfc,Male,0,Yes,No,63,Yes,No,No,No internet service,No internet service,No internet service,No internet service,No internet service,No internet service,Month-to-month,Yes,Electronic check,27.83,1726.86,No
C-c927a85a,Male,0,Yes,No,67,Yes,No phone service,DSL,No,No,No,Yes,Yes,Yes,Month-to-month,Yes,Electronic check,45.85,3088.74,No
C-799dd504,Female,1,No,No,52,Yes,No,DSL,Yes,No,No,No,Yes,No,One year,No,Mailed check,39.5,2056.49,No
C-075e6bbe,Female,0,Yes,No,38,Yes,No phone service,Fiber optic,No,Yes,No,No,No,No,One year,No,Electronic check,53.21,2035.72,Yes
C-db498d57,Male,0,Yes,No,61,Yes,No,DSL,No,Yes,No,No,No,Yes,Month-to-month,No,Electronic check,38.84,2355.4,No
C-25f08b87,Male,0,No,No,54,Yes,Yes,Fiber optic,No,No,Yes,Yes,No,No,One year,No,Mailed check,52.69,2881.38,No
C-e541a5bd,Female,0,Yes,Yes,33,Yes,No,Fiber optic,Yes,No,Yes,Yes,Yes,No,Two year,Yes,Mailed check,66.43,2198.5,No
C-c085aec4,Female,0,No,No,5,Yes,No,Fiber optic,Yes,No internet service,No,No,Yes,Yes,Two year,Yes,Bank transfer (automatic),71.07,370.11,Yes
C-246dd308,Male,1,Yes,Yes,64,Yes,No,Fiber optic,No,No,No,No,Yes,No,Month-to-month,Yes,Bank transfer (automatic),52.15,3327.06,Yes
C-1eccfeca,Female,0,No,No,56,Yes,No,No,No internet service,No internet service,No internet service,No internet service,No internet service,No internet service,Month-to-month,No,Electronic check,26.37,1501.14,No
C-b33e4503,Female,0,No,No,7,Yes,Yes,Fiber optic,Yes,No,No,No,Yes,No,Month-to-month,No,Electronic check,63.78,406.12,Yes
C-a4baf0ae,Male,0,Yes,No,59,Yes,Yes,Fiber optic,Yes,No internet service,Yes,No,No internet service,No,Month-to-month,Yes,Bank transfer (automatic),55.42,3272.91,Yes
C-2bf0c590,Female,1,Yes,No,26,Yes,No phone service,Fiber optic,No,Yes,Yes,No,Yes,Yes,One year,No,Mailed check,71.58,1891.39,No
C-59332605,Male,0,Yes,Yes,11,Yes,No phone service,DSL,No,No,No,No,No,Yes,Month-to-month,Yes,Bank transfer (automatic),46.02,508.31,No
C-c9ba75d2,Female,0,Yes,Yes,72,Yes,Yes,Fiber optic,No,No,Yes,No,No,No,One year,Yes,Electronic check,58.85,4213.74,Yes
C-e7c5363a,Female,0,No,Yes,53,Yes,No phone service,Fiber optic,No,Yes,Yes,No,Yes,No,Two year,No,Bank transfer (automatic),61.17,3253.22,No
C-f5cdf5ce,Male,0,Yes,No,30,Yes,Yes,DSL,No,Yes,No,No,No,No,One year,Yes,Bank transfer (automatic),36.59,1106.63,No
C-6e2d2fa0,Female,0,Yes,No,71,Yes,Yes,DSL,No,No,No,Yes,No,No,Month-to-month,Yes,Credit card (automatic),37.77,2697.52,No
C-f75a55ea,Male,0,Yes,No,10,Yes,No phone service,Fiber optic,Yes,No,Yes,No,Yes,No,One year,No,Bank transfer (automatic),64.41,659.91,No
C-b866d41f,Female,0,Yes,No,0,Yes,No phone service,Fiber optic,No,No,No,Yes,No internet service,No,One year,No,Bank transfer (automatic),48.1,13.71,Yes
C-ec60d4d5,Male,0,Yes,No,41,Yes,No phone service,Fiber optic,No,No,No,No,No,Yes,Month-to-month,Yes,Mailed check,54.25,2238.41,No
C-96ae7768,Female,1,No,No,25,Yes,No,Fiber optic,No,No,Yes,No,No,No,Month-to-month,Yes,Credit card (automatic),48.1,1223.77,No
C-04880c10,Female,0,Yes,Yes,23,Yes,No phone service,Fiber optic,No,No,No,Yes,Yes,Yes,Two year,Yes,Bank transfer (automatic),69.06,1577.13,No
C-5226d4fd,Male,0,Yes,No,69,Yes,No,DSL,No,No,No internet service,No,Yes,Yes,Two year,No,Credit card (automatic),41.31,2847.23,No
C-32df14ff,Female,0,No,No,59,Yes,No phone service,DSL,Yes,No,Yes,Yes,No,No,Month-to-month,No,Mailed check,49.41,2889.6,No
C-27971538,Female,0,Yes,No,63,Yes,No,Fiber optic,No,Yes,No,No,No,Yes,Month-to-month,Yes,Mailed check,58.13,3644.9,Yes
C-ac0be4b0,Female,1,Yes,No,10,Yes,No,No,No internet service,No internet service,No internet service,No internet service,No internet service,No internet service,One year,Yes,Credit card (automatic),25.76,269.02,No
C-1f9b1b9c,Female,0,No,No,69,Yes,No,Fiber optic,No,No,Yes,No,Yes,No,Month-to-month,No,Electronic check,58.19,4043.62,Yes
C-15971d6d,Male,0,No,No,38,Yes,Yes,Fiber optic,No,No,No,No,Yes,No,Month-to-month,Yes,Electronic check,52.58,1972.02,Yes
C-62bbb92c,Female,0,No,No,1,Yes,Yes,Fiber optic,No,Yes,No,No,No,No,Month-to-month,Yes,Bank transfer (automatic),55.1,41.93,Yes
C-e25c719e,Female,0,Yes,Yes,21,Yes,No,DSL,No,No,Yes,Yes,No,No,Two year,No,Electronic check,43.91,943.23,No
C-a09f2737,Female,0,Yes,Yes,52,Yes,No,Fiber optic,Yes,No,No,No,No,No,Month-to-month,Yes,Electronic check,54.87,2853.18,Yes
C-80c9a766,Male,0,Yes,No,36,Yes,No phone service,Fiber optic,No,No internet service,No,No,No,No,Month-to-month,No,Electronic check,53.0,1919.65,Yes
C-294f5f28,Female,0,No,No,14,No,No phone service,Fiber optic,Yes,No,No,Yes,No,No,Month-to-month,No,Credit card (automatic),64.85,899.58,No
C-2927f88c,Male,1,No,No,42,Yes,No,DSL,No,Yes,Yes,No,No,Yes,Two year,Yes,Bank transfer (automatic),54.28,2300.65,No
C-c5c8d53c,Female,0,Yes,No,19,Yes,No,Fiber optic,No,No,Yes,Yes,Yes,Yes,Month-to-month,Yes,Mailed check,62.09,1191.24,Yes
C-20d0dde0,Male,0,Yes,No,26,Yes,Yes,Fiber optic,No,Yes,No,No,No,Yes,Two year,Yes,Credit card (automatic),60.88,1602.02,No
C-10824976,Male,1,Yes,No,61,Yes,No,Fiber optic,No,No,No,Yes,No,No,Month-to-month,Yes,Mailed check,50.07,3025.86,Yes
C-cb9a1f09,Female,1,No,No,69,Yes,No,DSL,No,No internet service,No,No internet service,No,Yes,Month-to-month,Yes,Bank transfer (automatic),35.72,2439.24,No
C-312828d0,Male,1,No,No,19,Yes,Yes,Fiber optic,No internet service,No,No,Yes,Yes,No,One year,Yes,Electronic check,57.13,1093.53,Yes
C-ec51bcf2,Female,0,No,Yes,54,Yes,No,Fiber optic,Yes,No,Yes,Yes,No,No,Two year,Yes,Electronic check,59.9,3200.56,No
C-6a406d5e,Male,1,Yes,Yes,13,Yes,No,DSL,No,No internet service,No,No,No,No,Month-to-month,Yes,Electronic check,33.94,410.19,Yes
C-47c8f088,Female,0,Yes,Yes,12,Yes,No,Fiber optic,Yes,No,No internet service,No,No,Yes,Month-to-month,Yes,Mailed check,58.96,699.63,Yes
C-c9530a30,Female,0,No,No,11,Yes,No,Fiber optic,No,No,No internet service,No,No,No,Month-to-month,No,Credit card (automatic),51.47,575.55,Yes
C-eb090d80,Male,0,Yes,No,8,Yes,No phone service,DSL,No internet service,No,No,No,No,No,Two year,No,Credit card (automatic),27.65,226.98,No
C-080914d2,Male,0,No,No,26,No,No phone service,DSL,No,No,No,No,Yes,Yes,Two year,No,Bank transfer (automatic),43.52,1093.36,No
C-ccf94e04,Male,0,Yes,No,54,Yes,No,Fiber optic,No,No,No internet service,No internet service,No internet service,Yes,One year,No,Bank transfer (automatic),56.37,3037.79,No
C-9ca6b882,Female,0,Yes,Yes,37,Yes,No phone service,Fiber optic,No,Yes,No,No,Yes,Yes,Month-to-month,Yes,Electronic check,65.77,2447.64,Yes
C-2d18666d,Male,1,Yes,Yes,19,Yes,Yes,Fiber optic,No,No,Yes,No,No,No,Month-to-month,Yes,Electronic check,53.99,1051.17,Yes
C-bc6da707,Female,0,Yes,No,38,Yes,Yes,Fiber optic,Yes,No internet service,No,No,Yes,No,Two year,Yes,Mailed check,64.47,2425.68,No
C-ccc80f91,Male,1,Yes,No,7,Yes,No,Fiber optic,Yes,No,No,Yes,No,Yes,Month-to-month,No,Electronic check,60.78,377.38,Yes
C-daac1d13,Female,1,Yes,No,46,Yes,No,No,No internet service,No internet service,No internet service,No internet service,No internet service,No internet service,Month-to-month,Yes,Electronic check,27.17,1269.05,Yes
C-49058228,Female,1,Yes,No,31,Yes,Yes,Fiber optic,Yes,Yes,No,No,Yes,No internet service,Month-to-month,Yes,Electronic check,69.69,2130.64,No
C-a241731d,Male,0,Yes,No,30,Yes,No phone service,Fiber optic,No,No,No internet service,No internet service,Yes,Yes,Two year,No,Credit card (automatic),58.22,1745.92,No
C-815fe925,Female,0,Yes,Yes,9,Yes,No,Fiber optic,Yes,No,No,No,No internet service,No,Month-to-month,No,Electronic check,55.63,508.47,No
C-86c3c3c6,Male,0,Yes,No,71,Yes,Yes,Fiber optic,No,Yes,Yes,No,No internet service,Yes,Month-to-month,No,Mailed check,54.58,3859.42,No
C-fe69438d,Male,0,No,No,29,Yes,Yes,Fiber optic,No,Yes,No internet service,No,No,No,One year,Yes,Mailed check,54.3,1565.08,No
C-4e1e2ed6,Male,0,No,No,67,Yes,Yes,DSL,No,No,No,No,No,No,Month-to-month,Yes,Electronic check,37.54,2520.23,Yes
C-0130098a,Male,0,No,Yes,28,Yes,Yes,DSL,No,No,Yes,No internet service,Yes,No,Two year,Yes,Credit card (automatic),43.94,1204.26,No
C-300f42e2,Female,0,Yes,No,25,Yes,Yes,Fiber optic,Yes,Yes,No,No,No,Yes,Two year,No,Electronic check,64.41,1596.93,No
C-8aa9540d,Female,0,Yes,Yes,11,Yes,No phone service,DSL,Yes,Yes,No,Yes,Yes,No,Month-to-month,No,Mailed check,54.15,597.42,No
C-47c6da06,Male,0,No,Yes,70,Yes,No,Fiber optic,No,No,Yes,No,No,No,One year,No,Bank transfer (automatic),50.89,3569.67,Yes
C-26f99ac6,Male,0,No,No,34,Yes,No,Fiber optic,Yes,No,No internet service,No,Yes,Yes,One year,Yes,Credit card (automatic),70.07,2396.05,Yes
C-7962e740,Male,1,No,No,17,Yes,Yes,Fiber optic,No,No,Yes,No,No,Yes,Two year,No,Mailed check,59.93,1005.89,No
C-b8ee77d3,Male,0,Yes,No,1,Yes,Yes,Fiber optic,Yes,No,Yes,No,No internet service,No,Month-to-month,Yes,Electronic check,62.5,50.97,Yes
C-ee16e84f,Male,0,Yes,No,61,Yes,No phone service,Fiber optic,No,No,No,No internet service,No,No,Month-to-month,No,Credit card (automatic),44.23,2679.35,No
C-66fc55cd,Female,0,No,Yes,72,Yes,No phone service,Fiber optic,No,No,Yes,Yes,No,No,Two year,Yes,Credit card (automatic),54.9,3986.54,No
C-dd49f463,Female,0,Yes,No,29,Yes,No,Fiber optic,No,Yes,No,No,Yes,Yes,Month-to-month,Yes,Electronic check,69.82,2022.36,Yes
C-aae91afe,Male,0,No,No,7,Yes,Yes,Fiber optic,No,Yes,No,Yes,No,Yes,Month-to-month,No,Mailed check,60.03,444.12,Yes
C-8ec4a65c,Male,0,No,Yes,50,Yes,No,Fiber optic,No,No,No,No,No,Yes,One year,Yes,Electronic check,53.94,2703.38,No
C-2e0c1aa6,Male,0,No,No,13,Yes,No,Fiber optic,Yes,No,Yes,No,No,No,One year,Yes,Bank transfer (automatic),55.82,725.58,No
C-f84743c6,Female,0,Yes,No,62,Yes,No,DSL,No,No,No,No,No internet service,No,Month-to-month,Yes,Credit card (automatic),33.22,2061.28,No
C-670f47f6,Male,0,No,No,3,No,No phone service,DSL,No,No,Yes,No,No internet service,No,One year,No,Mailed check,36.9,110.23,Yes
C-a66f5ff2,Male,1,No,Yes,61,Yes,Yes,Fiber optic,No,Yes,Yes,No,Yes,Yes,Month-to-month,Yes,Credit card (automatic),71.16,4307.38,No
C-f4f09104,Male,0,Yes,Yes,26,Yes,Yes,DSL,No,No internet service,No,No,No,No,One year,Yes,Electronic check,34.8,922.31,No
C-17feb5e1,Female,0,No,Yes,68,Yes,No,No,No internet service,No internet service,No internet service,No internet service,No internet service,No internet service,Two year,No,Mailed check,25.81,1746.9,No
C-42c3eb0d,Female,1,No,Yes,50,No,No phone service,Fiber optic,No,No,No,No,No,No,Month-to-month,Yes,Electronic check,48.83,2434.3,Yes
C-22aa04e7,Female,0,No,Yes,3,Yes,No,Fiber optic,No,No,No,No,Yes,Yes,One year,Yes,Credit card (automatic),57.62,123.2,Yes
C-8bd796fe,Female,0,Yes,No,67,Yes,No,DSL,No,No,No internet service,No,No,No,Month-to-month,Yes,Bank transfer (automatic),25.5,1704.73,No
C-3e89b199,Female,0,No,No,60,No,No phone service,Fiber optic,No,No,No,No,Yes,Yes,Month-to-month,Yes,Electronic check,62.18,3758.98,No
C-3bb05a47,Male,0,No,Yes,43,No,No phone service,Fiber optic,No internet service,No,Yes,No,Yes,No,Month-to-month,No,Bank transfer (automatic),65.38,2796.47,Yes
C-ec07d854,Female,0,No,No,32,Yes,No,Fiber optic,No,No,No,Yes,No,Yes,Two year,Yes,Electronic check,61.49,1962.21,No
C-02bbb32a,Male,0,No,Yes,72,Yes,No,Fiber optic,No,No internet service,No internet service,No,Yes,No,Month-to-month,Yes,Credit card (automatic),54.5,3940.05,Yes
C-4c960910,Male,0,No,No,41,Yes,Yes,Fiber optic,Yes,No,Yes,No internet service,Yes,Yes,Month-to-month,Yes,Electronic check,70.95,2922.01,Yes
C-0ab10130,Female,0,No,No,20,Yes,Yes,Fiber optic,No,Yes,Yes,Yes,Yes,No,Month-to-month,No,Bank transfer (automatic),68.09,1374.72,Yes
C-406f7e25,Female,1,No,No,61,Yes,No,DSL,Yes,No,Yes,No,Yes,No,Month-to-month,Yes,Credit card (automatic),55.28,3408.87,Yes
C-6fdba771,Male,0,Yes,No,4,Yes,No phone service,Fiber optic,No,No,No,No,No,No,One year,Yes,Electronic check,46.72,157.19,Yes
C-3a17f0e8,Female,1,Yes,No,47,Yes,No,No,No internet service,No internet service,No internet service,No internet service,No internet service,No internet service,Month-to-month,Yes,Mailed check,27.71,1289.9,No
C-c5f90efe,Male,0,Yes,No,52,Yes,No phone service,No,No internet service,No internet service,No internet service,No internet service,No internet service,No internet service,One year,No,Mailed check,33.91,1773.91,No
C-afea3459,Male,0,No,No,63,Yes,Yes,DSL,Yes,Yes,No,No,Yes,No,Two year,No,Electronic check,48.8,3084.82,No
C-3d2119ce,Female,0,No,Yes,53,Yes,Yes,Fiber optic,No,Yes,No,No,No,No internet service,Month-to-month,No,Credit card (automatic),52.75,2793.4,Yes
C-95cc1dc3,Male,0,Yes,No,29,Yes,No phone service,Fiber optic,No,No,Yes,Yes,No,No,Month-to-month,No,Credit card (automatic),62.61,1833.49,No
C-f201da6f,Male,1,Yes,No,0,Yes,Yes,DSL,No,No,Yes,No,Yes,Yes,Month-to-month,Yes,Electronic check,53.09,48.72,Yes
C-e7aa3571,Male,0,No,Yes,6,Yes,Yes,DSL,No,Yes,Yes,No,No,No,Month-to-month,No,Electronic check,42.15,265.96,Yes
C-23913bc3,Male,0,No,No,37,Yes,No phone service,Fiber optic,No,Yes,Yes,No,No,Yes,Month-to-month,Yes,Mailed check,60.59,2218.78,Yes
C-092042a4,Male,0,No,No,0,Yes,No,DSL,No,No,No,No,No,No,Month-to-month,No,Bank transfer (automatic),35.68,0.0,Yes
C-0fd2d609,Female,0,No,No,71,Yes,No,DSL,No,Yes,No,No,No,No,Month-to-month,Yes,Electronic check,39.92,2847.4,No
C-6e4fc3e7,Female,0,Yes,No,55,Yes,Yes,DSL,Yes,No internet service,Yes,Yes,No,Yes,One year,No,Mailed check,60.56,3343.55,No
C-c6751fe6,Male,0,Yes,No,26,Yes,No,DSL,No,No,No,No,Yes,Yes,Two year,No,Electronic check,46.46,1206.91,No
C-61edf780,Male,1,No,Yes,1,Yes,No phone service,Fiber optic,No,Yes,Yes,No,Yes,No internet service,Month-to-month,Yes,Mailed check,64.1,38.9,Yes
C-f9a5b0dd,Male,0,Yes,No,37,Yes,No,Fiber optic,No,Yes,No,No internet service,No,No,Month-to-month,No,Electronic check,53.04,1958.21,Yes
C-4c85ef78,Female,0,Yes,Yes,54,Yes,No phone service,Fiber optic,Yes,No,No,No,No,Yes,Month-to-month,Yes,Bank transfer (automatic),61.37,3328.59,Yes
C-68ead3d7,Female,0,Yes,No,12,No,No phone service,Fiber optic,No,Yes,No internet service,No internet service,Yes,Yes,Two year,No,Electronic check,62.32,740.19,No
C-39e4be40,Female,0,Yes,No,43,No,No phone service,Fiber optic,No,Yes,No,No internet service,No,Yes,Month-to-month,No,Bank transfer (automatic),60.97,2608.91,Yes
C-d548ad97,Male,0,No,No,10,Yes,No phone service,Fiber optic,No,No,Yes,No,Yes,No,Month-to-month,Yes,Credit card (automatic),60.51,634.94,Yes
C-12b12739,Female,0,Yes,Yes,42,Yes,Yes,Fiber optic,Yes,No,Yes,No,No,No,Month-to-month,Yes,Electronic check,56.21,2357.42,Yes
C-35d3d814,Male,1,Yes,Yes,6,No,No phone service,DSL,No,No,Yes,No internet service,Yes,No internet service,Month-to-month,Yes,Bank transfer (automatic),44.08,262.06,No
C-1c140067,Male,0,No,No,38,Yes,No,Fiber optic,No,No,No,No internet service,Yes,Yes,Two year,Yes,Credit card (automatic),64.62,2469.59,No
C-6cbcae66,Male,0,No,No,43,Yes,Yes,Fiber optic,Yes,No,Yes,No,No,Yes,Month-to-month,Yes,Bank transfer (automatic),65.43,2802.06,No
C-75b2b9a0,Female,0,No,No,67,No,No phone service,Fiber optic,No,No internet service,No,Yes,No,Yes,Month-to-month,No,Credit card (automatic),58.42,3918.35,No
C-f83710ec,Male,1,Yes,No,2,Yes,Yes,Fiber optic,Yes,Yes,Yes,No,Yes,Yes,Month-to-month,No,Bank transfer (automatic),76.04,125.65,Yes
C-505900d4,Female,0,Yes,No,10,Yes,No,Fiber optic,No,No,No,Yes,No,Yes,Month-to-month,Yes,Bank transfer (automatic),55.7,537.21,No
C-ec596235,Female,0,No,No,34,Yes,No,Fiber optic,Yes,No,Yes,No,No,Yes,Two year,Yes,Bank transfer (automatic),68.65,2392.44,No
C-24c5767b,Male,0,Yes,Yes,10,Yes,Yes,Fiber optic,No,No,Yes,Yes,No,No,One year,No,Electronic check,56.03,549.75,Yes
C-944ea8c3,Female,0,Yes,No,36,Yes,Yes,Fiber optic,Yes,Yes,No,No,No,No,Month-to-month,Yes,Electronic check,54.63,1977.58,No
C-605236dd,Male,0,Yes,No,25,Yes,Yes,DSL,Yes,No,No,No,No,No,One year,Yes,Electronic check,40.8,1007.38,No
C-5f42d585,Male,0,No,No,59,Yes,No,Fiber optic,No,No,No,No,No,No internet service,Two year,No,Bank transfer (automatic),46.46,2730.58,Yes
C-cb1ba502,Female,1,No,No,60,No,No phone service,Fiber optic,No internet service,Yes,No,No,Yes,Yes,Two year,Yes,Credit card (automatic),63.64,3794.62,No
C-9e1846cc,Female,0,No,No,34,No,No phone service,Fiber optic,No,No,Yes,No,Yes,Yes,Month-to-month,No,Mailed check,69.29,2360.64,Yes
C-76dd34c1,Male,0,Yes,No,69,Yes,No,Fiber optic,Yes,No,No,No,No internet service,No,Month-to-month,No,Mailed check,53.01,3664.66,No
C-6b5f4de4,Male,0,No,No,25,Yes,Yes,DSL,Yes,No,No,No,No,Yes,Month-to-month,Yes,Bank transfer (automatic),45.16,1106.14,No
C-55b895e9,Female,1,Yes,No,64,Yes,No phone service,Fiber optic,No,No,No,No internet service,No internet service,No,Month-to-month,No,Bank transfer (automatic),46.06,2946.66,Yes
C-d65f2220,Male,0,No,No,67,Yes,No phone service,Fiber optic,No,No,Yes,Yes,No,Yes,One year,Yes,Credit card (automatic),66.3,4421.91,No
C-fb9c27b4,Female,1,Yes,No,44,Yes,Yes,Fiber optic,No,Yes,Yes,No,Yes,No internet service,Two year,Yes,Mailed check,59.72,2626.87,No
C-3d00ba02,Female,0,Yes,Yes,70,Yes,Yes,Fiber optic,No,Yes,No,No,Yes,No,Month-to-month,No,Mailed check,57.64,4018.47,Yes
C-df09b9fc,Female,0,No,No,60,Yes,No,Fiber optic,No internet service,Yes,No,No,Yes,Yes,Two year,Yes,Electronic check,61.52,3667.78,No
C-faf47a6a,Male,0,No,Yes,62,Yes,No,Fiber optic,No,Yes,No,Yes,Yes,Yes,Month-to-month,Yes,Credit card (automatic),68.73,4294.76,No
C-e65060bd,Male,0,Yes,No,2,No,No phone service,Fiber optic,No,Yes,No,No,Yes,No,Month-to-month,Yes,Electronic check,63.25,148.16,Yes
C-e3677232,Female,0,No,No,45,Yes,Yes,DSL,No internet service,No internet service,No,Yes,No,Yes,One year,No,Electronic check,42.71,1916.89,No
C-460807f3,Male,0,No,No,25,Yes,Yes,Fiber optic,No,No,No,No internet service,No,Yes,Month-to-month,Yes,Electronic check,54.25,1360.18,Yes
C-957cc644,Female,0,No,Yes,20,Yes,No,DSL,Yes,No,Yes,No,Yes,Yes,Month-to-month,No,Electronic check,60.31,1177.86,No
C-20bfd867,Male,0,No,Yes,11,Yes,No,Fiber optic,No,Yes,Yes,No,Yes,Yes,Month-to-month,Yes,Bank transfer (automatic),68.35,741.62,Yes
C-bc777fbc,Female,0,No,No,38,Yes,No,DSL,No,Yes,No,No,Yes,Yes,Month-to-month,Yes,Electronic check,49.34,1892.03,Yes
C-42d6d6b6,Female,1,Yes,No,4,Yes,No,Fiber optic,No internet service,No,No,No,No,Yes,One year,Yes,Electronic check,52.09,209.6,Yes
C-8e235d5f,Male,0,No,No,41,Yes,Yes,Fiber optic,Yes,No,Yes,No,No,No,Month-to-month,No,Mailed check,61.42,2488.73,No
C-b8a03c2f,Male,0,Yes,Yes,28,Yes,No,Fiber optic,No,Yes,Yes,No,No,No,Month-to-month,Yes,Mailed check,57.52,1624.31,No
C-f341f315,Female,0,No,No,42,Yes,No,No,No internet service,No internet service,No internet service,No internet service,No internet service,No internet service,Month-to-month,Yes,Electronic check,23.15,985.94,No
C-283fd039,Male,0,Yes,No,70,No,No phone service,Fiber optic,No,Yes,No,No internet service,No internet service,No,Month-to-month,Yes,Bank transfer (automatic),53.46,3732.12,Yes
C-db136d60,Male,1,No,No,64,Yes,No phone service,Fiber optic,No,No,Yes,No,No internet service,No,One year,Yes,Credit card (automatic),51.99,3326.4,No
C-e9ddd104,Female,1,No,Yes,22,Yes,No,Fiber optic,No,Yes,No,No,No,No,Month-to-month,Yes,Credit card (automatic),48.33,1084.4,Yes
C-14d5f400,Male,0,Yes,No,3,Yes,Yes,Fiber optic,No,No,No,No,No,No,Month-to-month,No,Credit card (automatic),50.33,131.95,Yes
C-066bed54,Male,0,Yes,Yes,29,Yes,No,Fiber optic,No,No,No,No,Yes,No internet service,Month-to-month,Yes,Credit card (automatic),50.19,1465.81,Yes
C-4135747b,Female,0,Yes,No,60,Yes,No,Fiber optic,No internet service,No,No,No internet service,Yes,No internet service,Month-to-month,Yes,Electronic check,57.98,3480.04,Yes
C-d2c70adb,Male,0,No,No,16,Yes,No,Fiber optic,No,No,No,Yes,Yes,Yes,Two year,Yes,Mailed check,68.83,1117.2,No
C-b9dee047,Female,0,No,Yes,13,Yes,No,DSL,No,Yes,No,No,No internet service,Yes,Month-to-month,No,Credit card (automatic),46.65,587.42,Yes
C-860e169c,Male,0,No,No,44,Yes,No phone service,DSL,No,No,Yes,No internet service,Yes,No,Two year,Yes,Electronic check,39.56,1736.61,No
C-4c0d9339,Male,0,No,Yes,4,Yes,Yes,DSL,No,No,No,No,Yes,No,Month-to-month,Yes,Bank transfer (automatic),38.45,141.04,Yes
C-9b3add6e,Female,1,Yes,No,59,Yes,Yes,No,No internet service,No internet service,No internet service,No internet service,No internet service,No internet service,One year,No,Electronic check,31.11,1829.76,No
C-a285b03a,Male,1,No,Yes,18,Yes,No phone service,DSL,Yes,Yes,Yes,No,No,No,Month-to-month,No,Electronic check,48.29,872.43,No
C-f36d4079,Male,0,Yes,No,66,Yes,No phone service,Fiber optic,No,Yes,No,Yes,No,No internet service,Month-to-month,Yes,Electronic check,60.75,4032.18,Yes
C-48f8db3f,Male,0,Yes,No,0,Yes,Yes,Fiber optic,Yes,No,Yes,No,No,No internet service,Two year,No,Bank transfer (automatic),56.28,0.0,No
C-87d2a47b,Female,0,No,Yes,45,Yes,Yes,No,No internet service,No internet service,No internet service,No internet service,No internet service,No internet service,Month-to-month,Yes,Electronic check,32.93,1506.05,No
C-75250af9,Female,0,Yes,No,31,Yes,No,Fiber optic,No,No,No internet service,No,Yes,No internet service,Month-to-month,Yes,Bank transfer (automatic),58.18,1783.11,Yes
C-d40e993f,Male,1,No,No,52,Yes,Yes,No,No internet service,No internet service,No internet service,No internet service,No internet service,No internet service,Two year,No,Mailed check,28.14,1462.12,No
C-eeefcce1,Female,0,No,Yes,11,Yes,No phone service,Fiber optic,No internet service,No,No,Yes,Yes,Yes,Two year,No,Mailed check,65.39,688.01,No
C-3b99c106,Female,0,Yes,No,40,Yes,No phone service,Fiber optic,No,No,No,No,Yes,No,Month-to-month,Yes,Electronic check,48.17,1949.22,Yes
C-7172d14a,Female,0,No,No,31,Yes,No,Fiber optic,No,Yes,Yes,No,No,Yes,One year,Yes,Credit card (automatic),62.23,1952.35,No
C-9e81d955,Female,0,No,Yes,48,Yes,No,Fiber optic,No,No,Yes,Yes,No internet service,Yes,Month-to-month,No,Electronic check,67.36,3255.75,Yes
C-b68eb027,Male,0,Yes,No,13,No,No phone service,DSL,No,No,Yes,Yes,No,No,Two year,No,Bank transfer (automatic),43.64,583.61,No
C-4a3b996f,Male,1,Yes,No,23,Yes,Yes,Fiber optic,Yes,No,Yes,No internet service,No,No,Month-to-month,Yes,Electronic check,57.48,1310.44,Yes
C-8e362a96,Female,0,No,Yes,44,Yes,Yes,No,No internet service,No internet service,No internet service,No internet service,No internet service,No internet service,Month-to-month,No,Credit card (automatic),29.94,1350.12,Yes
C-2e958237,Female,0,Yes,Yes,55,Yes,No phone service,Fiber optic,No,No,No,No,No,No,One year,No,Bank transfer (automatic),45.74,2514.38,No
C-edd93509,Female,0,Yes,No,19,Yes,Yes,Fiber optic,No,No,No,No,No,Yes,Month-to-month,No,Mailed check,49.55,971.61,Yes
C-967b3c48,Female,0,No,No,17,Yes,No,Fiber optic,Yes,Yes,No,No,No internet service,No internet service,Month-to-month,Yes,Bank transfer (automatic),55.81,896.6,Yes
C-396f153a,Male,1,No,No,7,Yes,No,DSL,No,No,No,Yes,Yes,No internet service,Month-to-month,No,Mailed check,45.92,314.9,No
C-f55bb442,Female,0,Yes,No,29,Yes,Yes,Fiber optic,No,No internet service,Yes,Yes,Yes,No,Month-to-month,No,Mailed check,67.71,1984.95,Yes
C-e7486116,Male,0,No,Yes,4,Yes,No,Fiber optic,Yes,No,No,No,No,Yes,Two year,Yes,Bank transfer (automatic),59.56,234.62,No
C-404efaea,Male,0,No,Yes,40,Yes,No,Fiber optic,No,Yes,No,No,No,Yes,Two year,Yes,Credit card (automatic),59.9,2405.3,No
C-993a653e,Male,0,Yes,No,42,Yes,Yes,Fiber optic,Yes,No,No,No,No internet service,Yes,Two year,No,Bank transfer (automatic),61.98,2585.13,No
C-a9659a57,Female,0,Yes,No,41,Yes,No,Fiber optic,No,No,No,No,No,Yes,Month-to-month,No,Bank transfer (automatic),54.08,2221.37,Yes
C-2336a118,Female,0,Yes,Yes,45,Yes,No phone service,Fiber optic,Yes,No,No,No,No,Yes,Month-to-month,Yes,Electronic check,60.12,2721.08,Yes
C-b6dd23f6,Male,0,No,No,28,Yes,Yes,Fiber optic,No,Yes,Yes,No,No,Yes,Month-to-month,Yes,Mailed check,61.62,1773.87,Yes
C-8569b2d1,Female,0,No,No,31,Yes,Yes,Fiber optic,No,No,No,No,No,No,Month-to-month,Yes,Mailed check,50.41,1566.88,Yes
C-727dc01b,Female,0,No,No,4,Yes,No phone service,Fiber optic,No,No,No,No,No,Yes,Month-to-month,Yes,Credit card (automatic),52.59,206.73,Yes
C-bc2a22fc,Male,0,No,No,67,Yes,Yes,No,No internet service,No internet service,No internet service,No internet service,No internet service,No internet service,Month-to-month,No,Credit card (automatic),28.01,1873.31,No
C-aaa6f3e6,Male,0,No,No,11,Yes,Yes,Fiber optic,No,No,Yes,No,No internet service,No,Month-to-month,No,Credit card (automatic),51.99,550.74,No
C-4743d4dc,Male,1,No,Yes,47,Yes,Yes,No,No internet service,No internet service,No internet service,No internet service,No internet service,No internet service,Two year,No,Mailed check,26.9,1235.86,No
C-224fc5d6,Female,0,Yes,No,72,Yes,No,Fiber optic,No,No,Yes,No,No internet service,Yes,Month-to-month,No,Bank transfer (automatic),64.6,4654.09,No
C-c43952df,Male,0,No,Yes,72,Yes,No,Fiber optic,No,No,No,No,No,Yes,One year,Yes,Bank transfer (automatic),58.43,4205.63,No
C-e69becf9,Female,1,Yes,Yes,12,Yes,Yes,Fiber optic,No,No,Yes,No,Yes,Yes,Month-to-month,Yes,Credit card (automatic),69.82,838.97,Yes
C-7bb2bef5,Female,0,No,No,25,Yes,No,Fiber optic,No,Yes,No,Yes,No internet service,No,Month-to-month,Yes,Mailed check,55.45,1379.8,Yes
C-48363a34,Male,0,Yes,Yes,58,Yes,Yes,Fiber optic,No,No,No,No,Yes,Yes,One year,No,Bank transfer (automatic),60.88,3496.49,Yes
C-9382c3bf,Female,0,No,No,22,Yes,Yes,Fiber optic,No,No,No,Yes,No internet service,No internet service,Month-to-month,Yes,Credit card (automatic),54.65,1213.66,Yes
C-440fd2c2,Male,0,Yes,No,3,Yes,No,Fiber optic,No,No,No,No,Yes,No,Month-to-month,No,Electronic check,56.73,154.49,Yes
C-8f3a7441,Female,0,No,No,30,Yes,No,Fiber optic,No,Yes,No,Yes,No,No,Two year,Yes,Mailed check,56.05,1676.04,No
C-80ddf54a,Female,1,Yes,Yes,43,Yes,No,Fiber optic,Yes,Yes,No,Yes,No,Yes,Two year,No,Electronic check,68.97,2966.94,No
C-2e9c7058,Male,0,Yes,No,45,Yes,No,Fiber optic,No internet service,No,No,Yes,Yes,Yes,Month-to-month,Yes,Mailed check,62.95,2820.23,No
C-1db40fa6,Female,0,Yes,No,26,Yes,No,Fiber optic,Yes,No,No,Yes,Yes,Yes,Month-to-month,Yes,Electronic check,73.36,1886.94,Yes
C-6584ff53,Female,0,Yes,Yes,70,Yes,No phone service,Fiber optic,No,No,Yes,No,No,No,Two year,Yes,Credit card (automatic),53.56,3749.74,No
C-e7ef7c7f,Male,0,Yes,Yes,40,Yes,No,Fiber optic,No internet service,No,No,Yes,Yes,No internet service,One year,Yes,Electronic check,63.93,2522.83,No
C-78c47703,Male,0,No,No,72,Yes,No,DSL,No,No internet service,Yes,No internet service,No,No,Two year,No,Bank transfer (automatic),31.9,2298.04,No
C-a2e9b5c9,Male,0,Yes,No,46,Yes,Yes,DSL,Yes,No,No,Yes,No,Yes,Month-to-month,Yes,Credit card (automatic),53.73,2456.43,No
C-50c9d9f2,Male,1,No,No,19,Yes,Yes,Fiber optic,No internet service,No,Yes,Yes,No internet service,No,Two year,Yes,Bank transfer (automatic),54.76,1048.08,No
C-8cefa036,Male,0,No,No,48,Yes,No,DSL,No,Yes,No internet service,No internet service,No,No,One year,Yes,Electronic check,39.82,1917.79,No
C-410b7c4c,Female,0,Yes,No,56,Yes,No phone service,DSL,Yes,Yes,No,No,Yes,Yes,Two year,No,Electronic check,58.48,3276.12,No
C-8faa670d,Male,0,Yes,No,13,Yes,No,Fiber optic,No internet service,Yes,No,Yes,No,No,Two year,Yes,Electronic check,61.53,803.64,No
C-ddec7a2d,Male,1,Yes,Yes,67,Yes,No,Fiber optic,No,Yes,No,No,Yes,No internet service,Two year,No,Electronic check,60.5,4028.52,No
C-d7c2c2ec,Female,0,Yes,No,71,Yes,No,No,No internet service,No internet service,No internet service,No internet service,No internet service,No internet service,Month-to-month,No,Electronic check,27.5,2000.39,Yes
C-d84121bf,Male,0,No,Yes,22,Yes,Yes,Fiber optic,No,Yes,No,Yes,Yes,Yes,One year,No,Bank transfer (automatic),67.36,1494.99,Yes
C-71218f21,Female,0,No,Yes,52,Yes,No,DSL,Yes,Yes,Yes,Yes,Yes,Yes,Two year,Yes,Bank transfer (automatic),66.73,3489.95,No
C-f8e642e1,Male,0,Yes,Yes,31,Yes,No,DSL,No,Yes,No,No,Yes,No,Month-to-month,No,Bank transfer (automatic),44.61,1398.66,No
C-448574e3,Female,0,Yes,No,57,Yes,Yes,DSL,No,Yes,No internet service,Yes,Yes,Yes,One year,Yes,Bank transfer (automatic),54.45,3094.12,No
C-c2ed7b4c,Male,0,No,Yes,43,Yes,No,Fiber optic,No,Yes,No,Yes,No,No,One year,Yes,Bank transfer (automatic),58.83,2531.47,No
C-28979037,Female,0,Yes,No,7,Yes,No phone service,No,No internet service,No internet service,No internet service,No internet service,No internet service,No internet service,Month-to-month,No,Credit card (automatic),32.99,209.26,Yes
C-d5b9b195,Female,0,No,Yes,24,No,No phone service,DSL,No,No,No,No,Yes,No,One year,Yes,Credit card (automatic),36.51,861.65,No
C-b8b72481,Male,0,No,No,39,No,No phone service,Fiber optic,Yes,No,No,No internet service,Yes,Yes,Month-to-month,No,Electronic check,64.01,2504.7,No
C-c066ed4d,Female,0,No,Yes,24,Yes,Yes,Fiber optic,No,Yes,No,Yes,Yes,No,Month-to-month,Yes,Credit card (automatic),65.69,1594.41,Yes
C-67e36ed4,Female,0,Yes,No,18,Yes,No,Fiber optic,Yes,Yes,Yes,No,Yes,No,Month-to-month,No,Credit card (automatic),68.91,1227.98,Yes
C-96d38cae,Male,1,No,No,8,Yes,Yes,Fiber optic,Yes,Yes,No,No internet service,No internet service,No,Two year,No,Bank transfer (automatic),60.41,488.84,No
C-b22aae6e,Male,0,Yes,No,71,Yes,Yes,Fiber optic,No,No,Yes,Yes,No,No,One year,Yes,Mailed check,57.83,4090.24,No
C-d232480d,Male,1,No,Yes,57,Yes,No,Fiber optic,No,No,No,No,Yes,Yes,Two year,Yes,Mailed check,64.95,3718.84,No
C-503cdd63,Male,0,No,No,48,Yes,No,DSL,No,No internet service,No,Yes,No,No,Month-to-month,Yes,Electronic check,33.97,1645.81,No
C-b10197e1,Male,0,No,No,18,Yes,No,DSL,No,No,Yes,Yes,No,No internet service,Two year,Yes,Credit card (automatic),40.87,733.53,No
C-c6812805,Female,0,No,Yes,9,Yes,No,Fiber optic,Yes,No,Yes,No,Yes,Yes,Month-to-month,Yes,Mailed check,70.26,592.77,Yes
C-98f666b4,Male,0,No,Yes,55,Yes,No,DSL,Yes,No,No,No,No internet service,No internet service,Two year,Yes,Bank transfer (automatic),37.13,2043.76,No
C-91fdf2ab,Female,1,No,No,48,Yes,No,Fiber optic,Yes,Yes,Yes,No,No,No,Month-to-month,No,Bank transfer (automatic),63.5,3048.88,Yes
C-cd6b3eab,Female,0,Yes,No,18,Yes,No,Fiber optic,Yes,No,No,No,No,Yes,Two year,No,Mailed check,57.98,1052.9,No
C-98f0ffc5,Female,0,Yes,No,38,Yes,No,Fiber optic,No,No,Yes,No,No,Yes,Month-to-month,No,Electronic check,58.5,2252.14,Yes
C-83b1a6bb,Female,0,No,No,2,Yes,No,Fiber optic,No,Yes,No,No,Yes,No,Two year,No,Electronic check,60.98,136.61,Yes
C-39dfd684,Female,0,Yes,No,58,Yes,No phone service,Fiber optic,Yes,No,No,No,No,No,Month-to-month,Yes,Mailed check,52.04,2994.04,No
C-5673466a,Male,0,No,No,18,Yes,Yes,Fiber optic,No,No internet service,No,No,Yes,No,Month-to-month,Yes,Electronic check,54.11,977.41,Yes
C-4175e5dc,Female,0,No,No,14,Yes,No,Fiber optic,No,Yes,No,No,No,No,Two year,Yes,Electronic check,51.84,732.16,No
C-33ffaa7e,Male,1,Yes,No,48,Yes,Yes,Fiber optic,No,No,No,No,No,No,Two year,Yes,Credit card (automatic),50.98,2426.8,Yes
C-4c4a11e5,Male,0,Yes,No,57,No,No phone service,Fiber optic,No,Yes,Yes,No,Yes,Yes,Two year,Yes,Mailed check,65.26,3761.96,No
C-e5126406,Female,1,No,No,63,Yes,Yes,Fiber optic,Yes,No,No,Yes,No,No,Month-to-month,Yes,Electronic check,57.51,3639.46,Yes
C-0d942043,Male,0,Yes,No,12,Yes,No,Fiber optic,No,Yes,No,No,Yes,No,Month-to-month,Yes,Electronic check,57.34,671.25,Yes
C-1e7cd043,Female,0,Yes,No,26,Yes,No phone service,Fiber optic,Yes,No,No,No,No,No internet service,Month-to-month,Yes,Electronic check,60.31,1542.71,Yes
C-b1a70f5d,Male,1,Yes,No,32,Yes,No,DSL,No,Yes,No internet service,No,Yes,No,Two year,No,Electronic check,40.47,1351.7,No
C-a636a58c,Male,0,No,No,31,Yes,Yes,Fiber optic,No,Yes,No internet service,No,No,No,Month-to-month,Yes,Credit card (automatic),49.94,1556.64,Yes
C-359d8cae,Female,0,No,No,17,Yes,Yes,No,No internet service,No internet service,No internet service,No internet service,No internet service,No internet service,Month-to-month,No,Mailed check,28.79,481.26,No
C-50e6aa2f,Female,0,No,No,9,Yes,Yes,DSL,No,No,No,Yes,Yes,Yes,Two year,Yes,Credit card (automatic),51.18,463.19,No
C-d3207c28,Male,0,No,Yes,37,Yes,No,Fiber optic,No,No,Yes,No,No,No,Month-to-month,No,Electronic check,52.1,1930.22,Yes
C-f4d6ced6,Male,1,No,Yes,18,Yes,Yes,Fiber optic,No,No,Yes,No,Yes,Yes,Month-to-month,Yes,Mailed check,59.69,1045.84,Yes
C-e2e70333,Female,0,No,No,19,No,No phone service,Fiber optic,No,Yes,No,Yes,No internet service,Yes,Month-to-month,No,Bank transfer (automatic),70.03,1305.93,No
C-1aef25c2,Female,0,Yes,Yes,29,No,No phone service,Fiber optic,Yes,Yes,No,No,Yes,Yes,One year,No,Mailed check,71.02,2053.2,No
C-84d3e09e,Female,0,No,Yes,21,Yes,No,Fiber optic,No,Yes,No,No internet service,No,Yes,Month-to-month,Yes,Mailed check,60.61,1253.71,No
C-7945fd6d,Female,0,No,No,9,Yes,Yes,DSL,No,No internet service,No,No,No,Yes,One year,Yes,Mailed check,38.82,372.45,No
C-6e9ea6ea,Male,1,No,No,43,Yes,Yes,DSL,No,No,No,No,No internet service,No,One year,Yes,Credit card (automatic),34.7,1474.56,No
C-09e291f2,Female,1,Yes,No,15,Yes,Yes,Fiber optic,Yes,No internet service,No,No,Yes,No,Month-to-month,Yes,Credit card (automatic),61.35,929.06,Yes
C-b3a4a8b6,Female,0,Yes,No,41,Yes,No,Fiber optic,Yes,No,No,No,No,No,Month-to-month,Yes,Mailed check,52.51,2151.84,Yes
C-10eee262,Male,0,Yes,No,61,No,No phone service,Fiber optic,Yes,Yes,Yes,No,No internet service,Yes,Month-to-month,Yes,Electronic check,68.97,4206.79,Yes
C-50ccc5a8,Female,0,Yes,No,24,Yes,No,Fiber optic,No,No,No internet service,No,Yes,No,Month-to-month,Yes,Bank transfer (automatic),50.89,1235.67,Yes
C-ff62564d,Male,0,Yes,No,41,Yes,No,Fiber optic,No,No,No,Yes,No internet service,No,Month-to-month,Yes,Electronic check,53.91,2188.25,Yes
C-4b5884e5,Female,0,Yes,No,46,Yes,No phone service,DSL,Yes,No,Yes,No,No internet service,Yes,Two year,Yes,Electronic check,49.22,2289.1,No
C-f041bcdf,Male,0,No,No,16,Yes,No,Fiber optic,No,No,No,No,Yes,No internet service,Two year,Yes,Mailed check,53.18,842.35,No
C-475ad7f6,Female,0,Yes,Yes,50,Yes,Yes,Fiber optic,Yes,Yes,Yes,Yes,No internet service,No,One year,No,Credit card (automatic),72.15,3559.85,Yes
C-5ce69e49,Male,0,Yes,Yes,53,No,No phone service,No,No internet service,No internet service,No internet service,No internet service,No internet service,No internet service,Month-to-month,No,Mailed check,26.12,1395.68,No
C-56acecf8,Female,0,Yes,Yes,64,Yes,No,DSL,No,No,No,No,No,No,One year,Yes,Mailed check,35.58,2308.11,No
C-9199c544,Female,0,No,No,10,No,No phone service,Fiber optic,No,Yes,No,No,Yes,Yes,One year,Yes,Bank transfer (automatic),64.04,632.37,No
C-8570a631,Male,1,No,No,2,Yes,No phone service,Fiber optic,No internet service,No,Yes,Yes,No,No internet service,Month-to-month,Yes,Electronic check,58.94,108.21,Yes
C-f9621743,Female,0,Yes,No,7,No,No phone service,Fiber optic,No,No,No,Yes,No,Yes,Month-to-month,Yes,Electronic check,57.83,380.73,Yes
C-b13d7834,Female,1,Yes,No,58,Yes,No,Fiber optic,Yes,No,No,No,Yes,No,One year,Yes,Electronic check,61.02,3512.08,No
C-29981f26,Male,0,Yes,No,8,Yes,Yes,Fiber optic,No internet service,Yes,Yes,No,Yes,No,One year,No,Credit card (automatic),62.93,503.94,No
C-600a2a9a,Male,0,Yes,No,48,No,No phone service,Fiber optic,No,No,Yes,No,No internet service,No,Month-to-month,Yes,Credit card (automatic),56.29,2704.73,Yes
C-81c306ed,Female,0,Yes,Yes,36,Yes,Yes,Fiber optic,No,No,No internet service,No,No,No internet service,One year,No,Mailed check,41.61,1494.33,Yes
C-8035bce9,Male,0,Yes,No,55,Yes,Yes,Fiber optic,Yes,No,No,Yes,Yes,No,Month-to-month,No,Mailed check,61.18,3349.95,No
C-582ea8a6,Male,0,Yes,Yes,69,Yes,No,Fiber optic,No,No internet service,No,No,No,No,Month-to-month,No,Mailed check,50.71,3514.5,No
C-ff0bc021,Female,0,Yes,No,0,Yes,Yes,Fiber optic,No,No,No,Yes,Yes,Yes,One year,No,Mailed check,62.66,0.0,No
C-8e56fbf7,Female,0,No,Yes,11,Yes,No phone service,Fiber optic,No,Yes,No,No internet service,No,Yes,Two year,Yes,Credit card (automatic),60.36,657.13,No
C-a60d7d9d,Male,0,No,No,53,Yes,No,Fiber optic,No,No,No internet service,No,Yes,Yes,Month-to-month,Yes,Bank transfer (automatic),61.17,3229.3,Yes
C-ada04900,Male,0,No,No,33,Yes,Yes,Fiber optic,No,No,Yes,No,Yes,No,One year,Yes,Bank transfer (automatic),58.32,1956.57,No
C-695d0153,Female,0,No,Yes,0,Yes,No,Fiber optic,No,Yes,Yes,No,Yes,No,One year,Yes,Electronic check,65.46,26.55,Yes
C-5dcd9ada,Male,0,No,No,28,Yes,No,Fiber optic,No,No internet service,No,No,No,Yes,Month-to-month,Yes,Bank transfer (automatic),56.4,1585.25,No
C-1a240f7c,Female,0,No,No,44,Yes,Yes,Fiber optic,No,No,No internet service,No,Yes,Yes,Month-to-month,Yes,Credit card (automatic),60.2,2676.36,Yes
C-7f27c606,Female,1,No,No,47,No,No phone service,Fiber optic,No,No internet service,No,No internet service,No,No,Two year,No,Mailed check,49.61,2376.29,No
C-4cb4d351,Male,0,No,No,14,Yes,No phone service,Fiber optic,No,No,No,No,Yes,No,Two year,No,Electronic check,57.6,836.13,No
C-d7a79d27,Female,1,No,No,57,Yes,No,Fiber optic,No internet service,No,Yes,No,No,Yes,One year,Yes,Electronic check,58.19,3293.07,No
C-f826840e,Female,0,No,No,7,Yes,Yes,Fiber optic,No,No,No,No,No,Yes,Month-to-month,Yes,Mailed check,55.01,388.87,Yes
C-3fd8d828,Female,1,Yes,No,65,Yes,No,DSL,No internet service,No internet service,No,No,No,No,Month-to-month,Yes,Electronic check,29.97,1968.39,No
C-0205952c,Female,0,Yes,No,45,Yes,No phone service,Fiber optic,Yes,No,Yes,No,No,No,Two year,No,Electronic check,56.05,2519.52,No
C-e8062461,Female,0,No,No,53,Yes,No,Fiber optic,No,No,No internet service,Yes,No,Yes,Two year,Yes,Bank transfer (automatic),56.22,3005.26,No
C-6dc9f718,Male,1,Yes,No,28,Yes,No phone service,Fiber optic,Yes,Yes,No,No internet service,Yes,No,Month-to-month,No,Electronic check,65.86,1832.72,Yes
C-2c332582,Female,0,Yes,Yes,13,Yes,No phone service,DSL,No internet service,Yes,No,No,Yes,No,One year,Yes,Credit card (automatic),43.53,568.46,No
C-436a8b1a,Female,1,No,No,29,Yes,No phone service,Fiber optic,No,No,No,No,Yes,Yes,Month-to-month,Yes,Mailed check,56.77,1642.57,Yes
C-149e1c31,Male,0,Yes,Yes,58,Yes,No,Fiber optic,Yes,No,Yes,No,No,Yes,Two year,Yes,Mailed check,66.85,3876.1,No
C-5569c54f,Male,1,No,Yes,47,Yes,Yes,Fiber optic,No,Yes,Yes,No,Yes,No,Two year,Yes,Electronic check,63.2,2970.24,No
C-9cbf81f6,Female,0,Yes,No,67,No,No phone service,DSL,No,No,No internet service,No,No,No internet service,Month-to-month,Yes,Electronic check,33.24,2234.17,Yes
C-0fd33d5b,Male,0,No,No,37,No,No phone service,Fiber optic,No,No,No,No,No internet service,Yes,Two year,Yes,Bank transfer (automatic),52.67,1959.38,No
C-bf18b3f9,Male,0,No,No,51,Yes,No,No,No internet service,No internet service,No internet service,No internet service,No internet service,No internet service,Two year,Yes,Mailed check,26.31,1361.36,No
C-ed23149c,Male,0,No,Yes,54,Yes,No,Fiber optic,Yes,No,Yes,No,No internet service,No,Two year,Yes,Credit card (automatic),64.34,3483.59,No
C-02fa082c,Male,0,No,Yes,67,No,No phone service,Fiber optic,No,Yes,Yes,Yes,Yes,Yes,Month-to-month,No,Electronic check,75.03,5032.63,Yes
C-8a61f957,Female,0,Yes,No,4,Yes,Yes,Fiber optic,Yes,No,No,No,Yes,No internet service,Two year,No,Electronic check,62.27,273.32,Yes
C-59b20266,Female,0,No,Yes,66,Yes,Yes,Fiber optic,No,Yes,Yes,Yes,Yes,No,Two year,Yes,Credit card (automatic),68.03,4507.93,No
C-789499e1,Male,0,Yes,Yes,12,Yes,No,Fiber optic,No,Yes,Yes,No,No,Yes,Month-to-month,No,Bank transfer (automatic),61.68,749.19,Yes
C-41fcdf08,Male,0,Yes,No,68,Yes,Yes,Fiber optic,No,No,No,Yes,Yes,Yes,Month-to-month,Yes,Electronic check,64.41,4408.71,Yes
C-3b17bb3c,Male,0,Yes,Yes,38,Yes,No phone service,Fiber optic,No,No,Yes,Yes,No,No,Month-to-month,Yes,Bank transfer (automatic),57.67,2200.13,Yes
C-9b493c1e,Male,0,No,No,5,Yes,No phone service,Fiber optic,Yes,No,No,Yes,No,No,One year,Yes,Credit card (automatic),58.04,318.57,Yes
C-93031d63,Male,0,No,No,31,Yes,No phone service,Fiber optic,No,No,No,No,No,No,Month-to-month,No,Electronic check,44.28,1371.95,Yes
C-ef100a87,Male,0,No,No,15,Yes,No phone service,DSL,No internet service,Yes,No,Yes,No,Yes,Month-to-month,Yes,Electronic check,48.35,728.75,No
C-3ae28b4d,Male,0,No,No,30,Yes,Yes,Fiber optic,No,No,Yes,Yes,Yes,No,Month-to-month,Yes,Electronic check,65.1,1994.34,Yes
C-0b959948,Male,0,No,Yes,49,Yes,Yes,Fiber optic,No,No,Yes,Yes,No,No,One year,No,Bank transfer (automatic),55.24,2694.58,No
C-44501a83,Male,0,No,Yes,4,Yes,Yes,Fiber optic,Yes,No,No,No,Yes,Yes,Month-to-month,No,Electronic check,62.76,238.78,Yes
C-d6282564,Female,1,Yes,No,3,Yes,Yes,Fiber optic,No,No internet service,No,No,Yes,Yes,Two year,No,Credit card (automatic),58.65,169.15,Yes
C-d6fac90b,Female,1,No,Yes,19,Yes,Yes,DSL,Yes,No,No,No internet service,No internet service,Yes,Month-to-month,Yes,Bank transfer (automatic),39.97,765.72,No
C-9f85977f,Female,0,Yes,No,34,Yes,No,Fiber optic,No internet service,No,No,No,No,No,Month-to-month,Yes,Mailed check,49.86,1682.73,No
C-c1acb676,Female,0,No,No,17,Yes,No,Fiber optic,Yes,No,No internet service,Yes,Yes,No,One year,No,Electronic check,66.49,1122.23,Yes
C-6c0f28ce,Male,0,Yes,No,70,No,No phone service,Fiber optic,No,No,No,No,No,No,Month-to-month,No,Bank transfer (automatic),44.08,3088.48,No
C-08cd30ba,Female,1,Yes,No,45,Yes,Yes,Fiber optic,No,Yes,Yes,No,No internet service,No,Month-to-month,Yes,Bank transfer (automatic),60.68,2718.16,Yes
C-18de3090,Female,0,Yes,No,71,Yes,No,DSL,No,Yes,Yes,No,No,No,Month-to-month,Yes,Bank transfer (automatic),48.86,3451.12,No
C-0712d86f,Female,0,Yes,No,71,Yes,No,DSL,No,No,No,No,No,No,Month-to-month,No,Credit card (automatic),37.46,2634.25,Yes
C-6552a3b9,Female,1,No,No,6,No,No phone service,Fiber optic,Yes,Yes,No,Yes,No,No,One year,Yes,Electronic check,63.13,367.91,No
C-f86a0fe0,Male,0,Yes,No,10,Yes,No phone service,Fiber optic,No,No,Yes,No,Yes,Yes,Month-to-month,Yes,Credit card (automatic),64.12,647.5,Yes
C-6576cb43,Female,0,No,No,26,Yes,No,Fiber optic,No,No,No,Yes,No internet service,Yes,Month-to-month,No,Bank transfer (automatic),56.83,1470.06,Yes
C-bcf3a240,Female,0,No,Yes,28,Yes,Yes,Fiber optic,No internet service,Yes,No,Yes,No,Yes,Two year,No,Electronic check,66.28,1894.12,No
C-823d16cc,Male,0,No,No,21,Yes,Yes,Fiber optic,No,No,No,No,Yes,Yes,Month-to-month,No,Bank transfer (automatic),56.42,1199.83,Yes
C-8705f102,Male,1,No,No,34,Yes,No phone service,Fiber optic,No,No internet service,Yes,No,No,No,Two year,No,Electronic check,48.63,1660.0,No
C-aa71a8e0,Male,1,Yes,Yes,23,Yes,Yes,Fiber optic,No,No,No,Yes,Yes,No,Month-to-month,Yes,Electronic check,57.98,1321.05,No
C-64501b8e,Male,0,No,No,24,Yes,No phone service,Fiber optic,No,Yes,Yes,No,No,Yes,Two year,No,Mailed check,63.66,1497.47,No
C-6b2b91b7,Male,0,Yes,No,58,Yes,No,Fiber optic,No,No,No,No,No,Yes,One year,Yes,Electronic check,52.61,3055.97,No
C-9a6a024f,Female,1,Yes,No,13,Yes,No,Fiber optic,No internet service,No,Yes,No,Yes,Yes,Month-to-month,No,Credit card (automatic),66.05,878.6,Yes
C-8b84405c,Female,0,No,No,48,Yes,No,DSL,No,No,No,No,Yes,Yes,Month-to-month,Yes,Bank transfer (automatic),50.2,2435.74,No
C-2be59d62,Male,0,No,No,7,Yes,Yes,Fiber optic,Yes,Yes,No,Yes,No,No,Month-to-month,Yes,Bank transfer (automatic),62.49,436.23,No
C-2af00068,Male,1,Yes,No,53,Yes,No,No,No internet service,No internet service,No internet service,No internet service,No internet service,No internet service,Month-to-month,No,Credit card (automatic),30.29,1594.49,No
C-ede66823,Female,0,Yes,Yes,61,Yes,Yes,DSL,No,No,Yes,No,Yes,No internet service,Two year,Yes,Bank transfer (automatic),45.18,2727.48,No
C-d00aa80e,Male,0,No,No,20,Yes,No,Fiber optic,No,No,No,No,No,Yes,Month-to-month,Yes,Credit card (automatic),55.85,1106.01,Yes
C-16f40158,Female,1,No,No,25,Yes,No,DSL,No,Yes,No internet service,No,No,No,Month-to-month,Yes,Electronic check,37.81,930.67,No
C-26e55e52,Male,0,Yes,No,17,Yes,Yes,DSL,No,No,Yes,No,No,Yes,Month-to-month,Yes,Mailed check,47.13,778.93,Yes
C-1987bd08,Female,1,No,No,68,Yes,No,Fiber optic,No,No,No,No internet service,No,No,Two year,Yes,Electronic check,49.05,3345.89,No
C-c4eb3c6d,Male,0,No,No,14,Yes,Yes,No,No internet service,No internet service,No internet service,No internet service,No internet service,No internet service,Month-to-month,Yes,Electronic check,25.7,355.09,No
C-881f6f0f,Male,1,Yes,Yes,69,Yes,Yes,Fiber optic,No,No,No,No,No,No,Two year,No,Bank transfer (automatic),52.15,3569.35,No
C-378ce6bc,Male,1,Yes,No,1,Yes,No,DSL,No internet service,No,No,No,Yes,Yes,Two year,Yes,Electronic check,42.65,85.41,No
C-2bf6c905,Female,0,Yes,No,48,No,No phone service,Fiber optic,No,No internet service,Yes,No,No internet service,No,Month-to-month,Yes,Electronic check,56.89,2727.57,Yes
C-f0b90584,Female,0,Yes,Yes,39,Yes,No,Fiber optic,No,Yes,Yes,Yes,No,No internet service,One year,Yes,Credit card (automatic),62.6,2443.63,Yes
C-b96e7d1f,Male,1,No,Yes,53,Yes,No,DSL,No internet service,No,No,No,No,No,Two year,No,Mailed check,33.16,1754.38,No
C-8d0e8122,Female,0,Yes,No,51,Yes,No,Fiber optic,No,No,No,No,Yes,No,Month-to-month,No,Electronic check,52.81,2702.73,Yes
C-7fec0fff,Female,0,Yes,Yes,52,Yes,No phone service,DSL,No,Yes,Yes,No,Yes,No,Month-to-month,Yes,Mailed check,51.62,2719.75,Yes
C-c0498e77,Male,0,No,Yes,42,Yes,Yes,Fiber optic,No,Yes,No,No,Yes,Yes,Month-to-month,No,Credit card (automatic),62.82,2617.76,No
C-035a1ba6,Female,0,Yes,No,29,Yes,No,Fiber optic,Yes,No,Yes,Yes,No,No,Month-to-month,Yes,Electronic check,63.98,1859.95,Yes
C-45c1d5ae,Female,1,No,Yes,22,No,No phone service,Fiber optic,No internet service,No internet service,No,Yes,No internet service,No internet service,Month-to-month,Yes,Electronic check,49.46,1092.78,Yes
C-32d6df7b,Female,0,Yes,Yes,21,Yes,No,Fiber optic,No,No,No,No,No internet service,Yes,Two year,No,Electronic check,50.93,1076.96,No
C-dcb8f97d,Female,0,Yes,No,58,Yes,No phone service,Fiber optic,No internet service,No,Yes,No,No,Yes,Month-to-month,No,Bank transfer (automatic),61.85,3593.35,No
C-9ac8801c,Male,0,Yes,No,61,Yes,Yes,Fiber optic,No internet service,No,No internet service,No,No internet service,Yes,Month-to-month,Yes,Electronic check,49.01,2997.73,Yes
C-7a12808e,Male,0,Yes,No,54,Yes,Yes,Fiber optic,No,Yes,No,No,Yes,Yes,Two year,Yes,Bank transfer (automatic),60.73,3262.56,Yes
C-b65959f5,Female,0,Yes,No,23,Yes,No,DSL,Yes,No,No,Yes,No,Yes,Month-to-month,No,Bank transfer (automatic),54.79,1249.48,No
C-72836e8d,Male,0,No,No,8,Yes,No,DSL,No,No,No,No internet service,No,Yes,Two year,Yes,Electronic check,38.64,294.03,No
C-5ce2cb99,Female,1,Yes,No,16,Yes,No,Fiber optic,No internet service,No,No internet service,No internet service,No internet service,No,Month-to-month,Yes,Bank transfer (automatic),48.44,754.29,Yes
C-c5eb4f72,Female,0,Yes,Yes,61,Yes,Yes,Fiber optic,No,No,Yes,No,Yes,No,Month-to-month,No,Mailed check,58.75,3539.74,Yes
C-34692278,Female,0,Yes,No,10,Yes,Yes,Fiber optic,No,Yes,No,No,Yes,No,Month-to-month,No,Credit card (automatic),64.9,673.43,No
C-f9ba45dd,Female,0,No,Yes,21,Yes,No,DSL,Yes,No internet service,No,No,No,No,Month-to-month,Yes,Bank transfer (automatic),41.76,890.28,No
C-c8a7e1c9,Female,0,No,No,58,Yes,No,DSL,No,No,Yes,No,No,No,Month-to-month,Yes,Bank transfer (automatic),36.58,2140.98,No
C-308a2a44,Female,0,No,No,33,No,No phone service,Fiber optic,No,Yes,Yes,Yes,Yes,Yes,Month-to-month,Yes,Bank transfer (automatic),71.63,2374.1,Yes
C-5f9e8c9d,Male,0,No,No,58,Yes,No,Fiber optic,No,No,No,No,No internet service,Yes,One year,No,Bank transfer (automatic),50.81,2949.6,No
C-f60feb5f,Female,0,Yes,No,69,No,No phone service,Fiber optic,No internet service,No,Yes,Yes,No internet service,Yes,Month-to-month,Yes,Electronic check,62.61,4298.84,Yes
C-d6eb3184,Female,0,Yes,No,26,Yes,Yes,Fiber optic,No,Yes,No,Yes,Yes,No,Month-to-month,Yes,Bank transfer (automatic),65.98,1734.4,Yes
C-882d3d9d,Male,0,No,No,69,No,No phone service,DSL,No,No,No,No,Yes,No,Month-to-month,No,Mailed check,37.33,2572.64,No
C-a387fad5,Male,1,Yes,No,14,Yes,No,No,No internet service,No internet service,No internet service,No internet service,No internet service,No internet service,Month-to-month,Yes,Credit card (automatic),31.78,473.35,No
C-36150d38,Male,1,No,No,0,Yes,Yes,Fiber optic,No,Yes,No internet service,No,Yes,Yes,Month-to-month,Yes,Bank transfer (automatic),68.21,0.0,Yes
C-5e7e6162,Female,0,Yes,Yes,44,Yes,No phone service,Fiber optic,No,No,No,No,No,No,One year,Yes,Bank transfer (automatic),53.45,2338.5,Yes
C-4b8412ba,Female,0,Yes,Yes,9,No,No phone service,DSL,Yes,No,Yes,No,No,Yes,Month-to-month,Yes,Mailed check,46.69,421.14,No
C-673bdb18,Female,0,Yes,Yes,12,Yes,No,Fiber optic,No,No,Yes,Yes,No,No,Month-to-month,Yes,Credit card (automatic),61.26,725.68,Yes
C-e6f268a3,Female,0,Yes,No,35,Yes,No,Fiber optic,No,No internet service,No,No internet service,No,Yes,Two year,No,Electronic check,49.6,1738.63,Yes
C-4e58ea26,Female,1,No,Yes,60,Yes,Yes,Fiber optic,Yes,Yes,Yes,No,No,Yes,Month-to-month,Yes,Electronic check,73.97,4487.76,Yes
C-8eee644b,Female,0,No,No,48,Yes,No phone service,Fiber optic,No,No,No,Yes,No,No,Two year,Yes,Bank transfer (automatic),52.09,2469.03,No
C-ef5718d2,Male,1,No,No,17,No,No phone service,Fiber optic,Yes,No,No,No,No,No,Month-to-month,Yes,Electronic check,52.53,900.62,Yes
C-891a5cd6,Female,0,Yes,No,57,Yes,No phone service,No,No internet service,No internet service,No internet service,No internet service,No internet service,No internet service,Month-to-month,Yes,Credit card (automatic),25.32,1467.94,No
C-1c32fd7c,Female,0,No,No,8,Yes,Yes,Fiber optic,No,No,No,No,Yes,No,Two year,Yes,Bank transfer (automatic),49.98,404.08,No
C-d603dfac,Male,0,No,Yes,11,Yes,Yes,Fiber optic,Yes,No,No,No,Yes,No internet service,Month-to-month,Yes,Electronic check,61.56,657.2,Yes
C-650e5ea4,Male,0,Yes,No,4,Yes,No,Fiber optic,No,No internet service,No,No,Yes,No,Two year,Yes,Bank transfer (automatic),58.82,245.92,No
C-2d8da4a4,Male,0,No,No,9,No,No phone service,Fiber optic,Yes,No,Yes,No,No,No,Two year,Yes,Credit card (automatic),54.9,475.76,No
C-2eb08556,Male,0,No,No,48,Yes,No,Fiber optic,No,No,No,Yes,Yes,No,Month-to-month,No,Credit card (automatic),60.2,2925.19,Yes
C-c7b8006a,Female,0,Yes,No,68,Yes,No,Fiber optic,No,No internet service,No internet service,Yes,No,No internet service,Month-to-month,Yes,Mailed check,49.94,3381.38,Yes
C-f7351c77,Female,0,No,No,28,No,No phone service,Fiber optic,No,No,No,Yes,Yes,No,One year,Yes,Bank transfer (automatic),60.16,1689.56,No
C-c47e5431,Male,0,Yes,Yes,35,Yes,No phone service,Fiber optic,No,No,Yes,No,Yes,No,Month-to-month,Yes,Electronic check,60.24,2161.03,Yes
C-38a6936b,Male,0,No,Yes,49,Yes,No,Fiber optic,No,Yes,Yes,No,No,No,Month-to-month,Yes,Credit card (automatic),64.18,3137.46,Yes
C-15b2fa2d,Female,0,No,No,39,No,No phone service,No,No internet service,No internet service,No internet service,No internet service,No internet service,No internet service,Month-to-month,No,Bank transfer (automatic),26.26,1010.19,Yes
C-bcfae89f,Male,0,No,Yes,15,Yes,No,Fiber optic,No,No internet service,Yes,No,No internet service,Yes,Month-to-month,Yes,Credit card (automatic),59.6,901.04,Yes
C-ab314719,Male,0,Yes,No,14,Yes,Yes,Fiber optic,Yes,No,No,No,Yes,No,Month-to-month,No,Electronic check,56.52,796.57,Yes
C-c5fbad4f,Female,0,No,No,41,Yes,Yes,DSL,No internet service,Yes,No,No,Yes,No,Month-to-month,No,Bank transfer (automatic),43.32,1755.04,No
C-baddac05,Female,0,Yes,No,23,Yes,No,Fiber optic,No,Yes,Yes,No,No,No internet service,One year,No,Mailed check,54.23,1290.84,No
C-98389b60,Male,0,Yes,No,20,Yes,Yes,Fiber optic,Yes,Yes,No internet service,No,No,No,Month-to-month,No,Electronic check,56.19,1110.53,Yes
C-e77112cb,Male,1,No,Yes,43,Yes,Yes,Fiber optic,Yes,No,Yes,No,No,No,Month-to-month,Yes,Bank transfer (automatic),61.0,2573.76,No
C-51e3ffa4,Female,0,No,No,36,Yes,No,Fiber optic,No,Yes,No,No,No,Yes,Month-to-month,Yes,Electronic check,56.9,2043.08,Yes
C-be6cefa0,Male,0,Yes,No,43,Yes,Yes,Fiber optic,Yes,Yes,No,Yes,No,No,Month-to-month,Yes,Mailed check,61.45,2640.08,Yes
C-bed3227a,Male,0,No,No,54,Yes,No,Fiber optic,Yes,Yes,No,No,No,No,Month-to-month,Yes,Bank transfer (automatic),64.29,3469.65,Yes
C-3f9b4b5b,Female,0,No,Yes,33,Yes,No phone service,Fiber optic,No,Yes,No,No,No,No,Month-to-month,No,Electronic check,50.95,1690.16,Yes
C-9a44dbae,Male,1,No,Yes,55,Yes,Yes,DSL,No,No,No,Yes,No,No internet service,Month-to-month,Yes,Credit card (automatic),41.31,2279.96,Yes
C-2e0e4197,Male,0,No,No,5,No,No phone service,DSL,No,Yes,No,Yes,Yes,Yes,Two year,No,Bank transfer (automatic),55.09,260.24,No
C-fe607207,Male,1,No,No,45,Yes,Yes,DSL,No internet service,No,No,No,No,Yes,Month-to-month,Yes,Mailed check,41.11,1861.82,No
C-3140c89e,Male,1,Yes,Yes,33,Yes,No,DSL,Yes,No internet service,No,No,No,No,Two year,Yes,Electronic check,35.65,1174.56,No
C-bf42fd4e,Male,0,Yes,No,54,No,No phone service,Fiber optic,Yes,No,No,No,No,No,Month-to-month,No,Electronic check,53.42,2867.45,Yes
C-8e41fbfa,Female,0,Yes,Yes,32,Yes,Yes,Fiber optic,No,No,No,No internet service,No,No,One year,Yes,Bank transfer (automatic),46.98,1501.97,No
C-227ccb90,Female,0,No,No,5,Yes,No phone service,Fiber optic,Yes,No,No internet service,Yes,No,No,Two year,Yes,Mailed check,62.36,301.0,No
C-19251729,Male,0,No,Yes,60,Yes,No,DSL,No,Yes,Yes,Yes,No,No,Two year,Yes,Electronic check,47.56,2839.98,No
C-501e0cad,Female,0,No,No,21,Yes,Yes,Fiber optic,No,No,No,No,Yes,Yes,Month-to-month,No,Electronic check,59.34,1225.22,Yes
C-7bc626df,Female,1,Yes,No,6,No,No phone service,Fiber optic,No,No internet service,No,Yes,Yes,Yes,Month-to-month,No,Electronic check,64.33,350.51,Yes
C-80038787,Female,0,No,No,45,Yes,Yes,Fiber optic,Yes,No,Yes,No,No internet service,No,Month-to-month,No,Electronic check,54.43,2421.75,Yes
C-f285d7ae,Female,0,Yes,No,11,Yes,No,Fiber optic,No internet service,Yes,No,No,Yes,No,Month-to-month,Yes,Mailed check,62.96,677.66,Yes
C-f946b2d8,Female,0,No,No,13,Yes,No,Fiber optic,No,Yes,Yes,No,No,No,Two year,No,Mailed check,59.07,739.16,No
C-9f4fd046,Male,0,No,Yes,53,Yes,No,DSL,No,Yes,No,No,No internet service,Yes,Month-to-month,No,Electronic check,47.1,2499.81,No
C-d8e507fa,Female,0,Yes,No,65,Yes,No,Fiber optic,No,Yes,No,Yes,Yes,No,Month-to-month,No,Credit card (automatic),64.53,4190.56,Yes
C-af27dc4d,Male,0,Yes,No,40,Yes,No,Fiber optic,No,No,Yes,No,Yes,No,Month-to-month,No,Electronic check,63.8,2585.63,Yes
C-47f2b3cc,Male,0,No,No,50,Yes,Yes,Fiber optic,No,No,No,No,Yes,No,One year,Yes,Electronic check,49.39,2476.94,No
C-f1f98452,Male,0,Yes,Yes,37,Yes,No phone service,No,No internet service,No internet service,No internet service,No internet service,No internet service,No internet service,Month-to-month,No,Bank transfer (automatic),29.6,1096.41,No
C-9e7e4918,Male,0,Yes,No,0,Yes,Yes,DSL,Yes,No,No,No,Yes,No,Month-to-month,No,Bank transfer (automatic),39.64,12.32,Yes
C-b4773534,Female,0,Yes,No,61,No,No phone service,Fiber optic,No,No,Yes,No,No,No,Month-to-month,Yes,Electronic check,52.69,3210.8,Yes
C-adc8614d,Male,0,No,No,6,Yes,No,Fiber optic,Yes,No internet service,No internet service,Yes,No,No internet service,One year,Yes,Credit card (automatic),54.93,338.75,No
C-72e921b0,Female,0,Yes,No,18,Yes,No,Fiber optic,No,No internet service,No,No,No,No internet service,Month-to-month,Yes,Mailed check,48.34,860.69,No
C-57e0b7f6,Male,0,Yes,Yes,50,No,No phone service,Fiber optic,No,No,No,No internet service,Yes,No,One year,Yes,Credit card (automatic),57.05,2842.86,No
C-a72da8a7,Female,0,Yes,Yes,18,Yes,No,Fiber optic,No,No internet service,No,Yes,No internet service,No,Two year,No,Credit card (automatic),51.54,921.71,Yes
C-b90d1c55,Male,0,Yes,Yes,52,No,No phone service,Fiber optic,No,Yes,No,Yes,No,Yes,Month-to-month,No,Mailed check,66.78,3432.57,No
C-58cf49e0,Male,0,Yes,No,29,Yes,No phone service,Fiber optic,No internet service,No internet service,No internet service,No,No,No internet service,Two year,No,Electronic check,54.88,1564.43,No
C-d5891924,Female,0,Yes,Yes,17,Yes,No,DSL,No,No,No,No,Yes,No,Month-to-month,No,Electronic check,38.98,648.03,No
C-2540c685,Male,0,Yes,No,23,Yes,Yes,Fiber optic,No,No,No,No,No,Yes,Month-to-month,Yes,Electronic check,49.59,1139.93,No
C-ff4da6f7,Male,0,No,No,3,Yes,No phone service,Fiber optic,No,No,Yes,No,No,No,Two year,No,Credit card (automatic),56.85,181.67,Yes
C-13d21735,Male,0,No,No,47,Yes,Yes,Fiber optic,No,No internet service,Yes,No,No,No internet service,Month-to-month,Yes,Mailed check,54.07,2546.65,Yes
C-75da1078,Female,0,Yes,Yes,41,Yes,No phone service,Fiber optic,No,No,No,No,Yes,Yes,Month-to-month,Yes,Mailed check,60.65,2487.39,Yes
C-d30477ec,Female,1,No,No,25,Yes,Yes,Fiber optic,No internet service,No,Yes,No,Yes,Yes,Month-to-month,Yes,Bank transfer (automatic),63.53,1585.5,Yes
C-78146b79,Female,0,Yes,No,3,Yes,Yes,Fiber optic,No,No,No,No,No,Yes,Two year,Yes,Electronic check,52.08,171.04,Yes
C-45ca09e0,Female,0,No,No,17,Yes,No,Fiber optic,No,No,No internet service,Yes,No internet service,No,Month-to-month,Yes,Mailed check,55.49,994.09,Yes
C-2ca101d5,Male,0,No,No,52,Yes,Yes,Fiber optic,No,No,Yes,No,No,No,Two year,Yes,Credit card (automatic),54.2,2802.43,No
C-0a1b2ccd,Female,0,No,No,33,No,No phone service,Fiber optic,No,No,No,Yes,Yes,No internet service,Two year,Yes,Electronic check,57.45,1890.99,No
C-8e07019c,Female,0,No,No,38,Yes,No,Fiber optic,Yes,No internet service,No,No,No,No,Month-to-month,Yes,Bank transfer (automatic),56.33,2185.55,No
C-f10b9654,Female,0,Yes,No,23,Yes,Yes,Fiber optic,No internet service,No,Yes,No,Yes,Yes,Month-to-month,Yes,Bank transfer (automatic),65.33,1538.48,Yes
C-9ad98511,Female,0,Yes,No,70,Yes,Yes,No,No internet service,No internet service,No internet service,No internet service,No internet service,No internet service,Month-to-month,Yes,Electronic check,30.67,2121.88,No
C-3938ca0b,Male,0,No,No,32,Yes,Yes,DSL,Yes,No,No,Yes,Yes,No,Two year,Yes,Mailed check,50.77,1614.03,No
C-fd396a47,Female,0,Yes,No,10,Yes,No phone service,Fiber optic,No,No,Yes,No,No,No,Month-to-month,Yes,Electronic check,53.01,544.68,Yes
C-7f37bb8d,Male,0,Yes,No,63,No,No phone service,Fiber optic,No,No,No,No,Yes,Yes,Month-to-month,Yes,Credit card (automatic),61.81,3898.01,No
C-29b01a12,Female,1,No,No,45,Yes,No phone service,No,No internet service,No internet service,No internet service,No internet service,No internet service,No internet service,Month-to-month,Yes,Credit card (automatic),31.18,1412.04,No
C-bf40e932,Female,0,No,No,33,Yes,No,No,No internet service,No internet service,No internet service,No internet service,No internet service,No internet service,Two year,Yes,Bank transfer (automatic),23.96,759.68,No
C-72a0b62f,Male,0,Yes,No,44,Yes,No phone service,Fiber optic,No,No,Yes,No,Yes,Yes,Month-to-month,Yes,Electronic check,62.88,2833.54,Yes
C-6fbfd131,Female,0,No,Yes,64,Yes,No,No,No internet service,No internet service,No internet service,No internet service,No internet service,No internet service,Two year,Yes,Electronic check,27.56,1752.34,No
C-ff6fd88e,Male,0,No,No,17,Yes,No,Fiber optic,No internet service,No internet service,No,Yes,No internet service,No,Month-to-month,Yes,Electronic check,52.04,864.46,Yes
C-d7255f7e,Male,0,Yes,No,11,Yes,Yes,DSL,Yes,Yes,No,No internet service,No,No,One year,Yes,Mailed check,40.29,475.61,No
C-e14837a3,Male,0,Yes,Yes,38,Yes,No phone service,No,No internet service,No internet service,No internet service,No internet service,No internet service,No internet service,Month-to-month,Yes,Credit card (automatic),26.11,980.85,No
C-6ad483c1,Female,0,Yes,No,54,Yes,No,No,No internet service,No internet service,No internet service,No internet service,No internet service,No internet service,Month-to-month,Yes,Electronic check,30.9,1680.95,No
C-38c08003,Female,0,No,No,61,Yes,No phone service,DSL,Yes,No,No,No internet service,Yes,Yes,Month-to-month,Yes,Electronic check,51.06,3107.48,No
C-eb37244e,Female,0,Yes,No,43,Yes,Yes,Fiber optic,Yes,No,No,No internet service,Yes,No,Month-to-month,No,Bank transfer (automatic),63.49,2752.26,No
C-3f57b2be,Female,0,Yes,Yes,24,No,No phone service,Fiber optic,Yes,Yes,No internet service,No,No internet service,No,Month-to-month,Yes,Electronic check,61.96,1513.72,Yes
C-5542db5a,Female,0,Yes,Yes,38,Yes,Yes,Fiber optic,No,Yes,No,No,Yes,No,Month-to-month,No,Credit card (automatic),63.98,2458.02,Yes
C-a54f3fab,Male,0,Yes,No,43,Yes,No phone service,Fiber optic,Yes,No,Yes,No,No internet service,No,Month-to-month,No,Credit card (automatic),59.85,2604.42,No
C-4536436a,Female,0,No,No,12,Yes,No phone service,Fiber optic,No,Yes,Yes,Yes,Yes,No,Two year,Yes,Electronic check,68.47,837.48,No
C-d41edda7,Male,0,Yes,No,37,Yes,No phone service,Fiber optic,Yes,No internet service,Yes,No,No,No,Two year,No,Mailed check,54.31,2019.75,No
C-6e522411,Male,0,No,Yes,33,Yes,No phone service,Fiber optic,No,No,No,No,No,No internet service,One year,Yes,Electronic check,47.88,1553.82,No
C-9919f30b,Female,0,Yes,Yes,71,Yes,Yes,Fiber optic,No,No,No,No,Yes,No,Month-to-month,No,Credit card (automatic),50.65,3582.97,Yes
C-06fe4aad,Female,0,No,No,6,Yes,No,Fiber optic,Yes,Yes,No,No,Yes,No,Month-to-month,Yes,Bank transfer (automatic),69.03,416.51,Yes
C-1052b184,Male,0,No,No,57,Yes,No,Fiber optic,Yes,Yes,Yes,No,No,Yes,Two year,Yes,Credit card (automatic),71.2,4046.73,No
C-4d9c35c4,Female,0,Yes,No,57,Yes,No phone service,Fiber optic,Yes,Yes,No,No,Yes,No,One year,No,Electronic check,60.13,3397.84,No
C-1dbc0932,Female,0,No,Yes,2,Yes,Yes,Fiber optic,No,No,Yes,No,Yes,No,One year,Yes,Credit card (automatic),54.08,100.0,Yes
C-76fd7d42,Female,0,Yes,No,45,Yes,Yes,Fiber optic,No,No,No,No,Yes,No,Month-to-month,No,Electronic check,53.74,2453.39,Yes
C-7a20947f,Female,0,No,Yes,27,Yes,No,DSL,Yes,Yes,No,No,Yes,No,Month-to-month,Yes,Credit card (automatic),48.33,1315.64,No
C-b6d345f2,Female,0,Yes,Yes,49,No,No phone service,Fiber optic,No,No,Yes,Yes,Yes,No internet service,One year,Yes,Electronic check,59.51,2913.22,No
C-02367277,Female,0,No,No,31,No,No phone service,Fiber optic,No,Yes,No,No,No,Yes,Month-to-month,Yes,Bank transfer (automatic),61.85,1896.24,No
C-a7a33a19,Female,0,Yes,Yes,37,Yes,No phone service,Fiber optic,No,No,No,No,No,No,Two year,No,Bank transfer (automatic),46.19,1698.04,No
C-cc1e023d,Male,0,No,Yes,56,Yes,Yes,Fiber optic,No,No,No,Yes,No,No,Month-to-month,Yes,Mailed check,48.73,2697.18,Yes
C-9c1b29db,Female,0,No,Yes,34,Yes,Yes,No,No internet service,No internet service,No internet service,No internet service,No internet service,No internet service,Month-to-month,Yes,Mailed check,27.11,948.25,Yes
C-acfdcfa6,Female,0,Yes,No,57,Yes,No,Fiber optic,Yes,No,Yes,No,Yes,Yes,One year,No,Bank transfer (automatic),67.02,3857.71,No
C-a353f415,Male,0,Yes,No,48,Yes,Yes,Fiber optic,Yes,No internet service,No,No,No,Yes,One year,Yes,Electronic check,62.84,3003.9,No
C-3660c7a9,Female,0,Yes,No,17,Yes,Yes,DSL,No,Yes,No,No,No,No,Month-to-month,Yes,Credit card (automatic),34.19,555.11,No
C-a25e8522,Female,0,Yes,No,9,Yes,No,DSL,Yes,No,Yes,Yes,No internet service,No,Month-to-month,Yes,Bank transfer (automatic),48.16,460.97,Yes
C-fd6350d0,Female,0,Yes,No,26,Yes,Yes,DSL,No,No,No,Yes,Yes,No,Month-to-month,No,Electronic check,47.08,1243.81,Yes
C-b9cf4168,Female,0,Yes,Yes,31,Yes,No,Fiber optic,Yes,No,Yes,No,No,No,Month-to-month,Yes,Credit card (automatic),57.75,1785.49,No
C-81a7ebd5,Male,0,Yes,No,30,Yes,No phone service,No,No internet service,No internet service,No internet service,No internet service,No internet service,No internet service,One year,Yes,Credit card (automatic),29.41,906.88,No
C-6ddd60f0,Male,0,No,No,55,Yes,No,Fiber optic,No,No,No,Yes,No,No,Month-to-month,Yes,Mailed check,53.0,2878.23,No
C-dbb22882,Male,0,No,No,34,No,No phone service,Fiber optic,No internet service,No,Yes,No internet service,No,No,One year,Yes,Mailed check,53.49,1813.28,No
C-fd74c377,Female,0,No,No,34,Yes,No phone service,Fiber optic,No internet service,Yes,Yes,No,No,No,Month-to-month,Yes,Electronic check,55.08,1866.0,No
C-107d1229,Female,0,No,Yes,45,Yes,Yes,Fiber optic,Yes,No,No,No,Yes,No,Month-to-month,No,Electronic check,65.34,2907.25,No
C-b56c9213,Female,0,No,Yes,49,Yes,No phone service,Fiber optic,Yes,No,Yes,No internet service,No,Yes,Month-to-month,No,Bank transfer (automatic),62.46,3038.74,No
C-4c69a47a,Female,0,Yes,No,11,Yes,Yes,DSL,Yes,Yes,Yes,No,No,Yes,Two year,Yes,Mailed check,55.16,583.44,Yes
C-9b9219ef,Female,0,No,No,53,Yes,Yes,DSL,No internet service,No,No internet service,No,No internet service,No,Two year,Yes,Mailed check,28.15,1483.94,No
C-2dee24e0,Male,0,No,No,60,Yes,No,DSL,No,Yes,No,No internet service,No,No,Month-to-month,Yes,Electronic check,45.57,2717.66,Yes
C-34749a5a,Female,0,Yes,Yes,7,Yes,No,Fiber optic,No,Yes,No,No,Yes,No,Two year,No,Credit card (automatic),56.55,373.96,No
C-e4e4242c,Male,1,Yes,No,19,Yes,No,Fiber optic,No,Yes,No,No,No,No internet service,Month-to-month,No,Mailed check,48.84,920.51,Yes
C-26fe7604,Male,0,No,Yes,57,Yes,Yes,Fiber optic,No,No,No,Yes,Yes,No,Month-to-month,Yes,Mailed check,59.16,3361.08,Yes
C-201eef38,Female,1,No,No,72,Yes,Yes,DSL,No,No,No internet service,No,No,Yes,One year,Yes,Electronic check,38.82,2768.61,No
C-8644e007,Female,1,Yes,No,14,Yes,No phone service,No,No internet service,No internet service,No internet service,No internet service,No internet service,No internet service,Month-to-month,Yes,Electronic check,27.41,403.2,Yes
C-dc3633ba,Male,0,Yes,No,0,Yes,Yes,DSL,Yes,No internet service,No,No,No,Yes,Month-to-month,Yes,Electronic check,41.8,7.41,No
C-a046ef51,Female,0,Yes,No,72,Yes,No phone service,Fiber optic,No,Yes,No,Yes,No,Yes,Two year,Yes,Electronic check,61.33,4383.8,No
C-074788b5,Female,0,No,No,68,Yes,Yes,DSL,No,No internet service,Yes,Yes,Yes,Yes,One year,No,Mailed check,53.76,3639.5,No
C-399637fb,Female,0,No,No,15,Yes,No phone service,Fiber optic,No,No,No,No,No internet service,No,Two year,Yes,Mailed check,44.24,665.78,Yes
C-b8218259,Female,0,Yes,No,63,Yes,Yes,Fiber optic,Yes,No,No,Yes,Yes,No,One year,Yes,Bank transfer (automatic),66.65,4227.08,No
C-ecb93808,Female,1,No,No,39,Yes,Yes,Fiber optic,No,No,Yes,Yes,Yes,No,One year,Yes,Electronic check,61.64,2387.59,No
C-ca13ce41,Female,0,Yes,Yes,62,No,No phone service,DSL,No,Yes,Yes,No,Yes,No,Two year,Yes,Credit card (automatic),50.14,3102.87,No
C-c9bfbb4b,Male,0,Yes,No,8,Yes,Yes,Fiber optic,Yes,No internet service,No,No,No internet service,Yes,Month-to-month,Yes,Mailed check,56.9,465.22,No
C-5ff59ae8,Female,0,No,No,29,Yes,No,Fiber optic,No,Yes,No,No,Yes,No internet service,Month-to-month,Yes,Credit card (automatic),61.28,1776.16,No
C-d12fc003,Female,1,No,Yes,33,No,No phone service,Fiber optic,No,Yes,No,No,No,No,Month-to-month,No,Mailed check,51.43,1735.77,No
C-ce2c32bd,Male,0,Yes,Yes,48,No,No phone service,DSL,No,Yes,No,Yes,Yes,No,Two year,Yes,Mailed check,52.53,2510.55,No
C-57a43512,Male,0,Yes,No,10,Yes,Yes,No,No internet service,No internet service,No internet service,No internet service,No internet service,No internet service,Month-to-month,No,Credit card (automatic),30.99,326.76,No
C-1341fc75,Male,0,Yes,Yes,18,Yes,Yes,No,No internet service,No internet service,No internet service,No internet service,No internet service,No internet service,Month-to-month,Yes,Mailed check,27.11,466.92,No
C-d32d8957,Male,0,Yes,No,57,Yes,Yes,DSL,No,Yes,No internet service,No,Yes,Yes,Month-to-month,Yes,Bank transfer (automatic),46.58,2653.66,No
C-58235612,Female,1,Yes,No,37,Yes,No,Fiber optic,No,Yes,No,No,No,No,Month-to-month,No,Mailed check,55.39,2045.82,No
C-66c4f0e1,Female,0,No,No,12,Yes,Yes,Fiber optic,Yes,Yes,No,Yes,No,No,Two year,Yes,Mailed check,63.27,748.8,No
C-48455bae,Female,0,No,Yes,59,Yes,No phone service,Fiber optic,No,Yes,Yes,No,No,No internet service,Month-to-month,Yes,Bank transfer (automatic),59.59,3536.36,No
C-202ac2bb,Male,0,No,No,53,Yes,No,Fiber optic,No,No,Yes,No,No,No,Two year,Yes,Mailed check,57.11,3051.52,No
C-b9030928,Male,0,Yes,No,2,Yes,No phone service,Fiber optic,No internet service,No,No,No internet service,No,Yes,Month-to-month,Yes,Credit card (automatic),58.22,133.53,Yes
C-eebdaee3,Male,0,Yes,No,53,Yes,No,No,No internet service,No internet service,No internet service,No internet service,No internet service,No internet service,Month-to-month,No,Mailed check,26.65,1387.67,No
C-f10a6688,Female,0,Yes,No,9,Yes,Yes,Fiber optic,No,No internet service,No,No,No,No,Two year,No,Electronic check,53.3,468.1,Yes
C-7c384ca5,Female,0,No,No,42,Yes,Yes,No,No internet service,No internet service,No internet service,No internet service,No internet service,No internet service,Month-to-month,No,Electronic check,28.76,1240.71,No
C-5f9e1cc8,Female,0,Yes,No,53,Yes,Yes,DSL,Yes,No,Yes,Yes,No,No,One year,No,Mailed check,44.07,2312.83,No
C-9e2c928c,Female,0,No,No,3,Yes,No,Fiber optic,Yes,Yes,Yes,No,No,No,Two year,No,Bank transfer (automatic),64.04,182.82,Yes
C-ddeccb59,Female,0,Yes,No,34,Yes,Yes,Fiber optic,Yes,No,No,No internet service,No,Yes,One year,Yes,Bank transfer (automatic),60.03,2041.7,No
C-c4766c08,Male,0,No,Yes,19,Yes,Yes,Fiber optic,No,No,No,No,No internet service,No,One year,Yes,Electronic check,53.63,1006.95,No
C-9d9ecc22,Female,0,Yes,Yes,2,Yes,No,Fiber optic,No,No,No,Yes,No,No,Month-to-month,Yes,Credit card (automatic),54.3,90.3,Yes
C-4adfaadc,Male,0,Yes,Yes,8,Yes,Yes,Fiber optic,No,No,No,Yes,No,No,Month-to-month,No,Mailed check,52.94,413.51,Yes
C-94aa9ffd,Female,0,Yes,Yes,4,Yes,No,Fiber optic,No,No,No,No,No internet service,No,Two year,Yes,Bank transfer (automatic),46.44,198.49,No
C-0ea282f9,Female,1,No,Yes,59,Yes,No,Fiber optic,No,No,No,No,No,No internet service,Month-to-month,No,Electronic check,50.04,2941.11,No
C-0d946777,Female,0,Yes,No,11,Yes,Yes,Fiber optic,No,No,Yes,No,Yes,Yes,Two year,Yes,Credit card (automatic),64.66,710.24,No
C-ad89a9b3,Male,0,No,No,30,Yes,No,Fiber optic,No,No,No,No,Yes,No,Two year,Yes,Electronic check,52.41,1574.02,No
C-5f9464a0,Male,0,Yes,No,19,Yes,No,No,No internet service,No internet service,No internet service,No internet service,No internet service,No internet service,One year,No,Credit card (automatic),28.68,554.03,No
C-eb1a083c,Male,0,No,No,25,Yes,No,Fiber optic,Yes,No,No,No,No internet service,No,Two year,Yes,Credit card (automatic),52.88,1361.91,No
C-c397a140,Female,1,Yes,Yes,50,Yes,No,Fiber optic,No,No,Yes,Yes,Yes,No,Month-to-month,Yes,Electronic check,64.66,3214.61,Yes
C-8ffc1662,Female,0,No,No,4,Yes,No,DSL,No,Yes,No,No,No,Yes,Month-to-month,No,Electronic check,43.67,179.81,Yes
C-20fbaba5,Male,1,No,Yes,58,No,No phone service,DSL,Yes,No internet service,No,No,No,No,Month-to-month,Yes,Mailed check,38.29,2227.41,No
C-96b14fae,Female,0,No,Yes,49,Yes,No,Fiber optic,No,No,Yes,No internet service,Yes,Yes,One year,No,Electronic check,65.89,3255.21,Yes
C-b5a7834d,Female,0,No,No,41,Yes,Yes,Fiber optic,No,No,No,Yes,No,No,Month-to-month,Yes,Electronic check,52.44,2201.91,No
C-78291136,Male,0,No,No,63,Yes,Yes,Fiber optic,Yes,No,Yes,No,No,No,One year,Yes,Mailed check,56.99,3596.12,Yes
C-44246498,Female,0,Yes,Yes,38,Yes,No phone service,No,No internet service,No internet service,No internet service,No internet service,No internet service,No internet service,Month-to-month,Yes,Mailed check,25.92,998.17,No
C-158719a8,Female,0,No,No,61,No,No phone service,Fiber optic,No,Yes,Yes,No,No,No,Month-to-month,Yes,Electronic check,54.09,3336.55,Yes
C-5f9ee7ae,Male,0,No,Yes,48,Yes,No phone service,Fiber optic,No internet service,No,Yes,No,No,Yes,Two year,Yes,Credit card (automatic),58.02,2802.04,No
C-0230e999,Male,0,No,No,5,Yes,No phone service,Fiber optic,No,No,No,No internet service,Yes,No,Two year,No,Electronic check,52.41,224.75,No
C-39d4714f,Female,1,Yes,Yes,23,Yes,No,Fiber optic,No internet service,No,No internet service,No,Yes,No,Month-to-month,No,Electronic check,53.77,1244.21,Yes
C-d9f92105,Female,0,Yes,Yes,16,Yes,No,Fiber optic,No,No,No,Yes,Yes,Yes,Month-to-month,Yes,Bank transfer (automatic),66.56,1090.46,Yes
C-d1c2cc03,Female,0,No,No,57,Yes,No,Fiber optic,No,No,No,Yes,No,No,Month-to-month,No,Electronic check,49.34,2778.22,Yes
C-91ae2c0a,Female,0,No,No,61,Yes,No,Fiber optic,No internet service,No,No,Yes,Yes,Yes,Month-to-month,No,Bank transfer (automatic),69.79,4235.5,No
C-c996b92f,Female,0,No,No,50,Yes,Yes,Fiber optic,No,Yes,No,Yes,Yes,No,Two year,No,Bank transfer (automatic),58.48,2918.86,No
C-715bdd59,Female,0,No,No,66,Yes,No,Fiber optic,No internet service,Yes,Yes,No,No,Yes,Month-to-month,No,Credit card (automatic),65.53,4339.03,Yes
C-71978ee7,Female,0,No,No,54,Yes,No,Fiber optic,No,No internet service,Yes,No internet service,Yes,No,One year,Yes,Mailed check,60.72,3272.87,No
C-849eb829,Male,0,No,Yes,37,Yes,Yes,No,No internet service,No internet service,No internet service,No internet service,No internet service,No internet service,Month-to-month,No,Electronic check,28.17,1041.6,Yes
C-64e8c8eb,Male,0,Yes,No,39,Yes,Yes,DSL,No,Yes,No internet service,No internet service,Yes,No,Month-to-month,Yes,Credit card (automatic),41.16,1611.52,No
C-88a0a1e7,Male,0,Yes,No,61,Yes,Yes,Fiber optic,No,No,No,Yes,No,Yes,Two year,No,Bank transfer (automatic),60.53,3706.02,No
C-fdece647,Female,0,No,Yes,63,Yes,No,Fiber optic,Yes,No internet service,No,No,Yes,No,Month-to-month,No,Bank transfer (automatic),58.29,3652.37,No
C-eac17035,Female,0,No,Yes,16,No,No phone service,Fiber optic,Yes,No,No,No,No,No,Month-to-month,Yes,Electronic check,55.63,892.02,Yes
C-8d018793,Female,0,No,No,30,Yes,No phone service,Fiber optic,Yes,Yes,No internet service,Yes,Yes,No,Two year,No,Electronic check,68.21,2070.66,No
C-226e5c4b,Female,0,No,No,26,Yes,Yes,Fiber optic,Yes,Yes,No,No,No,No,Month-to-month,Yes,Electronic check,61.4,1603.46,Yes
C-9439bc35,Female,0,Yes,Yes,46,Yes,Yes,Fiber optic,No internet service,No,Yes,No,No,Yes,One year,No,Credit card (automatic),58.33,2665.25,No
C-6934c1d1,Female,0,No,No,21,Yes,No,Fiber optic,No internet service,Yes,No,Yes,No,No,One year,Yes,Credit card (automatic),60.78,1266.65,No
C-e4bdf9ef,Male,0,No,No,50,Yes,No,Fiber optic,No,No,Yes,No internet service,Yes,Yes,One year,Yes,Credit card (automatic),68.92,3447.08,No
C-b4ea810a,Male,0,Yes,No,35,Yes,Yes,Fiber optic,No,Yes,No,No,No,Yes,Month-to-month,No,Mailed check,61.57,2160.48,Yes
C-380e59a5,Male,0,No,No,53,Yes,No,Fiber optic,No,No,No,Yes,Yes,Yes,Two year,No,Mailed check,69.2,3658.29,No
C-56844d96,Male,1,Yes,Yes,56,Yes,No,DSL,No internet service,Yes,No,No,Yes,Yes,Month-to-month,No,Credit card (automatic),49.97,2814.76,Yes
C-80fd5027,Female,0,Yes,No,39,Yes,Yes,Fiber optic,No,No,No,Yes,No,Yes,Month-to-month,Yes,Electronic check,60.4,2347.76,Yes
C-65bf8bc5,Male,0,No,No,32,Yes,Yes,No,No internet service,No internet service,No internet service,No internet service,No internet service,No internet service,Month-to-month,Yes,Bank transfer (automatic),27.73,864.86,No
C-23be40f5,Male,0,Yes,No,62,Yes,Yes,Fiber optic,No internet service,Yes,Yes,No,No,No,Two year,Yes,Mailed check,57.93,3595.86,No
C-c3c3f5c5,Male,0,Yes,No,5,Yes,Yes,DSL,Yes,No internet service,Yes,No,No,No internet service,Month-to-month,No,Mailed check,46.72,249.25,Yes
C-c28b173f,Female,0,Yes,Yes,26,Yes,No phone service,Fiber optic,Yes,No,No,No internet service,Yes,No internet service,One year,No,Mailed check,59.99,1591.3,No
C-624766ee,Female,0,No,Yes,26,Yes,Yes,DSL,Yes,Yes,No,No,No,No,One year,Yes,Credit card (automatic),46.28,1205.08,No
C-38e14516,Female,0,No,Yes,27,Yes,No,Fiber optic,No,Yes,Yes,No internet service,No,No,One year,Yes,Credit card (automatic),57.14,1545.12,No
C-44136a24,Male,0,Yes,No,23,Yes,Yes,No,No internet service,No internet service,No internet service,No internet service,No internet service,No internet service,Month-to-month,Yes,Bank transfer (automatic),29.08,676.73,Yes
C-37ab6c30,Female,1,Yes,No,11,Yes,No,Fiber optic,Yes,No,Yes,No,No,No,One year,No,Mailed check,55.63,610.78,Yes
C-a17f210c,Female,0,Yes,No,72,Yes,No,Fiber optic,No,No internet service,No,No,No internet service,No,One year,Yes,Electronic check,51.21,3713.86,Yes
C-162dcf59,Female,0,No,Yes,18,Yes,Yes,Fiber optic,Yes,No,No,No internet service,No,Yes,Month-to-month,No,Electronic check,63.75,1136.74,No
C-3ad51b28,Female,0,Yes,No,62,Yes,Yes,Fiber optic,Yes,No,No,No internet service,Yes,Yes,Month-to-month,No,Credit card (automatic),71.15,4416.51,No
C-d697e2f7,Male,0,Yes,No,11,No,No phone service,Fiber optic,No,Yes,No,Yes,No,No,Month-to-month,Yes,Bank transfer (automatic),52.47,586.38,Yes
C-4cea9606,Male,1,No,No,69,Yes,No phone service,Fiber optic,Yes,Yes,No,No,No internet service,No,Month-to-month,Yes,Credit card (automatic),66.26,4550.74,No
C-1095684e,Male,1,Yes,Yes,66,Yes,Yes,Fiber optic,Yes,Yes,No internet service,No,Yes,No,Two year,Yes,Credit card (automatic),67.93,4483.97,No
C-67afdb71,Female,0,No,No,34,Yes,No phone service,Fiber optic,Yes,No,No internet service,No internet service,Yes,No,One year,Yes,Electronic check,66.26,2224.15,No
C-48124029,Male,0,No,No,51,Yes,Yes,Fiber optic,Yes,Yes,No,No,Yes,No,One year,No,Credit card (automatic),67.73,3464.57,No
C-58a9f481,Male,0,Yes,No,32,Yes,No,Fiber optic,No internet service,No,No,No,Yes,Yes,Two year,No,Credit card (automatic),60.78,1962.83,No
C-f8bd8022,Female,0,No,No,25,Yes,No,Fiber optic,No,No,No,Yes,Yes,Yes,One year,Yes,Mailed check,64.14,1620.44,No
C-e258608b,Female,1,No,No,64,Yes,Yes,Fiber optic,Yes,No,No,No,No,No,Month-to-month,Yes,Mailed check,49.15,3119.9,Yes
C-92daf09e,Male,0,No,Yes,2,No,No phone service,Fiber optic,No,No,Yes,No,No,No,Month-to-month,Yes,Electronic check,57.5,145.82,Yes
C-d0dfabba,Male,0,Yes,No,24,Yes,No,DSL,Yes,No,No,No,No,Yes,Month-to-month,Yes,Electronic check,43.89,1073.25,No
C-57444caf,Male,0,No,Yes,21,Yes,No,Fiber optic,No,No internet service,No internet service,Yes,No,Yes,Month-to-month,No,Electronic check,60.05,1261.03,Yes
C-1a88267e,Female,0,No,No,14,Yes,No phone service,Fiber optic,No,Yes,Yes,No,No,No,Month-to-month,Yes,Electronic check,65.06,929.66,Yes
C-3956c31c,Male,0,No,No,24,Yes,Yes,Fiber optic,No internet service,No internet service,No,Yes,Yes,No,Two year,No,Mailed check,56.3,1325.77,Yes
C-67a0eec4,Female,0,Yes,Yes,44,Yes,No,Fiber optic,Yes,Yes,No,No,Yes,No,Month-to-month,Yes,Bank transfer (automatic),64.13,2861.47,Yes
C-204537ec,Male,0,Yes,No,42,Yes,No,Fiber optic,No,No,No,No,No,No,Two year,Yes,Bank transfer (automatic),48.85,2055.37,No
C-ee5caa28,Male,1,No,No,50,Yes,No,Fiber optic,No,Yes,No,No,No,No internet service,Month-to-month,Yes,Credit card (automatic),52.25,2617.5,Yes
C-f4fb976d,Female,0,No,No,3,Yes,Yes,Fiber optic,Yes,No,No,No,No,No,Month-to-month,No,Credit card (automatic),51.42,141.46,Yes
C-d61323c9,Female,0,No,Yes,66,Yes,No phone service,Fiber optic,No,Yes,No internet service,Yes,No,Yes,Month-to-month,Yes,Electronic check,62.47,4134.28,Yes
C-76ccab9a,Female,1,No,No,11,Yes,Yes,Fiber optic,No,No,No,No,Yes,No,Month-to-month,Yes,Mailed check,50.72,549.51,Yes
C-342aeb7d,Male,0,Yes,No,55,Yes,Yes,Fiber optic,No,No,No,No,Yes,No,One year,No,Mailed check,52.94,2925.01,No
C-2a3a98c9,Female,0,Yes,No,48,Yes,Yes,Fiber optic,No internet service,Yes,No internet service,Yes,No,No internet service,Month-to-month,Yes,Electronic check,58.85,2822.21,Yes
C-3bdefe52,Female,0,No,No,57,Yes,Yes,Fiber optic,No,No,No,No,No,No,Two year,Yes,Mailed check,49.52,2865.21,No
C-2f9b1a94,Male,0,No,Yes,19,Yes,No phone service,Fiber optic,No,Yes,No,No,No,No,Month-to-month,No,Bank transfer (automatic),47.98,896.83,Yes
C-a35875c9,Female,0,Yes,No,21,Yes,No phone service,Fiber optic,No,No internet service,Yes,No,No internet service,No,Two year,Yes,Electronic check,54.02,1148.8,No
C-6017a1de,Female,0,Yes,No,38,Yes,Yes,Fiber optic,No,No internet service,No,Yes,Yes,No,Month-to-month,No,Bank transfer (automatic),59.97,2284.17,No
C-f8dde65f,Female,0,No,Yes,36,Yes,No,Fiber optic,No,No,No,Yes,Yes,Yes,Month-to-month,No,Credit card (automatic),65.82,2385.11,Yes
C-c8120bdc,Female,0,No,No,59,No,No phone service,No,No internet service,No internet service,No internet service,No internet service,No internet service,No internet service,Month-to-month,Yes,Electronic check,28.01,1633.96,No
C-15e5b5b5,Female,0,Yes,No,28,Yes,No phone service,Fiber optic,No,No,No,Yes,No,No,Month-to-month,Yes,Bank transfer (automatic),49.21,1394.25,No
C-a3c61097,Male,0,Yes,No,36,Yes,No,DSL,Yes,No internet service,Yes,No,No,Yes,Month-to-month,Yes,Credit card (automatic),49.67,1794.23,No
C-4638f723,Female,1,Yes,No,61,Yes,Yes,Fiber optic,No,No,No,No,No,Yes,Month-to-month,Yes,Bank transfer (automatic),52.68,3196.56,No
C-03c44e74,Female,0,Yes,No,7,Yes,No,Fiber optic,No,No,Yes,No,No internet service,No,Month-to-month,Yes,Credit card (automatic),52.78,371.21,Yes
C-15cb0681,Male,0,Yes,No,64,Yes,Yes,Fiber optic,Yes,Yes,Yes,Yes,No,No,Month-to-month,No,Mailed check,70.26,4522.84,No
C-2c235f0e,Male,0,No,No,4,Yes,No,Fiber optic,No internet service,Yes,No,No,Yes,No,Month-to-month,No,Electronic check,59.45,233.16,Yes
C-680375e6,Male,0,No,Yes,64,Yes,No,Fiber optic,No,No,No,No,No,No,Month-to-month,No,Bank transfer (automatic),41.4,2663.57,No
C-40f92ab8,Male,0,No,Yes,66,Yes,Yes,DSL,No,Yes,No,Yes,Yes,No,Month-to-month,Yes,Electronic check,52.72,3486.78,No
C-000a6139,Male,0,Yes,Yes,46,No,No phone service,Fiber optic,No,Yes,Yes,No,No,No internet service,Month-to-month,Yes,Credit card (automatic),58.85,2699.89,No
C-90596769,Male,0,No,No,60,Yes,No phone service,Fiber optic,Yes,Yes,Yes,No internet service,No,No,Month-to-month,Yes,Electronic check,69.45,4127.83,Yes
C-818a1432,Female,0,Yes,No,12,No,No phone service,Fiber optic,Yes,Yes,Yes,No,No,No,Month-to-month,Yes,Bank transfer (automatic),63.79,718.1,Yes
C-f0430482,Female,0,No,No,66,Yes,Yes,No,No internet service,No internet service,No internet service,No internet service,No internet service,No internet service,Two year,No,Credit card (automatic),22.55,1475.75,No
C-b520d39f,Male,0,No,No,28,Yes,Yes,Fiber optic,Yes,Yes,No,Yes,No,No,Two year,No,Mailed check,64.86,1823.48,Yes
C-8511272c,Male,0,No,No,28,Yes,No,Fiber optic,Yes,No,Yes,No,No,Yes,Month-to-month,Yes,Electronic check,64.94,1822.66,Yes
C-e16d2747,Male,0,Yes,No,34,Yes,No,No,No internet service,No internet service,No internet service,No internet service,No internet service,No internet service,One year,Yes,Bank transfer (automatic),25.49,845.33,No
C-5e61204b,Male,1,No,No,44,Yes,No,Fiber optic,No,No,No,Yes,Yes,No,Month-to-month,Yes,Electronic check,60.85,2652.32,Yes
C-a05b54b2,Female,1,No,No,17,No,No phone service,Fiber optic,No,Yes,Yes,Yes,No,No,Month-to-month,No,Bank transfer (automatic),68.83,1194.9,Yes
C-656e4a75,Female,0,Yes,No,15,Yes,No,No,No internet service,No internet service,No internet service,No internet service,No internet service,No internet service,Two year,Yes,Bank transfer (automatic),25.79,381.44,No
C-4488702a,Male,0,Yes,Yes,14,Yes,Yes,Fiber optic,No,No,No,Yes,No,Yes,Two year,No,Electronic check,58.83,799.53,No
C-41f97937,Female,0,Yes,Yes,38,Yes,Yes,Fiber optic,No,Yes,Yes,No,No,Yes,One year,No,Electronic check,63.18,2368.1,Yes
C-34723815,Female,0,No,Yes,46,Yes,Yes,Fiber optic,No,Yes,No internet service,No internet service,Yes,Yes,Two year,No,Credit card (automatic),65.74,3017.1,No
C-e5201db4,Male,1,No,No,8,Yes,Yes,Fiber optic,Yes,No internet service,No,No,No,No,Month-to-month,Yes,Electronic check,57.94,471.06,Yes
C-0ab31940,Female,1,Yes,No,7,Yes,No phone service,Fiber optic,Yes,Yes,No,No,No,Yes,Month-to-month,No,Bank transfer (automatic),68.82,436.42,Yes
C-095a7330,Female,0,No,Yes,57,Yes,Yes,DSL,No,Yes,No,Yes,Yes,No,Two year,Yes,Mailed check,49.43,2814.77,No
C-f8b2104e,Female,0,Yes,Yes,64,Yes,Yes,Fiber optic,Yes,No internet service,No,No,No,No,Month-to-month,Yes,Electronic check,51.4,3297.32,No
C-520e6be4,Male,1,Yes,Yes,58,Yes,No,Fiber optic,No,No,No,Yes,No internet service,Yes,Two year,Yes,Electronic check,59.81,3471.68,No
C-5dcf8b97,Male,0,No,No,67,Yes,No phone service,Fiber optic,Yes,No,No,No,No internet service,Yes,Two year,Yes,Bank transfer (automatic),63.14,4254.08,No
C-c4803c2b,Male,0,No,Yes,21,Yes,Yes,Fiber optic,No,Yes,Yes,No internet service,Yes,No,Two year,No,Mailed check,63.84,1366.23,No
C-913f9dcb,Male,0,No,No,44,Yes,No,Fiber optic,No internet service,Yes,No,No,No,No internet service,One year,No,Mailed check,56.4,2449.77,No
C-057ceea9,Female,0,Yes,No,45,Yes,Yes,Fiber optic,No,Yes,No,No,Yes,No,Two year,Yes,Credit card (automatic),57.96,2631.18,No
C-29235175,Male,0,Yes,No,47,Yes,Yes,Fiber optic,Yes,No,No,No,No,No,Two year,No,Bank transfer (automatic),55.14,2589.37,No
C-f5b9a51f,Female,1,No,No,54,Yes,Yes,Fiber optic,No,Yes,Yes,No internet service,No,Yes,Two year,Yes,Bank transfer (automatic),63.75,3414.35,No
C-93428e80,Female,0,No,No,37,Yes,No,DSL,No,Yes,Yes,No,No,Yes,Month-to-month,No,Mailed check,47.01,1749.7,Yes
C-435a4185,Male,0,Yes,No,44,Yes,No phone service,Fiber optic,No,Yes,No,No,Yes,No,Month-to-month,Yes,Mailed check,56.89,2505.09,Yes
C-4133fd02,Male,0,Yes,No,50,Yes,Yes,Fiber optic,No,Yes,No,No,No internet service,No,One year,Yes,Bank transfer (automatic),51.22,2560.6,No
C-6b460059,Male,0,No,Yes,58,Yes,No phone service,No,No internet service,No internet service,No internet service,No internet service,No internet service,No internet service,Two year,Yes,Mailed check,25.14,1463.6,No
C-3c901130,Female,0,Yes,Yes,72,Yes,Yes,Fiber optic,Yes,Yes,Yes,No,No internet service,No,Two year,Yes,Credit card (automatic),66.29,4799.36,No
C-f0bbb86e,Male,0,Yes,No,19,Yes,No,Fiber optic,Yes,No,Yes,Yes,Yes,No,Month-to-month,Yes,Bank transfer (automatic),74.49,1425.0,Yes
C-2ea9a173,Male,0,Yes,No,67,Yes,No,DSL,No,No,No,Yes,Yes,No internet service,Two year,No,Bank transfer (automatic),46.44,3099.19,Yes
C-79f7715f,Male,0,Yes,No,21,Yes,Yes,Fiber optic,No,No,No,No,No,No,Month-to-month,No,Credit card (automatic),48.5,999.05,Yes
C-e3e91dd3,Female,1,No,Yes,68,Yes,Yes,Fiber optic,No,No,No,No,No,No,Month-to-month,Yes,Electronic check,50.41,3415.7,Yes
C-a357842f,Female,0,No,No,52,Yes,No,DSL,No,Yes,Yes,Yes,No,No,Two year,Yes,Credit card (automatic),49.2,2510.06,No
C-9b211c9f,Male,1,Yes,Yes,68,Yes,Yes,Fiber optic,Yes,No,No,No,No internet service,No,Month-to-month,Yes,Credit card (automatic),57.71,3911.61,No
C-d66c36ff,Female,1,Yes,No,57,Yes,No,DSL,Yes,No internet service,Yes,No,No,No,One year,Yes,Electronic check,45.7,2609.66,No
C-7eff860b,Female,0,No,No,58,Yes,No phone service,Fiber optic,No,No,Yes,Yes,No,Yes,One year,Yes,Credit card (automatic),64.51,3740.77,Yes
C-3aba4ada,Female,0,Yes,Yes,64,Yes,Yes,Fiber optic,Yes,No,No,No,Yes,Yes,One year,No,Electronic check,64.1,4117.81,No
C-6ebf2ec8,Male,0,Yes,No,36,Yes,Yes,No,No internet service,No internet service,No internet service,No internet service,No internet service,No internet service,One year,No,Bank transfer (automatic),24.39,865.02,No
C-c325e931,Female,0,No,Yes,12,Yes,No,Fiber optic,Yes,No,Yes,No,Yes,Yes,Month-to-month,Yes,Credit card (automatic),73.35,877.79,Yes
C-fa744483,Male,0,No,No,50,Yes,Yes,DSL,No,Yes,No,No internet service,No internet service,No,One year,Yes,Electronic check,36.91,1862.18,No
C-a6762cb7,Male,0,No,No,63,Yes,No,No,No internet service,No internet service,No internet service,No internet service,No internet service,No internet service,One year,No,Mailed check,22.69,1436.48,No
C-8d6de3f2,Male,0,No,No,68,Yes,Yes,Fiber optic,No,Yes,Yes,No,Yes,No,One year,No,Electronic check,64.31,4373.03,No
C-8fb7e56a,Male,0,Yes,No,64,Yes,No,DSL,No internet service,No internet service,No,Yes,No,No,Month-to-month,Yes,Mailed check,35.97,2331.12,Yes
C-c84516f1,Female,1,Yes,No,19,Yes,No,Fiber optic,Yes,No,No,No,No,Yes,Month-to-month,Yes,Mailed check,63.6,1192.42,Yes
C-647c5a31,Female,0,No,No,18,Yes,No phone service,No,No internet service,No internet service,No internet service,No internet service,No internet service,No internet service,Month-to-month,No,Electronic check,33.27,596.48,Yes
C-7f102d36,Female,1,Yes,No,39,Yes,No phone service,No,No internet service,No internet service,No internet service,No internet service,No internet service,No internet service,Two year,Yes,Electronic check,35.49,1371.5,No
C-07928415,Male,0,Yes,No,67,Yes,No,DSL,Yes,No,No,No,Yes,Yes,Month-to-month,Yes,Mailed check,50.5,3371.3,No
C-39dfa408,Male,0,Yes,Yes,38,Yes,No,Fiber optic,Yes,Yes,No,Yes,Yes,No,Month-to-month,No,Electronic check,67.08,2519.22,Yes
C-12789591,Male,0,Yes,No,51,Yes,Yes,Fiber optic,No,No,Yes,No,No,No,Month-to-month,No,Bank transfer (automatic),55.95,2852.79,No
C-0d39ddf2,Female,0,Yes,No,24,Yes,No,Fiber optic,No,No,Yes,No,No,No,Two year,No,Electronic check,56.57,1345.14,No
C-53d1aa87,Female,0,No,No,30,Yes,No,Fiber optic,No,No,No,Yes,No,No,Month-to-month,No,Electronic check,47.28,1454.6,No
C-e4a65e8f,Female,0,No,No,35,No,No phone service,Fiber optic,No,No,No,Yes,No,Yes,One year,No,Mailed check,58.35,2033.55,No
C-353ec850,Female,0,Yes,No,10,No,No phone service,Fiber optic,Yes,Yes,No,Yes,Yes,No,Month-to-month,Yes,Electronic check,67.2,683.02,No
C-350ebf03,Female,0,Yes,No,43,Yes,No,Fiber optic,No,No,No,No,No internet service,No,One year,Yes,Mailed check,46.65,1999.48,No
C-1d2097dd,Female,0,Yes,No,45,Yes,No,No,No internet service,No internet service,No internet service,No internet service,No internet service,No internet service,Month-to-month,Yes,Mailed check,28.49,1326.77,No
C-def54dff,Female,0,Yes,No,43,Yes,No,Fiber optic,No,Yes,No,Yes,Yes,Yes,One year,Yes,Credit card (automatic),70.0,3035.81,No
C-f386d2c3,Male,1,No,No,4,No,No phone service,Fiber optic,Yes,Yes,No,No,No,Yes,Month-to-month,Yes,Electronic check,63.67,246.01,Yes
C-e60df865,Female,0,No,No,22,Yes,No phone service,Fiber optic,No,No,No,No,No,Yes,One year,Yes,Electronic check,56.17,1234.35,No
C-58b8942e,Female,0,No,Yes,22,Yes,Yes,Fiber optic,No,No,No,No,Yes,No,Two year,Yes,Electronic check,51.65,1102.22,No
C-38635010,Male,0,Yes,No,43,No,No phone service,DSL,No internet service,Yes,Yes,Yes,No,No,Month-to-month,Yes,Electronic check,49.33,2127.12,No
C-f19b8221,Male,0,No,Yes,54,No,No phone service,DSL,No,Yes,No,No,No,No,Two year,Yes,Credit card (automatic),36.1,1936.09,No
C-aec6efc4,Male,1,No,No,70,Yes,No,DSL,No,No,Yes,No,No,Yes,Two year,No,Bank transfer (automatic),44.74,3110.64,No
C-a30c77fc,Female,0,Yes,No,45,Yes,No,Fiber optic,No,No,Yes,No,No,No internet service,Month-to-month,Yes,Electronic check,51.84,2317.79,Yes
C-1798a856,Female,0,No,No,45,Yes,Yes,Fiber optic,No,Yes,No internet service,Yes,Yes,Yes,Two year,No,Credit card (automatic),70.16,3163.75,No
C-ef405748,Male,0,Yes,Yes,60,No,No phone service,Fiber optic,No,No internet service,No,No,No,No,Month-to-month,Yes,Bank transfer (automatic),47.0,2803.36,Yes
C-9be0f2d1,Female,0,Yes,Yes,56,Yes,No,Fiber optic,Yes,Yes,No,No,No,No,One year,No,Electronic check,59.1,3323.36,No
C-dbb16d6c,Male,0,No,No,5,Yes,No,Fiber optic,No,No,No,Yes,Yes,Yes,Month-to-month,Yes,Electronic check,66.18,336.33,Yes
C-b0c40a55,Female,0,No,No,57,Yes,No,Fiber optic,No,No,No,No,No,No internet service,Month-to-month,No,Electronic check,47.77,2706.33,Yes
C-948ee660,Female,0,No,No,43,Yes,No phone service,Fiber optic,Yes,Yes,No,No,Yes,Yes,Month-to-month,Yes,Mailed check,70.41,3016.83,No
C-7a5b9639,Female,0,Yes,No,62,Yes,Yes,No,No internet service,No internet service,No internet service,No internet service,No internet service,No internet service,One year,No,Mailed check,26.67,1645.05,No
C-db797417,Male,0,No,Yes,52,No,No phone service,Fiber optic,Yes,No,No,No,No internet service,Yes,Month-to-month,No,Credit card (automatic),58.39,3049.06,No
C-855d3859,Female,1,Yes,No,18,Yes,Yes,Fiber optic,No internet service,Yes,Yes,No,No,Yes,One year,Yes,Electronic check,65.17,1174.49,No
C-344437df,Male,0,No,No,43,Yes,No,No,No internet service,No internet service,No internet service,No internet service,No internet service,No internet service,Month-to-month,No,Credit card (automatic),34.45,1450.13,No
C-0bf8b169,Female,0,Yes,No,42,Yes,Yes,Fiber optic,No,No,Yes,No,No,Yes,One year,Yes,Electronic check,57.9,2412.16,No
C-c9fe344c,Male,0,No,No,52,Yes,Yes,DSL,No,No,Yes,No,No,Yes,Month-to-month,Yes,Electronic check,41.09,2135.8,Yes
C-853b6210,Female,0,Yes,No,20,Yes,Yes,Fiber optic,No internet service,Yes,No,No,No,Yes,One year,Yes,Electronic check,58.78,1179.69,No
C-94da585b,Female,1,No,No,54,Yes,Yes,Fiber optic,No,No,No,No,Yes,Yes,Month-to-month,Yes,Bank transfer (automatic),60.97,3285.85,Yes
C-9873a9e8,Male,1,Yes,Yes,70,Yes,Yes,Fiber optic,Yes,No,No internet service,No,No,No,Two year,No,Electronic check,56.41,3922.44,No
C-51dd3a7a,Male,1,No,No,18,No,No phone service,Fiber optic,No,No,No,Yes,No,No,Two year,No,Bank transfer (automatic),57.16,1007.92,No
C-2ba0170b,Male,0,No,No,35,Yes,No,Fiber optic,No,No internet service,No,No,Yes,No internet service,Month-to-month,Yes,Bank transfer (automatic),53.88,1890.71,Yes
C-8d6d23dc,Male,1,No,No,64,Yes,No,DSL,No,No,No internet service,No,No,No internet service,Month-to-month,Yes,Credit card (automatic),36.11,2327.33,No
C-00365065,Male,0,Yes,Yes,25,Yes,Yes,No,No internet service,No internet service,No internet service,No internet service,No internet service,No internet service,Month-to-month,Yes,Electronic check,27.15,646.34,Yes
C-14a498a0,Female,0,No,Yes,29,Yes,Yes,No,No internet service,No internet service,No internet service,No internet service,No internet service,No internet service,One year,Yes,Credit card (automatic),29.75,867.87,No
C-f892167f,Male,0,No,No,29,Yes,No,Fiber optic,No,No internet service,No,No,No,Yes,Month-to-month,Yes,Bank transfer (automatic),56.86,1619.19,Yes
C-caedbf02,Female,1,Yes,No,3,No,No phone service,Fiber optic,No,Yes,No,Yes,Yes,No internet service,Month-to-month,Yes,Mailed check,65.89,226.0,Yes
C-5a3aade2,Male,0,Yes,Yes,49,Yes,Yes,Fiber optic,No,No,No internet service,No,No,No,Month-to-month,No,Electronic check,46.63,2282.67,Yes
C-7f3ba32e,Male,0,Yes,Yes,10,Yes,No phone service,Fiber optic,No,Yes,Yes,No,Yes,Yes,One year,Yes,Mailed check,74.25,713.64,No
C-79cb7d3c,Female,0,Yes,No,5,Yes,No,Fiber optic,No,No,No,No,Yes,No,Two year,Yes,Electronic check,55.79,272.13,Yes
C-4dc80655,Female,0,Yes,No,26,Yes,Yes,Fiber optic,Yes,Yes,No,Yes,Yes,No,Two year,Yes,Mailed check,71.34,1864.16,No
C-acae1637,Female,0,Yes,No,42,Yes,Yes,Fiber optic,No internet service,No,No,Yes,No,Yes,Two year,Yes,Electronic check,56.5,2379.0,No
C-370f3fc0,Female,0,Yes,Yes,11,Yes,Yes,No,No internet service,No internet service,No internet service,No internet service,No internet service,No internet service,Month-to-month,No,Electronic check,27.84,285.23,Yes
C-5d162135,Male,0,No,No,29,Yes,No,DSL,No,No internet service,Yes,No internet service,Yes,Yes,Month-to-month,No,Electronic check,53.52,1542.69,Yes
C-b273ff0b,Female,0,Yes,No,30,Yes,Yes,Fiber optic,No,Yes,No internet service,No,No,No,Month-to-month,No,Bank transfer (automatic),51.68,1578.58,Yes
C-e196d79d,Male,1,Yes,No,25,Yes,Yes,Fiber optic,No,No,Yes,No,No,No internet service,Two year,Yes,Electronic check,53.97,1332.33,No
C-0626a6a3,Female,0,No,No,47,Yes,Yes,Fiber optic,No,Yes,Yes,Yes,No,Yes,Two year,No,Electronic check,69.62,3284.55,No
C-19fa406b,Male,0,No,Yes,26,Yes,No,Fiber optic,Yes,No,No,Yes,No,No,One year,Yes,Bank transfer (automatic),53.11,1344.63,No
C-23707c2b,Male,0,Yes,No,52,Yes,Yes,No,No internet service,No internet service,No internet service,No internet service,No internet service,No internet service,One year,No,Electronic check,25.8,1345.77,No
C-10501e10,Male,0,No,Yes,46,Yes,Yes,Fiber optic,No,No,No,Yes,No,No,One year,No,Bank transfer (automatic),56.91,2640.53,No
C-4dab1be1,Male,1,Yes,Yes,35,Yes,No phone service,Fiber optic,No,No,No,Yes,No,No,One year,Yes,Electronic check,57.97,2032.22,No
C-385eb21f,Male,1,Yes,Yes,71,Yes,Yes,Fiber optic,Yes,No internet service,No,No,No,No,One year,Yes,Electronic check,57.7,4088.75,No
C-4d87a13d,Male,0,No,Yes,41,Yes,No,Fiber optic,No,No,No,No,No,Yes,Month-to-month,Yes,Bank transfer (automatic),54.62,2269.64,Yes
C-36c912c4,Female,0,No,Yes,54,Yes,No,DSL,Yes,No,No,No,Yes,No,Month-to-month,Yes,Mailed check,40.59,2153.91,No
C-d533b39d,Female,0,No,No,16,Yes,No,Fiber optic,No,No internet service,No,Yes,Yes,No,One year,No,Electronic check,58.95,920.02,No
C-ed0a97e5,Male,0,No,No,13,Yes,No,No,No internet service,No internet service,No internet service,No internet service,No internet service,No internet service,Month-to-month,Yes,Bank transfer (automatic),30.07,393.52,No
C-ff1ce85b,Male,0,No,No,19,Yes,No,Fiber optic,No,No internet service,No,Yes,No internet service,Yes,Two year,No,Electronic check,56.65,1073.93,No
C-251b145a,Male,0,Yes,No,15,Yes,No,Fiber optic,No internet service,Yes,No,No internet service,No,No,Month-to-month,Yes,Bank transfer (automatic),56.74,878.96,No
C-1e425b66,Female,0,Yes,No,62,Yes,No,Fiber optic,Yes,No,No,No,Yes,No,Two year,Yes,Credit card (automatic),62.03,3853.44,No
C-c3545c53,Male,1,Yes,No,15,Yes,No,DSL,No,No,No,No,No,Yes,Month-to-month,Yes,Electronic check,40.79,596.47,No
C-7fe2d969,Female,0,No,No,17,Yes,No,DSL,No,No,No internet service,No,No,No,Month-to-month,No,Credit card (automatic),31.94,530.96,No
C-ec83b106,Female,0,Yes,Yes,45,Yes,No,Fiber optic,No,Yes,No internet service,No,No,Yes,Month-to-month,Yes,Mailed check,61.92,2788.31,Yes
C-06081835,Female,0,No,Yes,24,No,No phone service,Fiber optic,No,Yes,No,No,No internet service,Yes,Month-to-month,No,Electronic check,63.17,1520.4,Yes
C-340b6c08,Male,0,No,No,4,Yes,No,Fiber optic,No,No,No,No,Yes,No internet service,Month-to-month,Yes,Mailed check,58.41,217.57,Yes
C-6c5b3554,Male,0,No,Yes,25,Yes,Yes,Fiber optic,Yes,No,No,No,No,No,Two year,Yes,Bank transfer (automatic),57.93,1440.57,No
C-ddb0195e,Male,0,No,No,24,Yes,No,No,No internet service,No internet service,No internet service,No internet service,No internet service,No internet service,Month-to-month,Yes,Bank transfer (automatic),30.21,747.58,No
C-058b163a,Female,0,No,No,21,Yes,No phone service,Fiber optic,No,No,No,Yes,Yes,Yes,Month-to-month,Yes,Credit card (automatic),64.8,1337.19,Yes
C-635b8cf7,Female,0,No,Yes,66,Yes,Yes,DSL,No,Yes,Yes,No,No,No,Two year,No,Bank transfer (automatic),41.44,2755.58,No
C-de3e06db,Male,0,No,No,49,Yes,No,Fiber optic,No,No,No,Yes,Yes,No,Two year,Yes,Credit card (automatic),58.14,2843.72,No
C-5c5ef3bb,Female,0,Yes,No,64,Yes,No phone service,DSL,No,Yes,Yes,No,Yes,Yes,One year,No,Bank transfer (automatic),50.79,3235.01,No
C-8e7109e0,Female,0,No,Yes,29,Yes,Yes,No,No internet service,No internet service,No internet service,No internet service,No internet service,No internet service,One year,Yes,Bank transfer (automatic),26.36,765.61,No
C-4ae7939f,Male,0,Yes,No,71,Yes,No,Fiber optic,No,No,No,No,No,Yes,Month-to-month,Yes,Electronic check,51.76,3690.4,No
C-c97487dd,Male,0,Yes,No,12,Yes,Yes,Fiber optic,No,No,No,Yes,No,No,Two year,Yes,Electronic check,62.01,771.69,No
C-33335160,Female,0,Yes,Yes,14,No,No phone service,Fiber optic,Yes,No,Yes,No,No,No,Month-to-month,Yes,Bank transfer (automatic),62.22,874.17,No
C-073ee4bc,Female,0,No,No,37,Yes,Yes,Fiber optic,No internet service,Yes,No,No,No,No,Month-to-month,No,Electronic check,57.35,2111.01,No
C-240e4c0c,Male,0,Yes,No,52,Yes,No,Fiber optic,No,No,No,No,Yes,Yes,Month-to-month,Yes,Credit card (automatic),61.32,3224.08,No
C-5ba85039,Male,0,Yes,No,67,Yes,No,Fiber optic,No,No,No,No,No internet service,No,Month-to-month,Yes,Electronic check,52.57,3504.3,No
C-0500b54c,Male,0,No,No,72,Yes,Yes,Fiber optic,No,No,No,No,Yes,Yes,Two year,Yes,Credit card (automatic),60.96,4385.81,No
C-b0e4bba3,Male,0,No,No,59,Yes,Yes,Fiber optic,No,Yes,No,No,Yes,No,Two year,Yes,Bank transfer (automatic),57.2,3363.77,No
C-ea715bb3,Male,0,No,No,49,Yes,Yes,Fiber optic,No,No,No,No,No internet service,No,Month-to-month,No,Bank transfer (automatic),44.31,2183.66,No
C-b3d1d5aa,Male,0,No,No,72,Yes,No phone service,Fiber optic,No,Yes,No,No,No,No,Month-to-month,Yes,Bank transfer (automatic),52.83,3783.22,Yes
C-f7a96546,Female,0,Yes,Yes,70,Yes,Yes,DSL,Yes,No,No,Yes,Yes,No,Month-to-month,No,Electronic check,43.31,3025.63,Yes
C-92435516,Female,1,Yes,Yes,35,Yes,No phone service,Fiber optic,No internet service,Yes,Yes,No,Yes,No,Month-to-month,No,Electronic check,65.81,2279.29,Yes
C-656839f2,Male,0,No,No,5,Yes,No,Fiber optic,No,No,No,No internet service,No,No,Month-to-month,No,Bank transfer (automatic),51.29,244.33,Yes
C-46c1b3ed,Female,0,No,No,15,Yes,Yes,Fiber optic,Yes,No,No,No,Yes,Yes,Month-to-month,Yes,Bank transfer (automatic),68.01,1035.17,No
C-06a3b1a4,Female,0,No,No,31,Yes,No,Fiber optic,No internet service,No,Yes,No,Yes,No,Two year,No,Credit card (automatic),56.58,1767.01,No
C-3bb41da2,Male,1,No,No,43,Yes,Yes,No,No internet service,No internet service,No internet service,No internet service,No internet service,No internet service,One year,No,Electronic check,28.42,1259.68,No
C-1ee69807,Male,0,No,No,20,Yes,No phone service,Fiber optic,No,No internet service,No,No,No,No,Two year,Yes,Mailed check,45.92,921.03,No
C-392cf752,Female,0,Yes,No,6,Yes,Yes,Fiber optic,Yes,No,No,No,No,Yes,Month-to-month,No,Credit card (automatic),62.28,349.86,Yes
C-792e6d98,Male,0,Yes,Yes,14,Yes,No,Fiber optic,No,No,Yes,Yes,No,No,Month-to-month,Yes,Mailed check,58.45,844.55,Yes
C-57e1fe03,Male,0,No,No,59,Yes,Yes,Fiber optic,Yes,No,No,Yes,No,Yes,Month-to-month,No,Electronic check,65.49,3861.71,No
C-0ade3f74,Female,0,No,Yes,39,Yes,No,Fiber optic,No,Yes,Yes,No,No internet service,No,Month-to-month,Yes,Mailed check,55.08,2116.92,No
C-36c1e73c,Male,0,No,No,64,Yes,Yes,Fiber optic,Yes,Yes,No,No,Yes,No,Month-to-month,No,Electronic check,64.05,4103.81,Yes
C-302a8dbd,Female,0,Yes,No,49,Yes,Yes,Fiber optic,No,Yes,Yes,No,No,No,Month-to-month,Yes,Credit card (automatic),55.22,2688.56,No
C-6781c489,Female,0,Yes,No,8,No,No phone service,Fiber optic,No,No,Yes,No,No internet service,No,One year,Yes,Credit card (automatic),55.45,460.99,No
C-8006913e,Female,0,Yes,No,21,Yes,No,Fiber optic,No,No,No,No,No internet service,Yes,Month-to-month,Yes,Mailed check,53.99,1106.35,No
C-6f907b27,Female,0,No,No,14,Yes,Yes,No,No internet service,No internet service,No internet service,No internet service,No internet service,No internet service,One year,Yes,Electronic check,24.48,359.7,No
C-c77e12a4,Male,0,Yes,No,33,Yes,No,Fiber optic,Yes,No,Yes,Yes,Yes,Yes,Two year,Yes,Bank transfer (automatic),84.9,2783.05,No
C-85cc470f,Male,0,No,No,9,Yes,Yes,Fiber optic,No,Yes,Yes,No,Yes,No,Two year,Yes,Bank transfer (automatic),60.94,548.85,No
C-7b38860d,Female,1,Yes,No,36,Yes,Yes,DSL,Yes,Yes,Yes,Yes,No,No,Month-to-month,No,Electronic check,59.78,2184.61,Yes
C-c0b1d0a2,Male,0,Yes,Yes,64,Yes,No,Fiber optic,No,No,No internet service,Yes,Yes,No,Month-to-month,Yes,Bank transfer (automatic),60.75,3862.81,Yes
C-ae1e9ba6,Female,0,Yes,No,16,Yes,Yes,Fiber optic,No,No internet service,No,Yes,No internet service,Yes,One year,No,Credit card (automatic),61.14,954.17,Yes
C-5028f4df,Female,0,No,No,47,Yes,Yes,DSL,No,No,No,No,No,Yes,Month-to-month,No,Electronic check,39.67,1874.78,No
C-e260e704,Male,1,Yes,No,19,Yes,Yes,Fiber optic,No,Yes,No,No,No,No,Month-to-month,Yes,Mailed check,53.44,1012.33,No
C-557c13f8,Female,0,Yes,Yes,13,Yes,Yes,Fiber optic,No,Yes,No,Yes,No,Yes,Month-to-month,Yes,Bank transfer (automatic),61.24,761.4,Yes
C-f8654844,Female,1,No,No,4,Yes,No,DSL,No,Yes,No,No internet service,No,No,Two year,Yes,Credit card (automatic),40.13,161.7,Yes
C-552c58a9,Male,0,Yes,No,68,Yes,Yes,Fiber optic,No,No internet service,Yes,Yes,No,Yes,Month-to-month,Yes,Mailed check,63.11,4302.08,No
C-b2f90e10,Female,0,No,No,1,Yes,No,Fiber optic,No,No,Yes,No internet service,Yes,No,Month-to-month,Yes,Electronic check,63.78,61.1,Yes
C-26786e87,Female,0,Yes,No,5,Yes,No,Fiber optic,No,No,Yes,No,No,No,Month-to-month,No,Credit card (automatic),50.45,285.15,Yes
C-c6839f30,Male,0,No,No,4,Yes,No,Fiber optic,No,No,No,No,Yes,No,Month-to-month,Yes,Electronic check,51.22,201.66,Yes
C-ef1002a6,Male,0,No,Yes,66,Yes,No,Fiber optic,No internet service,Yes,No,No,No,No internet service,Month-to-month,Yes,Credit card (automatic),48.82,3215.78,No
C-2dea83a6,Male,0,No,Yes,42,Yes,No,Fiber optic,No,No,No,No internet service,No,No,Month-to-month,Yes,Electronic check,52.27,2197.05,No
C-849c610e,Female,0,No,No,40,No,No phone service,Fiber optic,Yes,No,Yes,No,No,No internet service,Month-to-month,Yes,Credit card (automatic),61.94,2500.76,Yes
C-9ac420af,Female,0,Yes,No,16,Yes,Yes,Fiber optic,Yes,No,Yes,No,Yes,Yes,Two year,Yes,Electronic check,65.4,1021.03,No
C-8550fab2,Female,0,Yes,No,26,Yes,No,Fiber optic,No,Yes,No,No,No,No,Month-to-month,Yes,Bank transfer (automatic),52.75,1401.02,No
C-695248ab,Female,0,Yes,No,66,No,No phone service,Fiber optic,No,No,Yes,No,Yes,Yes,Month-to-month,Yes,Electronic check,69.64,4583.05,Yes
C-c34b7ab7,Male,0,Yes,No,50,Yes,Yes,Fiber optic,No internet service,No internet service,No,Yes,No,Yes,Month-to-month,Yes,Bank transfer (automatic),57.99,2906.81,Yes
C-ccbbfb56,Female,1,Yes,No,36,Yes,Yes,Fiber optic,No,No,Yes,No,Yes,No,Two year,Yes,Mailed check,55.57,2004.98,No
C-a94411a2,Female,1,No,No,2,No,No phone service,Fiber optic,No,No,Yes,No,Yes,Yes,One year,No,Bank transfer (automatic),68.53,190.85,Yes
C-f30e5e23,Male,0,No,No,64,Yes,Yes,Fiber optic,Yes,Yes,Yes,Yes,Yes,Yes,Two year,No,Bank transfer (automatic),79.38,5075.87,No
C-a6fbd1c1,Male,1,No,No,24,Yes,Yes,Fiber optic,Yes,No,No,No,No internet service,No internet service,Two year,Yes,Bank transfer (automatic),54.39,1300.59,No
C-142f1a8d,Female,0,No,No,11,Yes,Yes,Fiber optic,No,Yes,Yes,No,Yes,Yes,One year,Yes,Mailed check,66.99,760.24,Yes
C-1daf5ca5,Male,1,No,Yes,44,Yes,Yes,Fiber optic,No,Yes,Yes,No,No,No,Two year,Yes,Bank transfer (automatic),64.25,2834.48,Yes
C-982d8d8a,Female,0,Yes,Yes,24,Yes,Yes,DSL,No,No,Yes,Yes,Yes,Yes,Month-to-month,No,Mailed check,56.1,1355.01,No
C-50b1cbfd,Male,1,Yes,No,1,Yes,No phone service,Fiber optic,No,No,No,No,Yes,No,One year,Yes,Credit card (automatic),52.09,102.66,Yes
C-df4b2a58,Male,0,Yes,No,11,Yes,No,Fiber optic,Yes,Yes,No,No,Yes,Yes,Two year,No,Credit card (automatic),70.6,785.46,No
C-bf74f147,Female,0,No,No,31,Yes,No,Fiber optic,No,Yes,No internet service,Yes,Yes,No,Month-to-month,Yes,Electronic check,64.2,1985.85,Yes
C-8b61e4d8,Female,0,No,No,7,Yes,Yes,Fiber optic,No,No,No,No,No internet service,Yes,Month-to-month,No,Electronic check,55.77,395.36,Yes
C-0b1e1e4d,Female,0,No,No,26,Yes,Yes,Fiber optic,No,No,No,No internet service,Yes,No internet service,Month-to-month,Yes,Electronic check,56.88,1488.43,Yes
C-e50db066,Female,0,No,No,41,Yes,No phone service,DSL,Yes,No,No,No internet service,No internet service,Yes,Two year,No,Credit card (automatic),43.91,1852.51,No
C-37df2f60,Female,0,Yes,No,11,Yes,Yes,Fiber optic,Yes,No,No,No,No,No,Two year,No,Electronic check,52.98,565.83,Yes
C-68733126,Male,0,No,No,55,Yes,No,Fiber optic,No,No internet service,Yes,Yes,No,Yes,Month-to-month,Yes,Bank transfer (automatic),63.32,3483.38,No
C-0246a167,Female,0,No,Yes,47,Yes,Yes,Fiber optic,No internet service,No,Yes,No,No,Yes,Month-to-month,No,Bank transfer (automatic),56.51,2646.79,No
C-fde2ff6f,Male,0,Yes,Yes,55,Yes,No,DSL,No,No,Yes,No,No,No,Month-to-month,Yes,Electronic check,40.22,2177.25,Yes
C-053d045a,Female,0,Yes,Yes,68,Yes,Yes,DSL,No internet service,Yes,Yes,No,Yes,No,Month-to-month,No,Electronic check,46.87,3179.72,Yes
C-4a6b3333,Male,0,No,No,37,No,No phone service,Fiber optic,No,No,No,Yes,Yes,No,Month-to-month,Yes,Mailed check,61.06,2284.17,No
C-85a44f6d,Female,0,No,No,65,Yes,Yes,Fiber optic,Yes,No,Yes,No,Yes,Yes,Month-to-month,No,Electronic check,72.89,4735.38,Yes
C-faf4fc59,Male,0,No,No,48,Yes,Yes,Fiber optic,No,No,No,No,No,No,Month-to-month,Yes,Electronic check,49.35,2357.38,Yes
C-7008f4e3,Male,0,Yes,No,19,Yes,No phone service,Fiber optic,No,No,Yes,No,No,No,Two year,No,Bank transfer (automatic),49.2,956.9,No
C-7d4aac99,Male,0,No,No,8,Yes,No,Fiber optic,No,Yes,No internet service,No internet service,No,Yes,Two year,Yes,Mailed check,58.34,470.74,Yes
C-cc62d143,Male,0,No,No,9,Yes,Yes,DSL,No internet service,Yes,No,No,No internet service,Yes,One year,No,Electronic check,47.64,441.1,No
C-e8079400,Male,0,No,Yes,65,Yes,Yes,Fiber optic,Yes,Yes,No,No,No,No,Month-to-month,Yes,Electronic check,61.34,3994.2,Yes
C-d62b8902,Female,0,Yes,No,68,Yes,No phone service,Fiber optic,No internet service,Yes,Yes,No,No,Yes,Two year,Yes,Mailed check,63.54,4319.56,No
C-5c3d54c1,Female,0,No,No,49,Yes,Yes,Fiber optic,No,No,Yes,No,Yes,Yes,Two year,No,Electronic check,66.33,3236.24,No
C-f8c92023,Male,0,No,No,55,Yes,Yes,Fiber optic,No internet service,No,Yes,Yes,No,No,Month-to-month,Yes,Credit card (automatic),53.57,2935.32,No
C-7c8c328b,Female,0,Yes,No,25,No,No phone service,Fiber optic,No,No,Yes,Yes,No,Yes,Month-to-month,Yes,Bank transfer (automatic),61.19,1508.95,Yes
C-d1e88545,Male,0,No,No,35,Yes,Yes,Fiber optic,No,No,Yes,No,No,Yes,Month-to-month,Yes,Mailed check,59.38,2120.36,Yes
C-a9aa4e98,Female,0,No,Yes,22,Yes,Yes,DSL,No,Yes,No,No,No,Yes,Month-to-month,No,Credit card (automatic),43.83,972.98,Yes
C-e42d2f1b,Female,0,No,Yes,41,Yes,Yes,Fiber optic,No,Yes,Yes,No,No,Yes,Month-to-month,No,Bank transfer (automatic),63.69,2630.93,Yes
C-72707050,Male,0,No,No,53,Yes,No,Fiber optic,Yes,No,No,Yes,Yes,No internet service,Month-to-month,Yes,Electronic check,66.31,3539.54,No
C-11c8ed3d,Male,0,Yes,No,59,Yes,No phone service,Fiber optic,No,No,No,No,No internet service,Yes,Two year,Yes,Electronic check,48.68,2858.39,No
C-ba6196c9,Male,0,Yes,No,42,Yes,Yes,DSL,No,No,Yes,Yes,No,Yes,Month-to-month,No,Credit card (automatic),47.77,1989.24,Yes
C-62ef988e,Female,0,Yes,No,46,Yes,Yes,DSL,Yes,No,Yes,No,No internet service,No,Two year,Yes,Bank transfer (automatic),44.92,2029.66,No
C-75e0e627,Female,0,No,No,47,Yes,Yes,Fiber optic,No,Yes,No,Yes,Yes,No,One year,Yes,Electronic check,62.01,2893.0,No
C-f8804ef0,Female,0,Yes,No,24,Yes,No phone service,Fiber optic,No,No internet service,Yes,No,No internet service,No,Month-to-month,Yes,Mailed check,49.06,1163.91,Yes
C-1a3325ea,Female,0,No,Yes,56,Yes,No phone service,No,No internet service,No internet service,No internet service,No internet service,No internet service,No internet service,Month-to-month,No,Electronic check,27.5,1552.07,Yes
C-ab45ee7a,Male,0,Yes,No,6,Yes,No,DSL,No,No internet service,No,Yes,Yes,No internet service,Two year,Yes,Bank transfer (automatic),43.39,258.3,No
C-1a105cd2,Male,0,Yes,No,26,Yes,Yes,DSL,No,No,No,No,No internet service,No,One year,Yes,Electronic check,29.43,773.92,No
C-13cb3153,Male,0,Yes,No,39,Yes,Yes,Fiber optic,No,No,No,No,No,No,One year,Yes,Mailed check,46.7,1808.16,No
C-d0867c54,Female,1,No,No,55,Yes,Yes,DSL,No,Yes,No,No,Yes,No,Two year,No,Electronic check,46.06,2554.97,No
C-f5f48294,Male,0,Yes,No,27,Yes,No,Fiber optic,No,No,Yes,Yes,Yes,Yes,Month-to-month,No,Electronic check,67.43,1846.72,No
C-91290ff1,Female,0,Yes,No,62,Yes,Yes,Fiber optic,No,No,Yes,Yes,Yes,Yes,Month-to-month,No,Electronic check,67.14,4154.35,No
C-00025ca7,Male,1,Yes,Yes,51,Yes,No,Fiber optic,No,No,Yes,Yes,No internet service,No,Month-to-month,Yes,Electronic check,54.59,2797.62,Yes
C-c37eb58e,Male,0,Yes,No,32,Yes,No phone service,Fiber optic,No,No,No internet service,No,Yes,No,Two year,Yes,Credit card (automatic),57.73,1810.07,No
C-ffd12b59,Male,0,No,No,5,Yes,Yes,No,No internet service,No internet service,No internet service,No internet service,No internet service,No internet service,Month-to-month,No,Mailed check,26.02,140.23,Yes
C-40ec364f,Male,1,No,No,8,Yes,No phone service,Fiber optic,No,Yes,No internet service,No internet service,Yes,Yes,Two year,Yes,Electronic check,64.85,529.03,No
C-053ce7ac,Male,0,No,No,65,Yes,No,DSL,No,No,No,No,Yes,Yes,Month-to-month,No,Mailed check,46.81,3042.56,No
C-579580db,Male,0,No,No,44,Yes,No phone service,Fiber optic,No,Yes,Yes,No,No,Yes,Month-to-month,Yes,Credit card (automatic),61.22,2693.53,Yes
C-881314ba,Female,0,Yes,Yes,65,Yes,No,No,No internet service,No internet service,No internet service,No internet service,No internet service,No internet service,Month-to-month,No,Bank transfer (automatic),30.86,2016.45,No
C-72f35191,Male,0,Yes,No,38,Yes,No,Fiber optic,No,No,No,Yes,Yes,Yes,Month-to-month,No,Electronic check,65.86,2457.88,Yes
C-c20ae7a3,Female,0,Yes,No,71,Yes,No,Fiber optic,No,No,Yes,Yes,No,No internet service,Month-to-month,No,Mailed check,61.63,4372.2,Yes
C-21fe31a4,Male,0,Yes,No,29,Yes,No,Fiber optic,No,No,No internet service,Yes,Yes,Yes,Month-to-month,No,Electronic check,73.44,2123.64,Yes
C-350e9c8d,Female,0,Yes,No,36,No,No phone service,Fiber optic,No,No,No,No,No,Yes,Month-to-month,Yes,Bank transfer (automatic),52.8,1903.67,Yes
C-1e10e247,Male,0,No,No,17,Yes,No,Fiber optic,No,No,No,No,Yes,No,One year,Yes,Mailed check,52.16,901.31,No
C-8a9223d6,Female,0,Yes,No,50,Yes,No,Fiber optic,No,No,No,No,No,No,Month-to-month,Yes,Credit card (automatic),46.9,2349.23,Yes
C-932ffa94,Male,0,Yes,No,60,Yes,Yes,Fiber optic,No internet service,Yes,No,No,Yes,No,Two year,Yes,Bank transfer (automatic),57.6,3450.12,No
C-1454715b,Female,0,Yes,No,3,Yes,No,Fiber optic,Yes,No,No,No,Yes,No internet service,Month-to-month,Yes,Credit card (automatic),61.53,169.23,Yes
C-8b3b5f00,Female,0,Yes,No,62,Yes,No phone service,No,No internet service,No internet service,No internet service,No internet service,No internet service,No internet service,One year,Yes,Credit card (automatic),28.3,1782.48,No
C-5def1164,Male,0,Yes,No,39,Yes,Yes,DSL,No,No,No,No,No,No,Month-to-month,Yes,Credit card (automatic),33.92,1371.99,Yes
C-a06c4abf,Female,0,No,Yes,12,No,No phone service,Fiber optic,No,No,Yes,No,No,Yes,Month-to-month,No,Credit card (automatic),57.11,677.61,Yes
C-f9ae236e,Female,0,No,No,38,No,No phone service,Fiber optic,No internet service,No internet service,No,No,Yes,Yes,Month-to-month,Yes,Mailed check,59.91,2271.21,Yes
C-66491922,Female,0,Yes,Yes,40,Yes,Yes,Fiber optic,No,No,Yes,No internet service,No,Yes,Month-to-month,No,Mailed check,56.36,2231.54,Yes
C-8b31addb,Female,0,No,No,20,Yes,Yes,Fiber optic,Yes,Yes,No,No,No,Yes,Month-to-month,Yes,Credit card (automatic),64.05,1235.96,Yes
C-de2e615a,Female,0,No,No,61,Yes,No,Fiber optic,No,No,Yes,No,No internet service,Yes,Two year,Yes,Bank transfer (automatic),58.9,3587.92,No
C-1fe01d09,Male,0,Yes,No,71,Yes,Yes,DSL,No,No,Yes,Yes,Yes,No,Month-to-month,Yes,Mailed check,49.87,3559.64,No
C-40081cf5,Male,0,No,No,32,Yes,No phone service,Fiber optic,Yes,No internet service,No,No,No,No,One year,Yes,Credit card (automatic),51.7,1595.18,No
C-410ec175,Female,0,Yes,Yes,65,Yes,No,DSL,No,Yes,No,Yes,No internet service,No,Month-to-month,No,Bank transfer (automatic),40.88,2638.89,No
C-82c9dc7e,Male,1,Yes,No,15,Yes,No,Fiber optic,No,Yes,Yes,No,Yes,No,Two year,No,Mailed check,59.87,890.95,No
C-03189d59,Male,0,Yes,No,44,Yes,Yes,Fiber optic,No internet service,Yes,No,Yes,Yes,No,Month-to-month,No,Credit card (automatic),64.21,2814.75,Yes
C-9a00b9c9,Male,0,Yes,Yes,4,Yes,Yes,DSL,Yes,Yes,No,No,Yes,No internet service,Month-to-month,No,Electronic check,53.53,200.61,Yes
C-15c3528b,Male,0,No,No,25,Yes,Yes,Fiber optic,No,Yes,Yes,No,No,No,Two year,No,Electronic check,59.9,1523.86,Yes
C-47b476f8,Male,0,No,Yes,42,Yes,No,Fiber optic,No,No internet service,Yes,No,Yes,No,Month-to-month,Yes,Electronic check,59.91,2493.85,Yes
C-ca860e25,Male,0,Yes,No,66,Yes,No,Fiber optic,No,No,No,No,Yes,No,Month-to-month,No,Credit card (automatic),51.36,3374.59,No
C-b31beffd,Male,0,No,No,47,Yes,Yes,Fiber optic,No,No,Yes,No,No,No,Month-to-month,No,Mailed check,50.36,2376.54,Yes
C-ebf77051,Male,1,No,No,69,Yes,Yes,Fiber optic,No internet service,No internet service,No,No,No,No,One year,No,Electronic check,49.66,3422.01,Yes
C-188674b4,Male,0,No,No,50,Yes,No,Fiber optic,No,No,No internet service,No,Yes,Yes,Two year,Yes,Mailed check,58.75,2911.06,No
C-a550876f,Female,0,Yes,No,36,Yes,No phone service,DSL,No,No,Yes,Yes,Yes,No,Two year,Yes,Credit card (automatic),41.65,1474.34,No
C-37ac263c,Female,1,No,No,50,Yes,Yes,Fiber optic,Yes,Yes,Yes,No,Yes,No internet service,One year,Yes,Credit card (automatic),63.24,3151.35,No
C-ab14de7d,Male,0,No,Yes,44,Yes,No,Fiber optic,Yes,No,No,No,No,No,One year,Yes,Electronic check,52.5,2308.72,No
C-ecdc828c,Male,0,No,Yes,40,Yes,No,Fiber optic,No,No internet service,Yes,No,No,No internet service,Month-to-month,No,Credit card (automatic),48.45,1943.4,Yes
C-6bc7828b,Male,0,Yes,No,32,Yes,Yes,Fiber optic,No,No,No,No,Yes,No,Month-to-month,No,Mailed check,51.94,1644.37,No
C-f7bcfab8,Male,0,Yes,Yes,8,Yes,No phone service,DSL,No,No,Yes,No,No,Yes,One year,Yes,Mailed check,48.51,391.78,No
C-7123d1e3,Female,0,Yes,Yes,41,Yes,No,Fiber optic,No,Yes,No,No,No,No,Two year,Yes,Bank transfer (automatic),55.05,2249.76,No
C-3dc78443,Male,0,No,Yes,62,Yes,Yes,Fiber optic,No,Yes,No,No,Yes,No,Month-to-month,Yes,Mailed check,58.58,3623.98,Yes
C-88b5b559,Female,0,No,Yes,43,Yes,No,Fiber optic,No,No,No,No,No,Yes,Two year,Yes,Mailed check,54.5,2325.98,Yes
C-7c7aa5dc,Female,0,No,Yes,26,Yes,No,Fiber optic,Yes,No,No,No,Yes,No,One year,No,Electronic check,60.6,1593.9,No
C-94917d7c,Female,0,No,Yes,15,No,No phone service,Fiber optic,No internet service,No,No,No,No,Yes,Two year,Yes,Electronic check,52.71,817.13,No
C-20c69948,Male,0,Yes,No,9,Yes,Yes,No,No internet service,No internet service,No internet service,No internet service,No internet service,No internet service,One year,No,Credit card (automatic),23.92,222.4,No
C-05ac41e5,Male,0,Yes,Yes,44,Yes,No,Fiber optic,No,No,No,No,Yes,No,Month-to-month,Yes,Bank transfer (automatic),58.99,2562.62,Yes
C-8461b8b3,Female,1,No,No,37,Yes,No,Fiber optic,No,No,No,Yes,No,Yes,Month-to-month,No,Credit card (automatic),59.96,2253.81,Yes
C-a9f93db1,Male,1,Yes,Yes,23,Yes,Yes,DSL,Yes,No,No,No,No,Yes,Two year,No,Mailed check,43.49,1015.23,No
C-7be3e1df,Male,0,Yes,Yes,26,Yes,No phone service,Fiber optic,No,No,No,Yes,No,Yes,Month-to-month,Yes,Electronic check,56.44,1482.88,No
C-5eab578d,Male,0,Yes,Yes,35,No,No phone service,No,No internet service,No internet service,No internet service,No internet service,No internet service,No internet service,Month-to-month,No,Credit card (automatic),22.66,802.05,No
C-351a1108,Female,1,No,No,14,No,No phone service,Fiber optic,Yes,No,No,No,Yes,No,One year,No,Bank transfer (automatic),59.1,831.67,No
C-6f261a25,Male,0,No,Yes,39,Yes,Yes,Fiber optic,No internet service,No,No,Yes,No,No,Month-to-month,No,Electronic check,53.18,2105.07,No
C-6b049bfc,Male,1,Yes,No,19,Yes,Yes,Fiber optic,Yes,Yes,No,Yes,Yes,No,Month-to-month,No,Electronic check,74.06,1406.16,Yes
C-89fe9236,Male,0,No,No,21,Yes,Yes,DSL,No,No,No,Yes,No,No,Month-to-month,Yes,Bank transfer (automatic),39.64,848.94,Yes
C-944eb009,Female,0,Yes,No,33,Yes,No,Fiber optic,No internet service,No internet service,Yes,No internet service,No internet service,Yes,Month-to-month,Yes,Bank transfer (automatic),56.85,1905.08,Yes
C-17984daf,Male,1,No,No,29,Yes,Yes,Fiber optic,No,Yes,No,No,No,Yes,Two year,No,Bank transfer (automatic),62.05,1826.26,No
C-5a2029c1,Female,0,No,No,42,Yes,Yes,Fiber optic,Yes,Yes,No,Yes,Yes,Yes,Month-to-month,Yes,Credit card (automatic),73.87,3120.89,Yes
C-86b31b3d,Female,0,No,No,54,No,No phone service,Fiber optic,No,No,Yes,No,No,No,Month-to-month,No,Electronic check,48.05,2606.28,No
C-a94d93eb,Female,1,No,Yes,32,Yes,No,Fiber optic,No,Yes,No internet service,No,No,Yes,Month-to-month,Yes,Electronic check,58.83,1878.51,No
C-f33792d5,Male,0,Yes,No,34,Yes,No,Fiber optic,No,Yes,Yes,Yes,No,No,Two year,Yes,Electronic check,56.56,1907.66,No
C-01efa535,Male,0,Yes,Yes,14,Yes,No phone service,Fiber optic,Yes,No,No,No,No,Yes,Month-to-month,No,Electronic check,58.61,839.09,Yes
C-6ec14039,Female,1,Yes,No,34,Yes,No,DSL,Yes,Yes,No,No,No,No,Two year,Yes,Bank transfer (automatic),47.77,1623.84,No
C-a09f67b5,Female,0,No,Yes,68,Yes,No,DSL,Yes,Yes,No,Yes,Yes,Yes,One year,Yes,Mailed check,53.67,3625.65,No
C-460b0093,Male,0,Yes,No,43,Yes,No,Fiber optic,No,No,No internet service,Yes,Yes,No,Two year,Yes,Electronic check,64.15,2736.81,No
C-5d280815,Female,0,Yes,No,17,Yes,No phone service,DSL,Yes,No,No,No,Yes,Yes,Two year,Yes,Mailed check,50.29,888.62,No
C-d246e7c5,Male,0,No,Yes,72,Yes,Yes,Fiber optic,No internet service,Yes,No,Yes,No internet service,No,Month-to-month,Yes,Mailed check,54.34,3878.07,No
C-e95c89ed,Female,0,Yes,No,20,Yes,No,Fiber optic,No,Yes,No,No internet service,Yes,No,Month-to-month,No,Mailed check,56.27,1119.32,No
C-d58f3637,Female,0,Yes,No,20,No,No phone service,Fiber optic,No,No,No,No,Yes,No,One year,Yes,Mailed check,51.81,1050.71,No
C-af548450,Female,0,Yes,Yes,71,Yes,Yes,Fiber optic,No,Yes,Yes,Yes,No,No internet service,One year,No,Mailed check,67.05,4763.54,No
C-e342f9fc,Male,0,Yes,No,19,Yes,Yes,Fiber optic,Yes,No internet service,No,Yes,Yes,No,Month-to-month,Yes,Bank transfer (automatic),66.15,1243.2,Yes
C-c457942e,Female,0,No,Yes,41,Yes,Yes,Fiber optic,Yes,Yes,No internet service,No internet service,Yes,No,Month-to-month,No,Electronic check,63.21,2577.28,Yes
C-1a44e522,Male,1,No,No,36,Yes,Yes,No,No internet service,No internet service,No internet service,No internet service,No internet service,No internet service,Month-to-month,Yes,Electronic check,29.44,1053.98,Yes
C-663be616,Female,0,Yes,Yes,4,No,No phone service,Fiber optic,No,Yes,Yes,No,Yes,No,Month-to-month,Yes,Electronic check,58.18,242.28,Yes
C-9681c918,Female,0,Yes,No,1,Yes,No phone service,No,No internet service,No internet service,No internet service,No internet service,No internet service,No internet service,Month-to-month,Yes,Electronic check,30.12,94.58,Yes
C-2fc9572b,Male,1,No,No,8,Yes,Yes,Fiber optic,Yes,Yes,No internet service,No,Yes,No,Month-to-month,Yes,Bank transfer (automatic),64.61,500.79,Yes
C-82a4498a,Female,0,No,No,55,Yes,No,DSL,No,Yes,No,Yes,No internet service,No,Month-to-month,No,Credit card (automatic),44.4,2446.42,No
C-ed9ee34c,Male,0,No,No,1,Yes,No,Fiber optic,No,No,Yes,No,No,Yes,Month-to-month,Yes,Credit card (automatic),57.04,61.79,Yes
C-8920e8c7,Male,0,No,No,33,Yes,No,Fiber optic,No,Yes,No,No,No,No,Two year,Yes,Bank transfer (automatic),55.11,1838.3,No
C-3b59f0cb,Female,0,No,Yes,18,Yes,Yes,Fiber optic,No,Yes,Yes,No,No,Yes,Month-to-month,Yes,Electronic check,68.06,1194.67,Yes
C-d5d99932,Male,0,No,No,62,Yes,Yes,No,No internet service,No internet service,No internet service,No internet service,No internet service,No internet service,Two year,Yes,Electronic check,29.94,1848.86,No
C-cd41b240,Female,1,No,No,0,Yes,No phone service,Fiber optic,Yes,No internet service,No,No,Yes,Yes,Two year,Yes,Bank transfer (automatic),66.92,0.0,Yes
C-ab37756f,Male,0,Yes,No,26,No,No phone service,No,No internet service,No internet service,No internet service,No internet service,No internet service,No internet service,Month-to-month,Yes,Bank transfer (automatic),29.45,800.2,No
C-abe3f5a4,Male,0,No,No,28,Yes,Yes,Fiber optic,No internet service,No,No,No internet service,No,No,One year,Yes,Electronic check,47.81,1362.29,Yes
C-beef5c16,Female,0,Yes,No,32,No,No phone service,Fiber optic,No,Yes,No,No,No internet service,Yes,Month-to-month,No,Bank transfer (automatic),61.03,1962.09,Yes
C-71e0cf82,Female,1,Yes,No,22,Yes,No,Fiber optic,No,Yes,No,Yes,Yes,No,Month-to-month,Yes,Electronic check,60.07,1306.55,Yes
C-0bf2309b,Female,0,Yes,Yes,21,Yes,No,No,No internet service,No internet service,No internet service,No internet service,No internet service,No internet service,Two year,Yes,Bank transfer (automatic),27.66,581.39,No
C-e7acee21,Female,0,No,No,13,Yes,Yes,Fiber optic,No internet service,No,No,No,No,No internet service,Month-to-month,Yes,Credit card (automatic),50.6,653.27,Yes
C-15c43478,Male,0,Yes,No,1,Yes,No phone service,Fiber optic,No,No,No,No,No,Yes,Month-to-month,Yes,Credit card (automatic),54.84,81.63,Yes
C-d4ad49e2,Female,0,Yes,No,22,Yes,No,Fiber optic,No,No internet service,No,Yes,Yes,No,Two year,No,Credit card (automatic),60.8,1364.31,No
C-a5d5a48e,Male,1,No,No,50,Yes,Yes,No,No internet service,No internet service,No internet service,No internet service,No internet service,No internet service,One year,No,Mailed check,28.27,1408.97,No
C-886f5129,Female,0,No,Yes,44,Yes,Yes,No,No internet service,No internet service,No internet service,No internet service,No internet service,No internet service,Two year,No,Credit card (automatic),25.63,1145.5,No
C-e61a5a67,Male,0,Yes,Yes,21,Yes,No phone service,Fiber optic,Yes,Yes,Yes,No,No internet service,No internet service,Month-to-month,No,Electronic check,63.8,1314.33,Yes
C-ec21581b,Female,0,No,Yes,39,Yes,No,Fiber optic,No,No,No internet service,No,No,No,One year,No,Credit card (automatic),48.91,1890.75,No
C-6101e192,Female,0,Yes,No,2,Yes,No,Fiber optic,No,No internet service,No,No,Yes,Yes,Two year,No,Credit card (automatic),54.68,115.52,Yes
C-ae9689ea,Female,0,No,No,66,Yes,Yes,Fiber optic,No,No,No internet service,No internet service,No,Yes,One year,Yes,Electronic check,54.03,3518.34,Yes
C-67eab1fd,Male,1,No,Yes,27,Yes,No phone service,Fiber optic,No internet service,Yes,Yes,No,No,Yes,One year,Yes,Credit card (automatic),61.35,1666.94,No
C-fc98e861,Female,0,Yes,No,37,Yes,Yes,Fiber optic,Yes,No internet service,Yes,No internet service,No,No,Two year,Yes,Mailed check,57.98,2156.42,No
C-db2acdde,Female,1,Yes,Yes,24,Yes,No,Fiber optic,No,No,No,Yes,Yes,No,Month-to-month,No,Credit card (automatic),59.14,1391.61,Yes
C-686311ad,Female,0,No,No,22,Yes,No,No,No internet service,No internet service,No internet service,No internet service,No internet service,No internet service,One year,Yes,Credit card (automatic),26.33,589.82,No
C-b32b945f,Female,0,Yes,No,56,Yes,No,DSL,No,No,No,No,No,No,Month-to-month,Yes,Bank transfer (automatic),29.92,1660.47,Yes
C-ba0cb415,Female,0,Yes,Yes,72,Yes,Yes,Fiber optic,No,No,No,No,No internet service,Yes,Two year,No,Mailed check,58.17,4173.9,No
C-86b2af8b,Male,1,No,Yes,52,Yes,Yes,Fiber optic,No,Yes,No,Yes,Yes,No,One year,Yes,Mailed check,60.68,3097.22,No
C-fb0f8e9b,Male,1,No,No,8,Yes,Yes,No,No internet service,No internet service,No internet service,No internet service,No internet service,No internet service,Month-to-month,No,Bank transfer (automatic),23.8,185.62,No
C-949bdf7a,Female,0,No,Yes,64,Yes,Yes,Fiber optic,Yes,No,No,No,No,No,Two year,No,Mailed check,51.77,3320.26,No
C-9aea8de5,Female,0,No,No,2,Yes,No,Fiber optic,No,No,No,No,Yes,No,Month-to-month,No,Credit card (automatic),57.89,95.78,Yes
C-cca09fa7,Female,0,No,Yes,46,Yes,Yes,Fiber optic,No,No,No internet service,No,No,No,Month-to-month,Yes,Mailed check,49.16,2277.93,No
C-77b04637,Male,0,No,No,22,Yes,Yes,Fiber optic,Yes,No,Yes,Yes,Yes,No,One year,No,Mailed check,69.09,1508.5,No
C-21d1241f,Male,0,No,Yes,14,Yes,No,Fiber optic,No internet service,Yes,No,No,Yes,Yes,One year,No,Electronic check,65.7,920.11,Yes
C-e7638646,Female,0,Yes,No,15,No,No phone service,DSL,No,Yes,No internet service,Yes,No,No,Month-to-month,Yes,Mailed check,46.5,681.85,Yes
C-37af411e,Female,0,No,No,50,Yes,No phone service,DSL,No,Yes,Yes,No,No,No,One year,Yes,Bank transfer (automatic),41.97,2114.5,No
C-d8e636fc,Male,0,No,No,25,Yes,Yes,Fiber optic,No,No,Yes,No,No,Yes,Month-to-month,Yes,Credit card (automatic),58.32,1495.31,No
C-651ae82e,Female,0,No,No,26,Yes,Yes,Fiber optic,No,Yes,Yes,No,No,Yes,Month-to-month,No,Mailed check,61.58,1602.96,Yes
C-7844ac5d,Male,0,No,No,52,No,No phone service,Fiber optic,Yes,Yes,Yes,No,No,Yes,Month-to-month,Yes,Bank transfer (automatic),65.46,3421.58,No
C-e0329f51,Female,0,No,No,23,Yes,No,Fiber optic,Yes,Yes,Yes,No,Yes,Yes,Month-to-month,Yes,Credit card (automatic),75.43,1763.78,Yes
C-5b49e8a3,Male,0,No,No,17,Yes,Yes,DSL,No,No,Yes,No,Yes,Yes,Month-to-month,Yes,Mailed check,53.81,939.71,Yes
C-b2867784,Male,0,Yes,No,67,Yes,No phone service,Fiber optic,No,Yes,No,No,Yes,Yes,One year,No,Bank transfer (automatic),69.32,4666.23,No
C-bff6f768,Male,0,Yes,No,10,Yes,Yes,Fiber optic,No,Yes,Yes,Yes,Yes,No,Two year,Yes,Mailed check,70.05,714.39,Yes
C-8136a5a8,Female,0,No,No,27,Yes,Yes,Fiber optic,Yes,Yes,No,No internet service,No,No internet service,Two year,No,Mailed check,61.91,1688.37,No
C-7bb0568a,Female,1,No,No,2,Yes,No,DSL,No,No,No,No,Yes,No internet service,Month-to-month,Yes,Electronic check,38.55,88.11,Yes
C-79ac2c01,Male,0,Yes,No,40,Yes,Yes,Fiber optic,Yes,No,No,Yes,No,No,Month-to-month,Yes,Bank transfer (automatic),56.46,2283.15,Yes
C-eec38092,Female,1,No,No,26,Yes,No,Fiber optic,No internet service,No,Yes,No,No internet service,No,Month-to-month,Yes,Bank transfer (automatic),54.68,1403.46,Yes
C-b800edb8,Female,1,Yes,No,63,Yes,No,Fiber optic,No,No,No,Yes,No,Yes,One year,Yes,Mailed check,66.6,4213.29,No
C-c93bbab9,Male,0,No,No,59,Yes,No phone service,Fiber optic,No,No internet service,No,Yes,No,Yes,Two year,No,Electronic check,56.21,3318.67,No
C-e241df1c,Male,1,Yes,Yes,45,Yes,No,No,No internet service,No internet service,No internet service,No internet service,No internet service,No internet service,One year,No,Electronic check,25.52,1097.88,No
C-c75dba6f,Female,0,No,Yes,44,Yes,Yes,Fiber optic,No,No internet service,No,Yes,No,No,Two year,Yes,Electronic check,53.61,2331.78,No
C-f37310d6,Female,0,No,No,59,Yes,Yes,Fiber optic,Yes,No,No,Yes,Yes,Yes,Month-to-month,Yes,Credit card (automatic),70.51,4189.56,Yes
C-8b76c45b,Male,0,Yes,Yes,13,Yes,No,Fiber optic,No,Yes,No,No,Yes,Yes,One year,No,Electronic check,66.09,879.74,No
C-ab12e298,Female,0,No,No,17,Yes,No,Fiber optic,No,No,Yes,Yes,No,Yes,Month-to-month,Yes,Electronic check,59.44,986.4,Yes
C-33773226,Female,0,Yes,Yes,20,No,No phone service,Fiber optic,Yes,No,No,No,No,No,Month-to-month,Yes,Mailed check,52.31,1033.58,Yes
C-26040a02,Female,0,No,No,16,Yes,Yes,Fiber optic,Yes,Yes,No,No,No,No internet service,Two year,Yes,Mailed check,55.86,871.55,Yes
C-21ad3abe,Male,0,No,Yes,21,No,No phone service,Fiber optic,No,No,No,No internet service,No internet service,Yes,One year,Yes,Bank transfer (automatic),50.0,1053.96,No
C-c160aab5,Female,0,No,No,55,Yes,No,Fiber optic,Yes,No,No,No internet service,No,Yes,One year,No,Electronic check,61.68,3369.94,No
C-6c84c199,Female,0,No,No,11,Yes,No,No,No internet service,No internet service,No internet service,No internet service,No internet service,No internet service,One year,Yes,Electronic check,32.94,324.58,No
C-e8a0087d,Male,0,No,No,23,Yes,No,DSL,No,No,Yes,No,No internet service,No,Two year,Yes,Bank transfer (automatic),40.14,935.03,No
C-229ed8a3,Female,0,No,Yes,29,No,No phone service,Fiber optic,Yes,No,No,No,No,No,One year,Yes,Electronic check,56.45,1604.9,No
C-5baa7f46,Male,1,Yes,No,23,Yes,Yes,Fiber optic,No,No,No,No,Yes,No internet service,Month-to-month,No,Credit card (automatic),57.96,1312.84,No
C-bcf29dd0,Female,1,No,Yes,37,No,No phone service,Fiber optic,No,No,No,No,No,No,Two year,Yes,Bank transfer (automatic),47.75,1769.79,No
C-cd17cf4d,Male,0,Yes,Yes,16,Yes,Yes,DSL,Yes,No,No,No internet service,Yes,Yes,Month-to-month,No,Bank transfer (automatic),45.4,712.95,No
C-f01f56e7,Male,0,Yes,No,55,Yes,Yes,Fiber optic,No,No,Yes,No,No,No,Month-to-month,Yes,Bank transfer (automatic),57.96,3212.86,Yes
C-5ce9a4cf,Female,0,No,No,57,Yes,No,Fiber optic,No,No,Yes,No,No,No,Month-to-month,Yes,Mailed check,54.41,3110.51,Yes
C-a6c3cf17,Female,0,Yes,Yes,34,Yes,No,Fiber optic,No,No,No,Yes,Yes,No,Month-to-month,No,Mailed check,55.13,1867.07,No
C-8c445a09,Male,0,No,No,36,Yes,Yes,DSL,No internet service,No internet service,No,No,Yes,No,One year,No,Mailed check,40.9,1461.81,Yes
C-35772b33,Female,1,No,Yes,51,No,No phone service,Fiber optic,Yes,No,No,Yes,No internet service,Yes,Month-to-month,No,Credit card (automatic),67.62,3481.1,Yes
C-6d5eb637,Female,0,No,No,60,Yes,Yes,Fiber optic,Yes,No,No,Yes,No,No,Month-to-month,Yes,Bank transfer (automatic),55.96,3346.04,No
C-3963364d,Male,1,No,No,48,Yes,Yes,Fiber optic,No,Yes,No,No,No,No internet service,One year,Yes,Electronic check,53.83,2561.5,No
C-6310423a,Male,0,Yes,Yes,7,Yes,No,Fiber optic,No,No,Yes,No,No,No internet service,Two year,No,Electronic check,54.83,361.99,No
C-55dabbbc,Male,0,No,No,70,Yes,Yes,Fiber optic,No,No,No internet service,No,Yes,No,Two year,Yes,Mailed check,55.38,3866.04,No
C-92569722,Male,0,No,No,69,Yes,Yes,DSL,No,No,No,No,Yes,No internet service,Month-to-month,Yes,Electronic check,40.22,2752.48,No
C-59eb9b0a,Male,0,No,Yes,40,Yes,Yes,Fiber optic,No,No,No,Yes,No,Yes,One year,Yes,Electronic check,63.29,2557.4,No
C-c0a14662,Male,1,Yes,No,36,Yes,No,Fiber optic,Yes,No,Yes,No,No,No internet service,Month-to-month,Yes,Bank transfer (automatic),57.05,2043.2,Yes
C-b0fc9abd,Male,0,Yes,No,29,Yes,No,Fiber optic,No,Yes,No,No,Yes,No,One year,Yes,Bank transfer (automatic),61.31,1775.36,No
C-319509ea,Male,0,No,Yes,32,Yes,Yes,Fiber optic,No,Yes,Yes,No internet service,Yes,Yes,Two year,No,Electronic check,74.52,2366.83,Yes
C-fb403133,Female,1,No,No,22,Yes,No,Fiber optic,No,Yes,No,Yes,No,No,Month-to-month,Yes,Bank transfer (automatic),56.15,1227.24,Yes
C-b54fceb4,Female,1,No,No,43,Yes,No,Fiber optic,No,No,Yes,No,No,No,Two year,Yes,Bank transfer (automatic),52.17,2208.36,Yes
C-06ad25de,Male,0,Yes,No,66,Yes,Yes,Fiber optic,No,No,No,Yes,No,No,Month-to-month,Yes,Bank transfer (automatic),51.42,3441.13,No
C-abf32a64,Female,0,No,Yes,36,Yes,No,DSL,No,Yes,No,No,No,Yes,Two year,Yes,Electronic check,41.79,1480.08,No
C-469c63e0,Male,0,No,No,48,Yes,No,Fiber optic,Yes,Yes,Yes,Yes,Yes,No,Month-to-month,Yes,Electronic check,80.31,3861.24,Yes
C-3e254761,Male,0,No,No,68,Yes,Yes,Fiber optic,Yes,Yes,Yes,No,No,No,Month-to-month,No,Mailed check,64.8,4410.43,No
C-23b306eb,Male,1,No,No,6,Yes,Yes,DSL,No,No,No,No,Yes,No,Month-to-month,Yes,Mailed check,40.8,236.07,Yes
C-3c0e278b,Female,0,No,No,39,Yes,Yes,Fiber optic,Yes,Yes,No,Yes,No,Yes,Month-to-month,Yes,Credit card (automatic),70.85,2758.03,No
C-439a91aa,Male,0,Yes,No,36,Yes,No,Fiber optic,No,Yes,Yes,Yes,Yes,No,Month-to-month,No,Mailed check,73.29,2653.7,No
C-be2b36e2,Male,0,Yes,No,13,Yes,Yes,Fiber optic,No,No,Yes,Yes,No internet service,Yes,Month-to-month,No,Credit card (automatic),64.02,839.54,No
C-5909249a,Female,0,No,Yes,47,Yes,Yes,DSL,Yes,Yes,Yes,Yes,Yes,Yes,Two year,Yes,Mailed check,66.64,3132.88,No
C-d4004c15,Female,0,Yes,No,56,Yes,No phone service,DSL,No,Yes,No,Yes,No internet service,No,Two year,Yes,Bank transfer (automatic),41.59,2338.73,No
C-4cb3c1f6,Female,1,Yes,No,21,Yes,Yes,Fiber optic,No,No,No,Yes,Yes,No,Two year,No,Bank transfer (automatic),56.66,1191.12,No
C-c573dc02,Female,0,Yes,Yes,63,Yes,No phone service,Fiber optic,No,Yes,Yes,Yes,No,Yes,Month-to-month,No,Mailed check,73.56,4603.3,Yes
C-3cd3eadb,Male,0,Yes,Yes,56,Yes,Yes,Fiber optic,No,No internet service,Yes,No,Yes,No,Month-to-month,No,Electronic check,52.24,2934.96,Yes
C-3e6039d8,Male,0,No,No,52,Yes,Yes,Fiber optic,Yes,No,No,No,No internet service,No,One year,Yes,Credit card (automatic),53.35,2788.87,No
C-dda8dbff,Male,0,No,No,3,Yes,Yes,Fiber optic,No,No,No internet service,No,No,No,Two year,Yes,Bank transfer (automatic),50.83,148.87,Yes
C-1685bb45,Female,0,Yes,No,56,Yes,No,Fiber optic,No,No,No,Yes,Yes,Yes,Month-to-month,Yes,Electronic check,68.4,3823.27,Yes
C-1f9b85e2,Male,0,No,Yes,54,Yes,Yes,Fiber optic,Yes,No,No,No internet service,No,No,Month-to-month,No,Electronic check,50.11,2678.72,No
C-b754f8b1,Male,1,No,No,38,Yes,Yes,Fiber optic,No,Yes,No,No,No,Yes,Two year,Yes,Bank transfer (automatic),61.82,2368.67,Yes
C-041c97a2,Female,0,No,No,1,Yes,No,Fiber optic,No,No,No internet service,Yes,Yes,No internet service,Month-to-month,Yes,Bank transfer (automatic),59.97,52.76,Yes
C-9d93c798,Male,1,Yes,No,13,Yes,No phone service,DSL,No,No,Yes,No internet service,No,Yes,Two year,Yes,Credit card (automatic),43.43,556.49,No
C-954af19e,Female,0,Yes,Yes,13,Yes,No,Fiber optic,No,Yes,Yes,No internet service,No,Yes,Two year,Yes,Electronic check,65.39,876.35,No
C-413b514e,Male,0,No,Yes,33,Yes,Yes,Fiber optic,No,Yes,No,No,No,No,Month-to-month,No,Electronic check,52.59,1734.38,Yes
C-5c3c1f0c,Male,0,No,Yes,53,Yes,No,Fiber optic,No,Yes,Yes,No,No internet service,No,Month-to-month,No,Bank transfer (automatic),60.02,3197.69,No
C-72d55dc7,Female,0,No,Yes,53,Yes,Yes,Fiber optic,Yes,No,No,No,No internet service,No,Month-to-month,Yes,Credit card (automatic),51.53,2763.38,No
C-eb049a42,Male,1,No,No,38,Yes,Yes,Fiber optic,No,No,Yes,No,Yes,No,One year,No,Credit card (automatic),62.66,2366.03,No
C-080c233a,Female,0,Yes,No,4,Yes,Yes,Fiber optic,No,Yes,Yes,No,No,No,Month-to-month,Yes,Credit card (automatic),59.12,270.53,Yes
C-d629bfc9,Female,0,No,No,1,Yes,No,Fiber optic,No,No,Yes,Yes,No,No,Month-to-month,Yes,Credit card (automatic),56.5,67.89,Yes
C-409adfc6,Male,0,No,No,53,Yes,Yes,Fiber optic,No,Yes,Yes,No,No,No,One year,Yes,Credit card (automatic),62.35,3283.34,No
C-068f3a79,Female,0,No,Yes,7,Yes,Yes,Fiber optic,No,Yes,No,No internet service,Yes,Yes,Two year,No,Mailed check,67.32,454.11,No
C-b13dfba5,Male,1,Yes,No,46,Yes,No phone service,Fiber optic,No,Yes,Yes,Yes,No,Yes,Month-to-month,Yes,Electronic check,71.26,3252.93,No
C-8d67e84e,Female,0,No,Yes,48,Yes,Yes,Fiber optic,Yes,No,No internet service,No,No internet service,No,Month-to-month,No,Electronic check,53.63,2589.58,Yes
C-213a3ae0,Female,0,Yes,No,53,Yes,Yes,Fiber optic,No,No,Yes,No,Yes,No,Two year,Yes,Electronic check,54.93,2912.19,No
C-40a4454a,Male,0,No,Yes,9,Yes,No,Fiber optic,Yes,No,No,No internet service,No,No,Month-to-month,No,Electronic check,50.78,492.16,Yes
C-ec06f6bb,Female,0,Yes,No,26,Yes,Yes,Fiber optic,No,No,No,Yes,No internet service,No,Month-to-month,Yes,Bank transfer (automatic),48.44,1260.04,No
C-23cfb043,Male,0,No,Yes,26,Yes,Yes,DSL,No,Yes,No,Yes,Yes,Yes,Month-to-month,Yes,Electronic check,52.82,1367.87,No
C-ff885394,Female,1,No,No,72,Yes,Yes,Fiber optic,No,No,No internet service,Yes,Yes,Yes,Month-to-month,Yes,Electronic check,66.34,4767.03,Yes
C-883abcf1,Female,0,Yes,No,51,Yes,No phone service,DSL,Yes,No,No,No,No,No,Month-to-month,Yes,Electronic check,37.7,1914.81,No
C-95dfc49d,Male,0,Yes,No,62,Yes,Yes,No,No internet service,No internet service,No internet service,No internet service,No internet service,No internet service,One year,No,Mailed check,30.29,1861.0,No
C-aba21bfb,Male,0,Yes,Yes,58,Yes,Yes,Fiber optic,No,Yes,No,Yes,No,No,One year,No,Bank transfer (automatic),56.89,3286.66,No
C-271d3290,Female,0,No,No,45,Yes,Yes,Fiber optic,No internet service,No,No internet service,No,No,No,Month-to-month,No,Credit card (automatic),46.99,2091.42,Yes
C-8e1822d3,Female,0,Yes,Yes,44,Yes,Yes,Fiber optic,Yes,Yes,Yes,No,Yes,No,Month-to-month,No,Electronic check,74.72,3280.15,Yes
C-ebb7895d,Male,0,No,No,24,Yes,Yes,Fiber optic,No,Yes,Yes,No,No,No,Month-to-month,Yes,Mailed check,58.84,1392.55,Yes
C-2118e090,Male,0,No,No,17,Yes,No,DSL,No,No,No,Yes,Yes,No,One year,No,Mailed check,41.16,710.85,Yes
C-0ffc4ba8,Male,0,No,Yes,37,Yes,No,DSL,No,No,No,Yes,Yes,Yes,Two year,Yes,Electronic check,43.3,1642.97,No
C-c333c43a,Male,0,No,No,48,Yes,No,Fiber optic,No,Yes,No internet service,No internet service,No,No,Month-to-month,No,Mailed check,51.95,2517.89,Yes
C-39b0ece6,Male,0,No,Yes,11,Yes,Yes,DSL,No,No,No,No internet service,Yes,Yes,One year,Yes,Mailed check,44.61,472.46,No
C-7b6b16bb,Female,0,Yes,Yes,1,Yes,No,Fiber optic,No,Yes,No,Yes,Yes,No,Month-to-month,Yes,Credit card (automatic),63.95,78.42,Yes
C-13dac3ed,Female,1,Yes,No,2,Yes,Yes,Fiber optic,No,Yes,Yes,Yes,Yes,No,Month-to-month,No,Electronic check,64.53,123.11,Yes
C-ac3fcd29,Male,1,No,No,17,Yes,Yes,Fiber optic,No,Yes,No,No,Yes,Yes,Month-to-month,Yes,Mailed check,65.6,1112.76,No
C-69b1460d,Male,1,Yes,No,5,Yes,Yes,Fiber optic,No,No,Yes,No,No,Yes,Two year,No,Credit card (automatic),56.42,267.97,Yes
C-33664602,Female,0,Yes,Yes,58,Yes,No,DSL,No,No,No,Yes,No,No,Month-to-month,No,Electronic check,41.27,2363.92,Yes
C-3311bfd1,Male,0,No,No,36,No,No phone service,Fiber optic,Yes,No,Yes,Yes,No,No,Two year,Yes,Electronic check,61.76,2240.86,No
C-524886cc,Female,0,No,No,44,Yes,Yes,Fiber optic,No,No,No,No,Yes,No,Month-to-month,Yes,Electronic check,57.54,2537.28,Yes
C-71e84841,Male,0,No,No,61,No,No phone service,Fiber optic,Yes,No internet service,No,Yes,No,No,Month-to-month,Yes,Electronic check,58.22,3569.08,No
C-1c5fcce1,Male,0,No,No,51,Yes,No phone service,DSL,No,No internet service,No,No,Yes,Yes,Two year,Yes,Credit card (automatic),46.58,2394.18,No
C-2f883925,Female,0,No,No,47,Yes,No,Fiber optic,Yes,Yes,No,No internet service,Yes,Yes,Two year,No,Credit card (automatic),74.89,3513.29,No
C-15ec49e8,Male,1,No,No,0,Yes,Yes,DSL,No,No,No,No,No,No,One year,Yes,Bank transfer (automatic),30.75,0.0,Yes
C-f86939a0,Female,0,No,Yes,2,No,No phone service,Fiber optic,No,Yes,No,No internet service,No,No,Two year,No,Credit card (automatic),50.48,110.89,Yes
C-f19e02d6,Female,0,Yes,No,31,Yes,Yes,Fiber optic,Yes,No,No,Yes,No,Yes,One year,Yes,Electronic check,69.31,2163.49,No
C-5a5a80fb,Female,0,Yes,No,52,Yes,No,Fiber optic,No,Yes,Yes,Yes,No internet service,No,One year,Yes,Mailed check,64.29,3332.05,No
C-290c0268,Male,1,Yes,Yes,7,Yes,Yes,DSL,No,Yes,Yes,No,No,No,Month-to-month,Yes,Bank transfer (automatic),43.58,292.18,No
C-8ab604c4,Female,0,Yes,Yes,57,Yes,Yes,Fiber optic,No,Yes,No,No,Yes,Yes,Month-to-month,Yes,Credit card (automatic),65.19,3717.36,Yes
C-d7491a21,Male,1,Yes,No,32,Yes,Yes,No,No internet service,No internet service,No internet service,No internet service,No internet service,No internet service,Two year,No,Mailed check,28.55,878.14,No
C-1ede552a,Male,0,Yes,No,47,Yes,Yes,Fiber optic,No,No,No,No,No,No internet service,Month-to-month,Yes,Bank transfer (automatic),52.14,2466.53,Yes
C-5a258d4b,Male,0,Yes,No,37,Yes,No,Fiber optic,No internet service,Yes,Yes,No,No,No,One year,No,Bank transfer (automatic),60.68,2224.73,No
C-734ffa85,Female,0,No,No,66,Yes,Yes,No,No internet service,No internet service,No internet service,No internet service,No internet service,No internet service,Two year,No,Mailed check,26.51,1739.11,No
C-c231aa09,Male,0,Yes,No,48,Yes,No phone service,No,No internet service,No internet service,No internet service,No internet service,No internet service,No internet service,Month-to-month,Yes,Electronic check,29.03,1424.84,No
C-640c34ef,Female,0,No,No,32,Yes,No,DSL,Yes,No,No,No,Yes,Yes,Month-to-month,Yes,Bank transfer (automatic),52.95,1687.87,Yes
C-837ca778,Male,0,No,No,58,Yes,Yes,Fiber optic,No,No,No,No,No,No,One year,No,Bank transfer (automatic),46.65,2727.16,No
C-6d5bc43c,Female,0,Yes,Yes,66,Yes,Yes,Fiber optic,No,Yes,No,Yes,No,No internet service,One year,Yes,Electronic check,56.28,3705.81,No
C-f1574696,Female,0,No,No,33,Yes,No,Fiber optic,No internet service,No,Yes,No,No internet service,No,One year,No,Mailed check,58.21,1908.75,No
C-5806e8d2,Female,1,No,No,0,Yes,No,Fiber optic,No,No,No,No,Yes,Yes,Two year,Yes,Credit card (automatic),57.84,0.0,No
C-ee170be5,Female,0,Yes,Yes,29,No,No phone service,Fiber optic,No,Yes,No,No,No,No internet service,One year,Yes,Electronic check,54.94,1582.05,Yes
C-5913b0d0,Female,0,No,No,32,Yes,Yes,Fiber optic,No,No,Yes,No,Yes,No,Month-to-month,Yes,Mailed check,58.76,1856.85,No
C-eb2fbde0,Female,0,No,No,21,Yes,Yes,Fiber optic,Yes,Yes,Yes,No internet service,No,Yes,One year,No,Credit card (automatic),68.93,1422.03,No
C-42fba4f9,Female,0,No,No,2,Yes,No,Fiber optic,Yes,Yes,Yes,Yes,Yes,Yes,Two year,Yes,Electronic check,84.24,172.17,Yes
C-b5b694fd,Female,1,No,No,70,Yes,No,Fiber optic,No,No,No,Yes,Yes,Yes,Month-to-month,Yes,Electronic check,60.35,4267.61,Yes
C-81f0d5ec,Male,0,No,No,20,Yes,Yes,Fiber optic,Yes,No,No,No,No,No,Month-to-month,No,Bank transfer (automatic),56.98,1133.1,Yes
C-d4a4ca81,Female,0,Yes,No,55,Yes,Yes,DSL,No,No,No,Yes,No,No,Two year,No,Electronic check,40.13,2231.39,No
C-6718c0a6,Female,0,No,No,17,Yes,Yes,No,No internet service,No internet service,No internet service,No internet service,No internet service,No internet service,One year,Yes,Credit card (automatic),21.9,372.81,No
C-e293ecd9,Female,0,No,Yes,59,Yes,Yes,Fiber optic,No,Yes,Yes,No internet service,No,Yes,One year,Yes,Bank transfer (automatic),61.68,3646.82,Yes
C-b576f10d,Male,0,No,No,14,Yes,Yes,DSL,No,No,No,Yes,No,No,One year,Yes,Mailed check,40.18,538.13,No
C-dd84a953,Female,0,No,No,67,Yes,No phone service,Fiber optic,Yes,No,Yes,Yes,No,No,Month-to-month,Yes,Credit card (automatic),64.6,4338.53,Yes
C-107ff047,Male,1,No,Yes,56,Yes,No,DSL,No,No,No,No,No internet service,Yes,One year,No,Mailed check,42.41,2379.05,No
C-266d7a78,Male,0,No,Yes,31,No,No phone service,DSL,Yes,No internet service,Yes,Yes,No,Yes,Month-to-month,Yes,Electronic check,51.15,1600.66,No
C-c423935f,Male,0,No,No,37,Yes,No,DSL,No,No internet service,Yes,No,No,No,One year,No,Credit card (automatic),36.35,1308.95,No
C-d67299f5,Male,0,Yes,Yes,52,No,No phone service,DSL,Yes,Yes,No,No internet service,Yes,Yes,Two year,Yes,Mailed check,53.73,2808.21,No
C-2126f0a6,Female,1,Yes,No,44,Yes,No,DSL,Yes,Yes,No,Yes,No,No,Two year,Yes,Electronic check,52.7,2352.13,Yes
C-1eec6563,Female,0,No,No,37,Yes,Yes,Fiber optic,No,No,Yes,Yes,Yes,No internet service,Month-to-month,Yes,Credit card (automatic),64.08,2346.98,Yes
C-e376ea07,Male,0,Yes,No,63,Yes,No phone service,Fiber optic,No,No internet service,No,No,No,No,One year,Yes,Bank transfer (automatic),48.52,3039.86,No
C-a89be3c4,Female,0,Yes,No,12,Yes,No,Fiber optic,Yes,Yes,No,No internet service,No,No,Two year,No,Bank transfer (automatic),58.26,724.61,No
C-632d63dd,Female,0,No,No,31,Yes,No,DSL,No,No,Yes,No,Yes,No,Two year,Yes,Credit card (automatic),41.06,1296.56,No
C-c4b4be2d,Male,0,No,No,44,Yes,No,Fiber optic,No,Yes,No,No,Yes,No internet service,Two year,Yes,Electronic check,56.27,2513.84,No
C-7f151b45,Male,0,No,No,52,Yes,No,Fiber optic,Yes,No,No,No,Yes,Yes,Two year,Yes,Mailed check,70.63,3667.95,No
C-9d559b01,Female,0,Yes,No,2,Yes,Yes,Fiber optic,Yes,No,No internet service,Yes,No,Yes,Two year,No,Credit card (automatic),65.96,130.87,No
C-597aa4fb,Male,1,Yes,No,69,Yes,Yes,Fiber optic,Yes,Yes,No internet service,No,No,No,Two year,Yes,Electronic check,59.77,4105.01,No
C-4b0dce77,Male,0,No,No,16,Yes,No phone service,DSL,Yes,No,Yes,No,No,No,Month-to-month,No,Electronic check,46.24,740.65,Yes
C-91c52212,Female,0,Yes,No,8,Yes,Yes,Fiber optic,No,No,Yes,Yes,No,Yes,Month-to-month,Yes,Mailed check,67.28,582.11,Yes
C-b2f44787,Female,0,Yes,Yes,67,No,No phone service,No,No internet service,No internet service,No internet service,No internet service,No internet service,No internet service,Two year,No,Bank transfer (automatic),24.93,1707.58,No
C-304221e8,Male,0,No,No,20,Yes,Yes,DSL,No,No,No,No,No,No internet service,Month-to-month,Yes,Credit card (automatic),38.2,743.74,No
C-78a39901,Male,0,Yes,No,69,Yes,No,No,No internet service,No internet service,No internet service,No internet service,No internet service,No internet service,Month-to-month,Yes,Electronic check,25.73,1767.09,Yes
C-21d96f9b,Male,0,Yes,No,61,Yes,No,DSL,No,No,Yes,No,No,No,One year,Yes,Mailed check,39.39,2371.71,No
C-6143e1b9,Male,0,Yes,Yes,30,Yes,No,Fiber optic,No,No,Yes,No internet service,No internet service,No,Month-to-month,Yes,Electronic check,55.98,1667.58,Yes
C-20b2563e,Male,0,No,No,2,Yes,No,Fiber optic,No,Yes,No,No,No,Yes,One year,No,Credit card (automatic),55.76,110.42,No
C-e8c69859,Male,0,Yes,No,58,Yes,No phone service,Fiber optic,No,Yes,Yes,No,Yes,No,One year,No,Bank transfer (automatic),57.9,3360.72,No
C-b93ed60d,Female,0,Yes,No,46,Yes,No,Fiber optic,No,No,No,No,No,No,Month-to-month,Yes,Bank transfer (automatic),40.97,1920.25,No
C-86c292c7,Male,0,Yes,No,19,Yes,Yes,Fiber optic,Yes,No,Yes,No,Yes,Yes,One year,No,Bank transfer (automatic),70.74,1312.93,Yes
C-bb7ea33d,Female,0,No,No,52,Yes,No phone service,Fiber optic,No,No,No internet service,Yes,No,No,Month-to-month,No,Bank transfer (automatic),51.72,2686.88,No
C-3a88ba22,Male,0,Yes,Yes,70,Yes,No phone service,Fiber optic,No,Yes,Yes,No,No,Yes,Two year,No,Mailed check,64.67,4513.31,No
C-d81ff890,Female,0,No,Yes,11,Yes,Yes,Fiber optic,No internet service,Yes,No internet service,No,No,No internet service,Two year,No,Mailed check,55.54,622.51,Yes
C-f32bfc6b,Male,0,Yes,No,72,Yes,Yes,DSL,No,Yes,No,No,Yes,No,Month-to-month,No,Credit card (automatic),43.38,3120.31,No
C-b1c4f992,Male,0,Yes,Yes,28,Yes,No phone service,Fiber optic,Yes,No,No,No internet service,Yes,Yes,One year,Yes,Mailed check,66.14,1834.29,No
C-536bfeb9,Female,1,No,No,7,Yes,No,DSL,No internet service,Yes,No internet service,No,No,No,Month-to-month,Yes,Credit card (automatic),35.93,260.96,Yes
C-47c2a9e6,Female,0,Yes,No,61,Yes,No,Fiber optic,No,Yes,Yes,No,No,No,Two year,Yes,Electronic check,57.98,3568.51,No
C-0601ecc7,Female,1,No,Yes,6,Yes,Yes,Fiber optic,No,No,No,Yes,No,No,Month-to-month,Yes,Electronic check,53.2,346.63,Yes
C-edf0b724,Male,0,No,No,15,No,No phone service,Fiber optic,No,Yes,Yes,No,Yes,Yes,Month-to-month,No,Credit card (automatic),70.21,1028.51,Yes
C-0d3dd1d5,Female,0,No,No,11,Yes,Yes,Fiber optic,No,No,Yes,Yes,No internet service,Yes,Month-to-month,No,Electronic check,61.2,654.96,Yes
C-bd1186a9,Male,0,No,Yes,30,No,No phone service,Fiber optic,Yes,Yes,No,No,Yes,No,One year,Yes,Bank transfer (automatic),67.62,2034.22,No
C-a4f7509f,Male,0,No,No,71,Yes,No phone service,No,No internet service,No internet service,No internet service,No internet service,No internet service,No internet service,Two year,No,Credit card (automatic),28.9,2035.09,No
C-beb15b1e,Male,0,Yes,No,36,Yes,Yes,DSL,Yes,No,Yes,No,No,No internet service,Two year,No,Electronic check,35.51,1276.25,No
C-fdcafb8c,Female,0,Yes,Yes,56,Yes,No phone service,Fiber optic,No,No,Yes,No,No,No,Month-to-month,Yes,Electronic check,54.19,3031.13,Yes
C-2a724bab,Female,0,Yes,No,47,Yes,No,Fiber optic,No,No,No internet service,No,Yes,Yes,Month-to-month,Yes,Mailed check,67.03,3147.38,Yes
C-d13f6f83,Female,0,Yes,No,48,Yes,Yes,Fiber optic,No,No internet service,Yes,No,No,No internet service,Month-to-month,No,Mailed check,52.8,2522.2,No
C-42f075dc,Female,0,Yes,No,53,Yes,No,Fiber optic,No,No,No,No,Yes,No,One year,No,Bank transfer (automatic),55.51,2881.34,No
C-4ec67742,Female,0,No,No,54,Yes,Yes,Fiber optic,No internet service,No,No internet service,No internet service,Yes,No,One year,Yes,Credit card (automatic),53.7,2907.05,No
C-ce96d6be,Male,0,No,Yes,23,Yes,No,Fiber optic,No,Yes,No,No,No,No,Two year,No,Electronic check,49.45,1138.92,No
C-d5d69ebe,Female,0,Yes,Yes,8,Yes,Yes,Fiber optic,No,No,No,Yes,No,Yes,Two year,Yes,Electronic check,60.73,488.04,Yes
C-8a08b1ea,Male,0,No,No,21,No,No phone service,Fiber optic,No,No,Yes,No,No,No,One year,No,Credit card (automatic),51.23,1088.14,No
C-77bbd8fb,Male,0,Yes,No,3,Yes,Yes,Fiber optic,No,No,Yes,Yes,No internet service,Yes,One year,Yes,Mailed check,66.0,188.22,No
C-2cb46ed9,Female,0,Yes,No,24,Yes,No,Fiber optic,No,Yes,Yes,No,Yes,No internet service,Month-to-month,No,Mailed check,64.06,1537.96,Yes
C-c98f6e12,Male,0,Yes,Yes,44,Yes,Yes,DSL,No,No,No,No,Yes,Yes,Two year,Yes,Electronic check,49.13,2174.62,No
C-93c74fb3,Male,0,Yes,No,34,Yes,Yes,Fiber optic,No,No,Yes,No internet service,Yes,Yes,One year,Yes,Mailed check,67.47,2301.11,No
C-f3f75828,Male,0,No,No,53,Yes,No,DSL,Yes,Yes,No,No,No,No,Month-to-month,Yes,Credit card (automatic),38.37,2030.24,No
C-05051b23,Female,0,Yes,No,67,Yes,Yes,No,No internet service,No internet service,No internet service,No internet service,No internet service,No internet service,Month-to-month,No,Electronic check,29.34,1983.98,No
C-4548e07b,Male,1,No,No,9,No,No phone service,Fiber optic,No,No,No,No,Yes,Yes,Month-to-month,Yes,Electronic check,63.57,556.53,Yes
C-cd8067de,Female,1,Yes,Yes,28,Yes,No,No,No internet service,No internet service,No internet service,No internet service,No internet service,No internet service,Two year,Yes,Electronic check,26.47,765.83,No
C-906cdfd2,Female,0,Yes,No,8,Yes,No,Fiber optic,No internet service,No internet service,Yes,No,No internet service,No,One year,Yes,Electronic check,50.64,428.68,No
C-3ff59e0e,Female,0,Yes,No,57,No,No phone service,Fiber optic,No,No,Yes,No,No internet service,No,Month-to-month,No,Electronic check,53.13,3014.37,Yes
C-9d85fa37,Female,1,No,No,60,Yes,No,Fiber optic,Yes,No,No,No,Yes,Yes,Two year,Yes,Electronic check,63.61,3845.58,Yes
C-a21bac2a,Female,0,No,No,29,Yes,No,Fiber optic,No,No,No,Yes,No,Yes,One year,No,Bank transfer (automatic),57.58,1629.91,No
C-7f5d77a1,Male,0,Yes,No,19,Yes,Yes,DSL,No,Yes,No,No,Yes,Yes,Two year,No,Mailed check,49.72,950.48,No
C-462ffb33,Female,1,Yes,No,68,Yes,No,Fiber optic,No,No internet service,No internet service,No internet service,Yes,Yes,Month-to-month,No,Electronic check,57.97,3929.7,Yes
C-dab7de13,Male,0,No,No,14,Yes,No,Fiber optic,No,No,No,No,No internet service,No,Month-to-month,No,Electronic check,47.91,686.44,Yes
C-886cced9,Female,0,Yes,No,3,Yes,No,DSL,No,Yes,No,Yes,No,No,Two year,Yes,Credit card (automatic),42.18,113.24,Yes
C-41569c73,Female,0,Yes,No,27,Yes,No,Fiber optic,No internet service,Yes,No,Yes,Yes,No internet service,One year,No,Bank transfer (automatic),61.69,1677.35,No
C-90ae9643,Female,0,Yes,No,12,Yes,Yes,Fiber optic,Yes,No internet service,No internet service,No,Yes,No,Month-to-month,No,Electronic check,57.48,695.19,Yes
C-413b923a,Female,1,Yes,Yes,9,No,No phone service,Fiber optic,No,No internet service,No,No,Yes,Yes,Month-to-month,No,Electronic check,62.74,587.54,Yes
C-83bd3561,Male,1,Yes,No,25,No,No phone service,No,No internet service,No internet service,No internet service,No internet service,No internet service,No internet service,Month-to-month,Yes,Mailed check,30.91,798.66,No
C-103809ea,Female,1,No,No,0,Yes,Yes,DSL,No,Yes,No,No internet service,No,Yes,Month-to-month,Yes,Bank transfer (automatic),44.56,10.42,Yes
C-6987484d,Female,1,Yes,No,4,Yes,Yes,Fiber optic,No,Yes,No internet service,No,Yes,No,One year,Yes,Electronic check,56.64,261.82,Yes
C-5ac4af54,Female,0,Yes,Yes,62,Yes,Yes,Fiber optic,No,No,Yes,Yes,Yes,No,Month-to-month,No,Bank transfer (automatic),62.9,3896.19,No
C-267fca58,Female,0,No,No,42,Yes,Yes,Fiber optic,Yes,Yes,No,No,No,Yes,One year,No,Credit card (automatic),61.56,2598.57,No
C-c7a4abdc,Male,0,Yes,No,46,Yes,Yes,Fiber optic,Yes,No internet service,Yes,Yes,Yes,Yes,Month-to-month,No,Electronic check,79.11,3633.09,Yes
C-f4e36f1f,Male,0,Yes,Yes,57,Yes,No phone service,Fiber optic,No,No,Yes,No,No,No,Two year,Yes,Credit card (automatic),50.12,2869.83,No
C-de7fa70e,Female,0,No,No,49,Yes,No,Fiber optic,No,No internet service,Yes,Yes,No,No,Month-to-month,Yes,Bank transfer (automatic),58.23,2871.4,Yes
C-1cf96bb7,Female,0,No,No,32,Yes,Yes,DSL,No internet service,No,Yes,No,No,Yes,Month-to-month,Yes,Bank transfer (automatic),46.52,1478.06,No
C-09693651,Female,0,No,No,3,Yes,No,Fiber optic,No,No,Yes,No,No,No,Two year,No,Mailed check,54.27,161.78,Yes
C-6bfd62c1,Female,0,Yes,Yes,6,Yes,No,Fiber optic,Yes,No,No,Yes,No internet service,No internet service,One year,No,Bank transfer (automatic),62.97,371.96,No
C-fccbcad2,Female,0,No,No,8,Yes,No,Fiber optic,Yes,No,No,No,No,No,Month-to-month,Yes,Electronic check,58.25,466.75,No
C-bda204c7,Female,0,Yes,No,56,Yes,No,No,No internet service,No internet service,No internet service,No internet service,No internet service,No internet service,Month-to-month,Yes,Credit card (automatic),27.72,1564.12,Yes
C-43f1f621,Female,0,No,No,15,Yes,No,DSL,No,No,No,Yes,Yes,Yes,One year,Yes,Mailed check,47.06,695.68,No
C-a9aad6e2,Female,0,Yes,No,48,Yes,Yes,Fiber optic,No,Yes,Yes,No,No,No,Month-to-month,Yes,Mailed check,64.38,3056.57,Yes
C-e82140fc,Male,0,No,No,4,No,No phone service,Fiber optic,Yes,No,No,Yes,Yes,Yes,Month-to-month,Yes,Bank transfer (automatic),68.96,279.6,Yes
C-100d9d20,Female,0,No,No,1,Yes,No,Fiber optic,Yes,No internet service,Yes,No,Yes,No,Two year,No,Electronic check,69.96,75.53,No
C-64edf85e,Female,0,Yes,No,29,Yes,No,Fiber optic,No,Yes,No,No,No,Yes,Month-to-month,No,Bank transfer (automatic),54.19,1579.52,Yes
C-349b17b1,Male,0,Yes,Yes,40,Yes,Yes,Fiber optic,Yes,No,No,Yes,Yes,No,Month-to-month,Yes,Mailed check,66.96,2710.86,No
C-afd44723,Female,0,Yes,Yes,36,Yes,Yes,Fiber optic,No,No internet service,Yes,Yes,No internet service,No,Month-to-month,No,Electronic check,60.96,2194.71,Yes
C-5c7d1d63,Female,0,No,No,27,No,No phone service,DSL,Yes,Yes,Yes,Yes,No,No internet service,Month-to-month,No,Bank transfer (automatic),50.32,1389.65,No
C-11b71875,Male,0,No,No,13,Yes,Yes,DSL,No,No,Yes,No,No,Yes,One year,No,Electronic check,44.13,563.7,No
C-7876fbe2,Female,0,No,No,8,Yes,No,Fiber optic,No,Yes,No,No,No,Yes,Month-to-month,No,Electronic check,62.39,513.42,Yes
C-e76ed98d,Male,0,Yes,No,53,Yes,No,Fiber optic,No,No,No,No,No,No,Month-to-month,Yes,Mailed check,45.88,2443.87,Yes
C-6c0efc15,Female,0,Yes,Yes,51,Yes,Yes,Fiber optic,No,No,No,Yes,No,Yes,One year,No,Credit card (automatic),58.9,3004.75,Yes
C-61de53e8,Female,0,No,No,65,Yes,No,Fiber optic,Yes,No,No,No internet service,Yes,No,Month-to-month,Yes,Electronic check,51.57,3357.64,No
C-f4467643,Female,1,No,No,18,Yes,No,Fiber optic,No,No internet service,No,No,No internet service,Yes,One year,No,Electronic check,51.69,921.65,No
C-265d52cc,Male,0,Yes,Yes,35,Yes,No phone service,Fiber optic,No,No,No,Yes,No,No,Month-to-month,Yes,Mailed check,57.19,2027.11,No
C-7309c989,Male,1,Yes,No,59,Yes,Yes,No,No internet service,No internet service,No internet service,No internet service,No internet service,No internet service,Two year,No,Bank transfer (automatic),31.0,1789.16,No
C-ceb07708,Female,0,No,Yes,34,Yes,No,Fiber optic,No,Yes,Yes,No,No,Yes,Two year,No,Credit card (automatic),65.11,2186.35,No
C-270ebccd,Female,0,Yes,No,61,Yes,No,DSL,Yes,Yes,No,Yes,No,No,Month-to-month,No,Credit card (automatic),50.95,3117.88,Yes
C-7ee7a1c2,Male,0,No,No,25,Yes,No,Fiber optic,No,No,No,No,No,Yes,Month-to-month,Yes,Electronic check,54.66,1355.93,Yes
C-b144bdea,Male,0,Yes,No,61,Yes,Yes,Fiber optic,No,No,No,No,No,Yes,Month-to-month,Yes,Bank transfer (automatic),54.45,3340.51,Yes
C-4ea911bd,Female,0,No,No,71,Yes,Yes,Fiber optic,No,No,No,No,Yes,No,Month-to-month,Yes,Bank transfer (automatic),57.14,4024.07,Yes
C-9865fc5b,Male,0,Yes,No,51,Yes,No,Fiber optic,No,No,Yes,No,Yes,No,Month-to-month,Yes,Bank transfer (automatic),58.6,3007.4,Yes
C-b45d45fc,Female,0,Yes,No,54,Yes,No,Fiber optic,No,No internet service,No,No internet service,Yes,No,Two year,Yes,Electronic check,53.6,2860.6,No
C-370833bc,Female,0,Yes,No,2,Yes,No,Fiber optic,Yes,Yes,Yes,No,No,No,Month-to-month,No,Bank transfer (automatic),56.76,137.22,Yes
C-f55b57e3,Female,0,No,No,22,Yes,No phone service,Fiber optic,No,Yes,No,Yes,No,No,Two year,Yes,Electronic check,64.83,1396.98,No
C-e71f0c4a,Female,0,Yes,Yes,4,No,No phone service,Fiber optic,Yes,No,Yes,No,Yes,No,Month-to-month,No,Credit card (automatic),66.49,278.13,Yes
C-d486baf0,Female,0,No,No,56,Yes,No,Fiber optic,No internet service,Yes,Yes,Yes,Yes,Yes,Month-to-month,Yes,Electronic check,76.43,4259.48,No
C-af83e512,Female,0,Yes,Yes,27,Yes,No,No,No internet service,No internet service,No internet service,No internet service,No internet service,No internet service,Month-to-month,No,Credit card (automatic),29.94,802.01,No
C-cd9b8e88,Male,0,No,Yes,19,Yes,Yes,No,No internet service,No internet service,No internet service,No internet service,No internet service,No internet service,Two year,Yes,Electronic check,33.95,637.52,No
C-7b65370b,Female,0,No,No,6,Yes,No,Fiber optic,No,Yes,No internet service,No,Yes,No,Month-to-month,Yes,Bank transfer (automatic),60.78,369.17,No
C-e8771fb0,Male,1,Yes,No,51,Yes,No,Fiber optic,No,Yes,No,No,Yes,Yes,Month-to-month,Yes,Mailed check,64.69,3319.35,No
C-9bdb34f5,Female,0,No,No,42,Yes,Yes,No,No internet service,No internet service,No internet service,No internet service,No internet service,No internet service,One year,Yes,Mailed check,27.38,1171.85,No
C-53363175,Male,0,No,No,49,Yes,No,Fiber optic,No,No internet service,Yes,No,No internet service,No internet service,One year,No,Electronic check,50.11,2437.1,No
C-61b124b3,Male,0,No,Yes,6,Yes,No,No,No internet service,No internet service,No internet service,No internet service,No internet service,No internet service,One year,No,Electronic check,32.32,197.79,No
C-bfd539da,Female,0,No,No,6,Yes,Yes,DSL,No,Yes,No,No,No internet service,No internet service,One year,Yes,Mailed check,40.89,240.44,Yes
C-fa54fae3,Female,0,No,Yes,68,Yes,No phone service,DSL,No,No,No,Yes,No,Yes,Month-to-month,Yes,Mailed check,42.07,2847.54,No
C-c421b6c2,Female,0,No,No,61,Yes,No phone service,Fiber optic,Yes,No,No,No,Yes,Yes,Month-to-month,Yes,Mailed check,67.03,4077.12,Yes
C-0fe68837,Female,0,Yes,No,34,Yes,Yes,Fiber optic,No,Yes,Yes,No internet service,No internet service,Yes,Two year,Yes,Mailed check,60.35,2051.27,No
C-2491794f,Female,1,No,No,31,Yes,No phone service,No,No internet service,No internet service,No internet service,No internet service,No internet service,No internet service,Month-to-month,No,Electronic check,28.39,854.34,Yes
C-87d64867,Female,0,Yes,No,30,Yes,Yes,No,No internet service,No internet service,No internet service,No internet service,No internet service,No internet service,Month-to-month,No,Bank transfer (automatic),31.03,907.51,Yes
C-0025964b,Female,0,No,No,49,Yes,No,No,No internet service,No internet service,No internet service,No internet service,No internet service,No internet service,Month-to-month,Yes,Mailed check,24.74,1230.2,No
C-d55fb5f5,Female,0,No,No,60,Yes,No,DSL,No,No internet service,No internet service,No,No,No,One year,No,Credit card (automatic),27.72,1677.92,No
C-83eaf207,Male,0,No,No,55,Yes,No,DSL,No,No internet service,Yes,Yes,No,Yes,Two year,No,Credit card (automatic),43.95,2386.64,No
C-d7162932,Male,0,No,No,66,No,No phone service,Fiber optic,Yes,No internet service,No,No,No,No,Two year,No,Bank transfer (automatic),55.37,3635.21,No
C-351a9843,Female,0,Yes,No,47,Yes,No,Fiber optic,No,Yes,No,No,No internet service,No,Month-to-month,Yes,Electronic check,55.19,2577.38,No
C-82d0ae11,Female,0,Yes,No,24,No,No phone service,Fiber optic,No,No,No,No,Yes,No internet service,Month-to-month,Yes,Electronic check,56.41,1377.02,Yes
C-3e2981c0,Female,0,No,Yes,54,Yes,Yes,Fiber optic,No,Yes,Yes,No,No internet service,Yes,Month-to-month,No,Credit card (automatic),65.13,3523.22,No
C-df8c5b34,Female,0,No,No,66,Yes,No,DSL,No,No,No internet service,No,Yes,No,Two year,No,Electronic check,45.26,2982.58,No
C-76c1f751,Male,0,Yes,Yes,38,Yes,No,Fiber optic,Yes,No internet service,No,Yes,Yes,No,Month-to-month,Yes,Credit card (automatic),59.66,2230.57,No
C-1c326a67,Female,0,No,No,28,Yes,No phone service,Fiber optic,Yes,Yes,No,Yes,Yes,No,Month-to-month,Yes,Credit card (automatic),72.65,2039.02,No
C-9e767b27,Male,0,Yes,No,40,Yes,Yes,Fiber optic,Yes,Yes,Yes,No,No,No,Month-to-month,Yes,Credit card (automatic),60.37,2422.0,No
C-41cc169a,Female,1,Yes,No,26,No,No phone service,No,No internet service,No internet service,No internet service,No internet service,No internet service,No internet service,Month-to-month,Yes,Mailed check,25.71,672.28,Yes
C-ec7b90a4,Female,0,Yes,Yes,69,No,No phone service,Fiber optic,No,No,No,No,Yes,Yes,Month-to-month,Yes,Mailed check,60.39,4160.48,Yes
C-5aef3eb4,Female,0,No,No,49,No,No phone service,No,No internet service,No internet service,No internet service,No internet service,No internet service,No internet service,Month-to-month,No,Mailed check,30.15,1474.77,No
C-1e853986,Female,0,Yes,No,21,Yes,No,Fiber optic,No,Yes,Yes,No,No,Yes,Month-to-month,Yes,Electronic check,63.86,1367.47,Yes
C-579aea54,Male,0,No,No,42,Yes,Yes,Fiber optic,No,Yes,Yes,No,Yes,Yes,Month-to-month,Yes,Electronic check,73.1,3090.81,No
C-160a6c2c,Female,0,No,No,2,Yes,Yes,Fiber optic,No,No,Yes,No,Yes,No,Month-to-month,Yes,Bank transfer (automatic),58.37,128.3,Yes
C-5a635976,Female,0,Yes,No,43,Yes,Yes,Fiber optic,No,Yes,Yes,No,No internet service,No,Month-to-month,No,Credit card (automatic),57.55,2459.71,No
C-933c52aa,Female,0,No,No,69,Yes,No,Fiber optic,Yes,Yes,No,Yes,Yes,No,Month-to-month,Yes,Bank transfer (automatic),75.74,5221.8,Yes
C-679ebe28,Male,0,Yes,No,1,Yes,No phone service,No,No internet service,No internet service,No internet service,No internet service,No internet service,No internet service,Month-to-month,No,Bank transfer (automatic),29.77,66.9,Yes
C-dc2c5a76,Female,0,No,No,46,Yes,No,DSL,No,No internet service,No,No,No,Yes,One year,No,Credit card (automatic),37.82,1725.4,No
C-c29f8f3a,Female,0,No,No,50,Yes,No,Fiber optic,No,Yes,No,No,Yes,No,One year,Yes,Mailed check,50.7,2530.09,No
C-1ffb1c0a,Female,0,No,Yes,48,Yes,Yes,Fiber optic,No,Yes,Yes,Yes,No,No,Month-to-month,Yes,Electronic check,66.52,3165.7,Yes
C-42466933,Female,0,Yes,No,28,Yes,Yes,DSL,No,No,No,No internet service,No,No,Month-to-month,Yes,Bank transfer (automatic),34.02,959.5,No
C-650e7d6e,Female,0,No,No,52,Yes,No phone service,Fiber optic,No,Yes,No,Yes,Yes,Yes,Two year,Yes,Electronic check,70.58,3671.18,No
C-dda92fa6,Male,0,Yes,Yes,17,Yes,No phone service,Fiber optic,No,No,No,Yes,Yes,Yes,Month-to-month,No,Mailed check,63.17,1082.47,No
C-09447ad9,Female,0,Yes,Yes,20,Yes,Yes,Fiber optic,No,Yes,Yes,No,No internet service,No,One year,Yes,Credit card (automatic),58.44,1216.65,No
C-641d2f78,Female,0,No,No,54,Yes,Yes,Fiber optic,Yes,No,No,No,Yes,No,Month-to-month,Yes,Bank transfer (automatic),60.65,3302.12,Yes
C-826222a0,Male,0,No,Yes,57,Yes,No,Fiber optic,No,No,Yes,Yes,Yes,Yes,Two year,Yes,Electronic check,68.33,3913.71,No
C-e1fae991,Male,0,No,Yes,45,No,No phone service,Fiber optic,No,Yes,No,No,No,Yes,Two year,No,Mailed check,56.9,2542.76,No
C-51db6255,Male,1,No,No,66,Yes,No,Fiber optic,No,Yes,Yes,No,Yes,Yes,Month-to-month,Yes,Bank transfer (automatic),68.67,4539.78,Yes
C-7470c2f5,Male,0,Yes,No,5,Yes,No,DSL,No,No internet service,No internet service,Yes,No,No,One year,No,Electronic check,39.65,170.11,Yes
C-2ad72bf2,Male,0,Yes,No,45,Yes,No,No,No internet service,No internet service,No internet service,No internet service,No internet service,No internet service,Month-to-month,Yes,Bank transfer (automatic),29.32,1336.41,No
C-17166c27,Male,0,No,No,5,Yes,Yes,Fiber optic,No,No,No,Yes,No,No,One year,No,Electronic check,52.91,267.75,Yes
C-f5fd37a1,Female,0,No,Yes,62,Yes,No,Fiber optic,No,No,No,No,No,Yes,One year,Yes,Credit card (automatic),56.74,3571.84,Yes
C-279840f7,Male,0,No,No,38,Yes,Yes,Fiber optic,No,Yes,No,Yes,No,Yes,One year,Yes,Bank transfer (automatic),66.49,2532.46,No
C-ffa1006f,Male,0,Yes,No,35,Yes,Yes,DSL,No,Yes,Yes,No internet service,No internet service,Yes,Month-to-month,Yes,Bank transfer (automatic),49.96,1750.09,Yes
C-d8a6c125,Male,0,Yes,Yes,46,Yes,No,DSL,Yes,Yes,No,No,No,No,Month-to-month,No,Electronic check,43.18,1978.13,No
C-955cf5d3,Male,0,No,No,56,Yes,Yes,Fiber optic,Yes,No internet service,Yes,No,No,No,Month-to-month,No,Bank transfer (automatic),59.41,3304.23,No
C-78c694fb,Female,0,Yes,No,5,Yes,No,No,No internet service,No internet service,No internet service,No internet service,No internet service,No internet service,Month-to-month,No,Bank transfer (automatic),23.25,112.09,Yes
C-fb6cff1d,Male,0,No,No,0,No,No phone service,Fiber optic,No,Yes,No,Yes,No,No,Month-to-month,No,Credit card (automatic),58.95,12.2,Yes
C-3758c273,Female,0,Yes,No,42,Yes,No phone service,Fiber optic,No,Yes,No,No,No,Yes,One year,Yes,Electronic check,61.52,2599.54,No
C-e0fabb5b,Female,0,No,No,67,Yes,Yes,Fiber optic,Yes,No,No,Yes,Yes,Yes,Month-to-month,Yes,Mailed check,74.4,4962.39,No
C-ec14965e,Male,0,No,No,58,Yes,Yes,Fiber optic,No,No,No,No,No,Yes,Two year,No,Electronic check,49.4,2908.97,No
C-7b684105,Female,1,Yes,Yes,42,No,No phone service,Fiber optic,Yes,Yes,No,Yes,Yes,No,One year,No,Bank transfer (automatic),69.02,2899.0,No
C-b7b56680,Female,1,No,No,68,No,No phone service,Fiber optic,No,Yes,No,No,No,Yes,Two year,Yes,Bank transfer (automatic),59.93,4061.08,Yes
C-74c31ff2,Female,1,No,No,58,No,No phone service,Fiber optic,No,No,No,No,Yes,No,Month-to-month,Yes,Electronic check,55.89,3216.0,Yes
C-f81ddd3a,Female,0,Yes,No,2,Yes,No,Fiber optic,Yes,No,No,Yes,Yes,Yes,One year,Yes,Mailed check,67.36,133.89,Yes
C-32aa6e1b,Male,0,No,Yes,42,Yes,Yes,Fiber optic,Yes,No,No,No,Yes,Yes,Month-to-month,No,Bank transfer (automatic),64.98,2706.18,No
C-5f28f599,Female,0,Yes,No,67,Yes,No,Fiber optic,No,No internet service,No,No,No,No,Month-to-month,No,Bank transfer (automatic),49.21,3308.85,No
C-5445bbcc,Male,1,No,No,33,Yes,Yes,Fiber optic,Yes,Yes,No,No,Yes,No,Two year,No,Mailed check,69.6,2274.53,No
C-5d28b416,Male,1,No,No,51,Yes,No,No,No internet service,No internet service,No internet service,No internet service,No internet service,No internet service,Month-to-month,Yes,Bank transfer (automatic),22.92,1191.33,No
C-f5dac1de,Female,0,No,No,13,Yes,Yes,Fiber optic,No,Yes,No internet service,No internet service,No,No,Month-to-month,Yes,Bank transfer (automatic),51.56,673.59,No
C-39dc257d,Female,0,No,No,38,Yes,No phone service,Fiber optic,Yes,No,No,Yes,No internet service,No,One year,Yes,Electronic check,61.42,2359.28,No
C-281822d7,Female,0,Yes,No,22,Yes,No phone service,Fiber optic,No,Yes,Yes,No,No,Yes,Two year,No,Bank transfer (automatic),68.38,1520.78,No
C-d99c36ed,Male,0,Yes,No,33,Yes,No phone service,DSL,No internet service,No,Yes,No,No,No,Month-to-month,No,Mailed check,38.43,1252.03,No
C-6a24969e,Male,0,No,Yes,4,Yes,Yes,Fiber optic,Yes,No,No,Yes,No,Yes,Month-to-month,Yes,Mailed check,66.15,253.6,Yes
C-8feedda2,Male,0,Yes,No,32,Yes,Yes,Fiber optic,Yes,No,No,No,Yes,Yes,One year,Yes,Mailed check,70.89,2269.71,Yes
C-ff7c9c21,Female,0,Yes,No,47,No,No phone service,No,No internet service,No internet service,No internet service,No internet service,No internet service,No internet service,Two year,Yes,Bank transfer (automatic),28.71,1351.22,No
C-d0de5260,Male,0,Yes,No,22,Yes,Yes,DSL,No,No,Yes,No,Yes,No,Month-to-month,No,Credit card (automatic),49.27,1077.33,Yes
C-6d1dfe4c,Female,0,Yes,No,72,Yes,No,No,No internet service,No internet service,No internet service,No internet service,No internet service,No internet service,Month-to-month,Yes,Credit card (automatic),24.23,1742.68,No
C-851bc3da,Male,0,No,Yes,39,Yes,No,Fiber optic,No internet service,No,No internet service,Yes,No,No,Month-to-month,No,Electronic check,47.98,1903.7,No
C-9fdd1bb7,Female,0,Yes,Yes,12,Yes,No,DSL,No,No,No,Yes,No,No,Month-to-month,Yes,Bank transfer (automatic),30.76,389.07,No
C-e4c3ce0c,Male,0,Yes,No,63,Yes,Yes,DSL,No,No internet service,Yes,No,No,No,Month-to-month,Yes,Electronic check,33.03,2100.95,No
C-209c5cdd,Female,1,Yes,No,35,Yes,No,Fiber optic,No internet service,No,Yes,No,No,Yes,One year,Yes,Bank transfer (automatic),61.73,2184.4,No
C-765b94a3,Male,0,No,Yes,35,Yes,No,DSL,No,No,No,No,No,No,Month-to-month,No,Electronic check,35.24,1253.51,Yes
C-814341d9,Female,0,Yes,No,45,Yes,Yes,Fiber optic,No,Yes,Yes,No,Yes,Yes,One year,Yes,Mailed check,68.33,3062.45,No
C-30631f01,Male,0,No,No,69,Yes,Yes,Fiber optic,No internet service,Yes,No,No,No,No,One year,Yes,Electronic check,48.45,3329.05,No
C-80170e07,Male,0,No,Yes,39,Yes,No phone service,Fiber optic,Yes,No,No,Yes,Yes,No internet service,Two year,No,Electronic check,63.73,2448.32,No
C-0405f1e0,Male,0,No,No,30,Yes,No,Fiber optic,No,Yes,No,Yes,Yes,Yes,Two year,No,Mailed check,69.26,2090.1,No
C-fe037096,Male,0,Yes,No,9,Yes,No,DSL,No,No,No internet service,No,No,Yes,Month-to-month,Yes,Electronic check,41.55,400.93,Yes
C-1a7e4fed,Male,1,No,No,37,No,No phone service,DSL,No,Yes,No,No,No,No,Month-to-month,Yes,Electronic check,38.83,1433.49,No
C-cc89fd4a,Male,1,No,No,16,Yes,Yes,No,No internet service,No internet service,No internet service,No internet service,No internet service,No internet service,Two year,No,Mailed check,26.24,434.36,No
C-309b4eda,Female,0,Yes,Yes,31,Yes,No,Fiber optic,No,No,Yes,No,Yes,Yes,Month-to-month,Yes,Electronic check,65.39,2007.52,Yes
C-fc019fdc,Female,1,No,No,1,Yes,Yes,DSL,No,Yes,No,No internet service,Yes,No internet service,One year,No,Electronic check,46.72,51.11,No
C-8fcfbb27,Female,0,No,Yes,70,Yes,No,No,No internet service,No internet service,No internet service,No internet service,No internet service,No internet service,Month-to-month,No,Credit card (automatic),26.25,1826.66,No
C-7b6b84c9,Male,0,Yes,No,55,Yes,No phone service,DSL,Yes,No,No,No,Yes,No,Month-to-month,Yes,Electronic check,44.7,2481.11,No
C-b054beec,Male,0,Yes,No,60,Yes,Yes,Fiber optic,No,Yes,No,No,No,No,Month-to-month,No,Bank transfer (automatic),54.21,3240.33,No
C-687ed505,Female,0,No,No,36,Yes,No,Fiber optic,No,No,No,No,No,No,Month-to-month,No,Bank transfer (automatic),45.86,1652.33,Yes
C-14af2020,Female,1,No,No,24,Yes,No,Fiber optic,No,Yes,No internet service,Yes,Yes,No,Two year,Yes,Bank transfer (automatic),61.04,1441.68,No
C-935476ab,Female,0,No,No,54,Yes,Yes,Fiber optic,No internet service,No,Yes,Yes,Yes,No,Month-to-month,No,Credit card (automatic),65.85,3520.29,Yes
C-ff5dc76d,Male,0,No,No,58,Yes,No,DSL,No,No,Yes,Yes,Yes,No,Month-to-month,No,Credit card (automatic),46.9,2703.39,No
C-f517985d,Male,0,Yes,Yes,40,Yes,Yes,Fiber optic,No,No,Yes,Yes,Yes,No,One year,No,Bank transfer (automatic),62.06,2496.4,No
C-f9b24e98,Female,0,No,No,60,Yes,Yes,No,No internet service,No internet service,No internet service,No internet service,No internet service,No internet service,Two year,No,Electronic check,28.84,1746.58,No
C-548c3d12,Male,0,No,Yes,57,Yes,No,DSL,No,No,No,No internet service,No,No internet service,Month-to-month,Yes,Credit card (automatic),25.29,1398.44,Yes
C-e9285186,Male,1,Yes,No,42,Yes,Yes,Fiber optic,No,No,No internet service,No,No,No internet service,Two year,No,Credit card (automatic),49.61,2084.49,No
C-a974aa92,Female,0,No,No,29,Yes,No,Fiber optic,No,No internet service,No internet service,No,No,No,One year,Yes,Bank transfer (automatic),45.38,1342.98,No
C-af8d7253,Female,0,No,No,42,Yes,No,Fiber optic,No,Yes,Yes,No,Yes,No,One year,Yes,Credit card (automatic),62.76,2590.48,No
C-2a02b41d,Male,0,No,No,70,Yes,Yes,Fiber optic,No,No,No,No,No,Yes,Month-to-month,Yes,Credit card (automatic),51.01,3582.49,Yes
C-d5feea54,Male,0,Yes,No,1,Yes,Yes,Fiber optic,Yes,No,No,No,No,No,Month-to-month,No,Mailed check,54.43,28.44,Yes
C-ad0bb673,Female,0,Yes,No,59,Yes,No,DSL,No internet service,No,No,No,No,Yes,One year,Yes,Mailed check,38.6,2238.6,No
C-b9439acb,Female,0,No,No,56,Yes,Yes,Fiber optic,No internet service,Yes,No,Yes,No,No,Two year,No,Electronic check,54.49,3059.49,No
C-e46d5296,Female,0,No,Yes,31,Yes,No,Fiber optic,Yes,No internet service,No,No,Yes,No,One year,No,Electronic check,58.8,1810.99,No
C-5b3187ca,Male,0,No,Yes,10,Yes,No,Fiber optic,No,No,No,Yes,Yes,No,One year,Yes,Mailed check,61.95,594.85,Yes
C-b6e5070b,Male,0,No,No,6,Yes,Yes,No,No internet service,No internet service,No internet service,No internet service,No internet service,No internet service,Month-to-month,Yes,Electronic check,26.38,186.88,Yes
C-00fdc919,Male,0,No,Yes,39,Yes,No,No,No internet service,No internet service,No internet service,No internet service,No internet service,No internet service,Month-to-month,No,Bank transfer (automatic),30.17,1183.29,No
C-efe86205,Female,0,Yes,No,66,Yes,No,DSL,No,No,Yes,Yes,Yes,No,Two year,Yes,Credit card (automatic),45.76,3035.7,No
C-5ef7e97e,Male,0,Yes,No,64,Yes,Yes,Fiber optic,Yes,No,Yes,No internet service,No,Yes,Month-to-month,Yes,Electronic check,63.45,4029.16,Yes
C-4ef4e924,Female,0,Yes,No,8,Yes,Yes,Fiber optic,No,No,No,Yes,No,No,Month-to-month,Yes,Electronic check,53.99,460.95,Yes
C-36862f03,Female,0,Yes,No,58,Yes,No phone service,Fiber optic,No,Yes,Yes,No,No,No,One year,No,Electronic check,61.87,3562.17,No
C-303e182b,Male,1,No,No,39,Yes,No,DSL,No internet service,No,Yes,No,Yes,Yes,Month-to-month,Yes,Electronic check,53.6,2061.13,Yes
C-c578bd44,Female,0,No,Yes,0,Yes,No,No,No internet service,No internet service,No internet service,No internet service,No internet service,No internet service,One year,Yes,Electronic check,28.12,15.04,No
C-18dfb09c,Female,0,No,No,55,Yes,No,DSL,No,No,Yes,No,No,No,One year,No,Electronic check,38.08,2091.6,No
C-00c5f7df,Female,1,No,No,43,Yes,Yes,Fiber optic,No,Yes,Yes,No,No,No,Two year,No,Bank transfer (automatic),55.32,2328.8,Yes
C-9186f7a8,Female,0,Yes,Yes,41,Yes,Yes,Fiber optic,No,No internet service,No,No,No,Yes,Two year,No,Electronic check,57.82,2333.93,No
C-63e8f353,Female,0,Yes,No,36,No,No phone service,No,No internet service,No internet service,No internet service,No internet service,No internet service,No internet service,Month-to-month,Yes,Bank transfer (automatic),30.91,1075.28,No
C-730fcc58,Male,0,No,Yes,22,No,No phone service,Fiber optic,No,No,No,No,Yes,Yes,Month-to-month,Yes,Electronic check,60.7,1324.66,No
C-933c6e08,Male,0,Yes,No,64,Yes,No phone service,Fiber optic,No,Yes,Yes,No,No,No,One year,No,Mailed check,57.28,3652.55,No
C-e726f12e,Male,0,Yes,Yes,13,Yes,Yes,No,No internet service,No internet service,No internet service,No internet service,No internet service,No internet service,Two year,Yes,Bank transfer (automatic),28.31,393.86,No
C-5f3043b0,Female,0,Yes,Yes,17,Yes,No,Fiber optic,Yes,No,No,No,Yes,No,One year,Yes,Mailed check,59.13,1002.5,No
C-f61bd05d,Female,1,Yes,No,37,Yes,No,DSL,No,No,No,No,No,No,Month-to-month,Yes,Bank transfer (automatic),32.63,1183.93,Yes
C-6dec51e8,Female,0,Yes,Yes,59,Yes,Yes,Fiber optic,No,No,No,No,Yes,Yes,Month-to-month,Yes,Electronic check,58.87,3474.46,Yes
C-80afb093,Male,0,No,Yes,65,Yes,No phone service,Fiber optic,No,No,No,No internet service,No,No,Month-to-month,No,Bank transfer (automatic),47.94,3123.63,No
C-0a34356d,Male,0,No,No,10,Yes,No phone service,Fiber optic,No internet service,No,Yes,No,No internet service,No internet service,Two year,No,Credit card (automatic),48.95,494.84,No
C-363dd843,Female,0,Yes,Yes,57,No,No phone service,DSL,Yes,Yes,Yes,No,Yes,Yes,One year,No,Electronic check,59.24,3406.31,No
C-590cd3f7,Female,0,Yes,No,28,Yes,No,DSL,No,No,No,No,Yes,Yes,Month-to-month,Yes,Bank transfer (automatic),41.25,1152.04,Yes
C-5a42e3f6,Female,0,Yes,No,72,Yes,No,Fiber optic,No,No,No,No,No,No,Two year,No,Bank transfer (automatic),51.24,3701.57,No
C-831d76fd,Male,0,No,No,14,Yes,Yes,DSL,Yes,Yes,No,No,Yes,Yes,Month-to-month,Yes,Mailed check,57.05,802.98,No
C-1c611042,Male,0,Yes,Yes,20,Yes,Yes,DSL,Yes,No internet service,No,Yes,Yes,No,One year,Yes,Credit card (automatic),52.24,1020.46,No
C-caf1f51e,Male,0,No,Yes,23,Yes,Yes,Fiber optic,Yes,Yes,No,No,Yes,No,One year,Yes,Mailed check,62.82,1431.26,No
C-890b6728,Male,0,No,No,32,Yes,Yes,Fiber optic,No,Yes,No,No,Yes,Yes,Two year,No,Electronic check,62.52,2006.76,No
C-d101b317,Female,0,No,No,59,Yes,Yes,DSL,Yes,Yes,Yes,Yes,Yes,No,Month-to-month,No,Bank transfer (automatic),62.69,3696.0,No
C-3450cd71,Female,1,Yes,No,6,No,No phone service,DSL,No,No,Yes,No,No,Yes,Two year,Yes,Mailed check,42.83,285.14,No
C-9141ba2e,Male,0,Yes,No,48,Yes,Yes,Fiber optic,No,No,No,No,Yes,No,One year,No,Credit card (automatic),54.24,2603.54,No
C-87832bf5,Female,1,No,No,21,Yes,No,Fiber optic,Yes,No,Yes,No,No,No,Month-to-month,No,Electronic check,58.81,1240.92,Yes
C-1419d2ab,Female,1,Yes,Yes,45,No,No phone service,Fiber optic,Yes,No,No,No,Yes,No,Two year,Yes,Electronic check,63.41,2863.72,No
C-7fd9ca96,Male,0,Yes,No,63,Yes,Yes,DSL,No internet service,No internet service,No,No,Yes,Yes,Two year,Yes,Electronic check,46.02,2920.85,No
C-49b60dee,Female,0,No,No,29,Yes,Yes,Fiber optic,Yes,Yes,No,No,No internet service,No,Two year,No,Mailed check,59.67,1723.25,No
C-812567e9,Female,0,No,No,4,Yes,No,Fiber optic,Yes,Yes,No,No,No,Yes,Two year,No,Electronic check,69.51,270.85,Yes
C-fd64ecd5,Female,0,No,No,70,Yes,Yes,DSL,No,No,Yes,Yes,Yes,Yes,Two year,Yes,Mailed check,52.46,3691.98,No
C-508abf10,Female,0,Yes,No,43,Yes,Yes,Fiber optic,No,No internet service,No,No,Yes,Yes,Two year,Yes,Electronic check,53.62,2298.78,No
C-bb50c2b7,Female,0,Yes,Yes,39,Yes,Yes,No,No internet service,No internet service,No internet service,No internet service,No internet service,No internet service,Month-to-month,No,Bank transfer (automatic),30.1,1181.72,No
C-553bb435,Male,0,Yes,No,23,No,No phone service,Fiber optic,Yes,No internet service,No,Yes,Yes,No,Month-to-month,Yes,Bank transfer (automatic),66.04,1533.94,No
C-016dd539,Female,0,No,No,42,Yes,Yes,No,No internet service,No internet service,No internet service,No internet service,No internet service,No internet service,One year,Yes,Electronic check,31.21,1311.5,No
C-4731d8da,Female,0,No,No,49,No,No phone service,Fiber optic,No,No internet service,No internet service,No,Yes,Yes,Month-to-month,Yes,Mailed check,58.59,2869.33,No
C-9e2d61b6,Female,0,Yes,No,21,Yes,No,Fiber optic,Yes,No,No,Yes,Yes,Yes,Month-to-month,No,Bank transfer (automatic),71.55,1492.98,No
C-d946ddf6,Male,0,No,No,31,Yes,No,Fiber optic,No,Yes,No,Yes,No internet service,No,One year,No,Bank transfer (automatic),58.81,1799.34,No
C-751fb383,Female,0,Yes,No,47,Yes,No phone service,Fiber optic,Yes,Yes,Yes,No,Yes,No,Two year,Yes,Credit card (automatic),67.79,3169.82,No
C-7db38ef5,Female,0,Yes,No,15,Yes,No phone service,Fiber optic,No,Yes,Yes,Yes,No,No internet service,One year,No,Bank transfer (automatic),64.36,980.34,Yes
C-d3095354,Female,0,Yes,No,71,Yes,No phone service,Fiber optic,No,No,Yes,No,No,No,Month-to-month,Yes,Mailed check,50.49,3592.1,Yes
C-45155c35,Female,0,Yes,No,47,Yes,Yes,DSL,Yes,Yes,No,No,Yes,No,Two year,No,Electronic check,53.46,2497.65,No
C-264e0e47,Female,0,Yes,Yes,17,Yes,No phone service,DSL,No,No,No,No internet service,Yes,No,Two year,No,Mailed check,34.44,568.17,No
C-e6896e72,Male,0,Yes,Yes,45,No,No phone service,Fiber optic,No,No,Yes,Yes,No,No,Month-to-month,Yes,Mailed check,59.13,2678.45,No
C-d12bed21,Male,0,Yes,No,69,Yes,No,DSL,Yes,No,Yes,Yes,No,Yes,Month-to-month,Yes,Electronic check,56.92,3909.51,No
C-6f5e00f7,Male,0,No,No,59,Yes,No,Fiber optic,No,Yes,Yes,No,No internet service,No,One year,No,Electronic check,51.65,3070.17,No
C-03f38688,Male,0,No,No,72,Yes,Yes,No,No internet service,No internet service,No internet service,No internet service,No internet service,No internet service,One year,No,Mailed check,26.96,1980.57,No
C-1626ec70,Female,1,No,Yes,3,Yes,Yes,Fiber optic,No,No,Yes,Yes,No,No internet service,Month-to-month,No,Mailed check,57.06,162.86,Yes
C-00e2236a,Male,0,No,No,63,Yes,No,DSL,No,No,Yes,No,Yes,Yes,One year,No,Mailed check,50.25,3158.88,No
C-a9a01292,Female,0,Yes,No,5,Yes,No,Fiber optic,No,Yes,No,Yes,No,Yes,Month-to-month,Yes,Electronic check,65.28,329.16,Yes
C-48004ebf,Male,0,No,No,42,Yes,No,No,No internet service,No internet service,No internet service,No internet service,No internet service,No internet service,Month-to-month,Yes,Mailed check,31.05,1303.08,No
C-9bdf6651,Male,0,No,No,40,Yes,Yes,DSL,No,No,Yes,No,No,Yes,Month-to-month,Yes,Electronic check,47.14,1879.84,Yes
C-dd8cb490,Female,0,Yes,No,39,Yes,No,Fiber optic,No,No,Yes,Yes,Yes,Yes,One year,Yes,Electronic check,70.9,2779.94,No
C-7d2e4453,Male,0,No,Yes,56,Yes,No phone service,Fiber optic,No,No internet service,Yes,No,No,Yes,Two year,No,Bank transfer (automatic),58.11,3284.17,No
C-adcef0f9,Male,0,No,Yes,47,Yes,Yes,Fiber optic,No,Yes,Yes,No internet service,Yes,No,Month-to-month,Yes,Electronic check,63.85,3036.15,Yes
C-df52cc72,Male,1,No,Yes,52,No,No phone service,DSL,No,No,Yes,Yes,No,No,Month-to-month,Yes,Credit card (automatic),40.89,2084.96,No
C-3fb94d50,Female,0,Yes,No,16,No,No phone service,Fiber optic,Yes,Yes,No,No,Yes,No,Month-to-month,Yes,Bank transfer (automatic),70.88,1118.78,Yes
C-66d82025,Female,0,Yes,Yes,2,Yes,Yes,Fiber optic,No,No,Yes,Yes,Yes,No,One year,Yes,Bank transfer (automatic),60.5,118.42,Yes
C-1aea0b57,Female,0,Yes,Yes,5,Yes,Yes,Fiber optic,No,No,No,No,No,No internet service,One year,Yes,Bank transfer (automatic),42.22,221.36,Yes
C-544b5abf,Male,0,No,Yes,62,Yes,No,DSL,No,No,Yes,Yes,No,No,Month-to-month,Yes,Electronic check,42.69,2642.21,No
C-50575e95,Female,0,Yes,No,53,Yes,Yes,DSL,No internet service,No,No internet service,No,No,No,Month-to-month,No,Electronic check,35.2,1917.65,No
C-7d297ef8,Male,0,Yes,No,0,No,No phone service,Fiber optic,No,No,No,No,Yes,Yes,Month-to-month,Yes,Credit card (automatic),60.89,0.0,Yes
C-47d20096,Female,1,No,No,54,Yes,Yes,Fiber optic,No,No internet service,No,No,No,No internet service,Month-to-month,No,Bank transfer (automatic),48.03,2551.9,No
C-56cdeea2,Female,0,No,No,3,Yes,No,Fiber optic,No,No,Yes,No,Yes,No,Month-to-month,No,Electronic check,54.01,165.93,Yes
C-d417689d,Male,0,No,Yes,32,Yes,No,DSL,No internet service,No internet service,No,No,No,No,Month-to-month,Yes,Credit card (automatic),27.97,911.13,No
C-29c4da9e,Male,0,Yes,No,41,Yes,Yes,Fiber optic,No,No,No,No,No,No,One year,Yes,Mailed check,57.0,2316.04,No
C-2ec04a7e,Male,0,No,No,56,Yes,No,Fiber optic,No,No,No,No,No,No internet service,Month-to-month,No,Credit card (automatic),45.05,2483.19,No
C-4f1a41b3,Male,0,No,Yes,21,Yes,Yes,Fiber optic,No,Yes,No,Yes,Yes,No,Month-to-month,Yes,Mailed check,67.7,1421.17,No
C-f230c020,Female,0,Yes,No,16,Yes,Yes,Fiber optic,No internet service,Yes,No,Yes,No,No internet service,Two year,No,Bank transfer (automatic),61.06,990.47,No
C-e7dd5419,Female,0,No,Yes,49,Yes,No,Fiber optic,No,No,Yes,No,Yes,No,Month-to-month,No,Electronic check,57.8,2819.6,No
C-06d7f01d,Female,0,No,Yes,34,Yes,No,Fiber optic,No internet service,Yes,No,No,No,Yes,Month-to-month,Yes,Mailed check,57.31,1935.64,Yes
C-4e62ca96,Female,0,Yes,No,3,Yes,No phone service,DSL,No,Yes,Yes,No,No,No,Month-to-month,Yes,Bank transfer (automatic),45.25,170.73,Yes
C-9f2a9a0a,Female,1,No,No,25,Yes,No,Fiber optic,Yes,Yes,No internet service,Yes,No,Yes,Two year,No,Credit card (automatic),72.07,1796.3,No
C-777ab40d,Male,0,Yes,Yes,11,Yes,Yes,Fiber optic,No,Yes,No,No,No,No,Two year,No,Electronic check,58.84,663.99,Yes
C-46a47dbc,Female,0,No,No,71,Yes,No,Fiber optic,Yes,Yes,Yes,No,No,No internet service,Month-to-month,No,Mailed check,66.0,4695.5,No
C-9d80e129,Male,0,No,No,19,Yes,No,Fiber optic,Yes,No,No,No,Yes,No,Two year,No,Bank transfer (automatic),61.49,1158.34,Yes
C-d2f15adf,Male,0,Yes,No,67,Yes,No,Fiber optic,Yes,No,No,No,Yes,No,One year,Yes,Credit card (automatic),58.63,3941.05,No
C-de42e7cc,Male,1,Yes,Yes,69,Yes,No phone service,Fiber optic,No,No internet service,No,Yes,No,Yes,Month-to-month,Yes,Credit card (automatic),63.73,4425.88,Yes
C-3737dc69,Female,0,Yes,No,5,No,No phone service,Fiber optic,No,No,No,No,Yes,No,Two year,Yes,Mailed check,57.36,261.23,No
C-e2862161,Male,0,No,No,10,Yes,Yes,DSL,Yes,Yes,Yes,No,No,Yes,One year,No,Electronic check,55.62,556.0,No
C-6f3cff17,Female,0,Yes,Yes,38,Yes,Yes,No,No internet service,No internet service,No internet service,No internet service,No internet service,No internet service,Month-to-month,Yes,Mailed check,31.08,1199.02,No
C-249df8e4,Male,0,Yes,No,67,Yes,No,Fiber optic,No internet service,Yes,Yes,No,No,Yes,Two year,No,Credit card (automatic),64.72,4346.28,No
C-2fb525b9,Male,0,No,Yes,21,Yes,Yes,Fiber optic,No,No,No,No,Yes,Yes,Month-to-month,No,Electronic check,55.67,1167.88,Yes
C-4572e565,Male,0,No,No,34,Yes,No,DSL,No,Yes,Yes,No,No,No,Month-to-month,Yes,Credit card (automatic),40.7,1372.15,Yes
C-3f211d15,Female,0,No,No,64,Yes,No,Fiber optic,Yes,No internet service,Yes,No,Yes,No internet service,Two year,Yes,Mailed check,66.83,4302.57,No
C-9a87ed92,Male,0,Yes,Yes,42,Yes,Yes,Fiber optic,No,No,No,No,Yes,No,Two year,Yes,Mailed check,50.67,2140.79,No
C-75380cb4,Male,0,No,No,50,Yes,Yes,Fiber optic,No,Yes,No,Yes,Yes,No,Month-to-month,Yes,Bank transfer (automatic),63.03,3139.17,No
C-24ee7625,Male,0,Yes,No,35,Yes,No phone service,Fiber optic,No,No,No internet service,No,Yes,No,Month-to-month,Yes,Bank transfer (automatic),51.06,1818.93,Yes
C-a6699107,Female,1,Yes,No,48,No,No phone service,DSL,Yes,No,No,No,No,No,Two year,Yes,Bank transfer (automatic),40.12,1953.56,No
C-dad9da26,Female,0,No,Yes,34,No,No phone service,Fiber optic,No,No,No internet service,No,Yes,No,Two year,Yes,Electronic check,55.21,1866.38,Yes
C-0e1b8ade,Male,0,No,Yes,41,Yes,Yes,DSL,Yes,No internet service,No,No,No,No,Month-to-month,Yes,Electronic check,39.78,1608.54,Yes
C-bb44ee75,Male,0,Yes,Yes,14,Yes,Yes,Fiber optic,Yes,No,No,Yes,Yes,Yes,One year,Yes,Credit card (automatic),76.77,1015.86,No
C-51299992,Male,1,No,No,7,Yes,Yes,DSL,No,No,No,No,No,No,Month-to-month,No,Electronic check,28.26,195.67,No
C-18fcd537,Male,0,No,No,66,Yes,No phone service,Fiber optic,No,Yes,No,No,Yes,No,Two year,No,Credit card (automatic),61.95,4112.9,No
C-75e2ecd8,Male,0,No,No,16,Yes,No,No,No internet service,No internet service,No internet service,No internet service,No internet service,No internet service,Month-to-month,No,Electronic check,25.57,422.95,Yes
C-cbf3cd8b,Female,0,No,Yes,16,Yes,No phone service,DSL,No,Yes,Yes,No,Yes,No,Month-to-month,No,Electronic check,50.13,826.63,No
C-b0d407a0,Female,0,No,No,16,Yes,No,Fiber optic,No,Yes,No,No,Yes,Yes,Month-to-month,Yes,Electronic check,64.37,1043.42,Yes
C-0f72be0f,Male,0,Yes,Yes,67,Yes,No,No,No internet service,No internet service,No internet service,No internet service,No internet service,No internet service,Month-to-month,No,Bank transfer (automatic),27.66,1842.39,No
C-9250ea31,Female,0,Yes,No,4,Yes,Yes,Fiber optic,Yes,Yes,No,No,No internet service,No,Month-to-month,Yes,Credit card (automatic),59.93,222.09,Yes
C-6cda8797,Female,0,Yes,No,34,Yes,No phone service,Fiber optic,Yes,No,No,No,No,No,Month-to-month,No,Credit card (automatic),52.21,1717.65,No
C-fef57ef3,Female,0,Yes,No,40,Yes,Yes,Fiber optic,No,Yes,Yes,Yes,No internet service,No,Two year,No,Bank transfer (automatic),60.74,2421.89,No
C-0f5c8aa5,Female,0,Yes,No,60,Yes,Yes,Fiber optic,Yes,No,Yes,Yes,Yes,Yes,Two year,No,Electronic check,75.34,4507.71,No
C-29d8232e,Male,0,No,No,23,Yes,No,Fiber optic,No,No,No internet service,No,No,No,Month-to-month,Yes,Mailed check,52.71,1222.71,Yes
C-d0c74e96,Male,0,No,No,63,Yes,No,Fiber optic,No,No,No,No,No,Yes,One year,Yes,Electronic check,51.72,3271.77,No
C-30dbe0ef,Female,1,Yes,No,45,Yes,Yes,Fiber optic,No,Yes,No internet service,No,Yes,Yes,One year,Yes,Electronic check,67.04,3026.28,No
C-100b36f3,Male,0,Yes,Yes,54,Yes,No,Fiber optic,No internet service,No,No,No,No,Yes,One year,Yes,Electronic check,54.05,2924.48,No
C-29506fa7,Female,0,No,No,28,Yes,Yes,No,No internet service,No internet service,No internet service,No internet service,No internet service,No internet service,Month-to-month,Yes,Bank transfer (automatic),27.48,796.27,Yes
C-7f6b999c,Female,0,Yes,No,37,Yes,No,DSL,No,No,Yes,No,No,No,One year,Yes,Credit card (automatic),38.35,1406.29,No
C-054f951b,Female,0,Yes,Yes,62,Yes,No,Fiber optic,No,No,No,No,No,Yes,Month-to-month,Yes,Mailed check,53.26,3321.65,Yes
C-60290171,Male,1,Yes,No,0,Yes,Yes,Fiber optic,No,Yes,Yes,Yes,No,Yes,Month-to-month,Yes,Electronic check,68.7,0.0,Yes
C-a3bdee53,Male,0,No,Yes,72,Yes,Yes,DSL,No internet service,No internet service,No,No,No,No,Month-to-month,No,Electronic check,34.04,2419.75,No
C-0cb3588b,Male,0,No,No,52,Yes,Yes,DSL,Yes,No,No,No,Yes,No,Month-to-month,No,Bank transfer (automatic),44.3,2294.1,No
C-456a9621,Male,0,Yes,No,39,Yes,Yes,DSL,No,No,No,No,No internet service,No,One year,No,Electronic check,26.05,1034.1,No
C-9ce5fb50,Male,0,No,No,25,Yes,Yes,Fiber optic,No,No,No,No internet service,Yes,Yes,Two year,Yes,Mailed check,63.63,1583.03,No
C-56c9c05c,Male,0,Yes,No,62,Yes,Yes,Fiber optic,Yes,No,No,No,Yes,No,Month-to-month,No,Mailed check,54.81,3401.71,No
C-f9573a06,Female,0,Yes,Yes,22,Yes,Yes,No,No internet service,No internet service,No internet service,No internet service,No internet service,No internet service,Two year,No,Mailed check,30.24,662.35,No
C-bfd5a633,Female,0,Yes,No,48,Yes,Yes,Fiber optic,Yes,Yes,No,No,Yes,No internet service,One year,No,Mailed check,66.87,3192.24,No
C-11c45681,Male,0,No,Yes,61,Yes,No phone service,Fiber optic,No,No,No,No,Yes,Yes,Month-to-month,No,Electronic check,57.32,3512.63,Yes
C-6bbd3700,Male,1,Yes,No,55,Yes,No,Fiber optic,No,Yes,No internet service,No,No,Yes,Two year,No,Electronic check,57.06,3107.42,No
C-535f0d32,Female,0,No,No,39,Yes,Yes,Fiber optic,No,No,No,Yes,No internet service,Yes,Month-to-month,Yes,Electronic check,59.93,2336.82,No
C-8de886ec,Female,0,Yes,No,66,Yes,No,Fiber optic,Yes,Yes,Yes,No,No internet service,No,Month-to-month,No,Mailed check,63.86,4181.41,Yes
C-0fa71523,Male,0,No,No,69,No,No phone service,Fiber optic,No,No,No,No,Yes,Yes,Month-to-month,Yes,Credit card (automatic),70.54,4885.78,Yes
C-67a5cf4b,Female,0,Yes,No,6,Yes,No,Fiber optic,No,No,No,Yes,No,No,Month-to-month,No,Credit card (automatic),53.81,321.59,Yes
C-b50b4ad9,Female,0,Yes,No,11,Yes,No,Fiber optic,No internet service,No internet service,No,Yes,Yes,No,Month-to-month,No,Mailed check,58.12,634.62,No
C-a3290592,Male,0,Yes,No,14,Yes,No,DSL,Yes,Yes,Yes,Yes,Yes,No internet service,Month-to-month,No,Mailed check,57.08,821.39,No
C-6d2ec1a2,Male,1,No,No,24,Yes,Yes,DSL,Yes,No,Yes,No,No internet service,Yes,Month-to-month,Yes,Credit card (automatic),47.81,1114.46,No
C-9e9a0d76,Female,0,Yes,Yes,64,Yes,No,Fiber optic,No internet service,Yes,No,No,No,No internet service,Two year,No,Bank transfer (automatic),51.0,3236.9,No
C-191af08e,Male,0,No,No,70,Yes,No phone service,DSL,No,Yes,Yes,No,No,Yes,Month-to-month,No,Bank transfer (automatic),44.47,3086.29,Yes
C-f6221b53,Female,0,No,No,40,Yes,Yes,Fiber optic,No,Yes,No,Yes,No,No internet service,Month-to-month,Yes,Electronic check,51.94,2045.13,No
C-4d2a25dc,Female,0,Yes,No,19,Yes,No phone service,Fiber optic,No,No,No,Yes,Yes,Yes,Month-to-month,No,Credit card (automatic),70.89,1327.84,Yes
C-2655f726,Female,0,No,No,19,Yes,No,No,No internet service,No internet service,No internet service,No internet service,No internet service,No internet service,Month-to-month,Yes,Mailed check,28.62,555.04,No
C-67c2e8a9,Female,1,Yes,No,46,Yes,Yes,Fiber optic,No internet service,Yes,Yes,No,No,Yes,Month-to-month,Yes,Mailed check,65.41,3019.58,No
C-c385b122,Male,0,Yes,No,20,Yes,No,Fiber optic,No,No,No,No,No,Yes,Month-to-month,Yes,Bank transfer (automatic),58.03,1169.21,Yes
C-ba95b304,Male,0,Yes,No,69,Yes,No,No,No internet service,No internet service,No internet service,No internet service,No internet service,No internet service,One year,Yes,Credit card (automatic),29.97,2041.02,No
C-8f0e0669,Female,0,Yes,Yes,65,Yes,No,Fiber optic,Yes,No,No,No,No,Yes,Month-to-month,Yes,Credit card (automatic),66.02,4313.4,No
C-ae3dcac6,Male,0,No,No,34,Yes,No,DSL,No,Yes,No,Yes,No,No,Month-to-month,Yes,Electronic check,41.45,1431.61,Yes
C-f8d5bc47,Female,0,No,Yes,4,Yes,No phone service,Fiber optic,Yes,No,No,No,No,No internet service,Two year,No,Electronic check,51.1,216.67,Yes
C-524cb602,Female,0,Yes,No,34,Yes,Yes,Fiber optic,Yes,Yes,No,No,No,Yes,Month-to-month,No,Electronic check,71.8,2431.47,No
C-fd9cd35d,Male,0,No,No,72,Yes,No,Fiber optic,Yes,No,No,No,No internet service,No,Month-to-month,Yes,Bank transfer (automatic),54.1,3887.6,Yes
C-908f4108,Male,0,Yes,Yes,51,Yes,No,Fiber optic,Yes,Yes,No,No,No internet service,No,Month-to-month,Yes,Mailed check,58.31,3007.02,Yes
C-9652ab29,Female,0,Yes,No,8,Yes,Yes,Fiber optic,No,No,No,No,No,No,Month-to-month,Yes,Credit card (automatic),45.75,354.1,Yes
C-66f94229,Male,0,Yes,No,40,Yes,No,Fiber optic,No,Yes,Yes,No,No,No,Month-to-month,No,Mailed check,49.52,1977.43,No
C-1eca31a4,Female,0,Yes,Yes,12,No,No phone service,Fiber optic,No,Yes,Yes,No,Yes,No,Month-to-month,Yes,Electronic check,62.97,771.08,Yes
C-93a9d0f5,Female,0,Yes,Yes,8,Yes,No,No,No internet service,No internet service,No internet service,No internet service,No internet service,No internet service,Two year,No,Electronic check,27.15,239.02,No
C-d66ca4fa,Female,0,Yes,No,66,Yes,Yes,No,No internet service,No internet service,No internet service,No internet service,No internet service,No internet service,Two year,Yes,Mailed check,35.25,2305.94,No
C-80d923b4,Female,0,No,No,20,Yes,Yes,DSL,Yes,No,No,No,Yes,Yes,Month-to-month,Yes,Bank transfer (automatic),46.71,925.15,No
C-f1618e64,Female,0,Yes,No,60,Yes,No,Fiber optic,Yes,No internet service,No internet service,Yes,No internet service,No,Month-to-month,Yes,Mailed check,57.72,3473.04,No
C-99909c8c,Male,0,No,No,0,Yes,Yes,Fiber optic,No,No internet service,No,No,No,Yes,Month-to-month,Yes,Mailed check,53.49,34.15,Yes
C-0ba39c5c,Female,0,Yes,No,7,Yes,Yes,DSL,No,No,No internet service,Yes,Yes,Yes,Month-to-month,Yes,Bank transfer (automatic),47.74,335.37,Yes
C-5ab43346,Female,1,No,No,9,Yes,Yes,Fiber optic,Yes,No,No,No,No,No,Month-to-month,Yes,Mailed check,57.27,554.35,Yes
C-b8c9b524,Male,0,No,No,70,Yes,No phone service,Fiber optic,No,No,Yes,No,No,No,Two year,Yes,Mailed check,51.83,3600.23,No
C-a98c6d95,Male,0,No,No,47,Yes,No,Fiber optic,No,No internet service,Yes,Yes,Yes,No,Month-to-month,Yes,Credit card (automatic),60.99,2865.49,Yes
C-eaed6820,Female,1,Yes,Yes,2,Yes,Yes,Fiber optic,No,Yes,No,No,No,No internet service,One year,Yes,Electronic check,58.31,131.56,Yes
C-cedd86c6,Male,0,No,No,47,Yes,No,DSL,No,Yes,No,No,Yes,No,Two year,No,Mailed check,40.46,1867.27,No
C-9262898d,Female,0,No,Yes,9,Yes,No,DSL,No,No,No,No,No,Yes,One year,Yes,Electronic check,40.16,375.44,Yes
C-11131be5,Male,0,No,Yes,12,Yes,Yes,No,No internet service,No internet service,No internet service,No internet service,No internet service,No internet service,Two year,No,Electronic check,27.38,359.54,No
C-eefb24b2,Male,0,No,No,41,Yes,No,Fiber optic,No,Yes,Yes,No,No,No,Two year,Yes,Mailed check,62.33,2520.47,No
C-5db7440f,Female,0,No,No,33,Yes,No,DSL,No,Yes,No,No,Yes,No,Two year,No,Bank transfer (automatic),45.43,1503.27,No
C-2f8f9259,Female,0,Yes,No,64,Yes,No phone service,Fiber optic,No,No internet service,Yes,Yes,Yes,No,One year,Yes,Credit card (automatic),57.39,3635.73,No
C-51b5629a,Male,0,Yes,Yes,36,Yes,Yes,Fiber optic,No,No internet service,Yes,Yes,No,No internet service,Month-to-month,No,Electronic check,59.25,2098.74,Yes
C-e3dde109,Male,0,Yes,No,16,Yes,No,Fiber optic,No,Yes,Yes,No internet service,No,No,Month-to-month,No,Credit card (automatic),53.25,870.51,Yes
C-70c858be,Male,0,Yes,No,15,Yes,No,Fiber optic,No internet service,Yes,No,Yes,No internet service,No,One year,Yes,Bank transfer (automatic),57.9,882.92,No
C-db7ee279,Female,0,No,Yes,62,No,No phone service,Fiber optic,No,No,No,Yes,No internet service,Yes,Month-to-month,No,Bank transfer (automatic),61.66,3814.99,Yes
C-9b54ca96,Male,0,No,Yes,0,Yes,No,Fiber optic,No,No,No,No,Yes,No,Two year,Yes,Mailed check,54.9,0.34,Yes
C-37e043dc,Female,0,No,No,22,Yes,Yes,Fiber optic,No internet service,Yes,No,Yes,No,No,Month-to-month,Yes,Credit card (automatic),54.56,1174.32,Yes
C-333633f4,Male,0,Yes,No,17,Yes,No,Fiber optic,No,No,No,No,No,No,Month-to-month,No,Mailed check,50.84,878.05,Yes
C-d8305681,Female,0,Yes,No,22,Yes,Yes,Fiber optic,No,No internet service,No,Yes,No,No,Two year,No,Electronic check,54.21,1167.16,No
C-b02a135c,Female,1,Yes,No,15,No,No phone service,Fiber optic,No,Yes,No,No,Yes,Yes,Month-to-month,Yes,Mailed check,60.04,900.56,Yes
C-e75405ec,Female,0,No,No,39,Yes,No,Fiber optic,No,No internet service,Yes,Yes,Yes,No,Two year,No,Credit card (automatic),61.72,2426.56,No
C-8192cf87,Female,0,No,No,8,Yes,Yes,DSL,No,No,Yes,No internet service,Yes,No,One year,No,Credit card (automatic),47.68,379.31,No
C-7c9b3a7c,Male,0,Yes,No,42,Yes,No,Fiber optic,No,No,No,Yes,Yes,Yes,Month-to-month,Yes,Electronic check,68.22,2879.85,No
C-d957c3ce,Female,0,Yes,No,5,Yes,No,Fiber optic,No,Yes,No,No,Yes,Yes,Two year,Yes,Mailed check,62.85,324.81,Yes
C-de3d1c26,Male,0,No,No,25,Yes,Yes,DSL,Yes,No,No internet service,No,No,Yes,One year,No,Credit card (automatic),39.65,942.14,No
C-142bd72c,Male,0,No,No,70,Yes,Yes,Fiber optic,No,No,No,No,No,Yes,Two year,Yes,Credit card (automatic),55.12,3851.25,No
C-37e704fb,Female,0,No,No,38,Yes,Yes,Fiber optic,Yes,No internet service,No internet service,No,Yes,No internet service,Month-to-month,No,Electronic check,61.99,2359.65,Yes
C-125fe968,Male,1,Yes,Yes,31,Yes,Yes,DSL,No,No,Yes,No,Yes,Yes,Month-to-month,Yes,Bank transfer (automatic),45.49,1391.66,No
C-0ef001f8,Female,0,No,No,40,Yes,Yes,Fiber optic,No,No,Yes,Yes,No,No internet service,Month-to-month,Yes,Mailed check,57.68,2305.2,No
C-43b16b58,Female,1,Yes,No,42,Yes,No,Fiber optic,No,Yes,No,No,No,No internet service,Two year,Yes,Mailed check,53.64,2236.85,No
C-fec20b1b,Male,1,Yes,Yes,50,Yes,No,DSL,No,Yes,No,Yes,No internet service,No internet service,One year,Yes,Bank transfer (automatic),44.26,2201.86,No
C-db82e48a,Male,0,No,No,29,No,No phone service,DSL,Yes,No,No,No,No,Yes,Month-to-month,No,Electronic check,42.89,1285.86,Yes
C-60210ed3,Female,0,No,No,61,Yes,Yes,Fiber optic,No,No,No,No internet service,Yes,No,Month-to-month,No,Mailed check,54.68,3395.67,Yes
C-1e04c342,Male,0,No,No,8,No,No phone service,DSL,Yes,Yes,No,No internet service,Yes,Yes,Month-to-month,Yes,Credit card (automatic),58.09,485.51,Yes
C-6a78710b,Male,1,No,No,19,No,No phone service,No,No internet service,No internet service,No internet service,No internet service,No internet service,No internet service,Two year,Yes,Electronic check,28.27,564.92,No
C-aa596e93,Female,0,Yes,No,24,Yes,No,DSL,Yes,No internet service,Yes,No,Yes,No,Month-to-month,Yes,Electronic check,45.29,1076.62,Yes
C-da652d7b,Female,0,No,No,18,Yes,Yes,DSL,No,No,No,No,No,Yes,One year,No,Bank transfer (automatic),37.19,676.67,Yes
C-1201498a,Female,1,Yes,No,23,Yes,No phone service,Fiber optic,No,No,Yes,No,No,No,Month-to-month,No,Bank transfer (automatic),49.84,1120.46,No
C-24d80588,Male,0,No,No,17,Yes,Yes,Fiber optic,No,Yes,No,No,No internet service,No,Month-to-month,No,Credit card (automatic),52.51,878.35,No
C-59defee8,Female,0,Yes,Yes,7,Yes,No,Fiber optic,No internet service,No,No,No,Yes,No,Month-to-month,Yes,Electronic check,51.74,380.85,Yes
C-de163ed4,Male,0,No,No,37,Yes,Yes,Fiber optic,Yes,Yes,Yes,No,No,Yes,One year,No,Electronic check,71.74,2650.71,No
C-73b82730,Female,1,Yes,No,27,Yes,Yes,Fiber optic,No internet service,No internet service,No,Yes,Yes,No,Two year,Yes,Mailed check,59.06,1583.15,No
C-e9e06078,Male,1,Yes,Yes,48,Yes,No,Fiber optic,No,No internet service,Yes,Yes,No,No,Two year,No,Credit card (automatic),54.77,2606.29,No
C-15c66056,Male,1,Yes,Yes,63,Yes,No,DSL,No,No,Yes,No,Yes,No,Month-to-month,No,Electronic check,44.91,2825.55,Yes
C-274f3b73,Female,1,No,No,2,Yes,No,Fiber optic,Yes,No,No,No,Yes,No,Month-to-month,No,Electronic check,60.59,111.22,Yes
C-84ae2b44,Female,0,Yes,No,14,Yes,No,DSL,No,No,No,No,No,No,One year,Yes,Credit card (automatic),32.43,411.93,No
C-4bbd805c,Male,0,Yes,No,9,Yes,Yes,Fiber optic,No,No,No,No,No internet service,No,Two year,No,Mailed check,39.7,360.39,No
C-9ca45af0,Female,0,No,Yes,65,Yes,No,Fiber optic,No internet service,No,No,No internet service,Yes,No,Month-to-month,Yes,Electronic check,52.02,3406.32,No
C-071b179b,Male,0,Yes,No,39,Yes,Yes,No,No internet service,No internet service,No internet service,No internet service,No internet service,No internet service,Month-to-month,Yes,Electronic check,23.3,898.29,No
C-db26d7d7,Male,0,Yes,No,30,Yes,Yes,No,No internet service,No internet service,No internet service,No internet service,No internet service,No internet service,Month-to-month,No,Credit card (automatic),31.94,957.79,No
C-4831968d,Male,1,Yes,Yes,10,Yes,No,DSL,No,No,No internet service,Yes,No,No,Month-to-month,Yes,Electronic check,34.92,351.43,Yes
C-4b70795c,Female,0,Yes,No,4,Yes,No phone service,DSL,Yes,Yes,Yes,Yes,No,Yes,One year,No,Electronic check,55.68,260.62,No
C-5411a9f1,Female,0,No,Yes,63,Yes,No,Fiber optic,No,No,No,Yes,No internet service,Yes,Two year,Yes,Electronic check,55.58,3524.03,No
C-7e6464d1,Female,0,No,No,55,Yes,No,Fiber optic,No internet service,No,No,No,No,No,One year,Yes,Electronic check,55.98,3079.3,Yes
C-82141916,Male,0,Yes,No,57,Yes,No,Fiber optic,No internet service,Yes,Yes,No,Yes,No,Month-to-month,No,Mailed check,60.97,3467.59,No
C-e32f7f5d,Male,1,No,No,6,Yes,No phone service,Fiber optic,No,Yes,No,Yes,Yes,No internet service,One year,No,Mailed check,66.74,387.25,No
C-bb334052,Female,0,Yes,No,5,Yes,Yes,Fiber optic,No,No,No,No,Yes,No,Month-to-month,Yes,Credit card (automatic),53.95,250.22,Yes
C-f3ae2495,Female,0,No,No,59,Yes,Yes,DSL,Yes,Yes,No,Yes,No,Yes,Month-to-month,Yes,Credit card (automatic),52.37,3077.32,No
C-0c2741e2,Male,0,Yes,No,1,No,No phone service,Fiber optic,Yes,Yes,No,No,No,No internet service,Month-to-month,No,Electronic check,56.99,54.5,Yes
C-d4c45a96,Female,1,No,Yes,67,Yes,Yes,DSL,Yes,Yes,No,No,No,No internet service,One year,Yes,Electronic check,46.59,3091.16,No
C-53209f12,Male,0,No,Yes,5,No,No phone service,Fiber optic,No,Yes,No,No,Yes,No,Month-to-month,No,Electronic check,61.03,291.65,Yes
C-57307478,Female,0,Yes,Yes,39,Yes,Yes,No,No internet service,No internet service,No internet service,No internet service,No internet service,No internet service,Two year,Yes,Bank transfer (automatic),31.29,1199.46,No
C-7bc9402c,Female,0,No,No,52,Yes,Yes,Fiber optic,Yes,Yes,Yes,Yes,No,No,One year,Yes,Electronic check,67.46,3525.89,No
C-bc907038,Female,1,No,No,65,Yes,No phone service,Fiber optic,No,Yes,No,No,No,No,One year,Yes,Mailed check,51.02,3315.8,Yes
C-256a653f,Female,0,Yes,No,44,Yes,No,DSL,No,No,No,Yes,Yes,Yes,Month-to-month,No,Mailed check,53.56,2341.39,No
C-f8628755,Female,0,No,No,65,Yes,Yes,Fiber optic,No,No,No,No,Yes,No internet service,Two year,Yes,Mailed check,46.82,3010.05,No
C-53bdc8a4,Male,1,No,No,68,Yes,Yes,DSL,No,No,Yes,No,Yes,No,One year,Yes,Electronic check,39.2,2688.78,No
C-38ee4e3d,Female,0,Yes,No,61,Yes,Yes,Fiber optic,No,No,No,No,Yes,Yes,Month-to-month,Yes,Electronic check,57.19,3473.29,Yes
C-82e3f111,Male,1,Yes,No,14,Yes,No phone service,Fiber optic,No,Yes,Yes,No,No internet service,No internet service,Month-to-month,No,Mailed check,62.08,882.87,Yes
C-0fed33e6,Female,0,Yes,Yes,57,Yes,No phone service,No,No internet service,No internet service,No internet service,No internet service,No internet service,No internet service,Month-to-month,No,Electronic check,28.11,1602.06,Yes
C-3ba692be,Female,0,No,No,59,Yes,No,Fiber optic,No,Yes,No,No,Yes,No,Month-to-month,Yes,Bank transfer (automatic),53.74,3154.13,No
C-56939747,Female,0,No,No,15,Yes,No phone service,Fiber optic,Yes,Yes,No,No internet service,No,No,Month-to-month,No,Electronic check,61.09,932.79,Yes
C-87f1f0ab,Male,0,Yes,No,5,Yes,Yes,Fiber optic,No,No,Yes,No,Yes,No,One year,Yes,Bank transfer (automatic),63.69,305.01,No
C-d11d32bc,Female,0,No,Yes,14,Yes,No phone service,DSL,No internet service,No,No,No,Yes,Yes,Two year,Yes,Electronic check,45.1,644.55,No
C-91f94001,Male,0,No,No,24,Yes,Yes,No,No internet service,No internet service,No internet service,No internet service,No internet service,No internet service,One year,No,Electronic check,33.6,800.46,No
C-47752570,Male,0,Yes,No,15,Yes,Yes,Fiber optic,Yes,No,Yes,No,No,No,Month-to-month,Yes,Electronic check,57.91,900.43,Yes
C-8c5c4e5b,Male,1,Yes,No,16,Yes,No,Fiber optic,Yes,No,Yes,No,Yes,No,Month-to-month,Yes,Bank transfer (automatic),65.14,1066.66,No
C-c67ed1cd,Female,0,Yes,No,62,Yes,No,Fiber optic,No,Yes,Yes,No,No,Yes,Month-to-month,No,Credit card (automatic),62.45,3870.1,Yes
C-843dfbdf,Female,0,Yes,Yes,32,Yes,No phone service,DSL,No,Yes,No,No,No internet service,Yes,Month-to-month,Yes,Electronic check,46.48,1498.11,No
C-1adf0dc9,Female,0,Yes,Yes,31,No,No phone service,Fiber optic,No,No,No,No,Yes,Yes,One year,No,Mailed check,65.76,2024.44,No
C-05d0f3aa,Female,0,Yes,No,72,No,No phone service,Fiber optic,Yes,No internet service,No,No,No,No,One year,Yes,Electronic check,56.25,4066.63,Yes
C-dffadbad,Female,0,Yes,Yes,31,Yes,No,DSL,No,No,Yes,No,Yes,No,One year,Yes,Electronic check,44.2,1363.74,No
C-312c0f52,Male,0,No,No,37,Yes,No phone service,Fiber optic,No internet service,Yes,Yes,Yes,Yes,Yes,One year,No,Bank transfer (automatic),69.96,2592.27,Yes
C-ca89b9c4,Female,0,No,No,62,Yes,No phone service,DSL,Yes,No,No,No,No,No,One year,No,Mailed check,38.54,2366.92,No
C-5a02d303,Female,1,Yes,No,54,Yes,Yes,Fiber optic,No,No,No,No,Yes,No,One year,No,Mailed check,48.34,2633.21,No
C-6cdb071e,Male,1,Yes,No,54,Yes,No phone service,Fiber optic,No,No,No,No,Yes,No,One year,No,Mailed check,56.19,3041.96,No
C-12badd2d,Female,0,No,No,45,No,No phone service,DSL,No,Yes,No,Yes,No,No,Month-to-month,Yes,Electronic check,44.99,2028.13,Yes
C-b007f737,Female,0,No,No,25,Yes,Yes,DSL,No,No,No internet service,No,No,Yes,Month-to-month,Yes,Electronic check,40.08,990.14,No
C-b206bdbf,Female,1,No,No,66,Yes,No,Fiber optic,Yes,Yes,Yes,No internet service,Yes,Yes,Month-to-month,Yes,Electronic check,70.29,4630.91,Yes
C-8e34dd25,Female,0,No,No,39,Yes,Yes,Fiber optic,Yes,Yes,No,Yes,No,No,Two year,Yes,Electronic check,62.84,2483.59,No
C-9872334c,Male,0,No,Yes,13,Yes,Yes,No,No internet service,No internet service,No internet service,No internet service,No internet service,No internet service,Two year,Yes,Mailed check,28.95,430.86,No
C-eea319d1,Female,0,No,Yes,1,No,No phone service,Fiber optic,No,No,No,No,No,Yes,Month-to-month,Yes,Electronic check,55.71,39.74,Yes
C-0d7b3114,Female,0,Yes,No,13,Yes,Yes,Fiber optic,Yes,Yes,Yes,No,No,No internet service,One year,Yes,Bank transfer (automatic),59.57,768.13,No
C-85f22445,Female,0,Yes,Yes,17,Yes,No phone service,DSL,No,Yes,No,No,No,Yes,Two year,No,Electronic check,44.91,769.48,No
C-5146b536,Female,0,Yes,No,59,Yes,No phone service,Fiber optic,Yes,Yes,No,No,Yes,No,Month-to-month,No,Bank transfer (automatic),68.03,4003.58,Yes
C-d53050e2,Male,0,Yes,Yes,30,Yes,Yes,Fiber optic,Yes,Yes,Yes,No,Yes,Yes,Month-to-month,Yes,Electronic check,77.12,2344.16,Yes
C-f26569f9,Male,1,Yes,Yes,26,No,No phone service,Fiber optic,No,No,No,No,Yes,No internet service,Two year,Yes,Credit card (automatic),57.47,1478.27,No
C-19271928,Male,0,No,No,14,Yes,No,Fiber optic,Yes,Yes,No,No,Yes,No,Month-to-month,No,Bank transfer (automatic),66.53,971.85,Yes
C-1019432a,Female,0,Yes,No,43,Yes,Yes,Fiber optic,Yes,No,No,No,No,No,Two year,Yes,Electronic check,57.56,2508.04,No
C-2df5369b,Male,0,Yes,Yes,52,Yes,No,DSL,Yes,No,Yes,No,No,No,Two year,Yes,Credit card (automatic),46.13,2390.29,No
C-2558b206,Female,0,Yes,Yes,24,Yes,Yes,Fiber optic,No,No,Yes,No,Yes,Yes,Month-to-month,Yes,Mailed check,70.67,1696.22,Yes
C-29a8057d,Male,0,Yes,Yes,28,Yes,Yes,Fiber optic,Yes,No,Yes,No,Yes,No,One year,No,Mailed check,62.13,1762.95,No
C-f172db54,Female,0,No,No,45,Yes,No,Fiber optic,Yes,No internet service,No,No,Yes,No,Month-to-month,No,Credit card (automatic),60.54,2716.06,No
C-5187998f,Female,0,Yes,No,68,Yes,Yes,Fiber optic,No,No,Yes,No,No,No,Month-to-month,No,Electronic check,47.92,3246.89,Yes
C-6a307e7c,Female,0,Yes,No,3,No,No phone service,Fiber optic,Yes,No,No,Yes,No,Yes,One year,No,Electronic check,62.04,158.43,No
C-1caafc42,Female,0,Yes,Yes,26,No,No phone service,Fiber optic,Yes,No,No,Yes,Yes,No,Month-to-month,Yes,Electronic check,66.25,1720.44,No
C-fa722c06,Female,1,No,Yes,41,Yes,No,No,No internet service,No internet service,No internet service,No internet service,No internet service,No internet service,Month-to-month,Yes,Credit card (automatic),29.03,1190.28,Yes
C-5d19e46d,Female,0,No,No,63,No,No phone service,Fiber optic,Yes,No,No,No,Yes,No,Two year,Yes,Electronic check,62.59,3980.83,No
C-96c8bf7e,Male,0,Yes,Yes,2,Yes,Yes,Fiber optic,Yes,Yes,No internet service,No,No,Yes,One year,Yes,Electronic check,66.67,138.5,Yes
C-f4e64784,Male,0,No,No,38,Yes,No phone service,Fiber optic,No,No,No,No,No,Yes,Month-to-month,Yes,Electronic check,54.22,2048.53,No
C-16849cf3,Female,0,Yes,No,37,Yes,Yes,Fiber optic,No,No,No,No,Yes,No,Month-to-month,No,Credit card (automatic),57.59,2139.9,Yes
C-7e93b633,Male,0,Yes,No,30,Yes,No phone service,DSL,Yes,No,No,No,No,Yes,Month-to-month,Yes,Credit card (automatic),44.34,1320.77,Yes
C-7929ee05,Male,0,No,Yes,26,Yes,Yes,Fiber optic,No,No,No,No,Yes,No,Two year,No,Bank transfer (automatic),54.64,1428.03,No
C-3d791d83,Male,0,No,No,43,Yes,No phone service,Fiber optic,No,Yes,Yes,No,No internet service,Yes,Month-to-month,Yes,Credit card (automatic),63.32,2735.04,Yes
C-aa671e8f,Male,0,No,Yes,56,Yes,Yes,DSL,No internet service,No,No,No,No,Yes,Month-to-month,No,Mailed check,41.02,2330.91,No
C-9673bdd2,Female,0,Yes,No,46,Yes,Yes,DSL,No,No,No,No,Yes,No,Two year,Yes,Electronic check,40.2,1820.9,No
C-98e27b8c,Female,0,No,No,32,Yes,No,DSL,No,No,Yes,No,No,No internet service,Month-to-month,Yes,Electronic check,37.34,1208.57,No
C-d8516ac0,Male,0,Yes,No,53,Yes,Yes,Fiber optic,No internet service,No,No internet service,No,No,No,Month-to-month,No,Electronic check,47.16,2489.96,Yes
C-02dacfd0,Female,0,No,Yes,61,Yes,No,DSL,Yes,No,No,No,Yes,Yes,One year,Yes,Electronic check,52.97,3207.7,No
C-fa0d1723,Female,1,No,Yes,63,Yes,No,Fiber optic,No,Yes,No internet service,Yes,No,Yes,Month-to-month,Yes,Mailed check,62.13,3896.26,Yes
C-93842d00,Male,0,No,No,40,Yes,No,Fiber optic,No,Yes,No internet service,No,No,No,Month-to-month,Yes,Bank transfer (automatic),53.66,2148.44,No
C-99970f09,Male,0,Yes,Yes,72,Yes,Yes,Fiber optic,No,No,Yes,No internet service,Yes,No,Two year,Yes,Credit card (automatic),59.34,4264.48,No
C-53fa0126,Male,0,Yes,No,8,No,No phone service,Fiber optic,Yes,Yes,No,No,No,No,Two year,Yes,Electronic check,57.42,450.54,No
C-a3644fa9,Female,0,Yes,No,27,Yes,No phone service,Fiber optic,No,Yes,No internet service,Yes,No,No,One year,Yes,Credit card (automatic),67.1,1804.22,No
C-1260781f,Female,0,Yes,No,36,Yes,No,Fiber optic,No,No,No,No,Yes,Yes,Month-to-month,Yes,Bank transfer (automatic),61.03,2205.81,Yes
C-1b7cd0f3,Male,0,Yes,No,25,Yes,No phone service,DSL,Yes,No,No,Yes,No,No,Two year,Yes,Credit card (automatic),42.62,1087.04,No
C-2e28904d,Male,0,No,Yes,18,Yes,Yes,DSL,No,No internet service,No internet service,No,No,Yes,Two year,No,Bank transfer (automatic),39.79,720.04,No
C-3a11dafa,Male,1,Yes,No,54,Yes,Yes,DSL,No internet service,No,No,Yes,Yes,No,One year,Yes,Mailed check,43.58,2330.74,No
C-76b4e6b4,Female,0,No,No,48,Yes,Yes,DSL,No,Yes,No internet service,No,Yes,No internet service,Month-to-month,Yes,Bank transfer (automatic),43.52,2099.57,No
C-76777fcf,Male,0,No,No,3,Yes,No phone service,Fiber optic,No,Yes,Yes,No internet service,Yes,No,One year,Yes,Electronic check,64.22,216.36,Yes
C-336e165e,Male,0,No,No,4,Yes,No,No,No internet service,No internet service,No internet service,No internet service,No internet service,No internet service,Two year,Yes,Mailed check,24.11,114.87,No
C-12579c0a,Male,0,Yes,No,44,Yes,No,Fiber optic,Yes,Yes,Yes,No,No,No,Month-to-month,Yes,Bank transfer (automatic),59.16,2581.68,No
C-18d72ded,Female,0,Yes,Yes,53,Yes,No,Fiber optic,No,No,Yes,No,Yes,No,Two year,Yes,Mailed check,59.17,3141.83,No
C-127fc9e1,Female,0,Yes,No,59,No,No phone service,DSL,No,Yes,Yes,No,No,Yes,Month-to-month,No,Electronic check,43.24,2551.48,No
C-bba0cd5f,Female,0,Yes,No,28,Yes,Yes,Fiber optic,Yes,No,No,Yes,No,No,Month-to-month,Yes,Electronic check,56.81,1610.22,No
C-9f9f073d,Male,0,Yes,No,9,Yes,No,Fiber optic,No,No,No,No,Yes,No,Two year,Yes,Mailed check,55.81,481.96,Yes
C-462f88aa,Female,0,Yes,No,57,Yes,Yes,No,No internet service,No internet service,No internet service,No internet service,No internet service,No internet service,Month-to-month,No,Mailed check,29.03,1689.99,No
C-92b937c7,Male,0,Yes,No,25,Yes,No phone service,DSL,Yes,No,No,No,Yes,No,Month-to-month,Yes,Electronic check,49.11,1210.34,Yes
C-69f70bc3,Female,1,Yes,No,4,Yes,No phone service,Fiber optic,No,No,Yes,Yes,No,No,Month-to-month,No,Electronic check,58.35,216.01,Yes
C-a203a543,Female,0,Yes,No,2,Yes,Yes,DSL,No,Yes,No internet service,No,No,No,Month-to-month,Yes,Electronic check,37.97,125.07,Yes
C-e9d51c2e,Male,0,Yes,No,38,Yes,Yes,Fiber optic,No,Yes,No,No,No internet service,No,Two year,Yes,Bank transfer (automatic),48.67,1817.39,No
C-e7fbb668,Male,0,Yes,No,16,Yes,Yes,No,No internet service,No internet service,No internet service,No internet service,No internet service,No internet service,Two year,No,Credit card (automatic),28.71,435.85,No
C-09ccf7a0,Male,0,Yes,No,64,No,No phone service,DSL,No,No,No,No,Yes,Yes,Two year,Yes,Credit card (automatic),44.09,2851.54,No
C-8ba597e6,Male,0,No,Yes,58,Yes,Yes,Fiber optic,No,Yes,No,Yes,Yes,Yes,One year,Yes,Credit card (automatic),72.67,4226.23,No
C-1a770d20,Male,0,Yes,Yes,7,Yes,No,Fiber optic,Yes,Yes,No,No internet service,No,No,Two year,Yes,Mailed check,60.51,381.98,No
C-95250394,Male,0,Yes,No,1,Yes,No,Fiber optic,No,No,Yes,No,Yes,Yes,Month-to-month,Yes,Mailed check,62.46,74.65,Yes
C-eb16432c,Male,0,No,No,22,Yes,No,Fiber optic,No,No,No,No,Yes,No,Month-to-month,No,Electronic check,48.78,1108.5,Yes
C-db80afc3,Female,0,Yes,No,55,Yes,No,Fiber optic,Yes,No,Yes,Yes,No,No,Month-to-month,Yes,Mailed check,61.38,3343.78,No
C-15ad7d28,Female,0,No,No,0,Yes,Yes,Fiber optic,No,No,No,Yes,No,Yes,Month-to-month,Yes,Mailed check,49.42,12.24,Yes
C-fe58427e,Female,0,Yes,Yes,44,Yes,No,Fiber optic,No,No,Yes,Yes,No,Yes,Month-to-month,Yes,Bank transfer (automatic),66.24,2891.91,Yes
C-26279f16,Male,0,No,No,15,Yes,No phone service,Fiber optic,No,No,Yes,Yes,Yes,No,Month-to-month,Yes,Mailed check,67.72,1007.85,Yes
C-20a3d1a1,Male,0,No,Yes,4,Yes,Yes,Fiber optic,Yes,Yes,No,No,No,No,Month-to-month,Yes,Bank transfer (automatic),63.05,251.77,Yes
C-b34ecb9b,Female,1,Yes,No,2,Yes,Yes,Fiber optic,No,No,Yes,No internet service,Yes,No,Month-to-month,Yes,Credit card (automatic),58.87,138.92,Yes
C-25a7d4ba,Male,1,Yes,Yes,31,Yes,Yes,DSL,Yes,No,Yes,No,No,No,One year,Yes,Electronic check,49.23,1483.28,No
C-75f379e0,Male,0,Yes,No,72,Yes,No,DSL,No,No,Yes,Yes,No,Yes,Two year,Yes,Electronic check,49.59,3589.7,No
C-93ea71d3,Male,0,Yes,No,54,Yes,Yes,DSL,No,Yes,No,No,No,No,One year,No,Electronic check,35.61,1938.63,No
C-e0b3bbcf,Male,0,Yes,No,20,Yes,No,DSL,Yes,No,No,No,No,No,One year,Yes,Mailed check,35.77,693.76,No
C-9c83fef6,Male,0,No,Yes,18,Yes,Yes,Fiber optic,No,No,Yes,No,No,No,Two year,No,Credit card (automatic),49.44,860.35,No
C-491ef03a,Male,0,No,No,65,Yes,Yes,Fiber optic,Yes,Yes,Yes,No,Yes,No,Month-to-month,Yes,Electronic check,65.03,4224.51,No
C-31782aea,Female,0,Yes,No,51,Yes,Yes,Fiber optic,No,Yes,No internet service,No,No,Yes,Month-to-month,Yes,Bank transfer (automatic),53.77,2751.22,Yes
C-619ec114,Male,0,Yes,No,38,No,No phone service,No,No internet service,No internet service,No internet service,No internet service,No internet service,No internet service,One year,No,Credit card (automatic),23.9,950.74,No
C-883076ac,Female,0,Yes,Yes,51,Yes,Yes,Fiber optic,Yes,Yes,Yes,No,Yes,No,Two year,Yes,Credit card (automatic),69.06,3540.05,No
C-c287d7f4,Male,1,No,Yes,36,Yes,No phone service,No,No internet service,No internet service,No internet service,No internet service,No internet service,No internet service,One year,Yes,Credit card (automatic),28.47,1014.21,No
C-e0dd4d2d,Male,0,Yes,No,49,No,No phone service,No,No internet service,No internet service,No internet service,No internet service,No internet service,No internet service,Month-to-month,Yes,Electronic check,28.23,1415.59,Yes
C-46d69436,Female,1,Yes,No,26,Yes,No,Fiber optic,Yes,Yes,Yes,No,No,No,Month-to-month,No,Electronic check,63.1,1648.95,Yes
C-c11eb5c4,Female,0,Yes,No,29,Yes,No phone service,DSL,No internet service,No internet service,Yes,No,No,No,Two year,Yes,Mailed check,34.01,956.84,No
C-5b2f68f3,Female,0,No,Yes,4,Yes,No,Fiber optic,No,Yes,No,No,No,No,Month-to-month,Yes,Credit card (automatic),52.19,195.65,Yes
C-e91a8507,Male,0,Yes,No,16,Yes,No phone service,Fiber optic,Yes,No,No,No,Yes,Yes,Month-to-month,Yes,Mailed check,68.38,1099.7,Yes
C-a33a5f33,Male,0,No,No,68,No,No phone service,Fiber optic,Yes,No,No,Yes,Yes,Yes,Month-to-month,Yes,Credit card (automatic),75.72,5175.25,No
C-777b0242,Female,0,No,Yes,54,Yes,No,DSL,No,No,No,Yes,No internet service,No,Two year,No,Electronic check,39.88,2151.08,No
C-0c3f787f,Female,0,Yes,Yes,35,Yes,Yes,No,No internet service,No internet service,No internet service,No internet service,No internet service,No internet service,One year,Yes,Electronic check,28.45,1010.24,No
C-624caee3,Female,0,Yes,Yes,70,Yes,Yes,Fiber optic,No,No,Yes,No,Yes,No,Two year,Yes,Mailed check,60.51,4263.83,No
C-6b3e58a2,Female,0,No,No,35,Yes,Yes,Fiber optic,Yes,No,Yes,No,No,Yes,Two year,No,Mailed check,65.85,2339.39,No
C-12e76468,Male,0,No,No,30,Yes,Yes,Fiber optic,No,No,No,Yes,Yes,No,Two year,No,Credit card (automatic),57.9,1719.02,No
C-34cfedca,Male,0,No,No,12,Yes,No,Fiber optic,Yes,No,Yes,No,No,No,One year,Yes,Electronic check,59.67,709.41,Yes
C-ada1ebe9,Male,0,Yes,No,26,Yes,Yes,DSL,No,No,Yes,No,No,Yes,Month-to-month,Yes,Bank transfer (automatic),48.58,1275.43,No
C-07762ee2,Female,0,No,Yes,41,Yes,Yes,Fiber optic,No,Yes,Yes,Yes,Yes,Yes,Month-to-month,Yes,Electronic check,71.85,2953.85,Yes
C-7227ec53,Male,0,Yes,Yes,14,Yes,No phone service,Fiber optic,Yes,Yes,No internet service,No,No,No,Two year,Yes,Electronic check,57.72,831.67,Yes
C-64c1c007,Female,0,Yes,Yes,63,Yes,Yes,No,No internet service,No internet service,No internet service,No internet service,No internet service,No internet service,Month-to-month,Yes,Bank transfer (automatic),30.44,1909.14,No
C-b78aad92,Male,0,Yes,No,52,Yes,No,Fiber optic,No,Yes,No,No,No,No,Month-to-month,Yes,Bank transfer (automatic),53.99,2806.0,No
C-c6aabbec,Female,0,No,No,13,No,No phone service,Fiber optic,Yes,Yes,No,Yes,No,No,One year,Yes,Credit card (automatic),64.67,846.85,No
C-2a5ce07c,Female,0,No,No,29,Yes,No,Fiber optic,No,No,No,No,Yes,Yes,Month-to-month,Yes,Electronic check,60.26,1751.91,Yes
C-ca184b93,Male,0,Yes,No,37,Yes,Yes,Fiber optic,No,No,Yes,Yes,No internet service,Yes,Month-to-month,Yes,Mailed check,59.1,2212.55,No
C-6be3d23e,Male,0,Yes,Yes,26,Yes,No,Fiber optic,No internet service,No,No,No,Yes,No,Two year,Yes,Credit card (automatic),54.3,1443.84,No
C-2e4245ca,Male,0,Yes,No,55,Yes,Yes,DSL,No,No internet service,No internet service,No,No,No internet service,Month-to-month,Yes,Electronic check,33.95,1898.71,No
C-6c2e1520,Male,0,Yes,Yes,49,Yes,Yes,Fiber optic,No,No internet service,Yes,Yes,Yes,No,Two year,No,Bank transfer (automatic),69.23,3390.61,No
C-dde048c6,Female,0,No,No,22,Yes,Yes,Fiber optic,No,No,No,No,No,No,Month-to-month,Yes,Credit card (automatic),45.07,1021.97,Yes
C-8ba47fde,Female,0,No,No,55,Yes,No,Fiber optic,No,Yes,No,No,Yes,No,Two year,Yes,Electronic check,61.44,3387.99,No
C-40ce1345,Female,1,Yes,Yes,18,Yes,Yes,Fiber optic,Yes,No,No,No,No,Yes,Month-to-month,Yes,Mailed check,63.09,1129.09,Yes
C-49325917,Male,0,No,No,1,Yes,Yes,Fiber optic,Yes,No,No internet service,No,Yes,No internet service,Two year,Yes,Electronic check,59.93,61.07,Yes
C-edac3e1a,Female,0,No,No,68,No,No phone service,Fiber optic,No,No,Yes,No internet service,No,No,Month-to-month,No,Credit card (automatic),55.95,3816.66,Yes
C-2f997cb5,Male,0,Yes,Yes,63,Yes,No phone service,Fiber optic,No,No internet service,No,No,No,No,Month-to-month,Yes,Credit card (automatic),49.97,3129.64,Yes
C-d7b74fba,Male,0,No,Yes,71,Yes,Yes,Fiber optic,No,Yes,Yes,No,No,Yes,Month-to-month,Yes,Bank transfer (automatic),66.49,4698.37,Yes
C-4eb79758,Male,1,Yes,Yes,0,Yes,No,Fiber optic,Yes,No,Yes,Yes,No,No,Month-to-month,Yes,Electronic check,61.79,1.9,Yes
C-fea995d8,Female,0,No,No,7,No,No phone service,Fiber optic,No,No,No,No,No internet service,No,Month-to-month,No,Mailed check,51.26,347.47,Yes
C-082f26ef,Female,0,No,No,46,Yes,Yes,Fiber optic,No,No,No,No,Yes,No,One year,No,Electronic check,53.43,2472.51,No
C-55e02cac,Male,0,Yes,No,68,Yes,No,Fiber optic,No internet service,No internet service,No,No,No,Yes,Month-to-month,Yes,Credit card (automatic),54.47,3685.36,No
C-b41c16ff,Male,0,No,Yes,58,Yes,Yes,Fiber optic,Yes,No,No,Yes,No,No,Month-to-month,Yes,Electronic check,58.93,3432.95,Yes
C-57b57f7d,Male,1,Yes,No,67,Yes,Yes,DSL,No internet service,Yes,No,No,Yes,No,Month-to-month,Yes,Electronic check,39.72,2673.87,Yes
C-a40340f8,Male,0,Yes,No,1,Yes,No,DSL,No,No,No,No,Yes,No internet service,One year,Yes,Electronic check,38.58,37.26,Yes
C-217ad344,Male,0,Yes,No,42,Yes,Yes,No,No internet service,No internet service,No internet service,No internet service,No internet service,No internet service,One year,No,Electronic check,22.89,961.34,No
C-090a7365,Male,0,Yes,Yes,56,No,No phone service,Fiber optic,No,No,Yes,No,Yes,No,Month-to-month,Yes,Electronic check,62.98,3536.53,Yes
C-253a35cd,Male,1,No,No,12,Yes,No,Fiber optic,No,No,No,No internet service,Yes,No,Two year,Yes,Electronic check,52.72,659.78,Yes
C-c6ea3b43,Female,0,Yes,No,70,Yes,Yes,Fiber optic,No internet service,Yes,No,No,No,No,One year,No,Mailed check,53.56,3733.58,Yes
C-377dfdba,Female,0,No,Yes,17,Yes,No,Fiber optic,No,No,No,No,Yes,No,One year,Yes,Electronic check,49.42,848.06,Yes
C-9958deb4,Female,0,Yes,No,7,Yes,Yes,Fiber optic,No,No,No,No internet service,No,No,Month-to-month,No,Bank transfer (automatic),51.94,344.49,Yes
C-8bb9163f,Female,0,No,Yes,35,Yes,Yes,Fiber optic,Yes,Yes,No,No internet service,No,No,Month-to-month,No,Electronic check,58.15,2029.26,Yes
C-f21623b2,Male,0,Yes,No,57,Yes,Yes,Fiber optic,No,No,No,No,No,No internet service,One year,No,Mailed check,52.82,2968.22,No
C-0be77b90,Male,0,No,Yes,68,No,No phone service,Fiber optic,No,No,No,No internet service,Yes,No,Month-to-month,Yes,Bank transfer (automatic),50.6,3441.48,Yes
C-6d32a328,Female,0,No,No,3,No,No phone service,Fiber optic,No,No,Yes,No,No,No,Month-to-month,No,Mailed check,49.12,176.3,Yes
C-a6280e50,Female,0,Yes,Yes,18,No,No phone service,DSL,Yes,No,No,No,No internet service,No,One year,Yes,Electronic check,44.89,831.63,No
C-011ac1f5,Female,0,No,Yes,43,Yes,Yes,Fiber optic,No internet service,Yes,No,No,Yes,Yes,Month-to-month,Yes,Electronic check,59.73,2537.6,Yes
C-f48edd32,Female,0,No,No,49,Yes,No phone service,Fiber optic,Yes,No,Yes,No,No internet service,No,Two year,Yes,Credit card (automatic),53.98,2656.91,No
C-6e7c70a5,Male,0,No,No,16,Yes,No,Fiber optic,No,No,No internet service,No,No,No,One year,No,Mailed check,45.01,721.5,Yes
C-d578f4b6,Male,0,No,No,10,Yes,Yes,DSL,Yes,No internet service,Yes,No,No,No,Month-to-month,Yes,Mailed check,42.16,446.39,Yes
C-c52a99d5,Female,0,No,Yes,14,Yes,Yes,Fiber optic,Yes,No internet service,No,No,No,No,One year,Yes,Credit card (automatic),55.77,781.33,No
C-3483af6b,Male,0,Yes,No,49,Yes,No,Fiber optic,Yes,No,No,No internet service,No internet service,Yes,Month-to-month,Yes,Electronic check,55.89,2730.33,Yes
C-98b1eb76,Male,0,Yes,Yes,69,Yes,Yes,DSL,No,No,No,Yes,Yes,No,Month-to-month,Yes,Mailed check,48.72,3385.79,No
C-ef242150,Female,0,Yes,No,71,Yes,No,Fiber optic,No,No,No,Yes,Yes,Yes,Month-to-month,No,Mailed check,64.91,4583.32,Yes
C-9e702ef7,Female,0,No,Yes,2,Yes,Yes,Fiber optic,Yes,No internet service,No,No,No,No,One year,No,Mailed check,52.44,92.11,No
C-e14e260f,Female,1,No,No,11,Yes,No,Fiber optic,No,No,No internet service,No,Yes,No,Month-to-month,Yes,Electronic check,56.67,659.55,Yes
C-232dac5b,Male,0,No,No,13,Yes,Yes,Fiber optic,Yes,No,No internet service,Yes,No,Yes,Two year,No,Credit card (automatic),65.65,841.69,No
C-971cc0a1,Female,0,Yes,No,12,Yes,Yes,Fiber optic,No,Yes,No internet service,No internet service,No,No,One year,No,Electronic check,51.58,647.95,Yes
C-64ed039a,Male,0,No,Yes,63,Yes,Yes,Fiber optic,No,No,No,No,No,Yes,Month-to-month,Yes,Mailed check,54.5,3444.28,No
C-99c9173e,Female,0,Yes,No,35,Yes,No,No,No internet service,No internet service,No internet service,No internet service,No internet service,No internet service,Month-to-month,No,Electronic check,29.02,1008.75,Yes
C-784ca92e,Female,0,No,Yes,28,Yes,No,Fiber optic,Yes,Yes,No,No,No,Yes,Two year,No,Credit card (automatic),66.73,1890.56,No
C-96898672,Female,0,Yes,No,56,Yes,No,DSL,No,No internet service,No internet service,Yes,Yes,Yes,Month-to-month,No,Electronic check,55.23,3068.38,No
C-e3435793,Female,0,No,Yes,35,Yes,No,Fiber optic,No,Yes,No,No internet service,No internet service,Yes,Month-to-month,Yes,Electronic check,59.08,2090.22,No
C-4658b23f,Male,0,No,No,28,Yes,Yes,Fiber optic,No,Yes,Yes,No internet service,No,Yes,One year,Yes,Electronic check,63.91,1768.23,No
C-2c21e082,Male,0,Yes,No,47,Yes,Yes,Fiber optic,Yes,No,No,Yes,Yes,No,Month-to-month,Yes,Mailed check,60.32,2847.21,No
C-355187ae,Male,0,No,No,35,Yes,Yes,Fiber optic,No,No,Yes,No internet service,Yes,No internet service,One year,Yes,Bank transfer (automatic),62.89,2197.11,No
C-9f0025c2,Male,1,No,No,67,Yes,Yes,Fiber optic,No,No,No,Yes,No,No,Month-to-month,No,Bank transfer (automatic),48.02,3228.66,No
C-c2594fc2,Male,0,No,No,58,Yes,No phone service,Fiber optic,No,Yes,No,No,Yes,No,Month-to-month,Yes,Bank transfer (automatic),57.78,3322.72,Yes
C-48e5e6df,Male,0,Yes,No,21,Yes,No phone service,Fiber optic,No,No,Yes,No internet service,Yes,Yes,One year,Yes,Mailed check,71.95,1513.03,No
C-02eb81f7,Female,0,No,No,51,Yes,Yes,DSL,No,Yes,Yes,No,No,Yes,Month-to-month,No,Bank transfer (automatic),50.38,2524.76,No
C-e6eb9a86,Female,1,No,Yes,43,Yes,Yes,Fiber optic,No,Yes,No,Yes,Yes,No internet service,Two year,Yes,Credit card (automatic),60.75,2588.76,No
C-6c36d2ed,Male,0,Yes,No,5,Yes,Yes,Fiber optic,No,No,No,No,No,Yes,Month-to-month,No,Electronic check,52.21,274.8,Yes
C-53e694df,Male,1,Yes,No,28,Yes,No phone service,Fiber optic,Yes,Yes,No internet service,No,No,Yes,One year,Yes,Electronic check,66.88,1876.25,Yes
C-45f29752,Female,0,No,Yes,2,Yes,No,No,No internet service,No internet service,No internet service,No internet service,No internet service,No internet service,Two year,Yes,Mailed check,22.43,55.78,Yes
C-d74e0b61,Male,0,No,Yes,34,Yes,Yes,Fiber optic,No,No,No,No,No,No,One year,No,Electronic check,47.22,1547.92,No
C-22011c56,Male,1,Yes,No,31,No,No phone service,Fiber optic,Yes,Yes,No,Yes,No,Yes,Month-to-month,Yes,Mailed check,69.49,2199.39,No
C-101e0f61,Male,1,No,No,43,Yes,No phone service,Fiber optic,No,No,No internet service,No,No,Yes,Month-to-month,No,Mailed check,52.65,2236.77,Yes
C-ebe83a8c,Male,0,Yes,No,44,Yes,No,Fiber optic,No,No,No,No,Yes,No,Month-to-month,No,Electronic check,53.95,2371.49,Yes
C-db419deb,Female,0,Yes,No,17,Yes,Yes,DSL,No,No,No,No,Yes,Yes,One year,Yes,Bank transfer (automatic),44.79,756.42,No
C-0916a144,Female,0,No,No,72,Yes,No,DSL,No,No,Yes,Yes,No,Yes,Month-to-month,No,Bank transfer (automatic),44.54,3183.86,No
C-c6a54718,Male,0,No,No,24,Yes,No,Fiber optic,No internet service,No,Yes,No,No,Yes,One year,Yes,Bank transfer (automatic),51.69,1198.88,No
C-ba652722,Male,1,Yes,No,7,No,No phone service,Fiber optic,Yes,No,Yes,No,No,No,Month-to-month,Yes,Mailed check,59.06,374.52,No
C-a8279223,Female,0,Yes,No,9,Yes,Yes,No,No internet service,No internet service,No internet service,No internet service,No internet service,No internet service,Month-to-month,No,Mailed check,27.32,262.75,Yes
C-a27a3ff2,Female,0,No,No,70,Yes,Yes,Fiber optic,No,No,No,No,No,No,One year,No,Mailed check,48.81,3389.86,No
C-d61fe52f,Female,0,No,Yes,64,Yes,Yes,Fiber optic,No,No,No,No,Yes,No,One year,Yes,Bank transfer (automatic),55.36,3523.72,No
C-a931fc1b,Male,1,Yes,No,34,Yes,No,Fiber optic,No,Yes,Yes,Yes,No,Yes,One year,Yes,Electronic check,64.55,2239.92,No
C-081294a5,Female,0,Yes,Yes,60,Yes,No phone service,Fiber optic,No,No,No,Yes,Yes,No,One year,No,Mailed check,60.06,3605.86,Yes
C-5db77e77,Male,0,Yes,No,45,Yes,No,Fiber optic,Yes,Yes,No,No,No,Yes,Month-to-month,Yes,Mailed check,67.56,3007.05,Yes
C-0dbf9dd7,Male,0,No,Yes,23,No,No phone service,Fiber optic,No,Yes,Yes,No,Yes,No,One year,Yes,Electronic check,68.19,1571.78,Yes
C-9f32fa99,Female,0,Yes,Yes,39,Yes,Yes,Fiber optic,No,Yes,Yes,Yes,Yes,No,Month-to-month,Yes,Bank transfer (automatic),73.62,2852.36,Yes
C-aa08a9b6,Male,0,Yes,No,70,No,No phone service,No,No internet service,No internet service,No internet service,No internet service,No internet service,No internet service,Month-to-month,No,Mailed check,23.43,1626.39,No
C-0ef9e099,Female,0,No,Yes,42,Yes,No phone service,Fiber optic,Yes,Yes,No,Yes,No,Yes,Month-to-month,Yes,Mailed check,67.37,2821.79,No
C-72882b52,Female,0,No,Yes,26,Yes,No,Fiber optic,Yes,Yes,No internet service,No,No,No,Month-to-month,Yes,Credit card (automatic),55.49,1452.69,Yes
C-1814eb26,Male,0,No,No,12,Yes,Yes,DSL,No,No,Yes,Yes,No,No,Month-to-month,Yes,Credit card (automatic),48.87,579.57,Yes
C-2d0fe013,Male,0,Yes,Yes,64,Yes,Yes,Fiber optic,No,Yes,No,No,Yes,No internet service,Month-to-month,No,Bank transfer (automatic),56.47,3635.74,Yes
C-a7a05b87,Male,0,Yes,No,28,Yes,No phone service,Fiber optic,No,No,No,No,Yes,Yes,Month-to-month,Yes,Mailed check,60.73,1698.39,Yes
C-d78dfa71,Male,1,Yes,No,12,Yes,No phone service,Fiber optic,No internet service,No,No,Yes,No,No,Two year,Yes,Mailed check,52.17,607.17,No
C-55e8f601,Male,0,No,No,15,Yes,Yes,No,No internet service,No internet service,No internet service,No internet service,No internet service,No internet service,One year,Yes,Credit card (automatic),29.83,408.99,No
C-aa0b5017,Male,0,No,Yes,5,Yes,No,Fiber optic,Yes,No,No internet service,No,No,No,Month-to-month,No,Mailed check,53.01,241.23,Yes
C-af064e22,Female,1,Yes,No,22,Yes,No,Fiber optic,No internet service,No,No,No internet service,No,No internet service,Month-to-month,Yes,Mailed check,49.6,1085.22,Yes
C-e7270a3d,Female,0,Yes,Yes,27,Yes,No phone service,Fiber optic,Yes,Yes,No,No,No,Yes,Two year,Yes,Electronic check,65.23,1778.55,No
C-68e2e514,Male,0,No,No,46,Yes,Yes,Fiber optic,Yes,No,No internet service,No internet service,No internet service,No,Month-to-month,No,Electronic check,52.3,2444.04,Yes
C-41856e86,Female,0,Yes,Yes,41,Yes,No phone service,Fiber optic,Yes,Yes,No,Yes,No internet service,Yes,Month-to-month,No,Mailed check,70.06,2891.98,Yes
C-e8f76584,Female,0,No,No,55,Yes,No,DSL,No,Yes,Yes,No,No internet service,Yes,Month-to-month,Yes,Bank transfer (automatic),52.64,2872.54,No
C-2acc69b6,Male,1,No,No,29,Yes,No,Fiber optic,Yes,No,Yes,Yes,Yes,No,Two year,No,Electronic check,71.93,2093.77,No
C-50883efa,Male,0,No,Yes,26,Yes,No,Fiber optic,No,Yes,No,Yes,No internet service,No,One year,Yes,Bank transfer (automatic),60.47,1561.87,Yes
C-f98ae41d,Male,0,No,No,27,Yes,No phone service,DSL,No,No,No internet service,Yes,No internet service,No,One year,Yes,Electronic check,43.33,1198.24,Yes
C-7a08e075,Female,0,Yes,Yes,34,Yes,Yes,No,No internet service,No internet service,No internet service,No internet service,No internet service,No internet service,One year,Yes,Electronic check,30.97,1031.99,No
C-87d3d4c0,Female,0,Yes,No,60,Yes,No phone service,Fiber optic,No,No internet service,Yes,No,No,No,One year,No,Credit card (automatic),53.22,3182.85,No
C-72aeb25d,Female,0,No,No,37,Yes,No,Fiber optic,No,No internet service,No,Yes,No,Yes,Month-to-month,Yes,Bank transfer (automatic),62.17,2293.85,No
C-f2fe21be,Female,0,Yes,Yes,64,Yes,No,Fiber optic,No internet service,No internet service,No,No,No,No,Month-to-month,Yes,Credit card (automatic),47.14,3007.76,No
C-bcdff602,Female,0,Yes,Yes,38,Yes,No,Fiber optic,No,No,No,No,No,No,Month-to-month,No,Bank transfer (automatic),47.1,1798.1,No
C-85e0a664,Female,0,No,Yes,39,Yes,Yes,Fiber optic,No,No,No internet service,Yes,Yes,Yes,Month-to-month,Yes,Mailed check,62.88,2466.07,Yes
C-7c65d088,Female,0,No,No,38,Yes,No,No,No internet service,No internet service,No internet service,No internet service,No internet service,No internet service,Two year,Yes,Bank transfer (automatic),27.26,1056.54,No
C-291bbec0,Female,0,No,No,8,Yes,Yes,Fiber optic,Yes,No,Yes,No,No internet service,No,One year,Yes,Bank transfer (automatic),59.56,491.2,No
C-499ad30e,Female,0,Yes,No,36,Yes,No phone service,Fiber optic,No internet service,No internet service,Yes,No,No,No,Month-to-month,Yes,Mailed check,54.73,1986.55,Yes
C-82a3ce05,Female,0,No,No,56,Yes,Yes,Fiber optic,No,No,No,No,Yes,Yes,Month-to-month,No,Electronic check,59.69,3357.26,Yes
C-f5b9ac28,Female,0,Yes,Yes,11,Yes,Yes,DSL,No,No internet service,Yes,No,Yes,No,One year,Yes,Electronic check,40.23,472.12,Yes
C-d84a84bc,Female,0,No,No,20,Yes,No,Fiber optic,No,Yes,No,Yes,No,No,Month-to-month,Yes,Bank transfer (automatic),62.29,1255.57,Yes
C-f55fe09a,Male,0,Yes,No,25,Yes,No,Fiber optic,Yes,No internet service,Yes,Yes,No,Yes,One year,No,Electronic check,74.63,1860.38,No
C-4d86fb8e,Female,0,Yes,Yes,21,Yes,No phone service,Fiber optic,Yes,No,No,Yes,No,Yes,One year,Yes,Credit card (automatic),63.13,1302.53,No
C-c569e05f,Female,0,No,Yes,64,No,No phone service,Fiber optic,No,Yes,No,Yes,No,Yes,Month-to-month,Yes,Bank transfer (automatic),66.53,4269.71,Yes
C-d43039b9,Male,0,No,Yes,9,Yes,Yes,DSL,No,No,No,No,Yes,No internet service,Month-to-month,No,Mailed check,39.84,349.23,Yes
C-db00a6b9,Male,0,Yes,No,28,Yes,Yes,DSL,Yes,No,No internet service,Yes,Yes,No,Month-to-month,Yes,Mailed check,54.9,1534.39,Yes
C-0fcd9e0f,Male,0,No,No,31,Yes,Yes,DSL,No,Yes,Yes,No,No,No internet service,Month-to-month,Yes,Mailed check,42.03,1306.83,No
C-a800ab9a,Male,0,Yes,Yes,21,Yes,No,Fiber optic,Yes,Yes,No,No,No,No,Two year,No,Electronic check,59.52,1250.21,No
C-d2c3abc5,Male,0,No,No,62,Yes,No,Fiber optic,Yes,Yes,No,No,Yes,Yes,Month-to-month,Yes,Bank transfer (automatic),72.06,4484.84,No
C-3024e184,Female,0,No,No,15,Yes,No,Fiber optic,Yes,No,No,Yes,No internet service,No internet service,Month-to-month,Yes,Electronic check,59.16,868.07,Yes
C-5342dfc6,Male,0,No,No,67,Yes,Yes,No,No internet service,No internet service,No internet service,No internet service,No internet service,No internet service,Month-to-month,Yes,Credit card (automatic),29.55,2000.79,No
C-ff4e0123,Male,1,No,Yes,61,No,No phone service,Fiber optic,No,Yes,No,Yes,No,Yes,Month-to-month,Yes,Credit card (automatic),64.09,3919.43,No
C-b9ca148f,Female,0,Yes,No,14,No,No phone service,Fiber optic,No,Yes,No internet service,No,No internet service,No,One year,Yes,Electronic check,57.51,799.26,No
C-f5eba7d4,Female,0,No,No,43,Yes,Yes,Fiber optic,Yes,No,Yes,No,No internet service,Yes,Two year,Yes,Credit card (automatic),62.47,2687.8,No
C-204ac5d4,Female,0,No,No,46,No,No phone service,Fiber optic,No internet service,No,No,Yes,No,No,Month-to-month,Yes,Electronic check,54.8,2542.06,No
C-21711b5d,Male,0,Yes,No,13,Yes,No phone service,Fiber optic,No,Yes,No,No,No,No,Month-to-month,No,Mailed check,51.14,669.86,Yes
C-0335db6d,Male,0,Yes,No,62,Yes,Yes,Fiber optic,No,No,No,No,Yes,No,Month-to-month,Yes,Mailed check,51.3,3139.16,No
C-f7d0d7f1,Male,0,No,No,5,Yes,Yes,Fiber optic,No internet service,Yes,No,Yes,Yes,Yes,Two year,Yes,Bank transfer (automatic),66.04,342.79,No
C-61ec4c02,Female,1,No,No,57,Yes,No phone service,No,No internet service,No internet service,No internet service,No internet service,No internet service,No internet service,Two year,Yes,Bank transfer (automatic),23.72,1350.13,No
C-61da57bb,Female,0,No,No,4,Yes,No phone service,Fiber optic,No internet service,No,No,No,No,Yes,One year,Yes,Bank transfer (automatic),52.24,245.01,Yes
C-2f58abf2,Male,0,Yes,No,13,Yes,Yes,Fiber optic,Yes,Yes,No,No,No,No,Month-to-month,Yes,Electronic check,58.77,784.41,Yes
C-74b0388d,Male,0,No,No,61,Yes,No,Fiber optic,No internet service,No,No,No internet service,No,No,One year,No,Mailed check,45.64,2782.19,No
C-c5e7753b,Male,1,Yes,Yes,45,Yes,No phone service,Fiber optic,No,No,No,Yes,No,Yes,One year,No,Electronic check,63.03,2841.6,Yes
C-e833e198,Male,0,No,Yes,67,Yes,No,Fiber optic,No,No,Yes,No,No,No,One year,Yes,Electronic check,51.33,3446.01,No
C-06c48a12,Male,0,Yes,No,61,Yes,Yes,No,No internet service,No internet service,No internet service,No internet service,No internet service,No internet service,Month-to-month,Yes,Bank transfer (automatic),29.35,1805.05,Yes
C-e12d2789,Male,0,No,No,4,No,No phone service,Fiber optic,No,Yes,No,Yes,No,No internet service,Month-to-month,Yes,Mailed check,60.91,253.99,Yes
C-d4e6024e,Female,1,Yes,Yes,4,Yes,No phone service,Fiber optic,No,No,Yes,No,No,Yes,Two year,Yes,Credit card (automatic),56.24,239.26,Yes
C-cb35f0f9,Female,0,No,Yes,34,Yes,Yes,Fiber optic,Yes,No,Yes,No internet service,Yes,No internet service,Month-to-month,No,Mailed check,65.1,2195.47,No
C-e2da7bdb,Male,0,No,No,10,No,No phone service,Fiber optic,No,Yes,Yes,No,No,Yes,Two year,Yes,Credit card (automatic),58.54,558.5,No
C-4ec43e1e,Male,0,Yes,No,56,Yes,No phone service,Fiber optic,No,No,Yes,No internet service,Yes,No internet service,Month-to-month,No,Mailed check,66.29,3724.87,No
C-90c2f2c7,Male,0,Yes,No,60,Yes,Yes,Fiber optic,No,No,No,No,Yes,Yes,Month-to-month,No,Electronic check,63.44,3756.88,Yes
C-fb666532,Female,0,No,No,28,Yes,Yes,Fiber optic,No,No internet service,Yes,Yes,No internet service,No,Two year,No,Credit card (automatic),56.94,1557.35,No
C-b103c843,Female,0,No,No,22,Yes,No,Fiber optic,No,No,Yes,Yes,No,No internet service,Two year,No,Electronic check,56.29,1232.12,No
C-c8b270a0,Male,1,No,No,2,Yes,No,Fiber optic,Yes,Yes,Yes,No,No,Yes,Two year,No,Credit card (automatic),76.07,146.29,Yes
C-b62e88ae,Female,0,Yes,Yes,58,Yes,No,Fiber optic,No internet service,No,No,No,No internet service,No,Month-to-month,No,Electronic check,45.27,2566.58,No
C-8ad67b66,Female,0,No,No,43,Yes,No phone service,Fiber optic,No,Yes,Yes,No,No,No internet service,Month-to-month,No,Electronic check,61.16,2605.67,Yes
C-60751478,Male,0,Yes,No,62,No,No phone service,DSL,No,No,Yes,No,No,No,Month-to-month,No,Bank transfer (automatic),35.27,2162.53,No
C-9a7834ce,Male,0,Yes,No,12,No,No phone service,Fiber optic,Yes,No,No,No,No,Yes,Two year,Yes,Electronic check,63.02,799.23,No
C-8e1b591c,Male,0,No,No,29,Yes,No,Fiber optic,No,No,No internet service,No internet service,No,Yes,Two year,Yes,Electronic check,58.25,1700.91,No
C-5c49e68d,Male,0,No,No,2,Yes,Yes,DSL,No,No,No,Yes,Yes,No,Month-to-month,Yes,Electronic check,40.91,58.53,Yes
C-d3aff063,Male,0,No,Yes,45,Yes,No,DSL,No,Yes,No,No,No,No,Month-to-month,Yes,Bank transfer (automatic),38.64,1755.22,No
C-46b03a2e,Female,0,Yes,Yes,18,No,No phone service,Fiber optic,No,No,No,No,No internet service,No,Month-to-month,Yes,Electronic check,47.0,844.38,Yes
C-1d74e880,Male,0,No,No,20,No,No phone service,Fiber optic,No,No,No internet service,No,Yes,No,Two year,Yes,Credit card (automatic),52.5,1022.91,No
C-d26fb69d,Female,1,Yes,No,21,Yes,Yes,No,No internet service,No internet service,No internet service,No internet service,No internet service,No internet service,Month-to-month,No,Electronic check,24.73,487.04,Yes
C-b986a8e6,Male,0,No,Yes,27,Yes,No,Fiber optic,No,No,No,No,No,Yes,Month-to-month,No,Credit card (automatic),57.28,1553.38,No
C-2d517787,Male,0,No,No,26,Yes,No,No,No internet service,No internet service,No internet service,No internet service,No internet service,No internet service,Month-to-month,No,Electronic check,28.01,751.04,No
C-459326af,Female,1,No,No,67,Yes,Yes,Fiber optic,Yes,No,Yes,No,No,No,One year,No,Electronic check,56.99,3844.28,No
C-b5e6a782,Female,0,No,Yes,28,No,No phone service,Fiber optic,Yes,No,No,Yes,Yes,No,One year,No,Bank transfer (automatic),69.48,1927.4,No
C-ab45b62d,Male,0,No,No,60,Yes,Yes,DSL,Yes,Yes,No internet service,Yes,Yes,No,Month-to-month,Yes,Credit card (automatic),58.99,3558.5,No
C-8c3a0d59,Female,0,No,No,16,Yes,Yes,Fiber optic,No,No,No,No,No,No,Two year,Yes,Mailed check,42.06,686.36,No
C-548fee75,Female,1,Yes,Yes,22,Yes,No,Fiber optic,No internet service,Yes,No,No,No internet service,Yes,Month-to-month,Yes,Credit card (automatic),54.79,1222.3,Yes
C-4c715213,Male,0,Yes,No,33,Yes,No,Fiber optic,No,No,No,No,No,No,Month-to-month,No,Electronic check,51.88,1737.94,Yes
C-c35a5524,Female,0,No,Yes,20,Yes,Yes,Fiber optic,No,Yes,No,No,No internet service,No,Two year,Yes,Bank transfer (automatic),56.89,1138.16,No
C-257434f7,Female,0,Yes,No,45,Yes,Yes,DSL,No internet service,No,No,Yes,Yes,Yes,One year,No,Electronic check,51.02,2331.96,No
C-b1fab2fb,Female,0,Yes,No,48,Yes,No,Fiber optic,No,No,No,Yes,Yes,Yes,Month-to-month,No,Bank transfer (automatic),66.31,3179.56,No
C-2ca532b4,Male,0,Yes,No,37,Yes,Yes,Fiber optic,No,No,No,No,No,No,Month-to-month,Yes,Mailed check,39.84,1484.33,No
C-1dafb74f,Female,0,No,No,28,Yes,Yes,No,No internet service,No internet service,No internet service,No internet service,No internet service,No internet service,One year,Yes,Mailed check,29.91,843.87,No
C-e5b88753,Male,0,Yes,No,20,Yes,No phone service,Fiber optic,Yes,No,No,No internet service,No,Yes,One year,No,Mailed check,62.68,1251.39,No
C-1d717e73,Male,0,No,No,20,Yes,No,No,No internet service,No internet service,No internet service,No internet service,No internet service,No internet service,Month-to-month,No,Electronic check,28.72,601.06,No
C-d93701ac,Female,1,No,No,43,Yes,No phone service,DSL,Yes,Yes,No,No,No,Yes,Month-to-month,Yes,Bank transfer (automatic),50.32,2156.88,No
C-5071b5b4,Female,0,No,Yes,21,Yes,No,No,No internet service,No internet service,No internet service,No internet service,No internet service,No internet service,One year,No,Electronic check,29.89,652.35,Yes
C-1910f9a8,Male,0,Yes,No,66,Yes,No,Fiber optic,Yes,No,Yes,No,No internet service,No internet service,Two year,No,Mailed check,57.14,3782.42,No
C-c6895bec,Male,1,No,Yes,14,Yes,No,DSL,Yes,Yes,No,No,No,No,Month-to-month,No,Electronic check,42.8,591.9,No
C-106c21d6,Female,0,No,Yes,33,Yes,Yes,No,No internet service,No internet service,No internet service,No internet service,No internet service,No internet service,Two year,Yes,Mailed check,32.04,1052.19,No
C-c412103c,Male,0,No,No,38,Yes,Yes,Fiber optic,No,Yes,Yes,No,No,No,One year,No,Bank transfer (automatic),57.16,2177.01,No
C-940068db,Female,0,No,No,12,No,No phone service,Fiber optic,Yes,No,No,No,No internet service,Yes,Month-to-month,Yes,Mailed check,58.93,674.54,Yes
C-f1f907e1,Male,0,No,No,66,Yes,No,Fiber optic,Yes,No internet service,No,Yes,Yes,No,Two year,Yes,Electronic check,67.1,4392.24,No
C-a8fec889,Female,0,No,No,36,Yes,Yes,Fiber optic,No,No,Yes,Yes,No,No,Month-to-month,Yes,Electronic check,58.24,2078.65,Yes
C-1c2418b5,Female,0,No,No,61,Yes,Yes,Fiber optic,No,No,No,No,No,No,One year,Yes,Electronic check,51.06,3130.03,No
C-0fa9af54,Male,0,No,No,69,Yes,No,Fiber optic,No,Yes,No,No,No,No,Month-to-month,Yes,Electronic check,52.37,3608.1,Yes
C-7f4a96b0,Male,0,No,Yes,48,Yes,No,DSL,Yes,No,Yes,No,Yes,No,Month-to-month,No,Electronic check,49.26,2371.74,No
C-544272c5,Male,0,No,No,11,No,No phone service,DSL,Yes,Yes,No,Yes,No,No internet service,Month-to-month,Yes,Electronic check,46.27,521.01,Yes
C-27654ed3,Female,0,Yes,Yes,43,Yes,Yes,Fiber optic,Yes,Yes,No,No,No,Yes,Month-to-month,Yes,Credit card (automatic),61.96,2664.2,Yes
C-d66da3c7,Male,1,No,Yes,65,Yes,No,DSL,Yes,No,No,No,No,No,Month-to-month,Yes,Credit card (automatic),41.11,2668.53,No
C-74299d43,Female,0,No,No,47,Yes,Yes,Fiber optic,No,No,No,Yes,No,No,Month-to-month,No,Mailed check,44.56,2101.6,No
C-e3b3d684,Male,0,Yes,No,11,Yes,No,DSL,No,Yes,No,No,No,No,Month-to-month,No,Mailed check,39.92,418.24,No
C-5546a8dd,Male,0,Yes,No,7,Yes,No,Fiber optic,No,No,Yes,Yes,No,Yes,Month-to-month,Yes,Bank transfer (automatic),65.27,432.84,No
C-3104a72c,Male,1,Yes,No,24,Yes,No,DSL,No,No,No,Yes,No,Yes,Month-to-month,No,Mailed check,43.16,1050.62,No
C-8cafec74,Female,0,No,No,71,Yes,Yes,Fiber optic,Yes,No,No,Yes,Yes,No,Two year,Yes,Electronic check,64.67,4574.37,No
C-2d96325b,Female,0,Yes,No,44,Yes,No,Fiber optic,No,Yes,Yes,No,No,Yes,Month-to-month,Yes,Mailed check,63.3,2780.51,No
C-6c31b4dc,Male,0,No,Yes,10,Yes,Yes,Fiber optic,Yes,No,Yes,No,No,Yes,Month-to-month,Yes,Mailed check,61.35,599.49,Yes
C-e11696e9,Female,0,No,No,8,Yes,Yes,DSL,No,No,No,Yes,No,Yes,One year,No,Bank transfer (automatic),43.56,327.38,No
C-c1e1d9b3,Female,0,No,No,51,No,No phone service,Fiber optic,Yes,No,No,No internet service,No,No internet service,Two year,No,Electronic check,52.92,2715.74,No
C-03f4d26d,Female,0,No,No,50,Yes,No,DSL,No,No,No,Yes,Yes,No,Month-to-month,No,Electronic check,49.94,2525.58,No
C-6b44c2f3,Female,0,Yes,Yes,63,Yes,No,Fiber optic,No,Yes,Yes,No,No,Yes,Month-to-month,No,Mailed check,62.74,3992.26,Yes
C-5b16607f,Female,0,No,Yes,5,Yes,Yes,DSL,No,No,Yes,No,Yes,No,One year,Yes,Electronic check,45.12,203.78,Yes
C-e51f0ccb,Female,0,Yes,No,6,Yes,No,No,No internet service,No internet service,No internet service,No internet service,No internet service,No internet service,Two year,Yes,Electronic check,24.79,137.73,No
C-c0345215,Female,0,No,Yes,38,Yes,No,Fiber optic,No,No,Yes,Yes,Yes,Yes,Month-to-month,Yes,Credit card (automatic),67.59,2565.99,No
C-4f65e693,Male,0,Yes,No,33,Yes,No,Fiber optic,No,Yes,No,No,Yes,No,Month-to-month,No,Electronic check,64.91,2109.59,No
C-e3e7463b,Male,0,Yes,Yes,70,No,No phone service,Fiber optic,Yes,No,Yes,No,No internet service,No internet service,Month-to-month,No,Mailed check,59.6,4187.28,Yes
C-8967a5ca,Male,0,Yes,No,4,Yes,No,Fiber optic,No,Yes,No,No,No,Yes,Month-to-month,No,Mailed check,57.44,237.76,Yes
C-e61fd1d6,Female,1,No,No,9,Yes,No,Fiber optic,Yes,No,No,Yes,Yes,No,Two year,Yes,Bank transfer (automatic),68.11,573.16,No
C-4cd7801a,Female,0,No,Yes,70,Yes,Yes,Fiber optic,No,No,Yes,No,Yes,Yes,Two year,Yes,Mailed check,68.56,4776.17,No
C-8e948ab1,Male,0,Yes,No,62,Yes,Yes,Fiber optic,Yes,Yes,Yes,No,Yes,Yes,One year,No,Bank transfer (automatic),75.63,4695.28,No
C-4a785594,Female,0,Yes,Yes,45,Yes,No,Fiber optic,No internet service,No,Yes,No,No,Yes,Month-to-month,Yes,Mailed check,59.66,2694.19,Yes
C-3b97b54c,Male,1,No,Yes,45,Yes,Yes,DSL,Yes,Yes,No,No,Yes,Yes,Month-to-month,No,Mailed check,54.82,2461.37,Yes
C-e4ff7bc8,Male,0,No,Yes,7,Yes,Yes,Fiber optic,Yes,No,Yes,Yes,No,Yes,Two year,Yes,Credit card (automatic),69.27,478.89,No
C-2072683a,Male,1,No,Yes,50,Yes,No,Fiber optic,No,No,Yes,No,No,No,Month-to-month,Yes,Credit card (automatic),53.9,2708.0,Yes
C-b81707e7,Male,1,Yes,No,56,Yes,No,DSL,Yes,No,No,No,Yes,No,One year,Yes,Electronic check,49.49,2786.86,No
C-ae7bca21,Male,0,Yes,Yes,12,Yes,No phone service,DSL,No,No,No,No,Yes,No,Month-to-month,Yes,Credit card (automatic),46.04,529.39,Yes
C-8b8da3c1,Female,0,Yes,Yes,16,Yes,Yes,Fiber optic,No,Yes,No,Yes,No,No,Two year,No,Electronic check,56.73,932.16,No
C-204ef242,Female,0,Yes,Yes,3,No,No phone service,Fiber optic,Yes,No,No,Yes,Yes,No,Month-to-month,No,Credit card (automatic),65.08,159.96,Yes
C-8f1f01fa,Male,0,No,No,16,Yes,No,Fiber optic,Yes,Yes,No,No,No,Yes,Two year,Yes,Bank transfer (automatic),62.89,986.48,No
C-1ae26e41,Male,0,Yes,No,65,Yes,No,Fiber optic,No,Yes,Yes,Yes,Yes,Yes,Two year,No,Credit card (automatic),75.73,4931.12,No
C-b6e47b01,Male,0,No,Yes,68,Yes,Yes,DSL,No,Yes,Yes,No,Yes,No internet service,One year,Yes,Mailed check,51.91,3544.15,No
C-b30c06e6,Male,0,No,No,61,Yes,No,No,No internet service,No internet service,No internet service,No internet service,No internet service,No internet service,Two year,Yes,Mailed check,26.27,1572.83,No
C-b97c6369,Male,0,No,No,49,Yes,No,Fiber optic,No,Yes,No,No internet service,Yes,No,One year,No,Electronic check,53.84,2619.77,Yes
C-a2271cdb,Female,0,Yes,No,25,Yes,No,No,No internet service,No internet service,No internet service,No internet service,No internet service,No internet service,Month-to-month,Yes,Electronic check,26.58,668.91,No
C-c5ec17e6,Female,0,No,Yes,31,No,No phone service,Fiber optic,No internet service,Yes,No,No,No,No,Month-to-month,No,Electronic check,54.57,1675.09,Yes
C-b4c2e4e6,Male,0,No,Yes,2,Yes,Yes,Fiber optic,Yes,No internet service,No,No,No,Yes,Month-to-month,Yes,Mailed check,56.66,143.59,Yes
C-a06009de,Male,0,No,No,59,Yes,Yes,DSL,Yes,No,No,No internet service,No,No,Month-to-month,Yes,Electronic check,38.2,2273.88,No
C-b3cf3c55,Female,0,No,No,56,Yes,Yes,Fiber optic,No,No internet service,Yes,No,No,No,Two year,Yes,Mailed check,57.19,3198.61,No
C-69b85e0c,Male,0,No,Yes,5,Yes,Yes,Fiber optic,No internet service,No,No,Yes,No,Yes,Month-to-month,Yes,Credit card (automatic),60.78,296.96,Yes
C-9e2bfd29,Male,0,No,No,26,Yes,Yes,Fiber optic,No internet service,Yes,No,No,No,No,Month-to-month,No,Electronic check,51.44,1335.86,Yes
C-0acf6fe2,Female,0,No,No,29,Yes,No phone service,Fiber optic,No,Yes,No,Yes,Yes,Yes,Month-to-month,No,Electronic check,71.33,2068.16,No
C-024b8583,Female,0,Yes,No,31,Yes,No,Fiber optic,Yes,No,No,No,Yes,No,Month-to-month,Yes,Electronic check,58.47,1780.08,Yes
C-b0337b7c,Female,0,Yes,No,27,Yes,Yes,DSL,No internet service,No internet service,No,No,No internet service,No,One year,Yes,Credit card (automatic),34.95,952.1,Yes
C-dc8b68b7,Male,0,No,No,43,Yes,Yes,DSL,No internet service,No,No internet service,No,Yes,No,One year,No,Bank transfer (automatic),36.14,1528.04,No
C-1ac0d7bc,Male,1,Yes,Yes,39,Yes,Yes,Fiber optic,No,No,Yes,Yes,Yes,Yes,Month-to-month,Yes,Electronic check,63.89,2476.87,Yes
C-9d20e792,Female,0,No,No,9,Yes,No,Fiber optic,No,No,No internet service,Yes,No internet service,Yes,Month-to-month,No,Credit card (automatic),60.69,579.54,Yes
C-13c7f564,Female,0,No,No,65,Yes,Yes,Fiber optic,Yes,No,Yes,No,No internet service,No,Month-to-month,No,Mailed check,57.77,3771.33,No
C-374c46f5,Female,0,No,No,43,Yes,No,DSL,No,Yes,No internet service,No,No,Yes,One year,Yes,Credit card (automatic),45.12,1928.89,No
C-26468d82,Male,0,No,No,24,Yes,No phone service,Fiber optic,Yes,No,Yes,Yes,No,No,One year,Yes,Electronic check,70.67,1677.47,No
C-3d52993a,Female,0,No,No,52,No,No phone service,No,No internet service,No internet service,No internet service,No internet service,No internet service,No internet service,Month-to-month,Yes,Credit card (automatic),34.89,1770.96,No
C-b3a8f6f3,Male,0,No,No,5,Yes,No phone service,Fiber optic,Yes,No internet service,Yes,No,No,No,One year,No,Mailed check,54.2,286.87,No
C-aa2b1bab,Male,0,Yes,Yes,66,Yes,No phone service,Fiber optic,No,Yes,No internet service,Yes,No,No,One year,No,Bank transfer (automatic),56.9,3774.06,No
C-6f208cd9,Male,0,No,Yes,13,Yes,No,Fiber optic,No,Yes,No,Yes,No,No,One year,No,Bank transfer (automatic),58.28,789.04,No
C-8d101d2b,Female,0,No,No,43,Yes,No,Fiber optic,No,No,No,No,No internet service,No,Two year,Yes,Bank transfer (automatic),48.75,2136.64,No
C-fdc937bc,Female,0,No,No,64,Yes,No,Fiber optic,No internet service,Yes,Yes,No,No,No,One year,No,Credit card (automatic),57.83,3670.29,No
C-0c307a7e,Male,0,Yes,Yes,18,Yes,No,Fiber optic,No,No,No,No,No internet service,No,Month-to-month,No,Bank transfer (automatic),46.65,817.89,Yes
C-722384f6,Female,0,Yes,Yes,48,No,No phone service,DSL,No,Yes,No,No,Yes,Yes,Two year,Yes,Mailed check,50.36,2415.58,No
C-93b4dc29,Female,0,Yes,No,35,No,No phone service,Fiber optic,No,No,No,Yes,Yes,No,Month-to-month,Yes,Credit card (automatic),60.49,2132.35,Yes
C-200f33b9,Female,0,No,No,50,Yes,No phone service,Fiber optic,No,Yes,Yes,No internet service,No internet service,No,Month-to-month,Yes,Electronic check,50.6,2491.36,Yes
C-cd785703,Male,0,No,Yes,62,Yes,No,Fiber optic,Yes,No,No,No,Yes,No,Month-to-month,Yes,Electronic check,58.92,3640.36,No
C-05dfad34,Male,1,No,No,43,Yes,No,Fiber optic,No,Yes,Yes,Yes,Yes,No,Month-to-month,Yes,Credit card (automatic),66.91,2903.38,Yes
C-e105106d,Male,0,No,No,66,Yes,Yes,Fiber optic,No,No,No,Yes,No,No,Two year,Yes,Electronic check,47.9,3162.43,No
C-246271a0,Female,1,No,No,28,No,No phone service,Fiber optic,Yes,No,Yes,No,Yes,Yes,Month-to-month,No,Bank transfer (automatic),73.2,2064.52,Yes
C-c60a148d,Male,0,Yes,Yes,14,Yes,Yes,Fiber optic,No,No,No,No,Yes,Yes,Month-to-month,Yes,Credit card (automatic),60.2,832.48,Yes
C-e9bdd44d,Female,0,Yes,No,23,Yes,No,Fiber optic,No,No,No,No,No,No,One year,Yes,Credit card (automatic),51.04,1183.89,No
C-efdfbb2f,Female,0,No,No,66,Yes,Yes,Fiber optic,Yes,Yes,Yes,No,No,No,Two year,No,Credit card (automatic),63.15,4159.66,No
C-4fcaf148,Male,0,Yes,Yes,8,Yes,Yes,Fiber optic,Yes,No,Yes,No,Yes,Yes,Month-to-month,Yes,Electronic check,77.38,590.4,Yes
C-78005abb,Male,0,Yes,No,6,Yes,No,Fiber optic,No,Yes,No,No internet service,No,Yes,One year,Yes,Mailed check,58.21,379.06,No
C-ed7e297f,Male,0,Yes,No,22,Yes,No,Fiber optic,No,Yes,Yes,No,No,No,Month-to-month,No,Electronic check,57.75,1267.24,Yes
C-5700384e,Male,0,No,Yes,54,Yes,No,DSL,Yes,No,Yes,No internet service,No,Yes,Two year,Yes,Electronic check,50.75,2745.55,Yes
C-c18e45e3,Male,0,No,Yes,58,Yes,Yes,Fiber optic,No,Yes,No,No,Yes,No,Month-to-month,Yes,Credit card (automatic),65.5,3785.98,No
C-dd7543b2,Female,0,Yes,Yes,11,Yes,No,Fiber optic,No,Yes,No,No,Yes,No,Two year,Yes,Electronic check,57.23,652.59,No
C-eee76905,Male,0,No,Yes,68,Yes,Yes,Fiber optic,No,No,No,Yes,No internet service,No,Month-to-month,No,Credit card (automatic),56.29,3827.11,No
C-9a1ff58e,Male,1,Yes,No,28,Yes,Yes,DSL,No,No,No,No internet service,No,No,One year,Yes,Electronic check,33.16,958.33,No
C-e2890217,Female,0,No,Yes,16,Yes,No,Fiber optic,No,Yes,No,No,No,No,Month-to-month,No,Bank transfer (automatic),50.36,789.52,Yes
C-783ed1b3,Male,0,Yes,No,42,Yes,Yes,DSL,Yes,No,No,No,No,No,Month-to-month,Yes,Electronic check,41.16,1757.73,No
C-50f09454,Female,0,Yes,No,3,Yes,No,Fiber optic,No,Yes,Yes,Yes,Yes,No internet service,One year,Yes,Electronic check,72.41,228.85,No
C-02adb61f,Male,0,No,No,21,Yes,Yes,Fiber optic,No internet service,No,No internet service,No,Yes,No,Month-to-month,Yes,Bank transfer (automatic),53.2,1098.28,Yes
C-02fbb73a,Female,0,No,Yes,62,Yes,Yes,Fiber optic,No,Yes,Yes,Yes,No,No,Month-to-month,No,Electronic check,61.7,3814.21,Yes
C-6f0b74d3,Male,0,No,No,10,Yes,No,DSL,No,No,No,No,No,No,Month-to-month,Yes,Credit card (automatic),35.74,368.73,No
C-ac7705ff,Female,0,Yes,Yes,52,Yes,No phone service,Fiber optic,No,Yes,No,Yes,Yes,Yes,Month-to-month,Yes,Electronic check,65.83,3410.03,Yes
C-dc145b24,Male,0,Yes,No,0,Yes,Yes,Fiber optic,No,No,No,Yes,Yes,No,Month-to-month,Yes,Bank transfer (automatic),61.19,0.0,Yes
C-e5b1e135,Male,0,Yes,No,19,Yes,No phone service,Fiber optic,No,Yes,Yes,No,No internet service,Yes,One year,No,Mailed check,67.17,1292.97,No
C-fb56f6dc,Female,0,Yes,No,66,Yes,Yes,Fiber optic,No,No internet service,No,No internet service,No,Yes,Month-to-month,Yes,Electronic check,53.55,3524.61,No
C-88d1affb,Female,0,No,No,5,Yes,No phone service,Fiber optic,No,No,Yes,Yes,No,No,One year,Yes,Bank transfer (automatic),58.46,278.0,No
C-4e085d96,Male,0,Yes,Yes,52,Yes,No phone service,Fiber optic,Yes,Yes,Yes,No internet service,No,Yes,Month-to-month,No,Credit card (automatic),64.49,3338.52,No
C-b13abfee,Male,0,Yes,No,5,Yes,Yes,Fiber optic,No,Yes,Yes,No internet service,Yes,Yes,Month-to-month,No,Bank transfer (automatic),69.96,337.7,Yes
C-06bad2c8,Female,0,Yes,No,27,Yes,No,DSL,No,No,No,No,No,Yes,Month-to-month,Yes,Electronic check,35.21,982.05,Yes
C-907012cb,Male,0,Yes,No,23,Yes,No phone service,Fiber optic,No,No,Yes,Yes,No,No,Month-to-month,Yes,Mailed check,59.52,1367.04,No
C-5905e33f,Male,0,No,Yes,16,Yes,No,Fiber optic,No,Yes,No,No,No,No,One year,No,Mailed check,51.95,832.91,Yes
C-3a251569,Female,1,No,No,67,Yes,No phone service,Fiber optic,No,Yes,No,No,No,No internet service,Month-to-month,Yes,Credit card (automatic),55.44,3671.31,No
C-fb79c6f0,Male,1,Yes,No,63,No,No phone service,DSL,No,No,No,No internet service,No internet service,No,Two year,Yes,Electronic check,31.22,1965.19,No
C-d29b3da5,Female,1,Yes,No,13,Yes,Yes,Fiber optic,No,No,No,No,Yes,Yes,Month-to-month,Yes,Bank transfer (automatic),59.43,792.42,Yes
C-f1258072,Female,0,Yes,Yes,53,Yes,Yes,DSL,Yes,Yes,No internet service,No,Yes,Yes,Month-to-month,Yes,Electronic check,55.42,2934.14,Yes
C-04130bbc,Female,0,Yes,No,25,Yes,No,Fiber optic,Yes,No,No internet service,No,Yes,No,Month-to-month,Yes,Electronic check,55.08,1421.63,Yes
C-516b8f0f,Female,0,Yes,No,2,Yes,No,Fiber optic,No,Yes,No,No,No,Yes,Month-to-month,No,Bank transfer (automatic),55.71,128.72,Yes
C-59a77f33,Male,0,Yes,No,68,Yes,No,Fiber optic,No internet service,No,No,Yes,No,No,Month-to-month,No,Credit card (automatic),59.09,3982.03,No
C-d4260914,Male,0,No,No,20,Yes,Yes,Fiber optic,Yes,No,Yes,No,No,Yes,Two year,Yes,Mailed check,67.04,1338.18,No
C-9988ac0d,Male,0,No,No,0,Yes,No,Fiber optic,No,No,Yes,No internet service,No,No,Month-to-month,No,Credit card (automatic),53.39,3.11,Yes
C-3b9d233b,Male,0,No,No,60,Yes,No,Fiber optic,No internet service,No internet service,Yes,No,No,No,Two year,Yes,Electronic check,55.07,3304.48,No
C-9a3dcf3b,Female,1,No,No,36,Yes,No,Fiber optic,Yes,No,No,No,No,No,One year,No,Electronic check,60.73,2198.38,No
C-2739544d,Male,1,No,No,36,Yes,No,DSL,No,No,Yes,No internet service,No,Yes,One year,Yes,Electronic check,43.59,1552.79,No
C-28448bb1,Male,0,Yes,No,2,No,No phone service,Fiber optic,No,No internet service,No,No,Yes,No,Month-to-month,Yes,Bank transfer (automatic),49.0,113.75,No
C-e186aa0a,Male,0,No,No,60,Yes,Yes,DSL,No internet service,No,No,No,No,No internet service,One year,Yes,Mailed check,37.49,2248.66,No
C-3b8d6451,Male,0,Yes,No,7,No,No phone service,DSL,Yes,No,No,No,No,No,Two year,No,Electronic check,39.31,266.74,No
C-ac4c535a,Female,0,No,Yes,29,Yes,No,Fiber optic,No,Yes,Yes,Yes,Yes,Yes,One year,Yes,Bank transfer (automatic),77.06,2239.42,No
C-3cf514bb,Male,0,Yes,Yes,29,Yes,Yes,Fiber optic,No,No,Yes,Yes,Yes,No,Month-to-month,Yes,Bank transfer (automatic),64.09,1853.77,Yes
C-a3fdbc47,Female,0,No,No,26,Yes,No,Fiber optic,No,No,No,No,Yes,No internet service,Month-to-month,Yes,Credit card (automatic),59.78,1566.32,Yes
C-6fb9e257,Female,0,Yes,No,22,Yes,Yes,No,No internet service,No internet service,No internet service,No internet service,No internet service,No internet service,One year,No,Bank transfer (automatic),22.69,522.61,No
C-9db43650,Male,0,Yes,No,0,Yes,No,Fiber optic,No,No,Yes,No internet service,Yes,No internet service,Two year,No,Electronic check,55.77,0.0,Yes
C-b0636224,Female,0,Yes,No,10,Yes,Yes,DSL,Yes,No,No,No internet service,Yes,No,Month-to-month,No,Bank transfer (automatic),46.03,442.18,No
C-c5c3cd50,Male,0,Yes,Yes,12,Yes,Yes,Fiber optic,No,Yes,No,Yes,No internet service,No,Month-to-month,No,Bank transfer (automatic),56.13,682.79,No
C-07c68c24,Female,0,No,No,53,No,No phone service,No,No internet service,No internet service,No internet service,No internet service,No internet service,No internet service,Two year,Yes,Electronic check,23.95,1280.49,No
C-60682639,Female,0,Yes,Yes,11,Yes,No,DSL,No,Yes,No,No,No,No,One year,Yes,Credit card (automatic),44.9,488.11,No
C-24b04987,Male,0,No,Yes,40,No,No phone service,Fiber optic,Yes,No,Yes,No,No,No,Month-to-month,Yes,Electronic check,59.4,2352.23,Yes
C-70b972d7,Male,0,No,No,63,Yes,No,Fiber optic,No internet service,Yes,No,Yes,Yes,No,Two year,No,Electronic check,68.25,4299.88,No
C-22e2e77b,Female,0,No,No,36,Yes,Yes,DSL,Yes,No,No,Yes,No,Yes,One year,Yes,Electronic check,51.48,1849.46,No
C-d70af604,Male,1,Yes,No,67,Yes,Yes,No,No internet service,No internet service,No internet service,No internet service,No internet service,No internet service,Month-to-month,Yes,Electronic check,30.6,2051.21,No
C-d60c16e3,Female,0,No,No,24,Yes,No,Fiber optic,No,Yes,No,No,Yes,No,Month-to-month,Yes,Bank transfer (automatic),64.51,1510.97,No
C-ea4a6b03,Male,0,No,No,31,Yes,Yes,Fiber optic,No,No,Yes,Yes,No internet service,No internet service,One year,Yes,Mailed check,59.51,1816.76,No
C-f34d0957,Female,0,No,No,23,Yes,No,Fiber optic,Yes,Yes,Yes,Yes,Yes,No,Two year,Yes,Electronic check,77.85,1797.52,No
C-0e3675b9,Female,0,No,No,47,Yes,No,Fiber optic,No,Yes,Yes,No,No,Yes,One year,Yes,Credit card (automatic),66.02,3114.43,No
C-fc4121be,Female,0,Yes,No,64,No,No phone service,Fiber optic,No,No,Yes,No,No,Yes,Month-to-month,Yes,Electronic check,59.01,3780.61,Yes
C-4a200606,Male,0,No,No,40,Yes,No phone service,Fiber optic,No,Yes,Yes,No internet service,No,Yes,Month-to-month,Yes,Mailed check,66.63,2717.3,No
C-239c9a96,Female,0,Yes,No,42,Yes,No phone service,Fiber optic,Yes,No,Yes,No internet service,No internet service,Yes,Month-to-month,Yes,Mailed check,59.89,2507.27,No
C-e8305012,Female,0,Yes,Yes,9,No,No phone service,Fiber optic,Yes,No internet service,No,Yes,Yes,Yes,One year,Yes,Bank transfer (automatic),70.98,615.76,Yes
C-13529ca7,Female,1,Yes,No,58,Yes,No phone service,DSL,No,No,No,No internet service,No,No,Month-to-month,No,Credit card (automatic),35.43,2057.91,No
C-76fb4538,Female,0,Yes,Yes,47,Yes,Yes,DSL,Yes,Yes,Yes,No,Yes,No,Month-to-month,Yes,Bank transfer (automatic),55.01,2583.37,Yes
C-ae4a9fe1,Male,0,Yes,No,68,Yes,No phone service,Fiber optic,No,No internet service,No,No,No,No,Month-to-month,Yes,Credit card (automatic),45.12,3057.27,Yes
C-d5b1ac63,Male,0,No,Yes,55,Yes,No,Fiber optic,No,Yes,Yes,No,Yes,Yes,Month-to-month,Yes,Bank transfer (automatic),66.74,3683.07,Yes
C-5735c240,Female,0,No,No,46,No,No phone service,Fiber optic,Yes,No internet service,Yes,Yes,No,No,Month-to-month,No,Electronic check,62.9,2890.18,No
C-a623ba2c,Male,0,No,Yes,18,Yes,No,Fiber optic,Yes,No internet service,No,No,No,No,Two year,Yes,Mailed check,56.8,1067.58,No
C-bf1e70b5,Female,0,No,No,48,Yes,Yes,DSL,No,No,Yes,Yes,No,Yes,Month-to-month,Yes,Credit card (automatic),51.08,2433.41,No
C-560ad090,Female,0,No,No,49,Yes,No phone service,DSL,No,No,No internet service,No,Yes,No,Month-to-month,Yes,Credit card (automatic),37.43,1850.2,No
C-6f79246c,Male,0,Yes,No,69,Yes,No,Fiber optic,No,No,No,No internet service,No,No,One year,Yes,Electronic check,46.58,3179.93,No
C-b7b18881,Male,0,Yes,Yes,46,Yes,No phone service,DSL,No,No internet service,No,Yes,Yes,No internet service,Month-to-month,No,Electronic check,44.33,2036.57,No
C-b74ef1c9,Male,0,Yes,No,54,Yes,No phone service,DSL,Yes,Yes,No,No,No,Yes,Month-to-month,Yes,Electronic check,47.08,2570.11,No
C-1f30106e,Female,0,No,No,64,Yes,No,Fiber optic,No,No,Yes,No,Yes,Yes,Two year,No,Bank transfer (automatic),59.62,3829.18,No
C-e775bc9e,Female,0,Yes,No,70,Yes,Yes,Fiber optic,No,Yes,Yes,No,Yes,No,Month-to-month,Yes,Electronic check,61.25,4256.58,No
C-7e962d3d,Male,1,Yes,No,56,Yes,No,DSL,No,No,No,No,No,Yes,One year,No,Electronic check,39.83,2249.49,No
C-6e33ab6c,Male,0,Yes,Yes,48,Yes,No,Fiber optic,No,No,No,No,No,Yes,Month-to-month,Yes,Bank transfer (automatic),53.39,2568.55,Yes
C-c876972a,Female,1,No,No,6,No,No phone service,Fiber optic,No,No,No internet service,No,Yes,No internet service,Month-to-month,Yes,Credit card (automatic),54.08,312.7,Yes
C-3c70637b,Male,0,No,No,63,Yes,No,DSL,Yes,No,No,No internet service,Yes,Yes,Month-to-month,Yes,Bank transfer (automatic),51.97,3260.71,No
C-a3188164,Female,1,No,Yes,54,Yes,No,Fiber optic,No,Yes,No,No,Yes,Yes,Month-to-month,Yes,Credit card (automatic),65.78,3558.61,Yes
C-660187d4,Male,0,No,No,39,Yes,Yes,Fiber optic,No internet service,No,Yes,Yes,No,No internet service,Two year,Yes,Electronic check,61.47,2409.2,No
C-742c3d32,Female,0,No,No,43,Yes,Yes,Fiber optic,Yes,No,Yes,Yes,Yes,Yes,One year,Yes,Electronic check,76.17,3245.0,No
C-31ac1d75,Female,0,Yes,Yes,22,Yes,No phone service,Fiber optic,No,No,No,Yes,No,No,One year,No,Mailed check,46.85,1051.3,No
C-9e5d1643,Male,0,No,No,49,Yes,Yes,Fiber optic,Yes,No,No,No,No,Yes,Two year,No,Electronic check,57.75,2837.47,No
C-b786da88,Male,1,Yes,Yes,71,Yes,No,Fiber optic,Yes,No,Yes,Yes,No,No,Month-to-month,No,Credit card (automatic),61.31,4360.51,Yes
C-861c96e7,Female,0,No,No,10,Yes,No,Fiber optic,No,No,No,No,Yes,No,One year,Yes,Electronic check,52.34,522.73,No
C-2ea25c0e,Female,0,No,No,26,Yes,No,Fiber optic,Yes,Yes,No internet service,No,Yes,No internet service,One year,No,Mailed check,58.97,1532.06,No
C-f30c791b,Male,0,No,Yes,16,No,No phone service,Fiber optic,No,No,No,No,Yes,No,One year,Yes,Electronic check,51.79,812.83,No
C-090f6aa0,Male,0,No,No,47,Yes,Yes,Fiber optic,Yes,No,Yes,Yes,No,No,Two year,No,Electronic check,62.78,2962.8,No
C-46d24496,Male,1,No,No,72,No,No phone service,Fiber optic,No,No,No,Yes,Yes,No,Month-to-month,Yes,Credit card (automatic),56.96,4133.03,Yes
C-91430a8f,Female,0,Yes,No,11,No,No phone service,No,No internet service,No internet service,No internet service,No internet service,No internet service,No internet service,Month-to-month,No,Electronic check,27.38,319.04,Yes
C-432fe6a3,Male,0,No,No,21,No,No phone service,Fiber optic,No,No,No internet service,Yes,No,No,Two year,No,Electronic check,54.01,1155.72,Yes
C-7f2e4908,Female,0,Yes,No,5,Yes,Yes,Fiber optic,No internet service,No internet service,Yes,No,Yes,No,Two year,Yes,Electronic check,56.82,297.24,Yes
C-463aaf91,Female,0,No,No,67,Yes,Yes,Fiber optic,No,Yes,No,No,No,Yes,One year,Yes,Credit card (automatic),55.05,3665.15,No
C-c3783d0c,Female,0,No,No,7,Yes,No,Fiber optic,No,No internet service,Yes,No internet service,Yes,No internet service,Month-to-month,Yes,Electronic check,56.87,412.56,Yes
C-df6be582,Female,0,Yes,No,54,Yes,No,Fiber optic,No,Yes,Yes,No,No,Yes,Month-to-month,No,Mailed check,66.21,3546.02,No
C-d98b6c22,Male,1,No,No,1,Yes,Yes,Fiber optic,No,Yes,Yes,No,Yes,No,Month-to-month,No,Electronic check,67.5,58.2,Yes
C-590b313f,Female,0,No,Yes,62,Yes,No,DSL,No internet service,No,No,No,Yes,No,One year,No,Credit card (automatic),39.23,2446.07,No
C-21e285a6,Female,0,Yes,Yes,0,Yes,Yes,Fiber optic,No,Yes,Yes,No,Yes,Yes,Month-to-month,Yes,Mailed check,70.21,11.4,Yes
C-df0e275d,Female,0,No,No,20,Yes,No,Fiber optic,No,No,Yes,No,Yes,No,Two year,No,Mailed check,60.84,1244.49,No
C-edbb1ade,Female,0,Yes,Yes,10,Yes,Yes,Fiber optic,No,Yes,No,No,Yes,No internet service,Month-to-month,Yes,Mailed check,55.6,537.59,Yes
C-541115f8,Female,0,Yes,Yes,71,No,No phone service,DSL,Yes,Yes,No,No,No,No,Month-to-month,Yes,Electronic check,42.82,3022.95,Yes
C-504e55c4,Female,1,No,Yes,40,No,No phone service,Fiber optic,No,No,No,No internet service,Yes,No,Two year,Yes,Credit card (automatic),53.85,2120.11,No
C-758666b3,Female,0,Yes,Yes,72,Yes,No,No,No internet service,No internet service,No internet service,No internet service,No internet service,No internet service,Month-to-month,Yes,Electronic check,32.23,2322.76,Yes
C-5ad760db,Male,0,Yes,Yes,24,Yes,No phone service,Fiber optic,No,No,Yes,No,No,No internet service,One year,No,Electronic check,51.85,1257.48,Yes
C-3b74c58b,Female,0,Yes,Yes,68,No,No phone service,Fiber optic,No,No,No,No,Yes,No,Month-to-month,Yes,Electronic check,54.9,3708.63,No
C-1565e9be,Female,0,No,No,23,Yes,No,DSL,Yes,No,No internet service,No,No,Yes,Month-to-month,Yes,Mailed check,45.74,1040.3,Yes
C-34ba5417,Male,0,Yes,No,68,Yes,No,DSL,No,No,No,No,No,No,Month-to-month,No,Bank transfer (automatic),32.1,2188.06,No
C-a07b463f,Male,0,Yes,No,56,Yes,Yes,DSL,Yes,No,No,Yes,No,No internet service,Month-to-month,No,Electronic check,47.47,2628.84,No
C-7255d1e5,Female,0,Yes,No,31,Yes,No phone service,Fiber optic,Yes,Yes,No,Yes,No,Yes,One year,No,Bank transfer (automatic),71.61,2194.97,Yes
C-7cdedc7c,Female,1,Yes,No,35,No,No phone service,DSL,No,Yes,No,No,Yes,No,One year,No,Electronic check,44.41,1540.01,No
C-6a18e587,Female,0,No,No,67,Yes,No phone service,Fiber optic,Yes,Yes,No,No,No,Yes,Month-to-month,Yes,Credit card (automatic),69.13,4633.35,No
C-dff6bff2,Male,0,Yes,No,21,Yes,No,Fiber optic,No internet service,Yes,No,Yes,No,Yes,Month-to-month,No,Electronic check,60.96,1269.37,Yes
C-764d5556,Male,0,Yes,No,30,Yes,Yes,DSL,No internet service,No internet service,No,No,Yes,No,Two year,No,Electronic check,39.02,1148.19,No
C-43781896,Male,0,Yes,Yes,23,Yes,No,Fiber optic,Yes,No,No,No,No,No,Month-to-month,Yes,Credit card (automatic),56.38,1302.3,Yes
C-c37b3270,Female,0,No,No,32,No,No phone service,No,No internet service,No internet service,No internet service,No internet service,No internet service,No internet service,One year,Yes,Electronic check,32.12,1022.74,No
C-ac1bc8b4,Male,0,Yes,Yes,7,Yes,No phone service,DSL,Yes,No internet service,Yes,Yes,No,Yes,Month-to-month,Yes,Credit card (automatic),59.7,411.66,Yes
C-75ade9fe,Female,0,No,Yes,12,Yes,No phone service,Fiber optic,No internet service,Yes,Yes,No,No,Yes,Month-to-month,Yes,Electronic check,72.14,899.61,Yes
C-4073a15a,Female,0,No,Yes,34,Yes,Yes,Fiber optic,Yes,No,No,No internet service,Yes,No,Month-to-month,No,Electronic check,61.25,2052.16,Yes
C-2b0ecccb,Female,0,Yes,No,29,Yes,Yes,DSL,Yes,Yes,No,Yes,Yes,No,Month-to-month,No,Electronic check,53.01,1534.04,No
C-2f8283dd,Female,0,No,Yes,35,Yes,No,Fiber optic,No internet service,No,Yes,No,No,No internet service,Two year,Yes,Electronic check,52.52,1817.95,No
C-dbd8de67,Female,0,No,Yes,45,No,No phone service,Fiber optic,Yes,Yes,Yes,No,Yes,No,One year,Yes,Credit card (automatic),76.01,3421.83,No
C-6e3102e3,Male,0,No,No,28,Yes,No phone service,Fiber optic,No,Yes,No,No,No,No,One year,Yes,Credit card (automatic),53.85,1528.24,No
C-eda5ceb9,Female,1,No,No,47,Yes,No,DSL,No,No,No,Yes,No internet service,No,One year,Yes,Bank transfer (automatic),41.15,1919.2,No
C-bc067fb8,Male,0,Yes,No,54,Yes,Yes,No,No internet service,No internet service,No internet service,No internet service,No internet service,No internet service,Month-to-month,No,Electronic check,33.01,1762.76,No
C-069d5cc7,Female,0,Yes,Yes,29,Yes,No,Fiber optic,Yes,No,No,No internet service,Yes,Yes,Two year,Yes,Bank transfer (automatic),68.45,1966.04,Yes
C-651fe54d,Male,0,Yes,No,36,Yes,Yes,DSL,No,No,Yes,Yes,No,Yes,Month-to-month,No,Electronic check,48.66,1747.62,Yes
C-b28b8753,Female,0,Yes,Yes,10,Yes,Yes,No,No internet service,No internet service,No internet service,No internet service,No internet service,No internet service,Month-to-month,No,Electronic check,27.16,259.47,Yes
C-10448a89,Female,0,No,No,19,No,No phone service,DSL,Yes,No,Yes,No,No,No,Month-to-month,Yes,Mailed check,41.07,794.31,Yes
C-49612f02,Female,0,Yes,Yes,42,Yes,Yes,DSL,No,No internet service,No internet service,Yes,Yes,Yes,One year,No,Credit card (automatic),50.56,2114.03,No
C-b813dc6b,Female,0,No,No,69,Yes,No phone service,DSL,Yes,No internet service,No,Yes,No,No,Month-to-month,Yes,Mailed check,46.1,3124.3,Yes
C-5db9883d,Male,0,Yes,No,67,Yes,No,Fiber optic,No,No,No,Yes,No,No,Month-to-month,Yes,Mailed check,51.18,3405.25,Yes
C-f0d377db,Female,0,No,No,63,Yes,No,No,No internet service,No internet service,No internet service,No internet service,No internet service,No internet service,Month-to-month,Yes,Electronic check,28.41,1779.72,No
C-ba2f7c7b,Male,1,No,No,57,Yes,Yes,Fiber optic,Yes,Yes,No,No,No,No,Month-to-month,No,Electronic check,64.87,3707.5,Yes
C-e1b8a678,Male,1,No,No,14,Yes,Yes,Fiber optic,No internet service,No,Yes,Yes,No,Yes,One year,Yes,Electronic check,62.6,876.64,No
C-473201c4,Male,0,Yes,Yes,33,Yes,Yes,Fiber optic,No,No,No,No,No,No,One year,Yes,Mailed check,47.45,1557.38,No
C-7414a721,Male,0,Yes,No,22,Yes,No,DSL,No,No,No,Yes,Yes,No,Month-to-month,No,Bank transfer (automatic),42.22,977.4,Yes
C-2c5249c1,Male,0,No,Yes,15,Yes,No,Fiber optic,Yes,No,Yes,No,Yes,No,Month-to-month,Yes,Mailed check,66.49,964.31,Yes
C-4b8cefac,Male,0,No,No,50,Yes,Yes,Fiber optic,No internet service,Yes,No,Yes,Yes,Yes,One year,No,Electronic check,68.02,3386.5,No
C-de41fe08,Male,0,No,Yes,1,Yes,No,Fiber optic,No,No,No internet service,No,No internet service,No,Month-to-month,Yes,Bank transfer (automatic),44.33,69.06,Yes
C-c960ba16,Female,1,No,No,35,Yes,No phone service,Fiber optic,No,No,Yes,Yes,No,No,Month-to-month,Yes,Electronic check,52.52,1834.25,No
C-98450fb4,Male,1,Yes,Yes,34,Yes,No,No,No internet service,No internet service,No internet service,No internet service,No internet service,No internet service,Two year,Yes,Credit card (automatic),29.71,1021.22,No
C-1f6701ac,Male,0,No,No,4,Yes,No phone service,Fiber optic,No,No internet service,No,No,Yes,No,Two year,No,Credit card (automatic),55.99,214.1,Yes
C-c553ad54,Male,0,No,No,9,Yes,No phone service,Fiber optic,No,No,Yes,No,No internet service,Yes,Two year,No,Electronic check,61.44,525.32,No
C-d2e31f7b,Female,1,No,No,57,Yes,Yes,DSL,No,No internet service,Yes,Yes,Yes,No,Month-to-month,Yes,Bank transfer (automatic),47.81,2739.6,No
C-da0e9968,Female,0,No,No,39,Yes,No,Fiber optic,No,Yes,No internet service,No,No,No,Month-to-month,Yes,Credit card (automatic),51.95,2026.91,No
C-5b62cc2c,Female,0,No,Yes,38,Yes,Yes,Fiber optic,No,No,No,No,No,Yes,Month-to-month,Yes,Credit card (automatic),52.54,1994.6,Yes
C-5ceed0f9,Female,1,Yes,Yes,2,Yes,Yes,Fiber optic,No,No,No,No,No,No,Month-to-month,No,Electronic check,48.57,83.22,Yes
C-0eaf16ac,Female,0,No,No,48,Yes,No,Fiber optic,No,Yes,No,No,Yes,No,Month-to-month,Yes,Mailed check,52.8,2493.39,Yes
C-0cfb3c6a,Female,0,No,No,65,Yes,Yes,Fiber optic,No,Yes,No,No internet service,Yes,Yes,Two year,No,Bank transfer (automatic),64.94,4200.19,No
C-8558d791,Female,0,No,Yes,57,Yes,No,Fiber optic,No,Yes,Yes,No,Yes,No,Two year,Yes,Electronic check,60.85,3496.11,No
C-216e2d97,Female,0,No,No,61,Yes,No,Fiber optic,No,No,Yes,Yes,No internet service,No,Month-to-month,Yes,Electronic check,62.55,3828.22,Yes
C-68d38f5e,Female,0,Yes,Yes,16,Yes,No,Fiber optic,Yes,Yes,No,Yes,No,No,Two year,No,Mailed check,63.45,1052.34,No
C-484a34a5,Female,0,Yes,Yes,15,Yes,No,Fiber optic,Yes,No,No,No,No,No,One year,Yes,Electronic check,55.07,836.64,No
C-02c551b8,Female,0,Yes,No,0,Yes,No,Fiber optic,No,No,No,No,No,Yes,One year,Yes,Electronic check,54.54,0.0,Yes
C-a5da29b6,Female,0,Yes,No,11,Yes,No,Fiber optic,No,No,No,Yes,Yes,No,Month-to-month,Yes,Electronic check,64.11,706.59,Yes
C-c8e15bb0,Male,0,No,Yes,22,No,No phone service,DSL,No internet service,No,No,Yes,Yes,Yes,Month-to-month,No,Credit card (automatic),55.32,1225.57,Yes
C-8f0de98a,Female,0,No,No,28,Yes,No phone service,Fiber optic,No,No,Yes,No,Yes,Yes,Month-to-month,Yes,Electronic check,64.6,1784.38,Yes
C-bf76ec1d,Male,1,No,No,66,Yes,No phone service,Fiber optic,No,No,No,Yes,No,Yes,Two year,No,Bank transfer (automatic),54.45,3606.82,No
C-6abc47fe,Female,0,Yes,No,26,Yes,Yes,Fiber optic,No,No,Yes,No,No,No,Two year,No,Electronic check,52.76,1329.15,No
C-3dde6518,Male,0,No,Yes,62,Yes,No,Fiber optic,No,No,No internet service,No,No,No,Month-to-month,Yes,Electronic check,50.58,3110.74,Yes
C-adc09af0,Male,0,No,No,43,Yes,Yes,Fiber optic,No,Yes,No internet service,No internet service,No,Yes,Two year,Yes,Electronic check,56.19,2407.84,Yes
C-1c2824c6,Female,0,Yes,No,38,Yes,No,Fiber optic,No internet service,No,No,No,Yes,No,One year,No,Credit card (automatic),50.12,1933.1,No
C-c5b32589,Male,0,No,No,65,Yes,Yes,Fiber optic,No,Yes,No,No,Yes,No,One year,Yes,Electronic check,63.9,4123.98,No
C-7ff6d54e,Female,1,No,No,43,No,No phone service,Fiber optic,No,Yes,No internet service,No,Yes,No,Month-to-month,No,Mailed check,62.83,2657.98,Yes
C-f5a63699,Male,0,Yes,No,22,Yes,Yes,Fiber optic,Yes,No,Yes,No,Yes,Yes,One year,Yes,Electronic check,72.24,1606.41,Yes
C-e1e852c7,Female,0,No,Yes,65,Yes,Yes,Fiber optic,No,No,No internet service,No,No,No,Month-to-month,Yes,Credit card (automatic),52.55,3412.06,No
C-dd8f091b,Male,1,No,No,30,Yes,No,Fiber optic,No,No,No internet service,Yes,Yes,No,Month-to-month,Yes,Electronic check,56.54,1710.35,No
C-ea76005d,Male,0,No,Yes,63,Yes,No phone service,DSL,No,No,No,Yes,Yes,No,Two year,Yes,Bank transfer (automatic),42.12,2673.56,No
C-ad5dd139,Male,0,Yes,No,71,Yes,No,Fiber optic,No,No,Yes,No internet service,No,No,One year,No,Credit card (automatic),52.03,3734.24,No
C-357a891e,Female,0,No,No,0,Yes,Yes,Fiber optic,No,No internet service,No,Yes,No,No,Month-to-month,Yes,Electronic check,54.81,0.0,Yes
C-8087dcbb,Female,0,Yes,No,38,No,No phone service,Fiber optic,No,Yes,No,Yes,Yes,Yes,Month-to-month,Yes,Credit card (automatic),75.86,2901.6,Yes
C-a0955537,Female,0,Yes,No,33,Yes,No,Fiber optic,No,No internet service,No,No,No,No,Month-to-month,No,Mailed check,47.0,1519.58,No
C-4e770eb5,Male,0,Yes,No,36,Yes,No,DSL,Yes,Yes,Yes,No,No internet service,Yes,Two year,No,Credit card (automatic),54.86,1996.21,No
C-c9057d0f,Female,0,No,No,14,Yes,No,Fiber optic,Yes,Yes,No,Yes,No,No,Two year,No,Bank transfer (automatic),65.11,887.59,No
C-a8a4be38,Female,0,No,Yes,43,Yes,No,Fiber optic,Yes,No,No,Yes,No,Yes,Two year,Yes,Electronic check,64.89,2793.92,No
C-a21f60b9,Female,0,Yes,No,7,No,No phone service,Fiber optic,Yes,No,No,No,No,No,Month-to-month,No,Bank transfer (automatic),58.6,390.51,Yes
C-ef12cb4b,Female,0,No,Yes,29,Yes,No,Fiber optic,No,Yes,No,Yes,No,No,Month-to-month,Yes,Electronic check,57.96,1708.9,Yes
C-0fd3d381,Female,0,Yes,No,27,Yes,Yes,Fiber optic,Yes,Yes,No,No,No,Yes,Month-to-month,Yes,Credit card (automatic),64.84,1739.31,No
C-35b24920,Male,0,Yes,Yes,50,Yes,No,Fiber optic,Yes,No,No,No,No,Yes,Month-to-month,No,Electronic check,61.04,3025.87,Yes
C-69dd3ac6,Female,0,No,No,50,Yes,No,Fiber optic,Yes,No,No internet service,No internet service,No,No internet service,Month-to-month,Yes,Electronic check,53.81,2674.61,Yes
C-05e88d35,Female,1,No,No,12,No,No phone service,Fiber optic,No,No,No,No,No,No,Two year,No,Electronic check,43.57,508.92,No
C-b30f0033,Male,0,No,Yes,25,Yes,No,Fiber optic,No,No,Yes,No internet service,No,Yes,Month-to-month,Yes,Credit card (automatic),56.45,1442.72,Yes
C-7d13fd32,Female,0,No,No,33,Yes,No,No,No internet service,No internet service,No internet service,No internet service,No internet service,No internet service,Month-to-month,No,Electronic check,23.27,755.58,Yes
C-19cab2d8,Female,0,No,No,32,Yes,No,Fiber optic,No,No,No,No,No,No,Month-to-month,Yes,Mailed check,53.05,1698.71,Yes
C-94376327,Female,0,Yes,No,53,No,No phone service,Fiber optic,No,No,Yes,No,Yes,No,Month-to-month,Yes,Electronic check,54.66,2884.3,Yes
C-29b6fa64,Male,0,Yes,Yes,9,Yes,No phone service,Fiber optic,No,No,No,No,Yes,Yes,One year,Yes,Credit card (automatic),59.59,514.33,Yes
C-1002aec4,Female,0,Yes,Yes,28,Yes,Yes,Fiber optic,Yes,No,No,No,No,No internet service,Month-to-month,No,Credit card (automatic),52.57,1467.8,No
C-d334fb11,Female,0,No,Yes,44,Yes,No phone service,No,No internet service,No internet service,No internet service,No internet service,No internet service,No internet service,Month-to-month,Yes,Electronic check,25.36,1101.97,Yes
C-50389be2,Female,0,No,No,71,Yes,No,Fiber optic,No,Yes,No,No,No,Yes,Month-to-month,Yes,Mailed check,60.96,4334.24,No
C-a8c9eab9,Female,1,Yes,Yes,64,Yes,No phone service,Fiber optic,No,Yes,Yes,No,Yes,No,Month-to-month,Yes,Mailed check,67.67,4346.56,Yes
C-0b3f7b57,Female,0,No,Yes,11,Yes,Yes,Fiber optic,Yes,No,No,Yes,No internet service,No internet service,Month-to-month,Yes,Electronic check,58.53,635.75,Yes
C-b8e428ca,Male,0,Yes,Yes,37,Yes,Yes,DSL,Yes,No,Yes,Yes,No internet service,No internet service,One year,No,Bank transfer (automatic),49.02,1840.36,No
C-10265216,Male,1,No,No,59,Yes,Yes,DSL,No,No,Yes,No,Yes,No,Month-to-month,Yes,Bank transfer (automatic),48.67,2882.29,No
C-5138a212,Male,0,Yes,No,66,No,No phone service,Fiber optic,Yes,No,No,Yes,No,Yes,Month-to-month,Yes,Electronic check,68.44,4512.79,Yes
C-13eb7b21,Female,1,No,No,23,No,No phone service,Fiber optic,Yes,No,No,No,Yes,Yes,Two year,No,Mailed check,65.41,1513.59,No
C-7ba42380,Female,0,No,Yes,37,Yes,No phone service,Fiber optic,No,Yes,No,No,No,Yes,Month-to-month,Yes,Bank transfer (automatic),59.93,2246.73,No
C-4adb6c42,Male,0,Yes,No,46,Yes,Yes,Fiber optic,No,No internet service,Yes,No,Yes,No,One year,Yes,Electronic check,61.37,2835.75,No
C-07b16b59,Male,0,No,No,69,Yes,No,Fiber optic,No internet service,No,No,No,Yes,No,One year,Yes,Credit card (automatic),50.35,3465.55,No
C-57e6b14b,Male,0,No,Yes,56,No,No phone service,Fiber optic,Yes,No,Yes,No,No internet service,No,Month-to-month,No,Mailed check,61.41,3423.65,No
C-a97d564c,Male,0,Yes,Yes,16,Yes,No,Fiber optic,No,No internet service,No,No,Yes,No,Month-to-month,Yes,Mailed check,54.31,842.04,Yes
C-e0bd4e04,Male,0,No,Yes,20,Yes,No,Fiber optic,No,No,No,No,Yes,No,One year,Yes,Electronic check,52.82,1069.42,No
C-c7d693cb,Female,1,No,No,29,Yes,Yes,DSL,Yes,No,Yes,No,No,No,One year,Yes,Electronic check,46.14,1349.18,Yes
C-29dedf5d,Female,0,Yes,Yes,0,Yes,No phone service,Fiber optic,No,Yes,No,Yes,No,Yes,One year,No,Credit card (automatic),64.46,0.0,No
C-a91ccd79,Male,0,No,No,0,No,No phone service,Fiber optic,No,Yes,No,No,No,Yes,Month-to-month,Yes,Electronic check,61.32,0.0,Yes
C-aaa9d5a5,Female,0,No,No,55,Yes,No,Fiber optic,No,Yes,No,No,No,Yes,Month-to-month,Yes,Mailed check,57.38,3159.73,Yes
C-5dd27ced,Male,0,Yes,Yes,52,Yes,No,Fiber optic,No,Yes,No,Yes,No,No,Month-to-month,Yes,Mailed check,57.65,3019.61,Yes
C-971dd740,Male,0,No,No,38,Yes,Yes,No,No internet service,No internet service,No internet service,No internet service,No internet service,No internet service,Month-to-month,No,Electronic check,27.71,1034.74,Yes
C-eb307f62,Male,0,No,Yes,5,Yes,No phone service,No,No internet service,No internet service,No internet service,No internet service,No internet service,No internet service,One year,Yes,Credit card (automatic),24.9,125.96,Yes
C-c6c7dbb4,Female,0,Yes,Yes,43,Yes,Yes,Fiber optic,No,Yes,Yes,No internet service,No,No,One year,Yes,Electronic check,60.04,2552.03,No
C-32de5e1e,Male,0,Yes,No,48,Yes,Yes,No,No internet service,No internet service,No internet service,No internet service,No internet service,No internet service,Two year,No,Bank transfer (automatic),32.23,1561.37,No
C-ce09831a,Female,0,Yes,No,9,Yes,No,Fiber optic,No,Yes,Yes,No,Yes,Yes,Month-to-month,Yes,Mailed check,73.28,659.99,Yes
C-ff423b3d,Female,0,Yes,No,37,Yes,No phone service,No,No internet service,No internet service,No internet service,No internet service,No internet service,No internet service,One year,Yes,Electronic check,31.76,1201.59,No
C-fe4174b8,Male,0,No,No,61,Yes,No,Fiber optic,No,No,No,No internet service,No internet service,Yes,Month-to-month,Yes,Bank transfer (automatic),48.36,2930.96,Yes
C-bea9187b,Male,0,Yes,No,23,Yes,Yes,Fiber optic,No,No,Yes,No,No,Yes,Month-to-month,No,Credit card (automatic),62.64,1450.83,No
C-c92be864,Male,0,Yes,No,44,Yes,No phone service,Fiber optic,No,No,No,No internet service,Yes,No,Two year,Yes,Electronic check,54.37,2391.8,No
C-0b962d67,Male,0,No,No,66,No,No phone service,Fiber optic,No internet service,Yes,Yes,Yes,No,No,Two year,No,Bank transfer (automatic),64.65,4237.46,No
C-13aabe6d,Male,0,Yes,No,55,Yes,Yes,Fiber optic,No,No,No,Yes,Yes,No internet service,Month-to-month,Yes,Electronic check,61.23,3348.7,Yes
C-b6b6bfcc,Female,0,Yes,No,0,No,No phone service,Fiber optic,No,Yes,No internet service,Yes,No,No,Month-to-month,No,Electronic check,55.76,0.0,Yes
C-700837f9,Female,0,No,No,56,Yes,Yes,Fiber optic,Yes,No,No,No,No,No internet service,Month-to-month,Yes,Mailed check,50.65,2837.79,Yes
C-eb255d4d,Male,0,No,No,31,Yes,No phone service,Fiber optic,No,Yes,No,Yes,No,No,Month-to-month,Yes,Credit card (automatic),64.83,2017.3,No
C-437f6067,Female,0,Yes,No,8,Yes,No,Fiber optic,No,No internet service,Yes,Yes,No,No internet service,Two year,No,Electronic check,61.55,495.64,No
C-8277e6b6,Female,0,Yes,No,66,Yes,No,Fiber optic,Yes,No,No,No,Yes,No,One year,No,Bank transfer (automatic),61.15,4039.59,Yes
C-1b0b0928,Male,0,No,No,6,Yes,Yes,No,No internet service,No internet service,No internet service,No internet service,No internet service,No internet service,Month-to-month,Yes,Bank transfer (automatic),30.16,156.85,Yes
C-3a2c9bf1,Male,0,No,No,34,Yes,No phone service,Fiber optic,No,No internet service,No internet service,Yes,No,Yes,Month-to-month,Yes,Electronic check,56.89,1920.09,Yes
C-2562721e,Female,1,No,No,56,Yes,Yes,DSL,No,No,Yes,No internet service,Yes,No,One year,Yes,Electronic check,46.97,2634.76,No
C-4e681c76,Female,0,No,No,45,Yes,Yes,No,No internet service,No internet service,No internet service,No internet service,No internet service,No internet service,One year,Yes,Electronic check,29.92,1360.97,No
C-56eeda15,Male,0,No,No,20,Yes,No,Fiber optic,No,Yes,Yes,No,No,Yes,One year,Yes,Electronic check,62.55,1244.14,No
C-367c0a91,Male,0,Yes,No,39,Yes,No,DSL,Yes,No,No,No internet service,No,Yes,Month-to-month,Yes,Mailed check,44.33,1722.47,No
C-4dccd1c2,Male,0,No,No,1,Yes,Yes,DSL,No,No,Yes,No,No,No,Month-to-month,No,Electronic check,36.27,29.61,Yes
C-14e94cbf,Male,0,No,No,46,Yes,Yes,Fiber optic,Yes,No,Yes,No,Yes,Yes,Month-to-month,No,Electronic check,71.54,3316.17,No
C-21ed8e17,Male,0,Yes,Yes,25,No,No phone service,Fiber optic,No,Yes,Yes,No,No internet service,No,Month-to-month,Yes,Bank transfer (automatic),58.57,1471.72,Yes
C-bc129e23,Female,0,Yes,No,34,Yes,Yes,Fiber optic,Yes,No,No,No,No,Yes,Month-to-month,No,Electronic check,60.03,2040.23,Yes
C-cf2c130d,Male,0,Yes,No,56,Yes,No,Fiber optic,Yes,No,Yes,No,Yes,No,Month-to-month,No,Credit card (automatic),67.65,3772.55,Yes
C-493e4213,Male,0,Yes,Yes,71,Yes,Yes,Fiber optic,No,No,Yes,No,Yes,Yes,Month-to-month,Yes,Mailed check,64.11,4580.66,Yes
C-90b35a20,Male,0,No,No,50,Yes,No,Fiber optic,No,No,Yes,No,No,Yes,One year,Yes,Bank transfer (automatic),55.72,2792.81,Yes
C-7e2b9c76,Male,0,No,No,19,Yes,Yes,Fiber optic,No,Yes,No,No,No,No,Month-to-month,Yes,Credit card (automatic),51.58,985.47,No
C-1edbb5ee,Female,0,Yes,No,48,Yes,No,DSL,Yes,No,No,No internet service,No,No internet service,Two year,No,Electronic check,39.77,1892.2,No
C-46ab2a8d,Male,0,No,No,41,Yes,No,Fiber optic,No,No,Yes,Yes,No,No,One year,Yes,Mailed check,60.59,2483.27,No
C-2f7fafe6,Female,0,Yes,No,44,Yes,No phone service,Fiber optic,No internet service,No,No,Yes,No internet service,Yes,One year,Yes,Bank transfer (automatic),56.13,2480.33,Yes
C-57f760e3,Female,0,Yes,No,50,No,No phone service,No,No internet service,No internet service,No internet service,No internet service,No internet service,No internet service,Month-to-month,No,Bank transfer (automatic),19.55,975.08,No
C-3dd4b9e6,Female,1,Yes,No,14,Yes,Yes,Fiber optic,Yes,No,No,No,Yes,No,One year,Yes,Credit card (automatic),61.15,864.83,No
C-21f5256c,Male,1,Yes,No,72,Yes,Yes,DSL,No,No,No,Yes,No,No,One year,No,Credit card (automatic),39.85,2856.63,No
C-781981fd,Female,0,No,No,3,Yes,No,Fiber optic,No,No,Yes,Yes,Yes,No,Two year,Yes,Electronic check,70.43,182.69,No
C-858d4db2,Male,0,No,No,28,Yes,Yes,Fiber optic,No,No internet service,No,No,No,No,Two year,Yes,Mailed check,46.96,1339.67,No
C-1027d177,Male,1,Yes,Yes,12,Yes,No,Fiber optic,No,No,Yes,No internet service,No,Yes,One year,No,Mailed check,65.22,797.55,No
C-8796511d,Male,0,No,No,56,Yes,No,DSL,No,No,No,Yes,Yes,No,One year,No,Electronic check,40.95,2301.13,No
C-6489642e,Female,0,No,No,57,Yes,No phone service,Fiber optic,No,Yes,No internet service,Yes,No,No,Month-to-month,Yes,Credit card (automatic),59.25,3379.63,Yes
C-65789471,Female,0,Yes,No,57,Yes,Yes,Fiber optic,No,No,No internet service,No,No internet service,Yes,Month-to-month,Yes,Mailed check,50.08,2875.04,No
C-5910eda0,Female,1,Yes,No,28,Yes,Yes,Fiber optic,No internet service,Yes,No,No,No,Yes,Month-to-month,No,Bank transfer (automatic),58.3,1635.69,Yes
C-507bc843,Female,0,Yes,Yes,15,Yes,No phone service,Fiber optic,Yes,No internet service,Yes,No,No,No,Month-to-month,Yes,Electronic check,65.83,977.87,Yes
C-ca5d82df,Male,0,No,No,4,Yes,No,DSL,No internet service,Yes,No,No,Yes,No,Month-to-month,Yes,Bank transfer (automatic),42.28,217.26,Yes
C-9d8a4301,Male,0,No,No,55,Yes,Yes,DSL,No,No,Yes,Yes,No,Yes,Month-to-month,Yes,Mailed check,47.97,2659.78,Yes
C-8fe62003,Female,0,Yes,No,56,Yes,No,Fiber optic,No,No,No,No,Yes,No,Two year,No,Mailed check,55.26,3105.43,No
C-d3df5567,Female,0,No,No,17,Yes,No,DSL,No,Yes,No,Yes,No internet service,No,Month-to-month,Yes,Credit card (automatic),46.7,764.69,No
C-0ccc74fe,Male,0,No,No,48,Yes,Yes,Fiber optic,No internet service,No,No,Yes,No,No,Two year,Yes,Electronic check,53.54,2593.39,No
C-9a91e574,Male,0,Yes,No,32,Yes,No,Fiber optic,No,No,Yes,No,No,No internet service,One year,No,Electronic check,55.92,1829.67,No
C-3fd6b131,Male,0,No,Yes,13,Yes,No,DSL,Yes,No,No,Yes,No,No,Month-to-month,No,Mailed check,41.72,535.27,No
C-bf7e4b12,Male,0,Yes,Yes,11,Yes,No phone service,Fiber optic,No,No,No,Yes,Yes,Yes,Month-to-month,No,Bank transfer (automatic),61.88,662.32,Yes
C-36004771,Female,0,No,No,38,Yes,No phone service,Fiber optic,No,No,No internet service,No,No,No,Two year,No,Electronic check,47.76,1781.76,No
C-fbe9aedd,Female,0,No,No,37,Yes,No,DSL,Yes,No internet service,Yes,Yes,No internet service,No,Two year,Yes,Credit card (automatic),49.78,1862.6,No
C-f03909c6,Male,0,No,No,8,Yes,Yes,Fiber optic,No,No,No,No,No,No,Month-to-month,Yes,Bank transfer (automatic),50.1,430.71,Yes
C-21e39327,Female,0,No,No,60,Yes,Yes,Fiber optic,Yes,Yes,No,Yes,Yes,No,Two year,No,Mailed check,69.53,4165.03,No
C-d8eb6314,Male,0,Yes,No,33,Yes,No phone service,DSL,No internet service,Yes,Yes,Yes,No internet service,No internet service,Two year,Yes,Electronic check,52.81,1744.79,No
C-9fcfd01c,Female,0,No,No,55,No,No phone service,Fiber optic,No,Yes,No,Yes,No,Yes,One year,Yes,Credit card (automatic),65.03,3588.62,No
C-0baf11c5,Male,0,Yes,No,10,Yes,No,Fiber optic,No internet service,No,No,Yes,Yes,No,Two year,Yes,Credit card (automatic),56.56,585.27,No
C-9067d9d7,Male,0,Yes,No,48,Yes,No,Fiber optic,Yes,No,No,Yes,No internet service,No internet service,Two year,Yes,Electronic check,55.46,2627.94,No
C-5bb799f1,Female,0,Yes,No,9,Yes,No,DSL,No,No,No,No,No,No,Month-to-month,Yes,Credit card (automatic),36.45,327.42,Yes
C-c6b9e22f,Female,0,No,No,50,Yes,No,Fiber optic,No,No internet service,Yes,No,Yes,No,One year,No,Bank transfer (automatic),63.73,3199.97,No
C-174633df,Male,1,Yes,Yes,37,Yes,No,DSL,No,No,No internet service,No,No internet service,No internet service,Month-to-month,Yes,Bank transfer (automatic),30.41,1158.27,Yes
C-8eb870cb,Female,0,No,No,0,Yes,No,Fiber optic,No,Yes,No,No internet service,Yes,Yes,Two year,No,Bank transfer (automatic),67.12,0.0,Yes
C-1cd9746b,Male,0,Yes,Yes,64,Yes,No phone service,DSL,No,No,No,No,Yes,No,Month-to-month,Yes,Credit card (automatic),41.57,2670.74,No
C-af05960e,Male,0,No,No,11,No,No phone service,Fiber optic,No,No,No,No internet service,Yes,No,Month-to-month,Yes,Mailed check,52.72,566.03,Yes
C-aa3aadfa,Male,1,No,No,19,Yes,Yes,Fiber optic,No,No,Yes,No,No,Yes,Month-to-month,No,Bank transfer (automatic),62.05,1139.85,No
C-384299bb,Male,0,No,No,39,Yes,No,DSL,No,Yes,No,No,No,No,Month-to-month,Yes,Electronic check,35.56,1350.55,No
C-d3473c28,Male,0,No,Yes,9,Yes,No,Fiber optic,Yes,Yes,Yes,No,No,Yes,Month-to-month,Yes,Mailed check,62.38,567.37,Yes
C-aa51e779,Male,0,No,No,18,No,No phone service,No,No internet service,No internet service,No internet service,No internet service,No internet service,No internet service,Month-to-month,Yes,Electronic check,24.85,449.96,Yes
C-7d86cea8,Female,1,Yes,No,47,Yes,No phone service,Fiber optic,No,No,No,No,No,Yes,Two year,Yes,Bank transfer (automatic),53.36,2504.88,No
C-c2aaa6ab,Female,1,Yes,No,58,Yes,No,DSL,No,No,No,No,No,No,Month-to-month,Yes,Bank transfer (automatic),30.37,1767.29,No
C-47c71830,Female,1,Yes,Yes,56,Yes,No,DSL,No,No,Yes,Yes,No,No,Month-to-month,Yes,Electronic check,46.7,2613.03,Yes
C-f7f50f1f,Female,0,Yes,Yes,2,Yes,No,Fiber optic,No internet service,Yes,No internet service,No,Yes,Yes,Month-to-month,Yes,Electronic check,65.23,134.53,Yes
C-5f5d2e03,Female,0,No,No,3,Yes,No phone service,Fiber optic,No,No,No internet service,No,No,Yes,Month-to-month,No,Bank transfer (automatic),55.11,156.65,Yes
C-f74afbf5,Female,0,Yes,No,50,Yes,No,DSL,Yes,Yes,No,Yes,No,No,Month-to-month,No,Mailed check,53.52,2689.03,No
C-058f3acc,Male,0,No,Yes,34,No,No phone service,DSL,No internet service,No,Yes,No,No,No internet service,Month-to-month,No,Bank transfer (automatic),45.03,1563.11,No
C-98138d42,Male,0,No,No,45,Yes,Yes,Fiber optic,No internet service,Yes,No,No,No,No internet service,Month-to-month,No,Bank transfer (automatic),53.07,2367.03,Yes
C-d5b17458,Female,0,Yes,No,24,Yes,No,DSL,No,No,No,Yes,No,Yes,Month-to-month,Yes,Electronic check,42.66,1025.17,No
C-37a93817,Female,0,No,No,0,Yes,No,Fiber optic,No,No,No,No,Yes,Yes,Month-to-month,Yes,Bank transfer (automatic),61.68,21.35,Yes
C-f140e4b6,Male,0,Yes,No,59,Yes,Yes,Fiber optic,No internet service,No,Yes,No,No,No internet service,Month-to-month,Yes,Electronic check,55.84,3294.37,Yes
C-b2c94fe1,Male,0,No,Yes,65,Yes,Yes,Fiber optic,No,No,Yes,Yes,No,Yes,Two year,Yes,Credit card (automatic),64.78,4231.34,No
C-5bb190ee,Male,0,No,No,54,Yes,No,Fiber optic,Yes,No internet service,No,No,No,No,Month-to-month,Yes,Electronic check,56.89,3059.17,Yes
C-bc5fb561,Female,0,Yes,No,39,Yes,Yes,Fiber optic,No,No,No,No,No internet service,Yes,Two year,Yes,Bank transfer (automatic),51.55,2050.72,No
C-ab8e5a9a,Female,0,No,No,67,Yes,Yes,DSL,No,No internet service,No internet service,Yes,No,No,Month-to-month,Yes,Electronic check,38.02,2520.55,No
C-dce6e455,Female,1,Yes,Yes,18,Yes,No,Fiber optic,No,No,Yes,No,Yes,No,One year,No,Credit card (automatic),58.94,1073.24,No
C-f3e3b7cf,Male,0,Yes,No,40,Yes,No,Fiber optic,No,No,Yes,Yes,No,No internet service,Month-to-month,Yes,Mailed check,59.4,2359.28,Yes
C-a28199ee,Female,1,No,Yes,52,Yes,No,DSL,No internet service,No,No,Yes,Yes,No,Two year,Yes,Electronic check,40.74,2109.17,No
C-a62cbf62,Male,0,Yes,No,38,Yes,Yes,No,No internet service,No internet service,No internet service,No internet service,No internet service,No internet service,Month-to-month,No,Mailed check,25.63,996.76,No
C-15bbf5df,Female,0,No,Yes,10,Yes,Yes,Fiber optic,No internet service,Yes,No,No,No internet service,No,One year,No,Credit card (automatic),55.72,564.96,No
C-496e4561,Female,0,No,No,60,Yes,No,Fiber optic,Yes,No,No,No,No,No,Month-to-month,Yes,Mailed check,54.97,3305.2,No
C-4728b948,Male,0,No,Yes,59,Yes,Yes,Fiber optic,Yes,No internet service,No,No,No internet service,No,Month-to-month,Yes,Bank transfer (automatic),55.99,3308.96,No
C-a4c225e1,Male,0,Yes,No,42,No,No phone service,Fiber optic,No,Yes,Yes,No,No,No,One year,No,Electronic check,54.26,2261.78,No
C-0cb5bec7,Male,0,No,No,15,Yes,No,DSL,Yes,No,No,No,Yes,No,Month-to-month,Yes,Bank transfer (automatic),43.92,603.54,No
C-5d29527d,Female,0,No,No,65,Yes,Yes,Fiber optic,No,No,Yes,No,No,Yes,One year,Yes,Bank transfer (automatic),57.52,3753.13,No
C-29127005,Female,0,No,No,71,Yes,Yes,Fiber optic,Yes,No,No,No,No,No,Month-to-month,No,Electronic check,54.01,3829.33,No
C-1f5e2d64,Male,0,No,No,62,Yes,Yes,DSL,No internet service,Yes,Yes,No,No,No,Month-to-month,Yes,Bank transfer (automatic),42.5,2635.36,No
C-fcc4b571,Female,0,Yes,Yes,72,Yes,No,DSL,Yes,No,No,No,No,Yes,One year,Yes,Mailed check,43.9,3205.11,No
C-3dae7dc5,Male,0,No,No,31,Yes,Yes,Fiber optic,No,Yes,Yes,No,No,Yes,One year,No,Electronic check,64.83,1996.16,Yes
C-f2ed4a53,Male,1,No,No,23,Yes,Yes,DSL,No,Yes,No internet service,No,No,Yes,One year,No,Mailed check,43.74,1021.95,No
C-6dc8bfc5,Female,0,Yes,Yes,20,Yes,Yes,No,No internet service,No internet service,No internet service,No internet service,No internet service,No internet service,Month-to-month,Yes,Bank transfer (automatic),35.18,738.49,No
C-9d0a693b,Male,0,No,No,14,Yes,No,Fiber optic,No,No,No,Yes,No,No,One year,No,Mailed check,49.66,705.5,Yes
C-86dcba05,Male,0,No,No,67,Yes,No phone service,Fiber optic,No,No,Yes,Yes,No,Yes,Month-to-month,Yes,Electronic check,64.97,4362.01,No
C-50a49028,Male,1,Yes,No,36,Yes,Yes,DSL,No,No internet service,No,No,Yes,Yes,Month-to-month,No,Mailed check,48.14,1745.32,Yes
C-c77fabc2,Male,0,Yes,No,8,Yes,Yes,Fiber optic,No,No,No internet service,No internet service,No,Yes,Month-to-month,Yes,Electronic check,51.72,441.72,Yes
C-d366ad23,Male,0,No,No,66,Yes,Yes,DSL,No internet service,Yes,Yes,No,No,Yes,Two year,Yes,Bank transfer (automatic),47.6,3113.36,No
C-0b179df9,Male,1,No,Yes,60,Yes,Yes,Fiber optic,No,Yes,No internet service,No,Yes,No,Month-to-month,Yes,Credit card (automatic),56.75,3418.39,Yes
C-b7ee6ed5,Male,0,No,No,57,Yes,Yes,Fiber optic,No,No internet service,Yes,Yes,No,No internet service,Month-to-month,Yes,Credit card (automatic),58.55,3344.01,No
C-cf7ab57a,Male,0,Yes,No,36,Yes,No phone service,Fiber optic,Yes,No,No,No,No,Yes,Two year,Yes,Bank transfer (automatic),62.84,2263.26,No
C-5ac1357c,Female,0,No,No,47,Yes,Yes,Fiber optic,Yes,Yes,No,No,Yes,Yes,Two year,No,Bank transfer (automatic),72.31,3401.59,No
C-6935d5d0,Female,0,No,Yes,69,Yes,Yes,Fiber optic,Yes,Yes,No,No,No,No,One year,Yes,Mailed check,59.6,4109.0,Yes
C-6d1b1b20,Female,1,Yes,Yes,39,Yes,No,DSL,No,No,No,No,No internet service,No,Two year,Yes,Electronic check,34.7,1333.28,No
C-e0578a8c,Male,0,No,Yes,23,Yes,No phone service,Fiber optic,No,No,No,No,Yes,No,Month-to-month,No,Electronic check,51.63,1164.43,Yes
C-707313e5,Female,1,Yes,Yes,49,No,No phone service,Fiber optic,Yes,No,No,No,No,No,One year,Yes,Mailed check,50.56,2471.93,Yes
C-3b89e3f4,Male,1,No,Yes,16,Yes,Yes,Fiber optic,No,Yes,Yes,No internet service,No,No,Two year,Yes,Bank transfer (automatic),62.2,991.14,No
C-863a7b24,Female,0,No,Yes,16,Yes,No,Fiber optic,No internet service,Yes,Yes,No,No,No internet service,Two year,No,Mailed check,59.16,955.3,Yes
C-79aea468,Female,0,No,No,10,Yes,No phone service,DSL,No internet service,Yes,No,No,Yes,Yes,One year,Yes,Electronic check,49.11,481.39,No
C-95dade29,Male,1,Yes,Yes,34,No,No phone service,Fiber optic,No,No internet service,Yes,No,Yes,No,One year,Yes,Bank transfer (automatic),56.44,1883.6,Yes
C-3b88d8ca,Male,0,No,No,25,Yes,No,Fiber optic,No,Yes,Yes,No,Yes,No,One year,No,Electronic check,64.4,1606.38,No
C-f78e930d,Male,0,No,Yes,9,Yes,Yes,Fiber optic,Yes,No,No,No,Yes,No,Two year,Yes,Credit card (automatic),59.33,485.32,No
C-1766498c,Female,1,Yes,Yes,55,Yes,Yes,Fiber optic,No,No,No,No,No,Yes,Two year,Yes,Electronic check,55.86,3055.68,No
C-0e8a903c,Male,0,No,No,30,Yes,No,Fiber optic,No,No,No,No,No,No internet service,Two year,Yes,Bank transfer (automatic),47.4,1404.83,No
C-94625ff5,Female,0,Yes,No,8,Yes,Yes,Fiber optic,No,No,No,No,No,No,Month-to-month,No,Electronic check,44.96,362.39,Yes
C-4b94600b,Female,0,Yes,No,1,Yes,No phone service,DSL,No,No,No,No,Yes,Yes,Month-to-month,Yes,Credit card (automatic),44.66,59.06,Yes
C-8ccb603e,Male,0,No,No,44,Yes,No phone service,Fiber optic,Yes,No,Yes,No,No internet service,No,Month-to-month,No,Credit card (automatic),61.08,2677.58,Yes
C-4cccde2c,Male,0,Yes,No,67,Yes,No phone service,Fiber optic,No internet service,Yes,Yes,Yes,No internet service,No,Two year,Yes,Bank transfer (automatic),61.56,4141.03,No
C-7eb86f45,Male,1,No,No,24,Yes,No,DSL,No,Yes,No,Yes,No,No,Month-to-month,Yes,Credit card (automatic),38.82,955.36,No
C-6e30e2e0,Female,0,Yes,No,28,Yes,No,No,No internet service,No internet service,No internet service,No internet service,No internet service,No internet service,Two year,Yes,Electronic check,28.16,750.32,No
C-93ec7a01,Female,0,Yes,No,24,Yes,Yes,Fiber optic,No,Yes,No,No,No,No,Month-to-month,Yes,Bank transfer (automatic),51.69,1232.46,Yes
C-6b759540,Male,0,Yes,No,6,Yes,No phone service,No,No internet service,No internet service,No internet service,No internet service,No internet service,No internet service,Two year,No,Mailed check,21.68,174.06,No
C-dbcf1531,Female,0,Yes,Yes,68,Yes,Yes,Fiber optic,No,No,Yes,Yes,No,No,Two year,Yes,Bank transfer (automatic),57.81,3915.84,No
C-3b091301,Male,0,No,Yes,50,Yes,No,Fiber optic,No,Yes,No,No,Yes,No,Month-to-month,Yes,Electronic check,60.85,3040.58,Yes
C-fc987d94,Male,0,Yes,No,35,No,No phone service,Fiber optic,No,No,No,Yes,Yes,No internet service,One year,Yes,Bank transfer (automatic),51.51,1807.59,No
C-624a9d4e,Female,1,No,No,10,Yes,No,No,No internet service,No internet service,No internet service,No internet service,No internet service,No internet service,Month-to-month,Yes,Mailed check,27.92,288.21,No
C-2ed24658,Female,0,No,Yes,26,Yes,Yes,Fiber optic,Yes,Yes,No,No,Yes,No,One year,No,Mailed check,63.8,1640.53,No
C-64192ed1,Female,0,No,No,65,Yes,No phone service,Fiber optic,No,Yes,No,No,Yes,No internet service,Month-to-month,Yes,Electronic check,57.65,3734.47,Yes
C-dae64807,Male,1,No,No,46,Yes,No,Fiber optic,Yes,Yes,No internet service,No,Yes,No,Month-to-month,No,Electronic check,68.13,3117.67,No
C-c29c4ec1,Male,1,No,No,25,Yes,No,DSL,No,No,No internet service,Yes,No,No,Month-to-month,No,Electronic check,36.51,924.13,No
C-7ede533c,Male,0,Yes,No,32,Yes,Yes,Fiber optic,Yes,No,Yes,Yes,No,Yes,Month-to-month,Yes,Electronic check,67.54,2135.49,Yes
C-d28a12d4,Female,0,No,No,70,Yes,No,Fiber optic,No,No,No,No,No,No,Month-to-month,No,Credit card (automatic),48.45,3379.27,Yes
C-46784d8d,Female,0,No,No,45,Yes,No,Fiber optic,No internet service,Yes,No,Yes,Yes,Yes,Month-to-month,Yes,Credit card (automatic),67.32,3047.77,No
C-fb48dc69,Male,0,No,No,15,No,No phone service,DSL,No internet service,No internet service,No,No,No,No internet service,Month-to-month,Yes,Bank transfer (automatic),34.39,515.35,No
C-e214e677,Male,0,No,No,70,Yes,No phone service,No,No internet service,No internet service,No internet service,No internet service,No internet service,No internet service,Month-to-month,Yes,Bank transfer (automatic),25.55,1802.18,No
C-47b50515,Female,0,Yes,No,68,Yes,No phone service,DSL,No,No,Yes,Yes,No internet service,No,One year,Yes,Mailed check,40.86,2784.68,No
C-b9f1e333,Female,0,No,No,40,Yes,No phone service,Fiber optic,No,Yes,Yes,No,No,No,Two year,Yes,Electronic check,63.06,2520.69,No
C-3a161a00,Female,0,Yes,Yes,68,No,No phone service,Fiber optic,No,No internet service,No,No,No,Yes,One year,No,Bank transfer (automatic),57.8,3917.15,No
C-341611a7,Female,0,No,No,21,Yes,No,Fiber optic,No,No,No,No,No,No,Month-to-month,Yes,Bank transfer (automatic),50.38,1096.61,No
C-50ca6ff4,Male,0,No,No,36,Yes,Yes,Fiber optic,No,No,No,No internet service,No,No,Month-to-month,No,Electronic check,47.43,1670.94,Yes
C-11065348,Male,0,Yes,Yes,57,Yes,Yes,Fiber optic,Yes,No,Yes,No,No,No,One year,Yes,Credit card (automatic),61.29,3425.62,No
C-c7f39726,Male,0,Yes,Yes,2,Yes,Yes,Fiber optic,No,Yes,Yes,No internet service,No internet service,No,One year,Yes,Electronic check,64.04,118.97,Yes
C-ada925c2,Male,0,Yes,Yes,7,Yes,Yes,DSL,No,No,Yes,No,No,No,Two year,Yes,Electronic check,37.0,230.82,No
C-b16d6fa4,Female,0,No,No,65,No,No phone service,DSL,Yes,Yes,No,Yes,No internet service,Yes,One year,Yes,Mailed check,53.81,3476.89,No
C-c565c280,Female,0,Yes,No,11,Yes,No phone service,DSL,Yes,No,Yes,Yes,No,No,Two year,No,Bank transfer (automatic),47.78,537.18,No
C-85e3ea1b,Male,0,No,No,25,Yes,No phone service,Fiber optic,No,No internet service,No,No,No,Yes,One year,No,Electronic check,49.21,1230.97,No
C-6f7c4e08,Male,0,No,No,58,Yes,Yes,DSL,No,Yes,No,No,Yes,No,Two year,Yes,Electronic check,43.47,2524.92,No
C-d80da0c6,Male,0,Yes,Yes,8,Yes,No,Fiber optic,No,No,No,No,No,No,One year,Yes,Bank transfer (automatic),55.08,437.02,No
C-71f4483c,Female,0,Yes,No,25,Yes,Yes,Fiber optic,No,Yes,No,No,No,No,One year,Yes,Electronic check,55.02,1365.14,Yes
C-1fbfdf01,Female,0,No,No,27,Yes,No,No,No internet service,No internet service,No internet service,No internet service,No internet service,No internet service,Month-to-month,Yes,Credit card (automatic),26.65,752.5,No
C-b646772a,Male,0,Yes,No,33,Yes,No phone service,Fiber optic,Yes,No,No,No,No internet service,No internet service,Month-to-month,Yes,Credit card (automatic),53.91,1766.89,Yes
C-0ecb9318,Male,1,No,No,22,No,No phone service,Fiber optic,No,Yes,Yes,No,Yes,No,Month-to-month,Yes,Credit card (automatic),62.8,1351.36,Yes
C-527b2aee,Female,0,No,Yes,5,Yes,No,Fiber optic,No,No,No,Yes,No,Yes,Month-to-month,No,Mailed check,57.79,314.48,Yes
C-f614c36a,Female,0,Yes,No,12,Yes,Yes,Fiber optic,No,No internet service,No,Yes,Yes,No,Month-to-month,Yes,Bank transfer (automatic),55.19,651.09,No
C-948bf11a,Female,1,Yes,No,47,Yes,No,DSL,No,No,No,No,Yes,No,Month-to-month,Yes,Mailed check,37.77,1795.63,No
C-e7592e49,Female,0,Yes,No,48,Yes,Yes,DSL,No internet service,No,Yes,No,No internet service,Yes,Month-to-month,Yes,Electronic check,41.9,1994.34,Yes
C-bab5649b,Female,0,No,Yes,62,Yes,No,No,No internet service,No internet service,No internet service,No internet service,No internet service,No internet service,Month-to-month,No,Mailed check,33.24,2013.54,No
C-98d23655,Female,0,No,No,55,Yes,Yes,DSL,Yes,No,No internet service,No,No,No,Two year,No,Bank transfer (automatic),42.6,2346.89,No
C-ac98376e,Male,0,No,Yes,27,Yes,No phone service,Fiber optic,No,No,No,No,No,Yes,Month-to-month,Yes,Electronic check,52.19,1382.22,Yes
C-9c429764,Female,0,Yes,No,62,Yes,No phone service,Fiber optic,No,No,Yes,No,Yes,No,Two year,No,Mailed check,56.58,3545.15,No
C-6e511c57,Male,0,Yes,No,27,Yes,No,Fiber optic,No,Yes,No,Yes,Yes,No,Month-to-month,No,Mailed check,63.12,1711.82,No
C-792b480a,Female,0,No,No,52,Yes,Yes,Fiber optic,No,No,No internet service,Yes,Yes,Yes,Month-to-month,Yes,Electronic check,66.22,3434.44,No
C-ef5146f1,Male,1,No,No,57,Yes,Yes,Fiber optic,No,Yes,Yes,No,No,No,Month-to-month,No,Mailed check,56.74,3230.68,Yes
C-db3a6945,Male,0,No,No,15,Yes,No,Fiber optic,No,Yes,Yes,No,No,Yes,One year,Yes,Bank transfer (automatic),65.77,940.89,Yes
C-90ce0d31,Female,0,No,No,52,No,No phone service,DSL,No,No,No,No,No,No,Month-to-month,Yes,Credit card (automatic),32.3,1672.85,No
C-5a602bb3,Male,0,No,Yes,67,No,No phone service,Fiber optic,Yes,No,Yes,No,No,No,Month-to-month,Yes,Mailed check,60.38,4084.88,No
C-91ccd69b,Male,0,Yes,No,52,Yes,Yes,DSL,Yes,Yes,No,Yes,Yes,Yes,Month-to-month,Yes,Credit card (automatic),67.2,3507.18,No
C-ccd63f55,Male,1,No,Yes,27,Yes,No,Fiber optic,Yes,No,Yes,No,No,Yes,One year,Yes,Credit card (automatic),59.95,1640.89,No
C-6ff7e043,Female,1,Yes,No,68,Yes,Yes,Fiber optic,Yes,Yes,Yes,Yes,No,Yes,Month-to-month,Yes,Mailed check,75.89,5162.79,No
C-eb52cb8d,Female,0,Yes,No,67,Yes,Yes,Fiber optic,Yes,Yes,No,No,Yes,No,Month-to-month,No,Bank transfer (automatic),64.95,4355.26,Yes
C-ee3e8f98,Female,0,No,No,21,Yes,No,Fiber optic,No,Yes,No,No,No,No,Month-to-month,Yes,Bank transfer (automatic),50.6,1039.71,Yes
C-4c85dd89,Female,0,Yes,No,72,Yes,Yes,Fiber optic,No,Yes,Yes,Yes,Yes,No internet service,Month-to-month,No,Electronic check,69.05,5004.66,No
C-a88c80dc,Female,1,Yes,No,5,No,No phone service,DSL,Yes,Yes,No,No,No internet service,No,Month-to-month,No,Credit card (automatic),46.67,248.6,Yes
C-42da91bf,Male,0,No,No,5,Yes,No,Fiber optic,No,No,No,No,Yes,Yes,Month-to-month,No,Credit card (automatic),59.67,268.45,Yes
C-d684b4ce,Female,0,No,No,29,Yes,No,No,No internet service,No internet service,No internet service,No internet service,No internet service,No internet service,Month-to-month,No,Electronic check,28.57,831.14,No
C-20796790,Female,0,Yes,No,28,Yes,No,Fiber optic,Yes,No,No,No,Yes,Yes,Two year,Yes,Electronic check,63.85,1806.71,No
C-333f11bb,Male,0,Yes,Yes,5,Yes,Yes,DSL,No,No,No internet service,No,No,No,One year,No,Electronic check,32.13,172.96,No
C-48e0fc51,Female,1,No,No,46,Yes,No phone service,DSL,No,Yes,Yes,No,No,Yes,Month-to-month,Yes,Mailed check,52.34,2407.64,No
C-e1691a6e,Male,0,Yes,No,17,Yes,Yes,Fiber optic,No internet service,No,No,Yes,No,No,Month-to-month,Yes,Electronic check,52.91,896.41,No
C-74d291cb,Male,0,Yes,No,37,Yes,No phone service,No,No internet service,No internet service,No internet service,No internet service,No internet service,No internet service,One year,No,Electronic check,25.84,946.75,No
C-45ef31b7,Female,0,No,No,1,Yes,Yes,Fiber optic,Yes,Yes,No,No,No,No,One year,Yes,Electronic check,55.12,62.32,Yes
C-6fa8f007,Female,1,No,No,66,Yes,Yes,No,No internet service,No internet service,No internet service,No internet service,No internet service,No internet service,Two year,Yes,Electronic check,28.17,1824.17,No
C-3a55b0e3,Male,1,Yes,No,64,Yes,No phone service,Fiber optic,No,Yes,No,No,Yes,No internet service,Month-to-month,No,Credit card (automatic),57.26,3646.91,Yes
C-3b80d88b,Male,0,No,No,55,Yes,No,Fiber optic,Yes,No,No,No,No,No,Month-to-month,Yes,Credit card (automatic),59.62,3291.09,No
C-f4168e37,Female,0,Yes,Yes,30,No,No phone service,Fiber optic,Yes,No,No,No,No,No,Two year,No,Mailed check,51.11,1519.87,No
C-1d66a18b,Male,0,No,No,66,No,No phone service,DSL,No,No,No internet service,No,No,Yes,Month-to-month,Yes,Bank transfer (automatic),39.05,2561.24,No
C-155b17e8,Male,0,No,Yes,69,Yes,Yes,Fiber optic,No,Yes,No,No,No,No,Month-to-month,Yes,Bank transfer (automatic),52.93,3663.22,No
C-7bac6403,Female,0,No,No,61,Yes,Yes,Fiber optic,No,Yes,Yes,No,No,No internet service,Month-to-month,Yes,Bank transfer (automatic),57.06,3478.66,Yes
C-45d5945f,Female,0,Yes,No,3,Yes,No,Fiber optic,No,No,No,No,No,No,Two year,Yes,Bank transfer (automatic),48.26,185.38,No
C-5bb9731f,Female,0,Yes,Yes,61,Yes,No,Fiber optic,No,No,No,No,No,No internet service,Month-to-month,No,Electronic check,47.09,2874.35,Yes
C-a48a94d5,Male,1,Yes,No,20,Yes,No,Fiber optic,No,Yes,Yes,No,No,No,One year,Yes,Mailed check,53.79,1080.37,No
C-4593cf15,Male,0,No,Yes,47,Yes,No,Fiber optic,No,No,Yes,No,Yes,Yes,Month-to-month,Yes,Electronic check,62.32,2908.84,No
C-9b99e8ee,Female,0,Yes,No,27,Yes,No phone service,Fiber optic,No internet service,No internet service,No,No,No internet service,No,Month-to-month,Yes,Mailed check,48.56,1314.32,Yes
C-f260f3e9,Female,0,No,No,53,Yes,Yes,DSL,No,No,No,No,No,Yes,Month-to-month,Yes,Bank transfer (automatic),43.11,2273.53,Yes
C-b8b46e46,Male,0,No,Yes,48,Yes,No,No,No internet service,No internet service,No internet service,No internet service,No internet service,No internet service,Month-to-month,Yes,Credit card (automatic),26.42,1251.09,No
C-ac0e05e2,Male,0,Yes,No,36,Yes,No,Fiber optic,No,Yes,No internet service,No,No,No,Month-to-month,No,Bank transfer (automatic),49.51,1796.14,Yes
C-ecdad573,Male,1,No,No,71,Yes,Yes,Fiber optic,No internet service,Yes,Yes,Yes,No,No,Month-to-month,Yes,Electronic check,60.54,4282.81,Yes
C-44ea4ef0,Female,0,Yes,No,44,Yes,No,Fiber optic,Yes,No,No,No,Yes,No,Month-to-month,Yes,Bank transfer (automatic),58.79,2572.74,No
C-6c3cf470,Female,0,No,No,38,Yes,No,Fiber optic,No,No internet service,Yes,No,Yes,No,Month-to-month,No,Electronic check,58.24,2233.57,Yes
C-6cc74e54,Female,0,Yes,Yes,39,Yes,No phone service,Fiber optic,No,No,No,No,No internet service,No,Month-to-month,No,Electronic check,47.48,1831.89,Yes
C-5171710c,Male,1,No,No,66,Yes,No phone service,DSL,Yes,No,No,No,No,Yes,Month-to-month,Yes,Electronic check,40.29,2657.87,No
C-3887f19b,Female,0,Yes,No,22,No,No phone service,DSL,No,No,No,Yes,Yes,No,Month-to-month,Yes,Electronic check,47.99,1070.88,No
C-afce9b3b,Female,1,No,No,69,Yes,No,Fiber optic,No internet service,No,No,No internet service,Yes,No,Month-to-month,No,Electronic check,55.67,3840.26,Yes
C-25d1b6be,Male,0,No,No,27,Yes,No,Fiber optic,No,No,No,Yes,No,No,Month-to-month,No,Credit card (automatic),58.08,1553.16,Yes
C-a5476b5d,Female,0,Yes,No,13,Yes,Yes,Fiber optic,No internet service,Yes,No,Yes,No,No,Two year,Yes,Credit card (automatic),54.99,717.4,No
C-bf05ec70,Male,0,No,No,46,Yes,No,Fiber optic,Yes,No,No,No,No,No,Month-to-month,Yes,Credit card (automatic),50.41,2335.23,No
C-97532344,Male,0,No,No,62,Yes,No,Fiber optic,Yes,Yes,Yes,No,No,No,Month-to-month,Yes,Bank transfer (automatic),66.14,4075.32,Yes
C-0dfb9083,Female,0,Yes,No,23,Yes,Yes,Fiber optic,No,No,No internet service,Yes,Yes,No internet service,Two year,No,Mailed check,62.08,1424.88,No
C-138df894,Female,1,No,No,11,Yes,Yes,Fiber optic,Yes,No,Yes,No internet service,Yes,Yes,One year,Yes,Credit card (automatic),71.29,781.19,Yes
C-f81b2684,Male,0,Yes,No,62,Yes,No,DSL,Yes,No,No,No,Yes,No,Month-to-month,Yes,Electronic check,37.81,2370.23,Yes
C-eac7be33,Female,1,No,No,48,Yes,Yes,No,No internet service,No internet service,No internet service,No internet service,No internet service,No internet service,Month-to-month,No,Mailed check,27.86,1344.22,No
C-7631dde2,Male,0,No,Yes,0,Yes,No,Fiber optic,No,No,Yes,No,Yes,No internet service,Two year,No,Credit card (automatic),62.31,0.0,No
C-fe7a4af7,Female,0,No,No,45,Yes,Yes,DSL,Yes,No,No,Yes,No,Yes,One year,Yes,Credit card (automatic),50.53,2267.3,No
C-2a6089a7,Male,0,No,Yes,25,Yes,Yes,DSL,Yes,Yes,No internet service,No,Yes,Yes,Two year,No,Electronic check,56.23,1447.32,Yes
C-fac7e0d3,Male,0,No,No,15,Yes,Yes,Fiber optic,No,No,Yes,No,No,Yes,Two year,Yes,Electronic check,60.88,888.85,No
C-0a96bd95,Male,0,Yes,Yes,67,Yes,No,Fiber optic,No internet service,Yes,No,Yes,No,Yes,One year,No,Electronic check,64.65,4322.1,No
C-c3ff0d29,Male,1,No,Yes,28,Yes,No,DSL,No internet service,No,No,No,No,Yes,Two year,Yes,Electronic check,38.18,1076.16,No
C-036cf5d9,Female,0,No,No,0,Yes,Yes,DSL,No,No internet service,Yes,Yes,No,No,Month-to-month,No,Credit card (automatic),40.3,0.0,Yes
C-2d5ec964,Male,0,Yes,No,14,Yes,Yes,Fiber optic,No,Yes,No,No,Yes,Yes,One year,Yes,Credit card (automatic),63.91,887.04,No
C-91733a45,Male,0,Yes,Yes,36,Yes,Yes,Fiber optic,No,No,Yes,No,No,No,Month-to-month,Yes,Electronic check,55.04,1980.29,Yes
C-1f834a9a,Male,0,No,No,64,Yes,Yes,Fiber optic,No,Yes,No,No,No,Yes,Month-to-month,Yes,Electronic check,58.88,3754.68,No
C-80f72f6b,Male,0,Yes,No,70,Yes,Yes,Fiber optic,Yes,Yes,No,Yes,No,No,Two year,Yes,Electronic check,68.15,4742.25,No
C-43ed8557,Male,0,Yes,No,71,Yes,No,Fiber optic,Yes,No internet service,Yes,No,No,Yes,Two year,Yes,Bank transfer (automatic),63.77,4536.35,No
C-d26f6ac8,Male,0,Yes,No,66,Yes,Yes,Fiber optic,No,No,No internet service,Yes,No,No,Month-to-month,Yes,Bank transfer (automatic),52.47,3466.22,No
C-75630dfb,Female,0,Yes,No,71,Yes,No,Fiber optic,No,No,No,No,No,Yes,One year,Yes,Mailed check,54.89,3894.94,Yes
C-c46d9bdf,Female,0,Yes,No,55,Yes,No phone service,Fiber optic,No,Yes,Yes,No,Yes,No,Month-to-month,No,Bank transfer (automatic),67.23,3664.67,Yes
C-70fc9c0e,Female,0,Yes,No,1,Yes,Yes,Fiber optic,Yes,No,No,Yes,No,Yes,Month-to-month,Yes,Electronic check,62.83,35.68,Yes
C-27000785,Female,0,Yes,Yes,15,Yes,Yes,Fiber optic,Yes,No,Yes,No,No,Yes,One year,No,Credit card (automatic),60.72,936.23,No
C-ae714ddd,Female,0,No,No,61,Yes,No phone service,Fiber optic,No,Yes,Yes,No,No,No internet service,Two year,Yes,Credit card (automatic),60.91,3705.58,No
C-8a77b9f8,Female,0,No,No,57,No,No phone service,DSL,No,No internet service,Yes,No internet service,No,No,Two year,Yes,Mailed check,40.05,2297.14,No
C-556c724e,Male,0,No,No,38,No,No phone service,Fiber optic,Yes,No,No,No,No,No,Month-to-month,Yes,Mailed check,65.78,2478.79,No
C-177e6a77,Male,0,Yes,No,11,No,No phone service,Fiber optic,Yes,No,No,Yes,Yes,No,Two year,No,Bank transfer (automatic),61.95,682.01,No
C-0ae6aac3,Female,0,No,Yes,25,Yes,No,Fiber optic,Yes,Yes,No,Yes,No,No,Month-to-month,Yes,Electronic check,66.97,1687.64,Yes
C-834efb5a,Female,0,No,No,55,Yes,No,Fiber optic,Yes,No,No,No,Yes,No,Month-to-month,No,Electronic check,61.88,3400.64,Yes
C-498b9ede,Female,0,Yes,No,1,No,No phone service,Fiber optic,Yes,No,No,No internet service,No,Yes,Month-to-month,Yes,Bank transfer (automatic),63.61,49.27,No
C-25ac2f00,Male,0,No,Yes,5,No,No phone service,Fiber optic,Yes,No,Yes,No,Yes,Yes,Month-to-month,Yes,Electronic check,69.13,344.26,Yes
C-d0d2e9ba,Female,0,Yes,No,71,Yes,Yes,No,No internet service,No internet service,No internet service,No internet service,No internet service,No internet service,Two year,No,Electronic check,29.72,2061.92,No
C-04c5e07d,Male,1,Yes,Yes,65,Yes,No,Fiber optic,Yes,No,No,No,No,Yes,Month-to-month,No,Electronic check,53.29,3450.1,No
C-1121692c,Male,0,Yes,No,63,Yes,Yes,Fiber optic,No internet service,No,Yes,No,No internet service,No,Month-to-month,Yes,Bank transfer (automatic),47.98,3018.8,Yes
C-37489323,Female,0,No,No,10,Yes,Yes,DSL,No,Yes,No,Yes,No,No,One year,No,Mailed check,46.26,437.39,No
C-14f91211,Male,0,Yes,Yes,17,Yes,No,Fiber optic,Yes,No internet service,No,Yes,Yes,Yes,One year,No,Electronic check,72.43,1252.18,No
C-acf19170,Male,0,No,Yes,50,Yes,No phone service,DSL,No,No,Yes,No,No,No,Month-to-month,No,Bank transfer (automatic),43.1,2137.02,No
C-6ed71670,Female,0,No,No,43,Yes,Yes,Fiber optic,Yes,Yes,No,No,No,No,Two year,Yes,Electronic check,60.02,2599.9,No
C-e460833c,Female,0,No,No,44,Yes,No,Fiber optic,No,No,Yes,No,Yes,No,Two year,Yes,Credit card (automatic),56.99,2529.14,No
C-2da67322,Male,0,No,Yes,19,Yes,No,Fiber optic,No,Yes,No,No internet service,No,Yes,Month-to-month,Yes,Credit card (automatic),60.02,1161.56,Yes
C-206ba9ef,Male,0,No,No,37,Yes,Yes,Fiber optic,Yes,Yes,No,No,Yes,No,Month-to-month,No,Credit card (automatic),63.4,2335.22,No
C-63951303,Female,0,No,No,26,Yes,No,Fiber optic,No,No,Yes,No,Yes,Yes,One year,No,Electronic check,61.24,1613.12,No
C-ba858078,Male,0,No,No,28,Yes,No,DSL,No,No,Yes,No,No,No,Month-to-month,Yes,Electronic check,40.76,1161.8,Yes
C-0ad61300,Female,0,Yes,No,22,Yes,No,No,No internet service,No internet service,No internet service,No internet service,No internet service,No internet service,Two year,Yes,Electronic check,35.29,771.87,No
C-9c7f69f6,Female,0,Yes,No,12,No,No phone service,Fiber optic,No,No,No,Yes,Yes,Yes,Month-to-month,Yes,Mailed check,67.69,796.46,Yes
C-9ab7362e,Female,0,Yes,No,70,Yes,No,Fiber optic,No internet service,Yes,No,No,Yes,Yes,Month-to-month,No,Electronic check,66.51,4663.07,Yes
C-fd926ec3,Male,1,Yes,No,2,Yes,Yes,DSL,No,No,Yes,Yes,No,No,Two year,Yes,Credit card (automatic),39.37,80.06,No
C-740c77e9,Female,1,No,No,9,Yes,No,Fiber optic,No,No,No internet service,No,No,No,One year,Yes,Credit card (automatic),50.15,482.18,No
C-9938e767,Male,0,No,Yes,65,Yes,No phone service,Fiber optic,No,No,No,Yes,Yes,Yes,One year,No,Bank transfer (automatic),63.67,4136.68,No
C-6cd00ca5,Male,0,No,No,60,Yes,No,Fiber optic,No,No,No internet service,Yes,No,No,Two year,Yes,Electronic check,48.63,2944.62,No
C-3d1f2ff0,Female,0,No,No,21,Yes,No,Fiber optic,No,No,Yes,No,No,No,Two year,No,Electronic check,53.24,1117.22,Yes
C-b702d3a6,Male,0,No,No,30,Yes,Yes,Fiber optic,No,Yes,No,No,No internet service,Yes,One year,No,Bank transfer (automatic),59.59,1777.58,No
C-fc90402a,Female,1,No,Yes,53,Yes,No phone service,Fiber optic,No,Yes,No,No,No,No,One year,No,Credit card (automatic),53.21,2816.0,Yes
C-eaa6eb94,Male,0,Yes,Yes,14,No,No phone service,Fiber optic,No,Yes,No,Yes,Yes,No,Month-to-month,No,Electronic check,65.76,894.92,Yes
C-e67f2f0b,Male,1,No,No,37,No,No phone service,Fiber optic,Yes,No,No,No,Yes,No,Two year,No,Bank transfer (automatic),58.43,2200.18,No
C-229f6dd9,Male,0,Yes,No,55,Yes,No phone service,Fiber optic,No,No,Yes,No,No,No,Month-to-month,No,Electronic check,57.72,3162.06,No
C-c9c8eb62,Female,0,No,No,20,Yes,Yes,Fiber optic,No,No,No,No,Yes,Yes,Month-to-month,Yes,Electronic check,58.35,1176.22,Yes
C-b047948d,Female,0,No,No,55,Yes,No,Fiber optic,Yes,No,Yes,No,No internet service,No,One year,Yes,Electronic check,54.6,2975.98,Yes
C-194edb80,Male,0,No,No,47,Yes,No,Fiber optic,Yes,Yes,No internet service,No,Yes,Yes,Two year,Yes,Electronic check,73.89,3484.65,No
C-99b634d6,Female,0,No,No,17,Yes,Yes,Fiber optic,Yes,No,Yes,No,No,Yes,Month-to-month,No,Electronic check,62.42,1067.57,Yes
C-c159da9b,Male,0,Yes,No,15,Yes,Yes,Fiber optic,No,No,Yes,No,Yes,Yes,Month-to-month,Yes,Bank transfer (automatic),66.29,989.01,Yes
C-70c64477,Male,1,Yes,No,7,Yes,Yes,Fiber optic,No internet service,No,Yes,No,No,Yes,Month-to-month,Yes,Electronic check,56.27,409.42,Yes
C-3fa98b0c,Female,0,Yes,No,71,Yes,Yes,DSL,No,No,No,No,No,No,Two year,Yes,Mailed check,33.07,2340.46,No
C-70ddd9d4,Female,0,No,No,59,Yes,Yes,Fiber optic,Yes,Yes,No,Yes,Yes,Yes,Month-to-month,Yes,Electronic check,73.97,4348.56,No
C-bc7f1b9f,Male,0,Yes,No,61,Yes,Yes,Fiber optic,Yes,No,No internet service,No internet service,No internet service,No,Month-to-month,Yes,Mailed check,52.98,3264.1,No
C-8b8df568,Male,0,No,No,12,Yes,Yes,Fiber optic,No,No,No,No,No,Yes,Month-to-month,Yes,Credit card (automatic),57.24,720.99,Yes
C-61815a81,Female,1,No,No,18,Yes,Yes,DSL,No,No,No,No,No internet service,No,Month-to-month,Yes,Bank transfer (automatic),29.37,538.04,No
C-db0eb8e3,Male,0,No,Yes,54,Yes,No phone service,DSL,Yes,Yes,No,No,Yes,No,One year,No,Electronic check,47.48,2573.08,No
C-4fb799db,Male,0,Yes,No,65,Yes,Yes,Fiber optic,Yes,Yes,No internet service,No,Yes,No,Month-to-month,Yes,Mailed check,63.03,4066.56,No
C-d91bec67,Female,0,Yes,Yes,0,Yes,No phone service,Fiber optic,Yes,Yes,No,No,Yes,Yes,Two year,No,Electronic check,69.29,1.83,No
C-0d7d2857,Male,0,No,No,12,No,No phone service,Fiber optic,No,No internet service,Yes,No,Yes,Yes,Two year,No,Mailed check,69.86,841.89,No
C-0f60a208,Female,0,Yes,No,34,Yes,Yes,DSL,Yes,Yes,Yes,No internet service,No internet service,No,Month-to-month,Yes,Electronic check,52.68,1806.29,Yes
C-22bbc37a,Female,1,No,No,61,Yes,Yes,Fiber optic,No,No,No,No,Yes,No,Month-to-month,Yes,Mailed check,53.77,3283.68,Yes
C-d8e0c89b,Male,0,Yes,Yes,10,Yes,No,DSL,No,No,Yes,No,No,No internet service,Month-to-month,Yes,Bank transfer (automatic),38.13,372.49,Yes
C-2c7f97b6,Male,0,No,No,37,Yes,Yes,No,No internet service,No internet service,No internet service,No internet service,No internet service,No internet service,Two year,No,Electronic check,24.26,917.91,No
C-5644cc28,Female,0,Yes,No,52,Yes,Yes,No,No internet service,No internet service,No internet service,No internet service,No internet service,No internet service,Two year,No,Mailed check,22.59,1196.21,No
C-f1a5c625,Female,0,No,Yes,32,Yes,Yes,DSL,No,Yes,No,No,Yes,No,Month-to-month,Yes,Bank transfer (automatic),40.37,1311.35,Yes
C-41bfbf1c,Male,0,No,No,46,Yes,No phone service,DSL,No,No,Yes,No,Yes,Yes,Two year,Yes,Mailed check,50.91,2352.31,No
C-e46f7824,Male,0,Yes,No,13,Yes,Yes,Fiber optic,No,Yes,No,No,No,No,Month-to-month,Yes,Mailed check,56.13,754.36,Yes
C-88c3e6fd,Male,0,Yes,No,52,Yes,Yes,Fiber optic,No,Yes,Yes,Yes,Yes,No,Two year,Yes,Mailed check,68.89,3545.9,Yes
C-ddc0cb34,Male,0,No,Yes,13,Yes,No,No,No internet service,No internet service,No internet service,No internet service,No internet service,No internet service,Two year,No,Electronic check,26.61,366.74,No
C-8524a587,Male,0,Yes,No,67,Yes,Yes,Fiber optic,Yes,No,No,No,No,No,Month-to-month,Yes,Mailed check,54.91,3668.2,Yes
C-b731e6dc,Male,0,No,No,57,Yes,Yes,Fiber optic,No,No internet service,No,No,No,No,Two year,No,Bank transfer (automatic),49.09,2804.49,No
C-593ab6b7,Male,1,No,No,23,Yes,Yes,Fiber optic,No,Yes,Yes,No,No,Yes,Two year,No,Bank transfer (automatic),57.39,1279.04,No
C-84c221a7,Female,1,Yes,Yes,68,Yes,Yes,Fiber optic,No,No,No,Yes,No internet service,No,Two year,Yes,Bank transfer (automatic),51.15,3452.08,No
C-54d73cb8,Female,0,No,Yes,65,Yes,No phone service,DSL,No,No,Yes,Yes,No,Yes,One year,No,Credit card (automatic),48.23,3111.88,Yes
C-b6cf6918,Male,1,Yes,Yes,63,Yes,No,Fiber optic,No,Yes,No,Yes,Yes,No,Month-to-month,No,Bank transfer (automatic),63.16,3955.83,No
C-52eec38d,Female,0,Yes,Yes,15,Yes,Yes,Fiber optic,Yes,No,No,Yes,No,No,Two year,No,Credit card (automatic),59.9,929.51,Yes
C-d1be00a1,Female,0,Yes,No,26,Yes,No phone service,No,No internet service,No internet service,No internet service,No internet service,No internet service,No internet service,Month-to-month,No,Credit card (automatic),27.63,693.0,No
C-29ac6b19,Female,1,Yes,Yes,60,Yes,Yes,DSL,No,No,No,No,No,Yes,Two year,No,Electronic check,34.57,2089.51,No
C-afe92699,Male,0,Yes,No,12,No,No phone service,Fiber optic,No,Yes,No internet service,No,No,No,Two year,Yes,Electronic check,57.0,674.72,No
C-4435d558,Female,0,No,Yes,44,Yes,Yes,DSL,No,Yes,No,Yes,No,Yes,Month-to-month,Yes,Electronic check,49.2,2176.82,No
C-db0cfafc,Male,0,No,No,37,Yes,Yes,Fiber optic,Yes,No,Yes,Yes,Yes,No internet service,Two year,Yes,Electronic check,63.32,2338.67,No
C-30d762e2,Male,1,No,No,50,Yes,Yes,Fiber optic,No internet service,Yes,Yes,No,Yes,No,One year,No,Mailed check,62.83,3125.23,No
C-a9189a91,Female,0,No,No,14,Yes,No,DSL,No,No,No,No,Yes,No,Month-to-month,Yes,Bank transfer (automatic),37.83,520.2,No
C-73bda7f1,Male,1,Yes,No,57,No,No phone service,Fiber optic,No,No,No,No,Yes,Yes,Month-to-month,No,Electronic check,62.83,3577.61,No
C-d96a6f4d,Male,0,No,No,59,Yes,Yes,Fiber optic,Yes,No,Yes,No,Yes,No,Month-to-month,Yes,Bank transfer (automatic),61.68,3662.13,No
C-c4fb5cd7,Female,0,No,No,39,No,No phone service,Fiber optic,No,No internet service,Yes,Yes,No,No internet service,Two year,Yes,Bank transfer (automatic),58.04,2262.69,No
C-5c1d0e16,Male,0,Yes,No,70,No,No phone service,Fiber optic,Yes,No,No internet service,No,No,Yes,Two year,No,Credit card (automatic),66.79,4657.91,No
C-41f977b8,Male,0,Yes,Yes,9,Yes,Yes,Fiber optic,No,No internet service,Yes,No,Yes,No,Month-to-month,No,Electronic check,54.2,519.11,Yes
C-c831f186,Male,0,No,No,46,Yes,Yes,DSL,Yes,No,Yes,No,No internet service,Yes,Month-to-month,Yes,Electronic check,52.59,2440.77,Yes
C-d82c76b3,Male,0,Yes,No,69,Yes,Yes,Fiber optic,No,No,No,Yes,Yes,No,One year,Yes,Electronic check,58.67,4011.3,No
C-6d7978e6,Male,0,Yes,No,8,Yes,No,Fiber optic,No,Yes,No,No,No,Yes,Two year,Yes,Electronic check,54.32,439.11,No
C-1ebbbea6,Female,0,No,Yes,43,Yes,No,Fiber optic,Yes,No,No,No,Yes,Yes,Month-to-month,No,Bank transfer (automatic),67.68,2923.63,No
C-88568e57,Female,1,Yes,Yes,1,Yes,Yes,Fiber optic,Yes,No,No,No,No internet service,No,Two year,No,Credit card (automatic),53.25,24.1,Yes
C-e086176c,Male,0,Yes,No,18,Yes,No,Fiber optic,No,No internet service,No,No,No,Yes,One year,Yes,Bank transfer (automatic),51.03,921.83,No
C-c9234792,Male,0,Yes,Yes,64,Yes,Yes,Fiber optic,No internet service,Yes,Yes,No,No,No,One year,No,Bank transfer (automatic),59.1,3761.92,No
C-e0ab0e86,Female,0,Yes,No,2,Yes,No,Fiber optic,No,Yes,No,No,No,No internet service,Two year,Yes,Credit card (automatic),59.0,88.07,Yes
C-0fe7483c,Female,0,No,No,64,Yes,Yes,DSL,No internet service,No,No,No,Yes,Yes,Two year,No,Electronic check,42.16,2689.36,No
C-ce8c96ea,Male,1,Yes,No,68,Yes,No,Fiber optic,No,Yes,No,No,Yes,No,Month-to-month,Yes,Electronic check,61.77,4224.63,Yes
C-04f5daf7,Male,0,No,No,42,Yes,No phone service,No,No internet service,No internet service,No internet service,No internet service,No internet service,No internet service,Two year,Yes,Credit card (automatic),29.17,1233.02,No
C-3ca98c5d,Female,0,Yes,No,38,Yes,Yes,DSL,Yes,No,Yes,No,No internet service,No,Month-to-month,No,Credit card (automatic),41.75,1603.32,No
C-fe22bd01,Female,0,No,No,63,Yes,Yes,DSL,No internet service,Yes,Yes,Yes,Yes,Yes,Month-to-month,Yes,Bank transfer (automatic),66.6,4198.21,No
C-cbf88555,Male,0,No,Yes,71,Yes,Yes,Fiber optic,No,No,No,No,No,No,Two year,No,Electronic check,48.45,3457.85,No
C-3ea8308d,Female,1,Yes,No,55,Yes,Yes,DSL,No,No internet service,Yes,Yes,No internet service,Yes,Month-to-month,Yes,Mailed check,45.77,2495.03,No
C-37dd5c4e,Female,0,No,No,53,Yes,No,Fiber optic,No,Yes,No,No,No,No internet service,Month-to-month,Yes,Bank transfer (automatic),53.94,2832.13,Yes
C-6d1a2cf3,Male,1,No,No,13,Yes,No phone service,Fiber optic,Yes,No,Yes,Yes,Yes,Yes,Month-to-month,Yes,Credit card (automatic),72.71,926.23,No
C-49f4ce36,Female,0,Yes,No,31,Yes,No phone service,Fiber optic,No,No,No,Yes,Yes,No internet service,Month-to-month,Yes,Bank transfer (automatic),61.93,1898.23,Yes
C-b33eac9d,Female,0,No,No,39,Yes,Yes,Fiber optic,No,No internet service,Yes,No,No,No,Month-to-month,Yes,Electronic check,51.86,2027.63,Yes
C-4c2c1fe1,Female,1,Yes,No,15,Yes,Yes,Fiber optic,Yes,No,No,No,No,Yes,Two year,Yes,Mailed check,63.26,929.25,Yes
C-d4676a5c,Female,0,No,Yes,1,Yes,Yes,Fiber optic,No internet service,No,No,No,No internet service,No,Month-to-month,Yes,Mailed check,45.98,63.13,Yes
C-f835a394,Female,0,Yes,No,1,Yes,Yes,Fiber optic,Yes,No internet service,No,No,Yes,No,One year,Yes,Electronic check,57.53,83.66,Yes
C-84fa336e,Female,0,Yes,No,4,Yes,Yes,No,No internet service,No internet service,No internet service,No internet service,No internet service,No internet service,Month-to-month,Yes,Credit card (automatic),21.45,58.64,Yes
C-d1264f63,Male,0,Yes,No,1,Yes,Yes,DSL,No,Yes,No,No,No internet service,No,Two year,Yes,Mailed check,38.21,28.51,Yes
C-9d5714a2,Female,0,Yes,Yes,24,Yes,No,Fiber optic,No,No,Yes,No,No internet service,No,Month-to-month,Yes,Mailed check,50.49,1255.81,Yes
C-3630fa46,Female,0,No,Yes,12,Yes,No,Fiber optic,Yes,No,Yes,No,No,Yes,Month-to-month,Yes,Bank transfer (automatic),63.97,745.61,No
C-db0d46d5,Male,0,No,No,5,Yes,Yes,Fiber optic,No,Yes,No,Yes,No,No,Two year,Yes,Bank transfer (automatic),57.11,288.59,Yes
C-b0fad4b8,Female,0,Yes,Yes,9,Yes,No,Fiber optic,No,No,No internet service,No,Yes,No,Two year,Yes,Electronic check,53.88,509.53,Yes
C-54b83582,Male,0,No,No,59,No,No phone service,Fiber optic,No,No,Yes,No,No,Yes,Month-to-month,Yes,Electronic check,62.5,3714.52,Yes
C-e29eaa3d,Male,0,No,Yes,53,Yes,Yes,Fiber optic,No,Yes,Yes,No,No,No,Month-to-month,No,Mailed check,57.93,3061.8,Yes
C-239cda32,Male,0,No,No,16,Yes,No phone service,DSL,Yes,Yes,No,No,No,No,Month-to-month,Yes,Mailed check,51.24,844.0,No
C-6f6c6580,Female,0,Yes,No,41,Yes,Yes,Fiber optic,Yes,No,Yes,No,No,Yes,Month-to-month,Yes,Mailed check,61.95,2551.06,No
C-aee6ffb0,Male,0,Yes,No,2,Yes,No,DSL,No,No,No,No,No,No,Two year,Yes,Bank transfer (automatic),36.65,96.65,No
C-01d31e04,Male,1,No,No,0,Yes,No,Fiber optic,No,No,No,Yes,No,Yes,One year,Yes,Electronic check,57.31,1.44,Yes
C-f37a4e0a,Male,0,No,No,51,Yes,Yes,Fiber optic,No,No,No,Yes,No,No,Two year,Yes,Mailed check,50.36,2596.71,No
C-2b18d935,Male,0,No,No,0,Yes,No,Fiber optic,No,Yes,Yes,No,Yes,No,Month-to-month,No,Electronic check,63.73,26.62,Yes
C-293955ba,Female,0,No,Yes,47,Yes,No,Fiber optic,No,No,No,Yes,Yes,No,Month-to-month,No,Electronic check,58.52,2769.39,Yes
C-6329cee9,Male,0,No,Yes,32,No,No phone service,Fiber optic,No,Yes,No,No,No,No,One year,No,Credit card (automatic),50.01,1602.2,No
C-0ee374fe,Female,0,Yes,No,0,No,No phone service,No,No internet service,No internet service,No internet service,No internet service,No internet service,No internet service,Month-to-month,Yes,Mailed check,23.93,13.09,Yes
C-40254083,Female,0,Yes,No,31,Yes,Yes,Fiber optic,Yes,No internet service,Yes,No,No,No,Two year,Yes,Credit card (automatic),59.38,1854.66,No
C-c66ae844,Female,0,Yes,Yes,49,Yes,Yes,Fiber optic,No internet service,Yes,Yes,No,No,No,Month-to-month,No,Electronic check,56.25,2787.29,Yes
C-17788100,Male,0,No,No,65,No,No phone service,No,No internet service,No internet service,No internet service,No internet service,No internet service,No internet service,Month-to-month,No,Electronic check,30.5,1979.59,Yes
C-bab8f76b,Female,0,Yes,No,45,No,No phone service,Fiber optic,Yes,No,No internet service,No,Yes,Yes,Month-to-month,Yes,Electronic check,67.85,3089.64,Yes
C-d5bf8af2,Female,0,Yes,Yes,27,Yes,No,Fiber optic,No,No,No,Yes,Yes,No,Two year,No,Electronic check,55.17,1515.59,No
C-c4b86569,Male,0,Yes,Yes,42,Yes,No,Fiber optic,No,Yes,Yes,No,Yes,Yes,Two year,Yes,Bank transfer (automatic),64.5,2712.26,No
C-f1d595ca,Male,0,No,Yes,52,Yes,Yes,Fiber optic,Yes,No,Yes,No,No,Yes,Two year,No,Electronic check,61.48,3162.27,No
C-5a70d457,Female,0,Yes,Yes,40,Yes,No,Fiber optic,No,No,No,No internet service,Yes,Yes,Month-to-month,No,Mailed check,60.16,2394.71,No
C-ebc71a17,Female,0,Yes,No,41,Yes,Yes,Fiber optic,Yes,No internet service,No,No,No,No,Two year,Yes,Bank transfer (automatic),48.18,1980.65,No
C-98dd868e,Female,1,No,No,20,Yes,No,No,No internet service,No internet service,No internet service,No internet service,No internet service,No internet service,Month-to-month,Yes,Mailed check,28.17,560.85,Yes
C-db3e859d,Male,0,No,No,61,Yes,Yes,Fiber optic,No,No,No,No,No,Yes,Two year,Yes,Electronic check,55.04,3375.22,No
C-1ca54ab6,Male,0,No,No,61,Yes,Yes,Fiber optic,Yes,Yes,No,No,Yes,No,Two year,Yes,Electronic check,67.56,4082.59,No
C-4d06da9a,Male,0,No,No,68,Yes,No,Fiber optic,Yes,No internet service,Yes,No,No,Yes,Month-to-month,Yes,Electronic check,62.57,4277.41,Yes
C-3b21814c,Female,0,Yes,Yes,0,Yes,No,Fiber optic,No,No,No,Yes,No,No,Two year,No,Credit card (automatic),51.08,14.7,No
C-4d29712b,Male,1,No,No,52,Yes,No,Fiber optic,No,Yes,Yes,No internet service,No,Yes,One year,No,Mailed check,64.96,3388.27,No
C-3d300e34,Male,1,No,No,54,Yes,No,DSL,No internet service,No internet service,No,Yes,No,No,Two year,Yes,Mailed check,40.07,2185.63,No
C-d9b59d6c,Female,0,Yes,No,68,Yes,Yes,Fiber optic,Yes,Yes,Yes,No,Yes,Yes,One year,Yes,Electronic check,84.07,5706.08,No
C-a3219b86,Female,0,Yes,Yes,11,No,No phone service,Fiber optic,No,Yes,No internet service,No,Yes,Yes,Month-to-month,Yes,Credit card (automatic),62.07,688.47,Yes
C-f35b753e,Male,0,No,No,8,Yes,Yes,Fiber optic,No internet service,No,No,Yes,Yes,Yes,Month-to-month,Yes,Credit card (automatic),65.43,540.55,Yes
C-019a8df2,Male,0,No,No,33,Yes,Yes,Fiber optic,No,Yes,No,No,No,No internet service,Month-to-month,No,Credit card (automatic),52.14,1722.78,Yes
C-8000d75e,Female,1,No,No,5,No,No phone service,Fiber optic,Yes,No internet service,No,Yes,No,No internet service,Month-to-month,Yes,Bank transfer (automatic),57.56,272.42,Yes
C-13f8176c,Male,0,Yes,No,19,Yes,No,DSL,Yes,No,Yes,No,No internet service,Yes,One year,Yes,Electronic check,54.38,1008.81,No
C-86db21eb,Male,0,Yes,No,36,Yes,No phone service,Fiber optic,No,Yes,No,No,Yes,Yes,Month-to-month,No,Electronic check,70.12,2539.2,No
C-4bb6e9fd,Female,0,No,Yes,69,Yes,No phone service,DSL,No,No,No,No,Yes,No,One year,Yes,Electronic check,39.78,2762.5,No
C-450c8833,Male,0,No,No,1,Yes,Yes,Fiber optic,No,No,No,No,Yes,Yes,Month-to-month,No,Bank transfer (automatic),62.8,83.1,Yes
C-f39cb872,Female,0,No,No,28,Yes,Yes,Fiber optic,No,No,Yes,No internet service,No,No,Month-to-month,No,Electronic check,54.01,1470.52,Yes
C-cafb3335,Female,0,Yes,No,26,Yes,Yes,Fiber optic,No,Yes,No,No,No internet service,Yes,Month-to-month,No,Mailed check,61.29,1603.54,Yes
C-f9720645,Male,0,Yes,No,13,Yes,Yes,DSL,Yes,No,No,No,No,No,Two year,Yes,Bank transfer (automatic),40.87,503.73,No
C-f2fab91a,Female,0,No,Yes,36,Yes,Yes,Fiber optic,No internet service,No,Yes,No,No,Yes,Month-to-month,Yes,Mailed check,60.48,2164.03,No
C-a59f3bf2,Female,1,Yes,No,9,Yes,Yes,No,No internet service,No internet service,No internet service,No internet service,No internet service,No internet service,One year,Yes,Mailed check,31.67,303.67,No
C-12a05d0e,Male,1,No,No,61,Yes,Yes,Fiber optic,No,No internet service,No,Yes,Yes,No internet service,One year,No,Bank transfer (automatic),54.26,3298.47,No
C-0c4909bc,Female,1,No,No,35,Yes,No,Fiber optic,No,No,No,Yes,No,Yes,Month-to-month,No,Electronic check,57.95,2004.84,Yes
C-64a815ca,Male,0,Yes,No,48,Yes,Yes,Fiber optic,No,No,No,Yes,No internet service,No,Month-to-month,Yes,Bank transfer (automatic),49.99,2421.91,Yes
C-9677160d,Male,0,No,No,3,Yes,No,Fiber optic,No,Yes,No internet service,No,No,No,One year,Yes,Electronic check,55.67,186.74,Yes
C-f6a2fe48,Male,1,No,Yes,47,Yes,No phone service,Fiber optic,No,Yes,Yes,Yes,Yes,No,One year,No,Electronic check,70.21,3291.75,No
C-47c7ff39,Male,0,No,No,54,Yes,Yes,Fiber optic,Yes,Yes,Yes,No,No,Yes,One year,No,Electronic check,67.82,3665.29,No
C-9b879040,Female,0,No,No,30,Yes,No,DSL,No,No internet service,Yes,Yes,No,No,One year,Yes,Electronic check,44.5,1379.69,No
C-c91e603e,Female,0,No,Yes,60,Yes,Yes,Fiber optic,Yes,No internet service,No,No,Yes,No,Month-to-month,Yes,Credit card (automatic),65.24,3912.52,No
C-cd28c209,Female,0,Yes,No,37,No,No phone service,Fiber optic,No internet service,No internet service,No,No,Yes,No,Month-to-month,Yes,Bank transfer (automatic),52.89,1896.88,No
C-b626475b,Female,1,No,No,63,Yes,No phone service,DSL,Yes,No,Yes,Yes,No,No,Two year,Yes,Mailed check,54.59,3441.28,No
C-fb844232,Male,0,No,No,32,No,No phone service,Fiber optic,No,No,Yes,Yes,No internet service,No internet service,Month-to-month,No,Bank transfer (automatic),62.42,2035.89,Yes
C-00fb1f9a,Female,0,Yes,No,42,Yes,No,Fiber optic,Yes,No,Yes,Yes,No,Yes,Month-to-month,No,Mailed check,73.08,3048.56,No
C-ed97066a,Female,0,No,Yes,2,Yes,No phone service,Fiber optic,No,No,No,Yes,No internet service,No,One year,Yes,Electronic check,53.05,97.14,Yes
C-1e38466f,Female,0,No,No,45,Yes,Yes,Fiber optic,No,No,No,Yes,No,Yes,Month-to-month,Yes,Credit card (automatic),55.63,2503.96,Yes
C-2291d15e,Male,0,No,No,67,Yes,Yes,Fiber optic,No,Yes,Yes,No,No,Yes,Month-to-month,No,Credit card (automatic),59.49,3990.98,Yes
C-f4ca9a47,Female,0,Yes,No,29,Yes,Yes,Fiber optic,No,No,No,Yes,No,No,One year,No,Electronic check,50.16,1422.28,No
C-a0300203,Female,0,Yes,No,61,Yes,No phone service,Fiber optic,No,Yes,No internet service,Yes,No,Yes,Two year,Yes,Credit card (automatic),64.31,3920.28,No
C-e32ee3ed,Male,0,Yes,No,67,Yes,Yes,No,No internet service,No internet service,No internet service,No internet service,No internet service,No internet service,Month-to-month,No,Mailed check,22.85,1536.38,No
C-3e2a3030,Male,0,Yes,Yes,69,Yes,Yes,DSL,No,No,Yes,Yes,No internet service,No,Month-to-month,Yes,Electronic check,40.6,2800.25,No
C-ab2b49d4,Female,0,Yes,No,1,Yes,Yes,No,No internet service,No internet service,No internet service,No internet service,No internet service,No internet service,Month-to-month,Yes,Electronic check,24.67,28.71,Yes
C-d3a650bd,Male,0,No,No,68,Yes,No phone service,Fiber optic,No,Yes,Yes,No,Yes,No,Month-to-month,Yes,Bank transfer (automatic),64.61,4400.9,Yes
C-357a2de2,Male,1,No,Yes,2,Yes,Yes,Fiber optic,No,No,Yes,No,Yes,No,One year,Yes,Electronic check,62.64,107.36,Yes
C-48ece04e,Male,0,No,Yes,69,Yes,Yes,Fiber optic,Yes,Yes,No,No,No,Yes,Month-to-month,No,Bank transfer (automatic),61.52,4264.94,No
C-b234ee4a,Male,0,No,Yes,54,Yes,Yes,Fiber optic,Yes,No,No,Yes,Yes,No internet service,One year,Yes,Mailed check,63.58,3418.58,No
C-1d0660ae,Male,1,No,No,21,Yes,Yes,Fiber optic,Yes,No,No,Yes,No internet service,No,Two year,Yes,Credit card (automatic),58.42,1211.05,No
C-cdd5f9ac,Female,0,Yes,No,68,Yes,No phone service,DSL,No,No,Yes,Yes,Yes,No internet service,Month-to-month,No,Electronic check,50.12,3405.7,Yes
C-85a5183f,Male,0,No,No,40,Yes,Yes,Fiber optic,No,No,No,Yes,No,Yes,One year,No,Mailed check,60.82,2441.32,No
C-badbdbe9,Female,0,No,Yes,14,Yes,No,DSL,No,Yes,No,Yes,No,No,Two year,Yes,Electronic check,44.3,628.0,No
C-587ad1fb,Female,0,Yes,No,9,Yes,No,Fiber optic,No,Yes,No,No,Yes,No,Two year,Yes,Credit card (automatic),58.51,546.67,No
C-8e5bd754,Male,0,Yes,No,44,Yes,Yes,DSL,No,No,No internet service,No,Yes,No,Two year,No,Bank transfer (automatic),39.17,1739.54,No
C-8c777632,Male,0,Yes,No,45,Yes,Yes,Fiber optic,Yes,Yes,Yes,No,No,Yes,Month-to-month,No,Electronic check,71.72,3248.95,No
C-22902c3f,Male,0,Yes,No,39,Yes,Yes,Fiber optic,No,No,No,No,Yes,No,Two year,No,Electronic check,52.31,1985.69,No
C-3d373ef3,Male,0,No,Yes,47,No,No phone service,Fiber optic,No,No,Yes,No,No internet service,No,Two year,No,Electronic check,54.76,2565.73,No
C-645ef07a,Male,0,Yes,Yes,4,Yes,Yes,DSL,Yes,Yes,No,No,No,No,Month-to-month,No,Electronic check,49.32,207.35,Yes
C-cb03e0cb,Female,0,No,No,26,Yes,Yes,Fiber optic,No,Yes,No,No,No,Yes,Month-to-month,Yes,Bank transfer (automatic),58.18,1513.07,No
C-736255c5,Male,0,No,Yes,9,Yes,Yes,DSL,Yes,Yes,No,No,Yes,Yes,Month-to-month,Yes,Bank transfer (automatic),60.08,599.17,Yes
C-e40317f9,Male,0,Yes,No,71,Yes,Yes,No,No internet service,No internet service,No internet service,No internet service,No internet service,No internet service,Two year,No,Bank transfer (automatic),26.9,1907.78,No
C-538b1ef1,Female,0,No,No,50,Yes,No,Fiber optic,No,No,No,No,Yes,Yes,One year,Yes,Electronic check,63.42,3166.93,No
C-705022df,Female,0,No,No,62,Yes,No,Fiber optic,No,No,Yes,Yes,Yes,Yes,One year,Yes,Electronic check,68.96,4273.47,No
C-eecc32ce,Female,0,No,No,68,Yes,Yes,Fiber optic,No,No,Yes,Yes,Yes,No,Month-to-month,Yes,Mailed check,64.84,4396.13,Yes
C-be7994bd,Female,0,Yes,No,59,Yes,Yes,Fiber optic,No,No,No,No,No,No,One year,Yes,Credit card (automatic),47.2,2826.71,No
C-8a5a48e3,Female,0,No,No,61,No,No phone service,Fiber optic,No internet service,Yes,No internet service,No,No,No,Month-to-month,No,Bank transfer (automatic),53.99,3308.17,Yes
C-ceb81e4e,Female,0,Yes,Yes,0,Yes,Yes,Fiber optic,No,No internet service,No,No,No,No,Month-to-month,No,Mailed check,49.83,13.25,Yes
C-12bcc43e,Female,0,Yes,Yes,68,Yes,Yes,No,No internet service,No internet service,No internet service,No internet service,No internet service,No internet service,One year,Yes,Electronic check,33.3,2243.38,No
C-00f94bfb,Female,0,No,No,51,Yes,Yes,Fiber optic,No,No,No,No,Yes,Yes,Month-to-month,No,Bank transfer (automatic),59.12,2997.11,Yes
C-0b18a475,Female,0,Yes,No,41,Yes,Yes,No,No internet service,No internet service,No internet service,No internet service,No internet service,No internet service,Month-to-month,No,Credit card (automatic),34.13,1406.98,Yes
C-75ad3ae2,Male,0,Yes,Yes,46,Yes,Yes,Fiber optic,Yes,Yes,No,Yes,Yes,Yes,Month-to-month,Yes,Mailed check,74.24,3430.49,No
C-67c2c0fd,Female,0,Yes,No,71,Yes,No phone service,No,No internet service,No internet service,No internet service,No internet service,No internet service,No internet service,Month-to-month,Yes,Bank transfer (automatic),26.36,1855.42,Yes
C-a284ba38,Female,0,Yes,No,70,Yes,Yes,Fiber optic,No,No,No,Yes,Yes,No,Two year,Yes,Credit card (automatic),57.7,4055.4,No
C-93da6d3f,Male,0,No,No,66,Yes,No phone service,Fiber optic,Yes,No,Yes,Yes,Yes,No,Month-to-month,Yes,Electronic check,71.31,4743.73,No
C-ffbb37f2,Male,1,Yes,No,4,Yes,Yes,Fiber optic,No,Yes,No internet service,No,No internet service,No,One year,Yes,Mailed check,49.51,159.84,No
C-c3aed88b,Male,0,No,No,32,Yes,No,DSL,No,Yes,No internet service,No internet service,No,No,One year,Yes,Bank transfer (automatic),40.93,1270.65,No
C-edf17077,Female,0,No,No,40,No,No phone service,Fiber optic,Yes,No,Yes,No,Yes,No,Month-to-month,No,Electronic check,69.53,2783.49,Yes
C-bb63f7ba,Male,0,Yes,No,49,Yes,No,Fiber optic,No,Yes,Yes,Yes,Yes,No,Month-to-month,No,Electronic check,72.36,3589.23,Yes
C-64752dae,Female,0,Yes,No,46,Yes,No phone service,Fiber optic,No,Yes,No,No,No,No,One year,Yes,Electronic check,52.22,2378.08,No
C-22d58a1d,Female,0,Yes,No,4,Yes,No phone service,Fiber optic,Yes,Yes,No,No,No,Yes,Two year,Yes,Bank transfer (automatic),63.73,271.44,Yes
C-84909697,Female,0,No,Yes,68,Yes,Yes,Fiber optic,No,No,No,No,Yes,No,Month-to-month,Yes,Credit card (automatic),55.75,3815.82,No
C-a35a8118,Male,0,No,No,69,Yes,Yes,Fiber optic,No,Yes,No,Yes,No internet service,No,One year,No,Bank transfer (automatic),62.62,4338.22,No
C-c6ee2fbe,Male,0,No,No,63,Yes,No,DSL,No,No,Yes,No,Yes,No,Month-to-month,No,Credit card (automatic),45.86,2883.55,No
C-bb3887fa,Male,0,No,No,72,Yes,No,No,No internet service,No internet service,No internet service,No internet service,No internet service,No internet service,Month-to-month,No,Electronic check,25.07,1810.38,No
C-3e397838,Female,0,Yes,No,71,No,No phone service,Fiber optic,Yes,Yes,Yes,Yes,Yes,No,Month-to-month,Yes,Electronic check,76.08,5370.93,Yes
C-8fa9d24d,Male,0,No,Yes,17,No,No phone service,DSL,Yes,Yes,No,Yes,No,No,Month-to-month,Yes,Credit card (automatic),49.06,855.22,No
C-a15c13b1,Female,0,Yes,Yes,7,Yes,No,Fiber optic,No,No,No,No,Yes,Yes,Month-to-month,Yes,Credit card (automatic),61.36,418.47,Yes
C-4d7ba002,Female,0,Yes,No,11,Yes,No,Fiber optic,No,No,No,Yes,Yes,No,One year,No,Electronic check,58.81,638.23,No
C-8a73f28c,Male,0,No,Yes,2,No,No phone service,Fiber optic,No,Yes,No internet service,No,No,No,Month-to-month,Yes,Bank transfer (automatic),52.18,118.3,No
C-535ef8cc,Male,0,No,No,60,Yes,Yes,Fiber optic,No,No,No,No internet service,Yes,Yes,One year,Yes,Bank transfer (automatic),58.5,3525.07,No
C-c671c653,Male,0,Yes,No,43,No,No phone service,DSL,No internet service,No,No,Yes,No,Yes,One year,Yes,Credit card (automatic),46.54,1996.81,No
C-6940c20a,Female,0,No,No,55,Yes,Yes,No,No internet service,No internet service,No internet service,No internet service,No internet service,No internet service,Month-to-month,Yes,Credit card (automatic),31.31,1727.63,No
C-a3eb35f9,Female,0,No,No,39,Yes,Yes,Fiber optic,No,No,No,Yes,No internet service,Yes,One year,Yes,Electronic check,59.16,2265.33,No
C-71789336,Male,1,No,Yes,30,Yes,Yes,Fiber optic,No internet service,No,No,Yes,No,Yes,Month-to-month,No,Mailed check,55.82,1668.75,Yes
C-cf51a60a,Male,0,No,Yes,4,Yes,Yes,DSL,No,Yes,No,No,Yes,Yes,Month-to-month,No,Electronic check,50.47,227.12,Yes
C-b972cb2f,Male,1,No,Yes,24,Yes,No phone service,Fiber optic,Yes,Yes,No internet service,No,No,No,Two year,Yes,Mailed check,53.38,1283.73,No
C-48b62307,Female,0,No,No,15,Yes,No,DSL,No,Yes,No,Yes,No internet service,Yes,Two year,Yes,Electronic check,48.24,735.09,No
C-cb147a2f,Male,0,Yes,Yes,61,Yes,No,Fiber optic,No internet service,No,No,No,Yes,No,Month-to-month,Yes,Mailed check,53.66,3266.18,Yes
C-b6be37be,Female,0,No,No,49,Yes,Yes,Fiber optic,No,Yes,Yes,Yes,No,Yes,Month-to-month,No,Electronic check,69.57,3413.63,Yes
C-f1c5e316,Male,0,Yes,Yes,36,Yes,Yes,Fiber optic,No,No,Yes,No,No,No,Two year,Yes,Mailed check,56.18,2019.41,No
C-cfbb9329,Female,0,No,Yes,35,Yes,No,No,No internet service,No internet service,No internet service,No internet service,No internet service,No internet service,Two year,Yes,Bank transfer (automatic),32.14,1126.71,No
C-90108bea,Female,1,No,Yes,9,Yes,No phone service,Fiber optic,No,No,No internet service,Yes,No internet service,Yes,Month-to-month,No,Credit card (automatic),58.16,519.54,No
C-410522d0,Male,1,No,No,5,Yes,Yes,No,No internet service,No internet service,No internet service,No internet service,No internet service,No internet service,Two year,No,Mailed check,22.15,89.74,No
C-3786209d,Male,0,Yes,Yes,62,Yes,Yes,No,No internet service,No internet service,No internet service,No internet service,No internet service,No internet service,Month-to-month,Yes,Credit card (automatic),30.03,1864.59,Yes
C-2720390b,Male,0,No,No,27,Yes,No,Fiber optic,No,Yes,No,No,No,No,Month-to-month,Yes,Bank transfer (automatic),49.27,1340.68,No
C-9a0e85f7,Female,0,No,No,50,Yes,Yes,Fiber optic,No,No,Yes,No,No,Yes,Month-to-month,No,Electronic check,59.66,2998.49,Yes
C-c01e0441,Male,0,No,No,22,No,No phone service,Fiber optic,No,No,No,No,Yes,No,Month-to-month,Yes,Bank transfer (automatic),56.7,1236.41,Yes
C-49361364,Male,0,No,No,62,Yes,Yes,Fiber optic,Yes,No,No,No,No,No,Two year,No,Credit card (automatic),54.8,3374.74,Yes
C-e23022cb,Male,0,Yes,No,52,Yes,No phone service,No,No internet service,No internet service,No internet service,No internet service,No internet service,No internet service,One year,No,Electronic check,25.82,1330.29,No
C-1951d560,Male,1,Yes,Yes,3,Yes,Yes,Fiber optic,No,Yes,No,No,No,Yes,Two year,No,Mailed check,58.37,163.5,Yes
C-5aa37735,Female,0,No,No,41,No,No phone service,Fiber optic,No,No internet service,Yes,No,Yes,No,Month-to-month,No,Bank transfer (automatic),61.03,2518.7,Yes
C-65d0e05d,Female,0,Yes,No,34,Yes,No,Fiber optic,No,Yes,No,No,No,Yes,Two year,Yes,Bank transfer (automatic),57.89,1943.18,Yes
C-acfcb030,Female,0,No,No,53,Yes,Yes,DSL,Yes,Yes,No,No,No,No,Month-to-month,Yes,Mailed check,39.73,2121.56,Yes
C-fbf053cb,Male,0,No,No,16,Yes,No phone service,No,No internet service,No internet service,No internet service,No internet service,No internet service,No internet service,Two year,Yes,Mailed check,24.35,358.26,No
C-fa6c18de,Female,0,Yes,No,51,No,No phone service,Fiber optic,No,Yes,Yes,No,No,No,Month-to-month,No,Electronic check,59.15,3014.84,Yes
C-ab31c63c,Male,0,No,Yes,8,Yes,No,Fiber optic,No,No,Yes,No,No,No,Month-to-month,No,Mailed check,52.48,431.5,No
C-deb7661c,Female,0,Yes,No,16,Yes,Yes,Fiber optic,No,No,No internet service,No,Yes,No,Month-to-month,Yes,Mailed check,57.18,859.96,No
C-8e265188,Female,0,No,No,26,Yes,No,DSL,Yes,No internet service,Yes,Yes,No,No,One year,No,Mailed check,52.1,1354.6,No
C-4b1f30c5,Female,0,Yes,Yes,42,Yes,No,Fiber optic,No,No,No,No,No,No internet service,Month-to-month,Yes,Credit card (automatic),48.29,2042.65,No
C-507d88be,Male,0,Yes,No,49,Yes,No,Fiber optic,No,No,Yes,Yes,Yes,Yes,Month-to-month,Yes,Bank transfer (automatic),68.88,3353.19,No
C-e4493217,Male,0,No,No,37,No,No phone service,Fiber optic,Yes,No,No,Yes,No,No,Month-to-month,No,Bank transfer (automatic),62.96,2314.67,No
C-d9624bea,Male,0,Yes,Yes,58,Yes,Yes,DSL,No,No,No,No,Yes,Yes,Month-to-month,No,Mailed check,46.78,2734.68,Yes
C-2433f41a,Female,0,Yes,No,24,Yes,No phone service,Fiber optic,No,No,Yes,No,No internet service,Yes,Two year,Yes,Bank transfer (automatic),58.48,1421.23,Yes
C-c912924b,Male,0,Yes,No,44,Yes,Yes,Fiber optic,No,No,Yes,Yes,No internet service,No,One year,No,Credit card (automatic),60.35,2663.58,No
C-d9244e9d,Male,0,No,No,24,Yes,Yes,Fiber optic,No,No,No,No,Yes,No,Month-to-month,No,Mailed check,52.19,1247.56,Yes
C-625bdec7,Male,0,Yes,Yes,43,Yes,Yes,Fiber optic,No,No,Yes,No,No,No,Month-to-month,Yes,Credit card (automatic),52.79,2238.83,Yes
C-2a71f0f2,Male,0,No,No,57,Yes,Yes,Fiber optic,No,No,Yes,No internet service,Yes,No internet service,Two year,Yes,Credit card (automatic),58.51,3348.28,No
C-458c424d,Male,0,No,No,20,Yes,Yes,Fiber optic,No,No internet service,Yes,No,Yes,No,Month-to-month,Yes,Mailed check,64.75,1318.42,Yes
C-347a2e88,Female,0,Yes,Yes,6,Yes,No,Fiber optic,No,No,Yes,No,Yes,Yes,Month-to-month,Yes,Mailed check,65.31,360.9,No
C-96a9d2b1,Female,0,Yes,No,57,Yes,No,DSL,No,No,No,No,Yes,Yes,Two year,No,Bank transfer (automatic),46.47,2640.43,No
C-3d52f6da,Female,1,Yes,No,2,Yes,No,DSL,No,Yes,No,No,No,No internet service,Two year,No,Credit card (automatic),39.34,46.3,Yes
C-07256181,Female,0,Yes,No,47,Yes,No,Fiber optic,No,No,No,No,Yes,No,Month-to-month,Yes,Electronic check,58.94,2800.82,Yes
C-ee621a74,Female,0,No,No,12,Yes,No phone service,Fiber optic,No,Yes,No,Yes,Yes,No,Month-to-month,Yes,Mailed check,64.72,774.49,Yes
C-eabeca09,Female,0,No,No,24,Yes,No phone service,No,No internet service,No internet service,No internet service,No internet service,No internet service,No internet service,Two year,No,Credit card (automatic),31.32,742.52,No
C-b9f90a9b,Female,1,No,No,12,Yes,No phone service,Fiber optic,Yes,Yes,Yes,No,No internet service,No,Month-to-month,No,Electronic check,64.81,781.74,Yes
C-b57d53f1,Female,0,No,No,59,Yes,Yes,Fiber optic,Yes,Yes,Yes,No,No internet service,Yes,Month-to-month,No,Electronic check,62.65,3674.9,Yes
C-45328584,Female,0,Yes,No,47,Yes,Yes,Fiber optic,Yes,Yes,Yes,No,No,Yes,Month-to-month,No,Credit card (automatic),69.75,3293.46,Yes
C-0a1db93c,Male,0,No,No,19,Yes,Yes,Fiber optic,Yes,No,No,No,Yes,No,Two year,No,Electronic check,54.48,1042.37,No
C-0cd01d68,Male,1,Yes,No,58,Yes,No,DSL,Yes,No,No,No,Yes,Yes,Month-to-month,Yes,Credit card (automatic),55.32,3214.36,No
C-f421437f,Male,0,Yes,No,9,Yes,Yes,No,No internet service,No internet service,No internet service,No internet service,No internet service,No internet service,Two year,Yes,Electronic check,34.21,312.47,No
C-d19d64e9,Male,0,Yes,No,37,Yes,Yes,Fiber optic,Yes,No internet service,No internet service,No,Yes,No,One year,Yes,Mailed check,65.72,2468.8,No
C-b313dd83,Female,0,Yes,No,53,Yes,Yes,Fiber optic,No,No,No,No,No,No,Month-to-month,No,Mailed check,47.33,2508.45,Yes
C-c587b14c,Male,0,Yes,No,6,Yes,No,Fiber optic,Yes,No,No,No,No,No,Month-to-month,No,Electronic check,55.85,348.21,Yes
C-341b7686,Male,0,Yes,No,29,No,No phone service,Fiber optic,No,No,No,Yes,No internet service,No,Two year,Yes,Electronic check,56.62,1645.88,No
C-20389a1d,Female,0,No,No,4,No,No phone service,Fiber optic,No,Yes,No,Yes,No,No internet service,Month-to-month,Yes,Bank transfer (automatic),60.34,256.8,Yes
C-a5ec0d51,Male,1,Yes,Yes,42,Yes,No,Fiber optic,No,No,No,No,Yes,Yes,Month-to-month,Yes,Mailed check,55.95,2340.87,Yes
C-508fe8df,Female,0,Yes,No,24,Yes,Yes,Fiber optic,Yes,No,Yes,Yes,Yes,Yes,Month-to-month,No,Electronic check,76.04,1830.77,Yes
C-270cef39,Male,0,Yes,No,33,Yes,No,Fiber optic,No,No,Yes,No,No,No,Month-to-month,Yes,Bank transfer (automatic),55.39,1823.13,Yes
C-70568247,Female,0,No,No,52,Yes,No,No,No internet service,No internet service,No internet service,No internet service,No internet service,No internet service,Two year,Yes,Mailed check,27.01,1361.93,No
C-83bb5120,Female,0,Yes,Yes,32,No,No phone service,Fiber optic,Yes,Yes,No,No,No,No,Month-to-month,No,Bank transfer (automatic),53.09,1720.77,Yes
C-df0b7add,Female,1,No,Yes,33,Yes,No,Fiber optic,No,No,Yes,Yes,No,Yes,Two year,Yes,Credit card (automatic),61.16,2034.47,No
C-d7605cc4,Male,0,No,No,32,Yes,Yes,Fiber optic,Yes,No,Yes,No,Yes,No,Month-to-month,No,Electronic check,63.88,2062.02,Yes
C-82992173,Male,0,No,No,55,No,No phone service,Fiber optic,No internet service,Yes,Yes,No internet service,Yes,Yes,Month-to-month,No,Bank transfer (automatic),69.54,3831.98,No
C-9928c82f,Female,0,No,No,58,Yes,No phone service,Fiber optic,Yes,No,Yes,Yes,No,No internet service,Month-to-month,No,Mailed check,63.83,3690.56,Yes
C-518156bf,Male,0,Yes,No,8,No,No phone service,DSL,No,No,Yes,No,No,Yes,Month-to-month,Yes,Mailed check,46.3,370.56,Yes
C-7a3c55e0,Female,0,Yes,No,66,Yes,No,Fiber optic,No,No,No,Yes,No,Yes,Month-to-month,Yes,Bank transfer (automatic),53.07,3536.54,Yes
C-4aa4e032,Female,0,Yes,No,0,No,No phone service,DSL,No,No internet service,No,No,No,No,One year,No,Electronic check,31.8,0.0,No
C-feb5e79f,Female,0,No,Yes,67,No,No phone service,Fiber optic,Yes,No,No,Yes,Yes,Yes,Month-to-month,No,Mailed check,69.85,4671.25,Yes
C-fa126742,Female,0,No,Yes,49,Yes,No,DSL,No,Yes,No internet service,Yes,No,No internet service,Month-to-month,Yes,Bank transfer (automatic),44.78,2181.37,No
C-6548cdc7,Female,0,No,Yes,53,Yes,No phone service,No,No internet service,No internet service,No internet service,No internet service,No internet service,No internet service,Month-to-month,No,Mailed check,27.55,1470.5,No
C-32be5986,Male,0,Yes,No,60,Yes,Yes,No,No internet service,No internet service,No internet service,No internet service,No internet service,No internet service,Two year,Yes,Mailed check,24.5,1452.12,No
C-a5c758dc,Male,0,No,No,10,No,No phone service,Fiber optic,Yes,No,No,No,Yes,No,Month-to-month,No,Bank transfer (automatic),59.27,626.63,No
C-65838596,Female,0,No,No,71,No,No phone service,Fiber optic,No,No,No,No,No,No,Two year,Yes,Bank transfer (automatic),46.14,3288.04,No
C-359210e3,Female,0,Yes,No,4,Yes,Yes,Fiber optic,Yes,No,Yes,Yes,No,Yes,Month-to-month,Yes,Electronic check,69.0,334.23,Yes
C-b603678e,Female,0,Yes,No,40,Yes,No,Fiber optic,No,Yes,No,No,No,No,Month-to-month,No,Electronic check,48.37,1966.96,Yes
C-d0e963bb,Male,1,No,Yes,38,Yes,Yes,Fiber optic,No,No,Yes,No,No,No,Month-to-month,No,Mailed check,53.93,2011.68,Yes
C-175108e1,Male,0,Yes,No,56,No,No phone service,DSL,No,No,No,Yes,No internet service,Yes,Month-to-month,No,Mailed check,44.23,2470.7,No
C-0a6d33ae,Male,0,Yes,Yes,22,Yes,Yes,Fiber optic,No,No,No,No,No,No,Month-to-month,Yes,Electronic check,48.05,1054.34,Yes
C-ac57bd1c,Male,0,No,No,45,Yes,Yes,Fiber optic,Yes,No,Yes,No,Yes,No,Month-to-month,No,Mailed check,68.13,3026.5,No
C-b5e8c21a,Male,0,No,No,47,Yes,No,Fiber optic,Yes,No internet service,No,No,Yes,No internet service,Month-to-month,No,Electronic check,57.24,2712.97,Yes
C-7d95ce78,Male,1,Yes,Yes,8,Yes,No,Fiber optic,Yes,Yes,No internet service,No,Yes,Yes,One year,Yes,Electronic check,70.18,554.59,Yes
C-e942ec4e,Female,0,Yes,No,26,Yes,Yes,No,No internet service,No internet service,No internet service,No internet service,No internet service,No internet service,Month-to-month,No,Electronic check,27.72,704.01,No
C-1bb1490e,Male,0,Yes,No,11,Yes,No,DSL,No internet service,Yes,No,No,Yes,Yes,One year,No,Mailed check,53.39,571.81,No
C-93c578ed,Male,0,No,No,17,Yes,No phone service,Fiber optic,No,No internet service,No,No,No,No,Two year,No,Credit card (automatic),51.24,832.45,No
C-e193a443,Male,0,Yes,No,34,Yes,No,Fiber optic,Yes,Yes,No,Yes,Yes,No,Two year,Yes,Mailed check,71.22,2436.65,No
C-b9eec194,Female,0,No,No,32,Yes,Yes,No,No internet service,No internet service,No internet service,No internet service,No internet service,No internet service,Two year,No,Electronic check,26.93,809.58,No
C-014133be,Female,1,No,Yes,2,Yes,Yes,Fiber optic,No,Yes,Yes,Yes,No,Yes,One year,No,Bank transfer (automatic),76.24,143.93,No
C-f079b17e,Female,0,Yes,No,20,Yes,No,Fiber optic,Yes,Yes,No,Yes,No,No,One year,Yes,Electronic check,61.82,1237.01,No
C-27eeead7,Female,0,No,Yes,35,Yes,No,Fiber optic,Yes,Yes,No,Yes,No internet service,Yes,Two year,Yes,Electronic check,70.95,2478.53,No
C-7a374f4b,Female,0,Yes,Yes,26,No,No phone service,Fiber optic,No,No,No,No,Yes,Yes,Month-to-month,No,Mailed check,58.45,1520.16,Yes
C-96fcd0c6,Male,0,No,No,21,Yes,No,DSL,Yes,No,No,No,No,Yes,Month-to-month,No,Mailed check,45.88,959.74,No
C-49a4ab07,Male,0,Yes,Yes,61,Yes,Yes,No,No internet service,No internet service,No internet service,No internet service,No internet service,No internet service,Month-to-month,No,Bank transfer (automatic),32.11,1955.0,No
C-d7a0b973,Male,0,Yes,No,70,Yes,Yes,Fiber optic,No internet service,No internet service,No,Yes,No internet service,No,Month-to-month,No,Mailed check,50.32,3517.53,No
C-f7e0528f,Female,0,Yes,No,23,Yes,No,Fiber optic,No,No internet service,No,No,Yes,Yes,Month-to-month,No,Bank transfer (automatic),58.72,1347.53,Yes
C-1b303faf,Male,0,Yes,No,11,Yes,Yes,Fiber optic,No,No internet service,No,No,No,No,Month-to-month,Yes,Electronic check,47.51,534.47,Yes
C-bdbf5ecb,Female,0,No,Yes,71,No,No phone service,Fiber optic,Yes,Yes,Yes,Yes,Yes,No internet service,One year,Yes,Bank transfer (automatic),73.3,5217.51,Yes
C-cb5421ea,Female,0,Yes,No,70,Yes,Yes,Fiber optic,No,No,Yes,No,Yes,No,Month-to-month,Yes,Bank transfer (automatic),61.02,4251.4,Yes
C-8ae137b1,Female,0,No,No,28,Yes,Yes,Fiber optic,No,Yes,No,No,No,Yes,Month-to-month,No,Credit card (automatic),63.74,1759.86,Yes
C-0a5baecb,Male,1,No,No,67,Yes,Yes,Fiber optic,Yes,No,Yes,No,No,Yes,Two year,No,Electronic check,64.95,4352.76,No
C-3048a476,Female,0,No,Yes,69,Yes,Yes,DSL,No,No,No,No,No,Yes,Month-to-month,Yes,Mailed check,34.13,2361.28,No
C-bf7ece3d,Female,0,No,No,69,Yes,Yes,Fiber optic,No,No,Yes,No internet service,No,No,One year,No,Electronic check,55.3,3821.99,No
C-f8b8cfbd,Female,0,Yes,No,6,Yes,No,DSL,No internet service,No,Yes,No,Yes,Yes,Month-to-month,No,Electronic check,52.22,317.25,Yes
C-1a88c095,Male,0,Yes,No,9,Yes,No,Fiber optic,No,No,Yes,Yes,No,Yes,Month-to-month,No,Credit card (automatic),67.48,617.16,Yes
C-e8075f56,Male,0,No,Yes,72,Yes,No,Fiber optic,No,No,No,No,Yes,No,Month-to-month,Yes,Mailed check,54.82,3896.35,Yes
C-8f499c2b,Male,0,No,No,47,Yes,No phone service,Fiber optic,No,No,Yes,No,No,No,Month-to-month,No,Credit card (automatic),54.86,2588.98,No
C-56c2b28f,Male,0,No,No,72,Yes,Yes,DSL,No,Yes,No,Yes,No,No,One year,No,Credit card (automatic),39.5,2845.81,No
C-64120bff,Male,0,Yes,No,33,Yes,No,DSL,Yes,No,No,No,Yes,No internet service,Month-to-month,Yes,Bank transfer (automatic),49.94,1670.95,No
C-08925fdd,Male,0,Yes,No,65,No,No phone service,Fiber optic,Yes,No,No,Yes,No internet service,No,One year,No,Mailed check,56.88,3676.76,No
C-9867810e,Male,0,Yes,No,15,Yes,No,DSL,No,Yes,No,Yes,No,No,Two year,No,Bank transfer (automatic),50.65,713.17,No
C-691d2f15,Female,0,Yes,No,40,Yes,No,No,No internet service,No internet service,No internet service,No internet service,No internet service,No internet service,One year,No,Electronic check,34.16,1365.78,No
C-7d0b2b69,Male,0,Yes,No,50,Yes,Yes,DSL,No,No,No,No,Yes,No internet service,One year,Yes,Bank transfer (automatic),35.58,1753.44,No
C-08dcffd8,Female,0,No,No,35,Yes,No,Fiber optic,No,Yes,Yes,Yes,No,Yes,One year,No,Credit card (automatic),58.83,2056.65,Yes
C-0b8df99b,Male,0,Yes,No,1,Yes,Yes,Fiber optic,No,No,No,No,Yes,Yes,Two year,Yes,Electronic check,58.49,93.22,No
C-cee26bd0,Male,0,No,Yes,20,Yes,No,Fiber optic,No,No,No,No internet service,No,No,One year,Yes,Mailed check,42.12,861.09,No
C-64563b45,Female,1,No,No,23,Yes,Yes,DSL,No,No,Yes,No,Yes,No internet service,Month-to-month,No,Mailed check,40.89,909.65,No
C-2470fde0,Female,0,No,No,45,Yes,Yes,Fiber optic,Yes,No,No,Yes,No,Yes,Month-to-month,No,Mailed check,63.59,2897.82,No
C-de7fcc8e,Female,1,No,No,58,Yes,Yes,No,No internet service,No internet service,No internet service,No internet service,No internet service,No internet service,Two year,No,Electronic check,29.01,1677.08,No
C-552be76d,Male,0,No,No,40,Yes,Yes,DSL,No,No,No internet service,Yes,Yes,Yes,Two year,No,Electronic check,42.92,1737.71,No
C-aba17002,Male,0,Yes,Yes,11,Yes,No,Fiber optic,Yes,No,No,Yes,No,Yes,Month-to-month,Yes,Credit card (automatic),66.5,729.17,Yes
C-1736490c,Male,0,Yes,No,14,Yes,No,Fiber optic,Yes,No,Yes,No,No,No internet service,Two year,No,Bank transfer (automatic),62.1,885.25,No
C-28a6bfbe,Female,0,No,Yes,14,Yes,No,Fiber optic,No,No,No,No internet service,No,Yes,Month-to-month,Yes,Bank transfer (automatic),52.95,746.57,No
C-d27314ca,Female,0,Yes,No,32,Yes,No,Fiber optic,No,No internet service,No,No,Yes,Yes,Month-to-month,No,Bank transfer (automatic),60.28,1929.5,Yes
C-9bdbb1a4,Female,0,Yes,No,28,Yes,Yes,DSL,No,No,Yes,No,No internet service,Yes,Month-to-month,No,Mailed check,43.35,1212.05,No
C-65ef9218,Male,0,Yes,No,68,No,No phone service,DSL,No,No,No,Yes,Yes,Yes,One year,Yes,Bank transfer (automatic),50.63,3447.35,No
C-cbb5f4a0,Female,0,Yes,No,12,Yes,Yes,Fiber optic,Yes,No,Yes,No,No,No,Two year,Yes,Credit card (automatic),61.13,737.16,No
C-ccb6a3bd,Male,1,No,No,45,Yes,No,No,No internet service,No internet service,No internet service,No internet service,No internet service,No internet service,Month-to-month,No,Electronic check,32.12,1471.1,No
C-8dd61c84,Male,0,No,No,56,Yes,Yes,Fiber optic,No,Yes,Yes,No,No,No,Month-to-month,Yes,Electronic check,61.61,3435.23,Yes
C-5a6e0304,Male,0,Yes,Yes,19,No,No phone service,No,No internet service,No internet service,No internet service,No internet service,No internet service,No internet service,Two year,Yes,Bank transfer (automatic),27.77,516.89,No
C-b31844f5,Female,1,Yes,Yes,28,Yes,Yes,DSL,No,Yes,No,No,No,No,One year,Yes,Mailed check,39.5,1113.26,No
C-a859cd4e,Male,0,Yes,Yes,46,Yes,No,DSL,Yes,Yes,No,Yes,No internet service,No,Month-to-month,Yes,Mailed check,52.21,2363.56,No
C-5c128d0c,Female,0,Yes,No,51,Yes,No,DSL,Yes,No,No,No,Yes,No,Two year,No,Bank transfer (automatic),42.45,2157.33,No
C-90c60972,Male,0,Yes,Yes,1,Yes,No,No,No internet service,No internet service,No internet service,No internet service,No internet service,No internet service,One year,Yes,Electronic check,31.35,59.07,No
C-1204e328,Male,0,Yes,No,18,No,No phone service,No,No internet service,No internet service,No internet service,No internet service,No internet service,No internet service,Month-to-month,No,Credit card (automatic),27.51,517.91,No
C-02c0320c,Male,0,No,No,48,Yes,No,DSL,No,Yes,No,No,Yes,Yes,Month-to-month,No,Bank transfer (automatic),44.8,2155.72,Yes
C-3609c34a,Male,0,Yes,Yes,65,Yes,No,Fiber optic,No internet service,No,Yes,No,No,Yes,Month-to-month,No,Mailed check,56.2,3646.6,Yes
C-cb41ff1c,Male,0,Yes,No,4,Yes,Yes,DSL,Yes,Yes,Yes,No,No internet service,Yes,Two year,Yes,Electronic check,56.59,228.33,Yes
C-7270de08,Female,0,Yes,Yes,64,Yes,No,DSL,Yes,No internet service,Yes,No,No,No,Month-to-month,Yes,Electronic check,43.27,2791.42,No
C-5c963cf2,Female,0,No,No,8,Yes,No,Fiber optic,Yes,Yes,No,No,Yes,Yes,One year,No,Bank transfer (automatic),72.61,569.64,No
C-f49c9b28,Female,0,Yes,No,20,No,No phone service,Fiber optic,No,Yes,Yes,Yes,No internet service,No,Month-to-month,Yes,Bank transfer (automatic),61.35,1222.27,Yes
C-f7f15747,Male,0,Yes,Yes,23,Yes,No phone service,Fiber optic,Yes,Yes,Yes,Yes,No,No,Month-to-month,Yes,Mailed check,68.89,1573.36,Yes
C-03c7a472,Female,0,Yes,No,22,Yes,Yes,Fiber optic,No,Yes,No,No,No,No internet service,One year,No,Mailed check,53.05,1122.12,No
C-56e35c18,Female,0,No,Yes,32,Yes,Yes,DSL,No,No internet service,No,No,No,No,Month-to-month,No,Electronic check,37.93,1215.9,Yes
C-99ccfca2,Male,0,No,No,3,Yes,No,DSL,No internet service,No internet service,No,Yes,No internet service,Yes,One year,No,Mailed check,42.35,151.89,No
C-86f01e67,Male,0,Yes,No,33,Yes,Yes,Fiber optic,No,No,No,No,Yes,No,Month-to-month,No,Electronic check,53.84,1779.35,Yes
C-13bbd099,Male,0,Yes,No,9,Yes,No,DSL,No,No,Yes,No,No,Yes,Two year,No,Electronic check,43.53,366.04,No
C-b0c7f1f7,Female,0,Yes,Yes,1,Yes,Yes,Fiber optic,No,No,No,No,No,No internet service,Two year,Yes,Electronic check,48.34,61.68,Yes
C-d8520328,Female,0,Yes,No,63,Yes,No phone service,DSL,Yes,No,No,No,Yes,No,Month-to-month,No,Credit card (automatic),42.77,2695.03,Yes
C-2cb136c1,Male,0,No,Yes,52,Yes,No,Fiber optic,No,No,No,No,Yes,No internet service,Month-to-month,No,Electronic check,54.59,2832.75,No
C-115dad86,Male,0,No,Yes,26,Yes,Yes,Fiber optic,No,No,No,No,Yes,No,Month-to-month,No,Mailed check,52.41,1354.76,No
C-17ef66c8,Female,0,No,Yes,33,Yes,No phone service,Fiber optic,No,No internet service,No,No,Yes,No,One year,No,Credit card (automatic),54.1,1789.13,No
C-fa6fd8bd,Male,1,No,Yes,0,Yes,Yes,Fiber optic,No,No,No,Yes,No,Yes,Month-to-month,Yes,Bank transfer (automatic),62.14,18.58,Yes
C-1d280adb,Female,0,Yes,No,11,No,No phone service,Fiber optic,Yes,No,No,Yes,Yes,Yes,Month-to-month,No,Bank transfer (automatic),71.95,764.45,No
C-dbbbfd5c,Female,0,Yes,Yes,2,Yes,No,Fiber optic,No,No,No,Yes,Yes,No,One year,No,Electronic check,61.85,132.28,Yes
C-ea7ed32d,Male,0,Yes,No,39,Yes,No,DSL,No,No,No,No,No,No,Two year,No,Bank transfer (automatic),34.19,1342.36,No
C-d9b3980c,Female,0,No,Yes,13,Yes,No phone service,Fiber optic,No,No,No,No,No,No,Two year,No,Electronic check,49.63,658.86,No
C-0a5bdd09,Female,0,Yes,No,72,Yes,No,DSL,No,No,No,No,No,No,Month-to-month,No,Bank transfer (automatic),32.47,2396.38,No
C-6d3784a8,Male,0,Yes,No,5,Yes,Yes,DSL,Yes,Yes,Yes,Yes,No,No,Month-to-month,No,Mailed check,48.23,275.43,Yes
C-2649bf28,Female,0,No,Yes,7,Yes,No,Fiber optic,No,No,No,No,Yes,Yes,Month-to-month,No,Electronic check,61.14,436.81,Yes
C-828d17a8,Male,1,No,No,42,Yes,No phone service,Fiber optic,No,No,No,No,Yes,Yes,Two year,No,Bank transfer (automatic),60.94,2530.32,No
C-b0b83a3c,Female,0,Yes,No,41,Yes,No,Fiber optic,No,No internet service,Yes,Yes,Yes,Yes,One year,No,Mailed check,75.05,3110.89,No
C-16997dd6,Male,1,Yes,No,63,Yes,Yes,Fiber optic,Yes,No,No internet service,Yes,Yes,No,One year,Yes,Bank transfer (automatic),65.45,4141.58,No
C-bcb6b2fa,Male,0,Yes,No,31,No,No phone service,Fiber optic,Yes,No internet service,No,Yes,No,No,Two year,Yes,Bank transfer (automatic),62.0,1954.54,No
C-3374972b,Female,0,Yes,No,32,No,No phone service,Fiber optic,No,No,No,No,Yes,Yes,Two year,No,Bank transfer (automatic),59.3,1909.66,No
C-11931412,Female,0,No,No,24,Yes,No,DSL,No,No,No,No,Yes,No,Month-to-month,No,Electronic check,41.77,1017.62,Yes
C-33fc97bb,Female,0,No,No,23,Yes,Yes,Fiber optic,No,No,No,No,No,No,Month-to-month,Yes,Electronic check,47.02,1094.82,No
C-9dae04e3,Female,0,No,No,52,Yes,No,Fiber optic,Yes,No,Yes,No,No internet service,No,Two year,Yes,Electronic check,58.54,3025.66,Yes
C-e9deaee7,Male,0,No,No,40,Yes,No,Fiber optic,Yes,No,No,No,No,No,Two year,Yes,Credit card (automatic),53.43,2148.49,No
C-c41dab58,Male,0,Yes,No,35,Yes,No,Fiber optic,No,No internet service,No,No,No,Yes,Month-to-month,Yes,Bank transfer (automatic),55.76,1991.36,Yes
C-629fe5ef,Male,0,No,No,53,Yes,Yes,Fiber optic,Yes,No,Yes,No,No internet service,No,Month-to-month,No,Bank transfer (automatic),60.68,3218.43,Yes
C-ebd22625,Male,0,Yes,No,67,Yes,Yes,Fiber optic,No internet service,Yes,No,Yes,Yes,No,One year,Yes,Credit card (automatic),66.73,4492.34,No
C-62d9643e,Female,0,Yes,No,20,Yes,Yes,Fiber optic,No,Yes,Yes,No,Yes,No,Two year,No,Mailed check,67.33,1340.94,No
C-c4b9ff4f,Female,0,No,Yes,10,Yes,No,Fiber optic,Yes,Yes,Yes,Yes,Yes,No,Two year,Yes,Bank transfer (automatic),78.98,789.27,No
C-ed64c4fa,Female,0,Yes,No,61,Yes,No,Fiber optic,Yes,No,Yes,No,No internet service,No,Month-to-month,No,Credit card (automatic),60.38,3669.97,No
C-e1e515c0,Female,0,Yes,No,0,Yes,No phone service,DSL,No,No internet service,No,No,No,No,Two year,No,Credit card (automatic),35.94,8.77,No
C-2af22c79,Male,0,Yes,No,20,Yes,No phone service,DSL,No,No,No,No,No,No,Month-to-month,Yes,Credit card (automatic),30.98,627.47,No
C-34c53ba4,Female,0,Yes,No,0,Yes,No,Fiber optic,No internet service,No,No,No,No,Yes,Two year,Yes,Bank transfer (automatic),49.18,0.0,Yes
C-f887918a,Male,0,Yes,No,18,Yes,No,Fiber optic,No,No,No,No,No,No,Month-to-month,No,Credit card (automatic),47.46,879.27,Yes
C-a687e129,Female,0,Yes,No,59,Yes,No,DSL,Yes,Yes,No,No,Yes,Yes,Month-to-month,Yes,Electronic check,55.75,3299.36,Yes
C-b7acaf4a,Male,0,No,No,16,Yes,Yes,Fiber optic,No,No,No,No internet service,No,No,Two year,Yes,Mailed check,49.26,799.27,No
C-de425a69,Male,1,No,Yes,40,Yes,Yes,DSL,No internet service,Yes,Yes,Yes,No,No,Month-to-month,Yes,Electronic check,46.81,1892.04,No
C-1639e06e,Male,0,No,No,10,Yes,Yes,DSL,Yes,No,No,No,No internet service,No,One year,Yes,Electronic check,41.34,409.1,No
C-5c055bc3,Female,0,Yes,No,34,Yes,Yes,Fiber optic,No,No,No internet service,Yes,Yes,Yes,One year,No,Bank transfer (automatic),64.87,2201.34,No
C-7cfaddf9,Female,0,Yes,No,55,Yes,No phone service,DSL,Yes,Yes,No,No,No,No,Month-to-month,No,Bank transfer (automatic),44.35,2428.7,No
C-1471412b,Male,1,Yes,Yes,1,Yes,Yes,Fiber optic,No,Yes,Yes,No,Yes,No,Month-to-month,Yes,Credit card (automatic),65.75,66.56,Yes
C-1308b1b6,Male,0,Yes,No,25,Yes,Yes,Fiber optic,Yes,Yes,No,No,No,No,Month-to-month,No,Credit card (automatic),54.27,1366.38,Yes
C-7cb4dd4e,Male,0,No,No,23,Yes,No,Fiber optic,No internet service,Yes,No internet service,No,No,No,Two year,Yes,Credit card (automatic),51.36,1154.97,No
C-b4ce29a4,Female,0,No,Yes,15,Yes,No,No,No internet service,No internet service,No internet service,No internet service,No internet service,No internet service,One year,No,Electronic check,23.28,323.96,No
C-195dfce0,Male,0,No,No,24,Yes,No,Fiber optic,No,No,Yes,No,No,No,Month-to-month,Yes,Bank transfer (automatic),49.51,1208.19,Yes
C-1e4b8bd4,Female,1,No,No,56,Yes,Yes,No,No internet service,No internet service,No internet service,No internet service,No internet service,No internet service,Two year,No,Electronic check,24.62,1362.72,No
C-e444ad41,Male,0,Yes,Yes,72,Yes,Yes,Fiber optic,Yes,No,No,No,No,No,Month-to-month,No,Electronic check,52.54,3764.47,Yes
C-88a0afde,Male,0,Yes,Yes,68,Yes,Yes,Fiber optic,Yes,No,No,No,No,No,One year,No,Mailed check,51.68,3530.24,No
C-7555982b,Male,0,No,Yes,63,Yes,No,Fiber optic,Yes,No,Yes,No,No,No internet service,Month-to-month,Yes,Mailed check,56.27,3550.06,No
C-4d1e0e60,Male,0,No,No,26,Yes,No,Fiber optic,Yes,No,No internet service,No,Yes,No internet service,Two year,Yes,Credit card (automatic),61.15,1585.25,No
C-264939c2,Female,0,No,No,14,Yes,Yes,Fiber optic,No,Yes,No internet service,No,No internet service,No,Month-to-month,No,Credit card (automatic),55.52,809.36,Yes
C-91045729,Male,0,Yes,Yes,33,Yes,Yes,Fiber optic,Yes,No,Yes,Yes,No,No,Month-to-month,Yes,Credit card (automatic),63.46,2054.36,No
C-b688d1cf,Male,0,Yes,No,2,Yes,Yes,No,No internet service,No internet service,No internet service,No internet service,No internet service,No internet service,Month-to-month,No,Electronic check,25.9,17.4,Yes
C-00ab69b3,Male,0,Yes,Yes,20,Yes,No phone service,Fiber optic,Yes,Yes,Yes,No,Yes,Yes,Month-to-month,Yes,Mailed check,76.13,1524.47,Yes
C-49f1e43d,Male,0,Yes,Yes,67,Yes,Yes,Fiber optic,No,No,No,No,No,No,Month-to-month,No,Electronic check,45.39,3031.4,Yes
C-ae430cee,Female,0,Yes,No,44,Yes,Yes,Fiber optic,No internet service,No,No,No internet service,Yes,No internet service,Month-to-month,No,Mailed check,54.01,2368.91,No
C-37a2f5c4,Female,0,No,No,34,Yes,No,Fiber optic,Yes,No,Yes,No,No,No,Month-to-month,No,Electronic check,53.25,1810.98,Yes
C-ff5a3c98,Male,0,Yes,No,41,Yes,Yes,Fiber optic,No,Yes,Yes,No,Yes,Yes,One year,Yes,Electronic check,75.29,3096.64,No
C-deb43386,Male,0,Yes,No,58,Yes,No,Fiber optic,Yes,No,No internet service,No,No,No,Month-to-month,No,Electronic check,52.18,3041.77,Yes
C-407cdabb,Female,1,Yes,Yes,62,Yes,Yes,DSL,No,Yes,No,No,Yes,No,Month-to-month,No,Electronic check,43.1,2648.36,Yes
C-57c8f58d,Male,0,Yes,Yes,30,No,No phone service,Fiber optic,No internet service,No,No,No,No,No,Month-to-month,No,Electronic check,43.22,1248.11,Yes
C-36e81c17,Female,0,Yes,No,48,Yes,No,Fiber optic,No,No,Yes,Yes,Yes,Yes,Month-to-month,No,Mailed check,69.44,3334.26,Yes
C-79a7f431,Male,0,No,No,9,Yes,Yes,Fiber optic,Yes,No,No,Yes,No internet service,No internet service,One year,No,Electronic check,58.66,507.66,No
C-9e46d3cc,Male,0,Yes,No,40,No,No phone service,Fiber optic,No,Yes,No,No,No,No internet service,Month-to-month,Yes,Mailed check,49.55,1962.92,Yes
C-decc3c2b,Male,0,Yes,No,22,No,No phone service,Fiber optic,No,Yes,Yes,Yes,Yes,No internet service,Month-to-month,Yes,Bank transfer (automatic),75.12,1648.62,No
C-9369b2f2,Male,0,Yes,Yes,49,Yes,No phone service,Fiber optic,Yes,No internet service,Yes,No,No,No,Month-to-month,No,Electronic check,60.37,2981.07,No
C-d26142c6,Male,0,No,No,5,Yes,No,Fiber optic,No,No,No internet service,Yes,No,No,Month-to-month,Yes,Bank transfer (automatic),48.18,248.01,Yes
C-7a60f6f6,Female,0,Yes,No,15,Yes,Yes,Fiber optic,No internet service,Yes,Yes,Yes,No,Yes,Month-to-month,No,Credit card (automatic),71.17,1018.78,No
C-5a946038,Male,0,Yes,No,9,Yes,No,Fiber optic,Yes,No,Yes,No,No,Yes,Two year,Yes,Credit card (automatic),63.54,580.65,Yes
C-2ca1f374,Female,0,No,No,22,No,No phone service,No,No internet service,No internet service,No internet service,No internet service,No internet service,No internet service,Two year,No,Bank transfer (automatic),32.53,697.74,No
C-e67aff98,Male,0,Yes,Yes,62,Yes,Yes,Fiber optic,No,No internet service,Yes,No,Yes,No,One year,Yes,Electronic check,59.29,3658.05,No
C-f281af29,Male,0,No,Yes,0,Yes,Yes,Fiber optic,No,Yes,Yes,No internet service,No,No,Month-to-month,Yes,Electronic check,58.1,4.86,Yes
C-00570065,Male,0,Yes,Yes,55,Yes,No phone service,DSL,Yes,No,Yes,No,No,No,Month-to-month,Yes,Bank transfer (automatic),39.84,2210.86,No
C-16bb27aa,Male,0,Yes,No,29,Yes,Yes,Fiber optic,No,No,Yes,No,Yes,Yes,Month-to-month,No,Bank transfer (automatic),62.55,1810.72,No
C-90468933,Female,0,No,No,67,Yes,Yes,DSL,Yes,Yes,No,No,Yes,No,Month-to-month,Yes,Bank transfer (automatic),47.77,3205.99,No
C-b1ee6b8a,Female,1,Yes,No,45,Yes,Yes,No,No internet service,No internet service,No internet service,No internet service,No internet service,No internet service,Two year,Yes,Bank transfer (automatic),32.84,1443.2,No
C-abc74a0b,Female,0,No,Yes,40,Yes,No,DSL,Yes,No,No,No,Yes,No internet service,Month-to-month,No,Bank transfer (automatic),43.5,1734.51,Yes
C-f9addff1,Female,0,No,No,7,Yes,No,DSL,No,No internet service,No internet service,No internet service,Yes,Yes,Month-to-month,No,Electronic check,44.98,295.13,Yes
C-f9c36d3c,Male,0,Yes,No,53,Yes,Yes,DSL,No,No,Yes,No,No,No,One year,No,Electronic check,40.2,2152.28,No
C-08b2d87d,Female,0,Yes,Yes,17,Yes,No,Fiber optic,Yes,No,No,No,Yes,No,Two year,Yes,Bank transfer (automatic),57.56,1010.12,No
C-1e1b3689,Male,0,No,No,35,No,No phone service,Fiber optic,No internet service,No,Yes,No internet service,Yes,Yes,Month-to-month,Yes,Electronic check,67.92,2386.44,Yes
C-539d2704,Male,0,No,No,41,Yes,Yes,Fiber optic,No,No,No,No,Yes,No internet service,Two year,Yes,Electronic check,57.35,2331.59,No
C-909884ce,Male,0,No,No,25,Yes,No,Fiber optic,No,No,No,Yes,No,Yes,Two year,Yes,Mailed check,55.63,1402.19,No
C-e5955d4a,Male,0,Yes,No,41,Yes,No,Fiber optic,No,No,Yes,No,Yes,Yes,One year,No,Electronic check,67.05,2763.42,No
C-19348823,Female,0,No,Yes,42,Yes,No phone service,No,No internet service,No internet service,No internet service,No internet service,No internet service,No internet service,Two year,No,Credit card (automatic),28.41,1196.02,No
C-5701abf8,Male,0,No,Yes,28,Yes,Yes,Fiber optic,Yes,No,Yes,Yes,No internet service,Yes,Two year,No,Bank transfer (automatic),62.4,1723.31,No
C-a539c90b,Female,0,No,No,72,Yes,No phone service,Fiber optic,Yes,Yes,Yes,No,No,Yes,Month-to-month,No,Mailed check,66.37,4746.29,Yes
C-35fd91b7,Female,0,Yes,No,8,Yes,No,Fiber optic,No,No,No,No,Yes,Yes,Two year,Yes,Electronic check,59.77,478.79,Yes
C-127f302e,Male,0,Yes,Yes,56,Yes,Yes,Fiber optic,Yes,No,Yes,No,Yes,No,Two year,Yes,Credit card (automatic),67.33,3740.95,No
C-b9937e08,Female,0,Yes,No,41,Yes,No,Fiber optic,Yes,No,Yes,No,Yes,No,Two year,Yes,Mailed check,66.47,2723.32,No
C-9fb30974,Female,1,Yes,No,50,No,No phone service,DSL,No,No,No internet service,No internet service,No,Yes,Month-to-month,Yes,Electronic check,40.09,1987.05,No
C-6f966f7b,Male,0,Yes,Yes,29,Yes,Yes,Fiber optic,Yes,No,No,No,Yes,Yes,One year,No,Electronic check,64.03,1872.73,No
C-08d7939e,Male,0,No,Yes,43,Yes,No phone service,Fiber optic,No,No,Yes,No,No,No,Two year,No,Credit card (automatic),51.55,2210.26,No
C-94b777e9,Female,0,No,No,47,Yes,No phone service,Fiber optic,No,No,No,No,No,No,Month-to-month,Yes,Electronic check,49.22,2284.64,Yes
C-8c4dba8c,Male,0,Yes,No,44,Yes,No,No,No internet service,No internet service,No internet service,No internet service,No internet service,No internet service,One year,Yes,Credit card (automatic),27.43,1204.4,No
C-a2c713c4,Female,0,Yes,No,22,No,No phone service,DSL,No internet service,No,No internet service,No,No internet service,Yes,Month-to-month,Yes,Bank transfer (automatic),42.45,953.5,No
C-7b8764bd,Female,0,Yes,No,2,Yes,Yes,DSL,No,No internet service,No,No,No,No,Month-to-month,No,Electronic check,30.55,91.28,Yes
C-b0d589cc,Female,0,No,No,69,Yes,No phone service,Fiber optic,No,No,Yes,No,Yes,Yes,Month-to-month,No,Mailed check,65.87,4531.06,Yes
C-ae6b72a9,Female,0,Yes,No,29,Yes,Yes,Fiber optic,Yes,No internet service,No,No internet service,No,No,Month-to-month,No,Credit card (automatic),52.45,1521.41,Yes
C-c8c89bc0,Female,0,No,No,71,Yes,No,DSL,No,No,Yes,No,Yes,No,Month-to-month,Yes,Electronic check,43.7,3144.36,No
C-9e70ca57,Female,1,No,No,61,Yes,Yes,Fiber optic,No,Yes,No,No,No,Yes,One year,Yes,Bank transfer (automatic),63.23,3907.7,No
C-87686b07,Male,0,Yes,No,69,Yes,No phone service,No,No internet service,No internet service,No internet service,No internet service,No internet service,No internet service,One year,No,Credit card (automatic),25.33,1749.03,No
C-61062a6f,Male,0,No,No,48,Yes,No,Fiber optic,No,No,No,No,No,No,Two year,Yes,Bank transfer (automatic),50.88,2473.18,Yes
C-2e3563f9,Female,0,Yes,Yes,63,Yes,No,Fiber optic,Yes,No,No,No internet service,No,Yes,Month-to-month,Yes,Electronic check,61.44,3855.42,Yes
C-8d839a9e,Male,0,No,No,24,No,No phone service,Fiber optic,No,No,No,No,Yes,Yes,Two year,No,Bank transfer (automatic),58.87,1443.66,No
C-4e83351e,Male,0,Yes,Yes,32,No,No phone service,Fiber optic,Yes,Yes,Yes,Yes,Yes,No,Two year,Yes,Bank transfer (automatic),66.64,2106.4,No
C-32fe2092,Male,0,Yes,No,34,Yes,No,Fiber optic,Yes,No,Yes,No,Yes,No,Month-to-month,No,Bank transfer (automatic),65.26,2211.77,No
C-40a75843,Male,0,Yes,Yes,22,Yes,No phone service,Fiber optic,No,Yes,No,No,No,No,One year,No,Electronic check,50.34,1081.34,No
C-8a11add9,Male,0,Yes,Yes,51,Yes,Yes,Fiber optic,Yes,No,No,No,Yes,Yes,One year,Yes,Electronic check,71.84,3636.36,Yes
C-25a64ff4,Female,0,Yes,No,51,Yes,No,Fiber optic,No,Yes,Yes,Yes,No,No internet service,One year,No,Bank transfer (automatic),65.77,3354.75,No
C-750c0625,Female,0,No,Yes,70,Yes,Yes,Fiber optic,No,No,No,No,No,No,Two year,Yes,Mailed check,43.22,3008.73,No
C-a60a827b,Female,1,Yes,No,45,Yes,Yes,DSL,No,Yes,No,No,No,No,Two year,No,Electronic check,37.57,1737.82,No
C-56754632,Female,1,Yes,No,66,Yes,Yes,Fiber optic,Yes,Yes,No,No,Yes,No,Month-to-month,Yes,Electronic check,67.25,4450.85,Yes
C-62c884dc,Male,0,Yes,No,16,Yes,Yes,Fiber optic,Yes,No,No internet service,No,No internet service,No,Two year,Yes,Credit card (automatic),49.66,809.17,No
C-6c73e416,Female,0,No,No,68,Yes,No phone service,Fiber optic,No internet service,No,No,Yes,No,Yes,Month-to-month,Yes,Mailed check,61.73,4197.47,Yes
C-c6d04720,Female,0,Yes,Yes,24,Yes,No,No,No internet service,No internet service,No internet service,No internet service,No internet service,No internet service,Month-to-month,Yes,Electronic check,30.86,729.93,No
C-268c0f0b,Female,0,Yes,No,47,No,No phone service,No,No internet service,No internet service,No internet service,No internet service,No internet service,No internet service,Two year,Yes,Credit card (automatic),25.84,1198.49,No
C-36d8d166,Female,0,Yes,Yes,66,No,No phone service,Fiber optic,Yes,Yes,No,No,No,No internet service,Two year,No,Mailed check,56.19,3700.38,No
C-43df2f84,Male,0,No,No,7,Yes,Yes,Fiber optic,No,Yes,No,No,No,No,One year,No,Credit card (automatic),48.05,364.31,No
C-00175dfb,Male,0,No,No,36,Yes,No phone service,DSL,Yes,Yes,Yes,No,Yes,No,Month-to-month,No,Electronic check,54.27,1913.51,Yes
C-85ad1cea,Female,0,Yes,Yes,2,Yes,Yes,Fiber optic,No,No,No,Yes,No,Yes,Month-to-month,Yes,Credit card (automatic),56.74,108.37,Yes
C-7b8d0204,Female,0,Yes,Yes,26,Yes,No phone service,DSL,Yes,No,Yes,No,No,No,Month-to-month,No,Bank transfer (automatic),43.6,1104.05,No
C-25eac6c8,Male,0,Yes,No,5,Yes,No,DSL,No,No internet service,No,Yes,No,Yes,Month-to-month,Yes,Electronic check,40.87,224.48,Yes
C-e1929abb,Female,0,Yes,No,41,Yes,Yes,Fiber optic,Yes,No,No,No,Yes,No,Month-to-month,Yes,Mailed check,59.18,2422.37,No
C-a3f53da5,Male,0,Yes,No,35,Yes,Yes,Fiber optic,No,No,No,No,Yes,Yes,Month-to-month,Yes,Bank transfer (automatic),62.94,2187.73,Yes
C-7b5926d5,Female,0,No,No,29,Yes,No,Fiber optic,No,Yes,Yes,No,No,No,Month-to-month,Yes,Mailed check,57.25,1622.38,Yes
C-7a911aeb,Female,0,Yes,No,29,Yes,No phone service,No,No internet service,No internet service,No internet service,No internet service,No internet service,No internet service,Month-to-month,Yes,Credit card (automatic),28.4,778.05,Yes
C-bb502726,Female,0,No,Yes,4,No,No phone service,Fiber optic,No,No internet service,Yes,No internet service,No,Yes,Two year,No,Credit card (automatic),60.27,266.72,Yes
C-9ef9c067,Female,0,Yes,Yes,69,No,No phone service,DSL,No internet service,No internet service,Yes,No internet service,No,No,Month-to-month,Yes,Bank transfer (automatic),39.79,2763.42,No
C-3ec6038f,Female,1,No,No,40,Yes,No phone service,Fiber optic,No,No,Yes,No,No,No,Month-to-month,No,Electronic check,54.01,2193.22,Yes
C-52939fca,Male,0,Yes,No,29,Yes,No,Fiber optic,No,Yes,Yes,No,Yes,No internet service,Month-to-month,Yes,Electronic check,61.25,1802.22,Yes
C-4bbde432,Male,0,No,Yes,37,Yes,No phone service,DSL,Yes,Yes,No,No,No internet service,No,Month-to-month,No,Bank transfer (automatic),39.28,1462.4,No
C-0e19b5b8,Female,0,Yes,No,14,Yes,No,Fiber optic,No,Yes,No,No,No,No,Two year,Yes,Bank transfer (automatic),51.99,759.82,No
C-5cf76cc7,Female,0,No,No,32,Yes,No phone service,Fiber optic,No,Yes,Yes,Yes,No,No,Month-to-month,Yes,Mailed check,60.47,1940.91,Yes
C-294dae56,Female,0,Yes,No,2,Yes,Yes,Fiber optic,No,No,No,No,Yes,Yes,Month-to-month,Yes,Bank transfer (automatic),58.35,123.91,No
C-4b67971c,Male,0,No,No,13,Yes,No,Fiber optic,Yes,Yes,No,No,Yes,No,Month-to-month,No,Credit card (automatic),61.83,760.27,Yes
C-80435578,Female,1,No,No,59,Yes,No,Fiber optic,No,No internet service,No internet service,Yes,No,No,One year,Yes,Electronic check,52.76,3112.54,Yes
C-4c4b591e,Male,1,Yes,Yes,58,Yes,Yes,Fiber optic,No,Yes,No,No,No internet service,Yes,Month-to-month,Yes,Mailed check,58.99,3443.24,No
C-ed0398c3,Male,1,No,No,35,Yes,No,DSL,No,Yes,Yes,No,Yes,No,Month-to-month,Yes,Mailed check,52.37,1812.46,Yes
C-a7edd271,Male,1,No,No,35,Yes,Yes,Fiber optic,Yes,Yes,No internet service,No,No,No,One year,No,Mailed check,61.32,2146.27,Yes
C-5a20a8fe,Male,0,Yes,No,71,Yes,No phone service,Fiber optic,No,No,No internet service,Yes,No internet service,No,Two year,Yes,Mailed check,53.44,3828.75,No
C-e4b16f50,Male,0,No,No,51,Yes,No,No,No internet service,No internet service,No internet service,No internet service,No internet service,No internet service,Month-to-month,Yes,Bank transfer (automatic),25.41,1277.76,No
C-fd73b964,Male,0,Yes,No,0,Yes,No phone service,DSL,No,No,Yes,No,No,No,Month-to-month,Yes,Mailed check,31.68,0.0,Yes
C-7c71dd79,Female,0,No,No,43,Yes,Yes,Fiber optic,No,Yes,No,No,No,No,One year,Yes,Bank transfer (automatic),51.18,2220.66,No
C-5a42e20c,Male,0,Yes,Yes,28,Yes,No phone service,No,No internet service,No internet service,No internet service,No internet service,No internet service,No internet service,One year,No,Mailed check,28.31,803.88,No
C-5c087769,Female,1,No,Yes,27,Yes,No,Fiber optic,Yes,Yes,Yes,No internet service,No,No,Two year,No,Electronic check,65.62,1763.15,Yes
C-cba31ef3,Female,0,Yes,Yes,46,Yes,No,Fiber optic,No,Yes,No internet service,No,No internet service,Yes,Month-to-month,Yes,Credit card (automatic),60.31,2795.71,Yes
C-8a887fea,Female,0,No,No,3,Yes,No phone service,Fiber optic,No,Yes,Yes,Yes,No internet service,No internet service,Month-to-month,No,Credit card (automatic),57.16,162.27,Yes
C-e604bd01,Female,1,Yes,Yes,42,Yes,Yes,Fiber optic,No,No,Yes,No,Yes,Yes,Month-to-month,No,Electronic check,62.57,2637.56,Yes
C-77022973,Female,0,No,No,54,Yes,No,Fiber optic,No,Yes,Yes,No,Yes,Yes,One year,Yes,Mailed check,72.57,3952.98,No
C-e0cbb68e,Female,0,Yes,No,24,Yes,No,Fiber optic,Yes,Yes,No,No,No internet service,No,One year,Yes,Electronic check,58.91,1418.15,No
C-f4f57819,Male,0,Yes,No,56,No,No phone service,DSL,No internet service,Yes,No,No,No internet service,No,Month-to-month,No,Credit card (automatic),36.23,2029.07,No
C-46ae7ea0,Female,0,Yes,Yes,14,Yes,No phone service,DSL,Yes,No,No,No,No,Yes,Month-to-month,Yes,Electronic check,50.67,724.75,No
C-ee1f52a4,Male,1,Yes,No,25,No,No phone service,DSL,No,Yes,No internet service,Yes,Yes,Yes,Month-to-month,Yes,Credit card (automatic),54.74,1390.88,Yes
C-ba189925,Male,1,Yes,Yes,13,Yes,No,Fiber optic,No,Yes,No,No,Yes,No internet service,Month-to-month,No,Electronic check,56.62,766.01,Yes
C-a1bfff80,Female,0,Yes,No,25,Yes,Yes,Fiber optic,No,No internet service,Yes,No internet service,Yes,Yes,One year,No,Bank transfer (automatic),66.37,1691.55,No
C-f927866a,Female,0,Yes,Yes,32,Yes,No,Fiber optic,No,Yes,Yes,No,Yes,Yes,Two year,Yes,Bank transfer (automatic),69.84,2247.57,Yes
C-a5948275,Female,0,No,No,60,Yes,No phone service,No,No internet service,No internet service,No internet service,No internet service,No internet service,No internet service,Month-to-month,Yes,Bank transfer (automatic),27.85,1663.5,No
C-444ba2f8,Male,0,No,No,45,No,No phone service,DSL,No,No,No,Yes,No,No,Month-to-month,No,Credit card (automatic),38.63,1766.73,No
C-9525994a,Male,1,No,No,0,Yes,Yes,Fiber optic,No,Yes,Yes,No,Yes,No,Month-to-month,Yes,Credit card (automatic),63.42,19.26,Yes
C-b13640af,Male,0,No,No,28,Yes,No,Fiber optic,No,No internet service,No internet service,No,No,Yes,Month-to-month,No,Mailed check,54.07,1548.76,Yes
C-12d9b5eb,Female,0,Yes,Yes,34,Yes,Yes,Fiber optic,No,No internet service,No internet service,No,No,Yes,One year,Yes,Electronic check,51.68,1746.73,Yes
C-769fe1ca,Male,0,No,Yes,18,Yes,No,DSL,No,No,No,Yes,No,No,One year,No,Electronic check,36.46,627.44,Yes
C-6b38b6f4,Female,1,No,No,55,No,No phone service,Fiber optic,Yes,Yes,No,Yes,No,No,Month-to-month,No,Credit card (automatic),60.99,3364.01,Yes
C-00300de7,Female,0,Yes,No,71,Yes,No phone service,Fiber optic,Yes,No,Yes,No,No,Yes,Two year,Yes,Bank transfer (automatic),64.34,4570.86,No
C-2dc5b0d6,Female,0,No,No,42,Yes,No,Fiber optic,No,No,No,No,No,No,One year,No,Electronic check,47.26,1959.35,No
C-2bfd25f2,Male,1,No,No,31,Yes,No,Fiber optic,No,No,Yes,No,No,Yes,Month-to-month,Yes,Electronic check,63.24,1979.62,Yes
C-ff75ca11,Female,0,Yes,No,24,Yes,Yes,Fiber optic,No,No,No internet service,No,No internet service,No,Month-to-month,Yes,Credit card (automatic),48.59,1160.0,No
C-d32edcd1,Female,1,Yes,No,11,Yes,No phone service,Fiber optic,No,No,No internet service,Yes,Yes,No,Month-to-month,Yes,Credit card (automatic),56.11,607.09,Yes
C-267a2e2c,Male,0,Yes,No,0,Yes,No,No,No internet service,No internet service,No internet service,No internet service,No internet service,No internet service,One year,No,Mailed check,26.74,20.47,No
C-a84f2d89,Female,0,Yes,Yes,32,Yes,No phone service,Fiber optic,No internet service,Yes,Yes,No,No,No internet service,Month-to-month,Yes,Credit card (automatic),55.48,1781.82,No
C-a7409dee,Female,1,No,No,12,Yes,Yes,DSL,Yes,No internet service,No,No internet service,No,Yes,Two year,Yes,Electronic check,48.03,573.82,No
C-8e667d47,Male,0,Yes,No,45,Yes,No phone service,Fiber optic,No,No,No,Yes,Yes,Yes,One year,No,Bank transfer (automatic),64.72,2912.42,No
C-e95ee374,Male,0,No,No,70,Yes,No,Fiber optic,No,No,Yes,No,No,No internet service,Month-to-month,Yes,Mailed check,53.21,3709.29,Yes
C-ef51d1a3,Female,0,Yes,No,17,Yes,No,No,No internet service,No internet service,No internet service,No internet service,No internet service,No internet service,Month-to-month,Yes,Bank transfer (automatic),30.37,539.95,Yes
C-92083185,Male,1,No,No,66,Yes,No phone service,Fiber optic,No internet service,No,No,Yes,No internet service,No,Two year,No,Bank transfer (automatic),55.75,3681.41,No
C-70180518,Female,1,No,Yes,60,Yes,Yes,Fiber optic,No,Yes,No,Yes,Yes,No,Two year,No,Mailed check,61.5,3675.04,No
C-232fa2f8,Female,0,Yes,No,0,Yes,No,Fiber optic,No,No,Yes,Yes,No,Yes,Month-to-month,Yes,Mailed check,66.05,1.45,Yes
C-4af2a815,Male,0,No,No,58,Yes,No phone service,Fiber optic,No,No,Yes,No internet service,Yes,Yes,Month-to-month,No,Electronic check,63.94,3687.41,Yes
C-172c0268,Female,0,Yes,No,17,No,No phone service,DSL,No,No,Yes,No,No,Yes,Two year,Yes,Electronic check,46.32,776.37,No
C-3a43656a,Male,0,Yes,No,8,Yes,No,Fiber optic,No,Yes,Yes,No,No,No,Two year,Yes,Credit card (automatic),56.95,463.84,No
C-2e636654,Female,0,No,Yes,17,No,No phone service,No,No internet service,No internet service,No internet service,No internet service,No internet service,No internet service,Month-to-month,Yes,Bank transfer (automatic),28.57,476.36,No
C-db594c3d,Male,0,Yes,No,44,Yes,No,Fiber optic,No,No,No,No,Yes,No,Two year,Yes,Bank transfer (automatic),50.27,2212.39,No
C-43a2ec15,Male,1,No,No,5,Yes,Yes,Fiber optic,No,Yes,No internet service,No,Yes,Yes,One year,Yes,Credit card (automatic),67.17,327.88,Yes
C-36948954,Female,0,No,Yes,18,Yes,No,No,No internet service,No internet service,No internet service,No internet service,No internet service,No internet service,Month-to-month,No,Bank transfer (automatic),27.24,475.89,Yes
C-0006965f,Male,0,Yes,Yes,14,Yes,Yes,Fiber optic,No,No internet service,No internet service,Yes,No,Yes,Month-to-month,Yes,Mailed check,57.41,794.27,No
C-a2bcad96,Female,0,No,No,23,No,No phone service,Fiber optic,Yes,No,Yes,Yes,Yes,Yes,Month-to-month,No,Bank transfer (automatic),77.04,1803.65,Yes
C-e5ae8d6f,Male,1,No,No,40,Yes,Yes,Fiber optic,No,No,No,No internet service,Yes,Yes,Month-to-month,No,Mailed check,56.88,2260.22,Yes
C-1ead32c4,Male,0,No,Yes,5,Yes,No phone service,DSL,No internet service,No internet service,Yes,No,No internet service,Yes,One year,Yes,Electronic check,40.75,195.46,Yes
C-4936c654,Female,0,Yes,Yes,41,Yes,No,Fiber optic,No,No,Yes,No,No internet service,Yes,One year,Yes,Credit card (automatic),54.89,2251.91,No
C-cf39bb2a,Male,0,Yes,Yes,7,Yes,Yes,Fiber optic,No,No,Yes,Yes,No,Yes,Two year,Yes,Mailed check,63.66,454.56,No
C-dc67dbab,Female,0,Yes,No,32,Yes,Yes,Fiber optic,No internet service,No,Yes,Yes,No,Yes,Two year,No,Bank transfer (automatic),64.84,2055.17,No
C-38067143,Female,0,No,No,18,Yes,No,No,No internet service,No internet service,No internet service,No internet service,No internet service,No internet service,Month-to-month,Yes,Mailed check,26.9,490.53,Yes
C-d7b263ab,Female,0,No,No,59,Yes,No,Fiber optic,Yes,No,No,No internet service,No,No,Two year,Yes,Mailed check,51.37,3030.87,No
C-483ba898,Male,0,Yes,No,46,Yes,Yes,Fiber optic,No,No,No,No,No,No,Month-to-month,Yes,Bank transfer (automatic),53.9,2451.83,Yes
C-9ff1498c,Male,0,Yes,No,55,Yes,Yes,Fiber optic,No,No internet service,No,No,Yes,No,One year,No,Electronic check,50.58,2774.25,No
C-3c906da8,Male,0,Yes,No,25,No,No phone service,No,No internet service,No internet service,No internet service,No internet service,No internet service,No internet service,Month-to-month,No,Credit card (automatic),31.71,775.42,Yes
C-d497a0fc,Female,0,No,No,72,Yes,No,Fiber optic,Yes,No,No,No,Yes,No,Month-to-month,No,Electronic check,63.64,4585.78,Yes
C-bc0756e8,Male,0,Yes,No,14,Yes,Yes,Fiber optic,No,No,Yes,Yes,No,No,Two year,Yes,Credit card (automatic),65.47,905.81,No
C-54368266,Male,0,Yes,No,10,Yes,Yes,Fiber optic,No,No,No,No,Yes,Yes,Month-to-month,No,Bank transfer (automatic),58.77,590.85,Yes
C-d50869bc,Female,0,Yes,Yes,40,Yes,Yes,Fiber optic,No,No,Yes,Yes,No internet service,Yes,Month-to-month,Yes,Credit card (automatic),59.95,2368.94,No
C-83ceb230,Female,0,Yes,Yes,71,Yes,No phone service,Fiber optic,No internet service,Yes,No,No,Yes,No,Two year,No,Credit card (automatic),59.98,4265.64,No
C-55610cb8,Male,0,Yes,No,43,Yes,Yes,Fiber optic,Yes,No,No,Yes,No,No internet service,Month-to-month,Yes,Mailed check,56.96,2450.13,No
C-70b5743e,Male,0,No,No,53,Yes,No,Fiber optic,Yes,Yes,No internet service,No internet service,No,No,Month-to-month,Yes,Credit card (automatic),56.37,2951.33,No
C-4e62fbc3,Male,0,No,No,57,Yes,No,Fiber optic,No internet service,No,No,No,Yes,No,Month-to-month,No,Bank transfer (automatic),55.16,3146.2,Yes
C-f895b1f1,Male,0,No,No,9,Yes,No phone service,Fiber optic,No internet service,No internet service,No,No,No internet service,No,One year,No,Mailed check,46.96,432.78,No
C-4ea3741c,Female,0,No,No,58,Yes,No phone service,No,No internet service,No internet service,No internet service,No internet service,No internet service,No internet service,One year,Yes,Mailed check,32.83,1871.25,No
C-892beea0,Male,0,Yes,No,63,Yes,No,Fiber optic,No,Yes,Yes,No,No,No,Month-to-month,Yes,Bank transfer (automatic),48.62,3014.44,Yes
C-8a3377ba,Female,0,Yes,No,0,Yes,Yes,DSL,No,Yes,No,No,Yes,No,Two year,Yes,Mailed check,44.39,0.0,No
C-9333e619,Female,1,No,No,47,Yes,Yes,Fiber optic,No,Yes,No,No,No,No,Month-to-month,No,Electronic check,56.56,2673.59,No
C-93bfed04,Female,0,Yes,No,14,Yes,No,Fiber optic,Yes,Yes,No internet service,No,No,Yes,Month-to-month,Yes,Electronic check,60.56,857.49,Yes
C-58000867,Female,0,Yes,No,57,Yes,No,DSL,No,No internet service,No,Yes,Yes,No,One year,No,Mailed check,45.95,2607.1,No
C-1b7d6df9,Female,0,Yes,No,57,No,No phone service,Fiber optic,No internet service,No,Yes,No,Yes,No,Month-to-month,No,Mailed check,62.49,3561.94,Yes
C-ff8a0db1,Female,0,No,Yes,45,Yes,Yes,Fiber optic,Yes,No,No internet service,Yes,Yes,Yes,Two year,No,Bank transfer (automatic),71.87,3229.65,No
C-15a5c0c8,Male,0,Yes,Yes,10,Yes,Yes,Fiber optic,No,No,No,Yes,Yes,No,Month-to-month,No,Bank transfer (automatic),62.92,627.76,Yes
C-4ed8ac67,Female,0,No,Yes,56,Yes,Yes,DSL,No,No,Yes,No,Yes,No,Two year,No,Credit card (automatic),45.65,2552.12,No
C-9553a9f0,Male,0,Yes,No,59,Yes,Yes,Fiber optic,No internet service,No,No,No,No,No,Month-to-month,Yes,Mailed check,45.95,2726.38,No
C-30776090,Male,0,Yes,No,57,Yes,Yes,Fiber optic,No,Yes,No,No,No,Yes,One year,Yes,Mailed check,59.31,3369.1,No
C-9caa5d43,Female,0,No,No,32,Yes,No,Fiber optic,No,Yes,No internet service,No,Yes,Yes,Two year,Yes,Electronic check,69.38,2220.77,No
C-42b1095e,Male,0,Yes,Yes,7,Yes,No,Fiber optic,No,Yes,Yes,Yes,Yes,No,Month-to-month,No,Bank transfer (automatic),65.9,471.0,Yes
C-d46401c0,Male,1,No,No,35,No,No phone service,Fiber optic,Yes,No,No,No,No,Yes,Month-to-month,No,Bank transfer (automatic),59.59,2100.25,Yes
C-df9c171a,Male,0,Yes,Yes,39,Yes,Yes,Fiber optic,No,No,No internet service,No,No internet service,No internet service,One year,Yes,Bank transfer (automatic),50.1,1931.17,No
C-0512a676,Female,1,Yes,No,47,Yes,No,Fiber optic,Yes,Yes,No,Yes,No,No,Month-to-month,Yes,Mailed check,62.48,2918.6,Yes
C-997807fa,Female,0,No,No,28,No,No phone service,Fiber optic,No,No,No,Yes,Yes,No,Month-to-month,Yes,Credit card (automatic),64.54,1837.05,Yes
C-6fb2ee3b,Female,1,No,Yes,0,Yes,No,Fiber optic,Yes,No,No,Yes,No,No,Month-to-month,Yes,Credit card (automatic),55.34,0.0,Yes
C-5fce5ee3,Female,0,Yes,Yes,28,Yes,No,Fiber optic,Yes,No,No,No,No internet service,No,Two year,Yes,Electronic check,53.21,1466.69,No
C-0f00f623,Female,0,Yes,Yes,58,Yes,No,Fiber optic,Yes,No,No,No,No,Yes,Two year,Yes,Mailed check,60.87,3577.32,No
C-ef5aea7f,Female,0,Yes,No,8,Yes,Yes,No,No internet service,No internet service,No internet service,No internet service,No internet service,No internet service,Month-to-month,No,Credit card (automatic),26.88,206.32,Yes
C-1dda22cc,Female,0,Yes,No,20,Yes,No,Fiber optic,No,No internet service,No,Yes,Yes,No,One year,Yes,Bank transfer (automatic),55.98,1129.07,No
C-5045f7d2,Female,0,No,Yes,18,Yes,No,Fiber optic,Yes,Yes,No internet service,No internet service,No,Yes,Month-to-month,Yes,Credit card (automatic),65.2,1179.58,Yes
C-3b325b62,Male,1,No,No,10,Yes,No,DSL,No,Yes,Yes,Yes,Yes,Yes,Month-to-month,Yes,Mailed check,54.89,543.96,Yes
C-6d7ae3a0,Male,0,Yes,No,1,No,No phone service,Fiber optic,No,Yes,Yes,No,No,No,Two year,No,Mailed check,57.01,58.73,Yes
C-230bb04f,Male,0,Yes,No,32,Yes,Yes,Fiber optic,No,No,No,No,No,No,Month-to-month,Yes,Electronic check,45.84,1459.53,Yes
C-b504e37c,Male,0,No,No,27,No,No phone service,Fiber optic,Yes,No,Yes,No,Yes,No,Month-to-month,No,Mailed check,66.42,1797.3,No
C-f44401f9,Male,0,No,No,43,Yes,Yes,Fiber optic,Yes,No,Yes,No,Yes,No,Month-to-month,No,Credit card (automatic),66.32,2839.89,No
C-170f7f50,Male,1,Yes,No,57,Yes,Yes,Fiber optic,Yes,No internet service,Yes,No,No,No,Two year,No,Mailed check,55.04,3101.04,No
C-fa110b14,Female,0,Yes,No,22,Yes,No,DSL,No internet service,No,No,No,No,No,Month-to-month,Yes,Mailed check,32.31,742.73,Yes
C-d247bac3,Female,1,Yes,No,38,Yes,No phone service,DSL,Yes,No,No,Yes,No,No,Month-to-month,No,Electronic check,43.3,1651.07,Yes
C-980ef0a6,Female,0,No,No,1,Yes,Yes,Fiber optic,Yes,No,No,No,No,Yes,Two year,Yes,Mailed check,56.14,68.57,Yes
C-958775c7,Male,0,No,No,60,Yes,No phone service,DSL,No,No,No,Yes,No,Yes,One year,No,Credit card (automatic),41.75,2510.75,No
C-2513ece5,Male,0,No,No,12,Yes,Yes,Fiber optic,No,Yes,Yes,Yes,No,No,One year,Yes,Mailed check,65.78,792.8,Yes
C-4130005d,Female,0,Yes,No,4,Yes,No phone service,Fiber optic,Yes,No,Yes,No,Yes,No,Month-to-month,No,Electronic check,66.55,256.95,Yes
C-6f762fd2,Female,0,Yes,No,30,Yes,No,Fiber optic,No internet service,No,No,No,Yes,Yes,Month-to-month,Yes,Electronic check,53.65,1583.3,Yes
C-989500ba,Female,0,Yes,No,39,Yes,Yes,Fiber optic,No internet service,Yes,No,No internet service,No,Yes,Month-to-month,Yes,Electronic check,56.26,2168.61,No
C-5ee8898e,Female,0,Yes,Yes,30,Yes,No,DSL,No,No,No internet service,Yes,No,Yes,Two year,Yes,Credit card (automatic),45.48,1369.61,No
C-12d37556,Male,0,Yes,Yes,15,Yes,Yes,Fiber optic,Yes,No internet service,Yes,No,No,No,Month-to-month,Yes,Electronic check,57.35,854.78,Yes
C-254957d2,Male,1,Yes,No,54,Yes,Yes,Fiber optic,No,No,No,Yes,Yes,No,One year,No,Electronic check,57.68,3120.51,No
C-850ba261,Female,0,No,No,10,Yes,Yes,Fiber optic,No,No,Yes,Yes,Yes,Yes,Month-to-month,Yes,Credit card (automatic),63.72,624.85,Yes
C-5531672f,Male,1,Yes,Yes,68,Yes,Yes,Fiber optic,No,No,No,No,Yes,Yes,Month-to-month,No,Credit card (automatic),57.22,3837.66,Yes
C-32c3f44e,Female,0,Yes,No,6,Yes,Yes,Fiber optic,No,No,Yes,No,Yes,No internet service,Month-to-month,Yes,Bank transfer (automatic),57.94,323.68,Yes
C-113dad9c,Female,0,No,No,52,Yes,Yes,Fiber optic,No,No,Yes,No,No internet service,Yes,One year,Yes,Bank transfer (automatic),58.04,3028.61,No
C-b87c463f,Female,1,Yes,No,64,Yes,Yes,Fiber optic,No internet service,Yes,No,No,No,No,One year,Yes,Electronic check,50.33,3206.08,No
C-a0507720,Female,1,No,No,53,Yes,No,Fiber optic,No,No,Yes,No internet service,No,No,One year,Yes,Credit card (automatic),56.2,2972.91,Yes
C-32d3d7f6,Female,0,No,No,14,Yes,No,Fiber optic,No,No internet service,No,No,Yes,Yes,Two year,Yes,Electronic check,56.91,801.06,Yes
C-ac07496b,Female,0,Yes,No,12,Yes,No,DSL,No,Yes,Yes,No,No,Yes,One year,Yes,Credit card (automatic),48.13,567.65,Yes
C-26d4ea09,Female,1,Yes,No,18,Yes,No,Fiber optic,Yes,No internet service,No,No internet service,No,No,Month-to-month,Yes,Bank transfer (automatic),51.79,911.02,Yes
C-d8d3b9d2,Female,0,No,No,30,Yes,Yes,Fiber optic,Yes,Yes,Yes,No,No,No,Two year,Yes,Mailed check,65.6,1936.06,No
C-4d03c034,Female,0,No,Yes,45,Yes,Yes,Fiber optic,No,Yes,No,No,Yes,No,Two year,No,Credit card (automatic),60.52,2718.12,No
C-16a40814,Male,0,Yes,Yes,65,No,No phone service,DSL,No,No,No,Yes,Yes,No,Month-to-month,Yes,Credit card (automatic),42.57,2767.2,No
C-19e6c546,Female,0,No,No,32,Yes,Yes,Fiber optic,Yes,No internet service,No,No,Yes,No,Month-to-month,Yes,Credit card (automatic),61.53,1953.97,No
C-72f1bc7e,Female,0,Yes,No,12,Yes,Yes,Fiber optic,No,No internet service,No,Yes,No,No internet service,Two year,Yes,Credit card (automatic),49.74,580.92,No
C-4098eb18,Male,0,Yes,No,10,No,No phone service,Fiber optic,No,Yes,No,No,Yes,Yes,Month-to-month,No,Mailed check,59.85,626.81,Yes
C-1197e27f,Male,1,No,No,66,Yes,Yes,Fiber optic,No internet service,No,Yes,No,No,Yes,Two year,Yes,Electronic check,64.54,4270.31,No
C-6ddffc49,Female,0,Yes,No,39,Yes,Yes,DSL,No,Yes,Yes,No,Yes,No,Month-to-month,Yes,Credit card (automatic),47.79,1842.05,No
C-44f33a28,Male,0,Yes,Yes,26,Yes,Yes,Fiber optic,Yes,No,No,No,Yes,Yes,Two year,No,Bank transfer (automatic),63.66,1641.45,Yes
C-987d5007,Female,0,Yes,No,39,Yes,No,Fiber optic,Yes,No internet service,Yes,No,Yes,Yes,Month-to-month,No,Mailed check,66.61,2612.9,No
C-812464e9,Female,1,No,Yes,29,Yes,No,Fiber optic,Yes,No,Yes,Yes,No,No,Two year,No,Credit card (automatic),66.89,1939.09,No
C-db8dd9c8,Female,0,No,No,31,Yes,Yes,DSL,No,Yes,No,Yes,No,Yes,Month-to-month,No,Credit card (automatic),49.75,1547.06,Yes
C-d90079a6,Male,0,No,No,43,Yes,No,DSL,Yes,No,Yes,Yes,No,Yes,Two year,Yes,Electronic check,56.23,2457.75,No
C-b2c228da,Female,0,No,No,31,Yes,No phone service,DSL,No internet service,Yes,No,No,Yes,No,Month-to-month,Yes,Credit card (automatic),49.42,1540.83,No
C-8da7fc5c,Male,0,Yes,Yes,10,Yes,No,Fiber optic,No,Yes,No,Yes,No internet service,Yes,Two year,No,Bank transfer (automatic),68.97,666.67,No
C-b6cc35e6,Female,0,No,No,51,Yes,No phone service,DSL,No,Yes,No,No,Yes,No internet service,Two year,Yes,Bank transfer (automatic),43.39,2214.66,No
C-c6067f92,Male,0,Yes,Yes,15,Yes,No,Fiber optic,No,No,Yes,No,Yes,No,One year,Yes,Electronic check,62.15,925.8,No
C-771c9498,Female,0,No,No,51,Yes,Yes,Fiber optic,No,No,No,Yes,Yes,No,Two year,No,Electronic check,60.14,3085.33,No
C-e798d507,Male,1,Yes,No,13,No,No phone service,Fiber optic,No,No,No,No,Yes,Yes,One year,Yes,Credit card (automatic),59.25,801.86,No
C-5f895041,Male,1,No,No,68,Yes,Yes,Fiber optic,No,Yes,No,No,Yes,No,Month-to-month,No,Bank transfer (automatic),54.48,3720.28,Yes
C-8ab06118,Male,0,Yes,No,5,Yes,No phone service,No,No internet service,No internet service,No internet service,No internet service,No internet service,No internet service,Two year,Yes,Mailed check,29.75,138.08,No
C-80246b15,Female,0,No,No,48,Yes,No phone service,Fiber optic,No,Yes,Yes,No internet service,No,Yes,Two year,Yes,Bank transfer (automatic),67.34,3242.0,No
C-c9446604,Female,0,Yes,No,9,Yes,No,Fiber optic,No,No,Yes,No,No internet service,No internet service,Month-to-month,Yes,Mailed check,54.38,498.69,No
C-1004b6ef,Male,0,No,No,4,Yes,Yes,DSL,No,No,No,Yes,No internet service,No,Month-to-month,Yes,Mailed check,32.12,140.78,Yes
C-ed88a7e6,Female,1,Yes,No,42,No,No phone service,DSL,Yes,No,No,Yes,No internet service,No,Month-to-month,No,Bank transfer (automatic),42.29,1784.86,No
C-67968b13,Female,0,No,No,39,Yes,Yes,Fiber optic,Yes,No,No,No,No,No internet service,One year,No,Mailed check,55.46,2174.41,No
C-d5494ce3,Female,0,No,Yes,69,Yes,Yes,No,No internet service,No internet service,No internet service,No internet service,No internet service,No internet service,Two year,Yes,Mailed check,29.49,2004.26,Yes
C-01e1f6c6,Female,0,Yes,No,22,Yes,Yes,Fiber optic,No internet service,No,No internet service,Yes,No,Yes,One year,Yes,Electronic check,65.94,1419.48,No
C-ed582756,Female,0,No,No,49,Yes,Yes,DSL,No,No,Yes,Yes,No,No,Month-to-month,Yes,Electronic check,40.76,2003.63,Yes
C-c42ddff2,Male,0,Yes,No,58,Yes,No,Fiber optic,Yes,No internet service,Yes,No,Yes,No,One year,Yes,Bank transfer (automatic),69.14,4039.88,No
C-2dc70cd8,Male,0,Yes,Yes,55,Yes,No,Fiber optic,No,No,No internet service,No,No,No,Two year,Yes,Bank transfer (automatic),46.07,2529.12,No
C-5fe36e18,Female,0,Yes,Yes,3,Yes,No phone service,No,No internet service,No internet service,No internet service,No internet service,No internet service,No internet service,Two year,Yes,Bank transfer (automatic),28.94,115.22,Yes
C-a868e485,Female,0,No,No,7,Yes,No phone service,Fiber optic,No,Yes,No,No,No,Yes,Month-to-month,Yes,Electronic check,64.84,441.05,Yes
C-426080ee,Male,0,No,Yes,45,Yes,No,Fiber optic,Yes,No,No,No,Yes,No,One year,Yes,Bank transfer (automatic),59.52,2692.37,No
C-4e71a39b,Female,0,Yes,Yes,38,Yes,Yes,DSL,No,Yes,Yes,No internet service,No,No,Month-to-month,Yes,Credit card (automatic),44.18,1678.9,No
C-8da59455,Female,0,No,Yes,52,Yes,Yes,No,No internet service,No internet service,No internet service,No internet service,No internet service,No internet service,Month-to-month,Yes,Electronic check,29.64,1537.88,No
C-1a12f955,Male,0,No,No,69,Yes,Yes,DSL,Yes,No,Yes,No,No,No internet service,Month-to-month,Yes,Bank transfer (automatic),41.29,2853.08,No
C-364ff258,Male,0,Yes,No,62,Yes,Yes,DSL,Yes,No,No internet service,No,No,Yes,One year,Yes,Electronic check,45.92,2853.79,No
C-fc552294,Male,1,Yes,No,54,No,No phone service,DSL,No,No,No,No,No,No,Two year,No,Electronic check,35.87,1933.32,No
C-fad0e611,Female,0,Yes,Yes,34,Yes,No phone service,Fiber optic,Yes,Yes,No,Yes,No,Yes,Month-to-month,No,Electronic check,70.36,2388.0,Yes
C-56186c93,Female,1,Yes,No,35,Yes,No phone service,DSL,No,No internet service,No,Yes,No,No,Two year,No,Credit card (automatic),43.57,1531.19,No
C-72f0d056,Male,0,Yes,Yes,67,Yes,No,Fiber optic,Yes,Yes,No,Yes,Yes,No,Month-to-month,No,Bank transfer (automatic),70.84,4717.77,Yes
C-3f1b94a7,Female,0,No,No,46,Yes,Yes,Fiber optic,No,No,No,No,No,Yes,Month-to-month,Yes,Credit card (automatic),55.46,2532.46,Yes
C-ed4d9e7c,Male,0,No,No,1,Yes,Yes,Fiber optic,No,Yes,No,No,Yes,No,One year,Yes,Bank transfer (automatic),57.31,51.49,Yes
C-dcfac91a,Female,0,Yes,Yes,66,Yes,Yes,Fiber optic,Yes,No,No,No,No,Yes,Month-to-month,Yes,Bank transfer (automatic),64.57,4260.4,Yes
C-cde92c26,Male,0,No,No,52,Yes,No,Fiber optic,No,Yes,No,No,No,No,Month-to-month,No,Credit card (automatic),56.92,2974.92,No
C-2383189b,Female,0,Yes,Yes,4,Yes,No,Fiber optic,No,No,No,Yes,Yes,Yes,One year,Yes,Bank transfer (automatic),64.1,227.2,Yes
C-336634b8,Male,0,No,Yes,19,Yes,Yes,Fiber optic,No internet service,No,No,No,No,No,One year,Yes,Electronic check,44.52,855.4,Yes
C-6d26bbc9,Female,0,Yes,No,21,Yes,Yes,DSL,No,No internet service,Yes,No,Yes,No,Two year,Yes,Bank transfer (automatic),41.62,883.64,No
C-d80e5311,Female,0,No,No,65,Yes,No phone service,Fiber optic,No,No,No,No internet service,No,Yes,One year,Yes,Electronic check,57.91,3746.96,No
C-d1e6d3cc,Male,0,No,No,20,Yes,No,No,No internet service,No internet service,No internet service,No internet service,No internet service,No internet service,One year,No,Mailed check,29.36,599.87,No
C-85e782b3,Female,0,Yes,No,9,No,No phone service,Fiber optic,Yes,Yes,Yes,No,No,Yes,Month-to-month,Yes,Mailed check,68.76,628.01,Yes
C-21188a14,Male,0,Yes,No,13,Yes,Yes,DSL,No,No,No,No,Yes,No internet service,Month-to-month,No,Electronic check,43.38,575.28,No
C-7ecacc89,Female,0,No,No,52,Yes,Yes,Fiber optic,No internet service,Yes,Yes,No,No,No,One year,Yes,Bank transfer (automatic),59.26,3137.92,No
C-7c726dad,Male,0,Yes,No,58,Yes,No,No,No internet service,No internet service,No internet service,No internet service,No internet service,No internet service,Month-to-month,Yes,Bank transfer (automatic),31.88,1825.6,No
C-703810e2,Female,1,No,No,17,Yes,Yes,Fiber optic,Yes,Yes,Yes,No internet service,No,No,One year,Yes,Credit card (automatic),61.44,1014.83,No
C-d316c49b,Male,0,No,No,50,Yes,Yes,No,No internet service,No internet service,No internet service,No internet service,No internet service,No internet service,One year,No,Electronic check,34.69,1736.82,No
C-9b011b4c,Male,1,Yes,Yes,4,Yes,No,DSL,Yes,No,No,Yes,No,No,Month-to-month,Yes,Mailed check,47.12,168.73,Yes
C-77015f78,Male,0,Yes,No,23,Yes,No,Fiber optic,No,No,Yes,No,Yes,Yes,Month-to-month,Yes,Electronic check,64.64,1515.65,Yes
C-5bb3de96,Female,0,No,Yes,9,Yes,No,Fiber optic,Yes,No,No,No,Yes,No,Two year,Yes,Credit card (automatic),61.83,544.3,No
C-47af71b4,Female,1,No,Yes,48,Yes,No,Fiber optic,No,No,No,No internet service,No,Yes,Month-to-month,No,Electronic check,56.67,2689.07,Yes
C-3c3350d1,Male,0,No,Yes,61,Yes,Yes,No,No internet service,No internet service,No internet service,No internet service,No internet service,No internet service,Month-to-month,Yes,Electronic check,24.08,1443.41,No
C-eea1220a,Male,0,Yes,Yes,26,Yes,Yes,Fiber optic,Yes,No,No,No,Yes,No internet service,One year,No,Electronic check,58.17,1491.68,No
C-58a48e57,Female,0,Yes,No,24,No,No phone service,Fiber optic,Yes,No,Yes,No,Yes,Yes,Month-to-month,Yes,Credit card (automatic),69.09,1617.7,No
C-768bccc1,Male,1,No,Yes,42,Yes,No,DSL,No,Yes,Yes,Yes,Yes,No,Two year,Yes,Electronic check,53.37,2256.91,No
C-8f43eaa6,Male,0,No,No,72,Yes,No,DSL,Yes,No,Yes,Yes,No,Yes,Month-to-month,Yes,Mailed check,52.64,3754.7,Yes
